{"type": "FeatureCollection", "features": [{"type": "Feature", "geometry": {"type": "Polygon", "coordinates": [[[-87.7419356, 41.7876097], [-87.7418322, 41.7876107], [-87.7417178, 41.7876117], [-87.7417119, 41.7874141], [-87.7417313, 41.7874135], [-87.7417284, 41.7873148], [-87.741728, 41.7873014], [-87.7417161, 41.7868972], [-87.7417156, 41.7868833], [-87.7417013, 41.7863986], [-87.7417008, 41.7863808], [-87.7416944, 41.7861633], [-87.7417231, 41.7861404], [-87.7417615, 41.7861098], [-87.7418543, 41.7860358], [-87.7417951, 41.7859941], [-87.7418274, 41.7859683], [-87.7417536, 41.7859158], [-87.741714, 41.7858881], [-87.7416868, 41.7858691], [-87.741678, 41.7856092], [-87.7417219, 41.7856081], [-87.741722, 41.7854732], [-87.7416993, 41.7854715], [-87.7416952, 41.7853626], [-87.7417164, 41.7853615], [-87.7417065, 41.7851302], [-87.7416852, 41.7851302], [-87.7416821, 41.7850373], [-87.7417043, 41.7850373], [-87.7416975, 41.7848092], [-87.7416753, 41.7848093], [-87.7416727, 41.7847012], [-87.7416931, 41.7847005], [-87.7416935, 41.7846705], [-87.7417067, 41.7845663], [-87.7417159, 41.7845023], [-87.7417298, 41.784465], [-87.7417084, 41.7844594], [-87.7417396, 41.7843712], [-87.7417617, 41.7843753], [-87.7417749, 41.7843415], [-87.7418137, 41.7841743], [-87.7419045, 41.7840178], [-87.7420483, 41.7837973], [-87.7420752, 41.7838077], [-87.7420954, 41.7838157], [-87.7420141, 41.7839362], [-87.7420862, 41.7839585], [-87.7421037, 41.7839639], [-87.7420964, 41.7839774], [-87.7421236, 41.7839967], [-87.7421482, 41.7840178], [-87.7421692, 41.7840414], [-87.742188, 41.7840706], [-87.7421992, 41.7840945], [-87.7422068, 41.7841219], [-87.7422086, 41.7841432], [-87.7422088, 41.7841744], [-87.7422034, 41.7842022], [-87.7421939, 41.7842286], [-87.7421806, 41.7842539], [-87.7421639, 41.7842767], [-87.742137, 41.7843033], [-87.7420957, 41.7843323], [-87.742056, 41.7843517], [-87.7420144, 41.7843659], [-87.7419784, 41.7843741], [-87.7419367, 41.7843796], [-87.7419324, 41.7844012], [-87.7418744, 41.7843945], [-87.7418903, 41.7843263], [-87.7418607, 41.7843226], [-87.7418893, 41.7841867], [-87.741863, 41.7841824], [-87.7418229, 41.7843528], [-87.7417662, 41.7845094], [-87.741745, 41.7846716], [-87.7417628, 41.7852767], [-87.7417765, 41.7856066], [-87.7422066, 41.7855962], [-87.7424176, 41.7855911], [-87.7427419, 41.7853367], [-87.7429503, 41.7851733], [-87.7431765, 41.7849958], [-87.743156, 41.7849803], [-87.74333, 41.7848465], [-87.7434633, 41.7847439], [-87.7434739, 41.7847358], [-87.7435634, 41.7847996], [-87.7435956, 41.7847718], [-87.7436612, 41.7848199], [-87.7436708, 41.7848285], [-87.7436835, 41.7848357], [-87.7437106, 41.7848543], [-87.7436777, 41.7848831], [-87.7436833, 41.7848876], [-87.7436907, 41.7848935], [-87.7437016, 41.784901], [-87.7437487, 41.7849332], [-87.7437609, 41.784941], [-87.7437723, 41.7849496], [-87.7435525, 41.7851211], [-87.7434571, 41.7851956], [-87.7434363, 41.7851836], [-87.7431996, 41.7853705], [-87.7428897, 41.785615], [-87.7423777, 41.7860191], [-87.7420931, 41.7862437], [-87.7419863, 41.786328], [-87.7419732, 41.7863383], [-87.7419776, 41.786506], [-87.7420529, 41.7865052], [-87.7420617, 41.7867805], [-87.7420285, 41.7867813], [-87.7420325, 41.786911], [-87.7420439, 41.7872769], [-87.7420443, 41.7872888], [-87.741933, 41.7872893], [-87.7419348, 41.7875145], [-87.7419356, 41.7876097]]]}, "properties": {"height": 8, "night": "#864829"}}, {"type": "Feature", "geometry": {"type": "Polygon", "coordinates": [[[-87.7422262, 41.8114818], [-87.742404, 41.8114841], [-87.7424016, 41.8115486], [-87.7422256, 41.8115463], [-87.7422262, 41.8114818]]]}, "properties": {"height": 6, "night": "#4d2513"}}, {"type": "Feature", "geometry": {"type": "Polygon", "coordinates": [[[-87.728417, 41.8111231], [-87.7284167, 41.8111602], [-87.7284387, 41.8111603], [-87.7284385, 41.8111781], [-87.7284183, 41.811178], [-87.7284182, 41.811189], [-87.7282385, 41.8111894], [-87.7282373, 41.8111236], [-87.728417, 41.8111231]]]}, "properties": {"height": 6, "night": "#401e0f"}}, {"type": "Feature", "geometry": {"type": "Polygon", "coordinates": [[[-87.7472545, 41.8105567], [-87.7472594, 41.8106253], [-87.7470979, 41.81063], [-87.7470949, 41.8105613], [-87.7472545, 41.8105567]]]}, "properties": {"height": 3, "night": "#4d2210"}}, {"type": "Feature", "geometry": {"type": "Polygon", "coordinates": [[[-87.747085, 41.810232], [-87.7472373, 41.8102327], [-87.7472373, 41.8102341], [-87.7473106, 41.8102331], [-87.7473119, 41.8102976], [-87.7470863, 41.8102978], [-87.747085, 41.810232]]]}, "properties": {"height": 3, "night": "#4e2210"}}, {"type": "Feature", "geometry": {"type": "Polygon", "coordinates": [[[-87.7460095, 41.8099164], [-87.7460089, 41.809985], [-87.7458585, 41.8099842], [-87.7458573, 41.809917], [-87.7460095, 41.8099164]]]}, "properties": {"height": 3, "night": "#4f2311"}}, {"type": "Feature", "geometry": {"type": "Polygon", "coordinates": [[[-87.7422923, 41.8096791], [-87.7422921, 41.8096983], [-87.7423049, 41.8096984], [-87.7423047, 41.8097176], [-87.7422974, 41.8097176], [-87.7422972, 41.8097368], [-87.7421597, 41.8097375], [-87.7421602, 41.8096812], [-87.7422923, 41.8096791]]]}, "properties": {"height": 6, "night": "#532815"}}, {"type": "Feature", "geometry": {"type": "Polygon", "coordinates": [[[-87.7446116, 41.8091545], [-87.7447693, 41.8091553], [-87.7447687, 41.809224], [-87.7446807, 41.8092249], [-87.7446806, 41.8092304], [-87.7446586, 41.8092302], [-87.7446587, 41.8092206], [-87.7446037, 41.8092204], [-87.7446038, 41.8092094], [-87.7446111, 41.8092094], [-87.7446116, 41.8091545]]]}, "properties": {"height": 3, "night": "#502311"}}, {"type": "Feature", "geometry": {"type": "Polygon", "coordinates": [[[-87.7484214, 41.8086965], [-87.7484226, 41.8087651], [-87.7482575, 41.808767], [-87.7482577, 41.8087492], [-87.748265, 41.8087492], [-87.7482636, 41.8086971], [-87.7484214, 41.8086965]]]}, "properties": {"height": 3, "night": "#532411"}}, {"type": "Feature", "geometry": {"type": "Polygon", "coordinates": [[[-87.7279099, 41.8100543], [-87.727913, 41.8101133], [-87.7278286, 41.8101156], [-87.7278255, 41.8100552], [-87.7279099, 41.8100543]]]}, "properties": {"height": 8, "night": "#442111"}}, {"type": "Feature", "geometry": {"type": "Polygon", "coordinates": [[[-87.7412641, 41.8101953], [-87.7413466, 41.8101957], [-87.7413479, 41.8102574], [-87.7412635, 41.810257], [-87.7412641, 41.8101953]]]}, "properties": {"height": 8, "night": "#542b17"}}, {"type": "Feature", "geometry": {"type": "Polygon", "coordinates": [[[-87.7425288, 41.8114751], [-87.7426022, 41.8114769], [-87.7425998, 41.8115345], [-87.7425265, 41.8115327], [-87.7425288, 41.8114751]]]}, "properties": {"height": 8, "night": "#502916"}}, {"type": "Feature", "geometry": {"type": "Polygon", "coordinates": [[[-87.7425405, 41.8090108], [-87.7425418, 41.8090643], [-87.7424409, 41.8090652], [-87.7424396, 41.8090117], [-87.7425405, 41.8090108]]]}, "properties": {"height": 8, "night": "#592d19"}}, {"type": "Feature", "geometry": {"type": "Polygon", "coordinates": [[[-87.7280275, 41.8086704], [-87.7280287, 41.8087336], [-87.7279517, 41.8087345], [-87.7279504, 41.8086714], [-87.7280275, 41.8086704]]]}, "properties": {"height": 8, "night": "#472313"}}, {"type": "Feature", "geometry": {"type": "Polygon", "coordinates": [[[-87.7473726, 41.8100743], [-87.7474606, 41.8100747], [-87.7474601, 41.8101323], [-87.7473739, 41.8101319], [-87.7473726, 41.8100743]]]}, "properties": {"height": 8, "night": "#572d18"}}, {"type": "Feature", "geometry": {"type": "Polygon", "coordinates": [[[-87.7387501, 41.8103414], [-87.7387528, 41.8104499], [-87.7388151, 41.8104488], [-87.7388163, 41.8105202], [-87.7386641, 41.8105221], [-87.738661, 41.8104535], [-87.7386775, 41.8104536], [-87.7386749, 41.8103424], [-87.7387501, 41.8103414]]]}, "properties": {"height": 8, "night": "#512916"}}, {"type": "Feature", "geometry": {"type": "Polygon", "coordinates": [[[-87.7301749, 41.7932424], [-87.7301775, 41.7933522], [-87.730106, 41.7933545], [-87.7301048, 41.7932859], [-87.7300883, 41.7932872], [-87.7300869, 41.7932433], [-87.7301749, 41.7932424]]]}, "properties": {"height": 3, "night": "#5e2a14"}}, {"type": "Feature", "geometry": {"type": "Polygon", "coordinates": [[[-87.733864, 41.7932425], [-87.7338728, 41.7934799], [-87.7337114, 41.7934832], [-87.7337085, 41.7933995], [-87.7337526, 41.7933983], [-87.7337467, 41.7932446], [-87.733864, 41.7932425]]]}, "properties": {"height": 9, "night": "#764025"}}, {"type": "Feature", "geometry": {"type": "Polygon", "coordinates": [[[-87.737437, 41.7927232], [-87.737444, 41.7929565], [-87.7372844, 41.7929584], [-87.7372774, 41.7927265], [-87.737437, 41.7927232]]]}, "properties": {"height": 8, "night": "#7c4326"}}, {"type": "Feature", "geometry": {"type": "Polygon", "coordinates": [[[-87.7442152, 41.8081783], [-87.7442151, 41.8081934], [-87.7442041, 41.8081933], [-87.744204, 41.8081988], [-87.7442169, 41.8081989], [-87.7442184, 41.8082373], [-87.7442037, 41.8082372], [-87.7442036, 41.8082441], [-87.7440514, 41.8082447], [-87.7440502, 41.8081788], [-87.7442152, 41.8081783]]]}, "properties": {"height": 3, "night": "#532511"}}, {"type": "Feature", "geometry": {"type": "Polygon", "coordinates": [[[-87.73001, 41.8073087], [-87.7300112, 41.8073746], [-87.7298516, 41.8073765], [-87.7298504, 41.8073106], [-87.73001, 41.8073087]]]}, "properties": {"height": 3, "night": "#471f0f"}}, {"type": "Feature", "geometry": {"type": "Polygon", "coordinates": [[[-87.7300189, 41.8071414], [-87.7300219, 41.80721], [-87.7298605, 41.8072133], [-87.7298574, 41.807146], [-87.7300189, 41.8071414]]]}, "properties": {"height": 3, "night": "#48200f"}}, {"type": "Feature", "geometry": {"type": "Polygon", "coordinates": [[[-87.7446955, 41.8068031], [-87.7446986, 41.8068663], [-87.7445372, 41.8068709], [-87.7445354, 41.8068599], [-87.7445464, 41.8068586], [-87.7445451, 41.8068065], [-87.7446955, 41.8068031]]]}, "properties": {"height": 3, "night": "#572612"}}, {"type": "Feature", "geometry": {"type": "Polygon", "coordinates": [[[-87.7410234, 41.8066608], [-87.7410246, 41.8067321], [-87.7408778, 41.8067341], [-87.7408781, 41.8067067], [-87.7408616, 41.8067066], [-87.7408602, 41.8066613], [-87.7410234, 41.8066608]]]}, "properties": {"height": 3, "night": "#552512"}}, {"type": "Feature", "geometry": {"type": "Polygon", "coordinates": [[[-87.7478313, 41.8064308], [-87.7478343, 41.8064995], [-87.7476766, 41.8065014], [-87.7476754, 41.8064328], [-87.7478313, 41.8064308]]]}, "properties": {"height": 3, "night": "#592713"}}, {"type": "Feature", "geometry": {"type": "Polygon", "coordinates": [[[-87.7421971, 41.8004784], [-87.742197, 41.8004908], [-87.7421933, 41.8004908], [-87.7421959, 41.8006115], [-87.742106, 41.8006124], [-87.7421034, 41.8004944], [-87.7420998, 41.8004944], [-87.7420999, 41.8004793], [-87.7421971, 41.8004784]]]}, "properties": {"height": 3, "night": "#662d16"}}, {"type": "Feature", "geometry": {"type": "Polygon", "coordinates": [[[-87.7355689, 41.8063059], [-87.7355688, 41.80631], [-87.7355798, 41.8063101], [-87.7355814, 41.8063389], [-87.7355741, 41.8063389], [-87.7355737, 41.8063746], [-87.7354013, 41.806375], [-87.7354015, 41.8063572], [-87.7353758, 41.8063571], [-87.7353744, 41.8063104], [-87.7354001, 41.8063105], [-87.7354001, 41.8063064], [-87.7355689, 41.8063059]]]}, "properties": {"height": 3, "night": "#512411"}}, {"type": "Feature", "geometry": {"type": "Polygon", "coordinates": [[[-87.7459092, 41.8060437], [-87.7459085, 41.8061137], [-87.7457435, 41.8061156], [-87.7457436, 41.8061032], [-87.7457546, 41.8061033], [-87.7457551, 41.8060456], [-87.7459092, 41.8060437]]]}, "properties": {"height": 3, "night": "#592713"}}, {"type": "Feature", "geometry": {"type": "Polygon", "coordinates": [[[-87.730029, 41.8060602], [-87.7300289, 41.8060711], [-87.7300301, 41.8061384], [-87.7298247, 41.8061414], [-87.7298235, 41.8060701], [-87.7298217, 41.8060632], [-87.730029, 41.8060602]]]}, "properties": {"height": 6, "night": "#4f2614"}}, {"type": "Feature", "geometry": {"type": "Polygon", "coordinates": [[[-87.7483314, 41.8054811], [-87.7483345, 41.8055497], [-87.7481767, 41.805553], [-87.7481737, 41.8054844], [-87.7483314, 41.8054811]]]}, "properties": {"height": 3, "night": "#5c2914"}}, {"type": "Feature", "geometry": {"type": "Polygon", "coordinates": [[[-87.7319046, 41.8055239], [-87.7319062, 41.8055568], [-87.731919, 41.8055569], [-87.7319206, 41.8055761], [-87.731906, 41.805576], [-87.7319058, 41.8055925], [-87.7317628, 41.8055945], [-87.7317597, 41.8055259], [-87.7319046, 41.8055239]]]}, "properties": {"height": 6, "night": "#532815"}}, {"type": "Feature", "geometry": {"type": "Polygon", "coordinates": [[[-87.7465681, 41.8051771], [-87.7465693, 41.8052485], [-87.7463896, 41.8052503], [-87.7463884, 41.8051789], [-87.7465681, 41.8051771]]]}, "properties": {"height": 3, "night": "#5c2914"}}, {"type": "Feature", "geometry": {"type": "Polygon", "coordinates": [[[-87.7275598, 41.805169], [-87.7275591, 41.8052376], [-87.727328, 41.8052391], [-87.7273268, 41.8051705], [-87.7275598, 41.805169]]]}, "properties": {"height": 6, "night": "#4c2413"}}, {"type": "Feature", "geometry": {"type": "Polygon", "coordinates": [[[-87.740987, 41.8048356], [-87.7409882, 41.8049042], [-87.7408122, 41.8049061], [-87.7408105, 41.8048855], [-87.740827, 41.8048856], [-87.7408256, 41.8048375], [-87.740987, 41.8048356]]]}, "properties": {"height": 3, "night": "#5a2813"}}, {"type": "Feature", "geometry": {"type": "Polygon", "coordinates": [[[-87.7395965, 41.8046857], [-87.739668, 41.8046861], [-87.739668, 41.8046875], [-87.7397578, 41.8046879], [-87.739759, 41.8047579], [-87.7396673, 41.8047575], [-87.7396673, 41.8047616], [-87.7395976, 41.8047612], [-87.7395965, 41.8046857]]]}, "properties": {"height": 3, "night": "#592713"}}, {"type": "Feature", "geometry": {"type": "Polygon", "coordinates": [[[-87.7446582, 41.8044607], [-87.7446613, 41.8045279], [-87.7444852, 41.8045298], [-87.7444839, 41.8044694], [-87.744495, 41.8044694], [-87.744495, 41.8044626], [-87.7446582, 41.8044607]]]}, "properties": {"height": 6, "night": "#64311a"}}, {"type": "Feature", "geometry": {"type": "Polygon", "coordinates": [[[-87.7482931, 41.8042474], [-87.7482948, 41.8042652], [-87.7483315, 41.804264], [-87.7483329, 41.8043079], [-87.7482962, 41.8043091], [-87.7482962, 41.804316], [-87.7481439, 41.8043193], [-87.7481409, 41.8042507], [-87.7482931, 41.8042474]]]}, "properties": {"height": 3, "night": "#5f2a14"}}, {"type": "Feature", "geometry": {"type": "Polygon", "coordinates": [[[-87.7281966, 41.8043367], [-87.7282075, 41.8043464], [-87.7282092, 41.8043683], [-87.7282018, 41.8043738], [-87.7282015, 41.8044054], [-87.7280126, 41.8044071], [-87.7280114, 41.8043385], [-87.7281966, 41.8043367]]]}, "properties": {"height": 3, "night": "#4b2110"}}, {"type": "Feature", "geometry": {"type": "Polygon", "coordinates": [[[-87.7353717, 41.8032533], [-87.7353822, 41.8036965], [-87.7351676, 41.8036995], [-87.7351649, 41.8036021], [-87.7351355, 41.8036033], [-87.7351355, 41.8036074], [-87.7348915, 41.8036103], [-87.7348848, 41.8033536], [-87.7351269, 41.8033508], [-87.7351268, 41.8033535], [-87.735158, 41.8033537], [-87.7351552, 41.8032562], [-87.7353717, 41.8032533]]]}, "properties": {"height": 3, "night": "#572612"}}, {"type": "Feature", "geometry": {"type": "Polygon", "coordinates": [[[-87.7335977, 41.8037174], [-87.7335989, 41.8037846], [-87.7334632, 41.8037867], [-87.7334638, 41.8037181], [-87.7335977, 41.8037174]]]}, "properties": {"height": 8, "night": "#5e311b"}}, {"type": "Feature", "geometry": {"type": "Polygon", "coordinates": [[[-87.740934, 41.8034261], [-87.7409352, 41.8034934], [-87.7407903, 41.8034954], [-87.7407891, 41.8034281], [-87.740934, 41.8034261]]]}, "properties": {"height": 3, "night": "#5d2914"}}, {"type": "Feature", "geometry": {"type": "Polygon", "coordinates": [[[-87.7318588, 41.8033666], [-87.7318587, 41.803379], [-87.7318623, 41.803379], [-87.7318622, 41.8033968], [-87.7318676, 41.8034079], [-87.7318674, 41.8034216], [-87.7318637, 41.8034298], [-87.73186, 41.8034325], [-87.7318599, 41.8034407], [-87.7317481, 41.8034402], [-87.7317469, 41.8033674], [-87.7318588, 41.8033666]]]}, "properties": {"height": 6, "night": "#582b16"}}, {"type": "Feature", "geometry": {"type": "Polygon", "coordinates": [[[-87.7311605, 41.803127], [-87.7311635, 41.803197], [-87.7309636, 41.8032014], [-87.7309624, 41.8031314], [-87.7311605, 41.803127]]]}, "properties": {"height": 6, "night": "#572a16"}}, {"type": "Feature", "geometry": {"type": "Polygon", "coordinates": [[[-87.7318534, 41.8029591], [-87.7318546, 41.8030318], [-87.7316565, 41.8030322], [-87.7316554, 41.8029608], [-87.7318534, 41.8029591]]]}, "properties": {"height": 3, "night": "#532512"}}, {"type": "Feature", "geometry": {"type": "Polygon", "coordinates": [[[-87.7457848, 41.802599], [-87.7457863, 41.8026264], [-87.7458212, 41.8026252], [-87.7458227, 41.8026582], [-87.745786, 41.8026593], [-87.7457858, 41.802684], [-87.7456629, 41.8026875], [-87.7456614, 41.8026505], [-87.7456725, 41.8026382], [-87.7456854, 41.8026314], [-87.7456839, 41.8025998], [-87.7457848, 41.802599]]]}, "properties": {"height": 3, "night": "#632c15"}}, {"type": "Feature", "geometry": {"type": "Polygon", "coordinates": [[[-87.7311622, 41.8025493], [-87.7311634, 41.8026248], [-87.7309469, 41.8026278], [-87.7309458, 41.8025523], [-87.7311622, 41.8025493]]]}, "properties": {"height": 3, "night": "#532411"}}, {"type": "Feature", "geometry": {"type": "Polygon", "coordinates": [[[-87.7305824, 41.8023885], [-87.7305821, 41.8024269], [-87.7305692, 41.8024268], [-87.7305708, 41.8024584], [-87.7303782, 41.8024601], [-87.730377, 41.8023901], [-87.7305824, 41.8023885]]]}, "properties": {"height": 6, "night": "#582b16"}}, {"type": "Feature", "geometry": {"type": "Polygon", "coordinates": [[[-87.7293954, 41.8020598], [-87.7293965, 41.8021353], [-87.7291636, 41.8021368], [-87.7291624, 41.8020613], [-87.7293954, 41.8020598]]]}, "properties": {"height": 3, "night": "#512411"}}, {"type": "Feature", "geometry": {"type": "Polygon", "coordinates": [[[-87.7287022, 41.8018572], [-87.7287034, 41.8019327], [-87.7284778, 41.8019356], [-87.7284767, 41.8018587], [-87.7287022, 41.8018572]]]}, "properties": {"height": 6, "night": "#552916"}}, {"type": "Feature", "geometry": {"type": "Polygon", "coordinates": [[[-87.7407371, 41.8015124], [-87.7407572, 41.8015125], [-87.7407572, 41.8015152], [-87.7408892, 41.8015145], [-87.7408886, 41.8015845], [-87.7407657, 41.8015852], [-87.7407657, 41.8015894], [-87.7407382, 41.8015892], [-87.7407371, 41.8015124]]]}, "properties": {"height": 6, "night": "#6a341c"}}, {"type": "Feature", "geometry": {"type": "Polygon", "coordinates": [[[-87.7395813, 41.8013637], [-87.7395813, 41.8013678], [-87.739673, 41.8013669], [-87.7396723, 41.8014341], [-87.7396723, 41.8014355], [-87.7395806, 41.8014364], [-87.7395806, 41.8014392], [-87.7395091, 41.8014402], [-87.7395079, 41.8013647], [-87.7395813, 41.8013637]]]}, "properties": {"height": 3, "night": "#612b15"}}, {"type": "Feature", "geometry": {"type": "Polygon", "coordinates": [[[-87.7299063, 41.8013476], [-87.7299075, 41.8014162], [-87.7296746, 41.8014177], [-87.7296734, 41.8013491], [-87.7299063, 41.8013476]]]}, "properties": {"height": 6, "night": "#592b17"}}, {"type": "Feature", "geometry": {"type": "Polygon", "coordinates": [[[-87.7317917, 41.8011283], [-87.7317929, 41.8011983], [-87.7316572, 41.801199], [-87.7316572, 41.8011962], [-87.7316242, 41.8011961], [-87.7316229, 41.8011343], [-87.7316541, 41.8011331], [-87.7316542, 41.801129], [-87.7317917, 41.8011283]]]}, "properties": {"height": 3, "night": "#562612"}}, {"type": "Feature", "geometry": {"type": "Polygon", "coordinates": [[[-87.7464458, 41.8007005], [-87.746447, 41.8007664], [-87.7462801, 41.8007683], [-87.7462789, 41.8007024], [-87.7464458, 41.8007005]]]}, "properties": {"height": 3, "night": "#682e16"}}, {"type": "Feature", "geometry": {"type": "Polygon", "coordinates": [[[-87.7469972, 41.800359], [-87.7469983, 41.8004358], [-87.7468223, 41.8004363], [-87.7468211, 41.8003594], [-87.7469972, 41.800359]]]}, "properties": {"height": 3, "night": "#6a2f17"}}, {"type": "Feature", "geometry": {"type": "Polygon", "coordinates": [[[-87.7452066, 41.8000466], [-87.7452078, 41.8001152], [-87.7450171, 41.8001169], [-87.7450159, 41.8000483], [-87.7452066, 41.8000466]]]}, "properties": {"height": 3, "night": "#6a2f17"}}, {"type": "Feature", "geometry": {"type": "Polygon", "coordinates": [[[-87.7300693, 41.8007859], [-87.7301154, 41.8009576], [-87.7300438, 41.8009682], [-87.7300243, 41.8008954], [-87.7300132, 41.8008981], [-87.7299885, 41.8007978], [-87.7300693, 41.8007859]]]}, "properties": {"height": 3, "night": "#542512"}}, {"type": "Feature", "geometry": {"type": "Polygon", "coordinates": [[[-87.7298606, 41.7997694], [-87.7298619, 41.799827], [-87.7296785, 41.7998288], [-87.7296785, 41.7998315], [-87.7296565, 41.7998314], [-87.7296552, 41.7997697], [-87.7296754, 41.7997698], [-87.7296754, 41.7997712], [-87.7298606, 41.7997694]]]}, "properties": {"height": 3, "night": "#562612"}}, {"type": "Feature", "geometry": {"type": "Polygon", "coordinates": [[[-87.743432, 41.7991895], [-87.7434349, 41.7992801], [-87.7434347, 41.7992993], [-87.7431486, 41.7993047], [-87.7431488, 41.7992786], [-87.7431459, 41.7991935], [-87.743432, 41.7991895]]]}, "properties": {"height": 6, "night": "#73391f"}}, {"type": "Feature", "geometry": {"type": "Polygon", "coordinates": [[[-87.7296451, 41.799288], [-87.7296689, 41.7992881], [-87.7296689, 41.7992909], [-87.7298651, 41.7992892], [-87.7298664, 41.7993454], [-87.7296684, 41.7993471], [-87.7296684, 41.7993499], [-87.7296463, 41.7993511], [-87.7296451, 41.799288]]]}, "properties": {"height": 3, "night": "#562612"}}, {"type": "Feature", "geometry": {"type": "Polygon", "coordinates": [[[-87.7322844, 41.7990315], [-87.7322875, 41.7990974], [-87.73206, 41.7991031], [-87.732057, 41.7990372], [-87.7322844, 41.7990315]]]}, "properties": {"height": 6, "night": "#62301a"}}, {"type": "Feature", "geometry": {"type": "Polygon", "coordinates": [[[-87.7298488, 41.7988761], [-87.7298503, 41.7989104], [-87.7298668, 41.7989105], [-87.7298667, 41.7989255], [-87.7298502, 41.7989255], [-87.729852, 41.7989323], [-87.7296337, 41.798938], [-87.7296324, 41.7988818], [-87.7298488, 41.7988761]]]}, "properties": {"height": 3, "night": "#572612"}}, {"type": "Feature", "geometry": {"type": "Polygon", "coordinates": [[[-87.740107, 41.7984465], [-87.7401217, 41.7984466], [-87.7401216, 41.7984534], [-87.7402793, 41.7984515], [-87.7402793, 41.7984488], [-87.740316, 41.7984489], [-87.7403172, 41.7985203], [-87.7402273, 41.7985226], [-87.7402274, 41.7985185], [-87.7401082, 41.7985206], [-87.740107, 41.7984465]]]}, "properties": {"height": 3, "night": "#682e16"}}, {"type": "Feature", "geometry": {"type": "Polygon", "coordinates": [[[-87.7346256, 41.7980956], [-87.7346751, 41.7980959], [-87.7346749, 41.7981178], [-87.7346859, 41.7981179], [-87.734686, 41.7981069], [-87.7347062, 41.798107], [-87.7347061, 41.7981207], [-87.7347152, 41.7981208], [-87.734715, 41.798151], [-87.7346783, 41.7981508], [-87.7346782, 41.7981645], [-87.734625, 41.7981656], [-87.7345186, 41.7981664], [-87.7345174, 41.7980978], [-87.7346256, 41.7980956]]]}, "properties": {"height": 3, "night": "#612b15"}}, {"type": "Feature", "geometry": {"type": "Polygon", "coordinates": [[[-87.7322412, 41.7979624], [-87.7322424, 41.7980351], [-87.7320755, 41.7980384], [-87.732074, 41.7979999], [-87.7320685, 41.7979999], [-87.732067, 41.7979642], [-87.7322412, 41.7979624]]]}, "properties": {"height": 3, "night": "#5d2914"}}, {"type": "Feature", "geometry": {"type": "Polygon", "coordinates": [[[-87.732937, 41.7976779], [-87.7329382, 41.7977492], [-87.7327163, 41.7977508], [-87.732717, 41.7976781], [-87.732937, 41.7976779]]]}, "properties": {"height": 3, "night": "#5e2a14"}}, {"type": "Feature", "geometry": {"type": "Polygon", "coordinates": [[[-87.7353341, 41.7974297], [-87.735334, 41.7974448], [-87.735345, 41.7974448], [-87.7353448, 41.797464], [-87.7353521, 41.7974641], [-87.7353537, 41.7974956], [-87.7353408, 41.7974956], [-87.7353408, 41.7974997], [-87.7351684, 41.7975015], [-87.7351672, 41.7974316], [-87.7353341, 41.7974297]]]}, "properties": {"height": 3, "night": "#632c15"}}, {"type": "Feature", "geometry": {"type": "Polygon", "coordinates": [[[-87.7365651, 41.7971699], [-87.7365663, 41.7972399], [-87.7365461, 41.7972411], [-87.7365461, 41.797237], [-87.7363976, 41.797239], [-87.7363961, 41.7972006], [-87.7363888, 41.7972005], [-87.736387, 41.7971909], [-87.7363962, 41.797191], [-87.7363945, 41.7971731], [-87.7365651, 41.7971699]]]}, "properties": {"height": 3, "night": "#652d16"}}, {"type": "Feature", "geometry": {"type": "Polygon", "coordinates": [[[-87.7419046, 41.7967941], [-87.7419045, 41.796801], [-87.7419705, 41.7967999], [-87.7419752, 41.7968946], [-87.7418302, 41.7968994], [-87.7418287, 41.7968678], [-87.7418159, 41.7968677], [-87.7418142, 41.7968458], [-87.7418307, 41.7968459], [-87.7418275, 41.7967964], [-87.7419046, 41.7967941]]]}, "properties": {"height": 3, "night": "#6e3118"}}, {"type": "Feature", "geometry": {"type": "Polygon", "coordinates": [[[-87.7353438, 41.79659], [-87.7353452, 41.7966339], [-87.7353599, 41.796634], [-87.7353614, 41.7966601], [-87.7351157, 41.7966629], [-87.7351145, 41.7965915], [-87.7353438, 41.79659]]]}, "properties": {"height": 6, "night": "#6c361d"}}, {"type": "Feature", "geometry": {"type": "Polygon", "coordinates": [[[-87.7309391, 41.7962226], [-87.730939, 41.7962308], [-87.73095, 41.7962308], [-87.7309498, 41.7962569], [-87.7309406, 41.7962569], [-87.7309403, 41.7962912], [-87.7308046, 41.7962932], [-87.7308046, 41.7962891], [-87.7307936, 41.796289], [-87.7307923, 41.7962273], [-87.7308015, 41.7962273], [-87.7308015, 41.7962246], [-87.7309391, 41.7962226]]]}, "properties": {"height": 6, "night": "#64311a"}}, {"type": "Feature", "geometry": {"type": "Polygon", "coordinates": [[[-87.7316543, 41.7958174], [-87.7316558, 41.7958545], [-87.7316705, 41.7958545], [-87.7316703, 41.7958738], [-87.731652, 41.7958737], [-87.7316519, 41.7958791], [-87.7314685, 41.7958823], [-87.7314654, 41.7958205], [-87.7316543, 41.7958174]]]}, "properties": {"height": 6, "night": "#66321b"}}, {"type": "Feature", "geometry": {"type": "Polygon", "coordinates": [[[-87.7316146, 41.7953548], [-87.7316159, 41.7954193], [-87.7314417, 41.7954225], [-87.7314403, 41.7953758], [-87.7314494, 41.7953759], [-87.7314495, 41.7953676], [-87.7314733, 41.7953678], [-87.7314734, 41.7953568], [-87.7316146, 41.7953548]]]}, "properties": {"height": 6, "night": "#66321b"}}, {"type": "Feature", "geometry": {"type": "Polygon", "coordinates": [[[-87.7296504, 41.7948148], [-87.729652, 41.7948423], [-87.7296923, 41.7948425], [-87.7296937, 41.7948864], [-87.7295415, 41.7948884], [-87.7295385, 41.794817], [-87.7296504, 41.7948148]]]}, "properties": {"height": 3, "night": "#5c2914"}}, {"type": "Feature", "geometry": {"type": "Polygon", "coordinates": [[[-87.7357993, 41.7943352], [-87.735799, 41.7943654], [-87.7358118, 41.7943654], [-87.7358117, 41.7943778], [-87.7358007, 41.7943777], [-87.7358006, 41.7943942], [-87.7356887, 41.7943936], [-87.7356888, 41.7943826], [-87.735676, 41.7943826], [-87.7356764, 41.7943414], [-87.7356874, 41.7943415], [-87.7356874, 41.794336], [-87.7357993, 41.7943352]]]}, "properties": {"height": 3, "night": "#682e16"}}, {"type": "Feature", "geometry": {"type": "Polygon", "coordinates": [[[-87.7309124, 41.7939845], [-87.7309135, 41.7940586], [-87.7307191, 41.7940603], [-87.730718, 41.7939862], [-87.7309124, 41.7939845]]]}, "properties": {"height": 3, "night": "#5f2a14"}}, {"type": "Feature", "geometry": {"type": "Polygon", "coordinates": [[[-87.744839, 41.7985394], [-87.7448513, 41.7987574], [-87.7447893, 41.7987587], [-87.744789, 41.798793], [-87.7447468, 41.7987928], [-87.7447498, 41.7988655], [-87.7446691, 41.7988665], [-87.7446663, 41.7987718], [-87.744661, 41.798555], [-87.7447453, 41.798554], [-87.7447473, 41.7985417], [-87.744839, 41.7985394]]]}, "properties": {"height": 8, "night": "#7c4326"}}, {"type": "Feature", "geometry": {"type": "Polygon", "coordinates": [[[-87.7364255, 41.7924558], [-87.7364254, 41.7924627], [-87.7364364, 41.7924628], [-87.7364362, 41.7924861], [-87.736427, 41.792486], [-87.7364285, 41.7925245], [-87.7362837, 41.7925251], [-87.7362825, 41.7924565], [-87.7364255, 41.7924558]]]}, "properties": {"height": 3, "night": "#6b3017"}}, {"type": "Feature", "geometry": {"type": "Polygon", "coordinates": [[[-87.728364, 41.7921982], [-87.7283652, 41.7922614], [-87.7282038, 41.7922633], [-87.7282026, 41.7922001], [-87.728364, 41.7921982]]]}, "properties": {"height": 6, "night": "#623019"}}, {"type": "Feature", "geometry": {"type": "Polygon", "coordinates": [[[-87.7301462, 41.8031505], [-87.7301456, 41.8032122], [-87.7300575, 41.8032131], [-87.7300563, 41.8031514], [-87.7301462, 41.8031505]]]}, "properties": {"height": 8, "night": "#592e19"}}, {"type": "Feature", "geometry": {"type": "Polygon", "coordinates": [[[-87.7301188, 41.7962869], [-87.730122, 41.7963431], [-87.7300339, 41.7963468], [-87.7300308, 41.7962891], [-87.7301188, 41.7962869]]]}, "properties": {"height": 8, "night": "#66361e"}}, {"type": "Feature", "geometry": {"type": "Polygon", "coordinates": [[[-87.7448706, 41.804706], [-87.7448719, 41.8047664], [-87.7447893, 41.8047673], [-87.744788, 41.804707], [-87.7448706, 41.804706]]]}, "properties": {"height": 8, "night": "#69371e"}}, {"type": "Feature", "geometry": {"type": "Polygon", "coordinates": [[[-87.7299805, 41.7942265], [-87.7300666, 41.794227], [-87.7300662, 41.7942764], [-87.72998, 41.7942759], [-87.7299805, 41.7942265]]]}, "properties": {"height": 8, "night": "#69371f"}}, {"type": "Feature", "geometry": {"type": "Polygon", "coordinates": [[[-87.7315895, 41.8052945], [-87.7315889, 41.8053576], [-87.7315082, 41.8053572], [-87.731507, 41.8052954], [-87.7315895, 41.8052945]]]}, "properties": {"height": 8, "night": "#562c18"}}, {"type": "Feature", "geometry": {"type": "Polygon", "coordinates": [[[-87.7361249, 41.7981706], [-87.7361298, 41.798231], [-87.7360381, 41.7982347], [-87.736035, 41.7981743], [-87.7361249, 41.7981706]]]}, "properties": {"height": 8, "night": "#703b21"}}, {"type": "Feature", "geometry": {"type": "Polygon", "coordinates": [[[-87.7300308, 41.7992187], [-87.7300321, 41.7992804], [-87.7299367, 41.7992813], [-87.7299355, 41.7992209], [-87.7300308, 41.7992187]]]}, "properties": {"height": 8, "night": "#61331c"}}, {"type": "Feature", "geometry": {"type": "Polygon", "coordinates": [[[-87.7360411, 41.7975171], [-87.73612, 41.7975175], [-87.7361212, 41.7975806], [-87.7360405, 41.7975802], [-87.7360411, 41.7975171]]]}, "properties": {"height": 8, "night": "#723c22"}}, {"type": "Feature", "geometry": {"type": "Polygon", "coordinates": [[[-87.7298812, 41.7940614], [-87.7298825, 41.794119], [-87.7297999, 41.7941199], [-87.7297986, 41.7940623], [-87.7298812, 41.7940614]]]}, "properties": {"height": 8, "night": "#69371e"}}, {"type": "Feature", "geometry": {"type": "Polygon", "coordinates": [[[-87.7388279, 41.8011293], [-87.7388311, 41.8011883], [-87.7387449, 41.8011892], [-87.7387436, 41.8011302], [-87.7388279, 41.8011293]]]}, "properties": {"height": 8, "night": "#6d3a20"}}, {"type": "Feature", "geometry": {"type": "Polygon", "coordinates": [[[-87.7288383, 41.7946006], [-87.7288431, 41.7946775], [-87.7287642, 41.7946784], [-87.7287594, 41.7946016], [-87.7288383, 41.7946006]]]}, "properties": {"height": 8, "night": "#65351d"}}, {"type": "Feature", "geometry": {"type": "Polygon", "coordinates": [[[-87.7473857, 41.8040095], [-87.7474627, 41.8040099], [-87.7474639, 41.8040744], [-87.7473869, 41.804074], [-87.7473857, 41.8040095]]]}, "properties": {"height": 8, "night": "#6c3920"}}, {"type": "Feature", "geometry": {"type": "Polygon", "coordinates": [[[-87.7450016, 41.8032124], [-87.745001, 41.8032755], [-87.7449167, 41.8032751], [-87.7449172, 41.8032134], [-87.7450016, 41.8032124]]]}, "properties": {"height": 8, "night": "#6e3a20"}}, {"type": "Feature", "geometry": {"type": "Polygon", "coordinates": [[[-87.7336425, 41.7971355], [-87.7336457, 41.7971917], [-87.7335686, 41.7971954], [-87.7335655, 41.7971392], [-87.7336425, 41.7971355]]]}, "properties": {"height": 8, "night": "#6d3a20"}}, {"type": "Feature", "geometry": {"type": "Polygon", "coordinates": [[[-87.7484237, 41.8005762], [-87.7484285, 41.8006585], [-87.7483349, 41.8006622], [-87.7483302, 41.8005784], [-87.7484237, 41.8005762]]]}, "properties": {"height": 8, "night": "#784024"}}, {"type": "Feature", "geometry": {"type": "Polygon", "coordinates": [[[-87.7302256, 41.7997644], [-87.7302287, 41.7998235], [-87.7301278, 41.7998243], [-87.7301266, 41.7997653], [-87.7302256, 41.7997644]]]}, "properties": {"height": 8, "night": "#61321c"}}, {"type": "Feature", "geometry": {"type": "Polygon", "coordinates": [[[-87.7316066, 41.7926914], [-87.7316078, 41.792749], [-87.7315143, 41.7927486], [-87.731513, 41.7926923], [-87.7316066, 41.7926914]]]}, "properties": {"height": 8, "night": "#6e3a20"}}, {"type": "Feature", "geometry": {"type": "Polygon", "coordinates": [[[-87.746073, 41.8037681], [-87.746076, 41.8038395], [-87.7459843, 41.8038404], [-87.7459813, 41.803769], [-87.746073, 41.8037681]]]}, "properties": {"height": 8, "night": "#6c3920"}}, {"type": "Feature", "geometry": {"type": "Polygon", "coordinates": [[[-87.7301539, 41.806551], [-87.7301516, 41.806484], [-87.7302392, 41.8064855], [-87.7302404, 41.80655], [-87.7301539, 41.806551]]]}, "properties": {"height": 8, "night": "#512916"}}, {"type": "Feature", "geometry": {"type": "Polygon", "coordinates": [[[-87.7422515, 41.8013404], [-87.7423414, 41.8013409], [-87.7423426, 41.8014026], [-87.7422509, 41.8014035], [-87.7422515, 41.8013404]]]}, "properties": {"height": 8, "night": "#713c22"}}, {"type": "Feature", "geometry": {"type": "Polygon", "coordinates": [[[-87.7301032, 41.7987319], [-87.7301803, 41.7987323], [-87.7301796, 41.7988023], [-87.7301026, 41.7988019], [-87.7301032, 41.7987319]]]}, "properties": {"height": 8, "night": "#62331c"}}, {"type": "Feature", "geometry": {"type": "Polygon", "coordinates": [[[-87.7450527, 41.8054438], [-87.7450521, 41.8055124], [-87.7449806, 41.8055134], [-87.7449793, 41.8054448], [-87.7450527, 41.8054438]]]}, "properties": {"height": 8, "night": "#66351e"}}, {"type": "Feature", "geometry": {"type": "Polygon", "coordinates": [[[-87.7289411, 41.7982991], [-87.7289809, 41.7983569], [-87.7288999, 41.7983894], [-87.7288582, 41.7983316], [-87.7289411, 41.7982991]]]}, "properties": {"height": 8, "night": "#61321c"}}, {"type": "Feature", "geometry": {"type": "Polygon", "coordinates": [[[-87.7447625, 41.8008854], [-87.7447638, 41.8009444], [-87.7446812, 41.8009467], [-87.7446781, 41.8008877], [-87.7447625, 41.8008854]]]}, "properties": {"height": 8, "night": "#753e23"}}, {"type": "Feature", "geometry": {"type": "Polygon", "coordinates": [[[-87.7314422, 41.7990834], [-87.7314453, 41.7991451], [-87.7313408, 41.7991473], [-87.7313395, 41.7990856], [-87.7314422, 41.7990834]]]}, "properties": {"height": 8, "night": "#65351d"}}, {"type": "Feature", "geometry": {"type": "Polygon", "coordinates": [[[-87.732545, 41.8013614], [-87.7325481, 41.8014273], [-87.7324674, 41.8014282], [-87.7324643, 41.8013637], [-87.732545, 41.8013614]]]}, "properties": {"height": 8, "night": "#62331c"}}, {"type": "Feature", "geometry": {"type": "Polygon", "coordinates": [[[-87.7471486, 41.799037], [-87.7471517, 41.7990974], [-87.747071, 41.7990997], [-87.7470679, 41.7990393], [-87.7471486, 41.799037]]]}, "properties": {"height": 8, "night": "#7d4326"}}, {"type": "Feature", "geometry": {"type": "Polygon", "coordinates": [[[-87.7351646, 41.8075689], [-87.7351659, 41.8076279], [-87.7350962, 41.807629], [-87.7350931, 41.8075713], [-87.7351646, 41.8075689]]]}, "properties": {"height": 8, "night": "#552c18"}}, {"type": "Feature", "geometry": {"type": "Polygon", "coordinates": [[[-87.7471732, 41.7995544], [-87.7471763, 41.7996162], [-87.7470773, 41.7996198], [-87.7470742, 41.799558], [-87.7471732, 41.7995544]]]}, "properties": {"height": 8, "night": "#7b4225"}}, {"type": "Feature", "geometry": {"type": "Polygon", "coordinates": [[[-87.7474931, 41.8055084], [-87.7474963, 41.8055578], [-87.7474174, 41.8055588], [-87.747416, 41.8055107], [-87.7474931, 41.8055084]]]}, "properties": {"height": 8, "night": "#67361e"}}, {"type": "Feature", "geometry": {"type": "Polygon", "coordinates": [[[-87.7336577, 41.7943295], [-87.7337512, 41.79433], [-87.7337506, 41.7943959], [-87.7336571, 41.7943954], [-87.7336577, 41.7943295]]]}, "properties": {"height": 8, "night": "#723c22"}}, {"type": "Feature", "geometry": {"type": "Polygon", "coordinates": [[[-87.733581, 41.79469], [-87.7335823, 41.7947421], [-87.7335035, 41.7947431], [-87.733504, 41.7946909], [-87.733581, 41.79469]]]}, "properties": {"height": 8, "night": "#713c21"}}, {"type": "Feature", "geometry": {"type": "Polygon", "coordinates": [[[-87.7303645, 41.8048942], [-87.730364, 41.8049546], [-87.7302741, 41.8049541], [-87.7302747, 41.8048951], [-87.7303645, 41.8048942]]]}, "properties": {"height": 8, "night": "#552c18"}}, {"type": "Feature", "geometry": {"type": "Polygon", "coordinates": [[[-87.7450151, 41.8035391], [-87.7450164, 41.8035981], [-87.7449302, 41.8036004], [-87.7449271, 41.8035414], [-87.7450151, 41.8035391]]]}, "properties": {"height": 8, "night": "#6d3920"}}, {"type": "Feature", "geometry": {"type": "Polygon", "coordinates": [[[-87.7461279, 41.7999676], [-87.7461292, 41.8000197], [-87.7460522, 41.8000207], [-87.7460508, 41.7999686], [-87.7461279, 41.7999676]]]}, "properties": {"height": 8, "night": "#794124"}}, {"type": "Feature", "geometry": {"type": "Polygon", "coordinates": [[[-87.7362294, 41.7987626], [-87.7363174, 41.798763], [-87.7363169, 41.7988207], [-87.7362289, 41.7988202], [-87.7362294, 41.7987626]]]}, "properties": {"height": 8, "night": "#6f3b21"}}, {"type": "Feature", "geometry": {"type": "Polygon", "coordinates": [[[-87.7424006, 41.8040786], [-87.7424018, 41.8041486], [-87.7422771, 41.804148], [-87.7422777, 41.8040794], [-87.7424006, 41.8040786]]]}, "properties": {"height": 8, "night": "#69371e"}}, {"type": "Feature", "geometry": {"type": "Polygon", "coordinates": [[[-87.7337802, 41.7951548], [-87.7337815, 41.7952138], [-87.7336971, 41.7952161], [-87.733694, 41.7951571], [-87.7337802, 41.7951548]]]}, "properties": {"height": 8, "night": "#713c21"}}, {"type": "Feature", "geometry": {"type": "Polygon", "coordinates": [[[-87.7389033, 41.8042842], [-87.7389046, 41.8043432], [-87.7388166, 41.8043442], [-87.7388153, 41.8042851], [-87.7389033, 41.8042842]]]}, "properties": {"height": 8, "night": "#64341d"}}, {"type": "Feature", "geometry": {"type": "Polygon", "coordinates": [[[-87.7485179, 41.8005067], [-87.7485949, 41.8005084], [-87.7485924, 41.800577], [-87.7485154, 41.8005766], [-87.7485179, 41.8005067]]]}, "properties": {"height": 8, "night": "#794024"}}, {"type": "Feature", "geometry": {"type": "Polygon", "coordinates": [[[-87.7275696, 41.8019774], [-87.7276632, 41.8019779], [-87.7276645, 41.8020315], [-87.7275691, 41.8020323], [-87.7275696, 41.8019774]]]}, "properties": {"height": 8, "night": "#572c18"}}, {"type": "Feature", "geometry": {"type": "Polygon", "coordinates": [[[-87.7371922, 41.7991134], [-87.737184, 41.7987697], [-87.7374473, 41.7987722], [-87.7374504, 41.7989214], [-87.7374544, 41.799109], [-87.7371922, 41.7991134]]]}, "properties": {"height": 8, "night": "#713c21"}}, {"type": "Feature", "geometry": {"type": "Polygon", "coordinates": [[[-87.7360702, 41.7989264], [-87.7361435, 41.7989268], [-87.736143, 41.7989899], [-87.7360696, 41.7989895], [-87.7360702, 41.7989264]]]}, "properties": {"height": 8, "night": "#6e3a21"}}, {"type": "Feature", "geometry": {"type": "Polygon", "coordinates": [[[-87.7324617, 41.7983093], [-87.7324647, 41.7983752], [-87.7323749, 41.7983761], [-87.7323718, 41.7983102], [-87.7324617, 41.7983093]]]}, "properties": {"height": 8, "night": "#68371e"}}, {"type": "Feature", "geometry": {"type": "Polygon", "coordinates": [[[-87.7277999, 41.8069321], [-87.7277993, 41.8069911], [-87.727715, 41.806992], [-87.7277137, 41.806933], [-87.7277999, 41.8069321]]]}, "properties": {"height": 8, "night": "#4c2614"}}, {"type": "Feature", "geometry": {"type": "Polygon", "coordinates": [[[-87.7399174, 41.8056781], [-87.7400073, 41.8056785], [-87.7400084, 41.8057513], [-87.7399186, 41.8057522], [-87.7399174, 41.8056781]]]}, "properties": {"height": 8, "night": "#61321c"}}, {"type": "Feature", "geometry": {"type": "Polygon", "coordinates": [[[-87.7287476, 41.7939045], [-87.7288247, 41.7939049], [-87.7288242, 41.793957], [-87.7287471, 41.793958], [-87.7287476, 41.7939045]]]}, "properties": {"height": 8, "night": "#66351e"}}, {"type": "Feature", "geometry": {"type": "Polygon", "coordinates": [[[-87.7323896, 41.7956278], [-87.7323909, 41.7956827], [-87.732301, 41.7956836], [-87.7322997, 41.7956287], [-87.7323896, 41.7956278]]]}, "properties": {"height": 8, "night": "#6d3920"}}, {"type": "Feature", "geometry": {"type": "Polygon", "coordinates": [[[-87.7291841, 41.806584], [-87.7291854, 41.8066458], [-87.7290955, 41.8066467], [-87.7290943, 41.8065849], [-87.7291841, 41.806584]]]}, "properties": {"height": 8, "night": "#4f2815"}}, {"type": "Feature", "geometry": {"type": "Polygon", "coordinates": [[[-87.7459276, 41.8016186], [-87.7460064, 41.801619], [-87.7460078, 41.8016712], [-87.7459289, 41.8016708], [-87.7459276, 41.8016186]]]}, "properties": {"height": 8, "night": "#743d22"}}, {"type": "Feature", "geometry": {"type": "Polygon", "coordinates": [[[-87.7327099, 41.7996155], [-87.7327111, 41.7996828], [-87.7325699, 41.7996862], [-87.7325668, 41.7996189], [-87.7327099, 41.7996155]]]}, "properties": {"height": 8, "night": "#66351e"}}, {"type": "Feature", "geometry": {"type": "Polygon", "coordinates": [[[-87.7360788, 41.7964182], [-87.73608, 41.7964895], [-87.7359718, 41.7964903], [-87.7359706, 41.796419], [-87.7360788, 41.7964182]]]}, "properties": {"height": 8, "night": "#743d22"}}, {"type": "Feature", "geometry": {"type": "Polygon", "coordinates": [[[-87.7387462, 41.8010465], [-87.7388305, 41.801047], [-87.7388317, 41.8011183], [-87.7387474, 41.8011179], [-87.7387462, 41.8010465]]]}, "properties": {"height": 8, "night": "#6e3a20"}}, {"type": "Feature", "geometry": {"type": "Polygon", "coordinates": [[[-87.7325612, 41.7957069], [-87.7325625, 41.7957632], [-87.7325458, 41.795785], [-87.7325475, 41.7957946], [-87.7324668, 41.7957956], [-87.732464, 41.7957078], [-87.7325612, 41.7957069]]]}, "properties": {"height": 8, "night": "#6d3920"}}, {"type": "Feature", "geometry": {"type": "Polygon", "coordinates": [[[-87.7447207, 41.7992441], [-87.7447221, 41.7992867], [-87.744722, 41.7992949], [-87.7446377, 41.7992972], [-87.7446378, 41.7992862], [-87.7446363, 41.7992464], [-87.7447207, 41.7992441]]]}, "properties": {"height": 8, "night": "#7a4125"}}, {"type": "Feature", "geometry": {"type": "Polygon", "coordinates": [[[-87.7483762, 41.7989417], [-87.7483775, 41.7990062], [-87.7482894, 41.7990071], [-87.7482895, 41.799003], [-87.7482656, 41.7990029], [-87.7482661, 41.7989507], [-87.74829, 41.7989509], [-87.74829, 41.7989426], [-87.7483762, 41.7989417]]]}, "properties": {"height": 8, "night": "#7e4326"}}, {"type": "Feature", "geometry": {"type": "Polygon", "coordinates": [[[-87.7275704, 41.7939092], [-87.7275833, 41.7939093], [-87.7275832, 41.7939175], [-87.7275905, 41.7939176], [-87.7275899, 41.7939807], [-87.7275056, 41.7939789], [-87.727508, 41.7939158], [-87.7275704, 41.7939175], [-87.7275704, 41.7939092]]]}, "properties": {"height": 8, "night": "#63341c"}}, {"type": "Feature", "geometry": {"type": "Polygon", "coordinates": [[[-87.727531, 41.7883587], [-87.7275308, 41.7883834], [-87.7275675, 41.7883822], [-87.7275684, 41.7884797], [-87.7275537, 41.7884796], [-87.7275536, 41.7884919], [-87.7275059, 41.7884917], [-87.727506, 41.7884807], [-87.7274822, 41.7884819], [-87.7274797, 41.7883598], [-87.727531, 41.7883587]]]}, "properties": {"height": 3, "night": "#5a2813"}}, {"type": "Feature", "geometry": {"type": "Polygon", "coordinates": [[[-87.7296123, 41.785587], [-87.7296166, 41.7857146], [-87.7295286, 41.7857155], [-87.7295243, 41.7855879], [-87.7296123, 41.785587]]]}, "properties": {"height": 3, "night": "#5d2914"}}, {"type": "Feature", "geometry": {"type": "Polygon", "coordinates": [[[-87.731971, 41.7782172], [-87.7319763, 41.7784354], [-87.7318406, 41.7784374], [-87.7318354, 41.7782192], [-87.731971, 41.7782172]]]}, "properties": {"height": 6, "night": "#5e2e18"}}, {"type": "Feature", "geometry": {"type": "Polygon", "coordinates": [[[-87.7356775, 41.7754675], [-87.7356833, 41.7756322], [-87.7356796, 41.7756322], [-87.7356796, 41.7756404], [-87.7355879, 41.7756427], [-87.7355861, 41.7756344], [-87.7355806, 41.7756344], [-87.7355745, 41.7754999], [-87.7356039, 41.7755001], [-87.7356023, 41.7754699], [-87.7356775, 41.7754675]]]}, "properties": {"height": 3, "night": "#582713"}}, {"type": "Feature", "geometry": {"type": "Polygon", "coordinates": [[[-87.7373983, 41.7822453], [-87.7374041, 41.78241], [-87.7373876, 41.7824099], [-87.7373904, 41.7825046], [-87.7373775, 41.7825141], [-87.7373023, 41.7825165], [-87.737301, 41.7824547], [-87.7372277, 41.7824557], [-87.7372259, 41.7824557], [-87.7372204, 41.7822498], [-87.7373983, 41.7822453]]]}, "properties": {"height": 3, "night": "#682e16"}}, {"type": "Feature", "geometry": {"type": "Polygon", "coordinates": [[[-87.730294, 41.7918846], [-87.7302953, 41.791934], [-87.7302843, 41.7919339], [-87.7302841, 41.7919531], [-87.7301173, 41.791955], [-87.730116, 41.7918974], [-87.7301362, 41.7918961], [-87.7301361, 41.7919071], [-87.7301489, 41.7919071], [-87.7301491, 41.7918866], [-87.730294, 41.7918846]]]}, "properties": {"height": 3, "night": "#5f2a14"}}, {"type": "Feature", "geometry": {"type": "Polygon", "coordinates": [[[-87.7320626, 41.7915728], [-87.7320638, 41.79164], [-87.7318896, 41.7916418], [-87.7318883, 41.791576], [-87.7320626, 41.7915728]]]}, "properties": {"height": 3, "night": "#632c15"}}, {"type": "Feature", "geometry": {"type": "Polygon", "coordinates": [[[-87.7327084, 41.7911316], [-87.7327097, 41.7911878], [-87.7327024, 41.7911878], [-87.7327023, 41.7912015], [-87.7325647, 41.7912035], [-87.7325651, 41.7911679], [-87.7325522, 41.7911678], [-87.7325506, 41.7911417], [-87.7325616, 41.7911418], [-87.7325617, 41.7911335], [-87.7327084, 41.7911316]]]}, "properties": {"height": 3, "night": "#642c15"}}, {"type": "Feature", "geometry": {"type": "Polygon", "coordinates": [[[-87.7344156, 41.7907151], [-87.7344165, 41.7908167], [-87.7343157, 41.7908175], [-87.7343148, 41.790716], [-87.7344156, 41.7907151]]]}, "properties": {"height": 6, "night": "#71381e"}}, {"type": "Feature", "geometry": {"type": "Polygon", "coordinates": [[[-87.7290265, 41.7905689], [-87.7290277, 41.7906402], [-87.7288535, 41.7906434], [-87.7288519, 41.7906146], [-87.7288281, 41.7906145], [-87.7288265, 41.7905898], [-87.7288558, 41.7905899], [-87.728856, 41.7905735], [-87.7290265, 41.7905689]]]}, "properties": {"height": 3, "night": "#5d2914"}}, {"type": "Feature", "geometry": {"type": "Polygon", "coordinates": [[[-87.7363328, 41.79019], [-87.7363493, 41.79019], [-87.7363493, 41.7901969], [-87.7363749, 41.790197], [-87.7363761, 41.7902656], [-87.7362496, 41.7902664], [-87.7362484, 41.7901977], [-87.7363327, 41.7901982], [-87.7363328, 41.79019]]]}, "properties": {"height": 3, "night": "#6c3017"}}, {"type": "Feature", "geometry": {"type": "Polygon", "coordinates": [[[-87.7293807, 41.7899519], [-87.7295512, 41.7899528], [-87.7295505, 41.7900269], [-87.72938, 41.790026], [-87.7293807, 41.7899519]]]}, "properties": {"height": 6, "night": "#65321b"}}, {"type": "Feature", "geometry": {"type": "Polygon", "coordinates": [[[-87.7324874, 41.7896636], [-87.7326744, 41.7896646], [-87.732676, 41.7896948], [-87.732672, 41.7897318], [-87.7324868, 41.7897349], [-87.7324874, 41.7896636]]]}, "properties": {"height": 6, "night": "#6d361d"}}, {"type": "Feature", "geometry": {"type": "Polygon", "coordinates": [[[-87.7344256, 41.7890521], [-87.7344272, 41.7890741], [-87.7344327, 41.7890741], [-87.7344326, 41.7890837], [-87.7344253, 41.7890837], [-87.7344251, 41.7891043], [-87.7344361, 41.7891043], [-87.734436, 41.7891208], [-87.7342398, 41.7891225], [-87.7342384, 41.7890676], [-87.7342494, 41.7890677], [-87.7342496, 41.7890539], [-87.7344256, 41.7890521]]]}, "properties": {"height": 3, "night": "#682e16"}}, {"type": "Feature", "geometry": {"type": "Polygon", "coordinates": [[[-87.728274, 41.788707], [-87.7282752, 41.7887729], [-87.7281248, 41.7887749], [-87.7281236, 41.7887076], [-87.728274, 41.788707]]]}, "properties": {"height": 6, "night": "#62301a"}}, {"type": "Feature", "geometry": {"type": "Polygon", "coordinates": [[[-87.7302042, 41.7883591], [-87.7302054, 41.7884236], [-87.730022, 41.7884253], [-87.7300208, 41.7883608], [-87.7302042, 41.7883591]]]}, "properties": {"height": 6, "night": "#67331b"}}, {"type": "Feature", "geometry": {"type": "Polygon", "coordinates": [[[-87.7350634, 41.7878946], [-87.7350631, 41.7879248], [-87.7350778, 41.7879249], [-87.7350776, 41.78794], [-87.735063, 41.7879399], [-87.7350628, 41.7879605], [-87.7349363, 41.7879612], [-87.734935, 41.7878967], [-87.7350634, 41.7878946]]]}, "properties": {"height": 3, "night": "#692f17"}}, {"type": "Feature", "geometry": {"type": "Polygon", "coordinates": [[[-87.7289395, 41.7873425], [-87.7289406, 41.7874139], [-87.7287866, 41.7874158], [-87.7287836, 41.7873444], [-87.7289395, 41.7873425]]]}, "properties": {"height": 6, "night": "#63311a"}}, {"type": "Feature", "geometry": {"type": "Polygon", "coordinates": [[[-87.7330827, 41.7869732], [-87.7330826, 41.7869924], [-87.7331284, 41.7869926], [-87.7331298, 41.7870379], [-87.7330821, 41.787039], [-87.7330821, 41.7870431], [-87.7329574, 41.7870439], [-87.7329562, 41.7869739], [-87.7330827, 41.7869732]]]}, "properties": {"height": 3, "night": "#652d16"}}, {"type": "Feature", "geometry": {"type": "Polygon", "coordinates": [[[-87.7342923, 41.7866337], [-87.7342921, 41.7866474], [-87.7343636, 41.7866478], [-87.7343632, 41.7866999], [-87.7341908, 41.7867018], [-87.7341911, 41.7866661], [-87.7341728, 41.786666], [-87.7341731, 41.7866345], [-87.7342923, 41.7866337]]]}, "properties": {"height": 6, "night": "#6f371e"}}, {"type": "Feature", "geometry": {"type": "Polygon", "coordinates": [[[-87.7355715, 41.786285], [-87.7356137, 41.7862852], [-87.7356133, 41.7863305], [-87.7355766, 41.7863303], [-87.7355763, 41.7863605], [-87.7354168, 41.7863596], [-87.7354168, 41.7863638], [-87.7353875, 41.7863636], [-87.7353881, 41.7862909], [-87.7355715, 41.7862918], [-87.7355715, 41.786285]]]}, "properties": {"height": 3, "night": "#692f17"}}, {"type": "Feature", "geometry": {"type": "Polygon", "coordinates": [[[-87.7345999, 41.7852906], [-87.7346934, 41.7852911], [-87.7346944, 41.7853844], [-87.7345991, 41.7853839], [-87.7345999, 41.7852906]]]}, "properties": {"height": 8, "night": "#753e23"}}, {"type": "Feature", "geometry": {"type": "Polygon", "coordinates": [[[-87.729421, 41.7850686], [-87.7294222, 41.7851386], [-87.7292517, 41.7851405], [-87.7292505, 41.7850705], [-87.729421, 41.7850686]]]}, "properties": {"height": 3, "night": "#5c2914"}}, {"type": "Feature", "geometry": {"type": "Polygon", "coordinates": [[[-87.7337323, 41.7847509], [-87.7337321, 41.7847688], [-87.7337486, 41.7847675], [-87.7337501, 41.7848087], [-87.7337427, 41.7848182], [-87.7336051, 41.7848216], [-87.7336021, 41.7847544], [-87.7337323, 41.7847509]]]}, "properties": {"height": 3, "night": "#642c16"}}, {"type": "Feature", "geometry": {"type": "Polygon", "coordinates": [[[-87.729462, 41.7844116], [-87.729467, 41.7844693], [-87.7293147, 41.7844753], [-87.7293098, 41.7844177], [-87.729462, 41.7844116]]]}, "properties": {"height": 3, "night": "#5c2813"}}, {"type": "Feature", "geometry": {"type": "Polygon", "coordinates": [[[-87.7300485, 41.7842363], [-87.7300496, 41.7843063], [-87.7298645, 41.7843081], [-87.7298633, 41.7842395], [-87.7300485, 41.7842363]]]}, "properties": {"height": 3, "night": "#5d2914"}}, {"type": "Feature", "geometry": {"type": "Polygon", "coordinates": [[[-87.7349224, 41.7837404], [-87.7349223, 41.7837472], [-87.7349388, 41.7837473], [-87.7349386, 41.7837665], [-87.7349239, 41.7837678], [-87.7349254, 41.7838076], [-87.7348355, 41.7838099], [-87.7348325, 41.7837413], [-87.7349224, 41.7837404]]]}, "properties": {"height": 6, "night": "#6e361d"}}, {"type": "Feature", "geometry": {"type": "Polygon", "coordinates": [[[-87.7410832, 41.783432], [-87.7410829, 41.7834704], [-87.7410994, 41.7834705], [-87.7410992, 41.7834911], [-87.7410827, 41.783491], [-87.7410826, 41.783502], [-87.7408718, 41.7835009], [-87.7408724, 41.7834323], [-87.7410832, 41.783432]]]}, "properties": {"height": 6, "night": "#793d21"}}, {"type": "Feature", "geometry": {"type": "Polygon", "coordinates": [[[-87.7293661, 41.7833024], [-87.729369, 41.7833779], [-87.7291673, 41.7833809], [-87.7291662, 41.7833055], [-87.7293661, 41.7833024]]]}, "properties": {"height": 3, "night": "#5a2813"}}, {"type": "Feature", "geometry": {"type": "Polygon", "coordinates": [[[-87.7317684, 41.7830323], [-87.7317682, 41.7830557], [-87.7317975, 41.7830558], [-87.7317989, 41.783097], [-87.7316394, 41.7830989], [-87.7316382, 41.7830344], [-87.7317684, 41.7830323]]]}, "properties": {"height": 3, "night": "#5f2a14"}}, {"type": "Feature", "geometry": {"type": "Polygon", "coordinates": [[[-87.7360345, 41.7828255], [-87.7360375, 41.7828955], [-87.735889, 41.7828988], [-87.7358874, 41.7828686], [-87.7358691, 41.7828685], [-87.7358692, 41.7828562], [-87.7358564, 41.7828575], [-87.7358548, 41.7828286], [-87.7360345, 41.7828255]]]}, "properties": {"height": 3, "night": "#662d16"}}, {"type": "Feature", "geometry": {"type": "Polygon", "coordinates": [[[-87.7299956, 41.7826375], [-87.7299956, 41.7826402], [-87.7300176, 41.7826403], [-87.7300191, 41.7826733], [-87.7299971, 41.7826732], [-87.7299986, 41.7827061], [-87.72983, 41.782708], [-87.7298269, 41.7826407], [-87.7299956, 41.7826375]]]}, "properties": {"height": 3, "night": "#5b2813"}}, {"type": "Feature", "geometry": {"type": "Polygon", "coordinates": [[[-87.7300034, 41.7823933], [-87.7300034, 41.7823988], [-87.7300125, 41.7823988], [-87.7300141, 41.7824235], [-87.730005, 41.7824235], [-87.7300065, 41.7824592], [-87.7298286, 41.7824623], [-87.7298274, 41.7823965], [-87.7300034, 41.7823933]]]}, "properties": {"height": 6, "night": "#613019"}}, {"type": "Feature", "geometry": {"type": "Polygon", "coordinates": [[[-87.7280786, 41.7819962], [-87.7280785, 41.7820044], [-87.7280895, 41.7820045], [-87.728091, 41.7820388], [-87.7280818, 41.7820388], [-87.7280816, 41.7820635], [-87.7279459, 41.7820655], [-87.7279429, 41.7819982], [-87.7280786, 41.7819962]]]}, "properties": {"height": 3, "night": "#562612"}}, {"type": "Feature", "geometry": {"type": "Polygon", "coordinates": [[[-87.7348602, 41.7817504], [-87.7348632, 41.7818177], [-87.7347771, 41.78182], [-87.7347276, 41.7818197], [-87.7347279, 41.7817813], [-87.7347059, 41.7817812], [-87.7347061, 41.7817592], [-87.7347263, 41.781758], [-87.7347263, 41.7817539], [-87.7347777, 41.7817528], [-87.7348602, 41.7817504]]]}, "properties": {"height": 3, "night": "#622c15"}}, {"type": "Feature", "geometry": {"type": "Polygon", "coordinates": [[[-87.7403151, 41.7814439], [-87.7403181, 41.7815153], [-87.7401256, 41.7815184], [-87.7401244, 41.7814471], [-87.7403151, 41.7814439]]]}, "properties": {"height": 3, "night": "#6b2f17"}}, {"type": "Feature", "geometry": {"type": "Polygon", "coordinates": [[[-87.7312355, 41.7813953], [-87.7312368, 41.7814571], [-87.7310608, 41.7814603], [-87.7310595, 41.7813972], [-87.7312355, 41.7813953]]]}, "properties": {"height": 3, "night": "#5b2813"}}, {"type": "Feature", "geometry": {"type": "Polygon", "coordinates": [[[-87.7305211, 41.7811432], [-87.7305226, 41.7811775], [-87.730497, 41.7811774], [-87.7304984, 41.7812131], [-87.7303664, 41.7812151], [-87.7303665, 41.7812124], [-87.73035, 41.7812137], [-87.7303487, 41.7811519], [-87.7303707, 41.781152], [-87.7303708, 41.7811452], [-87.7305211, 41.7811432]]]}, "properties": {"height": 3, "night": "#5a2813"}}, {"type": "Feature", "geometry": {"type": "Polygon", "coordinates": [[[-87.7397208, 41.7808755], [-87.7397239, 41.7809455], [-87.7395423, 41.7809487], [-87.7395393, 41.7808787], [-87.7397208, 41.7808755]]]}, "properties": {"height": 3, "night": "#692e16"}}, {"type": "Feature", "geometry": {"type": "Polygon", "coordinates": [[[-87.7329891, 41.7807006], [-87.7329921, 41.7807692], [-87.7327923, 41.7807723], [-87.7327923, 41.7807709], [-87.7327794, 41.7807709], [-87.7327782, 41.7807091], [-87.7327892, 41.7807092], [-87.7327892, 41.7807037], [-87.7329891, 41.7807006]]]}, "properties": {"height": 3, "night": "#5d2914"}}, {"type": "Feature", "geometry": {"type": "Polygon", "coordinates": [[[-87.7287192, 41.7805396], [-87.7287222, 41.780611], [-87.7285535, 41.7806128], [-87.7285524, 41.7805429], [-87.7287192, 41.7805396]]]}, "properties": {"height": 6, "night": "#5c2d18"}}, {"type": "Feature", "geometry": {"type": "Polygon", "coordinates": [[[-87.7299273, 41.7801439], [-87.7299402, 41.780144], [-87.7299401, 41.7801481], [-87.7299511, 41.7801482], [-87.7299509, 41.7801784], [-87.729938, 41.7801783], [-87.7299395, 41.7802153], [-87.7299102, 41.7802166], [-87.7297525, 41.7802185], [-87.7297495, 41.7801471], [-87.7299273, 41.7801439]]]}, "properties": {"height": 6, "night": "#5e2e18"}}, {"type": "Feature", "geometry": {"type": "Polygon", "coordinates": [[[-87.7299516, 41.7798984], [-87.7299516, 41.7799053], [-87.7299607, 41.7799054], [-87.7299625, 41.7799163], [-87.7299533, 41.7799163], [-87.729955, 41.77993], [-87.7299678, 41.7799301], [-87.7299676, 41.7799562], [-87.7299548, 41.7799561], [-87.7299565, 41.7799684], [-87.7297621, 41.7799715], [-87.7297591, 41.7799015], [-87.7299516, 41.7798984]]]}, "properties": {"height": 6, "night": "#5d2d18"}}, {"type": "Feature", "geometry": {"type": "Polygon", "coordinates": [[[-87.7392043, 41.7794417], [-87.7392058, 41.7794801], [-87.7392369, 41.7794803], [-87.7392397, 41.7795777], [-87.7391462, 41.7795786], [-87.7391462, 41.7795731], [-87.7391242, 41.779573], [-87.7391229, 41.7795195], [-87.7391449, 41.7795182], [-87.7391452, 41.7794839], [-87.7391232, 41.7794838], [-87.7391218, 41.779444], [-87.7392043, 41.7794417]]]}, "properties": {"height": 3, "night": "#652d16"}}, {"type": "Feature", "geometry": {"type": "Polygon", "coordinates": [[[-87.7390437, 41.7793613], [-87.7390467, 41.7794327], [-87.7388377, 41.7794357], [-87.7388347, 41.7793643], [-87.7390437, 41.7793613]]]}, "properties": {"height": 3, "night": "#642c16"}}, {"type": "Feature", "geometry": {"type": "Polygon", "coordinates": [[[-87.7341546, 41.7791726], [-87.7341557, 41.7792453], [-87.733943, 41.7792484], [-87.7339419, 41.7791756], [-87.7341546, 41.7791726]]]}, "properties": {"height": 3, "night": "#5d2914"}}, {"type": "Feature", "geometry": {"type": "Polygon", "coordinates": [[[-87.7329064, 41.7779641], [-87.7329063, 41.7779792], [-87.7329338, 41.777978], [-87.7329333, 41.7780328], [-87.7329058, 41.7780327], [-87.7329075, 41.7780506], [-87.7326801, 41.7780535], [-87.7326791, 41.777967], [-87.7329064, 41.7779641]]]}, "properties": {"height": 6, "night": "#5f2e19"}}, {"type": "Feature", "geometry": {"type": "Polygon", "coordinates": [[[-87.7438289, 41.7776955], [-87.7438301, 41.7777627], [-87.7437439, 41.7777636], [-87.7437439, 41.7777691], [-87.7436705, 41.7777715], [-87.7436694, 41.7776988], [-87.7437464, 41.7776978], [-87.7437464, 41.7776964], [-87.7438289, 41.7776955]]]}, "properties": {"height": 3, "night": "#652d16"}}, {"type": "Feature", "geometry": {"type": "Polygon", "coordinates": [[[-87.7408549, 41.7775649], [-87.7408549, 41.7775704], [-87.740864, 41.7775704], [-87.7408672, 41.7776281], [-87.7408562, 41.777628], [-87.7408561, 41.7776335], [-87.7407223, 41.7776356], [-87.7407225, 41.7776109], [-87.740695, 41.7776107], [-87.7406934, 41.7775847], [-87.7407191, 41.7775848], [-87.7407174, 41.7775669], [-87.7408549, 41.7775649]]]}, "properties": {"height": 3, "night": "#622c15"}}, {"type": "Feature", "geometry": {"type": "Polygon", "coordinates": [[[-87.7347478, 41.7774715], [-87.734749, 41.7775387], [-87.7345712, 41.7775419], [-87.73457, 41.7774747], [-87.7347478, 41.7774715]]]}, "properties": {"height": 3, "night": "#5a2813"}}, {"type": "Feature", "geometry": {"type": "Polygon", "coordinates": [[[-87.7383921, 41.7772654], [-87.7383921, 41.7772681], [-87.7384049, 41.7772682], [-87.7384044, 41.7773286], [-87.7383952, 41.7773285], [-87.7383952, 41.777334], [-87.7382577, 41.7773347], [-87.7382577, 41.7773278], [-87.7382192, 41.777329], [-87.7382193, 41.7773249], [-87.7381918, 41.7773247], [-87.7381905, 41.7772685], [-87.738218, 41.7772686], [-87.738218, 41.7772659], [-87.7383921, 41.7772654]]]}, "properties": {"height": 3, "night": "#5f2a14"}}, {"type": "Feature", "geometry": {"type": "Polygon", "coordinates": [[[-87.7396403, 41.7770852], [-87.7396433, 41.7771566], [-87.7394636, 41.7771598], [-87.7394639, 41.7771378], [-87.7394217, 41.7771376], [-87.7394203, 41.777091], [-87.7394624, 41.7770912], [-87.7394625, 41.7770884], [-87.7396403, 41.7770852]]]}, "properties": {"height": 3, "night": "#602a14"}}, {"type": "Feature", "geometry": {"type": "Polygon", "coordinates": [[[-87.7310785, 41.7770201], [-87.7310784, 41.7770242], [-87.7310949, 41.7770243], [-87.7310947, 41.7770531], [-87.7310782, 41.777053], [-87.7310797, 41.777086], [-87.7309294, 41.7770879], [-87.7309294, 41.7770811], [-87.7309001, 41.7770809], [-87.7308988, 41.777026], [-87.7309281, 41.7770248], [-87.7309281, 41.7770234], [-87.7310785, 41.7770201]]]}, "properties": {"height": 6, "night": "#5a2c17"}}, {"type": "Feature", "geometry": {"type": "Polygon", "coordinates": [[[-87.7315916, 41.7768444], [-87.7315932, 41.7768691], [-87.7316078, 41.7768692], [-87.7316094, 41.7768994], [-87.7315929, 41.7768993], [-87.7315929, 41.7769007], [-87.7315946, 41.7769103], [-87.7314663, 41.7769124], [-87.7314632, 41.7768465], [-87.7315916, 41.7768444]]]}, "properties": {"height": 6, "night": "#5a2c17"}}, {"type": "Feature", "geometry": {"type": "Polygon", "coordinates": [[[-87.7408094, 41.7763407], [-87.740811, 41.7763572], [-87.7408239, 41.7763573], [-87.7408366, 41.7763656], [-87.7408363, 41.7763971], [-87.7408179, 41.7764094], [-87.7406327, 41.7764125], [-87.7406297, 41.7763425], [-87.7408094, 41.7763407]]]}, "properties": {"height": 3, "night": "#5f2a14"}}, {"type": "Feature", "geometry": {"type": "Polygon", "coordinates": [[[-87.7310447, 41.7763256], [-87.7310458, 41.7763942], [-87.7309138, 41.7763963], [-87.7309108, 41.7763277], [-87.7310447, 41.7763256]]]}, "properties": {"height": 8, "night": "#5c301a"}}, {"type": "Feature", "geometry": {"type": "Polygon", "coordinates": [[[-87.7456521, 41.7759649], [-87.7456552, 41.7760335], [-87.745492, 41.7760368], [-87.7454908, 41.7759668], [-87.7456521, 41.7759649]]]}, "properties": {"height": 3, "night": "#622b15"}}, {"type": "Feature", "geometry": {"type": "Polygon", "coordinates": [[[-87.7327828, 41.7758929], [-87.7327843, 41.7759244], [-87.7328503, 41.7759234], [-87.7328518, 41.7759632], [-87.7326593, 41.7759663], [-87.7326581, 41.775895], [-87.7327828, 41.7758929]]]}, "properties": {"height": 3, "night": "#542512"}}, {"type": "Feature", "geometry": {"type": "Polygon", "coordinates": [[[-87.7310353, 41.7757548], [-87.7310499, 41.7757631], [-87.7310516, 41.7757823], [-87.7310442, 41.7757891], [-87.7310258, 41.775789], [-87.7310256, 41.7758151], [-87.7308166, 41.7758181], [-87.7308135, 41.7757577], [-87.7310353, 41.7757548]]]}, "properties": {"height": 6, "night": "#572a16"}}, {"type": "Feature", "geometry": {"type": "Polygon", "coordinates": [[[-87.7464145, 41.7757808], [-87.7464159, 41.7758302], [-87.7464068, 41.7758302], [-87.7464065, 41.7758563], [-87.7463424, 41.7758573], [-87.7463425, 41.7758395], [-87.7463315, 41.7758394], [-87.7463316, 41.7758312], [-87.7463224, 41.7758311], [-87.746321, 41.7757817], [-87.7464145, 41.7757808]]]}, "properties": {"height": 8, "night": "#6f3b21"}}, {"type": "Feature", "geometry": {"type": "Polygon", "coordinates": [[[-87.7346979, 41.7854064], [-87.7346991, 41.7854722], [-87.7346074, 41.7854731], [-87.7346062, 41.7854073], [-87.7346979, 41.7854064]]]}, "properties": {"height": 8, "night": "#753e23"}}, {"type": "Feature", "geometry": {"type": "Polygon", "coordinates": [[[-87.7297107, 41.7877966], [-87.7297101, 41.7878611], [-87.7296221, 41.787862], [-87.7296227, 41.7877975], [-87.7297107, 41.7877966]]]}, "properties": {"height": 8, "night": "#6a381f"}}, {"type": "Feature", "geometry": {"type": "Polygon", "coordinates": [[[-87.7357381, 41.7878926], [-87.7358334, 41.7878931], [-87.7358328, 41.7879576], [-87.7357357, 41.7879557], [-87.7357381, 41.7878926]]]}, "properties": {"height": 8, "night": "#7a4125"}}, {"type": "Feature", "geometry": {"type": "Polygon", "coordinates": [[[-87.7321431, 41.7904096], [-87.7322219, 41.79041], [-87.7322232, 41.7904676], [-87.7321426, 41.7904672], [-87.7321431, 41.7904096]]]}, "properties": {"height": 8, "night": "#713c21"}}, {"type": "Feature", "geometry": {"type": "Polygon", "coordinates": [[[-87.7321727, 41.7831168], [-87.7321759, 41.7831744], [-87.7320897, 41.7831754], [-87.7320884, 41.7831191], [-87.7321727, 41.7831168]]]}, "properties": {"height": 8, "night": "#6c3920"}}, {"type": "Feature", "geometry": {"type": "Polygon", "coordinates": [[[-87.7296894, 41.7820609], [-87.7296906, 41.7821296], [-87.7296154, 41.7821305], [-87.7296142, 41.7820619], [-87.7296894, 41.7820609]]]}, "properties": {"height": 8, "night": "#65351d"}}, {"type": "Feature", "geometry": {"type": "Polygon", "coordinates": [[[-87.7466737, 41.7757039], [-87.7466994, 41.7757041], [-87.7466991, 41.7757288], [-87.7466753, 41.77573], [-87.7466737, 41.7757039]]]}, "properties": {"height": 8, "night": "#6e3a21"}}, {"type": "Feature", "geometry": {"type": "Polygon", "coordinates": [[[-87.7321622, 41.7828725], [-87.7321635, 41.7829301], [-87.7320828, 41.7829311], [-87.7320815, 41.7828734], [-87.7321622, 41.7828725]]]}, "properties": {"height": 8, "night": "#6c3920"}}, {"type": "Feature", "geometry": {"type": "Polygon", "coordinates": [[[-87.7320005, 41.7770208], [-87.7320018, 41.7770771], [-87.731912, 41.7770794], [-87.7319089, 41.7770217], [-87.7320005, 41.7770208]]]}, "properties": {"height": 8, "night": "#60321b"}}, {"type": "Feature", "geometry": {"type": "Polygon", "coordinates": [[[-87.7346859, 41.7906356], [-87.734689, 41.7906946], [-87.7346028, 41.7906955], [-87.7346015, 41.7906365], [-87.7346859, 41.7906356]]]}, "properties": {"height": 8, "night": "#774024"}}, {"type": "Feature", "geometry": {"type": "Polygon", "coordinates": [[[-87.7284519, 41.7867485], [-87.7284534, 41.7867842], [-87.7283709, 41.7867865], [-87.7283694, 41.7867495], [-87.7284519, 41.7867485]]]}, "properties": {"height": 8, "night": "#66361e"}}, {"type": "Feature", "geometry": {"type": "Polygon", "coordinates": [[[-87.7361305, 41.7762314], [-87.736158, 41.7762329], [-87.7361559, 41.7762576], [-87.7361284, 41.7762561], [-87.7361305, 41.7762314]]]}, "properties": {"height": 8, "night": "#65351d"}}, {"type": "Feature", "geometry": {"type": "Polygon", "coordinates": [[[-87.7441768, 41.7763306], [-87.7441782, 41.7763855], [-87.7440902, 41.7763878], [-87.7440888, 41.7763315], [-87.7441768, 41.7763306]]]}, "properties": {"height": 8, "night": "#6f3b21"}}, {"type": "Feature", "geometry": {"type": "Polygon", "coordinates": [[[-87.7380349, 41.7774419], [-87.738038, 41.7775009], [-87.737939, 41.7775032], [-87.7379377, 41.7774442], [-87.7380349, 41.7774419]]]}, "properties": {"height": 8, "night": "#6b381f"}}, {"type": "Feature", "geometry": {"type": "Polygon", "coordinates": [[[-87.7344739, 41.783664], [-87.7344751, 41.7837284], [-87.7343541, 41.7837319], [-87.734351, 41.7836674], [-87.7344739, 41.783664]]]}, "properties": {"height": 8, "night": "#723c22"}}, {"type": "Feature", "geometry": {"type": "Polygon", "coordinates": [[[-87.7476574, 41.7755759], [-87.7476568, 41.7756362], [-87.7475762, 41.7756372], [-87.7475749, 41.7755768], [-87.7476574, 41.7755759]]]}, "properties": {"height": 8, "night": "#6e3a21"}}, {"type": "Feature", "geometry": {"type": "Polygon", "coordinates": [[[-87.7274029, 41.7902859], [-87.7274872, 41.7902863], [-87.7274884, 41.7903536], [-87.7274022, 41.7903545], [-87.7274029, 41.7902859]]]}, "properties": {"height": 8, "night": "#65351d"}}, {"type": "Feature", "geometry": {"type": "Polygon", "coordinates": [[[-87.7296612, 41.7862376], [-87.7296642, 41.7863103], [-87.7295542, 41.7863125], [-87.7295512, 41.7862398], [-87.7296612, 41.7862376]]]}, "properties": {"height": 8, "night": "#69371f"}}, {"type": "Feature", "geometry": {"type": "Polygon", "coordinates": [[[-87.7333649, 41.7844348], [-87.7334401, 41.7844352], [-87.7334377, 41.7844983], [-87.7333643, 41.7844965], [-87.7333649, 41.7844348]]]}, "properties": {"height": 8, "night": "#713c21"}}, {"type": "Feature", "geometry": {"type": "Polygon", "coordinates": [[[-87.7369009, 41.7868613], [-87.7370201, 41.7868619], [-87.7370195, 41.7869223], [-87.7369003, 41.7869217], [-87.7369009, 41.7868613]]]}, "properties": {"height": 8, "night": "#7c4225"}}, {"type": "Feature", "geometry": {"type": "Polygon", "coordinates": [[[-87.7417, 41.7803547], [-87.741703, 41.7804247], [-87.7416297, 41.7804257], [-87.7416267, 41.7803557], [-87.7417, 41.7803547]]]}, "properties": {"height": 8, "night": "#794024"}}, {"type": "Feature", "geometry": {"type": "Polygon", "coordinates": [[[-87.7360795, 41.7906167], [-87.7360826, 41.790684], [-87.736, 41.7906863], [-87.735997, 41.7906191], [-87.7360795, 41.7906167]]]}, "properties": {"height": 8, "night": "#7b4225"}}, {"type": "Feature", "geometry": {"type": "Polygon", "coordinates": [[[-87.740443, 41.7795003], [-87.7404461, 41.7795606], [-87.7403324, 41.7795628], [-87.7403293, 41.7795024], [-87.740443, 41.7795003]]]}, "properties": {"height": 8, "night": "#743e23"}}, {"type": "Feature", "geometry": {"type": "Polygon", "coordinates": [[[-87.7274592, 41.788195], [-87.7274586, 41.7882595], [-87.7273743, 41.7882605], [-87.7273731, 41.788196], [-87.7274592, 41.788195]]]}, "properties": {"height": 8, "night": "#65351d"}}, {"type": "Feature", "geometry": {"type": "Polygon", "coordinates": [[[-87.7483843, 41.776427], [-87.7484888, 41.7764256], [-87.7484905, 41.7764838], [-87.7483864, 41.7764833], [-87.7483843, 41.776427]]]}, "properties": {"height": 8, "night": "#723c22"}}, {"type": "Feature", "geometry": {"type": "Polygon", "coordinates": [[[-87.740565, 41.7829656], [-87.7405646, 41.7830081], [-87.740484, 41.7830104], [-87.7404825, 41.7829665], [-87.740565, 41.7829656]]]}, "properties": {"height": 8, "night": "#7e4326"}}, {"type": "Feature", "geometry": {"type": "Polygon", "coordinates": [[[-87.7284931, 41.7827572], [-87.7284926, 41.7828066], [-87.7284174, 41.7828076], [-87.7284161, 41.7827582], [-87.7284931, 41.7827572]]]}, "properties": {"height": 8, "night": "#63331c"}}, {"type": "Feature", "geometry": {"type": "Polygon", "coordinates": [[[-87.7345921, 41.7904718], [-87.7346782, 41.7904722], [-87.7346777, 41.7905326], [-87.7345915, 41.7905322], [-87.7345921, 41.7904718]]]}, "properties": {"height": 8, "night": "#774024"}}, {"type": "Feature", "geometry": {"type": "Polygon", "coordinates": [[[-87.7357288, 41.779023], [-87.7357301, 41.779082], [-87.7356458, 41.779083], [-87.7356445, 41.779024], [-87.7357288, 41.779023]]]}, "properties": {"height": 8, "night": "#6b381f"}}, {"type": "Feature", "geometry": {"type": "Polygon", "coordinates": [[[-87.7403888, 41.7774198], [-87.7403919, 41.7774774], [-87.7403076, 41.7774784], [-87.7403045, 41.7774221], [-87.7403888, 41.7774198]]]}, "properties": {"height": 8, "night": "#6e3a21"}}, {"type": "Feature", "geometry": {"type": "Polygon", "coordinates": [[[-87.7405346, 41.782293], [-87.7405359, 41.7823507], [-87.7404479, 41.7823516], [-87.7404466, 41.782294], [-87.7405346, 41.782293]]]}, "properties": {"height": 8, "night": "#7c4225"}}, {"type": "Feature", "geometry": {"type": "Polygon", "coordinates": [[[-87.7309154, 41.7817161], [-87.7309185, 41.7817779], [-87.7308286, 41.7817788], [-87.7308274, 41.781717], [-87.7309154, 41.7817161]]]}, "properties": {"height": 8, "night": "#67361e"}}, {"type": "Feature", "geometry": {"type": "Polygon", "coordinates": [[[-87.7284485, 41.7812545], [-87.7284498, 41.7813176], [-87.7283691, 41.7813185], [-87.7283678, 41.7812554], [-87.7284485, 41.7812545]]]}, "properties": {"height": 8, "night": "#60321c"}}, {"type": "Feature", "geometry": {"type": "Polygon", "coordinates": [[[-87.7281934, 41.7777816], [-87.7281947, 41.7778365], [-87.7281122, 41.7778388], [-87.7281108, 41.7777839], [-87.7281934, 41.7777816]]]}, "properties": {"height": 8, "night": "#5a2e19"}}, {"type": "Feature", "geometry": {"type": "Polygon", "coordinates": [[[-87.7309085, 41.7820564], [-87.7309098, 41.7821181], [-87.7308346, 41.7821191], [-87.7308315, 41.7820573], [-87.7309085, 41.7820564]]]}, "properties": {"height": 8, "night": "#67361e"}}, {"type": "Feature", "geometry": {"type": "Polygon", "coordinates": [[[-87.7365499, 41.7861625], [-87.7366415, 41.7861629], [-87.7366428, 41.7862206], [-87.7365511, 41.7862215], [-87.7365499, 41.7861625]]]}, "properties": {"height": 8, "night": "#7b4225"}}, {"type": "Feature", "geometry": {"type": "Polygon", "coordinates": [[[-87.7286578, 41.7880504], [-87.7286609, 41.7881108], [-87.7285747, 41.7881131], [-87.7285716, 41.7880513], [-87.7286578, 41.7880504]]]}, "properties": {"height": 8, "night": "#68361e"}}, {"type": "Feature", "geometry": {"type": "Polygon", "coordinates": [[[-87.7358362, 41.7761476], [-87.7358373, 41.7762189], [-87.7357548, 41.7762199], [-87.7357537, 41.7761485], [-87.7358362, 41.7761476]]]}, "properties": {"height": 8, "night": "#64341d"}}, {"type": "Feature", "geometry": {"type": "Polygon", "coordinates": [[[-87.7299022, 41.7892768], [-87.7299054, 41.7893317], [-87.7298247, 41.789334], [-87.7298215, 41.7892791], [-87.7299022, 41.7892768]]]}, "properties": {"height": 8, "night": "#6b381f"}}, {"type": "Feature", "geometry": {"type": "Polygon", "coordinates": [[[-87.7285173, 41.7889594], [-87.7285185, 41.7890184], [-87.728414, 41.7890193], [-87.7284128, 41.7889602], [-87.7285173, 41.7889594]]]}, "properties": {"height": 8, "night": "#67361e"}}, {"type": "Feature", "geometry": {"type": "Polygon", "coordinates": [[[-87.7360773, 41.7762366], [-87.7360804, 41.7763011], [-87.7359924, 41.776302], [-87.7359911, 41.7762389], [-87.7360773, 41.7762366]]]}, "properties": {"height": 8, "night": "#65351d"}}, {"type": "Feature", "geometry": {"type": "Polygon", "coordinates": [[[-87.7334935, 41.7855826], [-87.7334948, 41.7856402], [-87.7333867, 41.7856424], [-87.7333835, 41.7855848], [-87.7334935, 41.7855826]]]}, "properties": {"height": 8, "night": "#723d22"}}, {"type": "Feature", "geometry": {"type": "Polygon", "coordinates": [[[-87.7331188, 41.7793675], [-87.7331219, 41.7794279], [-87.7330303, 41.7794288], [-87.733029, 41.7793698], [-87.7331188, 41.7793675]]]}, "properties": {"height": 8, "night": "#67361e"}}, {"type": "Feature", "geometry": {"type": "Polygon", "coordinates": [[[-87.7371368, 41.7845491], [-87.7371361, 41.784626], [-87.7370371, 41.7846254], [-87.737036, 41.78455], [-87.7371368, 41.7845491]]]}, "properties": {"height": 8, "night": "#7a4125"}}, {"type": "Feature", "geometry": {"type": "Polygon", "coordinates": [[[-87.7452425, 41.7766599], [-87.7452455, 41.7767312], [-87.7451557, 41.7767322], [-87.7451527, 41.7766608], [-87.7452425, 41.7766599]]]}, "properties": {"height": 8, "night": "#713c21"}}, {"type": "Feature", "geometry": {"type": "Polygon", "coordinates": [[[-87.7359727, 41.789878], [-87.7360589, 41.7898784], [-87.7360583, 41.7899415], [-87.7359721, 41.7899425], [-87.7359727, 41.789878]]]}, "properties": {"height": 8, "night": "#7b4225"}}, {"type": "Feature", "geometry": {"type": "Polygon", "coordinates": [[[-87.733619, 41.7902225], [-87.7336202, 41.7902842], [-87.733534, 41.7902851], [-87.7335309, 41.7902248], [-87.733619, 41.7902225]]]}, "properties": {"height": 8, "night": "#753e23"}}, {"type": "Feature", "geometry": {"type": "Polygon", "coordinates": [[[-87.7416713, 41.7794901], [-87.7416745, 41.779545], [-87.7415919, 41.7795473], [-87.7415906, 41.7794925], [-87.7416713, 41.7794901]]]}, "properties": {"height": 8, "night": "#763f23"}}, {"type": "Feature", "geometry": {"type": "Polygon", "coordinates": [[[-87.7333825, 41.7854956], [-87.733476, 41.7854961], [-87.7334759, 41.785507], [-87.7334755, 41.785555], [-87.733382, 41.7855546], [-87.7333824, 41.7855065], [-87.7333825, 41.7854956]]]}, "properties": {"height": 8, "night": "#723c22"}}, {"type": "Feature", "geometry": {"type": "Polygon", "coordinates": [[[-87.7335319, 41.7869783], [-87.7335408, 41.7870085], [-87.7335313, 41.7870414], [-87.7334378, 41.7870423], [-87.7334289, 41.7870107], [-87.7334347, 41.7869791], [-87.7335319, 41.7869783]]]}, "properties": {"height": 8, "night": "#743d22"}}, {"type": "Feature", "geometry": {"type": "Polygon", "coordinates": [[[-87.7281257, 41.775616], [-87.7281273, 41.7756434], [-87.7281287, 41.775686], [-87.7280426, 41.7756869], [-87.7280429, 41.7756485], [-87.7280521, 41.7756485], [-87.7280524, 41.775617], [-87.7281257, 41.775616]]]}, "properties": {"height": 8, "night": "#552b17"}}, {"type": "Feature", "geometry": {"type": "Polygon", "coordinates": [[[-87.7391712, 41.777666], [-87.7391725, 41.7777236], [-87.7390918, 41.7777246], [-87.7390918, 41.7777232], [-87.7390607, 41.777723], [-87.7390593, 41.7776709], [-87.7390868, 41.777671], [-87.7390868, 41.7776669], [-87.7391712, 41.777666]]]}, "properties": {"height": 8, "night": "#6d3a20"}}, {"type": "Feature", "geometry": {"type": "Polygon", "coordinates": [[[-87.7318073, 41.7714091], [-87.7318111, 41.7715971], [-87.7317322, 41.771598], [-87.7317267, 41.7714114], [-87.7318073, 41.7714091]]]}, "properties": {"height": 3, "night": "#4a200f"}}, {"type": "Feature", "geometry": {"type": "Polygon", "coordinates": [[[-87.7353533, 41.7736587], [-87.7353574, 41.7738152], [-87.7353519, 41.7738151], [-87.7353518, 41.7738247], [-87.7352656, 41.7738257], [-87.7352657, 41.7738174], [-87.7352566, 41.7738174], [-87.7352541, 41.7736856], [-87.7352761, 41.7736857], [-87.7352764, 41.7736597], [-87.7353533, 41.7736587]]]}, "properties": {"height": 3, "night": "#532512"}}, {"type": "Feature", "geometry": {"type": "Polygon", "coordinates": [[[-87.735988, 41.7718302], [-87.7359958, 41.7719839], [-87.7359921, 41.7719839], [-87.7359939, 41.7719921], [-87.7359022, 41.7719944], [-87.7359005, 41.7719848], [-87.7358968, 41.7719848], [-87.7358906, 41.7718599], [-87.73592, 41.7718586], [-87.7359184, 41.7718312], [-87.735988, 41.7718302]]]}, "properties": {"height": 3, "night": "#4f2311"}}, {"type": "Feature", "geometry": {"type": "Polygon", "coordinates": [[[-87.7368683, 41.7749427], [-87.7370284, 41.7750794], [-87.7369491, 41.7751325], [-87.7369236, 41.7751117], [-87.7369162, 41.7751172], [-87.7367817, 41.7749999], [-87.7368683, 41.7749427]]]}, "properties": {"height": 3, "night": "#582713"}}, {"type": "Feature", "geometry": {"type": "Polygon", "coordinates": [[[-87.7437826, 41.7753379], [-87.7437856, 41.775412], [-87.7435986, 41.7754151], [-87.7435975, 41.775341], [-87.7437826, 41.7753379]]]}, "properties": {"height": 3, "night": "#5f2a14"}}, {"type": "Feature", "geometry": {"type": "Polygon", "coordinates": [[[-87.7315478, 41.7752525], [-87.7315493, 41.7752882], [-87.731564, 41.7752869], [-87.7315656, 41.7753116], [-87.7315491, 41.7753115], [-87.731549, 41.7753225], [-87.7314005, 41.7753244], [-87.7313992, 41.7752654], [-87.731412, 41.7752655], [-87.7314121, 41.7752531], [-87.7315478, 41.7752525]]]}, "properties": {"height": 3, "night": "#512411"}}, {"type": "Feature", "geometry": {"type": "Polygon", "coordinates": [[[-87.7427256, 41.7748852], [-87.7427401, 41.7750945], [-87.7426289, 41.7750965], [-87.7424064, 41.7751005], [-87.7424159, 41.7749828], [-87.7424796, 41.7749127], [-87.742539, 41.7748984], [-87.7427256, 41.7748852]]]}, "properties": {"height": 3, "night": "#5d2914"}}, {"type": "Feature", "geometry": {"type": "Polygon", "coordinates": [[[-87.7327548, 41.7745672], [-87.7327548, 41.7745741], [-87.7327969, 41.7745729], [-87.7328, 41.7746402], [-87.7326167, 41.774642], [-87.7326155, 41.7745693], [-87.7327548, 41.7745672]]]}, "properties": {"height": 6, "night": "#572a16"}}, {"type": "Feature", "geometry": {"type": "Polygon", "coordinates": [[[-87.7279437, 41.7743073], [-87.7279447, 41.7743965], [-87.7278365, 41.7743987], [-87.7278366, 41.7743973], [-87.7277431, 41.7743982], [-87.7277401, 41.7743227], [-87.7278281, 41.7743218], [-87.7278264, 41.7743095], [-87.7279437, 41.7743073]]]}, "properties": {"height": 6, "night": "#4e2613"}}, {"type": "Feature", "geometry": {"type": "Polygon", "coordinates": [[[-87.7316364, 41.7740057], [-87.7316379, 41.77404], [-87.7315994, 41.7740411], [-87.7316009, 41.7740823], [-87.731522, 41.7740847], [-87.7315221, 41.7740778], [-87.7313828, 41.7740812], [-87.7313798, 41.7740112], [-87.7316364, 41.7740057]]]}, "properties": {"height": 6, "night": "#542815"}}, {"type": "Feature", "geometry": {"type": "Polygon", "coordinates": [[[-87.7395164, 41.7736309], [-87.7395178, 41.7736721], [-87.7395288, 41.7736721], [-87.7395286, 41.7737009], [-87.7393709, 41.7737015], [-87.7393716, 41.7736315], [-87.7395164, 41.7736309]]]}, "properties": {"height": 3, "night": "#572612"}}, {"type": "Feature", "geometry": {"type": "Polygon", "coordinates": [[[-87.741107, 41.7732782], [-87.741283, 41.7732791], [-87.7412823, 41.7733519], [-87.7411063, 41.773351], [-87.741107, 41.7732782]]]}, "properties": {"height": 3, "night": "#582713"}}, {"type": "Feature", "geometry": {"type": "Polygon", "coordinates": [[[-87.7382754, 41.772841], [-87.7382784, 41.7729165], [-87.7380987, 41.7729183], [-87.7380957, 41.7728428], [-87.7382754, 41.772841]]]}, "properties": {"height": 3, "night": "#542512"}}, {"type": "Feature", "geometry": {"type": "Polygon", "coordinates": [[[-87.7309383, 41.7726079], [-87.7309395, 41.7726751], [-87.7308038, 41.7726772], [-87.7308021, 41.7726634], [-87.7307673, 41.7726633], [-87.730766, 41.7726111], [-87.7309383, 41.7726079]]]}, "properties": {"height": 6, "night": "#4f2614"}}, {"type": "Feature", "geometry": {"type": "Polygon", "coordinates": [[[-87.7345985, 41.7722428], [-87.7345985, 41.7722456], [-87.7346113, 41.7722456], [-87.7346125, 41.7723156], [-87.7346033, 41.7723156], [-87.7346033, 41.7723183], [-87.734431, 41.7723215], [-87.734428, 41.7722461], [-87.7345985, 41.7722428]]]}, "properties": {"height": 3, "night": "#4f2311"}}, {"type": "Feature", "geometry": {"type": "Polygon", "coordinates": [[[-87.7339179, 41.77191], [-87.7339191, 41.77198], [-87.7337871, 41.771982], [-87.7337872, 41.7719738], [-87.7337743, 41.7719737], [-87.7337731, 41.771912], [-87.7339179, 41.77191]]]}, "properties": {"height": 6, "night": "#522715"}}, {"type": "Feature", "geometry": {"type": "Polygon", "coordinates": [[[-87.7327221, 41.771595], [-87.7327215, 41.7716554], [-87.7326775, 41.7716551], [-87.7326774, 41.7716675], [-87.7325344, 41.7716681], [-87.7325345, 41.7716612], [-87.7325235, 41.7716612], [-87.732524, 41.7716022], [-87.7325387, 41.7716023], [-87.7325388, 41.7715968], [-87.7327221, 41.771595]]]}, "properties": {"height": 6, "night": "#4f2614"}}, {"type": "Feature", "geometry": {"type": "Polygon", "coordinates": [[[-87.7350482, 41.7705917], [-87.7350482, 41.7705972], [-87.7350555, 41.7705973], [-87.735057, 41.7706329], [-87.7350442, 41.7706329], [-87.7350458, 41.7706617], [-87.7349523, 41.770664], [-87.7349492, 41.770594], [-87.7350482, 41.7705917]]]}, "properties": {"height": 6, "night": "#502614"}}, {"type": "Feature", "geometry": {"type": "Polygon", "coordinates": [[[-87.7308967, 41.7703971], [-87.7308961, 41.7704603], [-87.7306908, 41.7704619], [-87.7306914, 41.7703988], [-87.7308967, 41.7703971]]]}, "properties": {"height": 6, "night": "#4a2312"}}, {"type": "Feature", "geometry": {"type": "Polygon", "coordinates": [[[-87.7362506, 41.7700066], [-87.7362518, 41.7700697], [-87.736118, 41.7700718], [-87.7361167, 41.7700086], [-87.7362506, 41.7700066]]]}, "properties": {"height": 3, "night": "#4b2110"}}, {"type": "Feature", "geometry": {"type": "Polygon", "coordinates": [[[-87.7277536, 41.7697686], [-87.7277548, 41.76984], [-87.7276118, 41.7698406], [-87.7276122, 41.7698008], [-87.7275994, 41.7698008], [-87.7275996, 41.7697761], [-87.7276088, 41.7697761], [-87.7276088, 41.7697693], [-87.7277536, 41.7697686]]]}, "properties": {"height": 3, "night": "#401c0d"}}, {"type": "Feature", "geometry": {"type": "Polygon", "coordinates": [[[-87.7289904, 41.7692236], [-87.7289902, 41.7692496], [-87.7290049, 41.7692497], [-87.7290066, 41.7692607], [-87.7289901, 41.769262], [-87.72899, 41.7692757], [-87.729001, 41.7692758], [-87.7290026, 41.7692963], [-87.7288064, 41.7692994], [-87.7288053, 41.7692267], [-87.7289904, 41.7692236]]]}, "properties": {"height": 3, "night": "#411c0d"}}, {"type": "Feature", "geometry": {"type": "Polygon", "coordinates": [[[-87.7344891, 41.7688311], [-87.734489, 41.7688434], [-87.7345, 41.7688435], [-87.7345013, 41.7689011], [-87.7343455, 41.7689017], [-87.7343443, 41.7688317], [-87.7344891, 41.7688311]]]}, "properties": {"height": 3, "night": "#461f0f"}}, {"type": "Feature", "geometry": {"type": "Polygon", "coordinates": [[[-87.7332475, 41.7685173], [-87.7332474, 41.7685214], [-87.7332639, 41.7685215], [-87.7332652, 41.7685818], [-87.7332505, 41.7685818], [-87.7332505, 41.7685873], [-87.7331002, 41.7685878], [-87.733099, 41.7685179], [-87.7332475, 41.7685173]]]}, "properties": {"height": 3, "night": "#441e0e"}}, {"type": "Feature", "geometry": {"type": "Polygon", "coordinates": [[[-87.7325873, 41.7679663], [-87.7325872, 41.7679746], [-87.7326367, 41.7679721], [-87.7326383, 41.768005], [-87.7325888, 41.7680061], [-87.7325903, 41.7680377], [-87.7324491, 41.7680397], [-87.7324474, 41.768026], [-87.7324383, 41.7680273], [-87.7324351, 41.7679696], [-87.7325873, 41.7679663]]]}, "properties": {"height": 3, "night": "#421d0e"}}, {"type": "Feature", "geometry": {"type": "Polygon", "coordinates": [[[-87.7340878, 41.7701916], [-87.7340892, 41.7702478], [-87.7339847, 41.7702486], [-87.7339834, 41.7701937], [-87.7340878, 41.7701916]]]}, "properties": {"height": 8, "night": "#502916"}}, {"type": "Feature", "geometry": {"type": "Polygon", "coordinates": [[[-87.7415227, 41.7745181], [-87.7415239, 41.7745839], [-87.7414304, 41.7745848], [-87.7414292, 41.7745189], [-87.7415227, 41.7745181]]]}, "properties": {"height": 8, "night": "#67361e"}}, {"type": "Feature", "geometry": {"type": "Polygon", "coordinates": [[[-87.7318229, 41.773278], [-87.7319035, 41.7732785], [-87.731903, 41.7733361], [-87.7318242, 41.7733357], [-87.7318229, 41.773278]]]}, "properties": {"height": 8, "night": "#562c18"}}, {"type": "Feature", "geometry": {"type": "Polygon", "coordinates": [[[-87.7329997, 41.7720932], [-87.7330748, 41.7720936], [-87.7330761, 41.7721567], [-87.7330009, 41.7721563], [-87.7329997, 41.7720932]]]}, "properties": {"height": 8, "night": "#542b17"}}, {"type": "Feature", "geometry": {"type": "Polygon", "coordinates": [[[-87.7379006, 41.7727375], [-87.7379036, 41.7728034], [-87.7377955, 41.7728069], [-87.7377924, 41.7727397], [-87.7379006, 41.7727375]]]}, "properties": {"height": 8, "night": "#5d301a"}}, {"type": "Feature", "geometry": {"type": "Polygon", "coordinates": [[[-87.7325294, 41.770827], [-87.7325307, 41.7708901], [-87.7324427, 41.770891], [-87.7324396, 41.7708279], [-87.7325294, 41.770827]]]}, "properties": {"height": 8, "night": "#502816"}}, {"type": "Feature", "geometry": {"type": "Polygon", "coordinates": [[[-87.7293686, 41.7703315], [-87.7293717, 41.7703987], [-87.7292965, 41.7704011], [-87.7292935, 41.7703338], [-87.7293686, 41.7703315]]]}, "properties": {"height": 8, "night": "#4a2513"}}, {"type": "Feature", "geometry": {"type": "Polygon", "coordinates": [[[-87.7391947, 41.7727332], [-87.739196, 41.7727881], [-87.7391117, 41.7727891], [-87.7391104, 41.7727342], [-87.7391947, 41.7727332]]]}, "properties": {"height": 8, "night": "#5f311b"}}, {"type": "Feature", "geometry": {"type": "Polygon", "coordinates": [[[-87.7305662, 41.775353], [-87.7305674, 41.7754189], [-87.7304794, 41.7754184], [-87.73048, 41.7753539], [-87.7305662, 41.775353]]]}, "properties": {"height": 8, "night": "#592e19"}}, {"type": "Feature", "geometry": {"type": "Polygon", "coordinates": [[[-87.73924, 41.7739862], [-87.7392395, 41.7740329], [-87.739146, 41.7740338], [-87.7391446, 41.7739885], [-87.73924, 41.7739862]]]}, "properties": {"height": 8, "night": "#62331c"}}, {"type": "Feature", "geometry": {"type": "Polygon", "coordinates": [[[-87.7330057, 41.7749871], [-87.7330088, 41.7750516], [-87.7329244, 41.7750539], [-87.7329214, 41.774988], [-87.7330057, 41.7749871]]]}, "properties": {"height": 8, "night": "#5c301a"}}, {"type": "Feature", "geometry": {"type": "Polygon", "coordinates": [[[-87.7329498, 41.7729217], [-87.7329511, 41.7729821], [-87.7328704, 41.772983], [-87.7328673, 41.772924], [-87.7329498, 41.7729217]]]}, "properties": {"height": 8, "night": "#572c18"}}, {"type": "Feature", "geometry": {"type": "Polygon", "coordinates": [[[-87.736987, 41.7753906], [-87.7370712, 41.7754075], [-87.7370467, 41.7754774], [-87.7369625, 41.7754605], [-87.736987, 41.7753906]]]}, "properties": {"height": 8, "night": "#64341d"}}, {"type": "Feature", "geometry": {"type": "Polygon", "coordinates": [[[-87.7403201, 41.7751252], [-87.7403215, 41.7751801], [-87.7402335, 41.7751796], [-87.740234, 41.7751261], [-87.7403201, 41.7751252]]]}, "properties": {"height": 8, "night": "#67361e"}}, {"type": "Feature", "geometry": {"type": "Polygon", "coordinates": [[[-87.7354777, 41.7703374], [-87.7354789, 41.7703991], [-87.7353891, 41.7704], [-87.7353879, 41.7703383], [-87.7354777, 41.7703374]]]}, "properties": {"height": 8, "night": "#532a17"}}, {"type": "Feature", "geometry": {"type": "Polygon", "coordinates": [[[-87.7359545, 41.7716859], [-87.7359557, 41.77176], [-87.735875, 41.771761], [-87.735872, 41.7716883], [-87.7359545, 41.7716859]]]}, "properties": {"height": 8, "night": "#572d18"}}, {"type": "Feature", "geometry": {"type": "Polygon", "coordinates": [[[-87.7304387, 41.7723295], [-87.7304643, 41.7723296], [-87.7304641, 41.7723502], [-87.7304366, 41.7723501], [-87.7304387, 41.7723295]]]}, "properties": {"height": 8, "night": "#512916"}}, {"type": "Feature", "geometry": {"type": "Polygon", "coordinates": [[[-87.7342293, 41.76917], [-87.7342324, 41.7692345], [-87.7341426, 41.7692354], [-87.7341413, 41.7691723], [-87.7342293, 41.76917]]]}, "properties": {"height": 8, "night": "#4e2715"}}, {"type": "Feature", "geometry": {"type": "Polygon", "coordinates": [[[-87.7305694, 41.7695488], [-87.7305724, 41.7696243], [-87.7304935, 41.7696239], [-87.7304924, 41.7695498], [-87.7305694, 41.7695488]]]}, "properties": {"height": 8, "night": "#4a2513"}}, {"type": "Feature", "geometry": {"type": "Polygon", "coordinates": [[[-87.72786, 41.7685864], [-87.727948, 41.7685869], [-87.7279474, 41.76865], [-87.7278613, 41.7686509], [-87.72786, 41.7685864]]]}, "properties": {"height": 8, "night": "#432111"}}, {"type": "Feature", "geometry": {"type": "Polygon", "coordinates": [[[-87.7414734, 41.772697], [-87.7414747, 41.7727628], [-87.7413867, 41.7727638], [-87.7413854, 41.7726993], [-87.7414734, 41.772697]]]}, "properties": {"height": 8, "night": "#61321c"}}, {"type": "Feature", "geometry": {"type": "Polygon", "coordinates": [[[-87.7315922, 41.768145], [-87.7315972, 41.7682026], [-87.7315055, 41.7682076], [-87.7315005, 41.7681486], [-87.7315922, 41.768145]]]}, "properties": {"height": 8, "night": "#472312"}}, {"type": "Feature", "geometry": {"type": "Polygon", "coordinates": [[[-87.7292353, 41.7708701], [-87.7292347, 41.7709345], [-87.7291503, 41.7709355], [-87.7291491, 41.770871], [-87.7292353, 41.7708701]]]}, "properties": {"height": 8, "night": "#4b2614"}}, {"type": "Feature", "geometry": {"type": "Polygon", "coordinates": [[[-87.7404031, 41.7752711], [-87.7405002, 41.7752716], [-87.7404997, 41.7753292], [-87.7404924, 41.7753292], [-87.7404922, 41.7753511], [-87.7404024, 41.7753507], [-87.7404031, 41.7752711]]]}, "properties": {"height": 8, "night": "#68371e"}}, {"type": "Feature", "geometry": {"type": "Polygon", "coordinates": [[[-87.7403177, 41.7751869], [-87.7403193, 41.775213], [-87.7403285, 41.7752131], [-87.740328, 41.775268], [-87.7402491, 41.7752689], [-87.7402478, 41.7752127], [-87.7402625, 41.7752127], [-87.7402609, 41.775188], [-87.7403177, 41.7751869]]]}, "properties": {"height": 8, "night": "#68361e"}}, {"type": "Feature", "geometry": {"type": "Polygon", "coordinates": [[[-87.7518525, 41.7752967], [-87.7518566, 41.7753667], [-87.7517763, 41.7753676], [-87.7517751, 41.7752977], [-87.7518525, 41.7752967]]]}, "properties": {"height": 8, "night": "#6e3a20"}}, {"type": "Feature", "geometry": {"type": "Polygon", "coordinates": [[[-87.7597406, 41.7745844], [-87.7597413, 41.7747161], [-87.759646, 41.774717], [-87.7596435, 41.7745853], [-87.7597406, 41.7745844]]]}, "properties": {"height": 3, "night": "#5a2813"}}, {"type": "Feature", "geometry": {"type": "Polygon", "coordinates": [[[-87.7630712, 41.7750016], [-87.7630771, 41.7751677], [-87.7629982, 41.7751687], [-87.7629924, 41.775004], [-87.7630712, 41.7750016]]]}, "properties": {"height": 3, "night": "#582713"}}, {"type": "Feature", "geometry": {"type": "Polygon", "coordinates": [[[-87.7657179, 41.7748185], [-87.7657223, 41.7749407], [-87.7656362, 41.774943], [-87.7656317, 41.7748208], [-87.7657179, 41.7748185]]]}, "properties": {"height": 8, "night": "#5e311b"}}, {"type": "Feature", "geometry": {"type": "Polygon", "coordinates": [[[-87.7683767, 41.7753434], [-87.7683847, 41.7754766], [-87.7682894, 41.7754789], [-87.7682814, 41.7753471], [-87.7683767, 41.7753434]]]}, "properties": {"height": 3, "night": "#522411"}}, {"type": "Feature", "geometry": {"type": "Polygon", "coordinates": [[[-87.7557631, 41.7754232], [-87.7558673, 41.7754198], [-87.7558702, 41.7754198], [-87.7559021, 41.7754186], [-87.7559035, 41.7754653], [-87.7558705, 41.7754651], [-87.7558705, 41.7754673], [-87.7557386, 41.7754628], [-87.7557386, 41.7754521], [-87.7557643, 41.7754522], [-87.7557631, 41.7754232]]]}, "properties": {"height": 8, "night": "#6c3920"}}, {"type": "Feature", "geometry": {"type": "Polygon", "coordinates": [[[-87.7558339, 41.7748475], [-87.7557231, 41.7748508], [-87.7557206, 41.774803], [-87.7558325, 41.7748022], [-87.7558339, 41.7748475]]]}, "properties": {"height": 8, "night": "#6a381f"}}, {"type": "Feature", "geometry": {"type": "Polygon", "coordinates": [[[-87.7669614, 41.7755793], [-87.7669643, 41.7756603], [-87.7668671, 41.7756626], [-87.7668642, 41.7755816], [-87.7669614, 41.7755793]]]}, "properties": {"height": 8, "night": "#5e311b"}}, {"type": "Feature", "geometry": {"type": "Polygon", "coordinates": [[[-87.754981, 41.7753566], [-87.7550562, 41.775354], [-87.7550583, 41.7754001], [-87.7549806, 41.7754017], [-87.754981, 41.7753566]]]}, "properties": {"height": 8, "night": "#6c3920"}}, {"type": "Feature", "geometry": {"type": "Polygon", "coordinates": [[[-87.7653716, 41.7756305], [-87.7653766, 41.7756923], [-87.7653032, 41.775696], [-87.7652983, 41.7756343], [-87.7653716, 41.7756305]]]}, "properties": {"height": 8, "night": "#61321c"}}, {"type": "Feature", "geometry": {"type": "Polygon", "coordinates": [[[-87.7696919, 41.7756655], [-87.7697725, 41.7756659], [-87.7697719, 41.7757318], [-87.7696913, 41.77573], [-87.7696919, 41.7756655]]]}, "properties": {"height": 8, "night": "#592e19"}}, {"type": "Feature", "geometry": {"type": "Polygon", "coordinates": [[[-87.7650673, 41.7747109], [-87.7650667, 41.7747771], [-87.7650025, 41.7747768], [-87.7650031, 41.7747106], [-87.7650673, 41.7747109]]]}, "properties": {"height": 8, "night": "#5f311b"}}, {"type": "Feature", "geometry": {"type": "Polygon", "coordinates": [[[-87.7494774, 41.7747934], [-87.7494786, 41.7748593], [-87.7494145, 41.7748603], [-87.7494132, 41.7747944], [-87.7494774, 41.7747934]]]}, "properties": {"height": 8, "night": "#6c3920"}}, {"type": "Feature", "geometry": {"type": "Polygon", "coordinates": [[[-87.7501727, 41.7772363], [-87.7502417, 41.7772342], [-87.7502447, 41.7773042], [-87.7501768, 41.7773058], [-87.7501727, 41.7772363]]]}, "properties": {"height": 8, "night": "#753e23"}}, {"type": "Feature", "geometry": {"type": "Polygon", "coordinates": [[[-87.7522345, 41.7776093], [-87.7522326, 41.7775396], [-87.7523078, 41.7775381], [-87.7523097, 41.7776075], [-87.7522694, 41.7776081], [-87.7522709, 41.7776397], [-87.7522398, 41.7776395], [-87.7522382, 41.7776093], [-87.7522345, 41.7776093]]]}, "properties": {"height": 8, "night": "#753e23"}}, {"type": "Feature", "geometry": {"type": "Polygon", "coordinates": [[[-87.7548, 41.7779077], [-87.7548023, 41.7780696], [-87.7547033, 41.7780718], [-87.7547011, 41.7779085], [-87.7548, 41.7779077]]]}, "properties": {"height": 6, "night": "#6f371e"}}, {"type": "Feature", "geometry": {"type": "Polygon", "coordinates": [[[-87.7588221, 41.7760357], [-87.7588238, 41.7760576], [-87.7588513, 41.7760564], [-87.758854, 41.7761662], [-87.7587623, 41.7761671], [-87.758758, 41.7760367], [-87.7588221, 41.7760357]]]}, "properties": {"height": 3, "night": "#5f2a14"}}, {"type": "Feature", "geometry": {"type": "Polygon", "coordinates": [[[-87.7639224, 41.7921065], [-87.7639232, 41.7921811], [-87.7637025, 41.7921839], [-87.7636991, 41.7921097], [-87.7639224, 41.7921065]]]}, "properties": {"height": 6, "night": "#743a1f"}}, {"type": "Feature", "geometry": {"type": "Polygon", "coordinates": [[[-87.7662873, 41.7915478], [-87.7662903, 41.7916219], [-87.7661032, 41.7916251], [-87.766102, 41.791551], [-87.7662873, 41.7915478]]]}, "properties": {"height": 3, "night": "#662d16"}}, {"type": "Feature", "geometry": {"type": "Polygon", "coordinates": [[[-87.7632899, 41.7912874], [-87.7632931, 41.7913437], [-87.763095, 41.7913482], [-87.7630919, 41.7912919], [-87.7632899, 41.7912874]]]}, "properties": {"height": 3, "night": "#6d3017"}}, {"type": "Feature", "geometry": {"type": "Polygon", "coordinates": [[[-87.7681411, 41.7904922], [-87.7681442, 41.7905539], [-87.7681185, 41.7905552], [-87.7681183, 41.7905799], [-87.7679056, 41.790583], [-87.7679027, 41.7904965], [-87.7681411, 41.7904922]]]}, "properties": {"height": 3, "night": "#632c15"}}, {"type": "Feature", "geometry": {"type": "Polygon", "coordinates": [[[-87.7669105, 41.7901033], [-87.7669136, 41.7901719], [-87.7667651, 41.7901739], [-87.766762, 41.7901053], [-87.7669105, 41.7901033]]]}, "properties": {"height": 3, "night": "#652d16"}}, {"type": "Feature", "geometry": {"type": "Polygon", "coordinates": [[[-87.7629488, 41.7757845], [-87.7630496, 41.775785], [-87.7630507, 41.7758687], [-87.762948, 41.7758696], [-87.7629488, 41.7757845]]]}, "properties": {"height": 8, "night": "#65351d"}}, {"type": "Feature", "geometry": {"type": "Polygon", "coordinates": [[[-87.7634415, 41.7783131], [-87.7634396, 41.7781086], [-87.7636047, 41.7781053], [-87.7636181, 41.7784471], [-87.7634458, 41.7784503], [-87.7634415, 41.7783131]]]}, "properties": {"height": 8, "night": "#6b381f"}}, {"type": "Feature", "geometry": {"type": "Polygon", "coordinates": [[[-87.7639396, 41.7767115], [-87.7639428, 41.7767678], [-87.763985, 41.7767666], [-87.7639923, 41.7769684], [-87.763875, 41.7769719], [-87.7638676, 41.7767702], [-87.7638823, 41.7767702], [-87.7638791, 41.7767126], [-87.7639396, 41.7767115]]]}, "properties": {"height": 3, "night": "#5b2813"}}, {"type": "Feature", "geometry": {"type": "Polygon", "coordinates": [[[-87.765117, 41.7909795], [-87.7651212, 41.7911249], [-87.765024, 41.7911272], [-87.7650198, 41.7909804], [-87.765117, 41.7909795]]]}, "properties": {"height": 3, "night": "#692e17"}}, {"type": "Feature", "geometry": {"type": "Polygon", "coordinates": [[[-87.7661775, 41.7883968], [-87.7661787, 41.7884682], [-87.7659843, 41.7884727], [-87.7659831, 41.7884], [-87.7661775, 41.7883968]]]}, "properties": {"height": 3, "night": "#672e16"}}, {"type": "Feature", "geometry": {"type": "Polygon", "coordinates": [[[-87.7638185, 41.7881217], [-87.7638197, 41.7881958], [-87.7635611, 41.7882], [-87.7635581, 41.7881259], [-87.7638185, 41.7881217]]]}, "properties": {"height": 3, "night": "#6c3017"}}, {"type": "Feature", "geometry": {"type": "Polygon", "coordinates": [[[-87.7655939, 41.7878396], [-87.7655969, 41.787911], [-87.7654191, 41.7879142], [-87.7654179, 41.7878429], [-87.7655939, 41.7878396]]]}, "properties": {"height": 3, "night": "#682e16"}}, {"type": "Feature", "geometry": {"type": "Polygon", "coordinates": [[[-87.7625141, 41.7875952], [-87.7625154, 41.7876542], [-87.7622972, 41.7876586], [-87.7622959, 41.7875996], [-87.7625141, 41.7875952]]]}, "properties": {"height": 3, "night": "#6e3118"}}, {"type": "Feature", "geometry": {"type": "Polygon", "coordinates": [[[-87.7637066, 41.7872965], [-87.7637096, 41.7873706], [-87.7635153, 41.7873751], [-87.7635123, 41.787301], [-87.7637066, 41.7872965]]]}, "properties": {"height": 3, "night": "#6c3017"}}, {"type": "Feature", "geometry": {"type": "Polygon", "coordinates": [[[-87.7667836, 41.786815], [-87.7667849, 41.786885], [-87.7666015, 41.7868882], [-87.7666003, 41.7868182], [-87.7667836, 41.786815]]]}, "properties": {"height": 3, "night": "#652d16"}}, {"type": "Feature", "geometry": {"type": "Polygon", "coordinates": [[[-87.7673073, 41.7864732], [-87.7673104, 41.7865459], [-87.7671362, 41.7865478], [-87.767135, 41.7864764], [-87.7673073, 41.7864732]]]}, "properties": {"height": 3, "night": "#642c15"}}, {"type": "Feature", "geometry": {"type": "Polygon", "coordinates": [[[-87.7678628, 41.7762589], [-87.7678688, 41.7764071], [-87.7677734, 41.7764094], [-87.7677674, 41.7762625], [-87.7678187, 41.7762614], [-87.7678188, 41.77626], [-87.7678628, 41.7762589]]]}, "properties": {"height": 3, "night": "#542512"}}, {"type": "Feature", "geometry": {"type": "Polygon", "coordinates": [[[-87.768176, 41.7758639], [-87.7681822, 41.7759997], [-87.7680923, 41.776002], [-87.7680843, 41.7758662], [-87.768176, 41.7758639]]]}, "properties": {"height": 3, "night": "#532511"}}, {"type": "Feature", "geometry": {"type": "Polygon", "coordinates": [[[-87.7687281, 41.7758254], [-87.7687341, 41.7759736], [-87.768637, 41.7759759], [-87.7686309, 41.7758277], [-87.7687281, 41.7758254]]]}, "properties": {"height": 3, "night": "#522411"}}, {"type": "Feature", "geometry": {"type": "Polygon", "coordinates": [[[-87.769114, 41.7847147], [-87.7691153, 41.7847724], [-87.7689154, 41.7847755], [-87.7689141, 41.7847179], [-87.769114, 41.7847147]]]}, "properties": {"height": 3, "night": "#5f2a14"}}, {"type": "Feature", "geometry": {"type": "Polygon", "coordinates": [[[-87.7642302, 41.7844821], [-87.764235, 41.7845576], [-87.7640828, 41.7845623], [-87.764078, 41.7844868], [-87.7642302, 41.7844821]]]}, "properties": {"height": 3, "night": "#682e16"}}, {"type": "Feature", "geometry": {"type": "Polygon", "coordinates": [[[-87.7642064, 41.7838563], [-87.7642095, 41.7839263], [-87.7640334, 41.7839309], [-87.7640304, 41.7838609], [-87.7642064, 41.7838563]]]}, "properties": {"height": 3, "night": "#672e16"}}, {"type": "Feature", "geometry": {"type": "Polygon", "coordinates": [[[-87.7683912, 41.783092], [-87.7683943, 41.7831607], [-87.7682182, 41.7831639], [-87.768217, 41.7830953], [-87.7683912, 41.783092]]]}, "properties": {"height": 3, "night": "#5e2a14"}}, {"type": "Feature", "geometry": {"type": "Polygon", "coordinates": [[[-87.7690651, 41.7827551], [-87.7690779, 41.7827661], [-87.7690776, 41.7827963], [-87.7690665, 41.7828072], [-87.7690682, 41.7828237], [-87.7688775, 41.7828282], [-87.7688763, 41.7827583], [-87.7690651, 41.7827551]]]}, "properties": {"height": 6, "night": "#64311a"}}, {"type": "Feature", "geometry": {"type": "Polygon", "coordinates": [[[-87.7646535, 41.7824287], [-87.7646533, 41.7824479], [-87.764701, 41.7824468], [-87.7647024, 41.7824962], [-87.7645356, 41.7824981], [-87.7645325, 41.7824308], [-87.7646535, 41.7824287]]]}, "properties": {"height": 3, "night": "#642c16"}}, {"type": "Feature", "geometry": {"type": "Polygon", "coordinates": [[[-87.7658518, 41.7820861], [-87.7658547, 41.7821698], [-87.7657612, 41.7821721], [-87.7657583, 41.7820884], [-87.7658518, 41.7820861]]]}, "properties": {"height": 6, "night": "#69341c"}}, {"type": "Feature", "geometry": {"type": "Polygon", "coordinates": [[[-87.7670741, 41.7817203], [-87.7670754, 41.7817861], [-87.7669434, 41.7817882], [-87.7669435, 41.7817759], [-87.7669252, 41.7817758], [-87.7669238, 41.7817223], [-87.7670741, 41.7817203]]]}, "properties": {"height": 6, "night": "#66321b"}}, {"type": "Feature", "geometry": {"type": "Polygon", "coordinates": [[[-87.7659071, 41.7812219], [-87.7659083, 41.7812933], [-87.7656864, 41.7812977], [-87.7656834, 41.7812249], [-87.7659071, 41.7812219]]]}, "properties": {"height": 6, "night": "#68331b"}}, {"type": "Feature", "geometry": {"type": "Polygon", "coordinates": [[[-87.7628737, 41.7809489], [-87.7628767, 41.7810217], [-87.7626695, 41.7810261], [-87.7626665, 41.7809548], [-87.7628737, 41.7809489]]]}, "properties": {"height": 6, "night": "#6d361d"}}, {"type": "Feature", "geometry": {"type": "Polygon", "coordinates": [[[-87.7628704, 41.7807047], [-87.7628734, 41.780776], [-87.7627432, 41.7807795], [-87.7627383, 41.7807081], [-87.7628704, 41.7807047]]]}, "properties": {"height": 6, "night": "#6c361d"}}, {"type": "Feature", "geometry": {"type": "Polygon", "coordinates": [[[-87.7677413, 41.7802787], [-87.7677443, 41.7803501], [-87.7675481, 41.7803532], [-87.7675469, 41.7802818], [-87.7677413, 41.7802787]]]}, "properties": {"height": 3, "night": "#5c2914"}}, {"type": "Feature", "geometry": {"type": "Polygon", "coordinates": [[[-87.7633793, 41.7799525], [-87.7633824, 41.780017], [-87.7632265, 41.7800231], [-87.7632235, 41.7799572], [-87.7633793, 41.7799525]]]}, "properties": {"height": 3, "night": "#622b15"}}, {"type": "Feature", "geometry": {"type": "Polygon", "coordinates": [[[-87.7682264, 41.7793151], [-87.7682294, 41.7793864], [-87.7680296, 41.779391], [-87.7680284, 41.7793182], [-87.7682264, 41.7793151]]]}, "properties": {"height": 3, "night": "#592713"}}, {"type": "Feature", "geometry": {"type": "Polygon", "coordinates": [[[-87.7694614, 41.7789523], [-87.7692601, 41.778956], [-87.7692593, 41.7788855], [-87.769458, 41.7788798], [-87.7694614, 41.7789523]]]}, "properties": {"height": 8, "night": "#61321c"}}, {"type": "Feature", "geometry": {"type": "Polygon", "coordinates": [[[-87.7694393, 41.7785554], [-87.7694409, 41.7785828], [-87.7694133, 41.7785841], [-87.7694148, 41.7786252], [-87.7692351, 41.7786285], [-87.7692339, 41.7785585], [-87.7694393, 41.7785554]]]}, "properties": {"height": 3, "night": "#562612"}}, {"type": "Feature", "geometry": {"type": "Polygon", "coordinates": [[[-87.757038, 41.7775276], [-87.7571444, 41.7775243], [-87.7571444, 41.777527], [-87.7571755, 41.7775272], [-87.7571771, 41.7775615], [-87.7571587, 41.7775628], [-87.7571586, 41.7775737], [-87.7570398, 41.7775767], [-87.757038, 41.7775276]]]}, "properties": {"height": 8, "night": "#723c22"}}, {"type": "Feature", "geometry": {"type": "Polygon", "coordinates": [[[-87.755418, 41.7769527], [-87.7552918, 41.7769595], [-87.7552893, 41.7769112], [-87.7553993, 41.776909], [-87.755401, 41.7769186], [-87.7554102, 41.7769187], [-87.75541, 41.7769379], [-87.7554174, 41.7769379], [-87.755418, 41.7769527]]]}, "properties": {"height": 8, "night": "#713c22"}}, {"type": "Feature", "geometry": {"type": "Polygon", "coordinates": [[[-87.7619079, 41.7763694], [-87.7619571, 41.7764039], [-87.7621606, 41.7763995], [-87.7621655, 41.7764708], [-87.7619345, 41.7764779], [-87.7618488, 41.7764171], [-87.7619079, 41.7763694]]]}, "properties": {"height": 3, "night": "#5c2914"}}, {"type": "Feature", "geometry": {"type": "Polygon", "coordinates": [[[-87.7552819, 41.7760945], [-87.7553865, 41.7760914], [-87.7553879, 41.7761392], [-87.7552834, 41.77614], [-87.7552819, 41.7760945]]]}, "properties": {"height": 8, "night": "#6f3a21"}}, {"type": "Feature", "geometry": {"type": "Polygon", "coordinates": [[[-87.7625422, 41.7910422], [-87.7625498, 41.7912165], [-87.7625297, 41.7912164], [-87.7625372, 41.7913975], [-87.7624088, 41.791401], [-87.7624031, 41.7912199], [-87.7624343, 41.7912186], [-87.7624267, 41.7910443], [-87.7625422, 41.7910422]]]}, "properties": {"height": 8, "night": "#7e4426"}}, {"type": "Feature", "geometry": {"type": "Polygon", "coordinates": [[[-87.7624228, 41.7811456], [-87.7624259, 41.781206], [-87.7623379, 41.7812083], [-87.7623366, 41.781148], [-87.7624228, 41.7811456]]]}, "properties": {"height": 8, "night": "#743e22"}}, {"type": "Feature", "geometry": {"type": "Polygon", "coordinates": [[[-87.7674764, 41.7843875], [-87.7673759, 41.7843914], [-87.7673721, 41.7843253], [-87.7674755, 41.7843236], [-87.7674764, 41.7843875]]]}, "properties": {"height": 8, "night": "#6e3a21"}}, {"type": "Feature", "geometry": {"type": "Polygon", "coordinates": [[[-87.7654431, 41.7916274], [-87.7654444, 41.7916877], [-87.7653601, 41.7916887], [-87.7653588, 41.7916283], [-87.7654431, 41.7916274]]]}, "properties": {"height": 8, "night": "#763f23"}}, {"type": "Feature", "geometry": {"type": "Polygon", "coordinates": [[[-87.7675703, 41.7844204], [-87.7674878, 41.7844235], [-87.7674883, 41.7843607], [-87.7675694, 41.78436], [-87.7675703, 41.7844204]]]}, "properties": {"height": 8, "night": "#6e3a20"}}, {"type": "Feature", "geometry": {"type": "Polygon", "coordinates": [[[-87.7699373, 41.7865753], [-87.7699403, 41.7866576], [-87.7698504, 41.7866599], [-87.7698475, 41.7865762], [-87.7699373, 41.7865753]]]}, "properties": {"height": 8, "night": "#6a381f"}}, {"type": "Feature", "geometry": {"type": "Polygon", "coordinates": [[[-87.766627, 41.7904477], [-87.7666301, 41.7905081], [-87.7665421, 41.7905104], [-87.7665408, 41.7904486], [-87.766627, 41.7904477]]]}, "properties": {"height": 8, "night": "#743e23"}}, {"type": "Feature", "geometry": {"type": "Polygon", "coordinates": [[[-87.7672241, 41.7792635], [-87.7672254, 41.7793252], [-87.7671337, 41.7793262], [-87.7671324, 41.7792658], [-87.7672241, 41.7792635]]]}, "properties": {"height": 8, "night": "#66351e"}}, {"type": "Feature", "geometry": {"type": "Polygon", "coordinates": [[[-87.7686813, 41.7774004], [-87.7686844, 41.7774677], [-87.7686055, 41.7774687], [-87.7686043, 41.7774028], [-87.7686813, 41.7774004]]]}, "properties": {"height": 8, "night": "#5f311b"}}, {"type": "Feature", "geometry": {"type": "Polygon", "coordinates": [[[-87.7602207, 41.7758423], [-87.760222, 41.7758999], [-87.7601358, 41.7759023], [-87.7601345, 41.7758432], [-87.7602207, 41.7758423]]]}, "properties": {"height": 8, "night": "#69371f"}}, {"type": "Feature", "geometry": {"type": "Polygon", "coordinates": [[[-87.7675851, 41.7882446], [-87.7675863, 41.788316], [-87.7674708, 41.7883181], [-87.7674696, 41.7882468], [-87.7675851, 41.7882446]]]}, "properties": {"height": 8, "night": "#713c22"}}, {"type": "Feature", "geometry": {"type": "Polygon", "coordinates": [[[-87.7563487, 41.7767203], [-87.7563502, 41.7767532], [-87.7562567, 41.7767555], [-87.7562552, 41.7767226], [-87.7563487, 41.7767203]]]}, "properties": {"height": 8, "night": "#703b21"}}, {"type": "Feature", "geometry": {"type": "Polygon", "coordinates": [[[-87.768869, 41.7898577], [-87.7688703, 41.7899195], [-87.768786, 41.7899204], [-87.7687847, 41.7898587], [-87.768869, 41.7898577]]]}, "properties": {"height": 8, "night": "#6e3a20"}}, {"type": "Feature", "geometry": {"type": "Polygon", "coordinates": [[[-87.7689218, 41.7909475], [-87.7689231, 41.7910051], [-87.7688113, 41.7910073], [-87.7688081, 41.7909496], [-87.7689218, 41.7909475]]]}, "properties": {"height": 8, "night": "#6e3a20"}}, {"type": "Feature", "geometry": {"type": "Polygon", "coordinates": [[[-87.7678081, 41.7895712], [-87.7678094, 41.7896316], [-87.7677251, 41.7896325], [-87.7677219, 41.7895735], [-87.7678081, 41.7895712]]]}, "properties": {"height": 8, "night": "#713c21"}}, {"type": "Feature", "geometry": {"type": "Polygon", "coordinates": [[[-87.7660862, 41.776504], [-87.766091, 41.7765753], [-87.7660085, 41.7765777], [-87.7660055, 41.7765063], [-87.7660862, 41.776504]]]}, "properties": {"height": 8, "night": "#62331c"}}, {"type": "Feature", "geometry": {"type": "Polygon", "coordinates": [[[-87.7700989, 41.790108], [-87.7701002, 41.7901697], [-87.770003, 41.7901706], [-87.7700017, 41.7901089], [-87.7700989, 41.790108]]]}, "properties": {"height": 8, "night": "#6b381f"}}, {"type": "Feature", "geometry": {"type": "Polygon", "coordinates": [[[-87.7678191, 41.7893682], [-87.767822, 41.7894519], [-87.7677376, 41.7894542], [-87.7677347, 41.7893691], [-87.7678191, 41.7893682]]]}, "properties": {"height": 8, "night": "#713c21"}}, {"type": "Feature", "geometry": {"type": "Polygon", "coordinates": [[[-87.7699617, 41.7867263], [-87.769963, 41.7867867], [-87.7698768, 41.7867877], [-87.7698737, 41.7867273], [-87.7699617, 41.7867263]]]}, "properties": {"height": 8, "night": "#6a381f"}}, {"type": "Feature", "geometry": {"type": "Polygon", "coordinates": [[[-87.7673909, 41.7792602], [-87.7673922, 41.7793192], [-87.7673079, 41.7793202], [-87.7673048, 41.7792611], [-87.7673909, 41.7792602]]]}, "properties": {"height": 8, "night": "#66351d"}}, {"type": "Feature", "geometry": {"type": "Polygon", "coordinates": [[[-87.7685723, 41.7825111], [-87.7685736, 41.7825743], [-87.7684947, 41.7825766], [-87.7684935, 41.7825121], [-87.7685723, 41.7825111]]]}, "properties": {"height": 8, "night": "#69371f"}}, {"type": "Feature", "geometry": {"type": "Polygon", "coordinates": [[[-87.7509869, 41.7763159], [-87.7509899, 41.7763832], [-87.7508964, 41.7763854], [-87.7508934, 41.7763182], [-87.7509869, 41.7763159]]]}, "properties": {"height": 8, "night": "#713c22"}}, {"type": "Feature", "geometry": {"type": "Polygon", "coordinates": [[[-87.7493566, 41.777194], [-87.7493933, 41.7771942], [-87.7493948, 41.7772244], [-87.7493582, 41.7772256], [-87.7493566, 41.777194]]]}, "properties": {"height": 8, "night": "#743e23"}}, {"type": "Feature", "geometry": {"type": "Polygon", "coordinates": [[[-87.7662811, 41.7864269], [-87.7662824, 41.786486], [-87.7661999, 41.7864869], [-87.7661985, 41.7864279], [-87.7662811, 41.7864269]]]}, "properties": {"height": 8, "night": "#743d22"}}, {"type": "Feature", "geometry": {"type": "Polygon", "coordinates": [[[-87.7671802, 41.7757094], [-87.7671832, 41.7757835], [-87.7670952, 41.7757858], [-87.7670922, 41.7757103], [-87.7671802, 41.7757094]]]}, "properties": {"height": 8, "night": "#5e311b"}}, {"type": "Feature", "geometry": {"type": "Polygon", "coordinates": [[[-87.7650979, 41.783589], [-87.7650992, 41.7836535], [-87.7650332, 41.7836545], [-87.7650319, 41.78359], [-87.7650979, 41.783589]]]}, "properties": {"height": 8, "night": "#733d22"}}, {"type": "Feature", "geometry": {"type": "Polygon", "coordinates": [[[-87.7684966, 41.7838198], [-87.7684979, 41.7838857], [-87.7684062, 41.783888], [-87.7684031, 41.7838221], [-87.7684966, 41.7838198]]]}, "properties": {"height": 8, "night": "#6b391f"}}, {"type": "Feature", "geometry": {"type": "Polygon", "coordinates": [[[-87.7561481, 41.7764037], [-87.7561513, 41.7764559], [-87.7560596, 41.7764581], [-87.7560582, 41.776406], [-87.7561481, 41.7764037]]]}, "properties": {"height": 8, "night": "#6f3b21"}}, {"type": "Feature", "geometry": {"type": "Polygon", "coordinates": [[[-87.7561227, 41.7757546], [-87.7561241, 41.7757998], [-87.7560215, 41.7758007], [-87.75602, 41.7757568], [-87.7561227, 41.7757546]]]}, "properties": {"height": 8, "night": "#6d3920"}}, {"type": "Feature", "geometry": {"type": "Polygon", "coordinates": [[[-87.7649128, 41.7867686], [-87.7649137, 41.7867868], [-87.7648748, 41.7867878], [-87.7648739, 41.7867696], [-87.7649128, 41.7867686]]]}, "properties": {"height": 8, "night": "#774024"}}, {"type": "Feature", "geometry": {"type": "Polygon", "coordinates": [[[-87.7495625, 41.7777398], [-87.749645, 41.7777403], [-87.7496444, 41.777802], [-87.7495619, 41.7778016], [-87.7495625, 41.7777398]]]}, "properties": {"height": 8, "night": "#763f23"}}, {"type": "Feature", "geometry": {"type": "Polygon", "coordinates": [[[-87.7677358, 41.7877843], [-87.7677371, 41.7878447], [-87.7676528, 41.787847], [-87.7676515, 41.7877853], [-87.7677358, 41.7877843]]]}, "properties": {"height": 8, "night": "#713c21"}}, {"type": "Feature", "geometry": {"type": "Polygon", "coordinates": [[[-87.7518119, 41.7763023], [-87.7518925, 41.7763027], [-87.751892, 41.7763658], [-87.7518113, 41.7763654], [-87.7518119, 41.7763023]]]}, "properties": {"height": 8, "night": "#713c22"}}, {"type": "Feature", "geometry": {"type": "Polygon", "coordinates": [[[-87.7702286, 41.7882768], [-87.7702299, 41.7883358], [-87.7701107, 41.788338], [-87.7701094, 41.7882776], [-87.7702286, 41.7882768]]]}, "properties": {"height": 8, "night": "#6b381f"}}, {"type": "Feature", "geometry": {"type": "Polygon", "coordinates": [[[-87.7687899, 41.7875946], [-87.768791, 41.7876688], [-87.7686902, 41.7876696], [-87.7686872, 41.7875969], [-87.7687899, 41.7875946]]]}, "properties": {"height": 8, "night": "#6e3a20"}}, {"type": "Feature", "geometry": {"type": "Polygon", "coordinates": [[[-87.7651575, 41.7766352], [-87.7651606, 41.7766997], [-87.7650799, 41.7767021], [-87.7650768, 41.7766376], [-87.7651575, 41.7766352]]]}, "properties": {"height": 8, "night": "#64341d"}}, {"type": "Feature", "geometry": {"type": "Polygon", "coordinates": [[[-87.7637324, 41.7789951], [-87.7637355, 41.7790638], [-87.7636402, 41.779066], [-87.7636371, 41.7789974], [-87.7637324, 41.7789951]]]}, "properties": {"height": 8, "night": "#6c3920"}}, {"type": "Feature", "geometry": {"type": "Polygon", "coordinates": [[[-87.7655278, 41.7766302], [-87.7655307, 41.7767208], [-87.76545, 41.7767217], [-87.7654471, 41.7766312], [-87.7655278, 41.7766302]]]}, "properties": {"height": 8, "night": "#63341c"}}, {"type": "Feature", "geometry": {"type": "Polygon", "coordinates": [[[-87.7696972, 41.7800797], [-87.7696984, 41.7801483], [-87.7696123, 41.7801507], [-87.7696108, 41.7801067], [-87.7696292, 41.7801068], [-87.7696275, 41.7800808], [-87.7696972, 41.7800797]]]}, "properties": {"height": 8, "night": "#63331c"}}, {"type": "Feature", "geometry": {"type": "Polygon", "coordinates": [[[-87.7695723, 41.7765541], [-87.769574, 41.7765609], [-87.7695942, 41.776561], [-87.7695956, 41.7766159], [-87.7695772, 41.7766172], [-87.769579, 41.7766227], [-87.7694965, 41.776625], [-87.7694916, 41.7765564], [-87.7695723, 41.7765541]]]}, "properties": {"height": 8, "night": "#5b2f1a"}}, {"type": "Feature", "geometry": {"type": "Polygon", "coordinates": [[[-87.7503357, 41.8083358], [-87.7503373, 41.808355], [-87.7503245, 41.8083549], [-87.7503263, 41.8083604], [-87.7503373, 41.8083605], [-87.7503388, 41.8083975], [-87.7503241, 41.8083988], [-87.7503259, 41.8084043], [-87.7501718, 41.8084104], [-87.7501669, 41.8083418], [-87.7503357, 41.8083358]]]}, "properties": {"height": 3, "night": "#542512"}}, {"type": "Feature", "geometry": {"type": "Polygon", "coordinates": [[[-87.7490462, 41.8067389], [-87.7490461, 41.8067567], [-87.7490607, 41.8067554], [-87.749062, 41.8068131], [-87.7490272, 41.8068143], [-87.7490272, 41.8068101], [-87.7488841, 41.8068135], [-87.7488811, 41.8067477], [-87.7490242, 41.8067429], [-87.7490242, 41.8067401], [-87.7490462, 41.8067389]]]}, "properties": {"height": 3, "night": "#582713"}}, {"type": "Feature", "geometry": {"type": "Polygon", "coordinates": [[[-87.7508129, 41.8060673], [-87.7508123, 41.8061318], [-87.7506362, 41.8061322], [-87.7506368, 41.8060678], [-87.7508129, 41.8060673]]]}, "properties": {"height": 3, "night": "#5a2813"}}, {"type": "Feature", "geometry": {"type": "Polygon", "coordinates": [[[-87.7507683, 41.8051203], [-87.7507676, 41.8051916], [-87.7506099, 41.8051922], [-87.75061, 41.8051867], [-87.7506008, 41.8051867], [-87.7506009, 41.8051798], [-87.75061, 41.8051798], [-87.7506106, 41.8051208], [-87.7507683, 41.8051203]]]}, "properties": {"height": 3, "night": "#5d2914"}}, {"type": "Feature", "geometry": {"type": "Polygon", "coordinates": [[[-87.7495341, 41.804314], [-87.7495371, 41.8043827], [-87.7493647, 41.8043845], [-87.7493634, 41.8043269], [-87.7493817, 41.804327], [-87.74938, 41.804316], [-87.7495341, 41.804314]]]}, "properties": {"height": 3, "night": "#5f2a14"}}, {"type": "Feature", "geometry": {"type": "Polygon", "coordinates": [[[-87.7514084, 41.8032876], [-87.7514081, 41.8033191], [-87.7514191, 41.8033192], [-87.7514188, 41.8033494], [-87.7514097, 41.8033493], [-87.7514096, 41.8033548], [-87.7512299, 41.8033567], [-87.7512286, 41.803299], [-87.7512506, 41.8032991], [-87.7512507, 41.8032895], [-87.7514084, 41.8032876]]]}, "properties": {"height": 3, "night": "#622b15"}}, {"type": "Feature", "geometry": {"type": "Polygon", "coordinates": [[[-87.7506963, 41.8021328], [-87.7506993, 41.8022069], [-87.7505397, 41.8022102], [-87.7505368, 41.8021361], [-87.7506963, 41.8021328]]]}, "properties": {"height": 3, "night": "#652d16"}}, {"type": "Feature", "geometry": {"type": "Polygon", "coordinates": [[[-87.7494585, 41.8013196], [-87.7494616, 41.8013869], [-87.7492892, 41.8013915], [-87.749286, 41.8013366], [-87.749297, 41.8013353], [-87.7492971, 41.8013243], [-87.7494585, 41.8013196]]]}, "properties": {"height": 3, "night": "#682e16"}}, {"type": "Feature", "geometry": {"type": "Polygon", "coordinates": [[[-87.7506944, 41.8007263], [-87.7506956, 41.8007908], [-87.7505012, 41.8007925], [-87.7505018, 41.8007267], [-87.7506944, 41.8007263]]]}, "properties": {"height": 6, "night": "#72391f"}}, {"type": "Feature", "geometry": {"type": "Polygon", "coordinates": [[[-87.7623207, 41.7998873], [-87.7623237, 41.7999559], [-87.762155, 41.7999592], [-87.7621519, 41.7998906], [-87.7623207, 41.7998873]]]}, "properties": {"height": 8, "night": "#6f3b21"}}, {"type": "Feature", "geometry": {"type": "Polygon", "coordinates": [[[-87.7616052, 41.799715], [-87.7616064, 41.7997836], [-87.7614817, 41.7997857], [-87.7614805, 41.7997171], [-87.7616052, 41.799715]]]}, "properties": {"height": 3, "night": "#632c15"}}, {"type": "Feature", "geometry": {"type": "Polygon", "coordinates": [[[-87.7586366, 41.7996837], [-87.7586379, 41.7997441], [-87.7584271, 41.7997444], [-87.7584257, 41.7996854], [-87.7586366, 41.7996837]]]}, "properties": {"height": 3, "night": "#672e16"}}, {"type": "Feature", "geometry": {"type": "Polygon", "coordinates": [[[-87.7525311, 41.7995871], [-87.7525324, 41.7996544], [-87.7523746, 41.7996563], [-87.7523747, 41.7996453], [-87.7523362, 41.7996451], [-87.7523349, 41.7995902], [-87.7525311, 41.7995871]]]}, "properties": {"height": 3, "night": "#6c3017"}}, {"type": "Feature", "geometry": {"type": "Polygon", "coordinates": [[[-87.7531211, 41.7994419], [-87.7531226, 41.799479], [-87.7530822, 41.7994801], [-87.7530838, 41.7995076], [-87.7529499, 41.799511], [-87.7529077, 41.7995122], [-87.7529046, 41.7994504], [-87.7529156, 41.7994505], [-87.7529156, 41.7994464], [-87.7529505, 41.7994452], [-87.7531211, 41.7994419]]]}, "properties": {"height": 3, "night": "#6c3017"}}, {"type": "Feature", "geometry": {"type": "Polygon", "coordinates": [[[-87.762303, 41.7991956], [-87.7623042, 41.7992629], [-87.7621392, 41.7992662], [-87.7621377, 41.7992209], [-87.7621652, 41.799221], [-87.7621654, 41.7991977], [-87.762303, 41.7991956]]]}, "properties": {"height": 3, "night": "#632c15"}}, {"type": "Feature", "geometry": {"type": "Polygon", "coordinates": [[[-87.7695997, 41.798949], [-87.769601, 41.7990163], [-87.769524, 41.7990173], [-87.7695209, 41.79895], [-87.7695997, 41.798949]]]}, "properties": {"height": 6, "night": "#5e2e18"}}, {"type": "Feature", "geometry": {"type": "Polygon", "coordinates": [[[-87.749908, 41.7990716], [-87.7500657, 41.7990724], [-87.7500669, 41.799141], [-87.7499092, 41.7991416], [-87.749908, 41.7990716]]]}, "properties": {"height": 3, "night": "#6e3118"}}, {"type": "Feature", "geometry": {"type": "Polygon", "coordinates": [[[-87.7579236, 41.7988294], [-87.7579267, 41.7988925], [-87.7577672, 41.7988945], [-87.7577672, 41.7988876], [-87.7577452, 41.7988875], [-87.7577439, 41.7988312], [-87.7577659, 41.7988313], [-87.7579236, 41.7988294]]]}, "properties": {"height": 3, "night": "#6a2f17"}}, {"type": "Feature", "geometry": {"type": "Polygon", "coordinates": [[[-87.7518257, 41.7987163], [-87.7518287, 41.7987877], [-87.7516636, 41.798791], [-87.7516622, 41.7987416], [-87.7516769, 41.7987403], [-87.7516771, 41.7987183], [-87.7518257, 41.7987163]]]}, "properties": {"height": 3, "night": "#6f3118"}}, {"type": "Feature", "geometry": {"type": "Polygon", "coordinates": [[[-87.751273, 41.7985914], [-87.751274, 41.7986875], [-87.7511805, 41.7986884], [-87.7511795, 41.7985923], [-87.751273, 41.7985914]]]}, "properties": {"height": 6, "night": "#793c21"}}, {"type": "Feature", "geometry": {"type": "Polygon", "coordinates": [[[-87.7610578, 41.798384], [-87.7610607, 41.7984663], [-87.7608699, 41.7984709], [-87.760867, 41.7983885], [-87.7610578, 41.798384]]]}, "properties": {"height": 3, "night": "#672e16"}}, {"type": "Feature", "geometry": {"type": "Polygon", "coordinates": [[[-87.7701434, 41.7978018], [-87.7701447, 41.7978691], [-87.7699888, 41.7978724], [-87.7699873, 41.7978326], [-87.7699708, 41.7978325], [-87.7699692, 41.7978051], [-87.7701434, 41.7978018]]]}, "properties": {"height": 6, "night": "#5f2f19"}}, {"type": "Feature", "geometry": {"type": "Polygon", "coordinates": [[[-87.7542521, 41.7978518], [-87.7542534, 41.7979136], [-87.7540774, 41.7979154], [-87.7540761, 41.7978523], [-87.7542521, 41.7978518]]]}, "properties": {"height": 3, "night": "#703218"}}, {"type": "Feature", "geometry": {"type": "Polygon", "coordinates": [[[-87.7597762, 41.7977423], [-87.759776, 41.797767], [-87.7597998, 41.7977671], [-87.7598012, 41.7978138], [-87.7596545, 41.7978172], [-87.7596529, 41.7977952], [-87.7596272, 41.7977951], [-87.759624, 41.7977457], [-87.7597762, 41.7977423]]]}, "properties": {"height": 3, "night": "#6a2f17"}}, {"type": "Feature", "geometry": {"type": "Polygon", "coordinates": [[[-87.7578742, 41.7975915], [-87.7578757, 41.7976271], [-87.7579252, 41.7976246], [-87.7579268, 41.7976576], [-87.7577085, 41.7976634], [-87.7577054, 41.7975961], [-87.7578742, 41.7975915]]]}, "properties": {"height": 3, "night": "#6d3017"}}, {"type": "Feature", "geometry": {"type": "Polygon", "coordinates": [[[-87.7604006, 41.7974271], [-87.7604038, 41.7974888], [-87.76018, 41.7974932], [-87.7601769, 41.7974328], [-87.7604006, 41.7974271]]]}, "properties": {"height": 6, "night": "#73391f"}}, {"type": "Feature", "geometry": {"type": "Polygon", "coordinates": [[[-87.7700581, 41.7970783], [-87.7700611, 41.7971483], [-87.7699657, 41.7971506], [-87.7699645, 41.7970806], [-87.7700581, 41.7970783]]]}, "properties": {"height": 6, "night": "#602f19"}}, {"type": "Feature", "geometry": {"type": "Polygon", "coordinates": [[[-87.760351, 41.7970275], [-87.7603522, 41.7970989], [-87.7601835, 41.7971008], [-87.7601823, 41.7970294], [-87.760351, 41.7970275]]]}, "properties": {"height": 3, "night": "#6b2f17"}}, {"type": "Feature", "geometry": {"type": "Polygon", "coordinates": [[[-87.7671144, 41.7967276], [-87.7671142, 41.7967578], [-87.7670921, 41.7967591], [-87.7670938, 41.7967811], [-87.7670039, 41.796782], [-87.7670026, 41.7967298], [-87.7671144, 41.7967276]]]}, "properties": {"height": 6, "night": "#67331b"}}, {"type": "Feature", "geometry": {"type": "Polygon", "coordinates": [[[-87.7688883, 41.7964386], [-87.7688894, 41.7965155], [-87.7688509, 41.7965153], [-87.7688508, 41.7965262], [-87.768728, 41.7965284], [-87.7687265, 41.7964831], [-87.7687339, 41.7964831], [-87.7687579, 41.796464], [-87.7687562, 41.7964407], [-87.7688883, 41.7964386]]]}, "properties": {"height": 6, "night": "#64311a"}}, {"type": "Feature", "geometry": {"type": "Polygon", "coordinates": [[[-87.7683259, 41.7959583], [-87.7683272, 41.7960174], [-87.7681823, 41.7960194], [-87.7681792, 41.7959617], [-87.7683259, 41.7959583]]]}, "properties": {"height": 3, "night": "#5e2a14"}}, {"type": "Feature", "geometry": {"type": "Polygon", "coordinates": [[[-87.7695296, 41.7956542], [-87.7695309, 41.7957173], [-87.7693273, 41.7957204], [-87.7693242, 41.7956586], [-87.7695296, 41.7956542]]]}, "properties": {"height": 3, "night": "#5d2914"}}, {"type": "Feature", "geometry": {"type": "Polygon", "coordinates": [[[-87.7556366, 41.7958074], [-87.7556396, 41.795887], [-87.755623, 41.7958883], [-87.7556246, 41.7959199], [-87.755509, 41.795922], [-87.7555064, 41.7958095], [-87.7556366, 41.7958074]]]}, "properties": {"height": 3, "night": "#743319"}}, {"type": "Feature", "geometry": {"type": "Polygon", "coordinates": [[[-87.7578628, 41.7943504], [-87.757864, 41.7944245], [-87.7576476, 41.7944275], [-87.7576464, 41.7943534], [-87.7578628, 41.7943504]]]}, "properties": {"height": 6, "night": "#7e3f22"}}, {"type": "Feature", "geometry": {"type": "Polygon", "coordinates": [[[-87.761505, 41.7940681], [-87.7615064, 41.7941243], [-87.7613083, 41.7941288], [-87.761307, 41.7940712], [-87.761505, 41.7940681]]]}, "properties": {"height": 3, "night": "#6e3118"}}, {"type": "Feature", "geometry": {"type": "Polygon", "coordinates": [[[-87.7529231, 41.7939413], [-87.7529262, 41.7940072], [-87.7527502, 41.7940118], [-87.752747, 41.7939514], [-87.7527617, 41.7939515], [-87.7527617, 41.793946], [-87.7529231, 41.7939413]]]}, "properties": {"height": 3, "night": "#7b371b"}}, {"type": "Feature", "geometry": {"type": "Polygon", "coordinates": [[[-87.7590159, 41.7935644], [-87.7590189, 41.7936317], [-87.7588557, 41.7936364], [-87.7588508, 41.7935705], [-87.7590159, 41.7935644]]]}, "properties": {"height": 3, "night": "#733319"}}, {"type": "Feature", "geometry": {"type": "Polygon", "coordinates": [[[-87.7609176, 41.7933256], [-87.7609189, 41.7933805], [-87.7607208, 41.793385], [-87.7607195, 41.7933314], [-87.7609176, 41.7933256]]]}, "properties": {"height": 3, "night": "#703218"}}, {"type": "Feature", "geometry": {"type": "Polygon", "coordinates": [[[-87.7675534, 41.7928905], [-87.7675565, 41.7929523], [-87.7673676, 41.7929569], [-87.7673664, 41.7928951], [-87.7675534, 41.7928905]]]}, "properties": {"height": 3, "night": "#632c15"}}, {"type": "Feature", "geometry": {"type": "Polygon", "coordinates": [[[-87.7549455, 41.7969802], [-87.7549526, 41.7971461], [-87.754878, 41.7971495], [-87.7548684, 41.7969974], [-87.7549455, 41.7969802]]]}, "properties": {"height": 9, "night": "#854a2b"}}, {"type": "Feature", "geometry": {"type": "Polygon", "coordinates": [[[-87.7677212, 41.7923631], [-87.7677238, 41.7924907], [-87.7676358, 41.7924917], [-87.7676314, 41.792364], [-87.7677212, 41.7923631]]]}, "properties": {"height": 6, "night": "#6b351c"}}, {"type": "Feature", "geometry": {"type": "Polygon", "coordinates": [[[-87.7700357, 41.7922976], [-87.7700418, 41.7924458], [-87.7699592, 41.7924482], [-87.7699532, 41.7922986], [-87.7700357, 41.7922976]]]}, "properties": {"height": 3, "night": "#5e2a14"}}, {"type": "Feature", "geometry": {"type": "Polygon", "coordinates": [[[-87.7678229, 41.7966461], [-87.7678614, 41.7966462], [-87.767863, 41.7966737], [-87.7678245, 41.7966749], [-87.7678229, 41.7966461]]]}, "properties": {"height": 8, "night": "#6b381f"}}, {"type": "Feature", "geometry": {"type": "Polygon", "coordinates": [[[-87.7545204, 41.7935158], [-87.7545235, 41.7935789], [-87.7544244, 41.7935798], [-87.7544213, 41.793518], [-87.7545204, 41.7935158]]]}, "properties": {"height": 8, "night": "#8d4c2b"}}, {"type": "Feature", "geometry": {"type": "Polygon", "coordinates": [[[-87.7495984, 41.7988395], [-87.7496015, 41.7988999], [-87.7495153, 41.7989022], [-87.749514, 41.7988418], [-87.7495984, 41.7988395]]]}, "properties": {"height": 8, "night": "#7e4426"}}, {"type": "Feature", "geometry": {"type": "Polygon", "coordinates": [[[-87.7666537, 41.7967816], [-87.7666569, 41.7968393], [-87.7665743, 41.7968416], [-87.766573, 41.7967826], [-87.7666537, 41.7967816]]]}, "properties": {"height": 8, "night": "#6d3a20"}}, {"type": "Feature", "geometry": {"type": "Polygon", "coordinates": [[[-87.7498147, 41.8067291], [-87.7498178, 41.8067963], [-87.7497316, 41.8067973], [-87.7497285, 41.80673], [-87.7498147, 41.8067291]]]}, "properties": {"height": 8, "night": "#63341d"}}, {"type": "Feature", "geometry": {"type": "Polygon", "coordinates": [[[-87.7498829, 41.8060859], [-87.7499654, 41.8060863], [-87.7499649, 41.8061453], [-87.7498824, 41.8061449], [-87.7498829, 41.8060859]]]}, "properties": {"height": 8, "night": "#65351d"}}, {"type": "Feature", "geometry": {"type": "Polygon", "coordinates": [[[-87.7520788, 41.7999265], [-87.7520856, 41.7999828], [-87.751992, 41.7999878], [-87.7519871, 41.7999315], [-87.7520788, 41.7999265]]]}, "properties": {"height": 8, "night": "#7a4125"}}, {"type": "Feature", "geometry": {"type": "Polygon", "coordinates": [[[-87.7656344, 41.7984163], [-87.7656357, 41.7984767], [-87.7655569, 41.7984777], [-87.7655556, 41.7984187], [-87.7656344, 41.7984163]]]}, "properties": {"height": 8, "night": "#6c3920"}}, {"type": "Feature", "geometry": {"type": "Polygon", "coordinates": [[[-87.7617144, 41.7975448], [-87.7617932, 41.7975452], [-87.7617926, 41.7976083], [-87.7617138, 41.7976079], [-87.7617144, 41.7975448]]]}, "properties": {"height": 8, "night": "#763f23"}}, {"type": "Feature", "geometry": {"type": "Polygon", "coordinates": [[[-87.7544965, 41.7990152], [-87.7545015, 41.7990798], [-87.7544208, 41.7990835], [-87.7544158, 41.799019], [-87.7544965, 41.7990152]]]}, "properties": {"height": 8, "night": "#7c4225"}}, {"type": "Feature", "geometry": {"type": "Polygon", "coordinates": [[[-87.768287, 41.7943522], [-87.7682882, 41.7944078], [-87.7682258, 41.7944021], [-87.7682246, 41.7943465], [-87.768287, 41.7943522]]]}, "properties": {"height": 8, "night": "#6d3920"}}, {"type": "Feature", "geometry": {"type": "Polygon", "coordinates": [[[-87.7605221, 41.7932577], [-87.7606156, 41.7932582], [-87.7606151, 41.7933213], [-87.7605216, 41.7933209], [-87.7605221, 41.7932577]]]}, "properties": {"height": 8, "night": "#814527"}}, {"type": "Feature", "geometry": {"type": "Polygon", "coordinates": [[[-87.752417, 41.8063402], [-87.7524201, 41.8064006], [-87.7523339, 41.8064029], [-87.7523307, 41.8063425], [-87.752417, 41.8063402]]]}, "properties": {"height": 8, "night": "#64341d"}}, {"type": "Feature", "geometry": {"type": "Polygon", "coordinates": [[[-87.7679682, 41.79973], [-87.7679695, 41.7997904], [-87.7678485, 41.7997925], [-87.7678472, 41.7997321], [-87.7679682, 41.79973]]]}, "properties": {"height": 8, "night": "#64341d"}}, {"type": "Feature", "geometry": {"type": "Polygon", "coordinates": [[[-87.7631762, 41.7962636], [-87.7631756, 41.7963294], [-87.7630637, 41.7963303], [-87.7630625, 41.7962644], [-87.7631762, 41.7962636]]]}, "properties": {"height": 8, "night": "#763f23"}}, {"type": "Feature", "geometry": {"type": "Polygon", "coordinates": [[[-87.7498551, 41.8083443], [-87.7498564, 41.8084019], [-87.749772, 41.8084042], [-87.7497689, 41.8083466], [-87.7498551, 41.8083443]]]}, "properties": {"height": 8, "night": "#5e301b"}}, {"type": "Feature", "geometry": {"type": "Polygon", "coordinates": [[[-87.7534577, 41.7995273], [-87.753459, 41.7995863], [-87.7533765, 41.7995886], [-87.7533733, 41.7995282], [-87.7534577, 41.7995273]]]}, "properties": {"height": 8, "night": "#7b4225"}}, {"type": "Feature", "geometry": {"type": "Polygon", "coordinates": [[[-87.7593484, 41.7965684], [-87.759368, 41.7966384], [-87.7592835, 41.7966517], [-87.759264, 41.7965817], [-87.7593484, 41.7965684]]]}, "properties": {"height": 8, "night": "#7c4326"}}, {"type": "Feature", "geometry": {"type": "Polygon", "coordinates": [[[-87.7520613, 41.8028751], [-87.7521567, 41.8028756], [-87.7521562, 41.8029305], [-87.7520608, 41.80293], [-87.7520613, 41.8028751]]]}, "properties": {"height": 8, "night": "#703b21"}}, {"type": "Feature", "geometry": {"type": "Polygon", "coordinates": [[[-87.75247, 41.8083905], [-87.7524695, 41.8084454], [-87.7523906, 41.8084463], [-87.7523893, 41.8083914], [-87.75247, 41.8083905]]]}, "properties": {"height": 8, "night": "#5d301a"}}, {"type": "Feature", "geometry": {"type": "Polygon", "coordinates": [[[-87.7582039, 41.794348], [-87.7582052, 41.794407], [-87.7581117, 41.7944093], [-87.7581104, 41.7943503], [-87.7582039, 41.794348]]]}, "properties": {"height": 8, "night": "#844728"}}, {"type": "Feature", "geometry": {"type": "Polygon", "coordinates": [[[-87.7524992, 41.8081944], [-87.7525006, 41.8082466], [-87.7523832, 41.8082473], [-87.7523837, 41.8081952], [-87.7524992, 41.8081944]]]}, "properties": {"height": 8, "night": "#5e311b"}}, {"type": "Feature", "geometry": {"type": "Polygon", "coordinates": [[[-87.7593995, 41.79372], [-87.7594026, 41.7937804], [-87.7593293, 41.7937814], [-87.7593262, 41.793721], [-87.7593995, 41.79372]]]}, "properties": {"height": 8, "night": "#834628"}}, {"type": "Feature", "geometry": {"type": "Polygon", "coordinates": [[[-87.7498022, 41.8058865], [-87.7498035, 41.805951], [-87.7497136, 41.8059519], [-87.7497105, 41.8058874], [-87.7498022, 41.8058865]]]}, "properties": {"height": 8, "night": "#66351e"}}, {"type": "Feature", "geometry": {"type": "Polygon", "coordinates": [[[-87.7581928, 41.7941517], [-87.7581959, 41.794219], [-87.7581097, 41.7942213], [-87.7581048, 41.794154], [-87.7581928, 41.7941517]]]}, "properties": {"height": 8, "night": "#844728"}}, {"type": "Feature", "geometry": {"type": "Polygon", "coordinates": [[[-87.7643426, 41.7984289], [-87.7644321, 41.7984268], [-87.7644335, 41.7984842], [-87.7643421, 41.7984862], [-87.7643426, 41.7984289]]]}, "properties": {"height": 8, "night": "#6e3a21"}}, {"type": "Feature", "geometry": {"type": "Polygon", "coordinates": [[[-87.7544722, 41.7978543], [-87.7544735, 41.7979092], [-87.754391, 41.7979101], [-87.7543896, 41.7978552], [-87.7544722, 41.7978543]]]}, "properties": {"height": 8, "night": "#804527"}}, {"type": "Feature", "geometry": {"type": "Polygon", "coordinates": [[[-87.7592213, 41.7931483], [-87.7592226, 41.7932073], [-87.7591364, 41.7932083], [-87.7591351, 41.7931493], [-87.7592213, 41.7931483]]]}, "properties": {"height": 8, "night": "#844728"}}, {"type": "Feature", "geometry": {"type": "Polygon", "coordinates": [[[-87.7668989, 41.7995491], [-87.7669002, 41.7996067], [-87.7668158, 41.7996077], [-87.7668145, 41.7995514], [-87.7668989, 41.7995491]]]}, "properties": {"height": 8, "night": "#67361e"}}, {"type": "Feature", "geometry": {"type": "Polygon", "coordinates": [[[-87.7532284, 41.7932376], [-87.7533072, 41.793238], [-87.7533085, 41.7933011], [-87.7532296, 41.7933021], [-87.7532284, 41.7932376]]]}, "properties": {"height": 8, "night": "#8f4e2c"}}, {"type": "Feature", "geometry": {"type": "Polygon", "coordinates": [[[-87.7520456, 41.7991346], [-87.7520487, 41.7991936], [-87.7519607, 41.7991945], [-87.7519594, 41.7991369], [-87.7520456, 41.7991346]]]}, "properties": {"height": 8, "night": "#7d4326"}}, {"type": "Feature", "geometry": {"type": "Polygon", "coordinates": [[[-87.7511075, 41.803308], [-87.7511089, 41.8033506], [-87.7510319, 41.8033529], [-87.7510286, 41.8033104], [-87.7511075, 41.803308]]]}, "properties": {"height": 8, "night": "#6f3b21"}}, {"type": "Feature", "geometry": {"type": "Polygon", "coordinates": [[[-87.7545057, 41.7994256], [-87.754507, 41.7994887], [-87.7544098, 41.7994896], [-87.7544085, 41.7994264], [-87.7545057, 41.7994256]]]}, "properties": {"height": 8, "night": "#7b4225"}}, {"type": "Feature", "geometry": {"type": "Polygon", "coordinates": [[[-87.758058, 41.7952885], [-87.7580611, 41.7953531], [-87.757962, 41.7953567], [-87.7579589, 41.7952922], [-87.758058, 41.7952885]]]}, "properties": {"height": 8, "night": "#824628"}}, {"type": "Feature", "geometry": {"type": "Polygon", "coordinates": [[[-87.7509714, 41.8039605], [-87.7509744, 41.8040263], [-87.7508644, 41.8040285], [-87.7508613, 41.8039627], [-87.7509714, 41.8039605]]]}, "properties": {"height": 8, "night": "#6d3920"}}, {"type": "Feature", "geometry": {"type": "Polygon", "coordinates": [[[-87.7568881, 41.7997929], [-87.7569633, 41.7997933], [-87.7569626, 41.7998701], [-87.7569057, 41.7998699], [-87.7569059, 41.7998506], [-87.7568858, 41.7998505], [-87.7568881, 41.7997929]]]}, "properties": {"height": 8, "night": "#773f24"}}, {"type": "Feature", "geometry": {"type": "Polygon", "coordinates": [[[-87.7516406, 41.8116726], [-87.7516419, 41.8117412], [-87.7514713, 41.8117444], [-87.75147, 41.8116758], [-87.7516406, 41.8116726]]]}, "properties": {"height": 3, "night": "#4a210f"}}, {"type": "Feature", "geometry": {"type": "Polygon", "coordinates": [[[-87.7504035, 41.8107662], [-87.7504034, 41.8107813], [-87.7503905, 41.8107826], [-87.7503905, 41.8107894], [-87.7503996, 41.8107895], [-87.7504011, 41.8108251], [-87.750392, 41.8108251], [-87.7503919, 41.810832], [-87.7502378, 41.8108353], [-87.7502366, 41.8107694], [-87.7504035, 41.8107662]]]}, "properties": {"height": 3, "night": "#4d2210"}}, {"type": "Feature", "geometry": {"type": "Polygon", "coordinates": [[[-87.7496801, 41.8100394], [-87.7496832, 41.8101025], [-87.7495291, 41.8101086], [-87.749526, 41.8100441], [-87.7496801, 41.8100394]]]}, "properties": {"height": 3, "night": "#4f2311"}}, {"type": "Feature", "geometry": {"type": "Polygon", "coordinates": [[[-87.7503641, 41.8094501], [-87.7503658, 41.8094665], [-87.7503529, 41.8094665], [-87.7503529, 41.8094733], [-87.7503657, 41.8094734], [-87.7503672, 41.8095077], [-87.7503544, 41.8095077], [-87.7503543, 41.8095173], [-87.7501984, 41.8095192], [-87.7501972, 41.809452], [-87.7503641, 41.8094501]]]}, "properties": {"height": 3, "night": "#512411"}}, {"type": "Feature", "geometry": {"type": "Polygon", "coordinates": [[[-87.7498682, 41.8089207], [-87.7498695, 41.808981], [-87.7497888, 41.8089806], [-87.7497875, 41.8089216], [-87.7498682, 41.8089207]]]}, "properties": {"height": 8, "night": "#5c2f1a"}}, {"type": "Feature", "geometry": {"type": "Polygon", "coordinates": [[[-87.7511549, 41.8114327], [-87.7511562, 41.8114945], [-87.75107, 41.8114954], [-87.7510687, 41.811435], [-87.7511549, 41.8114327]]]}, "properties": {"height": 8, "night": "#532a17"}}, {"type": "Feature", "geometry": {"type": "Polygon", "coordinates": [[[-87.7522526, 41.8095063], [-87.7523462, 41.8095068], [-87.7523456, 41.8095644], [-87.7522521, 41.8095639], [-87.7522526, 41.8095063]]]}, "properties": {"height": 8, "night": "#592e19"}}, {"type": "Feature", "geometry": {"type": "Polygon", "coordinates": [[[-87.7500939, 41.8101252], [-87.7500933, 41.8101842], [-87.7500071, 41.8101851], [-87.7500077, 41.8101261], [-87.7500939, 41.8101252]]]}, "properties": {"height": 8, "night": "#572d18"}}, {"type": "Feature", "geometry": {"type": "Polygon", "coordinates": [[[-87.7732701, 41.7752357], [-87.7732761, 41.7753908], [-87.7731752, 41.775393], [-87.7731674, 41.7752379], [-87.7732701, 41.7752357]]]}, "properties": {"height": 3, "night": "#4a200f"}}, {"type": "Feature", "geometry": {"type": "Polygon", "coordinates": [[[-87.7759302, 41.775191], [-87.7759364, 41.7753269], [-87.7758411, 41.7753291], [-87.7758331, 41.7751933], [-87.7759302, 41.775191]]]}, "properties": {"height": 3, "night": "#451e0e"}}, {"type": "Feature", "geometry": {"type": "Polygon", "coordinates": [[[-87.7746358, 41.7754331], [-87.7747128, 41.7754334], [-87.7747123, 41.7754952], [-87.7746353, 41.7754962], [-87.7746358, 41.7754331]]]}, "properties": {"height": 8, "night": "#4f2815"}}, {"type": "Feature", "geometry": {"type": "Polygon", "coordinates": [[[-87.7705408, 41.7756436], [-87.7705439, 41.7757081], [-87.7704595, 41.7757104], [-87.7704564, 41.7756445], [-87.7705408, 41.7756436]]]}, "properties": {"height": 8, "night": "#572d18"}}, {"type": "Feature", "geometry": {"type": "Polygon", "coordinates": [[[-87.7708325, 41.7756148], [-87.7709205, 41.7756166], [-87.7709182, 41.7756688], [-87.770832, 41.7756683], [-87.7708325, 41.7756148]]]}, "properties": {"height": 8, "night": "#572c18"}}, {"type": "Feature", "geometry": {"type": "Polygon", "coordinates": [[[-87.7748512, 41.7915966], [-87.7748544, 41.7916488], [-87.7748214, 41.7916486], [-87.7748212, 41.7916706], [-87.7746543, 41.7916739], [-87.7746513, 41.7915998], [-87.7748512, 41.7915966]]]}, "properties": {"height": 3, "night": "#552512"}}, {"type": "Feature", "geometry": {"type": "Polygon", "coordinates": [[[-87.7711852, 41.7912659], [-87.7711884, 41.7913236], [-87.7709757, 41.791328], [-87.7709743, 41.7912704], [-87.7711852, 41.7912659]]]}, "properties": {"height": 3, "night": "#5c2914"}}, {"type": "Feature", "geometry": {"type": "Polygon", "coordinates": [[[-87.7742508, 41.7908459], [-87.7742539, 41.7909186], [-87.7740503, 41.7909231], [-87.7740473, 41.7908504], [-87.7742508, 41.7908459]]]}, "properties": {"height": 3, "night": "#562612"}}, {"type": "Feature", "geometry": {"type": "Polygon", "coordinates": [[[-87.7705717, 41.7903422], [-87.7705729, 41.7904232], [-87.7703968, 41.790425], [-87.7703939, 41.7903454], [-87.7705717, 41.7903422]]]}, "properties": {"height": 3, "night": "#5e2914"}}, {"type": "Feature", "geometry": {"type": "Polygon", "coordinates": [[[-87.7759742, 41.7898005], [-87.7759773, 41.7898691], [-87.7758141, 41.7898724], [-87.775811, 41.7898038], [-87.7759742, 41.7898005]]]}, "properties": {"height": 3, "night": "#532411"}}, {"type": "Feature", "geometry": {"type": "Polygon", "coordinates": [[[-87.7735022, 41.7894372], [-87.7735034, 41.7895044], [-87.7733696, 41.7895065], [-87.7733665, 41.7894406], [-87.7735022, 41.7894372]]]}, "properties": {"height": 6, "night": "#5e2e18"}}, {"type": "Feature", "geometry": {"type": "Polygon", "coordinates": [[[-87.772963, 41.789038], [-87.7729642, 41.7891039], [-87.772801, 41.7891058], [-87.7727998, 41.7890413], [-87.772963, 41.789038]]]}, "properties": {"height": 3, "night": "#592713"}}, {"type": "Feature", "geometry": {"type": "Polygon", "coordinates": [[[-87.7705105, 41.7885375], [-87.7705118, 41.7885965], [-87.7702973, 41.788601], [-87.770296, 41.7885406], [-87.7705105, 41.7885375]]]}, "properties": {"height": 3, "night": "#5e2a14"}}, {"type": "Feature", "geometry": {"type": "Polygon", "coordinates": [[[-87.7722328, 41.7880437], [-87.7722358, 41.7881124], [-87.7720745, 41.7881157], [-87.7720714, 41.7880457], [-87.7722328, 41.7880437]]]}, "properties": {"height": 3, "night": "#5a2813"}}, {"type": "Feature", "geometry": {"type": "Polygon", "coordinates": [[[-87.7722414, 41.7876802], [-87.7722427, 41.7877447], [-87.7720355, 41.7877491], [-87.7720342, 41.7876833], [-87.7722414, 41.7876802]]]}, "properties": {"height": 6, "night": "#612f19"}}, {"type": "Feature", "geometry": {"type": "Polygon", "coordinates": [[[-87.7716712, 41.7872671], [-87.7716742, 41.7873357], [-87.7714982, 41.787339], [-87.771497, 41.7872704], [-87.7716712, 41.7872671]]]}, "properties": {"height": 3, "night": "#5b2813"}}, {"type": "Feature", "geometry": {"type": "Polygon", "coordinates": [[[-87.7716466, 41.7867264], [-87.7716496, 41.7868018], [-87.7715029, 41.7868052], [-87.7714999, 41.7867284], [-87.7716466, 41.7867264]]]}, "properties": {"height": 3, "night": "#5b2813"}}, {"type": "Feature", "geometry": {"type": "Polygon", "coordinates": [[[-87.7709813, 41.7862785], [-87.7709844, 41.7863375], [-87.7707754, 41.7863406], [-87.7707723, 41.7862816], [-87.7709813, 41.7862785]]]}, "properties": {"height": 3, "night": "#5c2914"}}, {"type": "Feature", "geometry": {"type": "Polygon", "coordinates": [[[-87.77528, 41.7859153], [-87.7752812, 41.7859853], [-87.775107, 41.7859885], [-87.7751058, 41.7859186], [-87.77528, 41.7859153]]]}, "properties": {"height": 6, "night": "#592b17"}}, {"type": "Feature", "geometry": {"type": "Polygon", "coordinates": [[[-87.7715795, 41.7849546], [-87.7715808, 41.7850232], [-87.7714139, 41.7850265], [-87.7714047, 41.7850265], [-87.7714035, 41.7849578], [-87.7714145, 41.7849565], [-87.7715795, 41.7849546]]]}, "properties": {"height": 3, "night": "#5a2813"}}, {"type": "Feature", "geometry": {"type": "Polygon", "coordinates": [[[-87.7764488, 41.784321], [-87.77645, 41.7843924], [-87.7762777, 41.7843957], [-87.7762765, 41.7843243], [-87.7764488, 41.784321]]]}, "properties": {"height": 3, "night": "#502311"}}, {"type": "Feature", "geometry": {"type": "Polygon", "coordinates": [[[-87.7715848, 41.7835097], [-87.771589, 41.7836593], [-87.7714936, 41.7836616], [-87.7714895, 41.7835106], [-87.7715848, 41.7835097]]]}, "properties": {"height": 3, "night": "#592713"}}, {"type": "Feature", "geometry": {"type": "Polygon", "coordinates": [[[-87.7744086, 41.7828127], [-87.7744118, 41.7828731], [-87.7743201, 41.7828754], [-87.7743169, 41.782815], [-87.7744086, 41.7828127]]]}, "properties": {"height": 6, "night": "#582b16"}}, {"type": "Feature", "geometry": {"type": "Polygon", "coordinates": [[[-87.77243, 41.7776136], [-87.7724361, 41.7777509], [-87.7723463, 41.7777518], [-87.772342, 41.7776159], [-87.77243, 41.7776136]]]}, "properties": {"height": 3, "night": "#4f2311"}}, {"type": "Feature", "geometry": {"type": "Polygon", "coordinates": [[[-87.7730553, 41.7834826], [-87.7730597, 41.7836144], [-87.772968, 41.7836153], [-87.7729637, 41.7834849], [-87.7730553, 41.7834826]]]}, "properties": {"height": 3, "night": "#562612"}}, {"type": "Feature", "geometry": {"type": "Polygon", "coordinates": [[[-87.7707553, 41.7821445], [-87.7707565, 41.7822076], [-87.7706282, 41.7822098], [-87.7706269, 41.7821466], [-87.7707553, 41.7821445]]]}, "properties": {"height": 6, "night": "#5f2f19"}}, {"type": "Feature", "geometry": {"type": "Polygon", "coordinates": [[[-87.7744392, 41.7818222], [-87.7744423, 41.7818895], [-87.7742791, 41.7818914], [-87.7742779, 41.7818255], [-87.7744392, 41.7818222]]]}, "properties": {"height": 3, "night": "#512411"}}, {"type": "Feature", "geometry": {"type": "Polygon", "coordinates": [[[-87.7742609, 41.7922208], [-87.7742652, 41.7923526], [-87.7741699, 41.7923549], [-87.7741655, 41.7922231], [-87.7742609, 41.7922208]]]}, "properties": {"height": 3, "night": "#552612"}}, {"type": "Feature", "geometry": {"type": "Polygon", "coordinates": [[[-87.7713771, 41.7812611], [-87.7713801, 41.7813353], [-87.7712885, 41.7813362], [-87.7712854, 41.7812634], [-87.7713771, 41.7812611]]]}, "properties": {"height": 6, "night": "#5d2d18"}}, {"type": "Feature", "geometry": {"type": "Polygon", "coordinates": [[[-87.7745381, 41.776131], [-87.7745442, 41.7762737], [-87.7744434, 41.7762774], [-87.7744373, 41.7761333], [-87.7745381, 41.776131]]]}, "properties": {"height": 3, "night": "#49200f"}}, {"type": "Feature", "geometry": {"type": "Polygon", "coordinates": [[[-87.774904, 41.7770672], [-87.7749056, 41.7770864], [-87.7749038, 41.7770864], [-87.7749081, 41.7772182], [-87.7748165, 41.7772205], [-87.7748121, 41.7770874], [-87.7748048, 41.7770873], [-87.7748031, 41.7770695], [-87.774904, 41.7770672]]]}, "properties": {"height": 3, "night": "#4a210f"}}, {"type": "Feature", "geometry": {"type": "Polygon", "coordinates": [[[-87.7752088, 41.7765802], [-87.7752151, 41.7767037], [-87.7752187, 41.7767038], [-87.7752204, 41.7767202], [-87.7751232, 41.7767239], [-87.7751216, 41.776706], [-87.7751271, 41.7767061], [-87.7751208, 41.7765839], [-87.7752088, 41.7765802]]]}, "properties": {"height": 3, "night": "#49200f"}}, {"type": "Feature", "geometry": {"type": "Polygon", "coordinates": [[[-87.7755987, 41.7774946], [-87.7756029, 41.7776359], [-87.7756066, 41.777636], [-87.7756083, 41.7776511], [-87.775524, 41.7776534], [-87.7755241, 41.7776383], [-87.7755278, 41.7776383], [-87.7755217, 41.777497], [-87.7755987, 41.7774946]]]}, "properties": {"height": 3, "night": "#4a200f"}}, {"type": "Feature", "geometry": {"type": "Polygon", "coordinates": [[[-87.7762852, 41.7835313], [-87.7762489, 41.7835325], [-87.7762471, 41.7835267], [-87.7761899, 41.7835264], [-87.7761835, 41.7834122], [-87.7762785, 41.7834113], [-87.7762852, 41.7835313]]]}, "properties": {"height": 6, "night": "#542915"}}, {"type": "Feature", "geometry": {"type": "Polygon", "coordinates": [[[-87.7768226, 41.7835465], [-87.7767862, 41.7835493], [-87.7767863, 41.7835422], [-87.7767313, 41.7835419], [-87.7767245, 41.7834376], [-87.776774, 41.7834365], [-87.7767723, 41.7834266], [-87.7768181, 41.7834254], [-87.7768181, 41.7834309], [-87.7768217, 41.7834309], [-87.7768226, 41.7835465]]]}, "properties": {"height": 6, "night": "#532815"}}, {"type": "Feature", "geometry": {"type": "Polygon", "coordinates": [[[-87.7750242, 41.7792701], [-87.7750273, 41.779336], [-87.7748916, 41.7793381], [-87.7748903, 41.7792722], [-87.7750242, 41.7792701]]]}, "properties": {"height": 3, "night": "#4d2210"}}, {"type": "Feature", "geometry": {"type": "Polygon", "coordinates": [[[-87.7771422, 41.7774442], [-87.7772379, 41.7774422], [-87.7772455, 41.7776274], [-87.7772308, 41.7776274], [-87.7772324, 41.7776589], [-87.7771477, 41.7776604], [-87.7771422, 41.7774442]]]}, "properties": {"height": 8, "night": "#4d2715"}}, {"type": "Feature", "geometry": {"type": "Polygon", "coordinates": [[[-87.776207, 41.7785857], [-87.7762101, 41.7786529], [-87.7760726, 41.778655], [-87.7760713, 41.7785877], [-87.776207, 41.7785857]]]}, "properties": {"height": 3, "night": "#4a210f"}}, {"type": "Feature", "geometry": {"type": "Polygon", "coordinates": [[[-87.7712464, 41.7767036], [-87.7712702, 41.7767037], [-87.7712715, 41.7767682], [-87.7712459, 41.7767681], [-87.7712459, 41.7767653], [-87.771057, 41.7767685], [-87.7710557, 41.7767095], [-87.7712464, 41.7767077], [-87.7712464, 41.7767036]]]}, "properties": {"height": 3, "night": "#502311"}}, {"type": "Feature", "geometry": {"type": "Polygon", "coordinates": [[[-87.7746548, 41.7819083], [-87.7746561, 41.7819701], [-87.7745424, 41.7819723], [-87.7745411, 41.7819105], [-87.7746548, 41.7819083]]]}, "properties": {"height": 8, "night": "#5a2e19"}}, {"type": "Feature", "geometry": {"type": "Polygon", "coordinates": [[[-87.7724349, 41.7873545], [-87.7724362, 41.7874149], [-87.7723482, 41.7874172], [-87.7723469, 41.7873569], [-87.7724349, 41.7873545]]]}, "properties": {"height": 8, "night": "#65351d"}}, {"type": "Feature", "geometry": {"type": "Polygon", "coordinates": [[[-87.7710716, 41.7793016], [-87.7710729, 41.7793633], [-87.7709885, 41.7793657], [-87.7709854, 41.7793025], [-87.7710716, 41.7793016]]]}, "properties": {"height": 8, "night": "#5e311b"}}, {"type": "Feature", "geometry": {"type": "Polygon", "coordinates": [[[-87.7756797, 41.7854905], [-87.775681, 41.7855522], [-87.7755875, 41.7855532], [-87.7755844, 41.7854928], [-87.7756797, 41.7854905]]]}, "properties": {"height": 8, "night": "#5b2f1a"}}, {"type": "Feature", "geometry": {"type": "Polygon", "coordinates": [[[-87.7759526, 41.7791772], [-87.7759557, 41.7792403], [-87.7758585, 41.7792426], [-87.7758554, 41.7791795], [-87.7759526, 41.7791772]]]}, "properties": {"height": 8, "night": "#532a17"}}, {"type": "Feature", "geometry": {"type": "Polygon", "coordinates": [[[-87.7731916, 41.7773045], [-87.7731947, 41.7773717], [-87.7731085, 41.7773727], [-87.7731073, 41.7773055], [-87.7731916, 41.7773045]]]}, "properties": {"height": 8, "night": "#562c18"}}, {"type": "Feature", "geometry": {"type": "Polygon", "coordinates": [[[-87.771214, 41.7831484], [-87.7712152, 41.7832116], [-87.7711199, 41.7832138], [-87.7711186, 41.7831507], [-87.771214, 41.7831484]]]}, "properties": {"height": 8, "night": "#64341d"}}, {"type": "Feature", "geometry": {"type": "Polygon", "coordinates": [[[-87.7726788, 41.7894565], [-87.7726819, 41.7895224], [-87.7725939, 41.7895233], [-87.7725926, 41.7894588], [-87.7726788, 41.7894565]]]}, "properties": {"height": 8, "night": "#64341d"}}, {"type": "Feature", "geometry": {"type": "Polygon", "coordinates": [[[-87.7737686, 41.7860012], [-87.7737699, 41.7860616], [-87.7736819, 41.7860639], [-87.7736806, 41.7860036], [-87.7737686, 41.7860012]]]}, "properties": {"height": 8, "night": "#60321c"}}, {"type": "Feature", "geometry": {"type": "Polygon", "coordinates": [[[-87.7725823, 41.7868585], [-87.7725852, 41.7869368], [-87.7724917, 41.7869377], [-87.7724906, 41.7868595], [-87.7725823, 41.7868585]]]}, "properties": {"height": 8, "night": "#64341d"}}, {"type": "Feature", "geometry": {"type": "Polygon", "coordinates": [[[-87.7747663, 41.7764532], [-87.7747694, 41.7765177], [-87.7746906, 41.7765201], [-87.7746875, 41.7764556], [-87.7747663, 41.7764532]]]}, "properties": {"height": 8, "night": "#512916"}}, {"type": "Feature", "geometry": {"type": "Polygon", "coordinates": [[[-87.7746802, 41.7825671], [-87.7746816, 41.7826261], [-87.774599, 41.7826284], [-87.7745977, 41.782568], [-87.7746802, 41.7825671]]]}, "properties": {"height": 8, "night": "#5b2f1a"}}, {"type": "Feature", "geometry": {"type": "Polygon", "coordinates": [[[-87.7724873, 41.7887036], [-87.7724886, 41.7887681], [-87.7724116, 41.7887691], [-87.7724085, 41.7887046], [-87.7724873, 41.7887036]]]}, "properties": {"height": 8, "night": "#65351d"}}, {"type": "Feature", "geometry": {"type": "Polygon", "coordinates": [[[-87.7750071, 41.7907439], [-87.7750084, 41.7908125], [-87.7749313, 41.7908149], [-87.7749283, 41.7907463], [-87.7750071, 41.7907439]]]}, "properties": {"height": 8, "night": "#5e311b"}}, {"type": "Feature", "geometry": {"type": "Polygon", "coordinates": [[[-87.7748966, 41.7772785], [-87.7748979, 41.7773402], [-87.7748191, 41.7773412], [-87.774816, 41.7772795], [-87.7748966, 41.7772785]]]}, "properties": {"height": 8, "night": "#522a16"}}, {"type": "Feature", "geometry": {"type": "Polygon", "coordinates": [[[-87.7740109, 41.7901847], [-87.7740366, 41.7901849], [-87.7740364, 41.7902027], [-87.7740107, 41.7902039], [-87.7740109, 41.7901847]]]}, "properties": {"height": 8, "night": "#61321c"}}, {"type": "Feature", "geometry": {"type": "Polygon", "coordinates": [[[-87.774856, 41.7916817], [-87.7748574, 41.7917243], [-87.7748134, 41.7917254], [-87.774812, 41.7916829], [-87.774856, 41.7916817]]]}, "properties": {"height": 8, "night": "#5e311b"}}, {"type": "Feature", "geometry": {"type": "Polygon", "coordinates": [[[-87.7759947, 41.780448], [-87.7759961, 41.7804974], [-87.7759099, 41.7804984], [-87.7759085, 41.7804503], [-87.7759947, 41.780448]]]}, "properties": {"height": 8, "night": "#552b17"}}, {"type": "Feature", "geometry": {"type": "Polygon", "coordinates": [[[-87.7708301, 41.7773574], [-87.7708332, 41.7774206], [-87.770747, 41.7774215], [-87.7707458, 41.7773584], [-87.7708301, 41.7773574]]]}, "properties": {"height": 8, "night": "#5b2f19"}}, {"type": "Feature", "geometry": {"type": "Polygon", "coordinates": [[[-87.7723383, 41.7837151], [-87.7723414, 41.7837838], [-87.7722552, 41.7837847], [-87.7722522, 41.7837161], [-87.7723383, 41.7837151]]]}, "properties": {"height": 8, "night": "#62331c"}}, {"type": "Feature", "geometry": {"type": "Polygon", "coordinates": [[[-87.7725673, 41.790894], [-87.7725686, 41.7909502], [-87.7724861, 41.7909526], [-87.7724847, 41.7908963], [-87.7725673, 41.790894]]]}, "properties": {"height": 8, "night": "#64341d"}}, {"type": "Feature", "geometry": {"type": "Polygon", "coordinates": [[[-87.776296, 41.7877918], [-87.7762972, 41.7878591], [-87.7761835, 41.7878626], [-87.7761804, 41.787794], [-87.776296, 41.7877918]]]}, "properties": {"height": 8, "night": "#5b2f1a"}}, {"type": "Feature", "geometry": {"type": "Polygon", "coordinates": [[[-87.7741081, 41.7764678], [-87.7741112, 41.7765323], [-87.7740159, 41.7765346], [-87.7740146, 41.7764688], [-87.7741081, 41.7764678]]]}, "properties": {"height": 8, "night": "#522a16"}}, {"type": "Feature", "geometry": {"type": "Polygon", "coordinates": [[[-87.7725433, 41.7858608], [-87.7725446, 41.7859226], [-87.7724566, 41.7859235], [-87.7724571, 41.7858618], [-87.7725433, 41.7858608]]]}, "properties": {"height": 8, "night": "#63341d"}}, {"type": "Feature", "geometry": {"type": "Polygon", "coordinates": [[[-87.777154, 41.7784626], [-87.7771571, 41.778523], [-87.7770618, 41.7785239], [-87.7770586, 41.7784635], [-87.777154, 41.7784626]]]}, "properties": {"height": 8, "night": "#4f2815"}}, {"type": "Feature", "geometry": {"type": "Polygon", "coordinates": [[[-87.7760925, 41.7827043], [-87.7760938, 41.7827647], [-87.7760003, 41.7827656], [-87.775999, 41.7827052], [-87.7760925, 41.7827043]]]}, "properties": {"height": 8, "night": "#582d18"}}, {"type": "Feature", "geometry": {"type": "Polygon", "coordinates": [[[-87.7723225, 41.7802751], [-87.7723255, 41.7803437], [-87.772243, 41.7803447], [-87.7722418, 41.7802774], [-87.7723225, 41.7802751]]]}, "properties": {"height": 8, "night": "#5d301a"}}, {"type": "Feature", "geometry": {"type": "Polygon", "coordinates": [[[-87.7772797, 41.7821598], [-87.7772828, 41.7822188], [-87.7771948, 41.7822211], [-87.7771935, 41.7821621], [-87.7772797, 41.7821598]]]}, "properties": {"height": 8, "night": "#542b17"}}, {"type": "Feature", "geometry": {"type": "Polygon", "coordinates": [[[-87.7760361, 41.7860397], [-87.7760374, 41.7861001], [-87.7759586, 41.7861011], [-87.7759573, 41.7860407], [-87.7760361, 41.7860397]]]}, "properties": {"height": 8, "night": "#5b2f19"}}, {"type": "Feature", "geometry": {"type": "Polygon", "coordinates": [[[-87.77422, 41.7764601], [-87.774223, 41.7765315], [-87.7741405, 41.7765339], [-87.7741375, 41.7764625], [-87.77422, 41.7764601]]]}, "properties": {"height": 8, "night": "#522916"}}, {"type": "Feature", "geometry": {"type": "Polygon", "coordinates": [[[-87.7714011, 41.7919503], [-87.7714042, 41.7920093], [-87.7713529, 41.7920104], [-87.7713364, 41.7920104], [-87.7713332, 41.7919513], [-87.7713534, 41.7919514], [-87.7714011, 41.7919503]]]}, "properties": {"height": 8, "night": "#67361e"}}, {"type": "Feature", "geometry": {"type": "Polygon", "coordinates": [[[-87.7763282, 41.7995307], [-87.7763295, 41.7995883], [-87.7761058, 41.7995927], [-87.7761044, 41.7995337], [-87.7763282, 41.7995307]]]}, "properties": {"height": 3, "night": "#4b2110"}}, {"type": "Feature", "geometry": {"type": "Polygon", "coordinates": [[[-87.7762455, 41.7991269], [-87.7762467, 41.7991955], [-87.7761092, 41.7991976], [-87.7761079, 41.799129], [-87.7762455, 41.7991269]]]}, "properties": {"height": 3, "night": "#4c2110"}}, {"type": "Feature", "geometry": {"type": "Polygon", "coordinates": [[[-87.7713889, 41.7988041], [-87.771392, 41.7988714], [-87.771293, 41.7988722], [-87.7712214, 41.7988733], [-87.7712202, 41.7988074], [-87.7712935, 41.7988064], [-87.7713889, 41.7988041]]]}, "properties": {"height": 8, "night": "#5f311b"}}, {"type": "Feature", "geometry": {"type": "Polygon", "coordinates": [[[-87.7750424, 41.7983005], [-87.7750455, 41.7983678], [-87.7748639, 41.798371], [-87.7748627, 41.7983037], [-87.7750424, 41.7983005]]]}, "properties": {"height": 3, "night": "#4f2311"}}, {"type": "Feature", "geometry": {"type": "Polygon", "coordinates": [[[-87.7769043, 41.7975892], [-87.7769055, 41.7976578], [-87.7767331, 41.7976597], [-87.7767319, 41.7975924], [-87.7769043, 41.7975892]]]}, "properties": {"height": 3, "night": "#4c2110"}}, {"type": "Feature", "geometry": {"type": "Polygon", "coordinates": [[[-87.7762342, 41.7970371], [-87.7762356, 41.7970906], [-87.776032, 41.7970937], [-87.7760307, 41.7970402], [-87.7762342, 41.7970371]]]}, "properties": {"height": 3, "night": "#4e2210"}}, {"type": "Feature", "geometry": {"type": "Polygon", "coordinates": [[[-87.7744434, 41.7965385], [-87.7744447, 41.7966044], [-87.774298, 41.7966064], [-87.7742949, 41.7965405], [-87.7744434, 41.7965385]]]}, "properties": {"height": 6, "night": "#572a16"}}, {"type": "Feature", "geometry": {"type": "Polygon", "coordinates": [[[-87.7731934, 41.7958395], [-87.7731965, 41.7959136], [-87.7730021, 41.7959168], [-87.7730009, 41.7958427], [-87.7731934, 41.7958395]]]}, "properties": {"height": 3, "night": "#552612"}}, {"type": "Feature", "geometry": {"type": "Polygon", "coordinates": [[[-87.7749387, 41.7952483], [-87.77494, 41.7953032], [-87.7747548, 41.7953065], [-87.7747535, 41.7952516], [-87.7749387, 41.7952483]]]}, "properties": {"height": 6, "night": "#582b16"}}, {"type": "Feature", "geometry": {"type": "Polygon", "coordinates": [[[-87.7749424, 41.7948216], [-87.7749436, 41.7948902], [-87.7747657, 41.7948935], [-87.7747645, 41.7948249], [-87.7749424, 41.7948216]]]}, "properties": {"height": 3, "night": "#532411"}}, {"type": "Feature", "geometry": {"type": "Polygon", "coordinates": [[[-87.7724793, 41.7931987], [-87.7724823, 41.7932783], [-87.7722696, 41.7932828], [-87.7722666, 41.7932032], [-87.7724793, 41.7931987]]]}, "properties": {"height": 8, "night": "#64341d"}}, {"type": "Feature", "geometry": {"type": "Polygon", "coordinates": [[[-87.7742718, 41.792649], [-87.7742781, 41.7927698], [-87.7741864, 41.7927721], [-87.774182, 41.7926499], [-87.7742718, 41.792649]]]}, "properties": {"height": 3, "night": "#552612"}}, {"type": "Feature", "geometry": {"type": "Polygon", "coordinates": [[[-87.7740379, 41.7940392], [-87.7740859, 41.7942096], [-87.7740731, 41.7942123], [-87.7741175, 41.7943689], [-87.7737081, 41.7944342], [-87.7736636, 41.7942762], [-87.7736434, 41.7942788], [-87.7735954, 41.7941098], [-87.7740379, 41.7940392]]]}, "properties": {"height": 3, "night": "#552512"}}, {"type": "Feature", "geometry": {"type": "Polygon", "coordinates": [[[-87.7766372, 41.7985676], [-87.7766386, 41.7986197], [-87.7765469, 41.7986207], [-87.7765455, 41.7985685], [-87.7766372, 41.7985676]]]}, "properties": {"height": 8, "night": "#532a17"}}, {"type": "Feature", "geometry": {"type": "Polygon", "coordinates": [[[-87.7727569, 41.796909], [-87.7727583, 41.7969598], [-87.7726776, 41.7969607], [-87.7726762, 41.79691], [-87.7727569, 41.796909]]]}, "properties": {"height": 8, "night": "#5f311b"}}, {"type": "Feature", "geometry": {"type": "Polygon", "coordinates": [[[-87.7770145, 41.7928942], [-87.7770177, 41.7929587], [-87.7769388, 41.7929597], [-87.7769375, 41.7928952], [-87.7770145, 41.7928942]]]}, "properties": {"height": 8, "night": "#582d19"}}, {"type": "Feature", "geometry": {"type": "Polygon", "coordinates": [[[-87.7726061, 41.7935959], [-87.7726075, 41.7936412], [-87.7725213, 41.7936421], [-87.7725199, 41.7935982], [-87.7726061, 41.7935959]]]}, "properties": {"height": 8, "night": "#63341c"}}, {"type": "Feature", "geometry": {"type": "Polygon", "coordinates": [[[-87.7764078, 41.7964781], [-87.7764091, 41.7965398], [-87.7763101, 41.7965407], [-87.7763088, 41.796479], [-87.7764078, 41.7964781]]]}, "properties": {"height": 8, "night": "#572c18"}}, {"type": "Feature", "geometry": {"type": "Polygon", "coordinates": [[[-87.7728336, 41.7990472], [-87.7728367, 41.7991089], [-87.7727432, 41.7991112], [-87.7727419, 41.7990495], [-87.7728336, 41.7990472]]]}, "properties": {"height": 8, "night": "#5b2f1a"}}, {"type": "Feature", "geometry": {"type": "Polygon", "coordinates": [[[-87.7717739, 41.7990242], [-87.7717752, 41.7990818], [-87.7716835, 41.7990841], [-87.7716822, 41.7990251], [-87.7717739, 41.7990242]]]}, "properties": {"height": 8, "night": "#5e301b"}}, {"type": "Feature", "geometry": {"type": "Polygon", "coordinates": [[[-87.7752408, 41.7984675], [-87.775244, 41.7985251], [-87.7751651, 41.7985261], [-87.7751638, 41.7984685], [-87.7752408, 41.7984675]]]}, "properties": {"height": 8, "night": "#572c18"}}, {"type": "Feature", "geometry": {"type": "Polygon", "coordinates": [[[-87.7726709, 41.7933094], [-87.772674, 41.7933767], [-87.7725878, 41.793379], [-87.7725865, 41.7933104], [-87.7726709, 41.7933094]]]}, "properties": {"height": 8, "night": "#63341c"}}, {"type": "Feature", "geometry": {"type": "Polygon", "coordinates": [[[-87.7751655, 41.7957324], [-87.7751668, 41.7957928], [-87.7750751, 41.7957938], [-87.775072, 41.7957347], [-87.7751655, 41.7957324]]]}, "properties": {"height": 8, "night": "#5a2f19"}}, {"type": "Feature", "geometry": {"type": "Polygon", "coordinates": [[[-87.7739852, 41.7971428], [-87.7739866, 41.7971922], [-87.7738986, 41.7971945], [-87.7738972, 41.7971437], [-87.7739852, 41.7971428]]]}, "properties": {"height": 8, "night": "#5c2f1a"}}, {"type": "Feature", "geometry": {"type": "Polygon", "coordinates": [[[-87.727342, 41.7739653], [-87.7273435, 41.7740009], [-87.7273582, 41.774001], [-87.7273598, 41.7740257], [-87.727347, 41.7740257], [-87.7273469, 41.7740366], [-87.7272039, 41.7740386], [-87.7272024, 41.7740016], [-87.7271731, 41.7740028], [-87.7271734, 41.7739657], [-87.727342, 41.7739653]]]}, "properties": {"height": 3, "night": "#48200f"}}, {"type": "Feature", "geometry": {"type": "Polygon", "coordinates": [[[-87.7271198, 41.7708946], [-87.7272005, 41.770895], [-87.7271999, 41.7709581], [-87.7271174, 41.7709577], [-87.7271198, 41.7708946]]]}, "properties": {"height": 8, "night": "#482313"}}, {"type": "Feature", "geometry": {"type": "Polygon", "coordinates": [[[-87.7272347, 41.7779686], [-87.7274312, 41.7779697], [-87.727439, 41.7780389], [-87.7272424, 41.7780422], [-87.7272347, 41.7779686]]]}, "properties": {"height": 8, "night": "#582d19"}}, {"type": "Feature", "geometry": {"type": "Polygon", "coordinates": [[[-87.7272991, 41.7841711], [-87.7273004, 41.7842315], [-87.7272252, 41.7842311], [-87.7272258, 41.7841721], [-87.7272991, 41.7841711]]]}, "properties": {"height": 8, "night": "#62331c"}}, {"type": "Feature", "geometry": {"type": "Polygon", "coordinates": [[[-87.7385331, 41.7865336], [-87.7385055, 41.7865346], [-87.7384809, 41.7865354], [-87.7383498, 41.7864023], [-87.7382782, 41.7862222], [-87.7382695, 41.785971], [-87.7382813, 41.7859707], [-87.7382957, 41.7859703], [-87.7383135, 41.7859699], [-87.7383222, 41.7862197], [-87.7383921, 41.7863902], [-87.7385331, 41.7865336]]]}, "properties": {"height": 8, "night": "#7f4427"}}, {"type": "Feature", "geometry": {"type": "Polygon", "coordinates": [[[-87.7606415, 41.8051426], [-87.7604253, 41.8051433], [-87.7604247, 41.8050393], [-87.7606409, 41.8050386], [-87.7606415, 41.8051426]]]}, "properties": {"height": 8, "night": "#62331c"}}, {"type": "Feature", "geometry": {"type": "Polygon", "coordinates": [[[-87.7618891, 41.8064083], [-87.7616424, 41.8064091], [-87.7616421, 41.80635], [-87.7618887, 41.8063492], [-87.7618891, 41.8064083]]]}, "properties": {"height": 8, "night": "#5d301a"}}, {"type": "Feature", "geometry": {"type": "Polygon", "coordinates": [[[-87.7619981, 41.8052085], [-87.7619073, 41.8052087], [-87.761907, 41.8051471], [-87.7619977, 41.8051468], [-87.7619981, 41.8052085]]]}, "properties": {"height": 8, "night": "#60321c"}}, {"type": "Feature", "geometry": {"type": "Polygon", "coordinates": [[[-87.7774984, 41.8070536], [-87.7776364, 41.807299], [-87.7760013, 41.8078213], [-87.7758491, 41.8075641], [-87.7774984, 41.8070536]]]}, "properties": {"height": 12, "night": "#452414"}}, {"type": "Feature", "geometry": {"type": "Polygon", "coordinates": [[[-87.7645983, 41.7684021], [-87.7646087, 41.7683774], [-87.7645599, 41.7683645], [-87.7645487, 41.76839], [-87.7645983, 41.7684021]]]}, "properties": {"height": 3, "night": "#461f0f"}}, {"type": "Feature", "geometry": {"type": "Polygon", "coordinates": [[[-87.7537737, 41.7781258], [-87.7533284, 41.7781415], [-87.75332, 41.7780096], [-87.7534864, 41.7780037], [-87.7534812, 41.7779221], [-87.7534762, 41.7778438], [-87.7536049, 41.7778393], [-87.75361, 41.7779204], [-87.753615, 41.7779991], [-87.7537653, 41.7779938], [-87.7537737, 41.7781258]]]}, "properties": {"height": 8, "night": "#763f23"}}, {"type": "Feature", "geometry": {"type": "Polygon", "coordinates": [[[-87.7649909, 41.7747158], [-87.7649903, 41.774782], [-87.7649261, 41.7747817], [-87.7649267, 41.7747155], [-87.7649909, 41.7747158]]]}, "properties": {"height": 8, "night": "#5f311b"}}, {"type": "Feature", "geometry": {"type": "Polygon", "coordinates": [[[-87.7618973, 41.8009123], [-87.7618132, 41.8009131], [-87.7618132, 41.8009718], [-87.7619006, 41.8009709], [-87.7618973, 41.8009123]]]}, "properties": {"height": 8, "night": "#6d3920"}}, {"type": "Feature", "geometry": {"type": "Polygon", "coordinates": [[[-87.7611836, 41.8040535], [-87.7610021, 41.8040557], [-87.7609983, 41.8039901], [-87.7611843, 41.803989], [-87.7611836, 41.8040535]]]}, "properties": {"height": 8, "night": "#65351d"}}, {"type": "Feature", "geometry": {"type": "Polygon", "coordinates": [[[-87.753521, 41.8014918], [-87.7535197, 41.8014464], [-87.7534295, 41.8014478], [-87.7534307, 41.8014932], [-87.753521, 41.8014918]]]}, "properties": {"height": 8, "night": "#743e23"}}, {"type": "Feature", "geometry": {"type": "Polygon", "coordinates": [[[-87.7324688, 41.7956554], [-87.7325477, 41.7956558], [-87.7325491, 41.795697], [-87.7324684, 41.7956979], [-87.7324688, 41.7956554]]]}, "properties": {"height": 8, "night": "#6d3a20"}}, {"type": "Feature", "geometry": {"type": "Polygon", "coordinates": [[[-87.7488374, 41.8094829], [-87.7488387, 41.8095406], [-87.7487525, 41.8095429], [-87.7487512, 41.8094839], [-87.7488374, 41.8094829]]]}, "properties": {"height": 8, "night": "#5a2e19"}}, {"type": "Feature", "geometry": {"type": "Polygon", "coordinates": [[[-87.740032, 41.7998513], [-87.7400333, 41.799913], [-87.7399545, 41.799914], [-87.7399532, 41.7998523], [-87.740032, 41.7998513]]]}, "properties": {"height": 8, "night": "#733d22"}}, {"type": "Feature", "geometry": {"type": "Polygon", "coordinates": [[[-87.766386, 41.8012189], [-87.7660752, 41.801221], [-87.7660667, 41.801101], [-87.7654762, 41.8011094], [-87.7654762, 41.8012231], [-87.7653801, 41.8012231], [-87.7654027, 41.8022805], [-87.7656598, 41.8022805], [-87.7656655, 41.8025627], [-87.7664594, 41.8025416], [-87.7664481, 41.8019035], [-87.7663944, 41.8019077], [-87.766386, 41.8012189]]]}, "properties": {"height": 8, "night": "#64341d"}}, {"type": "Feature", "geometry": {"type": "Polygon", "coordinates": [[[-87.759686, 41.8040666], [-87.7596041, 41.8040668], [-87.7596038, 41.8040116], [-87.7596857, 41.8040114], [-87.759686, 41.8040666]]]}, "properties": {"height": 8, "night": "#67361e"}}, {"type": "Feature", "geometry": {"type": "Polygon", "coordinates": [[[-87.7638721, 41.782712], [-87.7637861, 41.782711], [-87.7637849, 41.782771], [-87.7638709, 41.782772], [-87.7638721, 41.782712]]]}, "properties": {"height": 8, "night": "#743e23"}}, {"type": "Feature", "geometry": {"type": "Polygon", "coordinates": [[[-87.7698377, 41.8037061], [-87.7694754, 41.8037107], [-87.7695416, 41.8035733], [-87.7695396, 41.8035588], [-87.7694775, 41.8035599], [-87.7694133, 41.8037169], [-87.769316, 41.8037169], [-87.7693181, 41.8037431], [-87.769169, 41.8037493], [-87.7691897, 41.8041227], [-87.7693346, 41.8041181], [-87.7693408, 41.8042693], [-87.7698646, 41.8042616], [-87.7698377, 41.8037061]]]}, "properties": {"height": 8, "night": "#582d19"}}, {"type": "Feature", "geometry": {"type": "Polygon", "coordinates": [[[-87.7606698, 41.8013375], [-87.7605894, 41.8013375], [-87.7605885, 41.8013942], [-87.7606707, 41.8013942], [-87.7606698, 41.8013375]]]}, "properties": {"height": 8, "night": "#6d3a20"}}, {"type": "Feature", "geometry": {"type": "Polygon", "coordinates": [[[-87.7625025, 41.7740268], [-87.7623236, 41.7740313], [-87.7623217, 41.7739891], [-87.7622316, 41.7739914], [-87.7622289, 41.7739318], [-87.7621809, 41.773933], [-87.7621702, 41.7736974], [-87.7624872, 41.7736894], [-87.7625025, 41.7740268]]]}, "properties": {"height": 8, "night": "#60321b"}}, {"type": "Feature", "geometry": {"type": "Polygon", "coordinates": [[[-87.759902, 41.8021704], [-87.7597382, 41.8021735], [-87.7597359, 41.8021048], [-87.7598996, 41.8021017], [-87.759902, 41.8021704]]]}, "properties": {"height": 8, "night": "#6c3920"}}, {"type": "Feature", "geometry": {"type": "Polygon", "coordinates": [[[-87.7580776, 41.801636], [-87.7578505, 41.8016394], [-87.7578489, 41.8015774], [-87.758076, 41.801574], [-87.7580776, 41.801636]]]}, "properties": {"height": 8, "night": "#703b21"}}]}