{"type": "FeatureCollection", "features": [{"type": "Feature", "geometry": {"type": "Polygon", "coordinates": [[[-96.8102339, 32.7913275], [-96.8102247, 32.7913168], [-96.8102263, 32.7913159], [-96.8101755, 32.7912563], [-96.810174, 32.7912573], [-96.8101638, 32.7912454], [-96.8101722, 32.7912403], [-96.8101733, 32.7912416], [-96.8101746, 32.7912408], [-96.8101819, 32.7912364], [-96.8100561, 32.7910864], [-96.8100117, 32.7911127], [-96.8099963, 32.7910944], [-96.8100009, 32.7910917], [-96.8099771, 32.7910634], [-96.8099725, 32.7910661], [-96.8099559, 32.7910463], [-96.8099687, 32.7910387], [-96.8098947, 32.7909506], [-96.8098866, 32.7909554], [-96.8097797, 32.7908281], [-96.8096354, 32.7906561], [-96.8096435, 32.7906513], [-96.8095681, 32.7905614], [-96.8095548, 32.7905693], [-96.8095401, 32.7905518], [-96.8095446, 32.7905491], [-96.8095201, 32.7905199], [-96.8095156, 32.7905226], [-96.8094997, 32.7905036], [-96.8095446, 32.790477], [-96.8094213, 32.7903301], [-96.8094192, 32.7903313], [-96.8094181, 32.790332], [-96.8094188, 32.7903328], [-96.8094084, 32.7903389], [-96.8094, 32.7903288], [-96.8094016, 32.7903278], [-96.8093501, 32.7902661], [-96.8093488, 32.7902668], [-96.80934, 32.7902562], [-96.8093529, 32.7902486], [-96.809354, 32.79025], [-96.8094254, 32.7902078], [-96.8094244, 32.7902067], [-96.8094388, 32.7901981], [-96.8094279, 32.7901851], [-96.809426, 32.7901775], [-96.8094288, 32.790171], [-96.8095802, 32.7900813], [-96.8095513, 32.7900462], [-96.8095767, 32.7900313], [-96.8095799, 32.7900352], [-96.8096083, 32.7900185], [-96.8096049, 32.7900144], [-96.8096291, 32.7900002], [-96.8096349, 32.7900072], [-96.8097985, 32.7899113], [-96.8099592, 32.7898171], [-96.8099523, 32.7898088], [-96.8099814, 32.7897918], [-96.8099849, 32.789796], [-96.81001, 32.7897813], [-96.8100063, 32.7897768], [-96.8100303, 32.7897627], [-96.8100565, 32.7897943], [-96.8102086, 32.7897036], [-96.8102182, 32.7897022], [-96.810228, 32.7897042], [-96.8102399, 32.7897184], [-96.8102528, 32.7897109], [-96.810254, 32.7897123], [-96.8103277, 32.7896693], [-96.8103269, 32.7896683], [-96.8103395, 32.7896609], [-96.8103484, 32.7896718], [-96.8103468, 32.7896727], [-96.8103965, 32.789733], [-96.8103979, 32.7897322], [-96.810408, 32.7897444], [-96.8103996, 32.7897493], [-96.8103984, 32.7897478], [-96.810397, 32.7897486], [-96.8103939, 32.7897504], [-96.810392, 32.7897515], [-96.81051, 32.7898921], [-96.8105562, 32.7898651], [-96.8105714, 32.7898835], [-96.8105668, 32.7898862], [-96.8105904, 32.7899147], [-96.810595, 32.789912], [-96.8106114, 32.7899319], [-96.8105986, 32.7899394], [-96.8106718, 32.7900279], [-96.8106801, 32.790023], [-96.810813, 32.7901838], [-96.8109288, 32.7903238], [-96.8109204, 32.7903287], [-96.8109967, 32.7904209], [-96.8110102, 32.790413], [-96.8110233, 32.7904288], [-96.8110188, 32.7904314], [-96.8110429, 32.7904606], [-96.8110474, 32.790458], [-96.8110634, 32.7904772], [-96.8110215, 32.7905017], [-96.8111537, 32.790659], [-96.8111552, 32.7906581], [-96.8111574, 32.7906568], [-96.8111585, 32.7906561], [-96.8111573, 32.7906547], [-96.8111676, 32.7906485], [-96.8111767, 32.7906592], [-96.8111751, 32.7906601], [-96.8112272, 32.7907214], [-96.8112284, 32.7907207], [-96.8112374, 32.7907313], [-96.8112246, 32.790739], [-96.8112234, 32.7907376], [-96.8111524, 32.7907803], [-96.8111534, 32.7907814], [-96.8111391, 32.79079], [-96.8111333, 32.7907831], [-96.811135, 32.7907821], [-96.811134, 32.7907809], [-96.8111318, 32.7907783], [-96.8111306, 32.7907768], [-96.8111298, 32.7907759], [-96.8109633, 32.7908746], [-96.8110094, 32.7909292], [-96.8109856, 32.7909434], [-96.8109818, 32.7909389], [-96.8109568, 32.7909538], [-96.8109604, 32.7909581], [-96.8109315, 32.7909754], [-96.8109242, 32.7909667], [-96.8107764, 32.7910549], [-96.8106018, 32.7911591], [-96.810608, 32.7911665], [-96.810584, 32.7911808], [-96.8105806, 32.7911768], [-96.8105524, 32.7911936], [-96.8105557, 32.7911975], [-96.8105299, 32.7912129], [-96.8104841, 32.7911588], [-96.8103193, 32.7912566], [-96.8103223, 32.7912601], [-96.8103232, 32.7912612], [-96.8103241, 32.7912606], [-96.8103314, 32.7912692], [-96.8103196, 32.7912763], [-96.8103185, 32.791275], [-96.8102455, 32.791319], [-96.8102464, 32.79132], [-96.8102339, 32.7913275]]]}, "properties": {"height": 15, "night": "#865333"}}, {"type": "Feature", "geometry": {"type": "Polygon", "coordinates": [[[-96.8055826, 32.7739331], [-96.8055008, 32.7739517], [-96.8050348, 32.7740579], [-96.8048993, 32.7736334], [-96.8049705, 32.7735466], [-96.8058875, 32.7733377], [-96.8059834, 32.773638], [-96.8060373, 32.7738439], [-96.8055826, 32.7739331]]]}, "properties": {"height": 8, "night": "#7e4326"}}, {"type": "Feature", "geometry": {"type": "Polygon", "coordinates": [[[-96.7980806, 32.7787581], [-96.7981641, 32.7790401], [-96.797987, 32.7790772], [-96.7976306, 32.7791515], [-96.7974652, 32.7791862], [-96.7975324, 32.7794128], [-96.7974369, 32.7794332], [-96.7973327, 32.7794549], [-96.7971824, 32.7789454], [-96.7980806, 32.7787581]]]}, "properties": {"height": 15, "night": "#ae6f46"}}, {"type": "Feature", "geometry": {"type": "Polygon", "coordinates": [[[-96.8014792, 32.7807158], [-96.8014698, 32.7807109], [-96.8013757, 32.7803616], [-96.8013847, 32.7803597], [-96.801382, 32.7803508], [-96.8022075, 32.7801776], [-96.8022185, 32.7801815], [-96.8023213, 32.7805313], [-96.8023138, 32.7805329], [-96.802316, 32.7805402], [-96.8014792, 32.7807158]]]}, "properties": {"height": 136, "night": "#dabf9c"}}, {"type": "Feature", "geometry": {"type": "Polygon", "coordinates": [[[-96.7740932, 32.7768214], [-96.7735222, 32.7773601], [-96.7735752, 32.7773998], [-96.7731385, 32.7778117], [-96.7730576, 32.7777511], [-96.7729289, 32.7778725], [-96.7726622, 32.7776727], [-96.7727918, 32.7775504], [-96.7727673, 32.777532], [-96.7729752, 32.777336], [-96.7729151, 32.777291], [-96.7731442, 32.777075], [-96.7731931, 32.7771116], [-96.7735884, 32.7767387], [-96.7736106, 32.7767553], [-96.7737434, 32.7766301], [-96.7738353, 32.7766989], [-96.7738771, 32.7766595], [-96.7739398, 32.7767058], [-96.7739902, 32.7767438], [-96.7740932, 32.7768214]]]}, "properties": {"height": 8, "night": "#773f24"}}, {"type": "Feature", "geometry": {"type": "Polygon", "coordinates": [[[-96.8136238, 32.7959601], [-96.8138644, 32.7959628], [-96.813926, 32.7960829], [-96.8139232, 32.7961492], [-96.8139055, 32.7961499], [-96.813905, 32.7962372], [-96.8139141, 32.7962372], [-96.8139306, 32.7962373], [-96.8139192, 32.7964566], [-96.8139038, 32.7964565], [-96.8139033, 32.7965511], [-96.8139306, 32.7965512], [-96.8139294, 32.7967705], [-96.8139021, 32.7967704], [-96.8139018, 32.7968314], [-96.8139016, 32.796869], [-96.8139306, 32.7968691], [-96.8139294, 32.7970884], [-96.8139004, 32.7970883], [-96.8138999, 32.7971685], [-96.813813, 32.7972622], [-96.8140229, 32.7973998], [-96.8141269, 32.7972876], [-96.8143304, 32.797421], [-96.8142264, 32.7975331], [-96.814415, 32.7976567], [-96.8145264, 32.7975365], [-96.8147377, 32.7976749], [-96.814654, 32.7977652], [-96.8146263, 32.7977952], [-96.8144805, 32.7979523], [-96.8134756, 32.7972938], [-96.8136214, 32.7971367], [-96.813654, 32.7971016], [-96.8136671, 32.7970874], [-96.8136452, 32.7970873], [-96.8136454, 32.7970569], [-96.8136464, 32.796868], [-96.8136724, 32.7968681], [-96.8136729, 32.7967695], [-96.8136452, 32.7967694], [-96.8136464, 32.7965501], [-96.8136741, 32.7965502], [-96.8136746, 32.7964556], [-96.8136452, 32.7964555], [-96.8136464, 32.7962448], [-96.8136222, 32.7962447], [-96.8136238, 32.7959601]]]}, "properties": {"height": 8, "night": "#63341d"}}, {"type": "Feature", "geometry": {"type": "Polygon", "coordinates": [[[-96.7985335, 32.7902401], [-96.798426, 32.7901432], [-96.7983825, 32.7901776], [-96.7982876, 32.7900921], [-96.798215, 32.7900663], [-96.7981403, 32.7900226], [-96.7979732, 32.7898785], [-96.7980073, 32.7898516], [-96.7979653, 32.7898137], [-96.7983484, 32.7895104], [-96.7983702, 32.78953], [-96.7983367, 32.7895565], [-96.7983437, 32.7895629], [-96.7983679, 32.7895438], [-96.7984373, 32.7896063], [-96.7984863, 32.7895849], [-96.7985336, 32.7895779], [-96.7986172, 32.7895758], [-96.7986914, 32.7895884], [-96.7987636, 32.789624], [-96.7988235, 32.7896697], [-96.7988548, 32.7897035], [-96.7988679, 32.78973], [-96.7991139, 32.7897976], [-96.7992633, 32.7896655], [-96.7993875, 32.7897981], [-96.7986326, 32.7903957], [-96.7984943, 32.7902711], [-96.7985335, 32.7902401]]]}, "properties": {"height": 21, "night": "#b37d52"}}, {"type": "Feature", "geometry": {"type": "Polygon", "coordinates": [[[-96.7957481, 32.7852345], [-96.7956484, 32.7851497], [-96.7951971, 32.7847658], [-96.794954, 32.784559], [-96.7956002, 32.784022], [-96.7957902, 32.7841741], [-96.7963944, 32.7846975], [-96.7957481, 32.7852345]]]}, "properties": {"height": 21, "night": "#c78d5d"}}, {"type": "Feature", "geometry": {"type": "Polygon", "coordinates": [[[-96.8035394, 32.7806393], [-96.8035577, 32.7807038], [-96.8037122, 32.7806728], [-96.8037586, 32.7808365], [-96.8036188, 32.7808645], [-96.8036914, 32.7811206], [-96.8036957, 32.7811365], [-96.8034725, 32.7811807], [-96.8033329, 32.780682], [-96.8035394, 32.7806393]]]}, "properties": {"height": 81.7, "night": "#d3af84"}}, {"type": "Feature", "geometry": {"type": "Polygon", "coordinates": [[[-96.7962121, 32.7855412], [-96.796036, 32.7853889], [-96.7965564, 32.7849572], [-96.7968697, 32.7852241], [-96.7965417, 32.7854962], [-96.7963493, 32.7856558], [-96.7962454, 32.7855697], [-96.7962287, 32.7855554], [-96.7962121, 32.7855412]]]}, "properties": {"height": 156, "night": "#e6cdaa"}}, {"type": "Feature", "geometry": {"type": "Polygon", "coordinates": [[[-96.7903018, 32.7771937], [-96.7905315, 32.7774602], [-96.7903989, 32.777541], [-96.7901629, 32.7776849], [-96.7897943, 32.7779095], [-96.7896874, 32.7777855], [-96.7896595, 32.7777532], [-96.7895645, 32.777643], [-96.7898297, 32.7774814], [-96.7898245, 32.7774761], [-96.7900646, 32.7773304], [-96.790069, 32.7773355], [-96.7903018, 32.7771937]]]}, "properties": {"height": 8, "night": "#95512e"}}, {"type": "Feature", "geometry": {"type": "Polygon", "coordinates": [[[-96.7928012, 32.7751825], [-96.7924672, 32.7749044], [-96.7925002, 32.7748761], [-96.7926528, 32.7748384], [-96.792663, 32.7748259], [-96.7932831, 32.7746816], [-96.7933574, 32.774742], [-96.7932254, 32.7748396], [-96.7932345, 32.7748477], [-96.7931897, 32.7748848], [-96.7931806, 32.7748763], [-96.7929995, 32.7750275], [-96.7929898, 32.7750195], [-96.7928062, 32.7751867], [-96.7928012, 32.7751825]]]}, "properties": {"height": 8, "night": "#8f4e2c"}}, {"type": "Feature", "geometry": {"type": "Polygon", "coordinates": [[[-96.7799952, 32.7910234], [-96.7796041, 32.7913464], [-96.779293, 32.7910801], [-96.7792687, 32.7911002], [-96.7793125, 32.7911377], [-96.7792287, 32.791207], [-96.7792014, 32.7912295], [-96.7790544, 32.7911037], [-96.779068, 32.7910925], [-96.7791654, 32.7910121], [-96.7792095, 32.7910499], [-96.7792332, 32.7910303], [-96.7789145, 32.7907575], [-96.7793064, 32.7904339], [-96.7796121, 32.7906956], [-96.7797003, 32.790771], [-96.7799952, 32.7910234]]]}, "properties": {"height": 9.5, "night": "#7f4729"}}, {"type": "Feature", "geometry": {"type": "Polygon", "coordinates": [[[-96.7931908, 32.77925], [-96.7932353, 32.7792388], [-96.7932236, 32.7792061], [-96.7931639, 32.7792212], [-96.7931438, 32.779165], [-96.7931144, 32.7791724], [-96.7930965, 32.7791224], [-96.7931268, 32.7791147], [-96.7933339, 32.7790624], [-96.7932972, 32.7789598], [-96.7932793, 32.7789096], [-96.7932676, 32.7789125], [-96.7932472, 32.7788555], [-96.793347, 32.7788303], [-96.7933265, 32.778773], [-96.7936917, 32.7786807], [-96.7937091, 32.7787293], [-96.7937384, 32.7787219], [-96.7938766, 32.7791088], [-96.7941835, 32.7790313], [-96.7941897, 32.7790487], [-96.7942113, 32.7791092], [-96.7942253, 32.7791482], [-96.794373, 32.7791109], [-96.7943799, 32.7791304], [-96.7943676, 32.7791335], [-96.7944606, 32.7793937], [-96.7941794, 32.7794647], [-96.7940763, 32.7791759], [-96.7939789, 32.7792005], [-96.7940171, 32.7793075], [-96.7939643, 32.7793208], [-96.7940223, 32.7794831], [-96.7937789, 32.7795445], [-96.7937641, 32.7795033], [-96.7937062, 32.7795179], [-96.793718, 32.7795509], [-96.7935741, 32.7795872], [-96.7935596, 32.7795467], [-96.7935109, 32.7795364], [-96.7934724, 32.7795674], [-96.793367, 32.7794746], [-96.7934016, 32.7794468], [-96.793341, 32.7793935], [-96.7933167, 32.7794131], [-96.7932222, 32.77933], [-96.7931908, 32.77925]]]}, "properties": {"height": 8, "night": "#995330"}}, {"type": "Feature", "geometry": {"type": "Polygon", "coordinates": [[[-96.7992511, 32.7799753], [-96.7993309, 32.7802389], [-96.798948, 32.7803208], [-96.798839, 32.7803441], [-96.7988148, 32.7802642], [-96.7988717, 32.780252], [-96.7988595, 32.7802116], [-96.7988161, 32.7800684], [-96.7992511, 32.7799753]]]}, "properties": {"height": 121.6, "night": "#e4c9a2"}}, {"type": "Feature", "geometry": {"type": "Polygon", "coordinates": [[[-96.8196808, 32.7826534], [-96.8198452, 32.7826182], [-96.8200656, 32.7829179], [-96.8195414, 32.783193], [-96.819294, 32.7828565], [-96.8196808, 32.7826534]]]}, "properties": {"height": 8, "night": "#65351d"}}, {"type": "Feature", "geometry": {"type": "Polygon", "coordinates": [[[-96.8063713, 32.7837879], [-96.8065458, 32.7836517], [-96.8067514, 32.7834912], [-96.8072634, 32.7839548], [-96.8072493, 32.7840785], [-96.8070842, 32.7842074], [-96.8069502, 32.784312], [-96.8063713, 32.7837879]]]}, "properties": {"height": 8, "night": "#804427"}}, {"type": "Feature", "geometry": {"type": "Polygon", "coordinates": [[[-96.8045206, 32.7816581], [-96.8046976, 32.7815247], [-96.804919, 32.7817325], [-96.8047739, 32.7818418], [-96.8047275, 32.7817983], [-96.8046646, 32.7817393], [-96.8046327, 32.7817633], [-96.8045206, 32.7816581]]]}, "properties": {"height": 8, "night": "#854729"}}, {"type": "Feature", "geometry": {"type": "Polygon", "coordinates": [[[-96.8094266, 32.7810912], [-96.8089657, 32.7811917], [-96.8089626, 32.7811817], [-96.8088961, 32.7811962], [-96.8089118, 32.7812469], [-96.8089416, 32.7813437], [-96.8087651, 32.7813821], [-96.8087339, 32.7812809], [-96.8086451, 32.7809932], [-96.8088217, 32.7809547], [-96.8088278, 32.7809745], [-96.8093551, 32.7808596], [-96.8094266, 32.7810912]]]}, "properties": {"height": 13.716, "night": "#8d5735"}}, {"type": "Feature", "geometry": {"type": "Polygon", "coordinates": [[[-96.7985055, 32.785683], [-96.7985459, 32.7857178], [-96.798249, 32.7859634], [-96.7978213, 32.7855941], [-96.7976784, 32.7854707], [-96.7979801, 32.7852212], [-96.798067, 32.7852962], [-96.7985055, 32.785683]]]}, "properties": {"height": 147, "night": "#e1c7a4"}}, {"type": "Feature", "geometry": {"type": "Polygon", "coordinates": [[[-96.7977341, 32.7885509], [-96.7978281, 32.7884742], [-96.7978112, 32.7884596], [-96.7978614, 32.7884187], [-96.7979129, 32.7884632], [-96.7978905, 32.7884815], [-96.7979516, 32.7885344], [-96.7979693, 32.7885199], [-96.7982095, 32.7887279], [-96.7981878, 32.7887457], [-96.7982054, 32.7887609], [-96.7980162, 32.7889153], [-96.7980732, 32.7889646], [-96.7981537, 32.7890343], [-96.7982972, 32.7889171], [-96.7982749, 32.7888978], [-96.798351, 32.7888357], [-96.7984276, 32.788902], [-96.7984623, 32.7888737], [-96.7985443, 32.7889448], [-96.7982189, 32.7892104], [-96.798015, 32.7890339], [-96.7979813, 32.7890614], [-96.7980713, 32.7891393], [-96.7979743, 32.7892185], [-96.7978844, 32.7891407], [-96.7978515, 32.7891676], [-96.7977905, 32.7891148], [-96.7978593, 32.7890587], [-96.7978335, 32.7890363], [-96.7977647, 32.7890925], [-96.7975003, 32.7888636], [-96.7976609, 32.7887325], [-96.7976863, 32.7887546], [-96.7977169, 32.7887296], [-96.7977286, 32.7887398], [-96.7978014, 32.7886804], [-96.7977025, 32.7885948], [-96.7976982, 32.788568], [-96.7977157, 32.7885521], [-96.7977341, 32.7885509]]]}, "properties": {"height": 8, "night": "#894a2a"}}, {"type": "Feature", "geometry": {"type": "Polygon", "coordinates": [[[-96.8175481, 32.792426], [-96.817414, 32.7921647], [-96.8173653, 32.7921825], [-96.8173272, 32.7921082], [-96.8173394, 32.7921037], [-96.8172918, 32.7920109], [-96.8173267, 32.7919981], [-96.8171742, 32.7917011], [-96.8174788, 32.7915896], [-96.818155, 32.792907], [-96.8178519, 32.793018], [-96.8175481, 32.792426]]]}, "properties": {"height": 8, "night": "#64341d"}}, {"type": "Feature", "geometry": {"type": "Polygon", "coordinates": [[[-96.7963921, 32.780117], [-96.7965673, 32.7800785], [-96.7965489, 32.780019], [-96.7967028, 32.7799852], [-96.7967894, 32.7802646], [-96.7964822, 32.780332], [-96.796474, 32.7803056], [-96.7964521, 32.7803104], [-96.7963921, 32.780117]]]}, "properties": {"height": 8, "night": "#95512f"}}, {"type": "Feature", "geometry": {"type": "Polygon", "coordinates": [[[-96.7947467, 32.7824944], [-96.7950674, 32.7824266], [-96.7951122, 32.7825766], [-96.7952299, 32.78297], [-96.7949093, 32.7830378], [-96.7947467, 32.7824944]]]}, "properties": {"height": 8, "night": "#98532f"}}, {"type": "Feature", "geometry": {"type": "Polygon", "coordinates": [[[-96.794559, 32.7820143], [-96.7946248, 32.7819996], [-96.7948677, 32.7819404], [-96.7948882, 32.7820016], [-96.7949533, 32.782226], [-96.7948415, 32.7822491], [-96.7948468, 32.7822674], [-96.7947987, 32.7822774], [-96.794794, 32.7822612], [-96.7946358, 32.7822939], [-96.794566, 32.7820531], [-96.794559, 32.7820143]]]}, "properties": {"height": 15, "night": "#b6764a"}}, {"type": "Feature", "geometry": {"type": "Polygon", "coordinates": [[[-96.8030357, 32.7784965], [-96.8030411, 32.7784953], [-96.8031624, 32.7788115], [-96.8029762, 32.7788503], [-96.8029516, 32.7788554], [-96.8029133, 32.7787242], [-96.8029379, 32.7787191], [-96.8029507, 32.7787164], [-96.802895, 32.7785254], [-96.8030357, 32.7784965]]]}, "properties": {"height": 3, "night": "#76341a"}}, {"type": "Feature", "geometry": {"type": "Polygon", "coordinates": [[[-96.8050355, 32.7759829], [-96.8044937, 32.774436], [-96.8041323, 32.7745175], [-96.8039334, 32.7745624], [-96.8036815, 32.7746192], [-96.8036139, 32.7746345], [-96.8036861, 32.7748537], [-96.8036217, 32.7748943], [-96.803661, 32.7750054], [-96.8037049, 32.7751293], [-96.8038101, 32.7754265], [-96.8038899, 32.775652], [-96.8039704, 32.7757107], [-96.804067, 32.7757558], [-96.804225, 32.7757927], [-96.8045714, 32.775874], [-96.8050355, 32.7759829]]]}, "properties": {"height": 20, "night": "#a9744c"}}, {"type": "Feature", "geometry": {"type": "Polygon", "coordinates": [[[-96.792123, 32.7696684], [-96.7924193, 32.7694197], [-96.7924659, 32.7694589], [-96.792399, 32.769515], [-96.7924915, 32.7695928], [-96.792262, 32.7697855], [-96.792123, 32.7696684]]]}, "properties": {"height": 8, "night": "#824628"}}, {"type": "Feature", "geometry": {"type": "Polygon", "coordinates": [[[-96.8150609, 32.8013334], [-96.8151187, 32.8009609], [-96.815504, 32.8006449], [-96.815502, 32.8006407], [-96.8155021, 32.8006341], [-96.8155055, 32.8006281], [-96.815509, 32.8006254], [-96.8155149, 32.8006232], [-96.8155274, 32.8006245], [-96.8155634, 32.8006566], [-96.8156194, 32.8006148], [-96.8157956, 32.800767], [-96.8159766, 32.8009235], [-96.8159227, 32.8009675], [-96.815957, 32.8009971], [-96.8153965, 32.8014555], [-96.8153657, 32.8014806], [-96.8153316, 32.8014512], [-96.8153248, 32.8014563], [-96.8152976, 32.8014772], [-96.8152809, 32.8014823], [-96.8152601, 32.8014839], [-96.8152392, 32.8014808], [-96.8151853, 32.8014362], [-96.8151552, 32.8014115], [-96.8150609, 32.8013334]]]}, "properties": {"height": 8, "night": "#5a2e19"}}, {"type": "Feature", "geometry": {"type": "Polygon", "coordinates": [[[-96.8061315, 32.801675], [-96.8061222, 32.8016479], [-96.8060261, 32.8016712], [-96.8059713, 32.8015119], [-96.8063756, 32.8014136], [-96.8064305, 32.8015729], [-96.8062121, 32.801626], [-96.8062214, 32.8016531], [-96.8061315, 32.801675]]]}, "properties": {"height": 8, "night": "#65351d"}}, {"type": "Feature", "geometry": {"type": "Polygon", "coordinates": [[[-96.8015841, 32.7947126], [-96.8013173, 32.7944833], [-96.8013063, 32.7944925], [-96.8011286, 32.7943398], [-96.8011382, 32.7943319], [-96.8008471, 32.7940818], [-96.8008334, 32.7940931], [-96.8007717, 32.7940401], [-96.8007807, 32.7940327], [-96.8006106, 32.7938866], [-96.800634, 32.7938672], [-96.8005944, 32.7938332], [-96.8006701, 32.7937606], [-96.800666, 32.793755], [-96.8007938, 32.7936691], [-96.8007849, 32.7936626], [-96.8009327, 32.7935455], [-96.8011625, 32.7937472], [-96.8010648, 32.7938222], [-96.801078, 32.7938325], [-96.8010265, 32.7938708], [-96.8010147, 32.7938625], [-96.800995, 32.7938786], [-96.801028, 32.7939081], [-96.8010432, 32.7938969], [-96.8011011, 32.7939513], [-96.8012386, 32.7938258], [-96.8014275, 32.7939822], [-96.8012632, 32.7941124], [-96.8013009, 32.7941429], [-96.8013336, 32.794116], [-96.8013656, 32.7941435], [-96.8014019, 32.7941214], [-96.8014362, 32.7941419], [-96.8014622, 32.7941207], [-96.8014966, 32.794147], [-96.8014523, 32.7941818], [-96.8016829, 32.7943595], [-96.8017381, 32.7943474], [-96.8017785, 32.7943191], [-96.80182, 32.7943406], [-96.8018302, 32.7943321], [-96.8018871, 32.794381], [-96.8018856, 32.7944089], [-96.8019149, 32.7944088], [-96.8019172, 32.7944555], [-96.8018793, 32.7944577], [-96.8018691, 32.794476], [-96.8015841, 32.7947126]]]}, "properties": {"height": 8, "night": "#7a4125"}}, {"type": "Feature", "geometry": {"type": "Polygon", "coordinates": [[[-96.7975314, 32.7936179], [-96.7974086, 32.7935151], [-96.7978535, 32.7932058], [-96.798035, 32.7932631], [-96.7980159, 32.7933079], [-96.797715, 32.7935005], [-96.7976948, 32.7934836], [-96.79767, 32.7935048], [-96.7977652, 32.7935845], [-96.797791, 32.7935877], [-96.7978066, 32.7935743], [-96.7978009, 32.7935695], [-96.7980301, 32.7933742], [-96.7980159, 32.7933624], [-96.7980962, 32.7932939], [-96.798118, 32.7933122], [-96.7981268, 32.7933048], [-96.7981708, 32.7933417], [-96.7981585, 32.7933522], [-96.798249, 32.7934279], [-96.7978087, 32.7938031], [-96.7977529, 32.7938033], [-96.7975314, 32.7936179]]]}, "properties": {"height": 9, "night": "#814729"}}, {"type": "Feature", "geometry": {"type": "Polygon", "coordinates": [[[-96.7952169, 32.795851], [-96.7952953, 32.7959161], [-96.7949739, 32.7961894], [-96.7948955, 32.7961243], [-96.7952169, 32.795851]]]}, "properties": {"height": 9, "night": "#7d4527"}}, {"type": "Feature", "geometry": {"type": "Polygon", "coordinates": [[[-96.7937131, 32.7986545], [-96.7937911, 32.7985935], [-96.79418, 32.798945], [-96.794102, 32.7990059], [-96.7937131, 32.7986545]]]}, "properties": {"height": 9, "night": "#764025"}}, {"type": "Feature", "geometry": {"type": "Polygon", "coordinates": [[[-96.7949371, 32.8002903], [-96.7947988, 32.8001756], [-96.7947934, 32.8001802], [-96.7947443, 32.8001395], [-96.7948402, 32.8000579], [-96.7948456, 32.8000624], [-96.7948614, 32.8000489], [-96.7948556, 32.8000441], [-96.7949222, 32.7999874], [-96.7949255, 32.7999902], [-96.79502, 32.7999097], [-96.7950246, 32.7999135], [-96.7950544, 32.7998881], [-96.7950475, 32.7998824], [-96.7951083, 32.7998306], [-96.7951114, 32.7998331], [-96.7952035, 32.7997547], [-96.7952053, 32.7997561], [-96.7952895, 32.7996845], [-96.7953853, 32.799764], [-96.7953754, 32.7997724], [-96.7949028, 32.8001749], [-96.7949431, 32.8002084], [-96.7952662, 32.7999332], [-96.7953635, 32.800014], [-96.7949852, 32.8003361], [-96.7949336, 32.8002933], [-96.7949371, 32.8002903]]]}, "properties": {"height": 9, "night": "#723e24"}}, {"type": "Feature", "geometry": {"type": "Polygon", "coordinates": [[[-96.7961007, 32.79958], [-96.7962211, 32.7994792], [-96.7962348, 32.7994908], [-96.7962444, 32.7994827], [-96.7962732, 32.7995071], [-96.7962646, 32.7995143], [-96.796282, 32.7995289], [-96.7961607, 32.7996306], [-96.7961007, 32.79958]]]}, "properties": {"height": 9, "night": "#733f24"}}, {"type": "Feature", "geometry": {"type": "Polygon", "coordinates": [[[-96.8082634, 32.8015164], [-96.8082054, 32.8014422], [-96.8081962, 32.8014473], [-96.8081473, 32.8013848], [-96.8086391, 32.8011135], [-96.8086826, 32.8011692], [-96.8086731, 32.8011745], [-96.8087846, 32.8013173], [-96.8083003, 32.8015844], [-96.8082521, 32.8015226], [-96.8082634, 32.8015164]]]}, "properties": {"height": 8, "night": "#63331c"}}, {"type": "Feature", "geometry": {"type": "Polygon", "coordinates": [[[-96.8174453, 32.7945235], [-96.8176905, 32.7941781], [-96.818072, 32.7943642], [-96.8180859, 32.7943503], [-96.8181438, 32.7943799], [-96.8181355, 32.7943942], [-96.8181656, 32.7944097], [-96.8180072, 32.7946415], [-96.8177736, 32.7945276], [-96.8176937, 32.7946446], [-96.8174453, 32.7945235]]]}, "properties": {"height": 8, "night": "#60321b"}}, {"type": "Feature", "geometry": {"type": "Polygon", "coordinates": [[[-96.8198581, 32.7936495], [-96.8206674, 32.7933197], [-96.8208172, 32.7935819], [-96.8205789, 32.7936789], [-96.8205443, 32.7936183], [-96.8203714, 32.7936887], [-96.8204296, 32.7937906], [-96.8198419, 32.7940301], [-96.8196686, 32.7937267], [-96.8198581, 32.7936495]]]}, "properties": {"height": 8, "night": "#5d301a"}}, {"type": "Feature", "geometry": {"type": "Polygon", "coordinates": [[[-96.8192717, 32.7913613], [-96.8193396, 32.7913261], [-96.8193461, 32.7913351], [-96.8193979, 32.7913083], [-96.819484, 32.7914268], [-96.8193131, 32.7915153], [-96.819227, 32.7913968], [-96.8192782, 32.7913703], [-96.8192717, 32.7913613]]]}, "properties": {"height": 8, "night": "#61321c"}}, {"type": "Feature", "geometry": {"type": "Polygon", "coordinates": [[[-96.7963641, 32.7963466], [-96.7963276, 32.7963158], [-96.7963394, 32.7963059], [-96.7963307, 32.7962986], [-96.7963187, 32.7963086], [-96.7962756, 32.7962722], [-96.7964431, 32.7961318], [-96.7965411, 32.7962145], [-96.7963866, 32.796344], [-96.796377, 32.7963359], [-96.7963641, 32.7963466]]]}, "properties": {"height": 9, "night": "#7b4427"}}, {"type": "Feature", "geometry": {"type": "Polygon", "coordinates": [[[-96.7990437, 32.7980382], [-96.7981383, 32.7973065], [-96.7984907, 32.7969983], [-96.7986302, 32.797111], [-96.7984349, 32.7972818], [-96.7990625, 32.797789], [-96.7992259, 32.7976461], [-96.7993643, 32.7977579], [-96.7990437, 32.7980382]]]}, "properties": {"height": 12, "night": "#7f4a2d"}}, {"type": "Feature", "geometry": {"type": "Polygon", "coordinates": [[[-96.7947273, 32.7997923], [-96.7944664, 32.7995688], [-96.7946041, 32.7994552], [-96.7949343, 32.799738], [-96.7948623, 32.7997975], [-96.7948525, 32.799789], [-96.7947635, 32.7998624], [-96.794704, 32.7998115], [-96.7947273, 32.7997923]]]}, "properties": {"height": 9, "night": "#733f24"}}, {"type": "Feature", "geometry": {"type": "Polygon", "coordinates": [[[-96.8015549, 32.8006262], [-96.8016498, 32.800547], [-96.8018159, 32.8004076], [-96.8019538, 32.8002917], [-96.8019685, 32.8002794], [-96.8016885, 32.8000437], [-96.8016226, 32.800099], [-96.8012754, 32.8003903], [-96.8013444, 32.8004479], [-96.8015549, 32.8006262]]]}, "properties": {"height": 8, "night": "#6c3920"}}, {"type": "Feature", "geometry": {"type": "Polygon", "coordinates": [[[-96.8005759, 32.7956124], [-96.800435, 32.7954937], [-96.8004598, 32.7954727], [-96.8004679, 32.7954794], [-96.8005349, 32.7954227], [-96.8006822, 32.7955469], [-96.8006378, 32.7955845], [-96.8006233, 32.7955723], [-96.8005759, 32.7956124]]]}, "properties": {"height": 8, "night": "#774024"}}, {"type": "Feature", "geometry": {"type": "Polygon", "coordinates": [[[-96.7807152, 32.7947904], [-96.7807249, 32.7948759], [-96.7805421, 32.7950255], [-96.7804348, 32.7950183], [-96.7803888, 32.7950559], [-96.7802863, 32.7949674], [-96.7806648, 32.7946578], [-96.7807682, 32.794747], [-96.7807152, 32.7947904]]]}, "properties": {"height": 12, "night": "#814c2d"}}, {"type": "Feature", "geometry": {"type": "Polygon", "coordinates": [[[-96.7802383, 32.7935617], [-96.7802107, 32.7935384], [-96.7802349, 32.7935181], [-96.7802151, 32.7935015], [-96.7804977, 32.7932648], [-96.7805192, 32.793283], [-96.7805319, 32.7932724], [-96.7805577, 32.7932942], [-96.7805877, 32.793269], [-96.7808441, 32.7934853], [-96.7808141, 32.7935104], [-96.7808459, 32.7935372], [-96.7808332, 32.7935479], [-96.7808538, 32.7935652], [-96.7805713, 32.7938019], [-96.7805189, 32.7937577], [-96.7804791, 32.7937911], [-96.7803452, 32.7936781], [-96.7802227, 32.7935748], [-96.7802383, 32.7935617]]]}, "properties": {"height": 28.5, "night": "#b4875b"}}, {"type": "Feature", "geometry": {"type": "Polygon", "coordinates": [[[-96.798527, 32.7811902], [-96.7984449, 32.7809206], [-96.7990067, 32.780807], [-96.799051, 32.7809488], [-96.7990698, 32.7810077], [-96.7990881, 32.7810705], [-96.7990053, 32.7810873], [-96.7989236, 32.7811048], [-96.7987562, 32.7811409], [-96.798527, 32.7811902]]]}, "properties": {"height": 8, "night": "#914f2d"}}, {"type": "Feature", "geometry": {"type": "Polygon", "coordinates": [[[-96.7931365, 32.7731277], [-96.7932561, 32.773029], [-96.7935559, 32.773288], [-96.7934363, 32.7733868], [-96.7931365, 32.7731277]]]}, "properties": {"height": 8, "night": "#8b4b2b"}}, {"type": "Feature", "geometry": {"type": "Polygon", "coordinates": [[[-96.7909395, 32.77132], [-96.7907156, 32.7711469], [-96.7906873, 32.7711731], [-96.7906279, 32.7711271], [-96.790658, 32.7710993], [-96.7906159, 32.7710668], [-96.7907938, 32.7709025], [-96.7911185, 32.7711534], [-96.7910696, 32.7711985], [-96.7911149, 32.7712335], [-96.79106, 32.7712843], [-96.7910154, 32.7712499], [-96.7909395, 32.77132]]]}, "properties": {"height": 8, "night": "#864829"}}, {"type": "Feature", "geometry": {"type": "Polygon", "coordinates": [[[-96.7883616, 32.769865], [-96.788136, 32.7696611], [-96.7885487, 32.769335], [-96.7885639, 32.7693486], [-96.7885911, 32.7693271], [-96.7886618, 32.7693911], [-96.7886323, 32.7694144], [-96.7887715, 32.7695402], [-96.7885083, 32.7697481], [-96.7885451, 32.7697813], [-96.7885017, 32.7698155], [-96.7884829, 32.7697986], [-96.7884454, 32.7698282], [-96.788428, 32.7698125], [-96.7883616, 32.769865]]]}, "properties": {"height": 8, "night": "#814627"}}, {"type": "Feature", "geometry": {"type": "Polygon", "coordinates": [[[-96.7837036, 32.7705304], [-96.783618, 32.7704706], [-96.7836593, 32.7704209], [-96.7838041, 32.7705204], [-96.7840016, 32.7703206], [-96.7841749, 32.7704451], [-96.7839479, 32.7706883], [-96.7840377, 32.7707578], [-96.7837446, 32.7710684], [-96.7835609, 32.7709361], [-96.7837982, 32.7705964], [-96.7837036, 32.7705304]]]}, "properties": {"height": 8, "night": "#804527"}}, {"type": "Feature", "geometry": {"type": "Polygon", "coordinates": [[[-96.783166, 32.776373], [-96.7831041, 32.7764237], [-96.7834007, 32.7766964], [-96.7832167, 32.7768541], [-96.7831963, 32.7768358], [-96.7830651, 32.7769437], [-96.7830834, 32.7769649], [-96.7830016, 32.7770122], [-96.7829004, 32.7768813], [-96.7828396, 32.7768026], [-96.7828622, 32.7767841], [-96.7828254, 32.7767482], [-96.7828012, 32.7767635], [-96.7823805, 32.7762379], [-96.7826324, 32.7761], [-96.7825721, 32.7760304], [-96.7829433, 32.7758031], [-96.7830205, 32.7758923], [-96.7833432, 32.7756948], [-96.7834147, 32.7757774], [-96.7833654, 32.7758076], [-96.7835147, 32.7759799], [-96.7832832, 32.7761216], [-96.7832949, 32.776135], [-96.783076, 32.776269], [-96.783166, 32.776373]]]}, "properties": {"height": 8, "night": "#894a2a"}}, {"type": "Feature", "geometry": {"type": "Polygon", "coordinates": [[[-96.7964715, 32.7906398], [-96.7958945, 32.7911249], [-96.7951982, 32.7905396], [-96.7955381, 32.7902538], [-96.7956305, 32.7903314], [-96.7956847, 32.7903769], [-96.7959217, 32.7901777], [-96.7964715, 32.7906398]]]}, "properties": {"height": 8, "night": "#874929"}}, {"type": "Feature", "geometry": {"type": "Polygon", "coordinates": [[[-96.7845974, 32.7848547], [-96.7844428, 32.7848883], [-96.7844097, 32.7847809], [-96.7843647, 32.7846207], [-96.7845207, 32.7845887], [-96.7845974, 32.7848547]]]}, "properties": {"height": 6, "night": "#854325"}}, {"type": "Feature", "geometry": {"type": "Polygon", "coordinates": [[[-96.7872745, 32.7799952], [-96.7872932, 32.7800171], [-96.7873124, 32.7800055], [-96.787656, 32.7804068], [-96.7876386, 32.7804173], [-96.7876573, 32.7804392], [-96.7875618, 32.780497], [-96.7871807, 32.7800519], [-96.7872092, 32.7800347], [-96.7872328, 32.7800204], [-96.7872745, 32.7799952]]]}, "properties": {"height": 9, "night": "#995632"}}, {"type": "Feature", "geometry": {"type": "Polygon", "coordinates": [[[-96.7942882, 32.7713318], [-96.7945979, 32.7711132], [-96.7947032, 32.771218], [-96.7943949, 32.7714343], [-96.7942882, 32.7713318]]]}, "properties": {"height": 8, "night": "#864829"}}, {"type": "Feature", "geometry": {"type": "Polygon", "coordinates": [[[-96.7852356, 32.778151], [-96.7854825, 32.7784381], [-96.7846656, 32.7789347], [-96.7845543, 32.7788053], [-96.7845418, 32.7788128], [-96.7845355, 32.7788054], [-96.7845469, 32.7787985], [-96.7844177, 32.7786482], [-96.7850949, 32.7782365], [-96.7852356, 32.778151]]]}, "properties": {"height": 8, "night": "#8f4d2c"}}, {"type": "Feature", "geometry": {"type": "Polygon", "coordinates": [[[-96.8069726, 32.780034], [-96.8069022, 32.7800495], [-96.8068721, 32.7799529], [-96.8069425, 32.7799374], [-96.8069726, 32.780034]]]}, "properties": {"height": 3.658, "night": "#72341a"}}, {"type": "Feature", "geometry": {"type": "Polygon", "coordinates": [[[-96.7810221, 32.7843134], [-96.7809531, 32.7840618], [-96.7807658, 32.7840981], [-96.7808347, 32.7843497], [-96.7810221, 32.7843134]]]}, "properties": {"height": 8, "night": "#874929"}}, {"type": "Feature", "geometry": {"type": "Polygon", "coordinates": [[[-96.7815193, 32.7842195], [-96.7814456, 32.7839505], [-96.7812956, 32.7839796], [-96.7812111, 32.783995], [-96.7809596, 32.7840449], [-96.780949, 32.784047], [-96.7809531, 32.7840618], [-96.7810221, 32.7843134], [-96.7813698, 32.784247], [-96.7815193, 32.7842195]]]}, "properties": {"height": 8, "night": "#87492a"}}, {"type": "Feature", "geometry": {"type": "Polygon", "coordinates": [[[-96.8000907, 32.7703992], [-96.8001089, 32.7703804], [-96.8002148, 32.7704532], [-96.7999975, 32.7706788], [-96.7999116, 32.7706197], [-96.7999076, 32.7705894], [-96.8000907, 32.7703992]]]}, "properties": {"height": 8, "night": "#804527"}}, {"type": "Feature", "geometry": {"type": "Polygon", "coordinates": [[[-96.7998407, 32.798695], [-96.7995574, 32.798453], [-96.7997109, 32.7983261], [-96.7997481, 32.798358], [-96.799756, 32.7983514], [-96.7998232, 32.7984088], [-96.7998152, 32.7984155], [-96.7998827, 32.7984732], [-96.7998905, 32.7984667], [-96.7999585, 32.7985248], [-96.7999522, 32.79853], [-96.7999731, 32.7985478], [-96.800007, 32.7985198], [-96.799971, 32.798489], [-96.8000214, 32.7984473], [-96.8000583, 32.7984788], [-96.80009, 32.7984526], [-96.7999509, 32.7983338], [-96.7999481, 32.7983361], [-96.7998765, 32.798275], [-96.7998876, 32.7982658], [-96.7998556, 32.7982384], [-96.8000143, 32.798107], [-96.8003291, 32.7983759], [-96.8002713, 32.7984238], [-96.8002759, 32.7984277], [-96.7999664, 32.7986838], [-96.7999112, 32.7986367], [-96.7998407, 32.798695]]]}, "properties": {"height": 12, "night": "#7c482b"}}, {"type": "Feature", "geometry": {"type": "Polygon", "coordinates": [[[-96.8021819, 32.7958371], [-96.8021337, 32.7958474], [-96.8020406, 32.7957693], [-96.802077, 32.7956433], [-96.8020693, 32.7956355], [-96.8020771, 32.79561], [-96.8020898, 32.7956091], [-96.8021017, 32.7955601], [-96.8020951, 32.7955523], [-96.8021029, 32.7955273], [-96.8021145, 32.7955239], [-96.8021528, 32.7953976], [-96.8022812, 32.7953678], [-96.8026029, 32.7956367], [-96.8025882, 32.795682], [-96.8026414, 32.7956955], [-96.8026206, 32.7957641], [-96.8021819, 32.7958371]]]}, "properties": {"height": 48, "night": "#b38b62"}}, {"type": "Feature", "geometry": {"type": "Polygon", "coordinates": [[[-96.8094897, 32.7880046], [-96.8094355, 32.7874505], [-96.8095191, 32.787458], [-96.8103811, 32.7873995], [-96.8105743, 32.788085], [-96.8106203, 32.7882484], [-96.8098059, 32.7883099], [-96.8095381, 32.7884984], [-96.8095338, 32.7884543], [-96.8094897, 32.7880046]]]}, "properties": {"height": 9, "night": "#794226"}}, {"type": "Feature", "geometry": {"type": "Polygon", "coordinates": [[[-96.8052098, 32.7974089], [-96.8051095, 32.7973184], [-96.8052257, 32.7972311], [-96.805224, 32.7972068], [-96.8052764, 32.7972041], [-96.8052951, 32.7974654], [-96.8052743, 32.7974664], [-96.8052672, 32.7974607], [-96.8052098, 32.7974089]]]}, "properties": {"height": 8, "night": "#6f3a21"}}, {"type": "Feature", "geometry": {"type": "Polygon", "coordinates": [[[-96.807182, 32.7672337], [-96.8068105, 32.7671423], [-96.8067678, 32.7672651], [-96.8071393, 32.7673565], [-96.807182, 32.7672337]]]}, "properties": {"height": 8, "night": "#713c21"}}, {"type": "Feature", "geometry": {"type": "Polygon", "coordinates": [[[-96.7825611, 32.7769719], [-96.7825774, 32.7769617], [-96.7827264, 32.7771317], [-96.7824461, 32.777307], [-96.7822972, 32.777137], [-96.7825611, 32.7769719]]]}, "properties": {"height": 8, "night": "#894a2a"}}, {"type": "Feature", "geometry": {"type": "Polygon", "coordinates": [[[-96.7974473, 32.7819372], [-96.7975809, 32.781908], [-96.7977404, 32.7824364], [-96.797604, 32.7824644], [-96.7974473, 32.7819372]]]}, "properties": {"height": 70, "night": "#eac18f"}}, {"type": "Feature", "geometry": {"type": "Polygon", "coordinates": [[[-96.783606, 32.7720279], [-96.7833049, 32.7717018], [-96.783339, 32.7716733], [-96.783322, 32.7716574], [-96.7833437, 32.771639], [-96.7833612, 32.7716563], [-96.7834734, 32.7715624], [-96.7837944, 32.7718362], [-96.783606, 32.7720279]]]}, "properties": {"height": 8, "night": "#824627"}}, {"type": "Feature", "geometry": {"type": "Polygon", "coordinates": [[[-96.7820932, 32.7759139], [-96.7827307, 32.7755061], [-96.7827978, 32.7755802], [-96.7826977, 32.7756442], [-96.7827654, 32.775719], [-96.782749, 32.7757294], [-96.7827605, 32.7757421], [-96.7827474, 32.7757505], [-96.7827613, 32.7757658], [-96.7827065, 32.7758009], [-96.782716, 32.7758113], [-96.7824499, 32.7759815], [-96.7823456, 32.7758662], [-96.7823314, 32.7758753], [-96.7824156, 32.7759683], [-96.7822426, 32.776079], [-96.7820932, 32.7759139]]]}, "properties": {"height": 8, "night": "#874929"}}, {"type": "Feature", "geometry": {"type": "Polygon", "coordinates": [[[-96.7952017, 32.7866191], [-96.7952032, 32.7867716], [-96.7952042, 32.7868808], [-96.7951888, 32.7868809], [-96.794848, 32.7868832], [-96.7947039, 32.7868842], [-96.7947, 32.7864828], [-96.7947155, 32.7864696], [-96.7947284, 32.7864695], [-96.7947352, 32.7864695], [-96.7949555, 32.786468], [-96.7952002, 32.7864663], [-96.7952005, 32.7864975], [-96.7952017, 32.7866191]]]}, "properties": {"height": 101, "night": "#e4c499"}}, {"type": "Feature", "geometry": {"type": "Polygon", "coordinates": [[[-96.803743, 32.7889411], [-96.803746, 32.7889384], [-96.8036775, 32.7888829], [-96.8036156, 32.7888328], [-96.8034295, 32.7886821], [-96.8034169, 32.788693], [-96.8033693, 32.7886544], [-96.8033851, 32.7886406], [-96.8033448, 32.788608], [-96.8036183, 32.7883694], [-96.8040213, 32.7886958], [-96.8040163, 32.7887001], [-96.8040926, 32.7887618], [-96.8039186, 32.7889136], [-96.8039714, 32.7889563], [-96.8038705, 32.7890444], [-96.803743, 32.7889411]]]}, "properties": {"height": 8, "night": "#804527"}}, {"type": "Feature", "geometry": {"type": "Polygon", "coordinates": [[[-96.8109989, 32.7851825], [-96.8112336, 32.7859302], [-96.8109253, 32.7859979], [-96.8106643, 32.7860551], [-96.8106672, 32.7860645], [-96.810607, 32.7860777], [-96.8105919, 32.7860288], [-96.8105773, 32.7859819], [-96.8106333, 32.7859696], [-96.8104275, 32.7853062], [-96.8109989, 32.7851825]]]}, "properties": {"height": 8, "night": "#763f23"}}, {"type": "Feature", "geometry": {"type": "Polygon", "coordinates": [[[-96.7836936, 32.8004905], [-96.7839399, 32.8002825], [-96.7841161, 32.8004313], [-96.7838688, 32.8006402], [-96.7836936, 32.8004905]]]}, "properties": {"height": 3, "night": "#602a14"}}, {"type": "Feature", "geometry": {"type": "Polygon", "coordinates": [[[-96.7836543, 32.7814557], [-96.7836902, 32.7814138], [-96.7838091, 32.7814857], [-96.7837731, 32.7815276], [-96.7836543, 32.7814557]]]}, "properties": {"height": 8, "night": "#8e4d2c"}}, {"type": "Feature", "geometry": {"type": "Polygon", "coordinates": [[[-96.7782332, 32.7825073], [-96.7781627, 32.7824582], [-96.7781545, 32.7824665], [-96.7781302, 32.7824495], [-96.7781188, 32.782461], [-96.7780586, 32.7824191], [-96.7780196, 32.7824586], [-96.7779017, 32.7823764], [-96.7779318, 32.7823459], [-96.7778778, 32.7823082], [-96.7782431, 32.7819379], [-96.7782857, 32.7819677], [-96.7783803, 32.7818718], [-96.7785054, 32.7819591], [-96.7784082, 32.7820577], [-96.7785296, 32.7821424], [-96.7783158, 32.7823592], [-96.7783534, 32.7823854], [-96.7782332, 32.7825073]]]}, "properties": {"height": 8, "night": "#824628"}}, {"type": "Feature", "geometry": {"type": "Polygon", "coordinates": [[[-96.7752461, 32.7823524], [-96.7753991, 32.7821973], [-96.7755286, 32.7822876], [-96.7754492, 32.782368], [-96.7756571, 32.782513], [-96.7754476, 32.7827253], [-96.775268, 32.7826], [-96.775309, 32.7825585], [-96.7752691, 32.7825307], [-96.7752746, 32.7825251], [-96.7751568, 32.7824429], [-96.7752461, 32.7823524]]]}, "properties": {"height": 8, "night": "#7c4225"}}, {"type": "Feature", "geometry": {"type": "Polygon", "coordinates": [[[-96.7827321, 32.782847], [-96.7830774, 32.7828521], [-96.7830863, 32.7828847], [-96.7831437, 32.7830957], [-96.7831516, 32.7831248], [-96.7826691, 32.7832176], [-96.7825773, 32.7828801], [-96.782733, 32.7828502], [-96.7827321, 32.782847]]]}, "properties": {"height": 8, "night": "#8b4b2b"}}, {"type": "Feature", "geometry": {"type": "Polygon", "coordinates": [[[-96.7835613, 32.7817026], [-96.7835754, 32.781751], [-96.7829813, 32.7818737], [-96.7829671, 32.7818254], [-96.7835613, 32.7817026]]]}, "properties": {"height": 8, "night": "#8d4c2b"}}, {"type": "Feature", "geometry": {"type": "Polygon", "coordinates": [[[-96.784915, 32.782741], [-96.7848889, 32.7826536], [-96.7847823, 32.7826761], [-96.7847539, 32.7825812], [-96.7846772, 32.7825974], [-96.7846348, 32.7824555], [-96.7849558, 32.7823878], [-96.7849715, 32.7824403], [-96.7850566, 32.7827251], [-96.7849189, 32.7827541], [-96.784915, 32.782741]]]}, "properties": {"height": 8, "night": "#904e2c"}}, {"type": "Feature", "geometry": {"type": "Polygon", "coordinates": [[[-96.7767654, 32.7845681], [-96.7772209, 32.7844745], [-96.7772934, 32.78474], [-96.7769054, 32.7848225], [-96.7768107, 32.7847996], [-96.7767475, 32.7845718], [-96.7767654, 32.7845681]]]}, "properties": {"height": 8, "night": "#7e4426"}}, {"type": "Feature", "geometry": {"type": "Polygon", "coordinates": [[[-96.777346, 32.7844675], [-96.7775444, 32.784429], [-96.7776146, 32.7846751], [-96.7774168, 32.7847153], [-96.777346, 32.7844675]]]}, "properties": {"height": 8, "night": "#804427"}}, {"type": "Feature", "geometry": {"type": "Polygon", "coordinates": [[[-96.7854458, 32.7831472], [-96.7853667, 32.7828749], [-96.7855347, 32.7828404], [-96.7855371, 32.7828487], [-96.7855987, 32.782836], [-96.7856108, 32.7828773], [-96.785543, 32.7828914], [-96.7855487, 32.7829108], [-96.7855954, 32.7829011], [-96.7856198, 32.7829843], [-96.7856016, 32.7829881], [-96.7856174, 32.7830419], [-96.7856384, 32.7830375], [-96.7856334, 32.7830205], [-96.7856612, 32.7830147], [-96.7856963, 32.7831331], [-96.7857906, 32.7831134], [-96.7857803, 32.7830788], [-96.7858154, 32.7830715], [-96.7858246, 32.7831028], [-96.7858527, 32.7830969], [-96.785845, 32.7830712], [-96.7858764, 32.7830646], [-96.7858502, 32.7829764], [-96.7858378, 32.782979], [-96.7857852, 32.7828019], [-96.7858976, 32.7827783], [-96.7858955, 32.7827714], [-96.7860945, 32.7827296], [-96.7860991, 32.782745], [-96.7861039, 32.7827439], [-96.7862586, 32.7832669], [-96.7859242, 32.7833368], [-96.7858991, 32.7833352], [-96.7854258, 32.7834319], [-96.7853643, 32.7831979], [-96.7853562, 32.7831667], [-96.7854458, 32.7831472]]]}, "properties": {"height": 8, "night": "#914f2d"}}, {"type": "Feature", "geometry": {"type": "Polygon", "coordinates": [[[-96.7881413, 32.7835189], [-96.7881835, 32.7836655], [-96.7878211, 32.7837393], [-96.7877564, 32.7835147], [-96.787962, 32.7834729], [-96.7880076, 32.783482], [-96.7880202, 32.7835203], [-96.7881025, 32.7835041], [-96.7881413, 32.7835189]]]}, "properties": {"height": 6, "night": "#8d4727"}}, {"type": "Feature", "geometry": {"type": "Polygon", "coordinates": [[[-96.7894114, 32.7860161], [-96.7895818, 32.7858727], [-96.7899271, 32.7861628], [-96.7896674, 32.7863813], [-96.7895495, 32.7862822], [-96.7896388, 32.7862071], [-96.7894114, 32.7860161]]]}, "properties": {"height": 8, "night": "#924f2d"}}, {"type": "Feature", "geometry": {"type": "Polygon", "coordinates": [[[-96.7895599, 32.7855264], [-96.7896435, 32.7855966], [-96.7894154, 32.7857819], [-96.7891468, 32.786], [-96.7889306, 32.7858084], [-96.7891843, 32.7855948], [-96.7891549, 32.7855702], [-96.7893809, 32.78538], [-96.7894906, 32.7852876], [-96.7896259, 32.7854012], [-96.7895443, 32.7854698], [-96.7897058, 32.7854726], [-96.7897047, 32.7855275], [-96.7895599, 32.7855264]]]}, "properties": {"height": 6, "night": "#8b4626"}}, {"type": "Feature", "geometry": {"type": "Polygon", "coordinates": [[[-96.7844287, 32.7865812], [-96.7844112, 32.7865967], [-96.7843745, 32.7865655], [-96.7843909, 32.786551], [-96.7842297, 32.7864201], [-96.7842169, 32.7864316], [-96.7841913, 32.7864098], [-96.7842064, 32.7863963], [-96.784124, 32.7863295], [-96.7842128, 32.7862519], [-96.7842735, 32.786301], [-96.7842926, 32.7862844], [-96.7843412, 32.7863236], [-96.7843187, 32.7863433], [-96.7843768, 32.7863901], [-96.7843672, 32.7863985], [-96.7843948, 32.7864207], [-96.7845642, 32.7862718], [-96.7845789, 32.7862836], [-96.7846059, 32.7862598], [-96.7846314, 32.7862803], [-96.7846417, 32.7862712], [-96.7846573, 32.7862837], [-96.7846665, 32.7862756], [-96.7847218, 32.7863198], [-96.7847066, 32.7863332], [-96.7847293, 32.7863513], [-96.7847212, 32.7863584], [-96.7847457, 32.7863779], [-96.7847201, 32.7864005], [-96.7847353, 32.7864126], [-96.7845651, 32.7865633], [-96.7845751, 32.7865713], [-96.7845599, 32.7865848], [-96.7846122, 32.7866266], [-96.784627, 32.7866135], [-96.7846382, 32.7866225], [-96.7847498, 32.7865241], [-96.7847678, 32.7865386], [-96.7847911, 32.7865181], [-96.784806, 32.7865301], [-96.7848168, 32.7865206], [-96.7848409, 32.78654], [-96.7848472, 32.7865345], [-96.7848898, 32.7865691], [-96.7848818, 32.786576], [-96.7849045, 32.7865945], [-96.7848963, 32.7866016], [-96.7849225, 32.786623], [-96.7848976, 32.7866445], [-96.7849149, 32.7866587], [-96.7848021, 32.7867558], [-96.7848649, 32.7868073], [-96.7850442, 32.786653], [-96.7850685, 32.7866729], [-96.7850805, 32.7866626], [-96.7851117, 32.7866883], [-96.7851162, 32.7866844], [-96.7851602, 32.7867208], [-96.7851544, 32.7867258], [-96.7851913, 32.7867564], [-96.7851762, 32.7867693], [-96.7852022, 32.7867909], [-96.7850856, 32.7868903], [-96.7851796, 32.7869682], [-96.7851688, 32.7869774], [-96.7851816, 32.786988], [-96.7851441, 32.78702], [-96.7851541, 32.7870283], [-96.7851046, 32.7870706], [-96.7850964, 32.7870638], [-96.7850389, 32.787113], [-96.7850273, 32.7871034], [-96.7850188, 32.7871107], [-96.7848237, 32.7869496], [-96.7848127, 32.786959], [-96.7847921, 32.786942], [-96.7847185, 32.7870049], [-96.7848778, 32.7871367], [-96.7848627, 32.7871496], [-96.7848768, 32.7871613], [-96.7848378, 32.7871944], [-96.7848466, 32.7872017], [-96.7848065, 32.7872356], [-96.7848015, 32.7872315], [-96.7847558, 32.7872698], [-96.7847435, 32.7872595], [-96.7847323, 32.7872688], [-96.7845971, 32.7871543], [-96.7845823, 32.7871666], [-96.7845715, 32.7871574], [-96.7845319, 32.7871904], [-96.7845433, 32.7872001], [-96.7845335, 32.7872083], [-96.7846154, 32.7872778], [-96.7845981, 32.7872922], [-96.7846094, 32.7873018], [-96.7845563, 32.7873462], [-96.7845626, 32.7873516], [-96.7845149, 32.7873917], [-96.7845109, 32.7873883], [-96.7844637, 32.7874282], [-96.7844515, 32.787418], [-96.7844401, 32.7874276], [-96.7842836, 32.7872989], [-96.7843492, 32.7872454], [-96.7843128, 32.7872155], [-96.7841616, 32.787344], [-96.784149, 32.7873335], [-96.7841382, 32.7873428], [-96.7840961, 32.787308], [-96.7840831, 32.7873192], [-96.7840345, 32.7872791], [-96.784044, 32.787271], [-96.7840007, 32.7872354], [-96.7840127, 32.7872251], [-96.7839953, 32.7872109], [-96.7842244, 32.7870132], [-96.7843019, 32.7870767], [-96.7843421, 32.7870421], [-96.7843532, 32.7870515], [-96.7843138, 32.7870856], [-96.7843809, 32.7871406], [-96.7843471, 32.7871698], [-96.7843967, 32.7872104], [-96.7846117, 32.7870247], [-96.784562, 32.7869839], [-96.7845666, 32.7869801], [-96.7845838, 32.7869658], [-96.7846356, 32.7870083], [-96.7848311, 32.7868393], [-96.7847657, 32.7867858], [-96.7847246, 32.7868213], [-96.7846629, 32.7867709], [-96.7846398, 32.7867909], [-96.7846203, 32.7867744], [-96.7846422, 32.7867553], [-96.7844287, 32.7865812]]]}, "properties": {"height": 9, "night": "#8e4f2e"}}, {"type": "Feature", "geometry": {"type": "Polygon", "coordinates": [[[-96.7791948, 32.7852019], [-96.7796053, 32.7851183], [-96.7796361, 32.7852254], [-96.7795405, 32.7852448], [-96.7795505, 32.7852796], [-96.779489, 32.7852921], [-96.7795242, 32.7854141], [-96.7792583, 32.7854682], [-96.7791865, 32.7852187], [-96.7791989, 32.7852161], [-96.7791948, 32.7852019]]]}, "properties": {"height": 8, "night": "#834628"}}, {"type": "Feature", "geometry": {"type": "Polygon", "coordinates": [[[-96.7790929, 32.7849051], [-96.7793375, 32.7848535], [-96.7793824, 32.7850037], [-96.7791378, 32.7850553], [-96.7790929, 32.7849051]]]}, "properties": {"height": 8, "night": "#834628"}}, {"type": "Feature", "geometry": {"type": "Polygon", "coordinates": [[[-96.7793978, 32.7843148], [-96.7792397, 32.7843483], [-96.7791604, 32.7840838], [-96.7793184, 32.7840503], [-96.7793978, 32.7843148]]]}, "properties": {"height": 8, "night": "#834728"}}, {"type": "Feature", "geometry": {"type": "Polygon", "coordinates": [[[-96.7773608, 32.7866065], [-96.7773608, 32.7864566], [-96.7772825, 32.7864726], [-96.7772494, 32.7863581], [-96.7771856, 32.7863711], [-96.7771593, 32.7862803], [-96.7769049, 32.7863323], [-96.7769309, 32.7864221], [-96.7768654, 32.7864355], [-96.7768986, 32.7865504], [-96.7766871, 32.7865935], [-96.7765689, 32.7861843], [-96.77737, 32.7860207], [-96.7774884, 32.7864306], [-96.7774158, 32.7864454], [-96.7774158, 32.7866125], [-96.7776465, 32.7866374], [-96.7776532, 32.7865963], [-96.777811, 32.7866143], [-96.7778162, 32.7865903], [-96.778391, 32.7866449], [-96.7783772, 32.7867221], [-96.7783919, 32.7867229], [-96.778371, 32.7868759], [-96.7779809, 32.7868471], [-96.7775127, 32.786795], [-96.7772226, 32.7867523], [-96.777224, 32.7867433], [-96.7772477, 32.7865939], [-96.777339, 32.7866041], [-96.7773608, 32.7866065]]]}, "properties": {"height": 8, "night": "#7e4326"}}, {"type": "Feature", "geometry": {"type": "Polygon", "coordinates": [[[-96.7747012, 32.7850604], [-96.7749628, 32.7850045], [-96.774989, 32.7850912], [-96.7747275, 32.7851471], [-96.7747012, 32.7850604]]]}, "properties": {"height": 8, "night": "#7a4125"}}, {"type": "Feature", "geometry": {"type": "Polygon", "coordinates": [[[-96.7762696, 32.7848235], [-96.7763145, 32.7848142], [-96.7764021, 32.784796], [-96.7764163, 32.7848444], [-96.7762838, 32.7848719], [-96.7762696, 32.7848235]]]}, "properties": {"height": 8, "night": "#7d4326"}}, {"type": "Feature", "geometry": {"type": "Polygon", "coordinates": [[[-96.7720128, 32.783553], [-96.7721351, 32.783233], [-96.7722427, 32.7833284], [-96.7721477, 32.7835922], [-96.7720128, 32.783553]]]}, "properties": {"height": 8, "night": "#753e23"}}, {"type": "Feature", "geometry": {"type": "Polygon", "coordinates": [[[-96.7716265, 32.7825556], [-96.7720643, 32.7819444], [-96.7724297, 32.7822691], [-96.7724418, 32.7822594], [-96.7725999, 32.7823998], [-96.7725711, 32.7824228], [-96.7725857, 32.7824357], [-96.7725723, 32.7824464], [-96.7725675, 32.7824421], [-96.7724443, 32.7825401], [-96.7724646, 32.7825582], [-96.7720929, 32.7828539], [-96.772069, 32.7828327], [-96.7720001, 32.7828876], [-96.7716265, 32.7825556]]]}, "properties": {"height": 8, "night": "#763f23"}}, {"type": "Feature", "geometry": {"type": "Polygon", "coordinates": [[[-96.7726886, 32.79283], [-96.772771, 32.7927598], [-96.7728576, 32.7928323], [-96.7727309, 32.7929403], [-96.7726442, 32.7928677], [-96.7726886, 32.79283]]]}, "properties": {"height": 8, "night": "#6e3a20"}}, {"type": "Feature", "geometry": {"type": "Polygon", "coordinates": [[[-96.7748715, 32.7919336], [-96.7747905, 32.7918668], [-96.7747346, 32.7919152], [-96.774685, 32.7918744], [-96.7747409, 32.7918261], [-96.7746684, 32.7917663], [-96.7747252, 32.7917171], [-96.7748604, 32.7918284], [-96.7748722, 32.7918182], [-96.7749401, 32.7918742], [-96.7748715, 32.7919336]]]}, "properties": {"height": 8, "night": "#733d22"}}, {"type": "Feature", "geometry": {"type": "Polygon", "coordinates": [[[-96.7745989, 32.7912089], [-96.7745881, 32.7911996], [-96.7745259, 32.7911459], [-96.7743227, 32.7909705], [-96.7748586, 32.7905318], [-96.7749297, 32.7905344], [-96.7751702, 32.7907421], [-96.7749161, 32.7909501], [-96.7749083, 32.7909434], [-96.7748506, 32.7909907], [-96.7748578, 32.7909969], [-96.7745989, 32.7912089]]]}, "properties": {"height": 15, "night": "#875434"}}, {"type": "Feature", "geometry": {"type": "Polygon", "coordinates": [[[-96.7722206, 32.7897843], [-96.7717792, 32.7894016], [-96.7717672, 32.7894095], [-96.7717575, 32.7894009], [-96.7717569, 32.7893777], [-96.7717737, 32.7893648], [-96.7717913, 32.7893654], [-96.7719063, 32.7892621], [-96.7723306, 32.7896167], [-96.7722972, 32.7896451], [-96.7723285, 32.7896757], [-96.772291, 32.7897073], [-96.772256, 32.7896789], [-96.7722365, 32.7896917], [-96.772283, 32.7897342], [-96.7722206, 32.7897843]]]}, "properties": {"height": 8, "night": "#713c21"}}, {"type": "Feature", "geometry": {"type": "Polygon", "coordinates": [[[-96.7721904, 32.7885135], [-96.7720878, 32.7884219], [-96.7720813, 32.7884271], [-96.7720534, 32.7884022], [-96.77206, 32.7883969], [-96.772015, 32.7883567], [-96.7722168, 32.7881955], [-96.772412, 32.7883698], [-96.7722573, 32.7884934], [-96.7722375, 32.7884758], [-96.7721904, 32.7885135]]]}, "properties": {"height": 8, "night": "#723c22"}}, {"type": "Feature", "geometry": {"type": "Polygon", "coordinates": [[[-96.7722313, 32.7875384], [-96.7724628, 32.7873471], [-96.7727579, 32.7876018], [-96.7725265, 32.7877932], [-96.7722313, 32.7875384]]]}, "properties": {"height": 8, "night": "#733d22"}}, {"type": "Feature", "geometry": {"type": "Polygon", "coordinates": [[[-96.7720064, 32.7873087], [-96.7718174, 32.7871471], [-96.7717008, 32.7872444], [-96.771584, 32.7871446], [-96.7719073, 32.7868665], [-96.7719361, 32.7868911], [-96.7722469, 32.7866317], [-96.7725469, 32.7868882], [-96.7720245, 32.7873242], [-96.7720064, 32.7873087]]]}, "properties": {"height": 8, "night": "#733d22"}}, {"type": "Feature", "geometry": {"type": "Polygon", "coordinates": [[[-96.7857242, 32.7909665], [-96.7856544, 32.7909069], [-96.7856509, 32.7909098], [-96.7855241, 32.7908015], [-96.7856986, 32.7906572], [-96.7858254, 32.7907656], [-96.785807, 32.7907809], [-96.7858767, 32.7908404], [-96.7857242, 32.7909665]]]}, "properties": {"height": 8, "night": "#844728"}}, {"type": "Feature", "geometry": {"type": "Polygon", "coordinates": [[[-96.7837584, 32.7894825], [-96.7839142, 32.7893712], [-96.7840994, 32.7895542], [-96.7838202, 32.7897538], [-96.7836628, 32.7895981], [-96.7837862, 32.78951], [-96.7837584, 32.7894825]]]}, "properties": {"height": 8, "night": "#844728"}}, {"type": "Feature", "geometry": {"type": "Polygon", "coordinates": [[[-96.78519, 32.7887199], [-96.7851402, 32.7886696], [-96.7851311, 32.7886759], [-96.7851099, 32.7886545], [-96.7851197, 32.7886477], [-96.785067, 32.7885945], [-96.7851497, 32.7885367], [-96.7851907, 32.788578], [-96.7852102, 32.7885643], [-96.7852334, 32.7885877], [-96.7852152, 32.7886004], [-96.7852561, 32.7886417], [-96.7852143, 32.7886709], [-96.7852331, 32.7886898], [-96.78519, 32.7887199]]]}, "properties": {"height": 8, "night": "#88492a"}}, {"type": "Feature", "geometry": {"type": "Polygon", "coordinates": [[[-96.7856825, 32.7884198], [-96.7856374, 32.7883713], [-96.7856234, 32.7883806], [-96.7855327, 32.7882831], [-96.7856288, 32.7882193], [-96.785671, 32.7882646], [-96.7856936, 32.7882496], [-96.7857175, 32.7882753], [-96.7857081, 32.7882815], [-96.7857685, 32.7883464], [-96.7857545, 32.7883557], [-96.7857638, 32.7883657], [-96.7856825, 32.7884198]]]}, "properties": {"height": 8, "night": "#894a2a"}}, {"type": "Feature", "geometry": {"type": "Polygon", "coordinates": [[[-96.785645, 32.7877555], [-96.7856866, 32.7877281], [-96.7857784, 32.7878262], [-96.7856687, 32.7878987], [-96.7856009, 32.7878262], [-96.7856397, 32.7878005], [-96.7856157, 32.7877749], [-96.785645, 32.7877555]]]}, "properties": {"height": 8, "night": "#8a4b2a"}}, {"type": "Feature", "geometry": {"type": "Polygon", "coordinates": [[[-96.7862656, 32.7877248], [-96.7862025, 32.7876576], [-96.7863496, 32.7875599], [-96.7864074, 32.7876215], [-96.7863424, 32.7876647], [-96.7863613, 32.7876847], [-96.7863286, 32.7877064], [-96.7863151, 32.787692], [-96.7862656, 32.7877248]]]}, "properties": {"height": 8, "night": "#8b4b2b"}}, {"type": "Feature", "geometry": {"type": "Polygon", "coordinates": [[[-96.7766729, 32.7952596], [-96.7766975, 32.7952395], [-96.7766675, 32.7952137], [-96.7769637, 32.7949712], [-96.7769964, 32.7949995], [-96.7770072, 32.7949907], [-96.7773114, 32.7952532], [-96.777343, 32.7952274], [-96.7773878, 32.7952661], [-96.7773537, 32.795294], [-96.7773923, 32.7953273], [-96.7770633, 32.7955966], [-96.7766729, 32.7952596]]]}, "properties": {"height": 8, "night": "#703c21"}}, {"type": "Feature", "geometry": {"type": "Polygon", "coordinates": [[[-96.7784538, 32.7933168], [-96.7783806, 32.7933783], [-96.7782321, 32.7932534], [-96.7783059, 32.7931914], [-96.778284, 32.793173], [-96.7783367, 32.7931288], [-96.7783597, 32.7931482], [-96.7784181, 32.7930992], [-96.7785659, 32.7932236], [-96.7785004, 32.7932786], [-96.7784538, 32.7933168]]]}, "properties": {"height": 8, "night": "#763f23"}}, {"type": "Feature", "geometry": {"type": "Polygon", "coordinates": [[[-96.7799412, 32.7929663], [-96.7800883, 32.792846], [-96.7803174, 32.7930492], [-96.7801757, 32.7931688], [-96.7799412, 32.7929663]]]}, "properties": {"height": 8, "night": "#794024"}}, {"type": "Feature", "geometry": {"type": "Polygon", "coordinates": [[[-96.7787329, 32.7971299], [-96.778505, 32.7969401], [-96.7784851, 32.7969572], [-96.7782959, 32.7967995], [-96.7783673, 32.7967383], [-96.7781538, 32.7965604], [-96.7781645, 32.7965512], [-96.7780949, 32.7964994], [-96.7782349, 32.7963796], [-96.7786568, 32.7967318], [-96.7787972, 32.796782], [-96.778893, 32.7968442], [-96.7789701, 32.7969193], [-96.7788505, 32.7969956], [-96.7789307, 32.7970625], [-96.7788909, 32.7971028], [-96.7788279, 32.7971405], [-96.778812, 32.7971248], [-96.7787531, 32.7971752], [-96.7787274, 32.7971538], [-96.7787442, 32.7971394], [-96.7787329, 32.7971299]]]}, "properties": {"height": 8, "night": "#6f3b21"}}, {"type": "Feature", "geometry": {"type": "Polygon", "coordinates": [[[-96.7751715, 32.7950055], [-96.7751426, 32.7949813], [-96.7751225, 32.7949984], [-96.7751151, 32.7950046], [-96.7750775, 32.7949732], [-96.7750835, 32.7949681], [-96.7751028, 32.7949518], [-96.7750765, 32.7949298], [-96.7751602, 32.7948589], [-96.7752531, 32.7949365], [-96.7751715, 32.7950055]]]}, "properties": {"height": 8, "night": "#6e3a20"}}, {"type": "Feature", "geometry": {"type": "Polygon", "coordinates": [[[-96.7750909, 32.7934315], [-96.7749948, 32.7933554], [-96.7749908, 32.793359], [-96.7749422, 32.7933205], [-96.7750426, 32.7932309], [-96.7750915, 32.7932697], [-96.7750818, 32.7932784], [-96.7751736, 32.7933511], [-96.7751404, 32.7933807], [-96.7751696, 32.7934038], [-96.7751415, 32.7934289], [-96.7751163, 32.7934089], [-96.7750909, 32.7934315]]]}, "properties": {"height": 8, "night": "#713c21"}}, {"type": "Feature", "geometry": {"type": "Polygon", "coordinates": [[[-96.7759254, 32.7925946], [-96.7759886, 32.7925391], [-96.7759064, 32.792473], [-96.7760574, 32.7923403], [-96.7762449, 32.792491], [-96.7761043, 32.7926145], [-96.7760632, 32.7925815], [-96.7759896, 32.7926462], [-96.7759254, 32.7925946]]]}, "properties": {"height": 8, "night": "#733d22"}}, {"type": "Feature", "geometry": {"type": "Polygon", "coordinates": [[[-96.7839321, 32.7916076], [-96.7839319, 32.7916391], [-96.7839028, 32.7916614], [-96.7838706, 32.7916632], [-96.7838261, 32.7916262], [-96.78381, 32.7916399], [-96.7838338, 32.7916597], [-96.7838144, 32.7916762], [-96.7838458, 32.7917023], [-96.7838156, 32.791728], [-96.7837842, 32.7917018], [-96.7836239, 32.791838], [-96.7836137, 32.7918296], [-96.7835892, 32.7918504], [-96.7835973, 32.7918571], [-96.783576, 32.7918752], [-96.7834565, 32.7917758], [-96.7834628, 32.7917705], [-96.7833714, 32.7916945], [-96.783451, 32.7916269], [-96.7833521, 32.7915447], [-96.7832106, 32.7916649], [-96.7831219, 32.7915911], [-96.7830346, 32.7915185], [-96.7831001, 32.7914629], [-96.7830314, 32.7914057], [-96.7830075, 32.7914066], [-96.7829762, 32.7913816], [-96.7829752, 32.7913418], [-96.7830057, 32.7913176], [-96.7830475, 32.7913201], [-96.7830591, 32.7913106], [-96.7830498, 32.7913026], [-96.7831202, 32.7912449], [-96.7831701, 32.7912879], [-96.783179, 32.7912806], [-96.783138, 32.7912453], [-96.7831685, 32.7912202], [-96.7831768, 32.7912273], [-96.7832157, 32.7911954], [-96.7831202, 32.791113], [-96.7832509, 32.7910058], [-96.7832814, 32.7910321], [-96.7832966, 32.7910197], [-96.783326, 32.7910449], [-96.7832924, 32.7910725], [-96.7833337, 32.7911081], [-96.7834145, 32.7910418], [-96.783442, 32.7910654], [-96.7834849, 32.7910303], [-96.7835191, 32.7910022], [-96.7835725, 32.7910483], [-96.7835388, 32.7910759], [-96.7834952, 32.7911118], [-96.7835221, 32.791135], [-96.7834484, 32.7911954], [-96.7835849, 32.791313], [-96.783566, 32.7913285], [-96.783607, 32.7913638], [-96.7835893, 32.7913784], [-96.7836172, 32.7914024], [-96.7835372, 32.791468], [-96.7834274, 32.7913735], [-96.7834107, 32.7913872], [-96.7835897, 32.7915415], [-96.7836196, 32.791517], [-96.7836494, 32.7915426], [-96.7837573, 32.7914541], [-96.7837921, 32.791484], [-96.783864, 32.791425], [-96.7839218, 32.7914747], [-96.7838481, 32.7915352], [-96.7839321, 32.7916076]]]}, "properties": {"height": 8, "night": "#804527"}}, {"type": "Feature", "geometry": {"type": "Polygon", "coordinates": [[[-96.7897344, 32.7938313], [-96.7896858, 32.7937902], [-96.7896938, 32.7937835], [-96.7896181, 32.7937195], [-96.7896123, 32.7937244], [-96.789597, 32.7937114], [-96.7896024, 32.7937069], [-96.7895829, 32.7936904], [-96.7896159, 32.7936628], [-96.7895514, 32.7936083], [-96.7895278, 32.7935884], [-96.7897148, 32.7934321], [-96.7897483, 32.7934604], [-96.789828, 32.7933937], [-96.7898391, 32.7934031], [-96.7898529, 32.7933916], [-96.7898639, 32.7934009], [-96.7898727, 32.7933936], [-96.7900077, 32.7935077], [-96.7899592, 32.7935482], [-96.7899792, 32.7935651], [-96.7899359, 32.7936012], [-96.7899188, 32.7935867], [-96.7899056, 32.7935977], [-96.7898756, 32.7935724], [-96.7898885, 32.7935617], [-96.7898646, 32.7935415], [-96.7898512, 32.7935528], [-96.7898143, 32.7935216], [-96.789826, 32.7935119], [-96.7898096, 32.793498], [-96.7897307, 32.793564], [-96.7897445, 32.7935757], [-96.7897062, 32.7936077], [-96.7896915, 32.7935954], [-96.7896653, 32.7936173], [-96.7897434, 32.7936834], [-96.7897592, 32.7936701], [-96.7898014, 32.7937057], [-96.7897861, 32.7937185], [-96.7898033, 32.793733], [-96.7898153, 32.793723], [-96.7898466, 32.7937495], [-96.7898319, 32.7937618], [-96.7898484, 32.7937758], [-96.7898092, 32.7938086], [-96.7897925, 32.7937945], [-96.7897502, 32.7938299], [-96.7897431, 32.7938239], [-96.7897344, 32.7938313]]]}, "properties": {"height": 8, "night": "#804527"}}, {"type": "Feature", "geometry": {"type": "Polygon", "coordinates": [[[-96.7912335, 32.7926528], [-96.7915568, 32.7923881], [-96.7916857, 32.7924994], [-96.7914605, 32.7926838], [-96.7914667, 32.7926892], [-96.7913885, 32.7927533], [-96.7913982, 32.7927617], [-96.7913622, 32.7927911], [-96.7912628, 32.7927053], [-96.791279, 32.792692], [-96.7912335, 32.7926528]]]}, "properties": {"height": 8, "night": "#834628"}}, {"type": "Feature", "geometry": {"type": "Polygon", "coordinates": [[[-96.7881794, 32.7921529], [-96.7885403, 32.791851], [-96.7886981, 32.7919844], [-96.7883372, 32.7922863], [-96.7881794, 32.7921529]]]}, "properties": {"height": 8, "night": "#834728"}}, {"type": "Feature", "geometry": {"type": "Polygon", "coordinates": [[[-96.7904589, 32.7919642], [-96.7903269, 32.7918496], [-96.7906353, 32.7915984], [-96.790645, 32.7916068], [-96.7906541, 32.7915994], [-96.790772, 32.7917017], [-96.7906958, 32.7917637], [-96.7907064, 32.7917729], [-96.79068, 32.7917945], [-96.7906741, 32.7917894], [-96.7905629, 32.7918799], [-96.7905691, 32.7918853], [-96.7905313, 32.791916], [-96.7905249, 32.7919104], [-96.7904589, 32.7919642]]]}, "properties": {"height": 8, "night": "#854729"}}, {"type": "Feature", "geometry": {"type": "Polygon", "coordinates": [[[-96.7896852, 32.7915618], [-96.7897013, 32.7915489], [-96.7898035, 32.7916385], [-96.7897089, 32.7917147], [-96.7896067, 32.7916251], [-96.7896852, 32.7915618]]]}, "properties": {"height": 8, "night": "#854829"}}, {"type": "Feature", "geometry": {"type": "Polygon", "coordinates": [[[-96.789436, 32.7913329], [-96.7894462, 32.7913247], [-96.7895484, 32.7914152], [-96.7894554, 32.7914894], [-96.7893532, 32.7913989], [-96.789436, 32.7913329]]]}, "properties": {"height": 8, "night": "#854829"}}, {"type": "Feature", "geometry": {"type": "Polygon", "coordinates": [[[-96.7888177, 32.7910051], [-96.7887672, 32.790962], [-96.7887356, 32.7909881], [-96.7886435, 32.7909094], [-96.788658, 32.7908974], [-96.7886498, 32.7908904], [-96.7888822, 32.7906984], [-96.7888723, 32.79069], [-96.7888805, 32.7906833], [-96.7888228, 32.7906339], [-96.7888139, 32.7906413], [-96.7888044, 32.7906332], [-96.7885749, 32.7908228], [-96.7885666, 32.7908157], [-96.7885522, 32.7908275], [-96.7884119, 32.7907076], [-96.7884254, 32.7906965], [-96.788415, 32.7906875], [-96.7886488, 32.7904943], [-96.7886402, 32.790487], [-96.7886489, 32.7904798], [-96.7885895, 32.7904289], [-96.7885806, 32.7904362], [-96.7885718, 32.7904287], [-96.7883386, 32.7906215], [-96.7883311, 32.790615], [-96.7883182, 32.7906256], [-96.7881758, 32.7905038], [-96.7881872, 32.7904943], [-96.7881782, 32.7904866], [-96.788415, 32.7902908], [-96.7884055, 32.7902827], [-96.7884132, 32.7902763], [-96.7883776, 32.7902459], [-96.7882981, 32.7903116], [-96.7882396, 32.7902615], [-96.7883517, 32.7901689], [-96.7883724, 32.7901865], [-96.7884069, 32.790158], [-96.7884137, 32.7901637], [-96.7884359, 32.7901453], [-96.7884761, 32.7901796], [-96.7884424, 32.7902074], [-96.7885471, 32.790297], [-96.7885808, 32.7902692], [-96.7885971, 32.7902831], [-96.7885637, 32.7903106], [-96.7887831, 32.7904983], [-96.7888045, 32.7904806], [-96.7887326, 32.790419], [-96.7887445, 32.7904092], [-96.7888164, 32.7904707], [-96.7888311, 32.7904832], [-96.7887981, 32.7905104], [-96.7890206, 32.7907007], [-96.7890535, 32.7906734], [-96.7892344, 32.790524], [-96.7893094, 32.7905881], [-96.7892893, 32.7906047], [-96.789302, 32.7906156], [-96.7888351, 32.7910014], [-96.7888288, 32.7909959], [-96.7888177, 32.7910051]]]}, "properties": {"height": 8, "night": "#874929"}}, {"type": "Feature", "geometry": {"type": "Polygon", "coordinates": [[[-96.7910749, 32.7904651], [-96.7912587, 32.7903157], [-96.7913195, 32.7903691], [-96.7911357, 32.7905185], [-96.7910749, 32.7904651]]]}, "properties": {"height": 8, "night": "#884a2a"}}, {"type": "Feature", "geometry": {"type": "Polygon", "coordinates": [[[-96.7847795, 32.7963733], [-96.7848435, 32.7963199], [-96.7850607, 32.7965037], [-96.784982, 32.7965694], [-96.7847648, 32.7963856], [-96.7847795, 32.7963733]]]}, "properties": {"height": 8, "night": "#773f23"}}, {"type": "Feature", "geometry": {"type": "Polygon", "coordinates": [[[-96.7868609, 32.7980263], [-96.7870022, 32.7979083], [-96.7871199, 32.7980088], [-96.7869742, 32.7981304], [-96.7868566, 32.7980299], [-96.7868609, 32.7980263]]]}, "properties": {"height": 8, "night": "#743e23"}}, {"type": "Feature", "geometry": {"type": "Polygon", "coordinates": [[[-96.7872944, 32.7958029], [-96.7871496, 32.7956795], [-96.7871733, 32.7956598], [-96.787141, 32.7956323], [-96.7871746, 32.7956044], [-96.7872051, 32.7956304], [-96.7872313, 32.7956086], [-96.7873345, 32.7956965], [-96.7873464, 32.7956867], [-96.7873787, 32.7957142], [-96.7873607, 32.7957292], [-96.7874714, 32.7958236], [-96.7873887, 32.7958921], [-96.7872891, 32.7958073], [-96.7872944, 32.7958029]]]}, "properties": {"height": 8, "night": "#7a4125"}}, {"type": "Feature", "geometry": {"type": "Polygon", "coordinates": [[[-96.7835986, 32.7956145], [-96.783736, 32.7954996], [-96.7838679, 32.7956122], [-96.7837305, 32.795727], [-96.7835986, 32.7956145]]]}, "properties": {"height": 8, "night": "#774024"}}, {"type": "Feature", "geometry": {"type": "Polygon", "coordinates": [[[-96.7858936, 32.7954603], [-96.7858676, 32.7954384], [-96.7858536, 32.7954503], [-96.7858117, 32.795415], [-96.7858818, 32.7953558], [-96.7859048, 32.7953752], [-96.7859221, 32.7953605], [-96.7859669, 32.7953982], [-96.7858936, 32.7954603]]]}, "properties": {"height": 8, "night": "#7a4125"}}, {"type": "Feature", "geometry": {"type": "Polygon", "coordinates": [[[-96.7845533, 32.7947987], [-96.7849534, 32.7944903], [-96.7850819, 32.7945919], [-96.7846935, 32.7949178], [-96.7845533, 32.7947987]]]}, "properties": {"height": 8, "night": "#7a4125"}}, {"type": "Feature", "geometry": {"type": "Polygon", "coordinates": [[[-96.7853728, 32.7945817], [-96.7853527, 32.7945645], [-96.7853452, 32.7945706], [-96.7852523, 32.7944913], [-96.7853678, 32.7943956], [-96.7854547, 32.7944697], [-96.7854633, 32.7944626], [-96.7855192, 32.7945102], [-96.7854024, 32.7946069], [-96.7853728, 32.7945817]]]}, "properties": {"height": 8, "night": "#7b4225"}}, {"type": "Feature", "geometry": {"type": "Polygon", "coordinates": [[[-96.7830729, 32.7941448], [-96.7832083, 32.7942571], [-96.7830484, 32.7943935], [-96.7829135, 32.7942807], [-96.7830729, 32.7941448]]]}, "properties": {"height": 8, "night": "#7a4125"}}, {"type": "Feature", "geometry": {"type": "Polygon", "coordinates": [[[-96.7849567, 32.7967714], [-96.7851318, 32.7966299], [-96.7852252, 32.7967115], [-96.7850501, 32.796853], [-96.7849567, 32.7967714]]]}, "properties": {"height": 8, "night": "#763f23"}}, {"type": "Feature", "geometry": {"type": "Polygon", "coordinates": [[[-96.7861331, 32.7937417], [-96.7861431, 32.7937332], [-96.7863721, 32.793926], [-96.7862842, 32.7940005], [-96.7860552, 32.7938076], [-96.7861331, 32.7937417]]]}, "properties": {"height": 8, "night": "#7e4326"}}, {"type": "Feature", "geometry": {"type": "Polygon", "coordinates": [[[-96.7922844, 32.7998769], [-96.7923698, 32.7998082], [-96.7925273, 32.7999479], [-96.7924419, 32.8000166], [-96.7922844, 32.7998769]]]}, "properties": {"height": 8, "night": "#713c21"}}, {"type": "Feature", "geometry": {"type": "Polygon", "coordinates": [[[-96.7889351, 32.7997396], [-96.7889518, 32.7997257], [-96.7889612, 32.7997338], [-96.7890077, 32.7996952], [-96.7889983, 32.7996871], [-96.7890762, 32.7996323], [-96.7890673, 32.7996247], [-96.7890961, 32.7996008], [-96.789104, 32.7996076], [-96.7891666, 32.7995458], [-96.789177, 32.7995547], [-96.7892287, 32.7995118], [-96.7892189, 32.7995033], [-96.789303, 32.7994335], [-96.7893729, 32.7994935], [-96.7893352, 32.7995248], [-96.7893437, 32.7995321], [-96.7890089, 32.7998102], [-96.788937, 32.7997484], [-96.7889351, 32.7997396]]]}, "properties": {"height": 8, "night": "#713c22"}}, {"type": "Feature", "geometry": {"type": "Polygon", "coordinates": [[[-96.7901198, 32.7996497], [-96.7899864, 32.7995322], [-96.7901321, 32.7994117], [-96.790182, 32.7994124], [-96.7902091, 32.7993893], [-96.7901916, 32.799375], [-96.7903662, 32.7992378], [-96.790603, 32.7994406], [-96.7904372, 32.7995826], [-96.7904044, 32.7995588], [-96.7903796, 32.799579], [-96.7903776, 32.7996221], [-96.7902285, 32.7997455], [-96.7901198, 32.7996497]]]}, "properties": {"height": 8, "night": "#723c22"}}, {"type": "Feature", "geometry": {"type": "Polygon", "coordinates": [[[-96.7910794, 32.7979223], [-96.7912219, 32.7977964], [-96.7913229, 32.7978814], [-96.791272, 32.7979245], [-96.7912633, 32.7979172], [-96.7911533, 32.7980105], [-96.7910749, 32.7979446], [-96.7910904, 32.7979315], [-96.7910794, 32.7979223]]]}, "properties": {"height": 8, "night": "#763f23"}}, {"type": "Feature", "geometry": {"type": "Polygon", "coordinates": [[[-96.7916187, 32.7993641], [-96.7915846, 32.7993364], [-96.7915783, 32.7993419], [-96.7915304, 32.799303], [-96.7915365, 32.7992977], [-96.7913624, 32.7991562], [-96.7914739, 32.7990583], [-96.7915062, 32.7990846], [-96.7915121, 32.7990794], [-96.7915305, 32.7990943], [-96.7915223, 32.7991015], [-96.7915438, 32.799119], [-96.7915505, 32.7991131], [-96.7916171, 32.7991682], [-96.79161, 32.7991745], [-96.7916555, 32.7992069], [-96.7916489, 32.7992126], [-96.7916963, 32.7992512], [-96.7916835, 32.7992624], [-96.79171, 32.799284], [-96.7916187, 32.7993641]]]}, "properties": {"height": 8, "night": "#723d22"}}, {"type": "Feature", "geometry": {"type": "Polygon", "coordinates": [[[-96.7909767, 32.8007797], [-96.7908917, 32.8007086], [-96.7912031, 32.8004433], [-96.7912896, 32.8005158], [-96.791225, 32.8005791], [-96.7912396, 32.8005913], [-96.7910681, 32.8007374], [-96.7910511, 32.8007232], [-96.7909767, 32.8007797]]]}, "properties": {"height": 8, "night": "#6f3b21"}}, {"type": "Feature", "geometry": {"type": "Polygon", "coordinates": [[[-96.7902298, 32.7989683], [-96.790145, 32.7989023], [-96.7901363, 32.7989102], [-96.7901251, 32.7989015], [-96.7901594, 32.79887], [-96.7901451, 32.7988588], [-96.790231, 32.7987802], [-96.7902625, 32.7988047], [-96.7902971, 32.798773], [-96.7902762, 32.7987567], [-96.7903077, 32.7987279], [-96.7903195, 32.7987371], [-96.7903361, 32.7987219], [-96.7903522, 32.7987344], [-96.7903657, 32.7987221], [-96.7904468, 32.7987853], [-96.7904202, 32.7988097], [-96.7904263, 32.7988144], [-96.7904173, 32.7988226], [-96.7903988, 32.7988082], [-96.7903713, 32.7988334], [-96.790381, 32.7988409], [-96.7903475, 32.7988716], [-96.7903415, 32.798867], [-96.7903056, 32.7989076], [-96.7902983, 32.7989019], [-96.7902298, 32.7989683]]]}, "properties": {"height": 8, "night": "#733d22"}}, {"type": "Feature", "geometry": {"type": "Polygon", "coordinates": [[[-96.7900881, 32.7988615], [-96.7900766, 32.7988515], [-96.7900668, 32.7988595], [-96.7900393, 32.7988355], [-96.7900471, 32.7988292], [-96.7900326, 32.7988165], [-96.7900238, 32.7988237], [-96.7900043, 32.7988067], [-96.7900126, 32.7987999], [-96.7899951, 32.7987847], [-96.7899874, 32.798791], [-96.7899728, 32.7987818], [-96.7899228, 32.7987382], [-96.7900178, 32.7986605], [-96.7901707, 32.798794], [-96.7900881, 32.7988615]]]}, "properties": {"height": 8, "night": "#733d22"}}, {"type": "Feature", "geometry": {"type": "Polygon", "coordinates": [[[-96.7891013, 32.7986909], [-96.7890239, 32.7986246], [-96.7890594, 32.798595], [-96.7890497, 32.7985866], [-96.7892558, 32.7984148], [-96.7893431, 32.7984894], [-96.7892834, 32.7985301], [-96.789312, 32.7985546], [-96.789155, 32.7986854], [-96.7891318, 32.7986655], [-96.7891013, 32.7986909]]]}, "properties": {"height": 8, "night": "#743d22"}}, {"type": "Feature", "geometry": {"type": "Polygon", "coordinates": [[[-96.7842597, 32.7981651], [-96.7844215, 32.7980263], [-96.7844784, 32.7980736], [-96.7844657, 32.7980846], [-96.7844912, 32.7981058], [-96.7845057, 32.7980934], [-96.7846783, 32.7982369], [-96.7845147, 32.7983772], [-96.7842597, 32.7981651]]]}, "properties": {"height": 8, "night": "#723d22"}}, {"type": "Feature", "geometry": {"type": "Polygon", "coordinates": [[[-96.7838629, 32.7963516], [-96.7836239, 32.79615], [-96.7837023, 32.7960837], [-96.7838135, 32.7961774], [-96.7839017, 32.7961028], [-96.7840295, 32.7962106], [-96.7838629, 32.7963516]]]}, "properties": {"height": 8, "night": "#763f23"}}, {"type": "Feature", "geometry": {"type": "Polygon", "coordinates": [[[-96.7859107, 32.8012952], [-96.7859427, 32.8012675], [-96.7859895, 32.8013062], [-96.7859575, 32.8013339], [-96.7859107, 32.8012952]]]}, "properties": {"height": 8, "night": "#6c3920"}}, {"type": "Feature", "geometry": {"type": "Polygon", "coordinates": [[[-96.7848724, 32.7977066], [-96.7851929, 32.7979848], [-96.7850957, 32.7980639], [-96.7847752, 32.7977856], [-96.7848724, 32.7977066]]]}, "properties": {"height": 8, "night": "#733d22"}}, {"type": "Feature", "geometry": {"type": "Polygon", "coordinates": [[[-96.7872472, 32.7994447], [-96.7873213, 32.7993833], [-96.7873537, 32.7994111], [-96.7872796, 32.7994726], [-96.7872472, 32.7994447]]]}, "properties": {"height": 8, "night": "#713c21"}}, {"type": "Feature", "geometry": {"type": "Polygon", "coordinates": [[[-96.7849537, 32.7976205], [-96.7850016, 32.7975807], [-96.7851062, 32.7976697], [-96.7850583, 32.7977095], [-96.7849537, 32.7976205]]]}, "properties": {"height": 8, "night": "#743e22"}}, {"type": "Feature", "geometry": {"type": "Polygon", "coordinates": [[[-96.7822936, 32.7950317], [-96.7822505, 32.7949957], [-96.7822177, 32.7950237], [-96.7821027, 32.7949275], [-96.7822441, 32.7948068], [-96.7824023, 32.7949389], [-96.7822936, 32.7950317]]]}, "properties": {"height": 3, "night": "#692e17"}}, {"type": "Feature", "geometry": {"type": "Polygon", "coordinates": [[[-96.7880154, 32.8005179], [-96.7879228, 32.8004402], [-96.7880282, 32.8003507], [-96.7879162, 32.8002567], [-96.7880123, 32.800175], [-96.7880715, 32.8002246], [-96.788065, 32.8002301], [-96.7882124, 32.8003538], [-96.7880874, 32.80046], [-96.7880796, 32.8004535], [-96.7880579, 32.800472], [-96.7880637, 32.8004769], [-96.7880154, 32.8005179]]]}, "properties": {"height": 8, "night": "#6f3b21"}}, {"type": "Feature", "geometry": {"type": "Polygon", "coordinates": [[[-96.784154, 32.7969636], [-96.7842208, 32.7969068], [-96.7842978, 32.7969708], [-96.784231, 32.7970276], [-96.784154, 32.7969636]]]}, "properties": {"height": 8, "night": "#753e23"}}, {"type": "Feature", "geometry": {"type": "Polygon", "coordinates": [[[-96.7880851, 32.8000026], [-96.7881697, 32.7999325], [-96.7881976, 32.7999557], [-96.7882158, 32.7999438], [-96.7882649, 32.7999817], [-96.7882473, 32.7999939], [-96.7883384, 32.8000722], [-96.7882317, 32.8001608], [-96.7880952, 32.8000434], [-96.7881142, 32.8000276], [-96.7880851, 32.8000026]]]}, "properties": {"height": 8, "night": "#703b21"}}, {"type": "Feature", "geometry": {"type": "Polygon", "coordinates": [[[-96.7774111, 32.8016773], [-96.777347, 32.8016284], [-96.7773545, 32.8016221], [-96.7772988, 32.8015743], [-96.7774282, 32.8014667], [-96.7774521, 32.8014872], [-96.7774716, 32.801471], [-96.7775221, 32.8015143], [-96.777497, 32.8015352], [-96.7775208, 32.8015557], [-96.7774384, 32.8016242], [-96.7774141, 32.8016034], [-96.7774042, 32.8016116], [-96.7774465, 32.8016479], [-96.7774111, 32.8016773]]]}, "properties": {"height": 8, "night": "#64341d"}}, {"type": "Feature", "geometry": {"type": "Polygon", "coordinates": [[[-96.7719371, 32.8012567], [-96.7720232, 32.8011875], [-96.7721588, 32.8013078], [-96.7720727, 32.801377], [-96.7719371, 32.8012567]]]}, "properties": {"height": 8, "night": "#5e311b"}}, {"type": "Feature", "geometry": {"type": "Polygon", "coordinates": [[[-96.7798171, 32.8009169], [-96.7798583, 32.8008823], [-96.7800083, 32.8010097], [-96.779854, 32.8011393], [-96.779704, 32.8010119], [-96.7798171, 32.8009169]]]}, "properties": {"height": 8, "night": "#68371e"}}, {"type": "Feature", "geometry": {"type": "Polygon", "coordinates": [[[-96.7736899, 32.8004516], [-96.7737452, 32.8004049], [-96.7738644, 32.8005046], [-96.7737615, 32.8005915], [-96.7736894, 32.8005313], [-96.7737213, 32.8005043], [-96.7737137, 32.800498], [-96.7737295, 32.8004847], [-96.7736899, 32.8004516]]]}, "properties": {"height": 8, "night": "#62331c"}}, {"type": "Feature", "geometry": {"type": "Polygon", "coordinates": [[[-96.7758773, 32.8001076], [-96.7759559, 32.8000436], [-96.7760041, 32.8000859], [-96.7761251, 32.7999875], [-96.7760725, 32.7999413], [-96.7761502, 32.7998781], [-96.7763063, 32.800015], [-96.7760289, 32.8002406], [-96.7758773, 32.8001076]]]}, "properties": {"height": 8, "night": "#66351d"}}, {"type": "Feature", "geometry": {"type": "Polygon", "coordinates": [[[-96.7790876, 32.7996946], [-96.7792787, 32.7995328], [-96.7793572, 32.799599], [-96.7793062, 32.7996422], [-96.7794065, 32.7997267], [-96.7792665, 32.7998453], [-96.7790876, 32.7996946]]]}, "properties": {"height": 8, "night": "#6a381f"}}, {"type": "Feature", "geometry": {"type": "Polygon", "coordinates": [[[-96.7825208, 32.7994589], [-96.7824804, 32.7994234], [-96.7824558, 32.7994431], [-96.7824162, 32.7994082], [-96.7824287, 32.7993981], [-96.7824099, 32.7993816], [-96.7827172, 32.7991349], [-96.7828238, 32.7992286], [-96.7825286, 32.7994658], [-96.7825208, 32.7994589]]]}, "properties": {"height": 8, "night": "#6e3a20"}}, {"type": "Feature", "geometry": {"type": "Polygon", "coordinates": [[[-96.7778874, 32.7989368], [-96.7778043, 32.7988664], [-96.7777809, 32.7988859], [-96.7775848, 32.7987196], [-96.7776336, 32.7986789], [-96.7776236, 32.7986704], [-96.7776937, 32.798612], [-96.7777041, 32.7986208], [-96.777746, 32.7985859], [-96.7779436, 32.7987534], [-96.7779056, 32.798785], [-96.7779165, 32.7987942], [-96.7778582, 32.7988428], [-96.7779286, 32.7989025], [-96.7778874, 32.7989368]]]}, "properties": {"height": 8, "night": "#6a381f"}}, {"type": "Feature", "geometry": {"type": "Polygon", "coordinates": [[[-96.7735658, 32.7983142], [-96.7735739, 32.7983077], [-96.7737702, 32.7984804], [-96.7736029, 32.7986148], [-96.7735338, 32.7985541], [-96.7735497, 32.7985412], [-96.7735389, 32.7985317], [-96.7736065, 32.7984775], [-96.7734901, 32.7983751], [-96.7735658, 32.7983142]]]}, "properties": {"height": 8, "night": "#66351d"}}, {"type": "Feature", "geometry": {"type": "Polygon", "coordinates": [[[-96.7722578, 32.7983533], [-96.7722195, 32.7983188], [-96.7722133, 32.7983236], [-96.7720516, 32.7981776], [-96.772061, 32.7981703], [-96.7720282, 32.7981407], [-96.772073, 32.7981056], [-96.7720815, 32.7981133], [-96.7721309, 32.7980746], [-96.7723552, 32.7982771], [-96.7722578, 32.7983533]]]}, "properties": {"height": 8, "night": "#64341d"}}, {"type": "Feature", "geometry": {"type": "Polygon", "coordinates": [[[-96.775746, 32.7980258], [-96.7758543, 32.7979325], [-96.7759046, 32.7979743], [-96.7757963, 32.7980675], [-96.775746, 32.7980258]]]}, "properties": {"height": 8, "night": "#69371f"}}, {"type": "Feature", "geometry": {"type": "Polygon", "coordinates": [[[-96.7735024, 32.7975049], [-96.773564, 32.7974594], [-96.7736503, 32.7975427], [-96.7735888, 32.7975882], [-96.7735024, 32.7975049]]]}, "properties": {"height": 8, "night": "#67361e"}}, {"type": "Feature", "geometry": {"type": "Polygon", "coordinates": [[[-96.7748957, 32.7970487], [-96.7751038, 32.7968779], [-96.7753973, 32.7971305], [-96.775328, 32.7971875], [-96.7750861, 32.7969793], [-96.7750116, 32.7970404], [-96.7752489, 32.7972447], [-96.7751847, 32.7972975], [-96.7748957, 32.7970487]]]}, "properties": {"height": 8, "night": "#6a381f"}}, {"type": "Feature", "geometry": {"type": "Polygon", "coordinates": [[[-96.7722845, 32.7966143], [-96.7721426, 32.7964889], [-96.7721325, 32.796497], [-96.7720549, 32.7964285], [-96.7721711, 32.7963345], [-96.7722441, 32.7963989], [-96.7722354, 32.796406], [-96.7723834, 32.7965366], [-96.7723625, 32.7965535], [-96.7723691, 32.7965593], [-96.772312, 32.7966054], [-96.7723071, 32.7966011], [-96.7722845, 32.7966143]]]}, "properties": {"height": 8, "night": "#67361e"}}, {"type": "Feature", "geometry": {"type": "Polygon", "coordinates": [[[-96.7753669, 32.7958534], [-96.7755428, 32.7957118], [-96.7756801, 32.7958324], [-96.7755041, 32.795974], [-96.7753669, 32.7958534]]]}, "properties": {"height": 8, "night": "#6d3a20"}}, {"type": "Feature", "geometry": {"type": "Polygon", "coordinates": [[[-96.7719, 32.7948077], [-96.7719532, 32.7947672], [-96.7720879, 32.7948806], [-96.7719812, 32.7949689], [-96.7718452, 32.7948496], [-96.7719, 32.7948077]]]}, "properties": {"height": 8, "night": "#69371f"}}, {"type": "Feature", "geometry": {"type": "Polygon", "coordinates": [[[-96.7895578, 32.7931003], [-96.7896406, 32.7930343], [-96.789737, 32.7931198], [-96.7896784, 32.7931665], [-96.7896972, 32.7931832], [-96.7896486, 32.7932219], [-96.7895979, 32.7931769], [-96.7896097, 32.7931676], [-96.7895901, 32.7931503], [-96.7896028, 32.7931401], [-96.7895578, 32.7931003]]]}, "properties": {"height": 8, "night": "#814527"}}, {"type": "Feature", "geometry": {"type": "Polygon", "coordinates": [[[-96.7869496, 32.7930296], [-96.7868362, 32.7929291], [-96.7869157, 32.792865], [-96.7870202, 32.7929469], [-96.7870298, 32.7929384], [-96.7870878, 32.792985], [-96.7870331, 32.7930291], [-96.7869888, 32.7929947], [-96.7869496, 32.7930296]]]}, "properties": {"height": 8, "night": "#804527"}}, {"type": "Feature", "geometry": {"type": "Polygon", "coordinates": [[[-96.7893682, 32.7929246], [-96.7893384, 32.7929504], [-96.7892479, 32.7928767], [-96.7893057, 32.7928266], [-96.7893194, 32.7928378], [-96.7893668, 32.7927967], [-96.7894888, 32.7928962], [-96.7894134, 32.7929615], [-96.7893682, 32.7929246]]]}, "properties": {"height": 8, "night": "#824627"}}, {"type": "Feature", "geometry": {"type": "Polygon", "coordinates": [[[-96.7900796, 32.7927503], [-96.7900739, 32.7927454], [-96.7900392, 32.7927743], [-96.7899328, 32.7926843], [-96.7899754, 32.7926488], [-96.7899875, 32.792659], [-96.7900383, 32.7926166], [-96.7901867, 32.7927422], [-96.79012, 32.7927979], [-96.7900716, 32.7927569], [-96.7900796, 32.7927503]]]}, "properties": {"height": 8, "night": "#824628"}}, {"type": "Feature", "geometry": {"type": "Polygon", "coordinates": [[[-96.7894333, 32.792677], [-96.7893433, 32.7925994], [-96.7894508, 32.792506], [-96.789462, 32.792507], [-96.7894459, 32.7924952], [-96.7894635, 32.79248], [-96.78949, 32.7925031], [-96.7894678, 32.792523], [-96.7895382, 32.792584], [-96.7895264, 32.7925933], [-96.7895343, 32.792602], [-96.7894333, 32.792677]]]}, "properties": {"height": 8, "night": "#824628"}}, {"type": "Feature", "geometry": {"type": "Polygon", "coordinates": [[[-96.7893689, 32.7925615], [-96.789333, 32.792531], [-96.7892969, 32.7925588], [-96.7892366, 32.7925061], [-96.789223, 32.7925168], [-96.789196, 32.7924933], [-96.7892306, 32.7924644], [-96.7892457, 32.7924731], [-96.7893438, 32.7923887], [-96.7893506, 32.7923928], [-96.7893666, 32.7923798], [-96.7894304, 32.7924328], [-96.7894098, 32.7924479], [-96.7894507, 32.7924863], [-96.7893689, 32.7925615]]]}, "properties": {"height": 8, "night": "#834628"}}, {"type": "Feature", "geometry": {"type": "Polygon", "coordinates": [[[-96.7870122, 32.7922034], [-96.787053, 32.7921685], [-96.787138, 32.7922394], [-96.786982, 32.7923729], [-96.7869509, 32.7923469], [-96.7869658, 32.7923341], [-96.7869119, 32.7922892], [-96.7870122, 32.7922034]]]}, "properties": {"height": 8, "night": "#824627"}}, {"type": "Feature", "geometry": {"type": "Polygon", "coordinates": [[[-96.7893412, 32.7921575], [-96.7892524, 32.79223], [-96.7892158, 32.7921983], [-96.7892097, 32.7922033], [-96.7891851, 32.792182], [-96.7892114, 32.7921605], [-96.7891884, 32.7921406], [-96.7892569, 32.7920846], [-96.7893412, 32.7921575]]]}, "properties": {"height": 8, "night": "#834728"}}, {"type": "Feature", "geometry": {"type": "Polygon", "coordinates": [[[-96.7892643, 32.7920435], [-96.7892297, 32.7920137], [-96.7892149, 32.7920258], [-96.7891472, 32.7919675], [-96.7892038, 32.7919211], [-96.7892427, 32.7919547], [-96.7892612, 32.7919395], [-96.7893246, 32.7919942], [-96.7892643, 32.7920435]]]}, "properties": {"height": 8, "night": "#844728"}}, {"type": "Feature", "geometry": {"type": "Polygon", "coordinates": [[[-96.7889278, 32.7917565], [-96.7889837, 32.7917093], [-96.7890546, 32.7917688], [-96.7890348, 32.7917854], [-96.7890795, 32.7918228], [-96.7890241, 32.7918696], [-96.7889545, 32.7918112], [-96.7889738, 32.791795], [-96.7889278, 32.7917565]]]}, "properties": {"height": 8, "night": "#844728"}}, {"type": "Feature", "geometry": {"type": "Polygon", "coordinates": [[[-96.7853964, 32.7956016], [-96.7854012, 32.7955973], [-96.7854491, 32.7956358], [-96.7854327, 32.7956503], [-96.785455, 32.7956681], [-96.7853733, 32.7957408], [-96.785328, 32.7957045], [-96.785355, 32.7956806], [-96.7853301, 32.7956606], [-96.7853964, 32.7956016]]]}, "properties": {"height": 8, "night": "#794024"}}, {"type": "Feature", "geometry": {"type": "Polygon", "coordinates": [[[-96.7865206, 32.795576], [-96.7865948, 32.7955153], [-96.7866763, 32.7955858], [-96.7866021, 32.7956465], [-96.7865206, 32.795576]]]}, "properties": {"height": 8, "night": "#7a4125"}}, {"type": "Feature", "geometry": {"type": "Polygon", "coordinates": [[[-96.7867385, 32.7954712], [-96.786664, 32.7954097], [-96.7867292, 32.7953534], [-96.786754, 32.7953738], [-96.7867994, 32.7953346], [-96.7868562, 32.7953815], [-96.7867845, 32.7954434], [-96.7867775, 32.7954376], [-96.7867385, 32.7954712]]]}, "properties": {"height": 8, "night": "#7a4125"}}, {"type": "Feature", "geometry": {"type": "Polygon", "coordinates": [[[-96.7862568, 32.7952199], [-96.7862821, 32.7952004], [-96.7863499, 32.7952631], [-96.7863283, 32.7952798], [-96.7863393, 32.79529], [-96.7862498, 32.7953615], [-96.7861957, 32.7953114], [-96.7862337, 32.7952821], [-96.7862075, 32.7952579], [-96.7862568, 32.7952199]]]}, "properties": {"height": 8, "night": "#7a4125"}}, {"type": "Feature", "geometry": {"type": "Polygon", "coordinates": [[[-96.7871875, 32.7950857], [-96.7871967, 32.795078], [-96.7872289, 32.7951056], [-96.7872092, 32.795122], [-96.7872746, 32.7951782], [-96.7871765, 32.7952597], [-96.7871322, 32.7952216], [-96.7871685, 32.7951916], [-96.7871496, 32.7951754], [-96.7871908, 32.7951411], [-96.7871563, 32.7951115], [-96.7871875, 32.7950857]]]}, "properties": {"height": 8, "night": "#7b4225"}}, {"type": "Feature", "geometry": {"type": "Polygon", "coordinates": [[[-96.7877843, 32.7950442], [-96.7878196, 32.7950133], [-96.7879274, 32.7951005], [-96.7878348, 32.7951814], [-96.7877653, 32.7951252], [-96.7877903, 32.7951033], [-96.7877818, 32.7950964], [-96.7877922, 32.7950873], [-96.7877625, 32.7950633], [-96.7877843, 32.7950442]]]}, "properties": {"height": 8, "night": "#7c4225"}}, {"type": "Feature", "geometry": {"type": "Polygon", "coordinates": [[[-96.7884988, 32.7950924], [-96.7884778, 32.7950739], [-96.7884644, 32.7950847], [-96.788459, 32.79508], [-96.7884374, 32.7950973], [-96.7883779, 32.7950451], [-96.7884567, 32.7949816], [-96.788479, 32.7950011], [-96.7884972, 32.7949865], [-96.7885609, 32.7950424], [-96.7884988, 32.7950924]]]}, "properties": {"height": 8, "night": "#7c4225"}}, {"type": "Feature", "geometry": {"type": "Polygon", "coordinates": [[[-96.7860632, 32.794855], [-96.7861155, 32.7948109], [-96.786146, 32.7948366], [-96.7861621, 32.794823], [-96.7862256, 32.7948767], [-96.7861572, 32.7949345], [-96.7860632, 32.794855]]]}, "properties": {"height": 8, "night": "#7b4225"}}, {"type": "Feature", "geometry": {"type": "Polygon", "coordinates": [[[-96.7855456, 32.794778], [-96.785617, 32.7947125], [-96.7856786, 32.7947603], [-96.7856072, 32.7948259], [-96.7855456, 32.794778]]]}, "properties": {"height": 8, "night": "#7b4225"}}, {"type": "Feature", "geometry": {"type": "Polygon", "coordinates": [[[-96.7871693, 32.7947129], [-96.7871458, 32.7946924], [-96.7871368, 32.7946997], [-96.7871056, 32.7946725], [-96.7870945, 32.7946816], [-96.7870637, 32.7946548], [-96.7871474, 32.7945864], [-96.7872328, 32.7946609], [-96.7871693, 32.7947129]]]}, "properties": {"height": 8, "night": "#7c4225"}}, {"type": "Feature", "geometry": {"type": "Polygon", "coordinates": [[[-96.7856438, 32.7945997], [-96.7855858, 32.7945517], [-96.7856932, 32.7944599], [-96.7857684, 32.7945221], [-96.7857009, 32.7945798], [-96.7856837, 32.7945655], [-96.7856438, 32.7945997]]]}, "properties": {"height": 8, "night": "#7b4225"}}, {"type": "Feature", "geometry": {"type": "Polygon", "coordinates": [[[-96.7857432, 32.7944098], [-96.7858421, 32.7943289], [-96.7859197, 32.794396], [-96.7858074, 32.7944878], [-96.7857611, 32.7944478], [-96.7857745, 32.7944368], [-96.7857432, 32.7944098]]]}, "properties": {"height": 8, "night": "#7c4225"}}, {"type": "Feature", "geometry": {"type": "Polygon", "coordinates": [[[-96.7863097, 32.7942763], [-96.7864099, 32.7941902], [-96.7864701, 32.7942402], [-96.7863699, 32.7943263], [-96.7863097, 32.7942763]]]}, "properties": {"height": 8, "night": "#7d4326"}}, {"type": "Feature", "geometry": {"type": "Polygon", "coordinates": [[[-96.7868607, 32.7942306], [-96.7867701, 32.7941542], [-96.7868488, 32.7940877], [-96.7868791, 32.7941132], [-96.7869545, 32.7940494], [-96.7870077, 32.7940943], [-96.7869967, 32.7941036], [-96.78701, 32.7941148], [-96.7869254, 32.7941864], [-96.7869121, 32.7941752], [-96.786895, 32.7941897], [-96.786902, 32.7941956], [-96.7868607, 32.7942306]]]}, "properties": {"height": 8, "night": "#7d4326"}}, {"type": "Feature", "geometry": {"type": "Polygon", "coordinates": [[[-96.7873982, 32.7939512], [-96.7874762, 32.7940183], [-96.7873921, 32.7940874], [-96.7873376, 32.7940405], [-96.7873266, 32.7940495], [-96.7872489, 32.7939826], [-96.7873054, 32.7939362], [-96.7873204, 32.7939491], [-96.7873304, 32.7939409], [-96.7873696, 32.7939746], [-96.7873982, 32.7939512]]]}, "properties": {"height": 8, "night": "#7e4326"}}, {"type": "Feature", "geometry": {"type": "Polygon", "coordinates": [[[-96.788833, 32.7937719], [-96.7889163, 32.7937037], [-96.7889574, 32.7937326], [-96.7889998, 32.7936971], [-96.7890548, 32.7937425], [-96.789001, 32.793789], [-96.788977, 32.7937698], [-96.7888726, 32.7938602], [-96.7888286, 32.7938244], [-96.788841, 32.7938151], [-96.788812, 32.793789], [-96.788833, 32.7937719]]]}, "properties": {"height": 8, "night": "#7f4427"}}, {"type": "Feature", "geometry": {"type": "Polygon", "coordinates": [[[-96.7889931, 32.7936464], [-96.7891093, 32.7935523], [-96.7891498, 32.7935846], [-96.7891699, 32.7935699], [-96.7891916, 32.7935762], [-96.7892097, 32.7935884], [-96.7892145, 32.793604], [-96.7890857, 32.7937194], [-96.7889931, 32.7936464]]]}, "properties": {"height": 8, "night": "#804527"}}, {"type": "Feature", "geometry": {"type": "Polygon", "coordinates": [[[-96.7880173, 32.7933691], [-96.7880624, 32.7933326], [-96.788196, 32.7934502], [-96.7881079, 32.7935216], [-96.787997, 32.7934239], [-96.7880399, 32.7933891], [-96.7880173, 32.7933691]]]}, "properties": {"height": 8, "night": "#804527"}}, {"type": "Feature", "geometry": {"type": "Polygon", "coordinates": [[[-96.7886841, 32.793392], [-96.7886374, 32.793352], [-96.7886066, 32.7933776], [-96.7885651, 32.793342], [-96.7886299, 32.793288], [-96.788644, 32.7933001], [-96.7887558, 32.7932071], [-96.7888294, 32.7932702], [-96.7887185, 32.7933513], [-96.7887257, 32.7933575], [-96.7886841, 32.793392]]]}, "properties": {"height": 8, "night": "#804527"}}, {"type": "Feature", "geometry": {"type": "Polygon", "coordinates": [[[-96.7876304, 32.7931425], [-96.7876637, 32.7931133], [-96.7875478, 32.7930199], [-96.787615, 32.7929609], [-96.7877332, 32.7930562], [-96.787692, 32.7930924], [-96.7877398, 32.7931309], [-96.7876805, 32.7931829], [-96.7876304, 32.7931425]]]}, "properties": {"height": 8, "night": "#804527"}}, {"type": "Feature", "geometry": {"type": "Polygon", "coordinates": [[[-96.7770353, 32.7979899], [-96.7768552, 32.7978341], [-96.7768777, 32.7978156], [-96.776867, 32.7978063], [-96.7769311, 32.7977535], [-96.776977, 32.7977933], [-96.7769573, 32.7978095], [-96.7769933, 32.7978406], [-96.7770077, 32.7978287], [-96.777074, 32.7978862], [-96.7770479, 32.7979077], [-96.7770904, 32.7979445], [-96.7770353, 32.7979899]]]}, "properties": {"height": 8, "night": "#6b381f"}}, {"type": "Feature", "geometry": {"type": "Polygon", "coordinates": [[[-96.776219, 32.7977447], [-96.7762951, 32.7976877], [-96.7763772, 32.797766], [-96.7763423, 32.7977921], [-96.7763569, 32.797806], [-96.7763157, 32.7978369], [-96.776219, 32.7977447]]]}, "properties": {"height": 8, "night": "#6b381f"}}, {"type": "Feature", "geometry": {"type": "Polygon", "coordinates": [[[-96.7738831, 32.7975435], [-96.7741072, 32.7973718], [-96.7741327, 32.7973953], [-96.7741538, 32.7973792], [-96.7741854, 32.7974083], [-96.7741635, 32.7974251], [-96.7741787, 32.7974391], [-96.7739554, 32.7976102], [-96.7738831, 32.7975435]]]}, "properties": {"height": 8, "night": "#68371e"}}, {"type": "Feature", "geometry": {"type": "Polygon", "coordinates": [[[-96.7766186, 32.7970477], [-96.7766674, 32.7970052], [-96.7767495, 32.7970724], [-96.7766527, 32.7971568], [-96.7766038, 32.7971167], [-96.7766518, 32.7970749], [-96.7766186, 32.7970477]]]}, "properties": {"height": 8, "night": "#6c3920"}}, {"type": "Feature", "geometry": {"type": "Polygon", "coordinates": [[[-96.7736567, 32.7956165], [-96.7737243, 32.7955591], [-96.7737711, 32.7955984], [-96.7737035, 32.7956558], [-96.7736567, 32.7956165]]]}, "properties": {"height": 8, "night": "#6b381f"}}, {"type": "Feature", "geometry": {"type": "Polygon", "coordinates": [[[-96.7735693, 32.795383], [-96.7734331, 32.795275], [-96.7735378, 32.7951855], [-96.7735716, 32.7952138], [-96.7735826, 32.7952045], [-96.7736815, 32.7952872], [-96.7735693, 32.795383]]]}, "properties": {"height": 8, "night": "#6b381f"}}, {"type": "Feature", "geometry": {"type": "Polygon", "coordinates": [[[-96.7730993, 32.7950992], [-96.7730906, 32.7950917], [-96.7730776, 32.7951024], [-96.7729368, 32.7949808], [-96.7730343, 32.794901], [-96.7731838, 32.7950301], [-96.7730993, 32.7950992]]]}, "properties": {"height": 8, "night": "#6b381f"}}, {"type": "Feature", "geometry": {"type": "Polygon", "coordinates": [[[-96.7778489, 32.7950378], [-96.7778321, 32.795023], [-96.7778236, 32.7950298], [-96.7777797, 32.7949912], [-96.7777865, 32.7949857], [-96.7776912, 32.7949019], [-96.7777673, 32.7948409], [-96.7778567, 32.7949195], [-96.7778635, 32.7949141], [-96.77793, 32.7949726], [-96.7778489, 32.7950378]]]}, "properties": {"height": 8, "night": "#723c22"}}, {"type": "Feature", "geometry": {"type": "Polygon", "coordinates": [[[-96.7742071, 32.7946598], [-96.7742304, 32.7946412], [-96.7742503, 32.794659], [-96.7742883, 32.7946288], [-96.774374, 32.7947056], [-96.7743281, 32.794742], [-96.7743441, 32.7947564], [-96.7742898, 32.7947996], [-96.7741684, 32.7946906], [-96.7742071, 32.7946598]]]}, "properties": {"height": 8, "night": "#6d3a20"}}, {"type": "Feature", "geometry": {"type": "Polygon", "coordinates": [[[-96.7730247, 32.7941751], [-96.7730943, 32.7942356], [-96.7730364, 32.7942789], [-96.7729702, 32.7942158], [-96.7730247, 32.7941751]]]}, "properties": {"height": 8, "night": "#6c3920"}}, {"type": "Feature", "geometry": {"type": "Polygon", "coordinates": [[[-96.7722482, 32.7932857], [-96.7721925, 32.7932388], [-96.7722587, 32.7931826], [-96.7722821, 32.7932023], [-96.7723287, 32.7931628], [-96.7723409, 32.7931732], [-96.7724034, 32.7931202], [-96.7724822, 32.7931865], [-96.7722795, 32.7933584], [-96.7722218, 32.7933099], [-96.7722482, 32.7932857]]]}, "properties": {"height": 8, "night": "#6c3920"}}, {"type": "Feature", "geometry": {"type": "Polygon", "coordinates": [[[-96.7721835, 32.792305], [-96.7722004, 32.7922918], [-96.7722622, 32.7923481], [-96.7721493, 32.7924365], [-96.7720875, 32.7923802], [-96.7721835, 32.792305]]]}, "properties": {"height": 8, "night": "#6d3a20"}}, {"type": "Feature", "geometry": {"type": "Polygon", "coordinates": [[[-96.7875521, 32.8015466], [-96.7875615, 32.8015384], [-96.7876311, 32.8015954], [-96.7875902, 32.8016311], [-96.7876097, 32.8016471], [-96.7875514, 32.8016979], [-96.7874622, 32.8016248], [-96.7875521, 32.8015466]]]}, "properties": {"height": 8, "night": "#6c3920"}}, {"type": "Feature", "geometry": {"type": "Polygon", "coordinates": [[[-96.7832461, 32.801259], [-96.7833184, 32.8011969], [-96.7834812, 32.8013307], [-96.7836634, 32.8014804], [-96.7835911, 32.8015426], [-96.7832461, 32.801259]]]}, "properties": {"height": 8, "night": "#6a381f"}}, {"type": "Feature", "geometry": {"type": "Polygon", "coordinates": [[[-96.7739911, 32.8009787], [-96.7740811, 32.8008982], [-96.7741611, 32.8009669], [-96.7740642, 32.8010473], [-96.7739911, 32.8009787]]]}, "properties": {"height": 8, "night": "#61331c"}}, {"type": "Feature", "geometry": {"type": "Polygon", "coordinates": [[[-96.7738053, 32.8008297], [-96.7738688, 32.8007765], [-96.7739382, 32.8008358], [-96.7738746, 32.8008889], [-96.7738053, 32.8008297]]]}, "properties": {"height": 8, "night": "#61331c"}}, {"type": "Feature", "geometry": {"type": "Polygon", "coordinates": [[[-96.7739732, 32.800583], [-96.7740347, 32.8005275], [-96.7740854, 32.8005676], [-96.7740238, 32.8006231], [-96.7739732, 32.800583]]]}, "properties": {"height": 8, "night": "#62331c"}}, {"type": "Feature", "geometry": {"type": "Polygon", "coordinates": [[[-96.7742766, 32.8004432], [-96.7743758, 32.8003608], [-96.774425, 32.800403], [-96.7743257, 32.8004854], [-96.7742766, 32.8004432]]]}, "properties": {"height": 8, "night": "#63341c"}}, {"type": "Feature", "geometry": {"type": "Polygon", "coordinates": [[[-96.7732927, 32.8001326], [-96.7733645, 32.800074], [-96.7734733, 32.8001679], [-96.7734676, 32.8001726], [-96.7734848, 32.8001875], [-96.7734374, 32.8002263], [-96.773419, 32.8002104], [-96.7734048, 32.800222], [-96.7733811, 32.8002016], [-96.7733696, 32.8002111], [-96.7733275, 32.8001747], [-96.7733347, 32.8001689], [-96.7732927, 32.8001326]]]}, "properties": {"height": 8, "night": "#62331c"}}, {"type": "Feature", "geometry": {"type": "Polygon", "coordinates": [[[-96.7871638, 32.8001568], [-96.7872475, 32.8000857], [-96.787327, 32.8001526], [-96.7872472, 32.8002228], [-96.7871638, 32.8001568]]]}, "properties": {"height": 8, "night": "#6f3b21"}}, {"type": "Feature", "geometry": {"type": "Polygon", "coordinates": [[[-96.7728702, 32.79969], [-96.772908, 32.7996608], [-96.7729287, 32.7996799], [-96.7729517, 32.7996622], [-96.7730787, 32.7997796], [-96.7730653, 32.79979], [-96.7730834, 32.7998067], [-96.7729996, 32.7998714], [-96.7728506, 32.7997337], [-96.772887, 32.7997056], [-96.7728702, 32.79969]]]}, "properties": {"height": 8, "night": "#62331c"}}, {"type": "Feature", "geometry": {"type": "Polygon", "coordinates": [[[-96.7731772, 32.7994521], [-96.7732124, 32.7994241], [-96.7733274, 32.7995271], [-96.7732326, 32.7996026], [-96.7731176, 32.7994996], [-96.7731772, 32.7994521]]]}, "properties": {"height": 8, "night": "#63341d"}}, {"type": "Feature", "geometry": {"type": "Polygon", "coordinates": [[[-96.7751479, 32.7994663], [-96.7751256, 32.7994461], [-96.7751184, 32.7994518], [-96.7750388, 32.7993856], [-96.7750038, 32.7993496], [-96.7750127, 32.7993426], [-96.775004, 32.7993347], [-96.7750537, 32.7992957], [-96.7750708, 32.7993112], [-96.7750885, 32.7992973], [-96.7751279, 32.7993332], [-96.7751369, 32.7993261], [-96.7751762, 32.7993618], [-96.775169, 32.7993675], [-96.775209, 32.7994039], [-96.7751732, 32.799432], [-96.7751818, 32.7994397], [-96.7751479, 32.7994663]]]}, "properties": {"height": 8, "night": "#66351e"}}, {"type": "Feature", "geometry": {"type": "Polygon", "coordinates": [[[-96.7869186, 32.7993702], [-96.7868528, 32.7993178], [-96.7868369, 32.7993308], [-96.7867214, 32.79923], [-96.7868001, 32.7991657], [-96.7869041, 32.7992663], [-96.7869167, 32.799256], [-96.7870488, 32.7993713], [-96.7869475, 32.7994541], [-96.7868838, 32.7993986], [-96.7869186, 32.7993702]]]}, "properties": {"height": 8, "night": "#713c21"}}, {"type": "Feature", "geometry": {"type": "Polygon", "coordinates": [[[-96.7742088, 32.7990237], [-96.7742694, 32.7989722], [-96.7743198, 32.7990145], [-96.7742591, 32.799066], [-96.7742088, 32.7990237]]]}, "properties": {"height": 8, "night": "#65351d"}}, {"type": "Feature", "geometry": {"type": "Polygon", "coordinates": [[[-96.7760773, 32.7987638], [-96.7760963, 32.7987479], [-96.7761034, 32.798754], [-96.7761323, 32.7987295], [-96.7761982, 32.7987859], [-96.7761354, 32.7988383], [-96.7760757, 32.7987873], [-96.7760904, 32.798775], [-96.7760773, 32.7987638]]]}, "properties": {"height": 8, "night": "#68371e"}}, {"type": "Feature", "geometry": {"type": "Polygon", "coordinates": [[[-96.7748152, 32.7984074], [-96.7747957, 32.7983902], [-96.7747867, 32.7983975], [-96.7746591, 32.7982859], [-96.7746782, 32.7982705], [-96.7746574, 32.7982522], [-96.7747006, 32.7982174], [-96.7747222, 32.7982362], [-96.774745, 32.7982178], [-96.7748679, 32.7983254], [-96.7748592, 32.7983324], [-96.7748826, 32.798353], [-96.7748152, 32.7984074]]]}, "properties": {"height": 8, "night": "#68361e"}}, {"type": "Feature", "geometry": {"type": "Polygon", "coordinates": [[[-96.7723491, 32.7981613], [-96.7723267, 32.7981418], [-96.7723043, 32.79816], [-96.7722085, 32.7980767], [-96.7722358, 32.7980544], [-96.7722128, 32.7980344], [-96.7722571, 32.7979985], [-96.7722719, 32.7980113], [-96.7722999, 32.7979885], [-96.7724041, 32.7980791], [-96.7723932, 32.798088], [-96.7724154, 32.7981074], [-96.7723491, 32.7981613]]]}, "properties": {"height": 8, "night": "#64341d"}}, {"type": "Feature", "geometry": {"type": "Polygon", "coordinates": [[[-96.7720497, 32.7690199], [-96.7721042, 32.7689716], [-96.7721156, 32.7689808], [-96.7721376, 32.7689613], [-96.7721844, 32.768999], [-96.7721906, 32.7689935], [-96.7722688, 32.7690565], [-96.7721832, 32.7691423], [-96.7721378, 32.7691058], [-96.7721466, 32.7690979], [-96.7720497, 32.7690199]]]}, "properties": {"height": 8, "night": "#6c3920"}}, {"type": "Feature", "geometry": {"type": "Polygon", "coordinates": [[[-96.7735692, 32.7686674], [-96.7737164, 32.7687874], [-96.7736138, 32.7688726], [-96.7735568, 32.7688236], [-96.7735752, 32.7688083], [-96.7734889, 32.7687341], [-96.7735692, 32.7686674]]]}, "properties": {"height": 8, "night": "#6e3a20"}}, {"type": "Feature", "geometry": {"type": "Polygon", "coordinates": [[[-96.775768, 32.7683499], [-96.7758307, 32.7683309], [-96.7758986, 32.7684911], [-96.7758359, 32.7685101], [-96.775768, 32.7683499]]]}, "properties": {"height": 8, "night": "#713c21"}}, {"type": "Feature", "geometry": {"type": "Polygon", "coordinates": [[[-96.7743892, 32.7679485], [-96.7744382, 32.7679074], [-96.7746202, 32.7680621], [-96.7745114, 32.7681534], [-96.7744693, 32.7681176], [-96.7744782, 32.7681102], [-96.7744455, 32.7680824], [-96.7744555, 32.7680741], [-96.7743513, 32.7679802], [-96.7743892, 32.7679485]]]}, "properties": {"height": 8, "night": "#6e3a20"}}, {"type": "Feature", "geometry": {"type": "Polygon", "coordinates": [[[-96.7757947, 32.767521], [-96.7758078, 32.7675097], [-96.7760652, 32.7677245], [-96.7759451, 32.7678273], [-96.7756876, 32.7676126], [-96.7757947, 32.767521]]]}, "properties": {"height": 8, "night": "#6f3b21"}}, {"type": "Feature", "geometry": {"type": "Polygon", "coordinates": [[[-96.773047, 32.7672724], [-96.7730991, 32.7672247], [-96.7731758, 32.7672844], [-96.7731648, 32.7672945], [-96.7732395, 32.7673527], [-96.7731428, 32.7674414], [-96.7729913, 32.7673235], [-96.773047, 32.7672724]]]}, "properties": {"height": 8, "night": "#6b381f"}}, {"type": "Feature", "geometry": {"type": "Polygon", "coordinates": [[[-96.7744125, 32.7669827], [-96.7744921, 32.7669121], [-96.7746331, 32.7670171], [-96.7745465, 32.7670987], [-96.7744312, 32.7670059], [-96.774436, 32.7670016], [-96.7744125, 32.7669827]]]}, "properties": {"height": 8, "night": "#6c3920"}}, {"type": "Feature", "geometry": {"type": "Polygon", "coordinates": [[[-96.7749695, 32.7667099], [-96.7749423, 32.7666874], [-96.7749189, 32.7667076], [-96.774869, 32.7666663], [-96.7749178, 32.7666242], [-96.7748854, 32.7665975], [-96.7749289, 32.7665599], [-96.7749476, 32.7665754], [-96.7749735, 32.7665531], [-96.7750639, 32.7666278], [-96.7749929, 32.7666784], [-96.7749996, 32.7666839], [-96.7749695, 32.7667099]]]}, "properties": {"height": 8, "night": "#6c3920"}}, {"type": "Feature", "geometry": {"type": "Polygon", "coordinates": [[[-96.7730986, 32.7663019], [-96.7730905, 32.7663082], [-96.7730033, 32.7662331], [-96.7730887, 32.7661623], [-96.7731347, 32.7662018], [-96.7731452, 32.7661931], [-96.7732816, 32.7663201], [-96.7731991, 32.7663884], [-96.7730986, 32.7663019]]]}, "properties": {"height": 8, "night": "#69371f"}}, {"type": "Feature", "geometry": {"type": "Polygon", "coordinates": [[[-96.7733104, 32.7660227], [-96.7734022, 32.7659423], [-96.7735593, 32.7660703], [-96.7735213, 32.7661036], [-96.773538, 32.7661172], [-96.7734749, 32.7661725], [-96.7734036, 32.7661144], [-96.7734129, 32.7661062], [-96.7733104, 32.7660227]]]}, "properties": {"height": 8, "night": "#69371f"}}, {"type": "Feature", "geometry": {"type": "Polygon", "coordinates": [[[-96.7720215, 32.7652317], [-96.7720694, 32.7651903], [-96.7723402, 32.7654136], [-96.7722653, 32.7654785], [-96.7722015, 32.7654259], [-96.7722286, 32.7654024], [-96.7720215, 32.7652317]]]}, "properties": {"height": 8, "night": "#66351e"}}, {"type": "Feature", "geometry": {"type": "Polygon", "coordinates": [[[-96.772072, 32.76474], [-96.7719675, 32.764659], [-96.7720446, 32.7645796], [-96.7721563, 32.7646663], [-96.7721298, 32.7646907], [-96.7721451, 32.7647026], [-96.7721102, 32.7647347], [-96.7720926, 32.764721], [-96.772072, 32.76474]]]}, "properties": {"height": 8, "night": "#65351d"}}, {"type": "Feature", "geometry": {"type": "Polygon", "coordinates": [[[-96.772718, 32.7618659], [-96.7728026, 32.7617881], [-96.7728657, 32.761837], [-96.7728416, 32.7618591], [-96.7729067, 32.7619097], [-96.7728461, 32.7619653], [-96.772718, 32.7618659]]]}, "properties": {"height": 8, "night": "#61321c"}}, {"type": "Feature", "geometry": {"type": "Polygon", "coordinates": [[[-96.7748624, 32.7800438], [-96.7746518, 32.7798881], [-96.774496, 32.7800385], [-96.7743791, 32.779952], [-96.7745073, 32.7798283], [-96.7744527, 32.7797879], [-96.7745937, 32.7796517], [-96.7743938, 32.7795039], [-96.7744304, 32.7794685], [-96.7744669, 32.7794956], [-96.7744828, 32.7794802], [-96.7748196, 32.7797292], [-96.7748027, 32.7797456], [-96.7750415, 32.7799213], [-96.7748919, 32.7800655], [-96.7748624, 32.7800438]]]}, "properties": {"height": 8, "night": "#7b4225"}}, {"type": "Feature", "geometry": {"type": "Polygon", "coordinates": [[[-96.7770847, 32.7796266], [-96.777054, 32.7796065], [-96.7770449, 32.7796164], [-96.7769783, 32.7795729], [-96.7770085, 32.77954], [-96.7769969, 32.7795324], [-96.7770512, 32.7794731], [-96.7771601, 32.7795443], [-96.7770847, 32.7796266]]]}, "properties": {"height": 8, "night": "#804427"}}, {"type": "Feature", "geometry": {"type": "Polygon", "coordinates": [[[-96.7776298, 32.7783383], [-96.7776657, 32.7783003], [-96.7777061, 32.7783256], [-96.7777328, 32.7782975], [-96.7777494, 32.778308], [-96.7777627, 32.7782961], [-96.7778024, 32.7783269], [-96.7777658, 32.778366], [-96.7777832, 32.7783772], [-96.777746, 32.7784173], [-96.7776298, 32.7783383]]]}, "properties": {"height": 8, "night": "#804527"}}, {"type": "Feature", "geometry": {"type": "Polygon", "coordinates": [[[-96.7723144, 32.7774756], [-96.7717753, 32.7770214], [-96.7717852, 32.7770131], [-96.7714538, 32.7767339], [-96.7716034, 32.7766072], [-96.7719401, 32.7768908], [-96.771863, 32.7769561], [-96.7720091, 32.7770793], [-96.7720533, 32.7770419], [-96.7722947, 32.7772453], [-96.7722618, 32.7772731], [-96.7724079, 32.7773963], [-96.7723144, 32.7774756]]]}, "properties": {"height": 8, "night": "#743e23"}}, {"type": "Feature", "geometry": {"type": "Polygon", "coordinates": [[[-96.7769083, 32.7769008], [-96.7767933, 32.7767457], [-96.7768526, 32.7767117], [-96.7768802, 32.7767461], [-96.7769114, 32.7767282], [-96.7767705, 32.7765529], [-96.7773022, 32.7762477], [-96.7773139, 32.7762623], [-96.7773443, 32.7762448], [-96.7775533, 32.7765046], [-96.7775381, 32.7765133], [-96.7775595, 32.7765398], [-96.7770192, 32.7768499], [-96.7770122, 32.7768412], [-96.7769083, 32.7769008]]]}, "properties": {"height": 8, "night": "#7e4426"}}, {"type": "Feature", "geometry": {"type": "Polygon", "coordinates": [[[-96.7736802, 32.7762488], [-96.7736267, 32.7762046], [-96.7737531, 32.7760952], [-96.7738026, 32.776136], [-96.773784, 32.7761521], [-96.7737966, 32.7761625], [-96.7737082, 32.7762389], [-96.7736998, 32.7762319], [-96.7736802, 32.7762488]]]}, "properties": {"height": 8, "night": "#773f24"}}, {"type": "Feature", "geometry": {"type": "Polygon", "coordinates": [[[-96.7776613, 32.7747784], [-96.7777667, 32.7747033], [-96.7778112, 32.7747478], [-96.7777499, 32.7747915], [-96.7777568, 32.7747984], [-96.7777128, 32.7748298], [-96.7776613, 32.7747784]]]}, "properties": {"height": 8, "night": "#7d4326"}}, {"type": "Feature", "geometry": {"type": "Polygon", "coordinates": [[[-96.7726912, 32.7740734], [-96.7728195, 32.773967], [-96.7727317, 32.7738913], [-96.7728104, 32.7738261], [-96.7729777, 32.7739701], [-96.7727641, 32.7741361], [-96.7726912, 32.7740734]]]}, "properties": {"height": 8, "night": "#733d22"}}, {"type": "Feature", "geometry": {"type": "Polygon", "coordinates": [[[-96.7746419, 32.773058], [-96.7746968, 32.7730124], [-96.7747167, 32.7730296], [-96.7747258, 32.7730221], [-96.7748134, 32.7730974], [-96.7747136, 32.7731802], [-96.7746374, 32.7731147], [-96.7746733, 32.773085], [-96.7746419, 32.773058]]]}, "properties": {"height": 8, "night": "#763f23"}}, {"type": "Feature", "geometry": {"type": "Polygon", "coordinates": [[[-96.7732875, 32.7725778], [-96.7732566, 32.7725521], [-96.7732281, 32.7725766], [-96.7730541, 32.7724324], [-96.7731492, 32.7723505], [-96.7733246, 32.7724959], [-96.7733059, 32.772512], [-96.7733355, 32.7725365], [-96.7732875, 32.7725778]]]}, "properties": {"height": 8, "night": "#723d22"}}, {"type": "Feature", "geometry": {"type": "Polygon", "coordinates": [[[-96.7760963, 32.771447], [-96.775998, 32.7713343], [-96.7759558, 32.7713606], [-96.7756646, 32.7710268], [-96.7758211, 32.7709294], [-96.7757838, 32.7708867], [-96.7759451, 32.7707927], [-96.7759839, 32.770808], [-96.7759988, 32.770825], [-96.7760474, 32.7707947], [-96.7761501, 32.7709124], [-96.7761401, 32.7709186], [-96.7762322, 32.7710241], [-96.7761228, 32.7710922], [-96.7761507, 32.7711241], [-96.776038, 32.7711942], [-96.776084, 32.7712469], [-96.7761112, 32.7712299], [-96.7761363, 32.7712587], [-96.7761138, 32.7712727], [-96.7762062, 32.7713786], [-96.7760963, 32.771447]]]}, "properties": {"height": 8, "night": "#753e23"}}, {"type": "Feature", "geometry": {"type": "Polygon", "coordinates": [[[-96.7722696, 32.7699979], [-96.7721454, 32.7698923], [-96.7721717, 32.7698702], [-96.7721628, 32.7698626], [-96.772203, 32.7698289], [-96.7722175, 32.7698413], [-96.7722476, 32.7698161], [-96.7723655, 32.7699163], [-96.7723389, 32.7699386], [-96.7723531, 32.7699506], [-96.7723089, 32.7699878], [-96.7722954, 32.7699763], [-96.7722696, 32.7699979]]]}, "properties": {"height": 8, "night": "#6d3a20"}}, {"type": "Feature", "geometry": {"type": "Polygon", "coordinates": [[[-96.776679, 32.7694552], [-96.7766164, 32.7693819], [-96.7765695, 32.7694105], [-96.77651, 32.7693408], [-96.7765553, 32.7693132], [-96.7765394, 32.7692947], [-96.7767953, 32.7691388], [-96.7768278, 32.7691769], [-96.7768977, 32.7691343], [-96.7769722, 32.7692217], [-96.7769311, 32.7692467], [-96.776962, 32.7692829], [-96.776679, 32.7694552]]]}, "properties": {"height": 8, "night": "#743d22"}}, {"type": "Feature", "geometry": {"type": "Polygon", "coordinates": [[[-96.7722631, 32.7601261], [-96.7723368, 32.7600655], [-96.7724465, 32.7601607], [-96.7723728, 32.7602213], [-96.7722631, 32.7601261]]]}, "properties": {"height": 8, "night": "#5d301a"}}, {"type": "Feature", "geometry": {"type": "Polygon", "coordinates": [[[-96.7719361, 32.7581252], [-96.7718486, 32.758043], [-96.7719866, 32.7579392], [-96.7720191, 32.7579698], [-96.77203, 32.7579615], [-96.7720787, 32.7580073], [-96.7720191, 32.7580522], [-96.7720253, 32.758058], [-96.7719361, 32.7581252]]]}, "properties": {"height": 8, "night": "#582d19"}}, {"type": "Feature", "geometry": {"type": "Polygon", "coordinates": [[[-96.8143959, 32.75857], [-96.814396, 32.7585557], [-96.8143829, 32.7585556], [-96.8143865, 32.7584597], [-96.8148458, 32.7584613], [-96.8148454, 32.7585562], [-96.8148269, 32.7585562], [-96.8148268, 32.7585716], [-96.8143959, 32.75857]]]}, "properties": {"height": 8, "night": "#562c18"}}, {"type": "Feature", "geometry": {"type": "Polygon", "coordinates": [[[-96.8152113, 32.7582214], [-96.8152106, 32.7581809], [-96.8154246, 32.7581782], [-96.8154251, 32.7582081], [-96.8154605, 32.7582077], [-96.815462, 32.7582911], [-96.8152126, 32.7582942], [-96.8152113, 32.7582214]]]}, "properties": {"height": 8, "night": "#542b17"}}, {"type": "Feature", "geometry": {"type": "Polygon", "coordinates": [[[-96.8158774, 32.75781], [-96.8158778, 32.7577888], [-96.8158553, 32.7577885], [-96.8158564, 32.7577321], [-96.8158663, 32.7577322], [-96.8158667, 32.7577116], [-96.8158805, 32.7577118], [-96.8158807, 32.7577023], [-96.8159864, 32.7577037], [-96.8159868, 32.7576842], [-96.8161023, 32.7576857], [-96.8161012, 32.7577488], [-96.8160714, 32.7577484], [-96.8160711, 32.7577635], [-96.816048, 32.7577632], [-96.8160471, 32.7578123], [-96.8158774, 32.75781]]]}, "properties": {"height": 8, "night": "#532a17"}}, {"type": "Feature", "geometry": {"type": "Polygon", "coordinates": [[[-96.811523, 32.7575306], [-96.8114982, 32.7574285], [-96.8116811, 32.757397], [-96.8116789, 32.7573878], [-96.8117731, 32.7573716], [-96.8118021, 32.7574906], [-96.8117119, 32.7575061], [-96.81171, 32.7574984], [-96.811523, 32.7575306]]]}, "properties": {"height": 8, "night": "#582d18"}}, {"type": "Feature", "geometry": {"type": "Polygon", "coordinates": [[[-96.8150585, 32.7571761], [-96.8150611, 32.7569695], [-96.8154012, 32.7569726], [-96.8153987, 32.757178], [-96.8152857, 32.757177], [-96.8152814, 32.7570731], [-96.8151787, 32.7570722], [-96.815178, 32.7571298], [-96.8151683, 32.7571297], [-96.8151677, 32.7571771], [-96.8150585, 32.7571761]]]}, "properties": {"height": 8, "night": "#522a17"}}, {"type": "Feature", "geometry": {"type": "Polygon", "coordinates": [[[-96.8122476, 32.7567838], [-96.8122473, 32.7566904], [-96.8124058, 32.7566937], [-96.8124061, 32.7567865], [-96.8122476, 32.7567838]]]}, "properties": {"height": 8, "night": "#552c18"}}, {"type": "Feature", "geometry": {"type": "Polygon", "coordinates": [[[-96.8164964, 32.7566492], [-96.8164866, 32.7566446], [-96.8164873, 32.75661], [-96.8165204, 32.7566065], [-96.8165215, 32.7565474], [-96.8166476, 32.7565491], [-96.8166457, 32.7566512], [-96.8164964, 32.7566492]]]}, "properties": {"height": 8, "night": "#502816"}}, {"type": "Feature", "geometry": {"type": "Polygon", "coordinates": [[[-96.8138637, 32.7563549], [-96.8138648, 32.7562762], [-96.8140031, 32.7562775], [-96.8140027, 32.7563082], [-96.8140199, 32.7563084], [-96.8140192, 32.7563553], [-96.813995, 32.7563551], [-96.8139946, 32.7563852], [-96.8138526, 32.7563838], [-96.813853, 32.7563548], [-96.8138637, 32.7563549]]]}, "properties": {"height": 8, "night": "#522a17"}}, {"type": "Feature", "geometry": {"type": "Polygon", "coordinates": [[[-96.8118098, 32.7562628], [-96.8118173, 32.7561444], [-96.8119078, 32.7561485], [-96.8119002, 32.7562669], [-96.8118098, 32.7562628]]]}, "properties": {"height": 8, "night": "#552b17"}}, {"type": "Feature", "geometry": {"type": "Polygon", "coordinates": [[[-96.8119879, 32.7559645], [-96.8119864, 32.7558654], [-96.8120816, 32.7558644], [-96.8120822, 32.7559006], [-96.8121009, 32.7559004], [-96.8121015, 32.7559431], [-96.8120782, 32.7559434], [-96.8120785, 32.7559636], [-96.8119879, 32.7559645]]]}, "properties": {"height": 8, "night": "#542b17"}}, {"type": "Feature", "geometry": {"type": "Polygon", "coordinates": [[[-96.8101171, 32.755657], [-96.8103035, 32.7556295], [-96.8103405, 32.7558089], [-96.8101541, 32.7558364], [-96.8101171, 32.755657]]]}, "properties": {"height": 8, "night": "#562c18"}}, {"type": "Feature", "geometry": {"type": "Polygon", "coordinates": [[[-96.816478, 32.7556768], [-96.8164545, 32.7556715], [-96.8164551, 32.7556407], [-96.8165022, 32.7556413], [-96.8165031, 32.7555917], [-96.8165372, 32.7555921], [-96.8165376, 32.7555693], [-96.8166494, 32.7555708], [-96.8166486, 32.7556135], [-96.816665, 32.7556137], [-96.8166644, 32.7556455], [-96.8166515, 32.7556454], [-96.8166508, 32.7556791], [-96.816478, 32.7556768]]]}, "properties": {"height": 8, "night": "#4e2715"}}, {"type": "Feature", "geometry": {"type": "Polygon", "coordinates": [[[-96.8137346, 32.7554536], [-96.8137346, 32.7554177], [-96.8136747, 32.7554176], [-96.8136747, 32.7553325], [-96.8140143, 32.7553327], [-96.8140142, 32.7554537], [-96.8137346, 32.7554536]]]}, "properties": {"height": 8, "night": "#512916"}}, {"type": "Feature", "geometry": {"type": "Polygon", "coordinates": [[[-96.8128874, 32.7550724], [-96.8128869, 32.7549307], [-96.8130112, 32.7549304], [-96.8130117, 32.7550689], [-96.8131136, 32.7550686], [-96.8131131, 32.7549301], [-96.8132291, 32.7549298], [-96.81323, 32.7551667], [-96.8128878, 32.7551677], [-96.8128874, 32.7550724]]]}, "properties": {"height": 8, "night": "#512916"}}, {"type": "Feature", "geometry": {"type": "Polygon", "coordinates": [[[-96.8137865, 32.7546139], [-96.8139722, 32.7546131], [-96.813973, 32.7547419], [-96.8137873, 32.7547428], [-96.8137865, 32.7546139]]]}, "properties": {"height": 8, "night": "#4f2815"}}, {"type": "Feature", "geometry": {"type": "Polygon", "coordinates": [[[-96.8185264, 32.7546617], [-96.8185251, 32.754511], [-96.8185837, 32.7545106], [-96.8185836, 32.7544955], [-96.8186433, 32.7544951], [-96.8186437, 32.7545437], [-96.8186568, 32.7545436], [-96.8186574, 32.7546127], [-96.8185985, 32.754613], [-96.818599, 32.7546613], [-96.8185264, 32.7546617]]]}, "properties": {"height": 8, "night": "#492413"}}, {"type": "Feature", "geometry": {"type": "Polygon", "coordinates": [[[-96.8218776, 32.7546668], [-96.8218767, 32.7546105], [-96.8218596, 32.7546107], [-96.8218583, 32.75453], [-96.8220148, 32.7545282], [-96.8220167, 32.7546471], [-96.8220483, 32.7546467], [-96.8220466, 32.7545466], [-96.8220891, 32.7545461], [-96.8220887, 32.7545187], [-96.8221526, 32.7545179], [-96.8221549, 32.7546636], [-96.8218776, 32.7546668]]]}, "properties": {"height": 8, "night": "#442211"}}, {"type": "Feature", "geometry": {"type": "Polygon", "coordinates": [[[-96.8161521, 32.7543642], [-96.8161518, 32.7543334], [-96.815896, 32.7543345], [-96.8158951, 32.7542399], [-96.8162643, 32.7542382], [-96.8162673, 32.7545644], [-96.8158974, 32.7545661], [-96.8158966, 32.7544718], [-96.8161531, 32.7544706], [-96.8161521, 32.7543642]]]}, "properties": {"height": 8, "night": "#4c2614"}}, {"type": "Feature", "geometry": {"type": "Polygon", "coordinates": [[[-96.8180129, 32.7544121], [-96.8180144, 32.754334], [-96.818128, 32.7543356], [-96.8181265, 32.7544115], [-96.8180526, 32.7544065], [-96.8180525, 32.7544127], [-96.8180129, 32.7544121]]]}, "properties": {"height": 8, "night": "#492513"}}, {"type": "Feature", "geometry": {"type": "Polygon", "coordinates": [[[-96.8220367, 32.7541954], [-96.8221061, 32.7541929], [-96.8221099, 32.7542697], [-96.8219962, 32.7542737], [-96.8219924, 32.754197], [-96.8220367, 32.7541954]]]}, "properties": {"height": 8, "night": "#442111"}}, {"type": "Feature", "geometry": {"type": "Polygon", "coordinates": [[[-96.8171896, 32.7541635], [-96.8171933, 32.7539687], [-96.8172699, 32.7539698], [-96.8172695, 32.7539904], [-96.8173065, 32.7539909], [-96.8173039, 32.754126], [-96.8172419, 32.7541251], [-96.8172411, 32.7541642], [-96.8171896, 32.7541635]]]}, "properties": {"height": 8, "night": "#4a2513"}}, {"type": "Feature", "geometry": {"type": "Polygon", "coordinates": [[[-96.8181899, 32.7541273], [-96.8181897, 32.7539856], [-96.8182539, 32.7539855], [-96.8182539, 32.7539994], [-96.8182999, 32.7539993], [-96.8183001, 32.7541272], [-96.8181899, 32.7541273]]]}, "properties": {"height": 8, "night": "#492413"}}, {"type": "Feature", "geometry": {"type": "Polygon", "coordinates": [[[-96.8151963, 32.7540406], [-96.8151974, 32.7539183], [-96.8152745, 32.7539188], [-96.8152743, 32.7539464], [-96.8154014, 32.7539472], [-96.8154012, 32.753977], [-96.8154141, 32.7539771], [-96.8154138, 32.7540086], [-96.8154017, 32.7540085], [-96.8154014, 32.7540418], [-96.8151963, 32.7540406]]]}, "properties": {"height": 8, "night": "#4c2614"}}, {"type": "Feature", "geometry": {"type": "Polygon", "coordinates": [[[-96.8215411, 32.7540935], [-96.8215408, 32.7540525], [-96.8215205, 32.7540526], [-96.8215196, 32.7539583], [-96.821554, 32.7539581], [-96.8215538, 32.7539377], [-96.8216346, 32.7539371], [-96.8216358, 32.7540702], [-96.8215908, 32.7540705], [-96.821591, 32.7540931], [-96.8215411, 32.7540935]]]}, "properties": {"height": 8, "night": "#442111"}}, {"type": "Feature", "geometry": {"type": "Polygon", "coordinates": [[[-96.8117803, 32.7536863], [-96.8117874, 32.7535734], [-96.8118252, 32.753575], [-96.8118259, 32.7535635], [-96.8118621, 32.7535651], [-96.8118614, 32.7535765], [-96.8118843, 32.7535775], [-96.8118831, 32.753597], [-96.8118925, 32.7535974], [-96.8118851, 32.7537123], [-96.811779, 32.7537075], [-96.8117803, 32.7536863]]]}, "properties": {"height": 8, "night": "#4f2815"}}, {"type": "Feature", "geometry": {"type": "Polygon", "coordinates": [[[-96.8164711, 32.7536607], [-96.816471, 32.7535279], [-96.8164442, 32.7535279], [-96.8164443, 32.7534973], [-96.8163815, 32.7534971], [-96.8163759, 32.7534222], [-96.8164472, 32.7534223], [-96.8164471, 32.7534746], [-96.8164992, 32.7534747], [-96.8164993, 32.7534183], [-96.8165957, 32.7534249], [-96.8165964, 32.753475], [-96.8165775, 32.7534749], [-96.8165769, 32.7536722], [-96.8165247, 32.7536721], [-96.8165246, 32.7536827], [-96.8164711, 32.7536825], [-96.8164711, 32.7536607]]]}, "properties": {"height": 8, "night": "#4a2513"}}, {"type": "Feature", "geometry": {"type": "Polygon", "coordinates": [[[-96.8179671, 32.7536347], [-96.8179685, 32.7535872], [-96.8179924, 32.7535877], [-96.8179941, 32.7535295], [-96.8180153, 32.7535299], [-96.8180165, 32.7534901], [-96.8181252, 32.7534924], [-96.818121, 32.7536379], [-96.8179671, 32.7536347]]]}, "properties": {"height": 8, "night": "#482413"}}, {"type": "Feature", "geometry": {"type": "Polygon", "coordinates": [[[-96.8151901, 32.7535849], [-96.8151925, 32.7534622], [-96.8152717, 32.7534632], [-96.8152713, 32.753481], [-96.815299, 32.7534813], [-96.8152997, 32.7534468], [-96.8153658, 32.7534477], [-96.8153653, 32.753479], [-96.8154444, 32.75348], [-96.8154431, 32.7535492], [-96.8154179, 32.7535488], [-96.8154172, 32.7535879], [-96.8151901, 32.7535849]]]}, "properties": {"height": 8, "night": "#4b2614"}}, {"type": "Feature", "geometry": {"type": "Polygon", "coordinates": [[[-96.8198373, 32.7535223], [-96.8198374, 32.7535052], [-96.8199077, 32.7535055], [-96.8199076, 32.7535156], [-96.8199385, 32.7535158], [-96.8199378, 32.753626], [-96.819805, 32.7536253], [-96.8198123, 32.7535222], [-96.8198373, 32.7535223]]]}, "properties": {"height": 8, "night": "#452212"}}, {"type": "Feature", "geometry": {"type": "Polygon", "coordinates": [[[-96.8114621, 32.7532613], [-96.8114702, 32.7532614], [-96.8114684, 32.7533552], [-96.8113766, 32.753354], [-96.8113784, 32.7532602], [-96.8114621, 32.7532613]]]}, "properties": {"height": 8, "night": "#4f2815"}}, {"type": "Feature", "geometry": {"type": "Polygon", "coordinates": [[[-96.8176557, 32.7532984], [-96.8177951, 32.7532986], [-96.817795, 32.7533638], [-96.8176556, 32.7533636], [-96.8176557, 32.7532984]]]}, "properties": {"height": 8, "night": "#482413"}}, {"type": "Feature", "geometry": {"type": "Polygon", "coordinates": [[[-96.8203251, 32.7532682], [-96.8203253, 32.7532354], [-96.8202966, 32.7532353], [-96.8202968, 32.7531994], [-96.820325, 32.7531995], [-96.8203251, 32.7531796], [-96.8202968, 32.7531795], [-96.820297, 32.7531452], [-96.8204185, 32.7531457], [-96.8204184, 32.7531736], [-96.8204642, 32.7531738], [-96.8204636, 32.7532688], [-96.8203251, 32.7532682]]]}, "properties": {"height": 8, "night": "#442111"}}, {"type": "Feature", "geometry": {"type": "Polygon", "coordinates": [[[-96.8214692, 32.7530764], [-96.821631, 32.7530786], [-96.82163, 32.7531333], [-96.8216208, 32.7531332], [-96.8216201, 32.7531706], [-96.8214675, 32.7531685], [-96.8214692, 32.7530764]]]}, "properties": {"height": 8, "night": "#422011"}}, {"type": "Feature", "geometry": {"type": "Polygon", "coordinates": [[[-96.8162336, 32.7530671], [-96.8162193, 32.7530668], [-96.8162205, 32.7530287], [-96.8161929, 32.7530281], [-96.8161959, 32.7529338], [-96.8162425, 32.7529349], [-96.816243, 32.7529169], [-96.8162865, 32.7529178], [-96.8162837, 32.7530055], [-96.816277, 32.7530054], [-96.816275, 32.753068], [-96.8162336, 32.7530671]]]}, "properties": {"height": 8, "night": "#492413"}}, {"type": "Feature", "geometry": {"type": "Polygon", "coordinates": [[[-96.8192035, 32.753057], [-96.8192037, 32.7529385], [-96.8192201, 32.7529385], [-96.8192202, 32.7529144], [-96.8192952, 32.7529145], [-96.8192951, 32.7529541], [-96.8193156, 32.7529541], [-96.8193154, 32.7530307], [-96.8192614, 32.7530307], [-96.8192613, 32.7530424], [-96.819234, 32.7530424], [-96.819234, 32.7530571], [-96.8192035, 32.753057]]]}, "properties": {"height": 8, "night": "#452212"}}, {"type": "Feature", "geometry": {"type": "Polygon", "coordinates": [[[-96.8219577, 32.7529272], [-96.8221142, 32.7529255], [-96.8221157, 32.7530215], [-96.8219592, 32.7530232], [-96.8219577, 32.7529272]]]}, "properties": {"height": 8, "night": "#412010"}}, {"type": "Feature", "geometry": {"type": "Polygon", "coordinates": [[[-96.8120264, 32.7526332], [-96.8120266, 32.752586], [-96.8119633, 32.7525858], [-96.8119637, 32.7524894], [-96.8120102, 32.7524895], [-96.8120105, 32.7524263], [-96.81198, 32.7524262], [-96.8119464, 32.7524147], [-96.811947, 32.7523249], [-96.812063, 32.7523254], [-96.8120625, 32.7524008], [-96.8120743, 32.7524008], [-96.8120741, 32.7524234], [-96.81208, 32.7524234], [-96.8120791, 32.7526334], [-96.8120264, 32.7526332]]]}, "properties": {"height": 8, "night": "#4d2614"}}, {"type": "Feature", "geometry": {"type": "Polygon", "coordinates": [[[-96.8116853, 32.7525979], [-96.8116356, 32.7525801], [-96.8116323, 32.7525867], [-96.8115123, 32.7525437], [-96.8115667, 32.7524365], [-96.8117363, 32.7524974], [-96.8116853, 32.7525979]]]}, "properties": {"height": 8, "night": "#4d2715"}}, {"type": "Feature", "geometry": {"type": "Polygon", "coordinates": [[[-96.8198617, 32.7526332], [-96.819862, 32.752622], [-96.8198349, 32.7526214], [-96.8198389, 32.7524769], [-96.8199433, 32.752479], [-96.8199392, 32.752624], [-96.8199114, 32.7526234], [-96.8199111, 32.7526342], [-96.8198617, 32.7526332]]]}, "properties": {"height": 8, "night": "#442111"}}, {"type": "Feature", "geometry": {"type": "Polygon", "coordinates": [[[-96.8167885, 32.7524467], [-96.8169503, 32.7524489], [-96.8169479, 32.7525309], [-96.8167869, 32.7525287], [-96.8167885, 32.7524467]]]}, "properties": {"height": 8, "night": "#472312"}}, {"type": "Feature", "geometry": {"type": "Polygon", "coordinates": [[[-96.8158731, 32.7523265], [-96.815873, 32.7522928], [-96.8159463, 32.7522926], [-96.8159464, 32.7523176], [-96.8159954, 32.7523175], [-96.8159954, 32.7523261], [-96.8161193, 32.7523258], [-96.8161195, 32.7523812], [-96.8160678, 32.7523814], [-96.816068, 32.7524242], [-96.8158587, 32.7524247], [-96.8158584, 32.7523538], [-96.8158732, 32.7523538], [-96.8158731, 32.7523265]]]}, "properties": {"height": 8, "night": "#482413"}}, {"type": "Feature", "geometry": {"type": "Polygon", "coordinates": [[[-96.8184208, 32.7523135], [-96.8185974, 32.7523146], [-96.8185968, 32.7523833], [-96.8185674, 32.7523914], [-96.8185674, 32.7524014], [-96.8184201, 32.7524005], [-96.8184208, 32.7523135]]]}, "properties": {"height": 8, "night": "#452212"}}, {"type": "Feature", "geometry": {"type": "Polygon", "coordinates": [[[-96.8168003, 32.7521904], [-96.8168007, 32.7521565], [-96.8169396, 32.7521577], [-96.8169393, 32.7521848], [-96.8169794, 32.7521851], [-96.8169782, 32.7522839], [-96.8169267, 32.7522835], [-96.8169269, 32.7522704], [-96.8167875, 32.7522665], [-96.8167884, 32.7521926], [-96.8168003, 32.7521904]]]}, "properties": {"height": 8, "night": "#472312"}}, {"type": "Feature", "geometry": {"type": "Polygon", "coordinates": [[[-96.8159034, 32.7520725], [-96.8159041, 32.7520379], [-96.8159681, 32.7520388], [-96.8159676, 32.7520689], [-96.8160257, 32.7520697], [-96.8160242, 32.7521495], [-96.8158617, 32.7521473], [-96.8158658, 32.752072], [-96.8159034, 32.7520725]]]}, "properties": {"height": 8, "night": "#482313"}}, {"type": "Feature", "geometry": {"type": "Polygon", "coordinates": [[[-96.8180537, 32.7521168], [-96.8180541, 32.7520951], [-96.8180382, 32.7520949], [-96.8180394, 32.7520351], [-96.8180493, 32.7520353], [-96.8180494, 32.7520269], [-96.8182205, 32.7520292], [-96.8182188, 32.7521191], [-96.8180537, 32.7521168]]]}, "properties": {"height": 8, "night": "#452212"}}, {"type": "Feature", "geometry": {"type": "Polygon", "coordinates": [[[-96.8198765, 32.7520654], [-96.8198778, 32.751965], [-96.820015, 32.7519663], [-96.8200149, 32.751978], [-96.8200294, 32.7519781], [-96.8200284, 32.7520496], [-96.8200161, 32.7520495], [-96.8200158, 32.7520668], [-96.8198765, 32.7520654]]]}, "properties": {"height": 8, "night": "#422011"}}, {"type": "Feature", "geometry": {"type": "Polygon", "coordinates": [[[-96.8179592, 32.7519549], [-96.8179619, 32.7518879], [-96.818, 32.751889], [-96.8180009, 32.7518678], [-96.8181689, 32.7518698], [-96.818169, 32.751938], [-96.8181457, 32.7519384], [-96.8181458, 32.7519459], [-96.8180002, 32.7519419], [-96.8179997, 32.7519561], [-96.8179592, 32.7519549]]]}, "properties": {"height": 8, "night": "#452212"}}, {"type": "Feature", "geometry": {"type": "Polygon", "coordinates": [[[-96.8110647, 32.7516481], [-96.811129, 32.751649], [-96.8111269, 32.7517573], [-96.8110347, 32.7517561], [-96.8110368, 32.7516477], [-96.8110647, 32.7516481]]]}, "properties": {"height": 8, "night": "#4c2614"}}, {"type": "Feature", "geometry": {"type": "Polygon", "coordinates": [[[-96.819213, 32.7516712], [-96.8193553, 32.7516713], [-96.8193552, 32.7517608], [-96.8191923, 32.7517606], [-96.8191923, 32.7517218], [-96.8192129, 32.7517218], [-96.819213, 32.7516712]]]}, "properties": {"height": 8, "night": "#432111"}}, {"type": "Feature", "geometry": {"type": "Polygon", "coordinates": [[[-96.8078979, 32.757384], [-96.8079057, 32.7573841], [-96.8079055, 32.7574694], [-96.807813, 32.7574692], [-96.8078132, 32.7573839], [-96.8078979, 32.757384]]]}, "properties": {"height": 8, "night": "#5c2f1a"}}, {"type": "Feature", "geometry": {"type": "Polygon", "coordinates": [[[-96.8089394, 32.756304], [-96.8089392, 32.7562701], [-96.8089031, 32.7562702], [-96.8089025, 32.7561658], [-96.8089771, 32.7561655], [-96.8089772, 32.7561853], [-96.8089918, 32.7561853], [-96.8089924, 32.7563037], [-96.8089394, 32.756304]]]}, "properties": {"height": 8, "night": "#582d18"}}, {"type": "Feature", "geometry": {"type": "Polygon", "coordinates": [[[-96.804887, 32.7555307], [-96.8048872, 32.7555157], [-96.8048691, 32.7555156], [-96.8048693, 32.7554841], [-96.8048808, 32.7554841], [-96.804881, 32.7554616], [-96.8050177, 32.7554622], [-96.8050175, 32.7554868], [-96.8050172, 32.7555314], [-96.8049604, 32.7555311], [-96.804887, 32.7555307]]]}, "properties": {"height": 8, "night": "#5a2e19"}}, {"type": "Feature", "geometry": {"type": "Polygon", "coordinates": [[[-96.8051674, 32.7550687], [-96.8053663, 32.7550658], [-96.8053678, 32.7551395], [-96.8051689, 32.7551424], [-96.8051674, 32.7550687]]]}, "properties": {"height": 8, "night": "#592e19"}}, {"type": "Feature", "geometry": {"type": "Polygon", "coordinates": [[[-96.8044463, 32.7543716], [-96.8046151, 32.7543728], [-96.8046149, 32.7544161], [-96.8045486, 32.7544169], [-96.8045486, 32.7544562], [-96.8044823, 32.7544564], [-96.8044806, 32.7544362], [-96.8044485, 32.7544346], [-96.8044463, 32.7543716]]]}, "properties": {"height": 8, "night": "#582d18"}}, {"type": "Feature", "geometry": {"type": "Polygon", "coordinates": [[[-96.8062817, 32.7539707], [-96.8062829, 32.7539392], [-96.8063112, 32.7539233], [-96.8063386, 32.7539579], [-96.8063474, 32.7539529], [-96.8064113, 32.7540337], [-96.8063371, 32.7540756], [-96.8062791, 32.7540023], [-96.8062981, 32.7539915], [-96.8062817, 32.7539707]]]}, "properties": {"height": 8, "night": "#552c18"}}, {"type": "Feature", "geometry": {"type": "Polygon", "coordinates": [[[-96.8028629, 32.7533291], [-96.8028629, 32.7533226], [-96.8028518, 32.7533227], [-96.8028518, 32.7533097], [-96.8028633, 32.7533096], [-96.8028632, 32.7532981], [-96.8030543, 32.753301], [-96.8030546, 32.7533693], [-96.802857, 32.7533699], [-96.8028571, 32.753394], [-96.8027917, 32.7533942], [-96.8027915, 32.7533546], [-96.8028492, 32.7533544], [-96.8028491, 32.7533292], [-96.8028629, 32.7533291]]]}, "properties": {"height": 8, "night": "#572c18"}}, {"type": "Feature", "geometry": {"type": "Polygon", "coordinates": [[[-96.807087, 32.7530825], [-96.8070834, 32.7527704], [-96.8070532, 32.7527397], [-96.8070017, 32.7527766], [-96.8069313, 32.7527184], [-96.8067358, 32.7528849], [-96.8067042, 32.7528563], [-96.8066717, 32.7528849], [-96.8066405, 32.7528569], [-96.8066063, 32.752885], [-96.806574, 32.7528574], [-96.8065409, 32.7528846], [-96.8065106, 32.7528583], [-96.8064749, 32.7528861], [-96.8062833, 32.7527218], [-96.8062424, 32.7527536], [-96.8063117, 32.7528094], [-96.8062695, 32.7528394], [-96.8062063, 32.7527837], [-96.8061925, 32.7527928], [-96.8060185, 32.7526726], [-96.8060188, 32.7524035], [-96.8059655, 32.7524063], [-96.8059684, 32.7522891], [-96.80602, 32.7522898], [-96.8060196, 32.7521657], [-96.8058054, 32.7519852], [-96.8061658, 32.7516812], [-96.806353, 32.7518281], [-96.8064051, 32.7517826], [-96.8067631, 32.7517855], [-96.8068089, 32.7518219], [-96.8069349, 32.7518233], [-96.8069349, 32.7517136], [-96.8069992, 32.7517113], [-96.8069988, 32.7518245], [-96.8073947, 32.7518241], [-96.8073952, 32.7517127], [-96.8074624, 32.7517133], [-96.8074597, 32.7518233], [-96.8075505, 32.7518242], [-96.8075503, 32.7518548], [-96.8075885, 32.7518562], [-96.8075899, 32.7518351], [-96.8078193, 32.751831], [-96.8078328, 32.7520353], [-96.8077016, 32.7520335], [-96.8077018, 32.7520769], [-96.8076489, 32.7520767], [-96.8076473, 32.7521503], [-96.8076787, 32.752151], [-96.8076777, 32.7523231], [-96.8076474, 32.7523225], [-96.8076463, 32.7524347], [-96.8071585, 32.7524331], [-96.8071594, 32.7524187], [-96.8071167, 32.7524192], [-96.8071126, 32.7526735], [-96.8072436, 32.7527732], [-96.8074287, 32.7527728], [-96.8074286, 32.753084], [-96.807087, 32.7530825]]]}, "properties": {"height": 8, "night": "#512916"}}, {"type": "Feature", "geometry": {"type": "Polygon", "coordinates": [[[-96.8039995, 32.7527292], [-96.803997, 32.7526903], [-96.8040164, 32.7526894], [-96.8040155, 32.7526759], [-96.8039998, 32.7526767], [-96.8039977, 32.7526462], [-96.8040619, 32.7526431], [-96.8040632, 32.7526639], [-96.8041701, 32.752653], [-96.8041728, 32.7526936], [-96.8042038, 32.7526921], [-96.8042056, 32.7527195], [-96.8039995, 32.7527292]]]}, "properties": {"height": 8, "night": "#542b17"}}, {"type": "Feature", "geometry": {"type": "Polygon", "coordinates": [[[-96.8057601, 32.7523439], [-96.8059451, 32.7523442], [-96.8059448, 32.7525005], [-96.8057598, 32.7525002], [-96.8057601, 32.7523439]]]}, "properties": {"height": 8, "night": "#522a16"}}, {"type": "Feature", "geometry": {"type": "Polygon", "coordinates": [[[-96.8039472, 32.7523104], [-96.8039486, 32.7522644], [-96.8039697, 32.7522649], [-96.8039702, 32.7522479], [-96.8040011, 32.7522485], [-96.8040021, 32.752216], [-96.8040376, 32.7522167], [-96.8040366, 32.7522494], [-96.8040775, 32.7522502], [-96.8040765, 32.7522828], [-96.8040968, 32.7522832], [-96.8040962, 32.7523033], [-96.8040725, 32.7523028], [-96.8040722, 32.7523129], [-96.8039472, 32.7523104]]]}, "properties": {"height": 8, "night": "#532a17"}}, {"type": "Feature", "geometry": {"type": "Polygon", "coordinates": [[[-96.8012003, 32.7521247], [-96.8011974, 32.7520419], [-96.8013187, 32.7520388], [-96.8013184, 32.7520303], [-96.801399, 32.7520283], [-96.801398, 32.7520007], [-96.801465, 32.751999], [-96.801467, 32.7520557], [-96.8014745, 32.7520555], [-96.8014717, 32.7521048], [-96.8013653, 32.7521074], [-96.8013658, 32.7521206], [-96.8012003, 32.7521247]]]}, "properties": {"height": 8, "night": "#542b17"}}, {"type": "Feature", "geometry": {"type": "Polygon", "coordinates": [[[-96.8021251, 32.751806], [-96.8021253, 32.7517666], [-96.8022396, 32.7517671], [-96.8022395, 32.7517782], [-96.8022625, 32.7517783], [-96.8022622, 32.7518276], [-96.8022404, 32.7518275], [-96.8022403, 32.7518413], [-96.8021662, 32.751841], [-96.802166, 32.751867], [-96.8021024, 32.7518667], [-96.8021027, 32.7518059], [-96.8021251, 32.751806]]]}, "properties": {"height": 8, "night": "#532a17"}}, {"type": "Feature", "geometry": {"type": "Polygon", "coordinates": [[[-96.7971821, 32.7591689], [-96.797345, 32.758976], [-96.7976749, 32.7591612], [-96.797518, 32.7593618], [-96.7971821, 32.7591689]]]}, "properties": {"height": 8, "night": "#67361e"}}, {"type": "Feature", "geometry": {"type": "Polygon", "coordinates": [[[-96.7931729, 32.7591436], [-96.7931278, 32.7591272], [-96.7931344, 32.7591142], [-96.793101, 32.759102], [-96.7931451, 32.7590156], [-96.7932585, 32.7590568], [-96.7932144, 32.7591434], [-96.7931795, 32.7591307], [-96.7931729, 32.7591436]]]}, "properties": {"height": 8, "night": "#68371e"}}, {"type": "Feature", "geometry": {"type": "Polygon", "coordinates": [[[-96.774231, 32.7586638], [-96.774164, 32.7586034], [-96.7742828, 32.7585092], [-96.7743105, 32.7585342], [-96.7743193, 32.7585272], [-96.7743622, 32.7585659], [-96.774231, 32.7586638]]]}, "properties": {"height": 8, "night": "#5c2f1a"}}, {"type": "Feature", "geometry": {"type": "Polygon", "coordinates": [[[-96.7810917, 32.7585721], [-96.7811898, 32.7584881], [-96.781336, 32.7586099], [-96.7812379, 32.758694], [-96.7810917, 32.7585721]]]}, "properties": {"height": 8, "night": "#63331c"}}, {"type": "Feature", "geometry": {"type": "Polygon", "coordinates": [[[-96.7738846, 32.7582603], [-96.7739379, 32.758213], [-96.774029, 32.7582862], [-96.7739009, 32.7584], [-96.7738246, 32.7583387], [-96.7738994, 32.7582722], [-96.7738846, 32.7582603]]]}, "properties": {"height": 8, "night": "#5b2f1a"}}, {"type": "Feature", "geometry": {"type": "Polygon", "coordinates": [[[-96.7737317, 32.7581161], [-96.7736617, 32.7580634], [-96.7736541, 32.7580706], [-96.7735997, 32.7580296], [-96.7737006, 32.7579341], [-96.7737541, 32.7579744], [-96.7737332, 32.7579943], [-96.773804, 32.7580476], [-96.7737317, 32.7581161]]]}, "properties": {"height": 8, "night": "#5a2e19"}}, {"type": "Feature", "geometry": {"type": "Polygon", "coordinates": [[[-96.7773002, 32.7578781], [-96.7772349, 32.7578242], [-96.7773254, 32.7577459], [-96.777472, 32.7578669], [-96.7775425, 32.7578059], [-96.7775531, 32.7578146], [-96.7775637, 32.7578054], [-96.7776496, 32.7578762], [-96.7774779, 32.7580247], [-96.7773002, 32.7578781]]]}, "properties": {"height": 8, "night": "#5e311b"}}, {"type": "Feature", "geometry": {"type": "Polygon", "coordinates": [[[-96.775631, 32.7577581], [-96.7757682, 32.757623], [-96.7758549, 32.7576859], [-96.7757177, 32.757821], [-96.775631, 32.7577581]]]}, "properties": {"height": 8, "night": "#5c2f1a"}}, {"type": "Feature", "geometry": {"type": "Polygon", "coordinates": [[[-96.7786831, 32.7575597], [-96.7785866, 32.7574824], [-96.7786663, 32.7574113], [-96.7787652, 32.7574904], [-96.7787751, 32.7574816], [-96.778847, 32.7575392], [-96.7787433, 32.7576317], [-96.778669, 32.7575722], [-96.7786831, 32.7575597]]]}, "properties": {"height": 8, "night": "#5e311b"}}, {"type": "Feature", "geometry": {"type": "Polygon", "coordinates": [[[-96.7760361, 32.7573975], [-96.776139, 32.757312], [-96.7762028, 32.7573667], [-96.7761, 32.7574523], [-96.7760361, 32.7573975]]]}, "properties": {"height": 8, "night": "#5b2f1a"}}, {"type": "Feature", "geometry": {"type": "Polygon", "coordinates": [[[-96.7731498, 32.7572676], [-96.7731068, 32.7572328], [-96.7730954, 32.7572429], [-96.7730555, 32.7572105], [-96.7730649, 32.7572022], [-96.7730284, 32.7571725], [-96.7731103, 32.7571005], [-96.7732297, 32.7571974], [-96.7731498, 32.7572676]]]}, "properties": {"height": 8, "night": "#582d18"}}, {"type": "Feature", "geometry": {"type": "Polygon", "coordinates": [[[-96.773765, 32.7570497], [-96.7738247, 32.7569974], [-96.7738519, 32.7570196], [-96.7738636, 32.7570093], [-96.7739162, 32.7570522], [-96.7739019, 32.7570657], [-96.7739126, 32.7570759], [-96.7738009, 32.7571736], [-96.7737341, 32.7571192], [-96.7737902, 32.7570702], [-96.773765, 32.7570497]]]}, "properties": {"height": 8, "night": "#582d19"}}, {"type": "Feature", "geometry": {"type": "Polygon", "coordinates": [[[-96.7769407, 32.7570518], [-96.7769257, 32.7570397], [-96.7769174, 32.757047], [-96.7768071, 32.7569583], [-96.7768495, 32.7569207], [-96.7768758, 32.7569418], [-96.7769034, 32.7569173], [-96.7769867, 32.7569843], [-96.7769815, 32.756989], [-96.7769972, 32.7570017], [-96.7769407, 32.7570518]]]}, "properties": {"height": 8, "night": "#5b2f1a"}}, {"type": "Feature", "geometry": {"type": "Polygon", "coordinates": [[[-96.7802287, 32.7569136], [-96.7803834, 32.7563408], [-96.7805037, 32.756362], [-96.7804955, 32.7563935], [-96.7806222, 32.7564169], [-96.7804818, 32.7569601], [-96.7802287, 32.7569136]]]}, "properties": {"height": 8, "night": "#5e301b"}}, {"type": "Feature", "geometry": {"type": "Polygon", "coordinates": [[[-96.7753301, 32.7565766], [-96.7753633, 32.7566037], [-96.775347, 32.7566178], [-96.7753826, 32.756647], [-96.7752822, 32.7567338], [-96.7752134, 32.7566775], [-96.7753301, 32.7565766]]]}, "properties": {"height": 8, "night": "#592e19"}}, {"type": "Feature", "geometry": {"type": "Polygon", "coordinates": [[[-96.7749732, 32.7564928], [-96.7750896, 32.7563969], [-96.7751491, 32.7564484], [-96.7750326, 32.7565443], [-96.7749732, 32.7564928]]]}, "properties": {"height": 8, "night": "#582d19"}}, {"type": "Feature", "geometry": {"type": "Polygon", "coordinates": [[[-96.7726674, 32.7563288], [-96.7727718, 32.7562391], [-96.7728411, 32.7562968], [-96.7727367, 32.7563864], [-96.7726674, 32.7563288]]]}, "properties": {"height": 8, "night": "#562c18"}}, {"type": "Feature", "geometry": {"type": "Polygon", "coordinates": [[[-96.7798404, 32.7563358], [-96.7795578, 32.7561855], [-96.7795172, 32.7562399], [-96.7791912, 32.7560664], [-96.7792163, 32.7560326], [-96.7791763, 32.7560113], [-96.7791433, 32.7560555], [-96.7791132, 32.7560395], [-96.7791489, 32.7559916], [-96.778704, 32.7557548], [-96.7786826, 32.7557157], [-96.7787545, 32.7556192], [-96.7786048, 32.7555396], [-96.7785255, 32.755646], [-96.7783503, 32.7555528], [-96.7783705, 32.7555258], [-96.7782341, 32.7554532], [-96.7782423, 32.7554422], [-96.7780477, 32.7553386], [-96.777904, 32.7552164], [-96.7780211, 32.7550593], [-96.779059, 32.7556116], [-96.7790706, 32.755596], [-96.7800374, 32.7561105], [-96.7798612, 32.7563469], [-96.7798404, 32.7563358]]]}, "properties": {"height": 8, "night": "#5b2f19"}}, {"type": "Feature", "geometry": {"type": "Polygon", "coordinates": [[[-96.7763588, 32.756077], [-96.7764604, 32.7559971], [-96.7765288, 32.7560592], [-96.7764272, 32.7561391], [-96.7763588, 32.756077]]]}, "properties": {"height": 8, "night": "#592e19"}}, {"type": "Feature", "geometry": {"type": "Polygon", "coordinates": [[[-96.780833, 32.7555658], [-96.780905, 32.7555063], [-96.7809577, 32.7555518], [-96.781209, 32.755344], [-96.7812309, 32.7553629], [-96.7814952, 32.7551444], [-96.7816937, 32.7553159], [-96.7813023, 32.7556394], [-96.7813103, 32.7556463], [-96.7808347, 32.7560411], [-96.7806291, 32.7559343], [-96.7805753, 32.7558645], [-96.7808789, 32.7556046], [-96.780833, 32.7555658]]]}, "properties": {"height": 8, "night": "#5c2f1a"}}, {"type": "Feature", "geometry": {"type": "Polygon", "coordinates": [[[-96.7748643, 32.7557477], [-96.7748318, 32.7557199], [-96.7748141, 32.7557347], [-96.774773, 32.7556994], [-96.7748961, 32.755597], [-96.7749697, 32.7556601], [-96.7748643, 32.7557477]]]}, "properties": {"height": 8, "night": "#572c18"}}, {"type": "Feature", "geometry": {"type": "Polygon", "coordinates": [[[-96.7738911, 32.7554904], [-96.7738336, 32.755441], [-96.7738247, 32.7554484], [-96.7737962, 32.7554239], [-96.7737846, 32.7554335], [-96.7736997, 32.7553605], [-96.773777, 32.7552963], [-96.7739076, 32.7554085], [-96.7738859, 32.7554265], [-96.773931, 32.7554652], [-96.7738958, 32.7554944], [-96.7738911, 32.7554904]]]}, "properties": {"height": 8, "night": "#552b17"}}, {"type": "Feature", "geometry": {"type": "Polygon", "coordinates": [[[-96.7763775, 32.7550478], [-96.7763885, 32.7549704], [-96.7766961, 32.7550004], [-96.7766708, 32.7551785], [-96.7765938, 32.7551707], [-96.776608, 32.755071], [-96.7763775, 32.7550478]]]}, "properties": {"height": 8, "night": "#572c18"}}, {"type": "Feature", "geometry": {"type": "Polygon", "coordinates": [[[-96.7732443, 32.754796], [-96.7733097, 32.7547419], [-96.7733812, 32.7548037], [-96.773311, 32.7548617], [-96.7732396, 32.7547999], [-96.7732443, 32.754796]]]}, "properties": {"height": 8, "night": "#532a17"}}, {"type": "Feature", "geometry": {"type": "Polygon", "coordinates": [[[-96.7731095, 32.753872], [-96.7731644, 32.7538273], [-96.7732772, 32.7539263], [-96.77322, 32.7539728], [-96.7731095, 32.753872]]]}, "properties": {"height": 8, "night": "#512916"}}, {"type": "Feature", "geometry": {"type": "Polygon", "coordinates": [[[-96.7718808, 32.7518466], [-96.7719444, 32.7517893], [-96.7720044, 32.7518369], [-96.7719909, 32.751849], [-96.7720394, 32.7518874], [-96.7719892, 32.7519326], [-96.7718808, 32.7518466]]]}, "properties": {"height": 8, "night": "#4b2614"}}, {"type": "Feature", "geometry": {"type": "Polygon", "coordinates": [[[-96.7900413, 32.770341], [-96.7901874, 32.770222], [-96.7904184, 32.7704244], [-96.7902723, 32.7705434], [-96.7900413, 32.770341]]]}, "properties": {"height": 8, "night": "#844728"}}, {"type": "Feature", "geometry": {"type": "Polygon", "coordinates": [[[-96.7870108, 32.7702486], [-96.7868422, 32.7701346], [-96.7869888, 32.7699798], [-96.7871794, 32.7701086], [-96.7870538, 32.7702412], [-96.7870319, 32.7702264], [-96.7870108, 32.7702486]]]}, "properties": {"height": 8, "night": "#824628"}}, {"type": "Feature", "geometry": {"type": "Polygon", "coordinates": [[[-96.7870863, 32.7694914], [-96.7871277, 32.7694488], [-96.7876716, 32.7698259], [-96.7876302, 32.7698685], [-96.7870863, 32.7694914]]]}, "properties": {"height": 8, "night": "#814527"}}, {"type": "Feature", "geometry": {"type": "Polygon", "coordinates": [[[-96.7899156, 32.7696213], [-96.7898513, 32.7695639], [-96.7898666, 32.7695517], [-96.7898606, 32.7695463], [-96.7899622, 32.7694651], [-96.790035, 32.7695301], [-96.790013, 32.7695476], [-96.7900188, 32.7695529], [-96.7899385, 32.7696171], [-96.7899302, 32.7696097], [-96.7899156, 32.7696213]]]}, "properties": {"height": 8, "night": "#824628"}}, {"type": "Feature", "geometry": {"type": "Polygon", "coordinates": [[[-96.7873215, 32.7690829], [-96.7875609, 32.7692762], [-96.7874688, 32.7693569], [-96.7872294, 32.7691636], [-96.7873215, 32.7690829]]]}, "properties": {"height": 8, "night": "#804527"}}, {"type": "Feature", "geometry": {"type": "Polygon", "coordinates": [[[-96.789941, 32.7690928], [-96.7899932, 32.7690246], [-96.7899878, 32.7690194], [-96.7901055, 32.7689312], [-96.7901867, 32.7690085], [-96.7900718, 32.7690921], [-96.7900419, 32.7690636], [-96.7900162, 32.7690829], [-96.7900265, 32.7690885], [-96.7899989, 32.7691245], [-96.789941, 32.7690928]]]}, "properties": {"height": 8, "night": "#814527"}}, {"type": "Feature", "geometry": {"type": "Polygon", "coordinates": [[[-96.7893082, 32.7689619], [-96.7892855, 32.7689431], [-96.789275, 32.7689521], [-96.7891582, 32.7688554], [-96.7892293, 32.7687942], [-96.7893722, 32.7689068], [-96.7893082, 32.7689619]]]}, "properties": {"height": 8, "night": "#804527"}}, {"type": "Feature", "geometry": {"type": "Polygon", "coordinates": [[[-96.786521, 32.7686118], [-96.7866026, 32.7685285], [-96.7867532, 32.7686338], [-96.7866707, 32.7687181], [-96.786521, 32.7686118]]]}, "properties": {"height": 8, "night": "#7e4326"}}, {"type": "Feature", "geometry": {"type": "Polygon", "coordinates": [[[-96.7910404, 32.7685324], [-96.7912146, 32.7683776], [-96.7913291, 32.7684695], [-96.791155, 32.7686243], [-96.7910404, 32.7685324]]]}, "properties": {"height": 8, "night": "#804427"}}, {"type": "Feature", "geometry": {"type": "Polygon", "coordinates": [[[-96.7818048, 32.7683047], [-96.7820397, 32.7679861], [-96.7822152, 32.7680776], [-96.7819804, 32.7683962], [-96.7818048, 32.7683047]]]}, "properties": {"height": 8, "night": "#794024"}}, {"type": "Feature", "geometry": {"type": "Polygon", "coordinates": [[[-96.7916345, 32.7683731], [-96.7918377, 32.7682136], [-96.791882, 32.7682539], [-96.7918277, 32.7682965], [-96.7918411, 32.7683088], [-96.7917494, 32.7683806], [-96.7917398, 32.7683719], [-96.7916825, 32.7684168], [-96.7916345, 32.7683731]]]}, "properties": {"height": 8, "night": "#7f4427"}}, {"type": "Feature", "geometry": {"type": "Polygon", "coordinates": [[[-96.7872743, 32.768202], [-96.7872565, 32.7681878], [-96.7872485, 32.7681918], [-96.787117, 32.7680865], [-96.7871381, 32.7680677], [-96.7871078, 32.7680434], [-96.7871461, 32.7680093], [-96.7871659, 32.7680252], [-96.7872246, 32.7679729], [-96.7872657, 32.7680058], [-96.7872741, 32.7679984], [-96.7873945, 32.7680949], [-96.7872743, 32.768202]]]}, "properties": {"height": 8, "night": "#7d4326"}}, {"type": "Feature", "geometry": {"type": "Polygon", "coordinates": [[[-96.8031257, 32.7682469], [-96.8029358, 32.7680739], [-96.8030944, 32.7679488], [-96.8031156, 32.7679679], [-96.8032132, 32.7678918], [-96.8032447, 32.7679163], [-96.8032959, 32.7678725], [-96.8033596, 32.7679329], [-96.8033022, 32.7679772], [-96.8033348, 32.7680061], [-96.8032689, 32.7681378], [-96.8031257, 32.7682469]]]}, "properties": {"height": 8, "night": "#773f24"}}, {"type": "Feature", "geometry": {"type": "Polygon", "coordinates": [[[-96.7786376, 32.7677101], [-96.7783615, 32.7673894], [-96.7785197, 32.7672922], [-96.7785679, 32.7673483], [-96.7785886, 32.7673356], [-96.7786769, 32.7674381], [-96.7786545, 32.7674518], [-96.7787175, 32.767525], [-96.7787324, 32.7675159], [-96.7788147, 32.7676115], [-96.7786433, 32.7677168], [-96.7786376, 32.7677101]]]}, "properties": {"height": 8, "night": "#733d22"}}, {"type": "Feature", "geometry": {"type": "Polygon", "coordinates": [[[-96.7803157, 32.7674969], [-96.7803884, 32.7674523], [-96.7804574, 32.7675326], [-96.7803846, 32.7675772], [-96.7803157, 32.7674969]]]}, "properties": {"height": 8, "night": "#753e23"}}, {"type": "Feature", "geometry": {"type": "Polygon", "coordinates": [[[-96.8045972, 32.7676795], [-96.8045854, 32.7676749], [-96.8045799, 32.7676847], [-96.8045547, 32.7676747], [-96.8046179, 32.767573], [-96.8048193, 32.7675217], [-96.8049033, 32.7675551], [-96.8048913, 32.7675768], [-96.8048778, 32.7675714], [-96.8047735, 32.7677587], [-96.8045931, 32.7676869], [-96.8045972, 32.7676795]]]}, "properties": {"height": 8, "night": "#743e23"}}, {"type": "Feature", "geometry": {"type": "Polygon", "coordinates": [[[-96.777958, 32.7669838], [-96.7782219, 32.7668236], [-96.7783027, 32.7669186], [-96.7780388, 32.7670788], [-96.777958, 32.7669838]]]}, "properties": {"height": 8, "night": "#713c22"}}, {"type": "Feature", "geometry": {"type": "Polygon", "coordinates": [[[-96.7879842, 32.7665043], [-96.7879897, 32.7665001], [-96.7883331, 32.7668233], [-96.7882043, 32.7669209], [-96.787861, 32.7665977], [-96.7879842, 32.7665043]]]}, "properties": {"height": 8, "night": "#7a4125"}}, {"type": "Feature", "geometry": {"type": "Polygon", "coordinates": [[[-96.7781467, 32.76641], [-96.7782952, 32.7662991], [-96.7783445, 32.7663426], [-96.7782615, 32.7664098], [-96.7783346, 32.7664743], [-96.7782671, 32.766529], [-96.7781391, 32.7664162], [-96.7781467, 32.76641]]]}, "properties": {"height": 8, "night": "#713c21"}}, {"type": "Feature", "geometry": {"type": "Polygon", "coordinates": [[[-96.7900243, 32.7661702], [-96.7901312, 32.7660899], [-96.7898354, 32.7658084], [-96.789816, 32.7658229], [-96.7898382, 32.765844], [-96.7897774, 32.7658896], [-96.7897598, 32.7658728], [-96.7897188, 32.7659036], [-96.7895426, 32.7657358], [-96.7896895, 32.7656256], [-96.7896614, 32.7655989], [-96.7897977, 32.7654966], [-96.7898193, 32.7655172], [-96.7898489, 32.765495], [-96.7899707, 32.7656109], [-96.7899636, 32.7656162], [-96.7899838, 32.7656355], [-96.7900289, 32.7656016], [-96.7900604, 32.7656315], [-96.7900799, 32.7656169], [-96.7904826, 32.7660001], [-96.7902304, 32.7661893], [-96.7901998, 32.7661603], [-96.7900958, 32.7662383], [-96.7900243, 32.7661702]]]}, "properties": {"height": 8, "night": "#794024"}}, {"type": "Feature", "geometry": {"type": "Polygon", "coordinates": [[[-96.7921639, 32.7658634], [-96.7921765, 32.7657013], [-96.7923221, 32.7657094], [-96.7923186, 32.7657539], [-96.7923534, 32.7657558], [-96.7923482, 32.7658216], [-96.792318, 32.7658199], [-96.7923139, 32.7658717], [-96.7921639, 32.7658634]]]}, "properties": {"height": 8, "night": "#794124"}}, {"type": "Feature", "geometry": {"type": "Polygon", "coordinates": [[[-96.7832042, 32.765279], [-96.7829986, 32.7650869], [-96.7834136, 32.7647582], [-96.7834664, 32.7648087], [-96.7835007, 32.764783], [-96.7835363, 32.764817], [-96.7835008, 32.7648435], [-96.7835718, 32.764909], [-96.7837618, 32.7646924], [-96.7834791, 32.7644258], [-96.783115, 32.7647298], [-96.7830068, 32.764622], [-96.7827543, 32.7648347], [-96.7826873, 32.7647724], [-96.7830202, 32.7645081], [-96.7831214, 32.7646051], [-96.7834947, 32.7643091], [-96.7838903, 32.76469], [-96.7835821, 32.7650509], [-96.7835411, 32.7650802], [-96.783533, 32.7650736], [-96.7834843, 32.7651249], [-96.783451, 32.7650946], [-96.7832042, 32.765279]]]}, "properties": {"height": 8, "night": "#733d22"}}, {"type": "Feature", "geometry": {"type": "Polygon", "coordinates": [[[-96.7792589, 32.7648776], [-96.7790325, 32.7646897], [-96.7790689, 32.7646585], [-96.7790783, 32.7646663], [-96.7790857, 32.76466], [-96.779112, 32.7646819], [-96.7791566, 32.7646435], [-96.7791665, 32.7646517], [-96.779233, 32.7645945], [-96.7794661, 32.7647879], [-96.779387, 32.764856], [-96.7793457, 32.7648217], [-96.7792701, 32.7648868], [-96.7792589, 32.7648776]]]}, "properties": {"height": 8, "night": "#6e3a21"}}, {"type": "Feature", "geometry": {"type": "Polygon", "coordinates": [[[-96.7763847, 32.7643541], [-96.7764866, 32.7642834], [-96.7765639, 32.7643536], [-96.7765575, 32.7643586], [-96.7765763, 32.7643756], [-96.7764864, 32.7644464], [-96.7763847, 32.7643541]]]}, "properties": {"height": 8, "night": "#6a381f"}}, {"type": "Feature", "geometry": {"type": "Polygon", "coordinates": [[[-96.803094, 32.7641801], [-96.8030831, 32.7641744], [-96.8030705, 32.764191], [-96.8030509, 32.7641821], [-96.8030022, 32.7642452], [-96.8029687, 32.7642286], [-96.8029034, 32.7643195], [-96.8028634, 32.7642988], [-96.8028725, 32.7642876], [-96.802861, 32.7642814], [-96.8029237, 32.7642014], [-96.8029183, 32.7641982], [-96.8030427, 32.7640388], [-96.8031306, 32.7640885], [-96.8030914, 32.7641364], [-96.8031157, 32.7641518], [-96.8031283, 32.7641369], [-96.8032534, 32.7642074], [-96.8031519, 32.7643319], [-96.8030292, 32.7642618], [-96.803094, 32.7641801]]]}, "properties": {"height": 8, "night": "#6f3b21"}}, {"type": "Feature", "geometry": {"type": "Polygon", "coordinates": [[[-96.7764708, 32.763648], [-96.7764051, 32.7635932], [-96.7764041, 32.763594], [-96.7763093, 32.7635149], [-96.7763788, 32.763456], [-96.7764246, 32.7634942], [-96.7764365, 32.7634842], [-96.7764851, 32.7635247], [-96.7764733, 32.7635348], [-96.7765393, 32.7635899], [-96.7764708, 32.763648]]]}, "properties": {"height": 8, "night": "#69371e"}}, {"type": "Feature", "geometry": {"type": "Polygon", "coordinates": [[[-96.7808974, 32.7633645], [-96.7809939, 32.7632919], [-96.7810679, 32.763362], [-96.7809221, 32.7634717], [-96.7808615, 32.7634143], [-96.7809107, 32.7633772], [-96.7808974, 32.7633645]]]}, "properties": {"height": 8, "night": "#6d3a20"}}, {"type": "Feature", "geometry": {"type": "Polygon", "coordinates": [[[-96.8007551, 32.7634423], [-96.8009859, 32.7631542], [-96.8010362, 32.763183], [-96.8012059, 32.7629712], [-96.8011768, 32.7629546], [-96.8011034, 32.7630463], [-96.8007989, 32.7628721], [-96.8008149, 32.7628521], [-96.8007838, 32.7628343], [-96.8008448, 32.7627582], [-96.8008779, 32.7627771], [-96.8010559, 32.7625549], [-96.8015434, 32.7628337], [-96.8012819, 32.7631602], [-96.8012643, 32.7631502], [-96.8011778, 32.7632582], [-96.8011942, 32.7632676], [-96.8009603, 32.7635597], [-96.8007551, 32.7634423]]]}, "properties": {"height": 8, "night": "#6e3a21"}}, {"type": "Feature", "geometry": {"type": "Polygon", "coordinates": [[[-96.7791206, 32.7626555], [-96.7791621, 32.7626206], [-96.7792893, 32.7627286], [-96.7791076, 32.7628814], [-96.7789804, 32.7627734], [-96.7791206, 32.7626555]]]}, "properties": {"height": 8, "night": "#6a381f"}}, {"type": "Feature", "geometry": {"type": "Polygon", "coordinates": [[[-96.7817833, 32.7622463], [-96.7819019, 32.7621499], [-96.781982, 32.7622203], [-96.7818428, 32.7623335], [-96.7817627, 32.7622631], [-96.7817833, 32.7622463]]]}, "properties": {"height": 8, "night": "#6c3920"}}, {"type": "Feature", "geometry": {"type": "Polygon", "coordinates": [[[-96.777472, 32.7620364], [-96.7774448, 32.7620138], [-96.7774382, 32.7620194], [-96.7773065, 32.7619097], [-96.7773792, 32.7618473], [-96.7775351, 32.7619823], [-96.777472, 32.7620364]]]}, "properties": {"height": 8, "night": "#67361e"}}, {"type": "Feature", "geometry": {"type": "Polygon", "coordinates": [[[-96.7796776, 32.7616383], [-96.7797668, 32.7615658], [-96.7798671, 32.7616539], [-96.7796919, 32.7617963], [-96.7795916, 32.7617081], [-96.7796776, 32.7616383]]]}, "properties": {"height": 8, "night": "#68371e"}}, {"type": "Feature", "geometry": {"type": "Polygon", "coordinates": [[[-96.781501, 32.761287], [-96.7814609, 32.761252], [-96.7813788, 32.761319], [-96.7812054, 32.7611672], [-96.7812873, 32.7611004], [-96.7812462, 32.7610644], [-96.7811641, 32.7611314], [-96.7810833, 32.7610608], [-96.7812559, 32.76092], [-96.7816706, 32.7612829], [-96.7814975, 32.761424], [-96.7814182, 32.7613546], [-96.781501, 32.761287]]]}, "properties": {"height": 8, "night": "#69371f"}}, {"type": "Feature", "geometry": {"type": "Polygon", "coordinates": [[[-96.7785055, 32.7607854], [-96.7786027, 32.7607007], [-96.7786161, 32.7607117], [-96.778655, 32.7606778], [-96.7787023, 32.7607166], [-96.7786669, 32.7607474], [-96.7787021, 32.7607763], [-96.7785915, 32.7608824], [-96.7785049, 32.7608114], [-96.7785055, 32.7607854]]]}, "properties": {"height": 8, "night": "#65351d"}}, {"type": "Feature", "geometry": {"type": "Polygon", "coordinates": [[[-96.7757879, 32.7603616], [-96.775691, 32.7602884], [-96.7757235, 32.7602604], [-96.7755662, 32.7601297], [-96.7756154, 32.7600873], [-96.7758667, 32.7602961], [-96.7757879, 32.7603616]]]}, "properties": {"height": 8, "night": "#61321c"}}, {"type": "Feature", "geometry": {"type": "Polygon", "coordinates": [[[-96.7968746, 32.7603873], [-96.7969886, 32.7602526], [-96.7970902, 32.7603132], [-96.7969797, 32.7604476], [-96.7968746, 32.7603873]]]}, "properties": {"height": 8, "night": "#6a381f"}}, {"type": "Feature", "geometry": {"type": "Polygon", "coordinates": [[[-96.7774634, 32.7598926], [-96.7775273, 32.759837], [-96.7776183, 32.7599115], [-96.777521, 32.7599963], [-96.7774444, 32.7599335], [-96.7774778, 32.7599044], [-96.7774634, 32.7598926]]]}, "properties": {"height": 8, "night": "#62331c"}}, {"type": "Feature", "geometry": {"type": "Polygon", "coordinates": [[[-96.7956327, 32.7599199], [-96.795782, 32.7597408], [-96.7959105, 32.7598124], [-96.7957634, 32.7599956], [-96.7956327, 32.7599199]]]}, "properties": {"height": 8, "night": "#6a381f"}}, {"type": "Feature", "geometry": {"type": "Polygon", "coordinates": [[[-96.7754574, 32.7595658], [-96.7753355, 32.7594671], [-96.7754798, 32.7593398], [-96.775605, 32.7594412], [-96.7755475, 32.7594918], [-96.7755654, 32.7595063], [-96.7755323, 32.7595356], [-96.7755111, 32.7595185], [-96.7754574, 32.7595658]]]}, "properties": {"height": 8, "night": "#5f311b"}}, {"type": "Feature", "geometry": {"type": "Polygon", "coordinates": [[[-96.7766953, 32.7593126], [-96.7765212, 32.7591644], [-96.7768402, 32.7588968], [-96.7769646, 32.7590028], [-96.7769362, 32.7590266], [-96.7769866, 32.7590694], [-96.7769943, 32.7590629], [-96.7770942, 32.7591479], [-96.7770304, 32.7592015], [-96.7770021, 32.7591775], [-96.7768544, 32.7593013], [-96.7767822, 32.7592398], [-96.7766953, 32.7593126]]]}, "properties": {"height": 8, "night": "#60321b"}}, {"type": "Feature", "geometry": {"type": "Polygon", "coordinates": [[[-96.7744449, 32.7590906], [-96.7742751, 32.7589504], [-96.7743283, 32.7589044], [-96.7743917, 32.7589568], [-96.774409, 32.7589419], [-96.7745153, 32.7590297], [-96.7744449, 32.7590906]]]}, "properties": {"height": 8, "night": "#5d301a"}}, {"type": "Feature", "geometry": {"type": "Polygon", "coordinates": [[[-96.8212857, 32.7653101], [-96.8213617, 32.7653096], [-96.8213638, 32.765511], [-96.8212878, 32.7655116], [-96.8212857, 32.7653101]]]}, "properties": {"height": 8, "night": "#572c18"}}, {"type": "Feature", "geometry": {"type": "Polygon", "coordinates": [[[-96.820229, 32.76477], [-96.8202296, 32.7647379], [-96.8201662, 32.764737], [-96.8201671, 32.7646928], [-96.8203555, 32.7646953], [-96.8203541, 32.7647717], [-96.820229, 32.76477]]]}, "properties": {"height": 8, "night": "#582d18"}}, {"type": "Feature", "geometry": {"type": "Polygon", "coordinates": [[[-96.8206639, 32.7640497], [-96.8206664, 32.7639493], [-96.8206817, 32.7639496], [-96.8206825, 32.7639202], [-96.8207111, 32.7639207], [-96.820712, 32.7638845], [-96.8208038, 32.7638861], [-96.8208036, 32.7638948], [-96.8208163, 32.763895], [-96.8208165, 32.7638878], [-96.8208376, 32.7638882], [-96.8208378, 32.7638794], [-96.8209273, 32.763881], [-96.820927, 32.7638935], [-96.8209769, 32.7638944], [-96.8209773, 32.7638792], [-96.821039, 32.7638803], [-96.8210386, 32.7638951], [-96.8211122, 32.7638964], [-96.8211125, 32.7638849], [-96.8212036, 32.7638865], [-96.8212029, 32.7639151], [-96.8212293, 32.7639156], [-96.8212285, 32.7639468], [-96.8212489, 32.7639472], [-96.8212463, 32.7640506], [-96.8211955, 32.7640497], [-96.8211951, 32.7640649], [-96.8211377, 32.7640639], [-96.821138, 32.764052], [-96.8210087, 32.7640497], [-96.821009, 32.7640374], [-96.8208991, 32.7640355], [-96.8208987, 32.7640516], [-96.820767, 32.7640493], [-96.8207665, 32.7640677], [-96.8207142, 32.7640668], [-96.8207146, 32.7640506], [-96.8206639, 32.7640497]]]}, "properties": {"height": 8, "night": "#552c18"}}, {"type": "Feature", "geometry": {"type": "Polygon", "coordinates": [[[-96.8217404, 32.7632377], [-96.8217407, 32.7632135], [-96.8217273, 32.7632134], [-96.8217283, 32.7631364], [-96.8217, 32.7631361], [-96.821701, 32.7630565], [-96.8217344, 32.7630568], [-96.8217349, 32.7630152], [-96.8216981, 32.7630148], [-96.8216991, 32.7629337], [-96.8217243, 32.7629339], [-96.8217253, 32.7628566], [-96.821737, 32.7628567], [-96.8217374, 32.7628219], [-96.8218112, 32.7628226], [-96.821811, 32.7628383], [-96.8218656, 32.7628388], [-96.8218653, 32.7628599], [-96.8218975, 32.7628602], [-96.8218955, 32.7630213], [-96.8218756, 32.7630211], [-96.8218752, 32.7630514], [-96.8218957, 32.7630516], [-96.8218936, 32.7632126], [-96.8218573, 32.7632123], [-96.821857, 32.763236], [-96.8218263, 32.7632358], [-96.8218261, 32.763248], [-96.8218084, 32.7632479], [-96.8218083, 32.7632537], [-96.8217553, 32.7632533], [-96.8217543, 32.7633333], [-96.8216945, 32.7633327], [-96.8216957, 32.7632373], [-96.8217404, 32.7632377]]]}, "properties": {"height": 8, "night": "#532a17"}}, {"type": "Feature", "geometry": {"type": "Polygon", "coordinates": [[[-96.8216917, 32.7627874], [-96.8216916, 32.7627573], [-96.8216671, 32.7627574], [-96.8216669, 32.762719], [-96.8216435, 32.7627191], [-96.8216432, 32.7626558], [-96.8216596, 32.7626557], [-96.8216595, 32.7626369], [-96.821703, 32.7626367], [-96.8217029, 32.7626273], [-96.8217819, 32.762627], [-96.8217818, 32.7626206], [-96.8218858, 32.7626202], [-96.8218859, 32.7626245], [-96.8220173, 32.762624], [-96.8220173, 32.7626266], [-96.8220349, 32.7626265], [-96.8220349, 32.7626173], [-96.82207, 32.7626172], [-96.8220701, 32.7626307], [-96.8221383, 32.7626305], [-96.8221384, 32.7626368], [-96.8221562, 32.7626367], [-96.8221566, 32.7627132], [-96.8221409, 32.7627133], [-96.8221411, 32.762757], [-96.8221095, 32.7627571], [-96.8221097, 32.7627873], [-96.8219213, 32.762788], [-96.8219212, 32.7627708], [-96.8218839, 32.7627709], [-96.821884, 32.7627867], [-96.8216917, 32.7627874]]]}, "properties": {"height": 8, "night": "#522a16"}}, {"type": "Feature", "geometry": {"type": "Polygon", "coordinates": [[[-96.8164779, 32.7619079], [-96.8164588, 32.7618857], [-96.8164348, 32.7619004], [-96.8164115, 32.7618732], [-96.8163995, 32.7618806], [-96.816327, 32.7617961], [-96.8163704, 32.7617695], [-96.816357, 32.7617539], [-96.8164002, 32.7617274], [-96.8164119, 32.7617409], [-96.8165132, 32.7616788], [-96.8165248, 32.7616923], [-96.816619, 32.7616346], [-96.816608, 32.7616217], [-96.8167118, 32.7615581], [-96.8167024, 32.7615471], [-96.8167479, 32.7615193], [-96.8167576, 32.7615305], [-96.8168033, 32.7615025], [-96.816879, 32.7615907], [-96.8168626, 32.7616007], [-96.8168772, 32.7616276], [-96.8168576, 32.7616396], [-96.8168764, 32.7616615], [-96.816779, 32.761717], [-96.8167873, 32.7617267], [-96.8166986, 32.761781], [-96.816687, 32.7617675], [-96.8166569, 32.761786], [-96.8166692, 32.7618003], [-96.8165859, 32.7618513], [-96.8165747, 32.7618383], [-96.8165548, 32.7618505], [-96.8165606, 32.7618573], [-96.8164779, 32.7619079]]]}, "properties": {"height": 8, "night": "#592e19"}}, {"type": "Feature", "geometry": {"type": "Polygon", "coordinates": [[[-96.8187524, 32.7612843], [-96.8187364, 32.7612456], [-96.8187733, 32.7612346], [-96.8187669, 32.7612193], [-96.8188195, 32.7612037], [-96.8188094, 32.7611794], [-96.8188433, 32.7611693], [-96.8188521, 32.7611906], [-96.8189705, 32.7611555], [-96.8189752, 32.7611668], [-96.8190184, 32.7611539], [-96.8190129, 32.7611409], [-96.8190387, 32.7611333], [-96.8190292, 32.7611105], [-96.8190786, 32.7610959], [-96.8190877, 32.7611175], [-96.8191946, 32.7610858], [-96.8191978, 32.7610934], [-96.8192203, 32.7610867], [-96.8191977, 32.7610578], [-96.8192443, 32.7610319], [-96.8193528, 32.7611711], [-96.8193054, 32.7611974], [-96.8193167, 32.7612311], [-96.819219, 32.7612601], [-96.8192132, 32.7612462], [-96.8190913, 32.7612861], [-96.8190874, 32.7612766], [-96.8189883, 32.761306], [-96.8189941, 32.7613201], [-96.8188744, 32.7613556], [-96.8188807, 32.7613709], [-96.8187783, 32.7614013], [-96.8187322, 32.7612903], [-96.8187524, 32.7612843]]]}, "properties": {"height": 8, "night": "#542b17"}}, {"type": "Feature", "geometry": {"type": "Polygon", "coordinates": [[[-96.821358, 32.7604439], [-96.8213242, 32.760444], [-96.8213241, 32.7603829], [-96.8213292, 32.7603829], [-96.8213292, 32.7603637], [-96.8214915, 32.7603635], [-96.8214917, 32.7604438], [-96.821358, 32.7604439]]]}, "properties": {"height": 8, "night": "#4f2815"}}, {"type": "Feature", "geometry": {"type": "Polygon", "coordinates": [[[-96.8220311, 32.7599052], [-96.8218604, 32.7599029], [-96.8218606, 32.7598928], [-96.8218358, 32.7598924], [-96.8218374, 32.7598047], [-96.8218581, 32.759805], [-96.8218583, 32.7597953], [-96.822084, 32.7597981], [-96.8220833, 32.7598335], [-96.8220922, 32.7598336], [-96.822091, 32.7599059], [-96.8220311, 32.7599052]]]}, "properties": {"height": 8, "night": "#4d2715"}}, {"type": "Feature", "geometry": {"type": "Polygon", "coordinates": [[[-96.8151745, 32.75913], [-96.8151713, 32.7588946], [-96.8154472, 32.7588919], [-96.8154482, 32.7589662], [-96.8153857, 32.7589668], [-96.8153858, 32.7589766], [-96.8152874, 32.7589748], [-96.8152813, 32.7590532], [-96.8154724, 32.7590556], [-96.8154733, 32.7591271], [-96.8151745, 32.75913]]]}, "properties": {"height": 8, "night": "#562c18"}}, {"type": "Feature", "geometry": {"type": "Polygon", "coordinates": [[[-96.8169191, 32.7967448], [-96.816718, 32.7966467], [-96.816712, 32.7966554], [-96.8166425, 32.7966216], [-96.8166502, 32.7966105], [-96.8166434, 32.7966071], [-96.8168541, 32.7963018], [-96.8169486, 32.7963479], [-96.8169582, 32.796334], [-96.8169999, 32.7963543], [-96.8169909, 32.7963674], [-96.817101, 32.796421], [-96.8171109, 32.7964067], [-96.817142, 32.7964218], [-96.8169191, 32.7967448]]]}, "properties": {"height": 8, "night": "#5f311b"}}, {"type": "Feature", "geometry": {"type": "Polygon", "coordinates": [[[-96.8154611, 32.7946336], [-96.8155027, 32.7945718], [-96.8155508, 32.7945949], [-96.8155553, 32.7945882], [-96.8158005, 32.7947059], [-96.8156732, 32.7948951], [-96.815443, 32.7947847], [-96.8154395, 32.7947628], [-96.8155105, 32.7946573], [-96.8154611, 32.7946336]]]}, "properties": {"height": 8, "night": "#64341d"}}, {"type": "Feature", "geometry": {"type": "Polygon", "coordinates": [[[-96.8204646, 32.7910703], [-96.8207162, 32.7909433], [-96.8207782, 32.7910309], [-96.8205266, 32.7911579], [-96.8204646, 32.7910703]]]}, "properties": {"height": 8, "night": "#5f311b"}}, {"type": "Feature", "geometry": {"type": "Polygon", "coordinates": [[[-96.8212616, 32.7900031], [-96.822058, 32.7895916], [-96.8223974, 32.7900558], [-96.8216009, 32.7904672], [-96.8212616, 32.7900031]]]}, "properties": {"height": 8, "night": "#5e301b"}}, {"type": "Feature", "geometry": {"type": "Polygon", "coordinates": [[[-96.8140714, 32.7884579], [-96.8141301, 32.788446], [-96.8141411, 32.7884846], [-96.8141638, 32.7885647], [-96.814177, 32.788611], [-96.8141182, 32.7886229], [-96.8141046, 32.7885749], [-96.8140825, 32.7884969], [-96.8140714, 32.7884579]]]}, "properties": {"height": 8, "night": "#6e3a20"}}, {"type": "Feature", "geometry": {"type": "Polygon", "coordinates": [[[-96.8218033, 32.7862183], [-96.8217933, 32.7862043], [-96.8218125, 32.7861945], [-96.8218229, 32.7862091], [-96.8219444, 32.7861475], [-96.8221305, 32.7864093], [-96.8219843, 32.7864834], [-96.8217978, 32.7862211], [-96.8218033, 32.7862183]]]}, "properties": {"height": 8, "night": "#60321b"}}, {"type": "Feature", "geometry": {"type": "Polygon", "coordinates": [[[-96.815826, 32.7849412], [-96.8161447, 32.7847771], [-96.8163063, 32.7850009], [-96.8159875, 32.7851651], [-96.815826, 32.7849412]]]}, "properties": {"height": 8, "night": "#6c3920"}}, {"type": "Feature", "geometry": {"type": "Polygon", "coordinates": [[[-96.8204335, 32.7842283], [-96.820655, 32.7841074], [-96.8207225, 32.7841957], [-96.8205011, 32.7843166], [-96.8204335, 32.7842283]]]}, "properties": {"height": 8, "night": "#63341d"}}, {"type": "Feature", "geometry": {"type": "Polygon", "coordinates": [[[-96.8142007, 32.782997], [-96.8142005, 32.7829865], [-96.8141177, 32.7829874], [-96.8141161, 32.7828829], [-96.8141802, 32.7828822], [-96.8141799, 32.7828652], [-96.8142846, 32.7828641], [-96.8142846, 32.7828693], [-96.8143696, 32.7828683], [-96.8143697, 32.7828764], [-96.8144255, 32.7828758], [-96.8144271, 32.7829806], [-96.8143637, 32.7829813], [-96.8143639, 32.7829952], [-96.8142007, 32.782997]]]}, "properties": {"height": 8, "night": "#713c21"}}, {"type": "Feature", "geometry": {"type": "Polygon", "coordinates": [[[-96.8168698, 32.7898466], [-96.8167314, 32.7899191], [-96.8164434, 32.7895305], [-96.8164513, 32.7895264], [-96.8163744, 32.7894226], [-96.8166492, 32.7892787], [-96.8167282, 32.7893853], [-96.8170019, 32.7892419], [-96.8170881, 32.7893582], [-96.8171261, 32.7894111], [-96.8171792, 32.7894828], [-96.817195, 32.7895036], [-96.8172871, 32.789628], [-96.8168698, 32.7898466]]]}, "properties": {"height": 8, "night": "#67361e"}}, {"type": "Feature", "geometry": {"type": "Polygon", "coordinates": [[[-96.8163117, 32.7865494], [-96.8160747, 32.7862259], [-96.8164209, 32.7860449], [-96.8166672, 32.7863811], [-96.8166606, 32.7863846], [-96.8167411, 32.7864945], [-96.8167214, 32.7865048], [-96.816643, 32.7863978], [-96.8164129, 32.7865181], [-96.8164188, 32.7865262], [-96.8163481, 32.7865631], [-96.816328, 32.7865655], [-96.8163117, 32.7865494]]]}, "properties": {"height": 8, "night": "#6b381f"}}, {"type": "Feature", "geometry": {"type": "Polygon", "coordinates": [[[-96.818631, 32.796651], [-96.8186675, 32.7965976], [-96.8186989, 32.7966128], [-96.8187106, 32.7965956], [-96.8187732, 32.7966259], [-96.819045, 32.7962281], [-96.8191938, 32.7962999], [-96.8188656, 32.7967802], [-96.8187162, 32.7967081], [-96.8187244, 32.7966961], [-96.818631, 32.796651]]]}, "properties": {"height": 8, "night": "#5c2f1a"}}, {"type": "Feature", "geometry": {"type": "Polygon", "coordinates": [[[-96.8207836, 32.7896901], [-96.8209959, 32.7895791], [-96.8212011, 32.7898591], [-96.8206436, 32.7901515], [-96.8204379, 32.7898709], [-96.8207836, 32.7896901]]]}, "properties": {"height": 8, "night": "#60321b"}}, {"type": "Feature", "geometry": {"type": "Polygon", "coordinates": [[[-96.8225886, 32.7887334], [-96.8233215, 32.7883527], [-96.823509, 32.7886101], [-96.8235469, 32.7885904], [-96.8235735, 32.788627], [-96.8213742, 32.7897695], [-96.8212368, 32.7895808], [-96.8217356, 32.7893218], [-96.8216589, 32.7892164], [-96.8225886, 32.7887334]]]}, "properties": {"height": 3, "night": "#532512"}}, {"type": "Feature", "geometry": {"type": "Polygon", "coordinates": [[[-96.8189833, 32.7858407], [-96.8189708, 32.7858234], [-96.8189538, 32.7858323], [-96.8188871, 32.7857407], [-96.8189018, 32.7857331], [-96.8188086, 32.7856051], [-96.8196852, 32.7851494], [-96.8197292, 32.7852098], [-96.8197747, 32.7851862], [-96.819732, 32.7851276], [-96.819897, 32.7850418], [-96.8199384, 32.7850986], [-96.8199801, 32.785077], [-96.8199383, 32.7850196], [-96.8204436, 32.784757], [-96.8206161, 32.7849937], [-96.8205717, 32.7850168], [-96.8206047, 32.785062], [-96.8204128, 32.7851618], [-96.8203769, 32.7851125], [-96.8201088, 32.7852519], [-96.8201013, 32.7852416], [-96.8198522, 32.7853711], [-96.8198617, 32.7853841], [-96.8189833, 32.7858407]]]}, "properties": {"height": 8, "night": "#64341d"}}, {"type": "Feature", "geometry": {"type": "Polygon", "coordinates": [[[-96.8073935, 32.8019122], [-96.807357, 32.8018665], [-96.8073713, 32.8018584], [-96.8073557, 32.8018389], [-96.8073302, 32.8018533], [-96.8072924, 32.8018058], [-96.8073406, 32.8017787], [-96.8072941, 32.8017204], [-96.8073372, 32.8016961], [-96.8074212, 32.8018015], [-96.8074165, 32.8018042], [-96.8074386, 32.8018319], [-96.8074684, 32.8018693], [-96.8074405, 32.8018851], [-96.8074514, 32.8018988], [-96.8074277, 32.8019122], [-96.8074228, 32.8019061], [-96.8074328, 32.8019005], [-96.807427, 32.8018933], [-96.8073935, 32.8019122]]]}, "properties": {"height": 8, "night": "#63341c"}}, {"type": "Feature", "geometry": {"type": "Polygon", "coordinates": [[[-96.8059797, 32.7980959], [-96.8058972, 32.7980257], [-96.8059296, 32.7979985], [-96.8059052, 32.7979777], [-96.8058979, 32.7979838], [-96.8058799, 32.7979686], [-96.8058443, 32.7979984], [-96.8057945, 32.7979619], [-96.8057704, 32.7979352], [-96.8058025, 32.7979083], [-96.8057566, 32.7978693], [-96.8058116, 32.7978232], [-96.8058582, 32.7978629], [-96.8059273, 32.7978049], [-96.805937, 32.7978132], [-96.8059613, 32.7977928], [-96.8059147, 32.7977532], [-96.8060254, 32.7976656], [-96.806146, 32.7977682], [-96.8060371, 32.7978595], [-96.8060663, 32.7978843], [-96.8060289, 32.7979156], [-96.8061416, 32.7980168], [-96.8060695, 32.7980773], [-96.8060359, 32.7980487], [-96.8059797, 32.7980959]]]}, "properties": {"height": 8, "night": "#6d3920"}}, {"type": "Feature", "geometry": {"type": "Polygon", "coordinates": [[[-96.8090758, 32.797595], [-96.8090638, 32.7975847], [-96.8090571, 32.7975902], [-96.8089858, 32.7975285], [-96.808993, 32.7975226], [-96.8089434, 32.7974797], [-96.8092027, 32.7972659], [-96.8092265, 32.7972864], [-96.8092498, 32.7972671], [-96.8092247, 32.7972454], [-96.8093726, 32.7971234], [-96.8094185, 32.7971631], [-96.8094261, 32.7971568], [-96.8095153, 32.797234], [-96.8093613, 32.7973611], [-96.8093207, 32.797326], [-96.8092989, 32.797344], [-96.8093431, 32.7973822], [-96.8090803, 32.7975989], [-96.8090758, 32.797595]]]}, "properties": {"height": 8, "night": "#69371f"}}, {"type": "Feature", "geometry": {"type": "Polygon", "coordinates": [[[-96.8065215, 32.7970155], [-96.8064688, 32.7969715], [-96.8064637, 32.7969758], [-96.806357, 32.7968785], [-96.8065688, 32.7966976], [-96.8067345, 32.7968359], [-96.8066845, 32.7968787], [-96.8066949, 32.7968873], [-96.8065838, 32.7969822], [-96.806572, 32.7969723], [-96.8065215, 32.7970155]]]}, "properties": {"height": 8, "night": "#6e3a20"}}, {"type": "Feature", "geometry": {"type": "Polygon", "coordinates": [[[-96.8123637, 32.7962193], [-96.8123422, 32.7961888], [-96.8122945, 32.7962129], [-96.8120156, 32.7958181], [-96.8120511, 32.7958002], [-96.8120356, 32.7957783], [-96.8120813, 32.7957553], [-96.8120993, 32.7957808], [-96.8121287, 32.795766], [-96.8124026, 32.7961537], [-96.8123716, 32.7961693], [-96.8123966, 32.7962048], [-96.8123637, 32.7962193]]]}, "properties": {"height": 8, "night": "#67361e"}}, {"type": "Feature", "geometry": {"type": "Polygon", "coordinates": [[[-96.8115619, 32.7950839], [-96.8115884, 32.7950494], [-96.8115582, 32.7950329], [-96.8118404, 32.794665], [-96.8118581, 32.7946747], [-96.8118841, 32.7946408], [-96.8119255, 32.7946635], [-96.8119054, 32.7946897], [-96.8119431, 32.7947103], [-96.8119264, 32.7947325], [-96.811916, 32.7947264], [-96.811645, 32.7950796], [-96.8116186, 32.7950651], [-96.8115917, 32.7951002], [-96.8115619, 32.7950839]]]}, "properties": {"height": 8, "night": "#6a381f"}}, {"type": "Feature", "geometry": {"type": "Polygon", "coordinates": [[[-96.8116986, 32.7935153], [-96.8116961, 32.7936553], [-96.8116588, 32.7936557], [-96.8116558, 32.7937111], [-96.8115385, 32.7938049], [-96.8114807, 32.7938043], [-96.8114802, 32.7938417], [-96.8112973, 32.79384], [-96.8112988, 32.7937311], [-96.8114714, 32.7937328], [-96.811568, 32.7936574], [-96.8115663, 32.7935135], [-96.8116986, 32.7935153]]]}, "properties": {"height": 8, "night": "#6c3920"}}, {"type": "Feature", "geometry": {"type": "Polygon", "coordinates": [[[-96.810173, 32.7927909], [-96.8102671, 32.7927094], [-96.8103585, 32.7927847], [-96.8102644, 32.7928662], [-96.810173, 32.7927909]]]}, "properties": {"height": 8, "night": "#703b21"}}, {"type": "Feature", "geometry": {"type": "Polygon", "coordinates": [[[-96.810746, 32.7937397], [-96.8108295, 32.7937408], [-96.8108274, 32.7938518], [-96.8107439, 32.7938507], [-96.810745, 32.7937938], [-96.810746, 32.7937397]]]}, "properties": {"height": 8, "night": "#6d3a20"}}, {"type": "Feature", "geometry": {"type": "Polygon", "coordinates": [[[-96.7946375, 32.7988282], [-96.7947061, 32.798888], [-96.7946855, 32.7989046], [-96.7948615, 32.799058], [-96.7947173, 32.7991749], [-96.7944872, 32.7989743], [-96.7945567, 32.798918], [-96.7945422, 32.7989054], [-96.7946375, 32.7988282]]]}, "properties": {"height": 9, "night": "#754025"}}, {"type": "Feature", "geometry": {"type": "Polygon", "coordinates": [[[-96.7967889, 32.7984233], [-96.7970451, 32.7982069], [-96.7971424, 32.7982883], [-96.7968863, 32.7985047], [-96.7967889, 32.7984233]]]}, "properties": {"height": 8, "night": "#733d22"}}, {"type": "Feature", "geometry": {"type": "Polygon", "coordinates": [[[-96.7950159, 32.7976298], [-96.79524, 32.7974421], [-96.7953231, 32.7975121], [-96.795099, 32.7976999], [-96.7950159, 32.7976298]]]}, "properties": {"height": 9, "night": "#794226"}}, {"type": "Feature", "geometry": {"type": "Polygon", "coordinates": [[[-96.7992701, 32.797204], [-96.7993927, 32.797104], [-96.7997435, 32.7974081], [-96.7996209, 32.797508], [-96.7992701, 32.797204]]]}, "properties": {"height": 9, "night": "#774125"}}, {"type": "Feature", "geometry": {"type": "Polygon", "coordinates": [[[-96.797131, 32.7967456], [-96.7971535, 32.7967453], [-96.7973665, 32.796915], [-96.7972773, 32.7969948], [-96.7970527, 32.7968157], [-96.797131, 32.7967456]]]}, "properties": {"height": 8, "night": "#773f24"}}, {"type": "Feature", "geometry": {"type": "Polygon", "coordinates": [[[-96.7986542, 32.7964734], [-96.7986714, 32.7966031], [-96.7985547, 32.7967012], [-96.7982284, 32.7964272], [-96.7984136, 32.7962714], [-96.7986542, 32.7964734]]]}, "properties": {"height": 8, "night": "#773f24"}}, {"type": "Feature", "geometry": {"type": "Polygon", "coordinates": [[[-96.7968242, 32.7962056], [-96.7969137, 32.7961363], [-96.7969453, 32.7961652], [-96.7969861, 32.7961336], [-96.7970171, 32.7961619], [-96.7968868, 32.7962627], [-96.7968242, 32.7962056]]]}, "properties": {"height": 8, "night": "#794024"}}, {"type": "Feature", "geometry": {"type": "Polygon", "coordinates": [[[-96.7993149, 32.7954762], [-96.7993092, 32.79548], [-96.7992345, 32.7954195], [-96.7992467, 32.7954088], [-96.7992138, 32.7953822], [-96.7992046, 32.7953903], [-96.7991877, 32.7953766], [-96.7992575, 32.7953196], [-96.7992732, 32.7953323], [-96.799291, 32.7953167], [-96.7994017, 32.7953985], [-96.7993479, 32.7954459], [-96.7993553, 32.7954605], [-96.7993489, 32.7954746], [-96.7993318, 32.7954812], [-96.7993149, 32.7954762]]]}, "properties": {"height": 8, "night": "#794024"}}, {"type": "Feature", "geometry": {"type": "Polygon", "coordinates": [[[-96.7988256, 32.7950145], [-96.7987244, 32.7949234], [-96.7987281, 32.7949205], [-96.7986838, 32.7948806], [-96.7987447, 32.7948327], [-96.7988903, 32.7949638], [-96.7988256, 32.7950145]]]}, "properties": {"height": 8, "night": "#7a4125"}}, {"type": "Feature", "geometry": {"type": "Polygon", "coordinates": [[[-96.7986376, 32.7947399], [-96.7985893, 32.794693], [-96.7987002, 32.7946122], [-96.7987469, 32.7946576], [-96.7987161, 32.79468], [-96.7987235, 32.7946872], [-96.7986686, 32.7947272], [-96.7986628, 32.7947216], [-96.7986376, 32.7947399]]]}, "properties": {"height": 8, "night": "#7b4225"}}, {"type": "Feature", "geometry": {"type": "Polygon", "coordinates": [[[-96.7988592, 32.7942335], [-96.7989812, 32.7941368], [-96.7989859, 32.794141], [-96.7990066, 32.7941246], [-96.7990886, 32.7941984], [-96.7990693, 32.7942137], [-96.7990771, 32.7942207], [-96.7989537, 32.7943185], [-96.7988592, 32.7942335]]]}, "properties": {"height": 8, "night": "#7c4225"}}, {"type": "Feature", "geometry": {"type": "Polygon", "coordinates": [[[-96.8024786, 32.8010573], [-96.8023668, 32.8009659], [-96.8020875, 32.8012074], [-96.8021184, 32.8012328], [-96.8020955, 32.8012526], [-96.8022406, 32.8013713], [-96.8022636, 32.8013514], [-96.8023459, 32.8014186], [-96.8022302, 32.8015187], [-96.801978, 32.8013127], [-96.8019888, 32.8013033], [-96.8019197, 32.8012468], [-96.802318, 32.8009024], [-96.8023314, 32.8009134], [-96.802375, 32.8008758], [-96.8023675, 32.8008697], [-96.8026325, 32.8006406], [-96.8030057, 32.8009456], [-96.8028356, 32.8010926], [-96.802631, 32.8009255], [-96.8024786, 32.8010573]]]}, "properties": {"height": 9, "night": "#6b3a21"}}, {"type": "Feature", "geometry": {"type": "Polygon", "coordinates": [[[-96.8071231, 32.7995202], [-96.8071494, 32.799499], [-96.8072203, 32.7995609], [-96.8070632, 32.7996882], [-96.8069922, 32.7996263], [-96.8071231, 32.7995202]]]}, "properties": {"height": 3, "night": "#5c2914"}}, {"type": "Feature", "geometry": {"type": "Polygon", "coordinates": [[[-96.8028758, 32.7983459], [-96.8029222, 32.7981878], [-96.8029476, 32.7981938], [-96.802959, 32.7981591], [-96.8030626, 32.7981834], [-96.8030253, 32.7982969], [-96.8030178, 32.7982951], [-96.8030003, 32.7983482], [-96.8029662, 32.7983402], [-96.802957, 32.7983683], [-96.8028758, 32.7983459]]]}, "properties": {"height": 8, "night": "#6f3b21"}}, {"type": "Feature", "geometry": {"type": "Polygon", "coordinates": [[[-96.8031921, 32.7979903], [-96.8031144, 32.7979173], [-96.8031459, 32.7978933], [-96.8031333, 32.7978815], [-96.8031675, 32.7978555], [-96.8031835, 32.7978705], [-96.8032094, 32.7978509], [-96.8032012, 32.7978431], [-96.803262, 32.7977969], [-96.8033657, 32.7978943], [-96.8033171, 32.7979312], [-96.8033013, 32.7979164], [-96.8032232, 32.7979758], [-96.8032178, 32.7979708], [-96.8031921, 32.7979903]]]}, "properties": {"height": 8, "night": "#703b21"}}, {"type": "Feature", "geometry": {"type": "Polygon", "coordinates": [[[-96.8034069, 32.7973658], [-96.8035298, 32.7972674], [-96.8035476, 32.7972831], [-96.8035415, 32.7972879], [-96.8036305, 32.7973665], [-96.8033993, 32.7975514], [-96.8033191, 32.7974806], [-96.8033453, 32.7974597], [-96.8033247, 32.7974415], [-96.8034129, 32.797371], [-96.8034069, 32.7973658]]]}, "properties": {"height": 8, "night": "#713c21"}}, {"type": "Feature", "geometry": {"type": "Polygon", "coordinates": [[[-96.8039645, 32.7971481], [-96.8038794, 32.7970756], [-96.8040857, 32.7969045], [-96.8041584, 32.7969664], [-96.8041334, 32.7969872], [-96.8041484, 32.797], [-96.804101, 32.7970393], [-96.8040864, 32.7970269], [-96.8040554, 32.7970525], [-96.8040805, 32.7970739], [-96.8040107, 32.7971318], [-96.8039975, 32.7971207], [-96.8039645, 32.7971481]]]}, "properties": {"height": 8, "night": "#713c21"}}, {"type": "Feature", "geometry": {"type": "Polygon", "coordinates": [[[-96.8005086, 32.7968862], [-96.8004943, 32.7968738], [-96.8004894, 32.7968778], [-96.8003857, 32.7967877], [-96.8004673, 32.7967213], [-96.8004982, 32.7967482], [-96.800508, 32.7967402], [-96.8005466, 32.7967737], [-96.8005392, 32.7967798], [-96.8005728, 32.796809], [-96.8005451, 32.7968315], [-96.8005599, 32.7968444], [-96.8005086, 32.7968862]]]}, "properties": {"height": 8, "night": "#753e23"}}, {"type": "Feature", "geometry": {"type": "Polygon", "coordinates": [[[-96.8034587, 32.7965864], [-96.80349, 32.7965627], [-96.8034773, 32.7965508], [-96.8035671, 32.7964826], [-96.8036023, 32.7965237], [-96.8036109, 32.7965171], [-96.8036301, 32.7965351], [-96.8036112, 32.7965445], [-96.8036347, 32.7965665], [-96.8035916, 32.7965992], [-96.8035688, 32.7965778], [-96.8035028, 32.7966278], [-96.8034587, 32.7965864]]]}, "properties": {"height": 8, "night": "#723d22"}}, {"type": "Feature", "geometry": {"type": "Polygon", "coordinates": [[[-96.8032227, 32.7963574], [-96.8032954, 32.7962928], [-96.8033324, 32.7963225], [-96.803345, 32.7963113], [-96.803406, 32.7963602], [-96.8033207, 32.7964361], [-96.8032227, 32.7963574]]]}, "properties": {"height": 8, "night": "#733d22"}}, {"type": "Feature", "geometry": {"type": "Polygon", "coordinates": [[[-96.8022633, 32.7961741], [-96.8021435, 32.7961116], [-96.8020983, 32.7961733], [-96.8019948, 32.796118], [-96.8020328, 32.7959832], [-96.802422, 32.7961863], [-96.8023682, 32.7962598], [-96.8022469, 32.7961965], [-96.8022633, 32.7961741]]]}, "properties": {"height": 6, "night": "#6f371e"}}, {"type": "Feature", "geometry": {"type": "Polygon", "coordinates": [[[-96.8038836, 32.7959051], [-96.8039109, 32.7958819], [-96.8040078, 32.7959625], [-96.8039381, 32.7960217], [-96.8038412, 32.7959412], [-96.8038836, 32.7959051]]]}, "properties": {"height": 8, "night": "#733d22"}}, {"type": "Feature", "geometry": {"type": "Polygon", "coordinates": [[[-96.8032315, 32.7957243], [-96.8032183, 32.7957129], [-96.8032033, 32.7957252], [-96.8031874, 32.7957114], [-96.8031665, 32.7957286], [-96.8031053, 32.7956756], [-96.8031762, 32.7956172], [-96.8032071, 32.7956439], [-96.8032167, 32.7956359], [-96.8031796, 32.7956038], [-96.8032913, 32.7955033], [-96.8033786, 32.795577], [-96.8033268, 32.7956198], [-96.8033075, 32.7956031], [-96.8032958, 32.7956127], [-96.8033143, 32.7956287], [-96.8032652, 32.7956693], [-96.8032488, 32.7956551], [-96.8032371, 32.7956647], [-96.8032778, 32.7956999], [-96.8032397, 32.7957314], [-96.8032315, 32.7957243]]]}, "properties": {"height": 8, "night": "#743e23"}}, {"type": "Feature", "geometry": {"type": "Polygon", "coordinates": [[[-96.8001723, 32.7953147], [-96.8000772, 32.7952285], [-96.8000826, 32.7952244], [-96.8000695, 32.7952125], [-96.8000793, 32.7952048], [-96.8000469, 32.7951755], [-96.80007, 32.7951575], [-96.8000563, 32.795145], [-96.8001016, 32.7951097], [-96.8001129, 32.7951199], [-96.8001203, 32.7951141], [-96.8001667, 32.7951561], [-96.800172, 32.795152], [-96.8002687, 32.7952395], [-96.8001723, 32.7953147]]]}, "properties": {"height": 8, "night": "#794024"}}, {"type": "Feature", "geometry": {"type": "Polygon", "coordinates": [[[-96.8006834, 32.7948696], [-96.8006516, 32.7948429], [-96.8006463, 32.7948473], [-96.8005851, 32.7947957], [-96.8006065, 32.7947778], [-96.8005443, 32.7947253], [-96.8005048, 32.7947583], [-96.8004037, 32.7946729], [-96.8005054, 32.7945879], [-96.8005366, 32.7946143], [-96.8005576, 32.794632], [-96.8005562, 32.7946331], [-96.8006605, 32.7947212], [-96.8006851, 32.794742], [-96.8006799, 32.7947463], [-96.8007871, 32.7948369], [-96.8007155, 32.7948968], [-96.8006834, 32.7948696]]]}, "properties": {"height": 8, "night": "#794124"}}, {"type": "Feature", "geometry": {"type": "Polygon", "coordinates": [[[-96.8001106, 32.794386], [-96.8000917, 32.7943691], [-96.8000745, 32.7943828], [-96.8000338, 32.7943465], [-96.8000702, 32.7943174], [-96.8000775, 32.7943239], [-96.8001246, 32.7942779], [-96.8001771, 32.7943247], [-96.8001844, 32.7943189], [-96.8002229, 32.7943532], [-96.8002367, 32.7943422], [-96.8002721, 32.7943737], [-96.8002452, 32.7943953], [-96.8002503, 32.7943998], [-96.8001717, 32.7944627], [-96.8001334, 32.7944284], [-96.8001429, 32.7944208], [-96.8001106, 32.794386]]]}, "properties": {"height": 8, "night": "#7a4125"}}, {"type": "Feature", "geometry": {"type": "Polygon", "coordinates": [[[-96.8039275, 32.7928266], [-96.8037899, 32.7927934], [-96.8038485, 32.7926135], [-96.8037767, 32.7925964], [-96.8037704, 32.7926102], [-96.8037165, 32.7925986], [-96.803688, 32.7926815], [-96.8035582, 32.7926535], [-96.8035853, 32.7925696], [-96.8035341, 32.7925581], [-96.8035394, 32.7925423], [-96.8033605, 32.7924992], [-96.8034135, 32.7923487], [-96.8034385, 32.7922887], [-96.8034078, 32.7922799], [-96.8033984, 32.7923099], [-96.8033383, 32.7922947], [-96.803295, 32.7922838], [-96.803336, 32.7921518], [-96.8033798, 32.7921612], [-96.803457, 32.7921777], [-96.8034631, 32.7921641], [-96.8034876, 32.7921706], [-96.8034921, 32.7921501], [-96.8035351, 32.7920099], [-96.8037126, 32.7920523], [-96.8037339, 32.7919979], [-96.8037581, 32.7920058], [-96.8037621, 32.7919962], [-96.8039448, 32.7920415], [-96.8039924, 32.7919074], [-96.8041609, 32.7919478], [-96.8040581, 32.7922497], [-96.8040759, 32.7922538], [-96.8040675, 32.7922717], [-96.8043433, 32.7923401], [-96.8042847, 32.792506], [-96.8042767, 32.7925288], [-96.8042701, 32.7925474], [-96.8043476, 32.7925641], [-96.8043654, 32.7928599], [-96.8043447, 32.7928656], [-96.8043411, 32.7928523], [-96.8043005, 32.7928272], [-96.8042567, 32.792827], [-96.8042332, 32.792836], [-96.8042074, 32.7928528], [-96.8041971, 32.792873], [-96.8041914, 32.7928932], [-96.8041948, 32.792914], [-96.8041739, 32.7929199], [-96.8039178, 32.7928596], [-96.8039275, 32.7928266]]]}, "properties": {"height": 10, "night": "#80482a"}}, {"type": "Feature", "geometry": {"type": "Polygon", "coordinates": [[[-96.8043084, 32.7899166], [-96.8043123, 32.7898988], [-96.8040693, 32.7899204], [-96.8040693, 32.7899041], [-96.8039724, 32.7899086], [-96.8040436, 32.7896803], [-96.8044045, 32.7896866], [-96.8044492, 32.7895643], [-96.8045151, 32.7895731], [-96.8045481, 32.7894774], [-96.8048887, 32.7894768], [-96.8048968, 32.7896953], [-96.8046326, 32.7896956], [-96.8046331, 32.7898716], [-96.8048849, 32.7898719], [-96.8048642, 32.7901442], [-96.8044217, 32.7901436], [-96.8044208, 32.7899371], [-96.8043084, 32.7899166]]]}, "properties": {"height": 6, "night": "#773b20"}}, {"type": "Feature", "geometry": {"type": "Polygon", "coordinates": [[[-96.7978888, 32.7953784], [-96.7980152, 32.7952786], [-96.7980788, 32.7953356], [-96.7979524, 32.7954354], [-96.7978888, 32.7953784]]]}, "properties": {"height": 8, "night": "#7a4125"}}, {"type": "Feature", "geometry": {"type": "Polygon", "coordinates": [[[-96.7956296, 32.7867729], [-96.7956429, 32.7867621], [-96.795739, 32.7866843], [-96.7958207, 32.7867509], [-96.7958354, 32.7867628], [-96.7958479, 32.786773], [-96.7958641, 32.7867862], [-96.7958823, 32.786801], [-96.7959629, 32.7868666], [-96.7959398, 32.7868867], [-96.7959723, 32.7869131], [-96.7959036, 32.7869739], [-96.7958875, 32.7869881], [-96.7956296, 32.7867729]]]}, "properties": {"height": 8, "night": "#8f4e2c"}}, {"type": "Feature", "geometry": {"type": "Polygon", "coordinates": [[[-96.8020468, 32.7862164], [-96.8018339, 32.7860292], [-96.8021925, 32.7857245], [-96.8024082, 32.785914], [-96.8020468, 32.7862164]]]}, "properties": {"height": 74, "night": "#d3ae81"}}, {"type": "Feature", "geometry": {"type": "Polygon", "coordinates": [[[-96.7961148, 32.7881308], [-96.7961223, 32.7881247], [-96.7964362, 32.7883918], [-96.7963877, 32.7884306], [-96.7960694, 32.7881679], [-96.7961148, 32.7881308]]]}, "properties": {"height": 2, "night": "#763117"}}, {"type": "Feature", "geometry": {"type": "Polygon", "coordinates": [[[-96.8055169, 32.7839134], [-96.8054866, 32.7838875], [-96.8054766, 32.7838959], [-96.8052982, 32.7837438], [-96.8054099, 32.7836513], [-96.805648, 32.783454], [-96.8057111, 32.7834017], [-96.8058023, 32.7834796], [-96.8058263, 32.7834524], [-96.8058531, 32.7834769], [-96.8058386, 32.7834876], [-96.8058755, 32.7835231], [-96.8055169, 32.7839134]]]}, "properties": {"height": 8, "night": "#824628"}}, {"type": "Feature", "geometry": {"type": "Polygon", "coordinates": [[[-96.8135184, 32.7722102], [-96.8135266, 32.7722074], [-96.8136444, 32.7724578], [-96.8132742, 32.7725821], [-96.8131565, 32.7723317], [-96.8135184, 32.7722102]]]}, "properties": {"height": 8, "night": "#6d3a20"}}, {"type": "Feature", "geometry": {"type": "Polygon", "coordinates": [[[-96.810632, 32.7688321], [-96.8107221, 32.7687605], [-96.8108004, 32.7688308], [-96.8107103, 32.7689024], [-96.810632, 32.7688321]]]}, "properties": {"height": 8, "night": "#6e3a20"}}, {"type": "Feature", "geometry": {"type": "Polygon", "coordinates": [[[-96.8139275, 32.7748019], [-96.8139405, 32.7747995], [-96.8139731, 32.7749287], [-96.8138734, 32.7749467], [-96.8138408, 32.7748175], [-96.8139275, 32.7748019]]]}, "properties": {"height": 8, "night": "#6f3b21"}}, {"type": "Feature", "geometry": {"type": "Polygon", "coordinates": [[[-96.8087763, 32.7793362], [-96.8088252, 32.7793247], [-96.808835, 32.7793293], [-96.8088478, 32.7793271], [-96.8088765, 32.7793131], [-96.808902, 32.779293], [-96.8089225, 32.7792662], [-96.808931, 32.7792323], [-96.808931, 32.7791949], [-96.8089193, 32.7791877], [-96.8089136, 32.7791602], [-96.80892, 32.7791492], [-96.8089627, 32.7791429], [-96.8089709, 32.7791479], [-96.8089787, 32.7791787], [-96.8089713, 32.7791885], [-96.8089698, 32.7792357], [-96.8089539, 32.7792858], [-96.8089243, 32.7793193], [-96.8088834, 32.7793465], [-96.8088399, 32.7793608], [-96.8088336, 32.7793712], [-96.808792, 32.7793805], [-96.8087808, 32.7793756], [-96.8087706, 32.7793465], [-96.8087763, 32.7793362]]]}, "properties": {"height": 3.6576, "night": "#6e3219"}}, {"type": "Feature", "geometry": {"type": "Polygon", "coordinates": [[[-96.800523, 32.780263], [-96.8002566, 32.7803186], [-96.8001733, 32.780041], [-96.8004368, 32.7799842], [-96.800523, 32.780263]]]}, "properties": {"height": 8, "night": "#8d4d2c"}}, {"type": "Feature", "geometry": {"type": "Polygon", "coordinates": [[[-96.7904205, 32.7823861], [-96.7902761, 32.7824167], [-96.7902051, 32.782179], [-96.7903461, 32.7821562], [-96.7904205, 32.7823861]]]}, "properties": {"height": 8, "night": "#9b5430"}}, {"type": "Feature", "geometry": {"type": "Polygon", "coordinates": [[[-96.7934506, 32.7809656], [-96.7932963, 32.7809982], [-96.7932229, 32.7807528], [-96.7932618, 32.7807446], [-96.7932588, 32.7807326], [-96.7932967, 32.7807242], [-96.7933004, 32.7807373], [-96.7933775, 32.7807211], [-96.7934506, 32.7809656]]]}, "properties": {"height": 6, "night": "#934b29"}}, {"type": "Feature", "geometry": {"type": "Polygon", "coordinates": [[[-96.7960814, 32.7786016], [-96.7960565, 32.7785287], [-96.7960106, 32.7785398], [-96.7959886, 32.7784754], [-96.7959731, 32.7784792], [-96.7959504, 32.7784127], [-96.7962582, 32.7783384], [-96.7963278, 32.7785422], [-96.7960814, 32.7786016]]]}, "properties": {"height": 8, "night": "#94512e"}}, {"type": "Feature", "geometry": {"type": "Polygon", "coordinates": [[[-96.7907438, 32.7794347], [-96.7906156, 32.7795136], [-96.7904493, 32.7793226], [-96.7905774, 32.7792437], [-96.7907438, 32.7794347]]]}, "properties": {"height": 8, "night": "#9a5430"}}, {"type": "Feature", "geometry": {"type": "Polygon", "coordinates": [[[-96.7900645, 32.7790023], [-96.7898247, 32.7791443], [-96.7897381, 32.779041], [-96.7899779, 32.778899], [-96.7900645, 32.7790023]]]}, "properties": {"height": 8, "night": "#98532f"}}, {"type": "Feature", "geometry": {"type": "Polygon", "coordinates": [[[-96.786748, 32.7790733], [-96.7868712, 32.7789976], [-96.7869957, 32.7791423], [-96.7868724, 32.7792179], [-96.786748, 32.7790733]]]}, "properties": {"height": 9, "night": "#975431"}}, {"type": "Feature", "geometry": {"type": "Polygon", "coordinates": [[[-96.7872719, 32.7788528], [-96.787264, 32.7788426], [-96.7872477, 32.7788515], [-96.7871804, 32.7787646], [-96.7871939, 32.7787572], [-96.7871821, 32.778742], [-96.7872872, 32.7786844], [-96.7873743, 32.7787967], [-96.7872719, 32.7788528]]]}, "properties": {"height": 9, "night": "#975531"}}, {"type": "Feature", "geometry": {"type": "Polygon", "coordinates": [[[-96.787665, 32.7786283], [-96.7876506, 32.7786121], [-96.7876379, 32.7786202], [-96.7875651, 32.7785386], [-96.7875827, 32.7785273], [-96.7875699, 32.7785129], [-96.787666, 32.7784517], [-96.7877661, 32.7785639], [-96.787665, 32.7786283]]]}, "properties": {"height": 9, "night": "#975532"}}, {"type": "Feature", "geometry": {"type": "Polygon", "coordinates": [[[-96.793228, 32.7767418], [-96.7930549, 32.7765961], [-96.7930512, 32.7765993], [-96.792999, 32.7765554], [-96.7932042, 32.7763831], [-96.7934294, 32.7765726], [-96.793228, 32.7767418]]]}, "properties": {"height": 8, "night": "#93502e"}}, {"type": "Feature", "geometry": {"type": "Polygon", "coordinates": [[[-96.7865983, 32.7803987], [-96.7865718, 32.7804151], [-96.7865463, 32.7803858], [-96.7864258, 32.7804604], [-96.7863601, 32.7803853], [-96.7864157, 32.7803509], [-96.7864004, 32.7803334], [-96.7863903, 32.7803396], [-96.7862966, 32.7802325], [-96.7863102, 32.7802242], [-96.7862941, 32.7802058], [-96.7862747, 32.7802178], [-96.7862246, 32.7801607], [-96.7863046, 32.7801112], [-96.7862621, 32.7800626], [-96.7861825, 32.7801119], [-96.7861293, 32.7800511], [-96.7861434, 32.7800423], [-96.786099, 32.7799915], [-96.7861081, 32.7799859], [-96.7860921, 32.7799677], [-96.7860829, 32.7799734], [-96.7860726, 32.7799617], [-96.7860656, 32.7799661], [-96.7860315, 32.7799271], [-96.7860068, 32.7799424], [-96.7859891, 32.7799222], [-96.7858898, 32.7799837], [-96.7859057, 32.7800019], [-96.7858771, 32.7800196], [-96.7859115, 32.7800589], [-96.7859009, 32.7800654], [-96.7859142, 32.7800805], [-96.7859064, 32.7800854], [-96.7859224, 32.7801037], [-96.785934, 32.7800966], [-96.7860269, 32.7802028], [-96.7859582, 32.7802453], [-96.7860027, 32.7802962], [-96.7860772, 32.7802501], [-96.7861292, 32.7803096], [-96.786111, 32.7803208], [-96.7861261, 32.7803382], [-96.786131, 32.7803352], [-96.7862211, 32.7804382], [-96.7862143, 32.7804424], [-96.7862314, 32.780462], [-96.7862865, 32.7804279], [-96.7863528, 32.7805036], [-96.7862324, 32.780578], [-96.7862591, 32.7806085], [-96.7862332, 32.7806245], [-96.7862061, 32.7805936], [-96.7860876, 32.7806669], [-96.7860203, 32.78059], [-96.7860625, 32.7805639], [-96.7859411, 32.7804252], [-96.7859307, 32.7804316], [-96.7857829, 32.7802627], [-96.785793, 32.7802564], [-96.7857245, 32.7801781], [-96.7857188, 32.7801815], [-96.7856681, 32.7801236], [-96.7856417, 32.7801399], [-96.7855718, 32.78006], [-96.7856236, 32.7800279], [-96.7856177, 32.7800211], [-96.7858484, 32.7798784], [-96.7858567, 32.7798879], [-96.785954, 32.7798277], [-96.7859448, 32.7798171], [-96.7859963, 32.7797852], [-96.7860051, 32.7797953], [-96.7860636, 32.7797591], [-96.7860572, 32.7797517], [-96.7861108, 32.7797186], [-96.786118, 32.7797268], [-96.78617, 32.7796946], [-96.7862382, 32.7797725], [-96.7862046, 32.7797933], [-96.7862525, 32.7798481], [-96.7862442, 32.7798531], [-96.786318, 32.7799374], [-96.7863294, 32.7799303], [-96.7864716, 32.7800929], [-96.7864541, 32.7801037], [-96.7864756, 32.7801282], [-96.7864871, 32.7801211], [-96.7865777, 32.7802247], [-96.7865592, 32.7802361], [-96.7865768, 32.7802562], [-96.7866291, 32.7802238], [-96.7866918, 32.7802954], [-96.7865725, 32.7803692], [-96.7865983, 32.7803987]]]}, "properties": {"height": 9, "night": "#965431"}}, {"type": "Feature", "geometry": {"type": "Polygon", "coordinates": [[[-96.7809927, 32.7728058], [-96.7809766, 32.7727872], [-96.7809506, 32.7728033], [-96.7809296, 32.772779], [-96.780956, 32.7727627], [-96.7809507, 32.7727566], [-96.7811304, 32.7726455], [-96.7811742, 32.7726961], [-96.7809927, 32.7728058]]]}, "properties": {"height": 8, "night": "#804527"}}, {"type": "Feature", "geometry": {"type": "Polygon", "coordinates": [[[-96.781536, 32.7710058], [-96.7817333, 32.7712266], [-96.7815778, 32.7713242], [-96.7813825, 32.7711022], [-96.781536, 32.7710058]]]}, "properties": {"height": 8, "night": "#7e4326"}}, {"type": "Feature", "geometry": {"type": "Polygon", "coordinates": [[[-96.7839793, 32.7771454], [-96.7842124, 32.7769583], [-96.7842814, 32.7770196], [-96.7840483, 32.7772067], [-96.7839793, 32.7771454]]]}, "properties": {"height": 8, "night": "#8c4c2b"}}, {"type": "Feature", "geometry": {"type": "Polygon", "coordinates": [[[-96.7938636, 32.7712518], [-96.7938216, 32.7711421], [-96.7937961, 32.7711175], [-96.7939243, 32.7710274], [-96.7940265, 32.7711314], [-96.7938636, 32.7712518]]]}, "properties": {"height": 8, "night": "#864829"}}, {"type": "Feature", "geometry": {"type": "Polygon", "coordinates": [[[-96.7899397, 32.7734299], [-96.7899973, 32.7733856], [-96.79005, 32.7734346], [-96.7900364, 32.773445], [-96.7900678, 32.7734741], [-96.7899666, 32.7735518], [-96.7898826, 32.7734737], [-96.7899397, 32.7734299]]]}, "properties": {"height": 8, "night": "#8b4b2b"}}, {"type": "Feature", "geometry": {"type": "Polygon", "coordinates": [[[-96.7944419, 32.7729813], [-96.7945388, 32.7730648], [-96.7944611, 32.7731267], [-96.7943661, 32.7730417], [-96.7944419, 32.7729813]]]}, "properties": {"height": 8, "night": "#8a4b2b"}}, {"type": "Feature", "geometry": {"type": "Polygon", "coordinates": [[[-96.7922368, 32.7723684], [-96.7920652, 32.7722127], [-96.7922061, 32.7721018], [-96.7923541, 32.7722361], [-96.7922683, 32.7723036], [-96.7922851, 32.7723188], [-96.7923809, 32.7722434], [-96.7926076, 32.7724491], [-96.7925657, 32.7724821], [-96.7925764, 32.7724918], [-96.7922774, 32.7727271], [-96.7920468, 32.7725179], [-96.7922368, 32.7723684]]]}, "properties": {"height": 3, "night": "#77351a"}}, {"type": "Feature", "geometry": {"type": "Polygon", "coordinates": [[[-96.7965803, 32.7717935], [-96.7965663, 32.7717607], [-96.7965522, 32.7717648], [-96.7965343, 32.7717192], [-96.7966459, 32.7716887], [-96.79664, 32.7716759], [-96.7966888, 32.7716596], [-96.7966954, 32.7716752], [-96.7967964, 32.7716449], [-96.7968287, 32.7717261], [-96.7965803, 32.7717935]]]}, "properties": {"height": 8, "night": "#864829"}}, {"type": "Feature", "geometry": {"type": "Polygon", "coordinates": [[[-96.793666, 32.7708556], [-96.7937745, 32.7709611], [-96.7935249, 32.771132], [-96.7934193, 32.7710284], [-96.793666, 32.7708556]]]}, "properties": {"height": 8, "night": "#854829"}}, {"type": "Feature", "geometry": {"type": "Polygon", "coordinates": [[[-96.7903854, 32.77789], [-96.790379, 32.7778688], [-96.7904719, 32.7778468], [-96.7904599, 32.7778085], [-96.7905062, 32.777798], [-96.7904982, 32.7777763], [-96.7906538, 32.7777407], [-96.7907237, 32.7779408], [-96.7904136, 32.7780115], [-96.7904119, 32.7780066], [-96.7902585, 32.7780399], [-96.7902548, 32.7780291], [-96.7902139, 32.7780394], [-96.7901957, 32.7779811], [-96.7902351, 32.7779724], [-96.7902313, 32.7779622], [-96.7902847, 32.7779492], [-96.7902792, 32.7779357], [-96.7903504, 32.7778986], [-96.7903854, 32.77789]]]}, "properties": {"height": 8, "night": "#96522f"}}, {"type": "Feature", "geometry": {"type": "Polygon", "coordinates": [[[-96.7791708, 32.778974], [-96.7789965, 32.7788503], [-96.7789525, 32.7788942], [-96.7789225, 32.778873], [-96.7789749, 32.7788208], [-96.7784367, 32.7784393], [-96.7784063, 32.7784177], [-96.7783738, 32.7784501], [-96.7782939, 32.7783935], [-96.7782809, 32.7784065], [-96.7782141, 32.7783591], [-96.7781282, 32.7784448], [-96.7777637, 32.7788082], [-96.777773, 32.7788147], [-96.7780021, 32.7789772], [-96.7779445, 32.7790347], [-96.7782116, 32.7792241], [-96.7784216, 32.7790147], [-96.7781241, 32.7788037], [-96.7783495, 32.778579], [-96.778406, 32.778619], [-96.7783544, 32.7786704], [-96.7790094, 32.7791349], [-96.7790307, 32.7791137], [-96.7791708, 32.778974]]]}, "properties": {"height": 8, "night": "#824628"}}, {"type": "Feature", "geometry": {"type": "Polygon", "coordinates": [[[-96.7919512, 32.7956214], [-96.7919982, 32.7955814], [-96.7919118, 32.7955096], [-96.7918647, 32.7955496], [-96.7919512, 32.7956214]]]}, "properties": {"height": 9, "night": "#7e4628"}}, {"type": "Feature", "geometry": {"type": "Polygon", "coordinates": [[[-96.7771926, 32.78729], [-96.7772602, 32.7873028], [-96.7773264, 32.7873201], [-96.7773907, 32.7873419], [-96.7774527, 32.7873681], [-96.7775108, 32.7873978], [-96.7775659, 32.7874313], [-96.7776044, 32.787459], [-96.7776411, 32.7874287], [-96.7779494, 32.7876927], [-96.7777323, 32.7878719], [-96.777174, 32.7873937], [-96.7771926, 32.78729]]]}, "properties": {"height": 8, "night": "#7d4326"}}, {"type": "Feature", "geometry": {"type": "Polygon", "coordinates": [[[-96.799455, 32.7964228], [-96.7993429, 32.7963296], [-96.799051, 32.7965778], [-96.7991631, 32.7966709], [-96.799455, 32.7964228]]]}, "properties": {"height": 9, "night": "#794226"}}, {"type": "Feature", "geometry": {"type": "Polygon", "coordinates": [[[-96.7833777, 32.7951517], [-96.7831508, 32.7949637], [-96.7832503, 32.7948789], [-96.7834771, 32.7950668], [-96.7833777, 32.7951517]]]}, "properties": {"height": 8, "night": "#784024"}}, {"type": "Feature", "geometry": {"type": "Polygon", "coordinates": [[[-96.8083892, 32.7780076], [-96.8083792, 32.7779784], [-96.8083828, 32.7779694], [-96.8084185, 32.7779616], [-96.8084283, 32.7779655], [-96.8084484, 32.7779615], [-96.8084719, 32.7779609], [-96.8084928, 32.7779618], [-96.8085109, 32.7779642], [-96.808533, 32.7779706], [-96.8085511, 32.7779786], [-96.8085786, 32.777993], [-96.8086015, 32.7780111], [-96.8086174, 32.778027], [-96.8086284, 32.7780423], [-96.8086372, 32.7780583], [-96.8086404, 32.7780736], [-96.8086516, 32.7780789], [-96.8086618, 32.7781095], [-96.8086584, 32.7781161], [-96.808621, 32.7781245], [-96.8086101, 32.7781192], [-96.8086007, 32.7780889], [-96.8086072, 32.7780818], [-96.8086016, 32.7780674], [-96.8085943, 32.7780541], [-96.8085829, 32.778038], [-96.8085717, 32.7780267], [-96.808551, 32.7780135], [-96.8085308, 32.7780032], [-96.8085089, 32.777996], [-96.808491, 32.7779927], [-96.8084698, 32.7779916], [-96.8084518, 32.7779931], [-96.808438, 32.777996], [-96.808434, 32.7780038], [-96.8083969, 32.7780116], [-96.8083892, 32.7780076]]]}, "properties": {"height": 3.6576, "night": "#6f3219"}}, {"type": "Feature", "geometry": {"type": "Polygon", "coordinates": [[[-96.789524, 32.7793753], [-96.7894163, 32.7794448], [-96.7891096, 32.7791092], [-96.7892172, 32.7790396], [-96.789524, 32.7793753]]]}, "properties": {"height": 8, "night": "#98532f"}}, {"type": "Feature", "geometry": {"type": "Polygon", "coordinates": [[[-96.7922821, 32.7977297], [-96.7921919, 32.7976483], [-96.7922952, 32.7975675], [-96.7923853, 32.7976489], [-96.7922821, 32.7977297]]]}, "properties": {"height": 8, "night": "#763f23"}}, {"type": "Feature", "geometry": {"type": "Polygon", "coordinates": [[[-96.7987981, 32.7847977], [-96.7987847, 32.7848005], [-96.7987583, 32.784806], [-96.7986919, 32.7848199], [-96.7986643, 32.7848257], [-96.7986005, 32.7848481], [-96.7985536, 32.7848646], [-96.7985056, 32.7848023], [-96.7985332, 32.7847912], [-96.7985918, 32.7847676], [-96.7986225, 32.784758], [-96.7986582, 32.7847468], [-96.7986831, 32.7847408], [-96.7987085, 32.7847347], [-96.7987209, 32.7847317], [-96.7987981, 32.7847977]]]}, "properties": {"height": 8, "night": "#8f4d2c"}}, {"type": "Feature", "geometry": {"type": "Polygon", "coordinates": [[[-96.7914944, 32.7752565], [-96.79143, 32.7752035], [-96.7915268, 32.7751295], [-96.7916202, 32.7750441], [-96.7916785, 32.7751051], [-96.7914944, 32.7752565]]]}, "properties": {"height": 8, "night": "#904e2d"}}, {"type": "Feature", "geometry": {"type": "Polygon", "coordinates": [[[-96.8028905, 32.7903114], [-96.8029113, 32.7902953], [-96.8033404, 32.7906912], [-96.8033225, 32.790705], [-96.8033255, 32.7907078], [-96.8032772, 32.7907451], [-96.8032968, 32.7907632], [-96.8032289, 32.7908157], [-96.8031914, 32.7907808], [-96.8030805, 32.7908665], [-96.8030426, 32.7908958], [-96.8030043, 32.7908604], [-96.8025485, 32.7904391], [-96.8028111, 32.7902383], [-96.8028905, 32.7903114]]]}, "properties": {"height": 63, "night": "#c39d72"}}, {"type": "Feature", "geometry": {"type": "Polygon", "coordinates": [[[-96.7993248, 32.7935677], [-96.799607, 32.793817], [-96.7995376, 32.7938725], [-96.7995237, 32.7938601], [-96.7994704, 32.7939027], [-96.7994264, 32.7938638], [-96.7994089, 32.7938778], [-96.7991743, 32.7936706], [-96.799213, 32.7936397], [-96.7992233, 32.7936489], [-96.7993248, 32.7935677]]]}, "properties": {"height": 8, "night": "#7c4326"}}, {"type": "Feature", "geometry": {"type": "Polygon", "coordinates": [[[-96.8035709, 32.7935955], [-96.8034347, 32.7936643], [-96.8034565, 32.7936785], [-96.8034828, 32.7936857], [-96.8035104, 32.7936851], [-96.8035362, 32.7936767], [-96.8035572, 32.7936616], [-96.8035708, 32.7936413], [-96.8035755, 32.7936184], [-96.8035709, 32.7935955]]]}, "properties": {"height": 8, "night": "#784024"}}, {"type": "Feature", "geometry": {"type": "Polygon", "coordinates": [[[-96.808569, 32.7907112], [-96.80877, 32.7905961], [-96.8090483, 32.7904367], [-96.8092726, 32.7907135], [-96.8094144, 32.7908886], [-96.8089351, 32.791163], [-96.8087942, 32.7909891], [-96.808569, 32.7907112]]]}, "properties": {"height": 12, "night": "#804b2d"}}, {"type": "Feature", "geometry": {"type": "Polygon", "coordinates": [[[-96.8125965, 32.7890829], [-96.8126173, 32.7891495], [-96.8125838, 32.7891568], [-96.812563, 32.7890903], [-96.8125965, 32.7890829]]]}, "properties": {"height": 8, "night": "#703b21"}}, {"type": "Feature", "geometry": {"type": "Polygon", "coordinates": [[[-96.8126647, 32.7901923], [-96.8126855, 32.7902588], [-96.8126208, 32.7902731], [-96.8126, 32.7902066], [-96.8126647, 32.7901923]]]}, "properties": {"height": 8, "night": "#6f3b21"}}, {"type": "Feature", "geometry": {"type": "Polygon", "coordinates": [[[-96.812635, 32.789331], [-96.8126685, 32.7893236], [-96.8127009, 32.7894275], [-96.8126674, 32.7894349], [-96.812635, 32.789331]]]}, "properties": {"height": 8, "night": "#703b21"}}, {"type": "Feature", "geometry": {"type": "Polygon", "coordinates": [[[-96.7977467, 32.7964226], [-96.7976934, 32.7964648], [-96.7975716, 32.7963561], [-96.7976249, 32.7963139], [-96.7977467, 32.7964226]]]}, "properties": {"height": 8, "night": "#784024"}}, {"type": "Feature", "geometry": {"type": "Polygon", "coordinates": [[[-96.7902213, 32.7844987], [-96.7898324, 32.7846047], [-96.7898141, 32.7845572], [-96.790188, 32.7844123], [-96.7902213, 32.7844987]]]}, "properties": {"height": 3, "night": "#823a1c"}}, {"type": "Feature", "geometry": {"type": "Polygon", "coordinates": [[[-96.7827393, 32.7952858], [-96.7828174, 32.7952192], [-96.7830518, 32.7954132], [-96.7829737, 32.7954799], [-96.7827393, 32.7952858]]]}, "properties": {"height": 8, "night": "#774024"}}, {"type": "Feature", "geometry": {"type": "Polygon", "coordinates": [[[-96.7798442, 32.7827626], [-96.7797133, 32.7827878], [-96.7796515, 32.7825612], [-96.7797823, 32.782536], [-96.7798442, 32.7827626]]]}, "properties": {"height": 8, "night": "#854829"}}, {"type": "Feature", "geometry": {"type": "Polygon", "coordinates": [[[-96.7750878, 32.7944843], [-96.7755619, 32.7940844], [-96.7758065, 32.7942893], [-96.7756827, 32.7943937], [-96.7756584, 32.7943733], [-96.7753465, 32.7946363], [-96.7752281, 32.7945371], [-96.7751896, 32.7945696], [-96.7750878, 32.7944843]]]}, "properties": {"height": 8, "night": "#6f3b21"}}, {"type": "Feature", "geometry": {"type": "Polygon", "coordinates": [[[-96.7801751, 32.7786333], [-96.7801534, 32.7786757], [-96.7800756, 32.7786475], [-96.7800973, 32.7786051], [-96.7801751, 32.7786333]]]}, "properties": {"height": 8, "night": "#854829"}}, {"type": "Feature", "geometry": {"type": "Polygon", "coordinates": [[[-96.7801885, 32.778374], [-96.7801107, 32.7783853], [-96.7801013, 32.778339], [-96.780179, 32.7783277], [-96.7801885, 32.778374]]]}, "properties": {"height": 8, "night": "#854829"}}, {"type": "Feature", "geometry": {"type": "Polygon", "coordinates": [[[-96.7797148, 32.7788383], [-96.7796652, 32.778785], [-96.7797094, 32.7787559], [-96.779759, 32.7788091], [-96.7797148, 32.7788383]]]}, "properties": {"height": 8, "night": "#854729"}}, {"type": "Feature", "geometry": {"type": "Polygon", "coordinates": [[[-96.780276, 32.778617], [-96.780222, 32.7786107], [-96.7802334, 32.7785414], [-96.7802874, 32.7785476], [-96.780276, 32.778617]]]}, "properties": {"height": 8, "night": "#864829"}}, {"type": "Feature", "geometry": {"type": "Polygon", "coordinates": [[[-96.7797024, 32.7780724], [-96.7796731, 32.7780376], [-96.7797408, 32.7779973], [-96.7797701, 32.778032], [-96.7797024, 32.7780724]]]}, "properties": {"height": 8, "night": "#844728"}}, {"type": "Feature", "geometry": {"type": "Polygon", "coordinates": [[[-96.7797287, 32.7782802], [-96.7796844, 32.7783078], [-96.7796357, 32.7782524], [-96.7796799, 32.7782249], [-96.7797287, 32.7782802]]]}, "properties": {"height": 8, "night": "#844728"}}, {"type": "Feature", "geometry": {"type": "Polygon", "coordinates": [[[-96.7843895, 32.7917566], [-96.7843045, 32.7918259], [-96.7841737, 32.7917126], [-96.7842588, 32.7916433], [-96.7843895, 32.7917566]]]}, "properties": {"height": 8, "night": "#804527"}}, {"type": "Feature", "geometry": {"type": "Polygon", "coordinates": [[[-96.7969658, 32.7696909], [-96.7971134, 32.7697926], [-96.7966673, 32.7702503], [-96.7963745, 32.7700486], [-96.7963578, 32.7700371], [-96.7964094, 32.7699842], [-96.7968611, 32.7695206], [-96.7969372, 32.7695728], [-96.7970233, 32.7696319], [-96.7969658, 32.7696909]]]}, "properties": {"height": 8, "night": "#814527"}}, {"type": "Feature", "geometry": {"type": "Polygon", "coordinates": [[[-96.7804447, 32.7994383], [-96.7803228, 32.7995412], [-96.7801538, 32.7993997], [-96.7802757, 32.7992968], [-96.7804447, 32.7994383]]]}, "properties": {"height": 8, "night": "#6c3920"}}, {"type": "Feature", "geometry": {"type": "Polygon", "coordinates": [[[-96.7818207, 32.8019324], [-96.7817743, 32.8018936], [-96.7820881, 32.8016287], [-96.7821345, 32.8016675], [-96.7818207, 32.8019324]]]}, "properties": {"height": 8, "night": "#68361e"}}, {"type": "Feature", "geometry": {"type": "Polygon", "coordinates": [[[-96.7949106, 32.7956277], [-96.7949549, 32.7955909], [-96.7950492, 32.7956712], [-96.7950049, 32.795708], [-96.7949106, 32.7956277]]]}, "properties": {"height": 9, "night": "#7e4528"}}, {"type": "Feature", "geometry": {"type": "Polygon", "coordinates": [[[-96.7922612, 32.8016677], [-96.7922481, 32.8016785], [-96.7921916, 32.8016305], [-96.7916778, 32.8020576], [-96.7917004, 32.8020768], [-96.7916379, 32.8021288], [-96.7916311, 32.8021345], [-96.7918649, 32.8023331], [-96.7918725, 32.8023397], [-96.7924687, 32.801844], [-96.7923938, 32.8017804], [-96.7922612, 32.8016677]]]}, "properties": {"height": 12, "night": "#754429"}}, {"type": "Feature", "geometry": {"type": "Polygon", "coordinates": [[[-96.7921374, 32.7687821], [-96.7921082, 32.7687564], [-96.7921668, 32.7687093], [-96.792196, 32.768735], [-96.7921374, 32.7687821]]]}, "properties": {"height": 8, "night": "#804527"}}, {"type": "Feature", "geometry": {"type": "Polygon", "coordinates": [[[-96.7893185, 32.7964349], [-96.7893625, 32.7964736], [-96.7892831, 32.7965374], [-96.7892391, 32.7964987], [-96.7893185, 32.7964349]]]}, "properties": {"height": 8, "night": "#794024"}}, {"type": "Feature", "geometry": {"type": "Polygon", "coordinates": [[[-96.7888325, 32.796496], [-96.7887849, 32.796536], [-96.7886987, 32.7964637], [-96.7887462, 32.7964236], [-96.7888325, 32.796496]]]}, "properties": {"height": 8, "night": "#794024"}}, {"type": "Feature", "geometry": {"type": "Polygon", "coordinates": [[[-96.7889714, 32.7964618], [-96.7890175, 32.7964231], [-96.7891038, 32.7964955], [-96.7890577, 32.7965343], [-96.7889714, 32.7964618]]]}, "properties": {"height": 8, "night": "#794024"}}, {"type": "Feature", "geometry": {"type": "Polygon", "coordinates": [[[-96.7863019, 32.7992509], [-96.7862555, 32.79929], [-96.7861511, 32.7992026], [-96.7861975, 32.7991635], [-96.7863019, 32.7992509]]]}, "properties": {"height": 8, "night": "#713c21"}}, {"type": "Feature", "geometry": {"type": "Polygon", "coordinates": [[[-96.7788796, 32.8018056], [-96.7787286, 32.8016809], [-96.7787844, 32.8016331], [-96.7789354, 32.8017578], [-96.7788796, 32.8018056]]]}, "properties": {"height": 8, "night": "#65351d"}}, {"type": "Feature", "geometry": {"type": "Polygon", "coordinates": [[[-96.7822117, 32.7983845], [-96.78242, 32.7982097], [-96.7824598, 32.7982433], [-96.782456, 32.7982465], [-96.7824808, 32.7982674], [-96.7822764, 32.798439], [-96.7822117, 32.7983845]]]}, "properties": {"height": 8, "night": "#703b21"}}, {"type": "Feature", "geometry": {"type": "Polygon", "coordinates": [[[-96.78735, 32.7910367], [-96.787032, 32.7907614], [-96.7870979, 32.7907075], [-96.787416, 32.7909829], [-96.78735, 32.7910367]]]}, "properties": {"height": 8, "night": "#854829"}}, {"type": "Feature", "geometry": {"type": "Polygon", "coordinates": [[[-96.7874248, 32.7911612], [-96.7873699, 32.791206], [-96.7872718, 32.7911212], [-96.7873267, 32.7910763], [-96.7874248, 32.7911612]]]}, "properties": {"height": 8, "night": "#854729"}}, {"type": "Feature", "geometry": {"type": "Polygon", "coordinates": [[[-96.7846363, 32.7976121], [-96.7845551, 32.7976791], [-96.784505, 32.7976362], [-96.7844646, 32.7976695], [-96.7842297, 32.7974683], [-96.7843513, 32.797368], [-96.7846363, 32.7976121]]]}, "properties": {"height": 8, "night": "#743d22"}}, {"type": "Feature", "geometry": {"type": "Polygon", "coordinates": [[[-96.7981641, 32.7790401], [-96.7982312, 32.7792663], [-96.7975324, 32.7794128], [-96.7974652, 32.7791862], [-96.7976306, 32.7791515], [-96.7976571, 32.7792408], [-96.7980134, 32.7791662], [-96.797987, 32.7790772], [-96.7981641, 32.7790401]]]}, "properties": {"height": 31, "night": "#e7b47c"}}, {"type": "Feature", "geometry": {"type": "Polygon", "coordinates": [[[-96.8086426, 32.7798632], [-96.8085089, 32.7798912], [-96.8085313, 32.7799666], [-96.8084754, 32.7799783], [-96.8084536, 32.7799047], [-96.8083361, 32.7799293], [-96.8083934, 32.7801225], [-96.8087004, 32.7800581], [-96.8086426, 32.7798632]]]}, "properties": {"height": 6.096, "night": "#773c20"}}, {"type": "Feature", "geometry": {"type": "Polygon", "coordinates": [[[-96.8203048, 32.7867047], [-96.8208076, 32.7864439], [-96.821, 32.7867095], [-96.8204977, 32.7869691], [-96.8203048, 32.7867047]]]}, "properties": {"height": 8, "night": "#62331c"}}, {"type": "Feature", "geometry": {"type": "Polygon", "coordinates": [[[-96.8140427, 32.7859456], [-96.8139944, 32.7858794], [-96.8138559, 32.7859508], [-96.8136794, 32.7857091], [-96.8138262, 32.7856333], [-96.8142727, 32.7854029], [-96.8144975, 32.7857109], [-96.8140427, 32.7859456]]]}, "properties": {"height": 8, "night": "#703b21"}}, {"type": "Feature", "geometry": {"type": "Polygon", "coordinates": [[[-96.7888588, 32.784758], [-96.7885368, 32.7849145], [-96.7885267, 32.7848997], [-96.7884944, 32.7849154], [-96.7881885, 32.7844705], [-96.7882486, 32.7844413], [-96.788374, 32.7843804], [-96.7885704, 32.7843386], [-96.7888588, 32.784758]]]}, "properties": {"height": 23, "night": "#cf9764"}}, {"type": "Feature", "geometry": {"type": "Polygon", "coordinates": [[[-96.8059891, 32.7887866], [-96.8061678, 32.7886487], [-96.8061939, 32.7886726], [-96.80628, 32.7886062], [-96.8066546, 32.7889492], [-96.8067313, 32.7890195], [-96.8066046, 32.7891173], [-96.8065855, 32.7890998], [-96.8065196, 32.7891507], [-96.8065103, 32.7891422], [-96.8064383, 32.7891978], [-96.8059891, 32.7887866]]]}, "properties": {"height": 66, "night": "#bf996f"}}, {"type": "Feature", "geometry": {"type": "Polygon", "coordinates": [[[-96.7829515, 32.7749756], [-96.7829086, 32.7749261], [-96.7828539, 32.7749596], [-96.7828968, 32.7750091], [-96.7829515, 32.7749756]]]}, "properties": {"height": 8, "night": "#874929"}}, {"type": "Feature", "geometry": {"type": "Polygon", "coordinates": [[[-96.784248, 32.7848125], [-96.7840921, 32.784844], [-96.7840689, 32.7847629], [-96.7840468, 32.7846859], [-96.7841374, 32.7846675], [-96.7841579, 32.7847391], [-96.7842232, 32.7847258], [-96.784248, 32.7848125]]]}, "properties": {"height": 8, "night": "#8c4c2b"}}, {"type": "Feature", "geometry": {"type": "Polygon", "coordinates": [[[-96.8071535, 32.7769866], [-96.8071036, 32.7768201], [-96.8070822, 32.7768097], [-96.8069352, 32.7768398], [-96.8069331, 32.7768324], [-96.8067205, 32.7768759], [-96.8067172, 32.7768644], [-96.8066695, 32.7768741], [-96.8066646, 32.7768574], [-96.8064955, 32.7768921], [-96.8064886, 32.7768686], [-96.8064567, 32.7768751], [-96.8065004, 32.7770281], [-96.8065844, 32.7770122], [-96.8065947, 32.7770506], [-96.8066892, 32.7770311], [-96.8066905, 32.7770353], [-96.8067157, 32.77703], [-96.8067196, 32.7770433], [-96.8068515, 32.7770155], [-96.8068551, 32.7770275], [-96.8070524, 32.7769857], [-96.8070587, 32.7770067], [-96.8071535, 32.7769866]]]}, "properties": {"height": 36, "night": "#c49868"}}, {"type": "Feature", "geometry": {"type": "Polygon", "coordinates": [[[-96.7837179, 32.7845748], [-96.7836818, 32.7845818], [-96.7836487, 32.7844615], [-96.7836847, 32.7844545], [-96.7837179, 32.7845748]]]}, "properties": {"height": 8, "night": "#8c4c2b"}}, {"type": "Feature", "geometry": {"type": "Polygon", "coordinates": [[[-96.8072198, 32.7906258], [-96.8073464, 32.7904457], [-96.8075947, 32.7906571], [-96.8075491, 32.7906969], [-96.8075757, 32.7907279], [-96.8074874, 32.7908535], [-96.8072198, 32.7906258]]]}, "properties": {"height": 8, "night": "#774024"}}, {"type": "Feature", "geometry": {"type": "Polygon", "coordinates": [[[-96.8221745, 32.7925339], [-96.8219385, 32.7921179], [-96.8219492, 32.7921078], [-96.8223113, 32.7923423], [-96.8221745, 32.7925339]]]}, "properties": {"height": 8, "night": "#5b2f19"}}, {"type": "Feature", "geometry": {"type": "Polygon", "coordinates": [[[-96.8200503, 32.7904965], [-96.8202113, 32.7904113], [-96.8201337, 32.7903022], [-96.8199713, 32.7903872], [-96.8200503, 32.7904965]]]}, "properties": {"height": 8, "night": "#60321c"}}, {"type": "Feature", "geometry": {"type": "Polygon", "coordinates": [[[-96.7860305, 32.8003928], [-96.786076, 32.8003545], [-96.7862896, 32.8005335], [-96.7862441, 32.8005719], [-96.7860305, 32.8003928]]]}, "properties": {"height": 8, "night": "#6e3a20"}}, {"type": "Feature", "geometry": {"type": "Polygon", "coordinates": [[[-96.7858484, 32.8001972], [-96.7858971, 32.8002393], [-96.7858141, 32.8003072], [-96.7857653, 32.8002651], [-96.7858484, 32.8001972]]]}, "properties": {"height": 8, "night": "#6e3a20"}}, {"type": "Feature", "geometry": {"type": "Polygon", "coordinates": [[[-96.7861975, 32.7991635], [-96.7862438, 32.7991244], [-96.7863482, 32.7992118], [-96.7863019, 32.7992509], [-96.7861975, 32.7991635]]]}, "properties": {"height": 8, "night": "#713c21"}}, {"type": "Feature", "geometry": {"type": "Polygon", "coordinates": [[[-96.7858472, 32.7992377], [-96.7858003, 32.7992776], [-96.7857215, 32.7992121], [-96.7857684, 32.7991722], [-96.7858472, 32.7992377]]]}, "properties": {"height": 8, "night": "#713c21"}}, {"type": "Feature", "geometry": {"type": "Polygon", "coordinates": [[[-96.7860894, 32.7994308], [-96.7860425, 32.7994707], [-96.7859636, 32.7994051], [-96.7860106, 32.7993652], [-96.7860894, 32.7994308]]]}, "properties": {"height": 8, "night": "#703b21"}}, {"type": "Feature", "geometry": {"type": "Polygon", "coordinates": [[[-96.7861833, 32.7993509], [-96.7861363, 32.7993908], [-96.7860575, 32.7993253], [-96.7861044, 32.7992854], [-96.7861833, 32.7993509]]]}, "properties": {"height": 8, "night": "#713c21"}}, {"type": "Feature", "geometry": {"type": "Polygon", "coordinates": [[[-96.7844548, 32.7969773], [-96.7843873, 32.7969188], [-96.7846193, 32.7967295], [-96.7846868, 32.7967879], [-96.7844548, 32.7969773]]]}, "properties": {"height": 8, "night": "#753e23"}}, {"type": "Feature", "geometry": {"type": "Polygon", "coordinates": [[[-96.7846531, 32.7975721], [-96.784365, 32.7973253], [-96.7844854, 32.797226], [-96.7847735, 32.7974727], [-96.7846531, 32.7975721]]]}, "properties": {"height": 8, "night": "#743e23"}}, {"type": "Feature", "geometry": {"type": "Polygon", "coordinates": [[[-96.7922418, 32.7948719], [-96.7922907, 32.7948315], [-96.7922055, 32.7947587], [-96.7921566, 32.7947991], [-96.7922418, 32.7948719]]]}, "properties": {"height": 9, "night": "#804729"}}, {"type": "Feature", "geometry": {"type": "Polygon", "coordinates": [[[-96.7918676, 32.7954258], [-96.7919141, 32.7953861], [-96.7918204, 32.7953087], [-96.791774, 32.7953484], [-96.7918676, 32.7954258]]]}, "properties": {"height": 9, "night": "#7f4628"}}, {"type": "Feature", "geometry": {"type": "Polygon", "coordinates": [[[-96.791681, 32.7953347], [-96.791727, 32.7952959], [-96.79164, 32.7952232], [-96.7915941, 32.795262], [-96.791681, 32.7953347]]]}, "properties": {"height": 9, "night": "#7f4628"}}, {"type": "Feature", "geometry": {"type": "Polygon", "coordinates": [[[-96.7915443, 32.7954528], [-96.7915908, 32.7954143], [-96.7915056, 32.7953415], [-96.7914591, 32.7953799], [-96.7915443, 32.7954528]]]}, "properties": {"height": 9, "night": "#7f4628"}}, {"type": "Feature", "geometry": {"type": "Polygon", "coordinates": [[[-96.7917585, 32.7958722], [-96.7918052, 32.7958337], [-96.7918911, 32.7959071], [-96.7918444, 32.7959457], [-96.7917585, 32.7958722]]]}, "properties": {"height": 8, "night": "#7b4225"}}, {"type": "Feature", "geometry": {"type": "Polygon", "coordinates": [[[-96.7973598, 32.7955879], [-96.7974145, 32.7956334], [-96.7973686, 32.7956724], [-96.7973869, 32.7956877], [-96.797226, 32.7958242], [-96.7971529, 32.7957633], [-96.7973598, 32.7955879]]]}, "properties": {"height": 8, "night": "#7a4125"}}, {"type": "Feature", "geometry": {"type": "Polygon", "coordinates": [[[-96.7951532, 32.7694692], [-96.7951027, 32.7694352], [-96.7951968, 32.7693361], [-96.7952474, 32.7693701], [-96.7951532, 32.7694692]]]}, "properties": {"height": 8, "night": "#814527"}}, {"type": "Feature", "geometry": {"type": "Polygon", "coordinates": [[[-96.7954543, 32.7694151], [-96.7954004, 32.7693788], [-96.7954946, 32.7692797], [-96.7955485, 32.769316], [-96.7954543, 32.7694151]]]}, "properties": {"height": 8, "night": "#814527"}}, {"type": "Feature", "geometry": {"type": "Polygon", "coordinates": [[[-96.7959807, 32.7690739], [-96.7958821, 32.7691732], [-96.7958327, 32.7691385], [-96.7959313, 32.7690392], [-96.7959807, 32.7690739]]]}, "properties": {"height": 8, "night": "#804527"}}, {"type": "Feature", "geometry": {"type": "Polygon", "coordinates": [[[-96.7841533, 32.7844825], [-96.7841371, 32.7844262], [-96.7841243, 32.7843818], [-96.7841564, 32.7843752], [-96.784137, 32.784308], [-96.7841314, 32.7843092], [-96.7841163, 32.7842565], [-96.7840911, 32.7842616], [-96.7840955, 32.784277], [-96.7840159, 32.7842931], [-96.7840406, 32.7843794], [-96.784028, 32.7843816], [-96.7840625, 32.784501], [-96.7841533, 32.7844825]]]}, "properties": {"height": 8, "night": "#8d4c2b"}}, {"type": "Feature", "geometry": {"type": "Polygon", "coordinates": [[[-96.7859907, 32.7844556], [-96.7861678, 32.7846063], [-96.7860493, 32.7847048], [-96.7858419, 32.7845284], [-96.7857828, 32.7843215], [-96.7859431, 32.7842892], [-96.7859907, 32.7844556]]]}, "properties": {"height": 8, "night": "#904e2d"}}, {"type": "Feature", "geometry": {"type": "Polygon", "coordinates": [[[-96.7761481, 32.7848291], [-96.7761501, 32.784835], [-96.7761989, 32.7848251], [-96.7761686, 32.7847198], [-96.7761591, 32.7846866], [-96.7761107, 32.784696], [-96.7761481, 32.7848291]]]}, "properties": {"height": 8, "night": "#7d4326"}}, {"type": "Feature", "geometry": {"type": "Polygon", "coordinates": [[[-96.7849505, 32.7841361], [-96.7850004, 32.7843133], [-96.7849206, 32.7843292], [-96.7848694, 32.7841522], [-96.7849505, 32.7841361]]]}, "properties": {"height": 8, "night": "#8e4d2c"}}, {"type": "Feature", "geometry": {"type": "Polygon", "coordinates": [[[-96.7842592, 32.7833952], [-96.7842666, 32.7833936], [-96.784334, 32.7833789], [-96.7842581, 32.7831227], [-96.7841825, 32.7831388], [-96.7842007, 32.7831995], [-96.7842592, 32.7833952]]]}, "properties": {"height": 8, "night": "#8e4d2c"}}, {"type": "Feature", "geometry": {"type": "Polygon", "coordinates": [[[-96.7841268, 32.7835189], [-96.7841894, 32.7835056], [-96.7841624, 32.7834158], [-96.7840999, 32.7834288], [-96.7841268, 32.7835189]]]}, "properties": {"height": 8, "night": "#8e4d2c"}}, {"type": "Feature", "geometry": {"type": "Polygon", "coordinates": [[[-96.781547, 32.7853167], [-96.7816185, 32.7853026], [-96.7816105, 32.7852743], [-96.7815811, 32.7851682], [-96.7815097, 32.7851822], [-96.781547, 32.7853167]]]}, "properties": {"height": 8, "night": "#874929"}}, {"type": "Feature", "geometry": {"type": "Polygon", "coordinates": [[[-96.7769314, 32.7837806], [-96.7770919, 32.7837471], [-96.7770688, 32.7836691], [-96.7770514, 32.7836103], [-96.7768909, 32.7836438], [-96.7769314, 32.7837806]]]}, "properties": {"height": 8, "night": "#7f4427"}}, {"type": "Feature", "geometry": {"type": "Polygon", "coordinates": [[[-96.7824729, 32.7840345], [-96.7825543, 32.7840187], [-96.7824827, 32.7837577], [-96.7824013, 32.7837734], [-96.7824729, 32.7840345]]]}, "properties": {"height": 8, "night": "#8a4b2a"}}, {"type": "Feature", "geometry": {"type": "Polygon", "coordinates": [[[-96.7785341, 32.7859331], [-96.7785524, 32.7859994], [-96.7782922, 32.7860499], [-96.778274, 32.7859836], [-96.7782104, 32.785996], [-96.7781701, 32.7858495], [-96.7788836, 32.7857109], [-96.7789239, 32.7858573], [-96.7787231, 32.7858963], [-96.7786615, 32.7859083], [-96.7785341, 32.7859331]]]}, "properties": {"height": 8, "night": "#814527"}}, {"type": "Feature", "geometry": {"type": "Polygon", "coordinates": [[[-96.7851292, 32.8015243], [-96.7849034, 32.8013328], [-96.7850876, 32.8011794], [-96.7853134, 32.801371], [-96.7851292, 32.8015243]]]}, "properties": {"height": 8, "night": "#6b381f"}}, {"type": "Feature", "geometry": {"type": "Polygon", "coordinates": [[[-96.7844943, 32.8014215], [-96.7845436, 32.8014657], [-96.7844638, 32.8015287], [-96.7844144, 32.8014845], [-96.7844943, 32.8014215]]]}, "properties": {"height": 8, "night": "#6a381f"}}, {"type": "Feature", "geometry": {"type": "Polygon", "coordinates": [[[-96.7835006, 32.7939905], [-96.7834089, 32.7940686], [-96.7834552, 32.7941066], [-96.7835463, 32.7940285], [-96.7835006, 32.7939905]]]}, "properties": {"height": 8, "night": "#7b4225"}}, {"type": "Feature", "geometry": {"type": "Polygon", "coordinates": [[[-96.7862513, 32.7870509], [-96.786031, 32.7868611], [-96.7861209, 32.7867873], [-96.7862021, 32.7868573], [-96.7863412, 32.7869772], [-96.7862513, 32.7870509]]]}, "properties": {"height": 8, "night": "#8c4c2b"}}, {"type": "Feature", "geometry": {"type": "Polygon", "coordinates": [[[-96.8020073, 32.7870784], [-96.8017909, 32.7872668], [-96.8017503, 32.7873022], [-96.8011939, 32.786827], [-96.8014537, 32.78661], [-96.8020073, 32.7870784]]]}, "properties": {"height": 14, "night": "#9b613c"}}, {"type": "Feature", "geometry": {"type": "Polygon", "coordinates": [[[-96.7811313, 32.7885246], [-96.7809041, 32.7883333], [-96.7809345, 32.7883078], [-96.7809809, 32.7882689], [-96.7807968, 32.7881139], [-96.7806003, 32.7879484], [-96.7808141, 32.787769], [-96.7810131, 32.7879365], [-96.7810858, 32.7879977], [-96.7812001, 32.788094], [-96.7811654, 32.7881231], [-96.7812474, 32.7881922], [-96.7812255, 32.7882106], [-96.7813652, 32.7883283], [-96.7813724, 32.7883343], [-96.7811384, 32.7885306], [-96.7811313, 32.7885246]]]}, "properties": {"height": 37, "night": "#cb9e6d"}}, {"type": "Feature", "geometry": {"type": "Polygon", "coordinates": [[[-96.7797312, 32.7908473], [-96.7799493, 32.7910336], [-96.7796029, 32.7913202], [-96.7793848, 32.7911339], [-96.7797312, 32.7908473]]]}, "properties": {"height": 46.5, "night": "#bf9568"}}, {"type": "Feature", "geometry": {"type": "Polygon", "coordinates": [[[-96.7795327, 32.7886216], [-96.7795179, 32.7886092], [-96.7796814, 32.7884707], [-96.7796245, 32.7884234], [-96.7797067, 32.7883536], [-96.779901, 32.7885281], [-96.7798919, 32.7885353], [-96.780133, 32.7887364], [-96.7799032, 32.7889311], [-96.7798437, 32.7888814], [-96.7797595, 32.7888111], [-96.7795327, 32.7886216]]]}, "properties": {"height": 29, "night": "#c39464"}}, {"type": "Feature", "geometry": {"type": "Polygon", "coordinates": [[[-96.787304, 32.7865105], [-96.7872965, 32.7865042], [-96.7872379, 32.7865535], [-96.7871793, 32.7866028], [-96.7873226, 32.7867231], [-96.7874045, 32.7866541], [-96.7874262, 32.7866723], [-96.7874614, 32.7866427], [-96.787304, 32.7865105]]]}, "properties": {"height": 8, "night": "#8e4d2c"}}, {"type": "Feature", "geometry": {"type": "Polygon", "coordinates": [[[-96.7945166, 32.7702829], [-96.7946239, 32.770388], [-96.7945463, 32.7704412], [-96.7945245, 32.7704192], [-96.7944729, 32.7704542], [-96.7943908, 32.7703672], [-96.7945166, 32.7702829]]]}, "properties": {"height": 8, "night": "#844728"}}, {"type": "Feature", "geometry": {"type": "Polygon", "coordinates": [[[-96.7839099, 32.7718537], [-96.7838366, 32.7718028], [-96.7841115, 32.7715231], [-96.7841848, 32.7715741], [-96.7839099, 32.7718537]]]}, "properties": {"height": 8, "night": "#824628"}}, {"type": "Feature", "geometry": {"type": "Polygon", "coordinates": [[[-96.7857622, 32.7964571], [-96.7856863, 32.7965206], [-96.7853336, 32.796223], [-96.7854095, 32.7961595], [-96.7857622, 32.7964571]]]}, "properties": {"height": 8, "night": "#774024"}}, {"type": "Feature", "geometry": {"type": "Polygon", "coordinates": [[[-96.7783141, 32.7953368], [-96.7782099, 32.7954241], [-96.7782602, 32.7954666], [-96.7783482, 32.7953929], [-96.778321, 32.7953699], [-96.7783372, 32.7953563], [-96.7783141, 32.7953368]]]}, "properties": {"height": 8, "night": "#723c22"}}, {"type": "Feature", "geometry": {"type": "Polygon", "coordinates": [[[-96.7780042, 32.7954963], [-96.7779524, 32.7954528], [-96.7778482, 32.7955406], [-96.7779, 32.7955841], [-96.7780042, 32.7954963]]]}, "properties": {"height": 8, "night": "#713c22"}}, {"type": "Feature", "geometry": {"type": "Polygon", "coordinates": [[[-96.7781978, 32.7958383], [-96.7781414, 32.7957909], [-96.7782478, 32.7957013], [-96.7783043, 32.7957488], [-96.7781978, 32.7958383]]]}, "properties": {"height": 8, "night": "#713c21"}}, {"type": "Feature", "geometry": {"type": "Polygon", "coordinates": [[[-96.7789848, 32.8005772], [-96.7786946, 32.8003288], [-96.7786203, 32.8003901], [-96.7788985, 32.8006282], [-96.7789072, 32.800621], [-96.7789193, 32.8006313], [-96.7789848, 32.8005772]]]}, "properties": {"height": 8, "night": "#68371e"}}, {"type": "Feature", "geometry": {"type": "Polygon", "coordinates": [[[-96.7795011, 32.800789], [-96.7795229, 32.8008064], [-96.7795317, 32.8007991], [-96.7795601, 32.8008236], [-96.7796806, 32.8007247], [-96.7796303, 32.8006815], [-96.7796206, 32.8006912], [-96.7795011, 32.800789]]]}, "properties": {"height": 8, "night": "#68371e"}}, {"type": "Feature", "geometry": {"type": "Polygon", "coordinates": [[[-96.7790806, 32.800378], [-96.7790191, 32.8004278], [-96.7790853, 32.8004856], [-96.7791468, 32.8004359], [-96.7790806, 32.800378]]]}, "properties": {"height": 8, "night": "#68371e"}}, {"type": "Feature", "geometry": {"type": "Polygon", "coordinates": [[[-96.7838759, 32.8012835], [-96.7838043, 32.8013432], [-96.7834844, 32.801068], [-96.7835559, 32.8010087], [-96.7838759, 32.8012835]]]}, "properties": {"height": 8, "night": "#6b381f"}}, {"type": "Feature", "geometry": {"type": "Polygon", "coordinates": [[[-96.8130918, 32.7775288], [-96.8130709, 32.7775291], [-96.8130063, 32.77753], [-96.8129576, 32.7775307], [-96.8129335, 32.777531], [-96.8129313, 32.7774221], [-96.8129567, 32.7774217], [-96.8130091, 32.777421], [-96.813072, 32.7774201], [-96.8130896, 32.7774199], [-96.8130918, 32.7775288]]]}, "properties": {"height": 8, "night": "#723d22"}}, {"type": "Feature", "geometry": {"type": "Polygon", "coordinates": [[[-96.8048635, 32.7961164], [-96.8048267, 32.7960849], [-96.8048557, 32.7960609], [-96.8045346, 32.7957863], [-96.804474, 32.7957345], [-96.8044596, 32.7957222], [-96.8042551, 32.7955474], [-96.8039678, 32.7957849], [-96.8042516, 32.7960275], [-96.8044977, 32.7962379], [-96.8046052, 32.7963298], [-96.8046777, 32.7962699], [-96.8048635, 32.7961164]]]}, "properties": {"height": 8, "night": "#723d22"}}, {"type": "Feature", "geometry": {"type": "Polygon", "coordinates": [[[-96.7754219, 32.7550407], [-96.7753451, 32.755102], [-96.7754635, 32.7552069], [-96.7755404, 32.7551456], [-96.7754219, 32.7550407]]]}, "properties": {"height": 8, "night": "#562c18"}}, {"type": "Feature", "geometry": {"type": "Polygon", "coordinates": [[[-96.7834896, 32.7688654], [-96.7837817, 32.7690667], [-96.7836991, 32.7691514], [-96.7834071, 32.7689501], [-96.7834896, 32.7688654]]]}, "properties": {"height": 8, "night": "#7c4225"}}, {"type": "Feature", "geometry": {"type": "Polygon", "coordinates": [[[-96.7977158, 32.7808503], [-96.7978747, 32.7808166], [-96.7978009, 32.7805844], [-96.7977622, 32.7805917], [-96.7977563, 32.7805703], [-96.7976982, 32.7805826], [-96.7977047, 32.7806085], [-96.7976469, 32.7806199], [-96.7977158, 32.7808503]]]}, "properties": {"height": 8, "night": "#93502e"}}, {"type": "Feature", "geometry": {"type": "Polygon", "coordinates": [[[-96.8054777, 32.7808093], [-96.8053976, 32.7805419], [-96.805044, 32.7806167], [-96.8051219, 32.7808826], [-96.8054777, 32.7808093]]]}, "properties": {"height": 8, "night": "#834728"}}, {"type": "Feature", "geometry": {"type": "Polygon", "coordinates": [[[-96.8051471, 32.7544772], [-96.8052262, 32.7544753], [-96.8052241, 32.7544122], [-96.805295, 32.7544105], [-96.8052961, 32.7544421], [-96.8054006, 32.7544396], [-96.8053987, 32.7543833], [-96.8053532, 32.7543843], [-96.8053521, 32.7543516], [-96.8051659, 32.754356], [-96.8051677, 32.7544101], [-96.8051448, 32.7544106], [-96.8051471, 32.7544772]]]}, "properties": {"height": 8, "night": "#572d18"}}, {"type": "Feature", "geometry": {"type": "Polygon", "coordinates": [[[-96.7913922, 32.7714058], [-96.7914588, 32.7714696], [-96.7913617, 32.7715429], [-96.7912873, 32.7714779], [-96.7913922, 32.7714058]]]}, "properties": {"height": 8, "night": "#874929"}}, {"type": "Feature", "geometry": {"type": "Polygon", "coordinates": [[[-96.7909322, 32.7716978], [-96.7908759, 32.771643], [-96.7909773, 32.7715693], [-96.7910336, 32.7716241], [-96.7909322, 32.7716978]]]}, "properties": {"height": 8, "night": "#874929"}}, {"type": "Feature", "geometry": {"type": "Polygon", "coordinates": [[[-96.7785564, 32.7652428], [-96.77846, 32.7651634], [-96.7785327, 32.765101], [-96.7786291, 32.7651804], [-96.7785564, 32.7652428]]]}, "properties": {"height": 8, "night": "#6e3a21"}}, {"type": "Feature", "geometry": {"type": "Polygon", "coordinates": [[[-96.7823051, 32.7679509], [-96.7822144, 32.7680731], [-96.7820752, 32.7680001], [-96.7820799, 32.7679937], [-96.7820566, 32.7679815], [-96.7821425, 32.7678656], [-96.7823051, 32.7679509]]]}, "properties": {"height": 8, "night": "#784024"}}, {"type": "Feature", "geometry": {"type": "Polygon", "coordinates": [[[-96.7743374, 32.7588628], [-96.7744567, 32.7589682], [-96.7744713, 32.7589565], [-96.7745167, 32.7589967], [-96.7745732, 32.7589515], [-96.7744437, 32.7588369], [-96.7744162, 32.7588589], [-96.774381, 32.7588279], [-96.7743374, 32.7588628]]]}, "properties": {"height": 8, "night": "#5d301a"}}, {"type": "Feature", "geometry": {"type": "Polygon", "coordinates": [[[-96.7786804, 32.7629928], [-96.7786227, 32.7629452], [-96.7786783, 32.7628975], [-96.7787361, 32.7629451], [-96.7786804, 32.7629928]]]}, "properties": {"height": 8, "night": "#6a381f"}}, {"type": "Feature", "geometry": {"type": "Polygon", "coordinates": [[[-96.7901178, 32.7706027], [-96.7899812, 32.7704837], [-96.7900755, 32.7704071], [-96.7902121, 32.7705262], [-96.7901178, 32.7706027]]]}, "properties": {"height": 8, "night": "#844728"}}, {"type": "Feature", "geometry": {"type": "Polygon", "coordinates": [[[-96.7890423, 32.7705324], [-96.7890831, 32.7704972], [-96.7889768, 32.77041], [-96.7889359, 32.7704452], [-96.7890423, 32.7705324]]]}, "properties": {"height": 8, "night": "#844728"}}, {"type": "Feature", "geometry": {"type": "Polygon", "coordinates": [[[-96.7727035, 32.7684304], [-96.7726642, 32.7684634], [-96.7726496, 32.7684511], [-96.7726081, 32.768486], [-96.7727558, 32.76861], [-96.7728365, 32.7685421], [-96.7727035, 32.7684304]]]}, "properties": {"height": 8, "night": "#6c3920"}}, {"type": "Feature", "geometry": {"type": "Polygon", "coordinates": [[[-96.8161047, 32.7825978], [-96.8160979, 32.7823574], [-96.8154544, 32.7823703], [-96.8154612, 32.7826106], [-96.8161047, 32.7825978]]]}, "properties": {"height": 8, "night": "#6d3a20"}}, {"type": "Feature", "geometry": {"type": "Polygon", "coordinates": [[[-96.8200587, 32.7582041], [-96.8200744, 32.7581805], [-96.8200961, 32.7581477], [-96.8200735, 32.7581371], [-96.8200496, 32.7581259], [-96.8200277, 32.7581588], [-96.8200122, 32.7581823], [-96.8200352, 32.7581931], [-96.8200587, 32.7582041]]]}, "properties": {"height": 8, "night": "#4e2715"}}, {"type": "Feature", "geometry": {"type": "Polygon", "coordinates": [[[-96.7741027, 32.7686023], [-96.7741659, 32.768655], [-96.7741127, 32.7687002], [-96.7740495, 32.7686475], [-96.7741027, 32.7686023]]]}, "properties": {"height": 8, "night": "#6e3a21"}}, {"type": "Feature", "geometry": {"type": "Polygon", "coordinates": [[[-96.7747737, 32.7748382], [-96.7748209, 32.7748787], [-96.7748101, 32.7748877], [-96.7748598, 32.7749303], [-96.7747244, 32.775042], [-96.7746692, 32.7749947], [-96.774679, 32.7749866], [-96.7746372, 32.7749509], [-96.7747737, 32.7748382]]]}, "properties": {"height": 8, "night": "#784024"}}]}