{"type": "FeatureCollection", "features": [{"type": "Feature", "geometry": {"type": "Polygon", "coordinates": [[[55.285926, 25.2232608], [55.2858268, 25.2231084], [55.2856119, 25.2227782], [55.2857419, 25.2227089], [55.2860561, 25.2231915], [55.285926, 25.2232608]]]}, "properties": {"height": 30, "night": "#916a47"}}, {"type": "Feature", "geometry": {"type": "Polygon", "coordinates": [[[55.2684026, 25.1979108], [55.2689633, 25.197578], [55.2688016, 25.1973397], [55.2682461, 25.1977031], [55.2684026, 25.1979108]]]}, "properties": {"height": 8, "night": "#7b4225"}}, {"type": "Feature", "geometry": {"type": "Polygon", "coordinates": [[[55.2762609, 25.214195], [55.2759761, 25.2143577], [55.2761775, 25.2146464], [55.2764624, 25.2144837], [55.2762609, 25.214195]]]}, "properties": {"height": 155, "night": "#cab192"}}, {"type": "Feature", "geometry": {"type": "Polygon", "coordinates": [[[55.2694547, 25.2046356], [55.2696782, 25.2045123], [55.2698809, 25.2048133], [55.2696698, 25.2049296], [55.2696381, 25.2048826], [55.2695614, 25.2049249], [55.2695909, 25.2049687], [55.2693922, 25.2050782], [55.2691875, 25.2047741], [55.2693774, 25.2046695], [55.2694038, 25.2047086], [55.2694768, 25.2046684], [55.2694547, 25.2046356]]]}, "properties": {"height": 50, "night": "#dcb07d"}}, {"type": "Feature", "geometry": {"type": "Polygon", "coordinates": [[[55.28475, 25.224356], [55.2847228, 25.2243753], [55.2847268, 25.2244348], [55.2847334, 25.2244996], [55.2848012, 25.2246583], [55.2848784, 25.2247806], [55.2849832, 25.2249302], [55.2850604, 25.225035], [55.2851763, 25.2251372], [55.2852425, 25.2251768], [55.285292, 25.2251922], [55.2853334, 25.2251797], [55.2853361, 25.2251074], [55.2853058, 25.2249901], [55.2852176, 25.2248404], [55.285121, 25.2246858], [55.28503, 25.2245535], [55.2849225, 25.2244463], [55.2848508, 25.2243939], [55.28475, 25.224356]]]}, "properties": {"height": 8, "night": "#61331c"}}, {"type": "Feature", "geometry": {"type": "Polygon", "coordinates": [[[55.2673201, 25.2149851], [55.2673583, 25.2149593], [55.2673715, 25.2149752], [55.2674024, 25.2149543], [55.2673895, 25.2149387], [55.2674863, 25.2148732], [55.2674695, 25.2148529], [55.2674484, 25.2148273], [55.267434, 25.2148099], [55.2673955, 25.2147633], [55.2673727, 25.2147358], [55.2672068, 25.214848], [55.2673201, 25.2149851]]]}, "properties": {"height": 8, "night": "#924f2d"}}, {"type": "Feature", "geometry": {"type": "Polygon", "coordinates": [[[55.2654277, 25.2154304], [55.265541, 25.2153595], [55.2654748, 25.215273], [55.2653616, 25.2153439], [55.2654277, 25.2154304]]]}, "properties": {"height": 8, "night": "#924f2d"}}, {"type": "Feature", "geometry": {"type": "Polygon", "coordinates": [[[55.2743744, 25.208639], [55.2746357, 25.2084963], [55.2744708, 25.2082491], [55.2742095, 25.2083919], [55.2743744, 25.208639]]]}, "properties": {"height": 41, "night": "#d4a775"}}, {"type": "Feature", "geometry": {"type": "Polygon", "coordinates": [[[55.278865, 25.2185763], [55.2791437, 25.2184209], [55.2789809, 25.218182], [55.2787022, 25.2183374], [55.278865, 25.2185763]]]}, "properties": {"height": 90, "night": "#b79672"}}, {"type": "Feature", "geometry": {"type": "Polygon", "coordinates": [[[55.2627496, 25.2130724], [55.2628661, 25.2129966], [55.2627553, 25.2128573], [55.2626388, 25.2129331], [55.2627496, 25.2130724]]]}, "properties": {"height": 8, "night": "#97522f"}}, {"type": "Feature", "geometry": {"type": "Polygon", "coordinates": [[[55.2614826, 25.2150286], [55.2615337, 25.2151076], [55.2616893, 25.2150253], [55.261649, 25.214963], [55.2616307, 25.2149347], [55.2614751, 25.215017], [55.2614826, 25.2150286]]]}, "properties": {"height": 8, "night": "#914e2d"}}, {"type": "Feature", "geometry": {"type": "Polygon", "coordinates": [[[55.2605221, 25.215245], [55.2606441, 25.2151802], [55.2605478, 25.2150317], [55.2604258, 25.2150965], [55.2605221, 25.215245]]]}, "properties": {"height": 8, "night": "#8f4d2c"}}, {"type": "Feature", "geometry": {"type": "Polygon", "coordinates": [[[55.2598104, 25.2137714], [55.2599324, 25.2137066], [55.2598343, 25.2135555], [55.2597124, 25.2136203], [55.2598104, 25.2137714]]]}, "properties": {"height": 8, "night": "#904e2d"}}, {"type": "Feature", "geometry": {"type": "Polygon", "coordinates": [[[55.2603048, 25.2124082], [55.260471, 25.212325], [55.2605344, 25.2124287], [55.2604945, 25.2124486], [55.2605116, 25.2124765], [55.2604238, 25.2125204], [55.2604087, 25.2124957], [55.2603702, 25.212515], [55.2603048, 25.2124082]]]}, "properties": {"height": 6, "night": "#8b4626"}}, {"type": "Feature", "geometry": {"type": "Polygon", "coordinates": [[[55.2550479, 25.2178832], [55.2550676, 25.2177594], [55.2551271, 25.2177645], [55.2551204, 25.2177906], [55.2552102, 25.217793], [55.2552069, 25.2178197], [55.2552337, 25.21781], [55.2552699, 25.2178494], [55.2552512, 25.2178816], [55.2552807, 25.2178816], [55.2552557, 25.2179629], [55.255279, 25.2179629], [55.2552716, 25.2180117], [55.2551362, 25.2179968], [55.2551492, 25.2179322], [55.2551274, 25.2179356], [55.2551053, 25.2179113], [55.2551071, 25.217887], [55.2550479, 25.2178832]]]}, "properties": {"height": 8, "night": "#804527"}}, {"type": "Feature", "geometry": {"type": "Polygon", "coordinates": [[[55.252796, 25.2202017], [55.2528746, 25.2203051], [55.2528431, 25.2203247], [55.25284, 25.2203206], [55.2527847, 25.2203549], [55.2527092, 25.2202557], [55.252796, 25.2202017]]]}, "properties": {"height": 8, "night": "#784024"}}, {"type": "Feature", "geometry": {"type": "Polygon", "coordinates": [[[55.2486808, 25.2138427], [55.2485971, 25.2137409], [55.2487168, 25.2136603], [55.2488006, 25.213762], [55.2486808, 25.2138427]]]}, "properties": {"height": 8, "night": "#773f24"}}, {"type": "Feature", "geometry": {"type": "Polygon", "coordinates": [[[55.2478104, 25.212125], [55.2478709, 25.2120885], [55.247875, 25.21203], [55.2477518, 25.2118802], [55.247667, 25.2119405], [55.2478104, 25.212125]]]}, "properties": {"height": 8, "night": "#753e23"}}, {"type": "Feature", "geometry": {"type": "Polygon", "coordinates": [[[55.2621077, 25.2214752], [55.2621337, 25.2215282], [55.2623534, 25.2215826], [55.2624282, 25.2215502], [55.2623924, 25.2214825], [55.2621776, 25.221431], [55.2621077, 25.2214752]]]}, "properties": {"height": 8, "night": "#814527"}}, {"type": "Feature", "geometry": {"type": "Polygon", "coordinates": [[[55.2473363, 25.2120812], [55.2474634, 25.2119976], [55.2473878, 25.2119035], [55.2473225, 25.2119464], [55.2472606, 25.2119871], [55.247267, 25.211995], [55.2473363, 25.2120812]]]}, "properties": {"height": 8, "night": "#743e23"}}, {"type": "Feature", "geometry": {"type": "Polygon", "coordinates": [[[55.2469896, 25.2122734], [55.247107, 25.2122003], [55.2470825, 25.2121681], [55.2470948, 25.2121604], [55.2470617, 25.2121168], [55.2470464, 25.2121262], [55.2470258, 25.2120991], [55.2469113, 25.2121703], [55.2469896, 25.2122734]]]}, "properties": {"height": 8, "night": "#733d22"}}, {"type": "Feature", "geometry": {"type": "Polygon", "coordinates": [[[55.2471186, 25.2113438], [55.2472359, 25.2112707], [55.2472113, 25.2112385], [55.2472237, 25.2112308], [55.2471905, 25.2111872], [55.2471753, 25.2111967], [55.2471538, 25.2111684], [55.2471268, 25.2111853], [55.2470828, 25.2112127], [55.2470394, 25.2112397], [55.2471186, 25.2113438]]]}, "properties": {"height": 8, "night": "#743d22"}}, {"type": "Feature", "geometry": {"type": "Polygon", "coordinates": [[[55.2508248, 25.2073546], [55.2508953, 25.2073437], [55.2509423, 25.2072472], [55.250939, 25.2072016], [55.2509123, 25.2071746], [55.2508214, 25.2071368], [55.2508021, 25.2071283], [55.2507795, 25.2071705], [55.2507549, 25.2071596], [55.2507516, 25.2071656], [55.2507215, 25.2072178], [55.2507778, 25.2072399], [55.2507625, 25.2072605], [55.2507934, 25.2072977], [55.2508233, 25.2072949], [55.2508248, 25.2073546]]]}, "properties": {"height": 8, "night": "#7c4225"}}, {"type": "Feature", "geometry": {"type": "Polygon", "coordinates": [[[55.2529271, 25.212352], [55.2530224, 25.2124783], [55.2530821, 25.2124414], [55.253132, 25.2125074], [55.2530608, 25.2125514], [55.2531555, 25.2126768], [55.2533091, 25.2125819], [55.2530692, 25.2122642], [55.2529271, 25.212352]]]}, "properties": {"height": 8, "night": "#824627"}}, {"type": "Feature", "geometry": {"type": "Polygon", "coordinates": [[[55.271018, 25.2097468], [55.2711027, 25.209356], [55.2709666, 25.2093318], [55.2709507, 25.2094053], [55.270783, 25.2093756], [55.2707317, 25.209612], [55.2708958, 25.2096411], [55.2708783, 25.209722], [55.271018, 25.2097468]]]}, "properties": {"height": 8, "night": "#904e2d"}}, {"type": "Feature", "geometry": {"type": "Polygon", "coordinates": [[[55.2689597, 25.2136665], [55.2688528, 25.2135314], [55.2689758, 25.2134518], [55.2690826, 25.213587], [55.2689597, 25.2136665]]]}, "properties": {"height": 8, "night": "#92502d"}}, {"type": "Feature", "geometry": {"type": "Polygon", "coordinates": [[[55.2675572, 25.2229771], [55.2675224, 25.2229359], [55.2675433, 25.2229215], [55.2674807, 25.2228473], [55.2674209, 25.2228887], [55.2674307, 25.2229003], [55.2674222, 25.2229061], [55.2674337, 25.2229197], [55.2674188, 25.22293], [55.2674616, 25.2229806], [55.2674738, 25.2229721], [55.2675024, 25.223006], [55.2674874, 25.2230164], [55.2675244, 25.2230602], [55.2674974, 25.223079], [55.267533, 25.2231211], [55.2676415, 25.223046], [55.2675736, 25.2229657], [55.2675572, 25.2229771]]]}, "properties": {"height": 8, "night": "#7d4326"}}, {"type": "Feature", "geometry": {"type": "Polygon", "coordinates": [[[55.2652053, 25.2237025], [55.2652838, 25.2236634], [55.2652629, 25.2236292], [55.2652788, 25.2236213], [55.265244, 25.223564], [55.2652153, 25.2235784], [55.2651759, 25.2235136], [55.2651955, 25.2235038], [55.2651676, 25.223458], [55.2651498, 25.2234669], [55.2651268, 25.2234291], [55.2650528, 25.2234659], [55.2650667, 25.2234887], [55.2650258, 25.2235091], [55.2650655, 25.2235743], [55.2651067, 25.2235538], [55.2651427, 25.223613], [55.2651101, 25.2236292], [55.2651462, 25.2236885], [55.265185, 25.2236691], [55.2652053, 25.2237025]]]}, "properties": {"height": 8, "night": "#7c4225"}}, {"type": "Feature", "geometry": {"type": "Polygon", "coordinates": [[[55.2670094, 25.2240761], [55.266876, 25.2238388], [55.266835, 25.2238577], [55.2668172, 25.2238261], [55.2667535, 25.2238554], [55.2667702, 25.2238851], [55.2667573, 25.2238911], [55.2668918, 25.2241303], [55.2670094, 25.2240761]]]}, "properties": {"height": 8, "night": "#7b4225"}}, {"type": "Feature", "geometry": {"type": "Polygon", "coordinates": [[[55.2661487, 25.2192245], [55.2660383, 25.219077], [55.2659301, 25.2191432], [55.2659422, 25.2191594], [55.2659147, 25.2191763], [55.2659795, 25.2192629], [55.265986, 25.2192716], [55.2660111, 25.2192562], [55.266038, 25.2192922], [55.2660458, 25.2192875], [55.2661487, 25.2192245]]]}, "properties": {"height": 8, "night": "#88492a"}}, {"type": "Feature", "geometry": {"type": "Polygon", "coordinates": [[[55.2654141, 25.2182402], [55.2653059, 25.2180911], [55.2651956, 25.2181566], [55.2652081, 25.2181738], [55.2651815, 25.2181896], [55.2652517, 25.2182863], [55.2652778, 25.2182709], [55.2653033, 25.218306], [55.2653099, 25.2183021], [55.2654141, 25.2182402]]]}, "properties": {"height": 8, "night": "#8a4b2b"}}, {"type": "Feature", "geometry": {"type": "Polygon", "coordinates": [[[55.2655072, 25.2292622], [55.2656607, 25.2291978], [55.2655959, 25.2290715], [55.2654424, 25.2291359], [55.2655072, 25.2292622]]]}, "properties": {"height": 8, "night": "#6d3a20"}}, {"type": "Feature", "geometry": {"type": "Polygon", "coordinates": [[[55.2668543, 25.21079], [55.2669247, 25.2107436], [55.2669018, 25.2107091], [55.2669152, 25.2106163], [55.2669513, 25.2105923], [55.2669417, 25.2105799], [55.2668899, 25.210513], [55.2667732, 25.2105871], [55.2668259, 25.2106541], [55.2667383, 25.210704], [55.2667954, 25.210778], [55.2668296, 25.2107591], [55.2668543, 25.21079]]]}, "properties": {"height": 8, "night": "#9a5430"}}, {"type": "Feature", "geometry": {"type": "Polygon", "coordinates": [[[55.2715532, 25.2219013], [55.2714714, 25.2217845], [55.271388, 25.2218323], [55.2714698, 25.2219491], [55.2715532, 25.2219013]]]}, "properties": {"height": 8, "night": "#7d4326"}}, {"type": "Feature", "geometry": {"type": "Polygon", "coordinates": [[[55.2835547, 25.1953633], [55.2840713, 25.1950278], [55.2837981, 25.1946833], [55.2832815, 25.1950187], [55.2835547, 25.1953633]]]}, "properties": {"height": 20, "night": "#7a5033"}}, {"type": "Feature", "geometry": {"type": "Polygon", "coordinates": [[[55.2899019, 25.1988563], [55.2899489, 25.1988533], [55.2900129, 25.1987686], [55.290205, 25.1987459], [55.2901742, 25.198508], [55.2900267, 25.1985244], [55.2900451, 25.1986506], [55.2900307, 25.1986509], [55.2899871, 25.1986127], [55.2899697, 25.1986318], [55.2899127, 25.1986009], [55.2898979, 25.1986197], [55.2898356, 25.1986051], [55.2897893, 25.1986112], [55.2897336, 25.1986391], [55.2897088, 25.1986258], [55.2896015, 25.1987526], [55.2896619, 25.1987908], [55.2896518, 25.1988072], [55.2897598, 25.1988788], [55.2897846, 25.1988509], [55.2897997, 25.1988633], [55.2898061, 25.1989291], [55.289906, 25.1989212], [55.2899019, 25.1988563]]]}, "properties": {"height": 8, "night": "#5b2f1a"}}, {"type": "Feature", "geometry": {"type": "Polygon", "coordinates": [[[55.2853582, 25.2013631], [55.2851912, 25.201251], [55.2851325, 25.2012617], [55.2850211, 25.2013886], [55.2850185, 25.2014194], [55.285137, 25.2014821], [55.2851598, 25.2014521], [55.2852097, 25.2014786], [55.2852364, 25.2014409], [55.28527, 25.201457], [55.2853582, 25.2013631]]]}, "properties": {"height": 8, "night": "#68371e"}}, {"type": "Feature", "geometry": {"type": "Polygon", "coordinates": [[[55.282111, 25.2015112], [55.2819681, 25.2015253], [55.2819494, 25.2013696], [55.2820922, 25.2013555], [55.282111, 25.2015112]]]}, "properties": {"height": 8, "night": "#6f3b21"}}, {"type": "Feature", "geometry": {"type": "Polygon", "coordinates": [[[55.2871673, 25.2028249], [55.2871371, 25.2026558], [55.2873951, 25.2026181], [55.2874141, 25.2027241], [55.2874253, 25.2027872], [55.2874147, 25.2027888], [55.2873074, 25.2028045], [55.2872814, 25.2028083], [55.2871673, 25.2028249]]]}, "properties": {"height": 8, "night": "#65351d"}}, {"type": "Feature", "geometry": {"type": "Polygon", "coordinates": [[[55.290952, 25.2045723], [55.2909172, 25.2045492], [55.2909869, 25.2044667], [55.2910492, 25.2044867], [55.2910821, 25.2044643], [55.2911076, 25.2044776], [55.2911331, 25.204497], [55.291117, 25.2045541], [55.2911451, 25.2045626], [55.2911411, 25.2046063], [55.2911116, 25.2046257], [55.2910955, 25.2046742], [55.2911331, 25.2046973], [55.2911116, 25.2047324], [55.2910821, 25.2047252], [55.291052, 25.2047689], [55.2909708, 25.2047288], [55.2909923, 25.2046985], [55.2909051, 25.2046366], [55.290952, 25.2045723]]]}, "properties": {"height": 8, "night": "#5e311b"}}, {"type": "Feature", "geometry": {"type": "Polygon", "coordinates": [[[55.2918235, 25.2040819], [55.2919628, 25.2040647], [55.2919525, 25.2040068], [55.291974, 25.2039801], [55.2919699, 25.2039522], [55.2919439, 25.2039394], [55.2919345, 25.2038771], [55.2918023, 25.2038934], [55.2918121, 25.2039585], [55.2917593, 25.203965], [55.2917686, 25.2040264], [55.2918143, 25.2040207], [55.2918235, 25.2040819]]]}, "properties": {"height": 8, "night": "#5b2f1a"}}, {"type": "Feature", "geometry": {"type": "Polygon", "coordinates": [[[55.2902418, 25.2017719], [55.2902895, 25.2017658], [55.2902732, 25.2016621], [55.2902254, 25.2016683], [55.2902418, 25.2017719]]]}, "properties": {"height": 8, "night": "#5d301a"}}, {"type": "Feature", "geometry": {"type": "Polygon", "coordinates": [[[55.2857127, 25.2044979], [55.2856981, 25.2043958], [55.2859086, 25.2043712], [55.2859216, 25.2044622], [55.2858781, 25.2044673], [55.2858735, 25.2044354], [55.2857499, 25.2044499], [55.285756, 25.2044928], [55.2857127, 25.2044979]]]}, "properties": {"height": 8, "night": "#6a381f"}}, {"type": "Feature", "geometry": {"type": "Polygon", "coordinates": [[[55.2824033, 25.20349], [55.2824414, 25.203487], [55.2824601, 25.2034855], [55.2824536, 25.2034183], [55.2824882, 25.2034156], [55.2824836, 25.2033684], [55.2823922, 25.2033757], [55.2824033, 25.20349]]]}, "properties": {"height": 8, "night": "#713c21"}}, {"type": "Feature", "geometry": {"type": "Polygon", "coordinates": [[[55.2795311, 25.2064523], [55.2795942, 25.2064444], [55.2795651, 25.2062541], [55.2795019, 25.206262], [55.2795311, 25.2064523]]]}, "properties": {"height": 8, "night": "#7a4125"}}, {"type": "Feature", "geometry": {"type": "Polygon", "coordinates": [[[55.2859699, 25.2047493], [55.2859489, 25.2046319], [55.2863853, 25.2045679], [55.2864021, 25.2046619], [55.2861428, 25.2047], [55.286147, 25.2047233], [55.2859699, 25.2047493]]]}, "properties": {"height": 8, "night": "#69371f"}}, {"type": "Feature", "geometry": {"type": "Polygon", "coordinates": [[[55.2871527, 25.2043949], [55.2872253, 25.2043845], [55.2873138, 25.2043718], [55.2872653, 25.2040938], [55.2871053, 25.2041167], [55.2871179, 25.2041892], [55.2870999, 25.2041918], [55.2871234, 25.2043261], [55.2871403, 25.2043237], [55.2871527, 25.2043949]]]}, "properties": {"height": 8, "night": "#67361e"}}, {"type": "Feature", "geometry": {"type": "Polygon", "coordinates": [[[55.2943684, 25.2076648], [55.2944428, 25.2076548], [55.2944225, 25.2075304], [55.2943285, 25.207543], [55.294334, 25.2075762], [55.2943406, 25.2076167], [55.2943601, 25.2076141], [55.2943684, 25.2076648]]]}, "properties": {"height": 8, "night": "#572d18"}}, {"type": "Feature", "geometry": {"type": "Polygon", "coordinates": [[[55.2933082, 25.2122337], [55.2932492, 25.2122446], [55.2931775, 25.2122579], [55.2931638, 25.2121973], [55.2932374, 25.2121837], [55.2932945, 25.2121731], [55.2933082, 25.2122337]]]}, "properties": {"height": 8, "night": "#5a2e19"}}, {"type": "Feature", "geometry": {"type": "Polygon", "coordinates": [[[55.2890897, 25.2080221], [55.289077, 25.207922], [55.289137, 25.2079158], [55.2891498, 25.2080158], [55.2890897, 25.2080221]]]}, "properties": {"height": 8, "night": "#64341d"}}, {"type": "Feature", "geometry": {"type": "Polygon", "coordinates": [[[55.2889299, 25.210334], [55.2892991, 25.2102769], [55.2892844, 25.210199], [55.2889152, 25.210256], [55.2889299, 25.210334]]]}, "properties": {"height": 8, "night": "#65351d"}}, {"type": "Feature", "geometry": {"type": "Polygon", "coordinates": [[[55.2909713, 25.2065022], [55.2910754, 25.206558], [55.2911264, 25.206558], [55.291176, 25.2065216], [55.2912082, 25.2065228], [55.291243, 25.2065337], [55.2912538, 25.2065968], [55.2911961, 25.2066708], [55.2911806, 25.2066847], [55.2911223, 25.2067363], [55.2910291, 25.2066915], [55.291001, 25.2066982], [55.2909809, 25.2066873], [55.2909802, 25.2066581], [55.290897, 25.2065895], [55.2909198, 25.2065628], [55.2908957, 25.206541], [55.2909238, 25.206507], [55.2909473, 25.2065295], [55.2909713, 25.2065022]]]}, "properties": {"height": 8, "night": "#5f311b"}}, {"type": "Feature", "geometry": {"type": "Polygon", "coordinates": [[[55.295065, 25.2197775], [55.2948935, 25.2196166], [55.2949297, 25.2195832], [55.2949204, 25.2195723], [55.2949612, 25.2195354], [55.2949756, 25.219547], [55.2950799, 25.2194684], [55.2951645, 25.2195455], [55.2951033, 25.2195946], [55.2951034, 25.2196166], [55.295182, 25.2196904], [55.2951141, 25.2197537], [55.2950958, 25.2197483], [55.295065, 25.2197775]]]}, "properties": {"height": 8, "night": "#522a16"}}, {"type": "Feature", "geometry": {"type": "Polygon", "coordinates": [[[55.2768604, 25.2035414], [55.277127, 25.2035044], [55.2773967, 25.2033368], [55.2775238, 25.2033088], [55.2776343, 25.2033183], [55.2778473, 25.2034149], [55.2780164, 25.2034012], [55.2780693, 25.203666], [55.2769069, 25.203803], [55.2768604, 25.2035414]]]}, "properties": {"height": 36, "night": "#be9364"}}, {"type": "Feature", "geometry": {"type": "Polygon", "coordinates": [[[55.2962089, 25.2245568], [55.2957473, 25.2241104], [55.2958562, 25.2240183], [55.2963177, 25.2244647], [55.2962089, 25.2245568]]]}, "properties": {"height": 8, "night": "#4b2514"}}, {"type": "Feature", "geometry": {"type": "Polygon", "coordinates": [[[55.2608423, 25.229278], [55.2609287, 25.2293885], [55.2607858, 25.22948], [55.2606994, 25.2293696], [55.2608423, 25.229278]]]}, "properties": {"height": 8, "night": "#6c3920"}}, {"type": "Feature", "geometry": {"type": "Polygon", "coordinates": [[[55.2553748, 25.1981432], [55.255282, 25.1980106], [55.2554292, 25.1979263], [55.2554847, 25.1980056], [55.2554023, 25.1980528], [55.2554396, 25.1981061], [55.2553748, 25.1981432]]]}, "properties": {"height": 8, "night": "#763f23"}}, {"type": "Feature", "geometry": {"type": "Polygon", "coordinates": [[[55.2488221, 25.1888919], [55.2487339, 25.1888709], [55.2487402, 25.1888493], [55.2487244, 25.1888455], [55.2487303, 25.1888251], [55.2487441, 25.1888284], [55.2487487, 25.1888125], [55.2488389, 25.188834], [55.2488221, 25.1888919]]]}, "properties": {"height": 8, "night": "#592e19"}}, {"type": "Feature", "geometry": {"type": "Polygon", "coordinates": [[[55.2595561, 25.1883548], [55.2597804, 25.1885884], [55.2594135, 25.1888769], [55.2591892, 25.1886434], [55.2595561, 25.1883548]]]}, "properties": {"height": 225, "night": "#917b68"}}, {"type": "Feature", "geometry": {"type": "Polygon", "coordinates": [[[55.2610461, 25.1839414], [55.261211, 25.1838853], [55.2609653, 25.1832934], [55.2603874, 25.1834898], [55.2603565, 25.1835493], [55.2605716, 25.1840673], [55.2606229, 25.1840852], [55.2607178, 25.184053], [55.2607764, 25.184092], [55.2608469, 25.1841081], [55.2609189, 25.1840989], [55.2609695, 25.1840748], [55.2610098, 25.1840381], [55.2610361, 25.1839923], [55.2610461, 25.1839414]]]}, "properties": {"height": 8, "night": "#572c18"}}, {"type": "Feature", "geometry": {"type": "Polygon", "coordinates": [[[55.2582559, 25.2258392], [55.2583821, 25.2259963], [55.2584778, 25.2259333], [55.2584354, 25.2258805], [55.2584603, 25.2258641], [55.2583765, 25.2257599], [55.2582559, 25.2258392]]]}, "properties": {"height": 8, "night": "#733d22"}}, {"type": "Feature", "geometry": {"type": "Polygon", "coordinates": [[[55.2670269, 25.1877194], [55.2665008, 25.1874483], [55.266692, 25.1866927], [55.2667672, 25.186397], [55.2668584, 25.1864083], [55.2669878, 25.1864195], [55.2671018, 25.1864083], [55.2672127, 25.1863944], [55.2673352, 25.1863797], [55.267351, 25.1866764], [55.2672494, 25.1869963], [55.2670269, 25.1877194]]]}, "properties": {"height": 15, "night": "#6d4228"}}, {"type": "Feature", "geometry": {"type": "Polygon", "coordinates": [[[55.2722669, 25.2296758], [55.2723477, 25.2297805], [55.2718522, 25.2300931], [55.2718517, 25.2300934], [55.2718427, 25.2300818], [55.27172, 25.2301592], [55.2717087, 25.2301446], [55.271597, 25.230215], [55.2715773, 25.2301895], [55.2715614, 25.2301996], [55.2715311, 25.2301603], [55.2716308, 25.2300973], [55.2716203, 25.2300837], [55.2722669, 25.2296758]]]}, "properties": {"height": 8, "night": "#68371e"}}, {"type": "Feature", "geometry": {"type": "Polygon", "coordinates": [[[55.2719588, 25.229053], [55.2718906, 25.2289018], [55.2717882, 25.2289396], [55.2718564, 25.2290908], [55.2719588, 25.229053]]]}, "properties": {"height": 8, "night": "#6b381f"}}, {"type": "Feature", "geometry": {"type": "Polygon", "coordinates": [[[55.2717303, 25.227698], [55.2717702, 25.227672], [55.2717579, 25.2276566], [55.2718519, 25.2275952], [55.2717791, 25.2275039], [55.2716453, 25.2275912], [55.2717303, 25.227698]]]}, "properties": {"height": 8, "night": "#6e3a21"}}, {"type": "Feature", "geometry": {"type": "Polygon", "coordinates": [[[55.2736786, 25.2265412], [55.2738153, 25.2264578], [55.2737352, 25.2263503], [55.2735985, 25.2264337], [55.2736786, 25.2265412]]]}, "properties": {"height": 8, "night": "#6f3b21"}}, {"type": "Feature", "geometry": {"type": "Polygon", "coordinates": [[[55.2754404, 25.2284709], [55.2755116, 25.2284245], [55.2754851, 25.2283913], [55.2754139, 25.2284377], [55.2754404, 25.2284709]]]}, "properties": {"height": 8, "night": "#69371f"}}, {"type": "Feature", "geometry": {"type": "Polygon", "coordinates": [[[55.2763194, 25.2290687], [55.2762522, 25.2289764], [55.2763805, 25.2288999], [55.2764478, 25.2289921], [55.2763194, 25.2290687]]]}, "properties": {"height": 8, "night": "#66361e"}}, {"type": "Feature", "geometry": {"type": "Polygon", "coordinates": [[[55.2746101, 25.2267706], [55.2745317, 25.2266694], [55.2746592, 25.2265886], [55.2747376, 25.2266898], [55.2746101, 25.2267706]]]}, "properties": {"height": 8, "night": "#6e3a20"}}, {"type": "Feature", "geometry": {"type": "Polygon", "coordinates": [[[55.277361, 25.2292471], [55.2772633, 25.2291147], [55.2773862, 25.2290405], [55.2774839, 25.2291728], [55.277361, 25.2292471]]]}, "properties": {"height": 8, "night": "#65351d"}}, {"type": "Feature", "geometry": {"type": "Polygon", "coordinates": [[[55.2756313, 25.2273108], [55.2755416, 25.2271853], [55.275671, 25.2271097], [55.2757607, 25.2272352], [55.2756313, 25.2273108]]]}, "properties": {"height": 8, "night": "#6b391f"}}, {"type": "Feature", "geometry": {"type": "Polygon", "coordinates": [[[55.285041, 25.2274127], [55.2852316, 25.2272991], [55.2851716, 25.2272166], [55.2850676, 25.2272786], [55.2850777, 25.2272923], [55.284991, 25.227344], [55.285041, 25.2274127]]]}, "properties": {"height": 8, "night": "#5d301a"}}, {"type": "Feature", "geometry": {"type": "Polygon", "coordinates": [[[55.2565417, 25.2235601], [55.2566563, 25.2234896], [55.2566658, 25.2234961], [55.256701, 25.2234744], [55.2566178, 25.2233696], [55.2565824, 25.22336], [55.2565461, 25.2233792], [55.2565505, 25.2233872], [55.2564329, 25.2234632], [55.2565098, 25.2235553], [55.2565417, 25.2235601]]]}, "properties": {"height": 8, "night": "#773f24"}}, {"type": "Feature", "geometry": {"type": "Polygon", "coordinates": [[[55.2581454, 25.226469], [55.2580984, 25.2264056], [55.2580167, 25.226391], [55.2579613, 25.2264244], [55.2579951, 25.2264795], [55.2580876, 25.2265031], [55.2581454, 25.226469]]]}, "properties": {"height": 8, "night": "#713c22"}}, {"type": "Feature", "geometry": {"type": "Polygon", "coordinates": [[[55.2560288, 25.2245291], [55.2561777, 25.2244387], [55.2562095, 25.2244766], [55.2560603, 25.224567], [55.2560288, 25.2245291]]]}, "properties": {"height": 8, "night": "#743e23"}}, {"type": "Feature", "geometry": {"type": "Polygon", "coordinates": [[[55.2574726, 25.2252205], [55.2576031, 25.2251369], [55.2575313, 25.2250452], [55.257399, 25.22513], [55.2574149, 25.2251504], [55.257391, 25.2251657], [55.2574317, 25.2252177], [55.2574574, 25.2252011], [55.2574726, 25.2252205]]]}, "properties": {"height": 8, "night": "#743e23"}}, {"type": "Feature", "geometry": {"type": "Polygon", "coordinates": [[[55.2763355, 25.1890428], [55.2762681, 25.1891202], [55.2762143, 25.1890819], [55.2762817, 25.1890044], [55.2763355, 25.1890428]]]}, "properties": {"height": 8, "night": "#5f311b"}}, {"type": "Feature", "geometry": {"type": "Polygon", "coordinates": [[[55.2731568, 25.2300939], [55.273312, 25.229996], [55.2731575, 25.2297955], [55.2730022, 25.2298935], [55.2731568, 25.2300939]]]}, "properties": {"height": 8, "night": "#67361e"}}, {"type": "Feature", "geometry": {"type": "Polygon", "coordinates": [[[55.2726897, 25.2246407], [55.2726029, 25.2245286], [55.2723053, 25.2247173], [55.2723921, 25.2248294], [55.2726897, 25.2246407]]]}, "properties": {"height": 8, "night": "#753e23"}}, {"type": "Feature", "geometry": {"type": "Polygon", "coordinates": [[[55.2731524, 25.224868], [55.2730682, 25.2247527], [55.2729347, 25.2248325], [55.2730189, 25.2249478], [55.2731524, 25.224868]]]}, "properties": {"height": 8, "night": "#743e23"}}, {"type": "Feature", "geometry": {"type": "Polygon", "coordinates": [[[55.2720927, 25.2264215], [55.2720522, 25.2264467], [55.27198, 25.2263519], [55.2720205, 25.2263267], [55.2720356, 25.2263465], [55.2720927, 25.2264215]]]}, "properties": {"height": 8, "night": "#713c22"}}, {"type": "Feature", "geometry": {"type": "Polygon", "coordinates": [[[55.2713143, 25.2246248], [55.271212, 25.2244906], [55.2711545, 25.2245264], [55.271197, 25.2245822], [55.2711572, 25.224607], [55.271217, 25.2246854], [55.2712445, 25.2246683], [55.2712695, 25.2246527], [55.2713143, 25.2246248]]]}, "properties": {"height": 8, "night": "#763f23"}}, {"type": "Feature", "geometry": {"type": "Polygon", "coordinates": [[[55.2703327, 25.2258633], [55.2702821, 25.2257595], [55.2702285, 25.2257809], [55.2702791, 25.2258847], [55.2703327, 25.2258633]]]}, "properties": {"height": 8, "night": "#743e23"}}, {"type": "Feature", "geometry": {"type": "Polygon", "coordinates": [[[55.2711231, 25.2257873], [55.2710676, 25.2258101], [55.2710833, 25.2258413], [55.2710625, 25.2258498], [55.2710793, 25.2258833], [55.27104, 25.2258995], [55.2709853, 25.2257907], [55.271101, 25.2257432], [55.2711231, 25.2257873]]]}, "properties": {"height": 8, "night": "#743d22"}}, {"type": "Feature", "geometry": {"type": "Polygon", "coordinates": [[[55.2701992, 25.2268162], [55.270277, 25.2269756], [55.270145, 25.2270283], [55.2701259, 25.2269892], [55.2701581, 25.2269763], [55.2701358, 25.2269304], [55.2701031, 25.2269435], [55.2701344, 25.2270077], [55.2700957, 25.2270231], [55.2701045, 25.2270411], [55.2700437, 25.2270654], [55.2699776, 25.2269298], [55.2700428, 25.2269038], [55.2700502, 25.2269009], [55.27004, 25.2268798], [55.2701992, 25.2268162]]]}, "properties": {"height": 8, "night": "#713c22"}}, {"type": "Feature", "geometry": {"type": "Polygon", "coordinates": [[[55.269458, 25.2278772], [55.2693896, 25.2277415], [55.2693297, 25.2277662], [55.269398, 25.227902], [55.269458, 25.2278772]]]}, "properties": {"height": 8, "night": "#703b21"}}, {"type": "Feature", "geometry": {"type": "Polygon", "coordinates": [[[55.2707688, 25.224279], [55.2706828, 25.2241636], [55.2707075, 25.2241485], [55.2706893, 25.2241241], [55.2706141, 25.2241699], [55.2707184, 25.2243098], [55.2707688, 25.224279]]]}, "properties": {"height": 8, "night": "#784024"}}, {"type": "Feature", "geometry": {"type": "Polygon", "coordinates": [[[55.2701531, 25.2236409], [55.2701272, 25.2236025], [55.2700676, 25.2236355], [55.2700935, 25.2236739], [55.2701531, 25.2236409]]]}, "properties": {"height": 8, "night": "#7a4125"}}, {"type": "Feature", "geometry": {"type": "Polygon", "coordinates": [[[55.2685911, 25.2240341], [55.2686018, 25.2240561], [55.2686597, 25.224033], [55.2686954, 25.2241063], [55.2687537, 25.2240831], [55.2687073, 25.2239878], [55.268683, 25.2239975], [55.2685911, 25.2240341]]]}, "properties": {"height": 8, "night": "#7a4125"}}, {"type": "Feature", "geometry": {"type": "Polygon", "coordinates": [[[55.2688946, 25.2245371], [55.268873, 25.22449], [55.2688303, 25.2245061], [55.268852, 25.2245532], [55.2688946, 25.2245371]]]}, "properties": {"height": 8, "night": "#784024"}}, {"type": "Feature", "geometry": {"type": "Polygon", "coordinates": [[[55.2691129, 25.2269041], [55.2690781, 25.2268312], [55.268905, 25.2268988], [55.2689249, 25.2269405], [55.269052, 25.2268909], [55.2690669, 25.226922], [55.2691129, 25.2269041]]]}, "properties": {"height": 8, "night": "#723d22"}}, {"type": "Feature", "geometry": {"type": "Polygon", "coordinates": [[[55.2684539, 25.2279733], [55.2683769, 25.2278276], [55.2684302, 25.2278046], [55.2684181, 25.2277818], [55.2685071, 25.2277433], [55.2685532, 25.2278306], [55.2685961, 25.2279117], [55.268566, 25.2279248], [55.2684539, 25.2279733]]]}, "properties": {"height": 8, "night": "#703b21"}}, {"type": "Feature", "geometry": {"type": "Polygon", "coordinates": [[[55.2674143, 25.2301421], [55.2676656, 25.2300441], [55.2675354, 25.2297709], [55.2674944, 25.2297869], [55.2674814, 25.2297596], [55.2672711, 25.2298416], [55.2674143, 25.2301421]]]}, "properties": {"height": 8, "night": "#6b381f"}}, {"type": "Feature", "geometry": {"type": "Polygon", "coordinates": [[[55.2669522, 25.2280426], [55.2670226, 25.2281836], [55.2670382, 25.2282149], [55.2669067, 25.2282686], [55.2668208, 25.2280962], [55.2669522, 25.2280426]]]}, "properties": {"height": 8, "night": "#703b21"}}, {"type": "Feature", "geometry": {"type": "Polygon", "coordinates": [[[55.2681833, 25.2286688], [55.2681565, 25.228614], [55.2679175, 25.2287094], [55.2679368, 25.228749], [55.2681098, 25.2286799], [55.2681172, 25.2286952], [55.2681833, 25.2286688]]]}, "properties": {"height": 8, "night": "#6e3a20"}}, {"type": "Feature", "geometry": {"type": "Polygon", "coordinates": [[[55.2656046, 25.2259209], [55.2655419, 25.2257822], [55.2654162, 25.2258287], [55.2654789, 25.2259674], [55.2656046, 25.2259209]]]}, "properties": {"height": 8, "night": "#763f23"}}, {"type": "Feature", "geometry": {"type": "Polygon", "coordinates": [[[55.2632585, 25.2283538], [55.2632343, 25.2283229], [55.2632394, 25.2283197], [55.2631805, 25.2282447], [55.2632179, 25.2282207], [55.2632494, 25.2282608], [55.263283, 25.2282392], [55.2632501, 25.2281972], [55.2632792, 25.2281785], [55.2633122, 25.2282206], [55.2633527, 25.2281947], [55.2634042, 25.2282604], [55.2632585, 25.2283538]]]}, "properties": {"height": 8, "night": "#6f3b21"}}, {"type": "Feature", "geometry": {"type": "Polygon", "coordinates": [[[55.2618421, 25.2277765], [55.2619071, 25.2277358], [55.2618836, 25.2277051], [55.2619548, 25.2276605], [55.2619736, 25.227685], [55.2620412, 25.2276426], [55.2620143, 25.2276074], [55.261975, 25.2276321], [55.261917, 25.2275565], [55.2617771, 25.2276442], [55.2617914, 25.2276628], [55.2617829, 25.2276682], [55.2618162, 25.2277116], [55.2618001, 25.2277217], [55.2618421, 25.2277765]]]}, "properties": {"height": 8, "night": "#713c21"}}, {"type": "Feature", "geometry": {"type": "Polygon", "coordinates": [[[55.2642634, 25.2253129], [55.264172, 25.2251986], [55.2645751, 25.2249349], [55.2646665, 25.2250492], [55.2642634, 25.2253129]]]}, "properties": {"height": 8, "night": "#784024"}}, {"type": "Feature", "geometry": {"type": "Polygon", "coordinates": [[[55.2664957, 25.2291507], [55.26644, 25.2291725], [55.2663471, 25.2289789], [55.266387, 25.2289632], [55.2664319, 25.2290568], [55.2664477, 25.2290506], [55.2664957, 25.2291507]]]}, "properties": {"height": 8, "night": "#6d3a20"}}, {"type": "Feature", "geometry": {"type": "Polygon", "coordinates": [[[55.26442, 25.2274888], [55.2643932, 25.2274537], [55.2644669, 25.2274076], [55.2644937, 25.2274427], [55.26442, 25.2274888]]]}, "properties": {"height": 8, "night": "#723c22"}}, {"type": "Feature", "geometry": {"type": "Polygon", "coordinates": [[[55.265271, 25.2260623], [55.2651862, 25.2258907], [55.2650827, 25.2259325], [55.2650737, 25.2259142], [55.2650407, 25.2259276], [55.2650118, 25.225869], [55.2648403, 25.2259383], [55.2649089, 25.2260771], [55.2649387, 25.226065], [55.264953, 25.2260939], [55.2649244, 25.2261054], [55.2649749, 25.2262077], [55.2649532, 25.2262165], [55.264985, 25.2262808], [55.2651695, 25.2262062], [55.2651271, 25.2261205], [55.265271, 25.2260623]]]}, "properties": {"height": 8, "night": "#763f23"}}, {"type": "Feature", "geometry": {"type": "Polygon", "coordinates": [[[55.2611194, 25.22596], [55.2609598, 25.2260633], [55.2609347, 25.2260317], [55.2610944, 25.2259283], [55.2611194, 25.22596]]]}, "properties": {"height": 8, "night": "#753e23"}}, {"type": "Feature", "geometry": {"type": "Polygon", "coordinates": [[[55.2626277, 25.2244284], [55.2623992, 25.2245571], [55.2623502, 25.2244859], [55.2625787, 25.2243572], [55.2626277, 25.2244284]]]}, "properties": {"height": 8, "night": "#794124"}}, {"type": "Feature", "geometry": {"type": "Polygon", "coordinates": [[[55.2621228, 25.2238725], [55.261927, 25.2240032], [55.2618483, 25.2239067], [55.2620442, 25.2237761], [55.2621228, 25.2238725]]]}, "properties": {"height": 8, "night": "#7b4225"}}, {"type": "Feature", "geometry": {"type": "Polygon", "coordinates": [[[55.259805, 25.2239667], [55.259647, 25.2240644], [55.2595705, 25.223963], [55.259591, 25.2239503], [55.2594727, 25.2237935], [55.2594475, 25.2238091], [55.2594194, 25.223772], [55.2595586, 25.223686], [55.2596254, 25.2237744], [55.2595879, 25.2237976], [55.2596732, 25.2239105], [55.2596353, 25.223934], [55.2596837, 25.2239982], [55.2597215, 25.2239748], [55.25971, 25.2239596], [55.2597386, 25.223942], [55.2596945, 25.2238836], [55.2598744, 25.2237725], [55.2598391, 25.2237257], [55.2599087, 25.2236826], [55.2599916, 25.2237924], [55.2597746, 25.2239264], [55.259805, 25.2239667]]]}, "properties": {"height": 8, "night": "#794124"}}, {"type": "Feature", "geometry": {"type": "Polygon", "coordinates": [[[55.2588748, 25.2231804], [55.2587184, 25.2232867], [55.2585617, 25.223098], [55.2587181, 25.2229917], [55.2588748, 25.2231804]]]}, "properties": {"height": 8, "night": "#7a4125"}}, {"type": "Feature", "geometry": {"type": "Polygon", "coordinates": [[[55.2607353, 25.2213756], [55.2607624, 25.2214097], [55.2608138, 25.2213763], [55.2608471, 25.2214182], [55.2608022, 25.2214474], [55.260831, 25.2214835], [55.2607149, 25.221559], [55.2606411, 25.2214661], [55.2607032, 25.2214257], [55.2606879, 25.2214064], [55.2607353, 25.2213756]]]}, "properties": {"height": 8, "night": "#804527"}}, {"type": "Feature", "geometry": {"type": "Polygon", "coordinates": [[[55.2563433, 25.2211394], [55.2564359, 25.2210924], [55.2564008, 25.2210358], [55.2563082, 25.2210828], [55.2563433, 25.2211394]]]}, "properties": {"height": 8, "night": "#7c4225"}}, {"type": "Feature", "geometry": {"type": "Polygon", "coordinates": [[[55.2546796, 25.2222491], [55.2546456, 25.2222705], [55.2546674, 25.2222989], [55.2545946, 25.2223448], [55.254577, 25.2223219], [55.2545345, 25.2223487], [55.2545591, 25.2223807], [55.2544483, 25.2224505], [55.2542802, 25.2222323], [55.2543504, 25.222188], [55.2543972, 25.2222487], [55.2544943, 25.2221875], [55.2545399, 25.2222467], [55.2545893, 25.2222155], [55.2546049, 25.2222359], [55.2546484, 25.2222085], [55.2546796, 25.2222491]]]}, "properties": {"height": 8, "night": "#773f24"}}, {"type": "Feature", "geometry": {"type": "Polygon", "coordinates": [[[55.2547239, 25.2210665], [55.2546234, 25.2211253], [55.2545624, 25.2210398], [55.2546629, 25.2209811], [55.2547239, 25.2210665]]]}, "properties": {"height": 8, "night": "#794125"}}, {"type": "Feature", "geometry": {"type": "Polygon", "coordinates": [[[55.2542374, 25.2189402], [55.2541525, 25.2189954], [55.254049, 25.2188652], [55.2541338, 25.21881], [55.2542374, 25.2189402]]]}, "properties": {"height": 8, "night": "#7d4326"}}, {"type": "Feature", "geometry": {"type": "Polygon", "coordinates": [[[55.25779, 25.221618], [55.2576541, 25.2217093], [55.2575396, 25.2215697], [55.2575085, 25.2215905], [55.2574709, 25.2215446], [55.2575221, 25.2215103], [55.2575446, 25.2215377], [55.2576418, 25.2214725], [55.2576604, 25.22146], [55.25779, 25.221618]]]}, "properties": {"height": 8, "night": "#7d4326"}}, {"type": "Feature", "geometry": {"type": "Polygon", "coordinates": [[[55.2581468, 25.2198643], [55.2581075, 25.2198166], [55.258086, 25.2198311], [55.2581252, 25.2198788], [55.2581468, 25.2198643]]]}, "properties": {"height": 8, "night": "#814527"}}, {"type": "Feature", "geometry": {"type": "Polygon", "coordinates": [[[55.2565541, 25.2198293], [55.2566957, 25.2197353], [55.2567403, 25.2197902], [55.2567006, 25.2198166], [55.2567275, 25.2198497], [55.2566825, 25.2198796], [55.2566701, 25.2198642], [55.2566131, 25.219902], [55.2565541, 25.2198293]]]}, "properties": {"height": 8, "night": "#7f4427"}}, {"type": "Feature", "geometry": {"type": "Polygon", "coordinates": [[[55.2549187, 25.2190376], [55.2549018, 25.2190156], [55.2548441, 25.2189402], [55.2548284, 25.2189197], [55.2547256, 25.2189842], [55.2547568, 25.219025], [55.2547291, 25.2190424], [55.2547604, 25.2190832], [55.2547727, 25.2190755], [55.2548004, 25.2191117], [55.2549187, 25.2190376]]]}, "properties": {"height": 8, "night": "#7e4326"}}, {"type": "Feature", "geometry": {"type": "Polygon", "coordinates": [[[55.2580158, 25.2178752], [55.2579265, 25.2179336], [55.2578687, 25.2178613], [55.2578508, 25.217873], [55.2578241, 25.2178397], [55.2578104, 25.2178486], [55.2577736, 25.2178026], [55.2578945, 25.2177235], [55.2580158, 25.2178752]]]}, "properties": {"height": 8, "night": "#854829"}}, {"type": "Feature", "geometry": {"type": "Polygon", "coordinates": [[[55.2532283, 25.2200234], [55.2532074, 25.2199969], [55.2531745, 25.2200182], [55.2531954, 25.2200447], [55.2532283, 25.2200234]]]}, "properties": {"height": 8, "night": "#794124"}}, {"type": "Feature", "geometry": {"type": "Polygon", "coordinates": [[[55.2551405, 25.2164137], [55.2550204, 25.2162536], [55.2551314, 25.2161855], [55.2551752, 25.2162438], [55.2552444, 25.2162013], [55.2552629, 25.216226], [55.2553207, 25.216303], [55.2551405, 25.2164137]]]}, "properties": {"height": 8, "night": "#834628"}}, {"type": "Feature", "geometry": {"type": "Polygon", "coordinates": [[[55.2531591, 25.214893], [55.2529961, 25.2147484], [55.2530108, 25.2147348], [55.2531033, 25.2146496], [55.2532662, 25.2147942], [55.2531591, 25.214893]]]}, "properties": {"height": 8, "night": "#804527"}}, {"type": "Feature", "geometry": {"type": "Polygon", "coordinates": [[[55.254819, 25.2172649], [55.2547561, 25.2171793], [55.2546311, 25.2172545], [55.254694, 25.2173401], [55.254819, 25.2172649]]]}, "properties": {"height": 8, "night": "#804527"}}, {"type": "Feature", "geometry": {"type": "Polygon", "coordinates": [[[55.2548318, 25.2152246], [55.254913, 25.2151804], [55.2548944, 25.2151524], [55.2548132, 25.2151966], [55.2548318, 25.2152246]]]}, "properties": {"height": 8, "night": "#844728"}}, {"type": "Feature", "geometry": {"type": "Polygon", "coordinates": [[[55.2547923, 25.2140568], [55.2546871, 25.2141226], [55.2544952, 25.2138713], [55.2545242, 25.2138532], [55.2545028, 25.2138251], [55.2545789, 25.2137775], [55.2547923, 25.2140568]]]}, "properties": {"height": 8, "night": "#844728"}}, {"type": "Feature", "geometry": {"type": "Polygon", "coordinates": [[[55.2517668, 25.2143582], [55.2516797, 25.2142803], [55.2516187, 25.214336], [55.2517059, 25.214414], [55.2517668, 25.2143582]]]}, "properties": {"height": 8, "night": "#7d4326"}}, {"type": "Feature", "geometry": {"type": "Polygon", "coordinates": [[[55.2508731, 25.2127385], [55.2506894, 25.2125005], [55.2506755, 25.2124825], [55.2505133, 25.212585], [55.2505291, 25.2126054], [55.2507109, 25.212841], [55.2508731, 25.2127385]]]}, "properties": {"height": 8, "night": "#7c4225"}}, {"type": "Feature", "geometry": {"type": "Polygon", "coordinates": [[[55.249274, 25.2116601], [55.2493609, 25.2116096], [55.2493325, 25.2115696], [55.2492456, 25.2116201], [55.249274, 25.2116601]]]}, "properties": {"height": 8, "night": "#794124"}}, {"type": "Feature", "geometry": {"type": "Polygon", "coordinates": [[[55.256594, 25.1906052], [55.2569538, 25.1903316], [55.2568667, 25.1902378], [55.2565069, 25.1905114], [55.256594, 25.1906052]]]}, "properties": {"height": 8, "night": "#65351d"}}, {"type": "Feature", "geometry": {"type": "Polygon", "coordinates": [[[55.248226, 25.188985], [55.2480613, 25.1890781], [55.2479603, 25.1889317], [55.248125, 25.1888387], [55.248226, 25.188985]]]}, "properties": {"height": 8, "night": "#582d19"}}, {"type": "Feature", "geometry": {"type": "Polygon", "coordinates": [[[55.2473805, 25.1912431], [55.2472933, 25.191121], [55.2472704, 25.1911344], [55.2473576, 25.1912565], [55.2473805, 25.1912431]]]}, "properties": {"height": 8, "night": "#5c2f1a"}}, {"type": "Feature", "geometry": {"type": "Polygon", "coordinates": [[[55.2467225, 25.1893345], [55.2468848, 25.1892334], [55.2469883, 25.1893696], [55.246826, 25.1894706], [55.2467225, 25.1893345]]]}, "properties": {"height": 8, "night": "#572d18"}}, {"type": "Feature", "geometry": {"type": "Polygon", "coordinates": [[[55.2485958, 25.1911663], [55.2488025, 25.1910456], [55.248708, 25.1909132], [55.2485014, 25.1910339], [55.2485958, 25.1911663]]]}, "properties": {"height": 8, "night": "#5d301a"}}, {"type": "Feature", "geometry": {"type": "Polygon", "coordinates": [[[55.2504548, 25.1925079], [55.2503891, 25.1924052], [55.2504888, 25.192353], [55.2505545, 25.1924557], [55.2504548, 25.1925079]]]}, "properties": {"height": 8, "night": "#63341c"}}, {"type": "Feature", "geometry": {"type": "Polygon", "coordinates": [[[55.252997, 25.1983548], [55.2530691, 25.1984671], [55.2532443, 25.1983749], [55.2531721, 25.1982627], [55.252997, 25.1983548]]]}, "properties": {"height": 8, "night": "#733d22"}}, {"type": "Feature", "geometry": {"type": "Polygon", "coordinates": [[[55.2535653, 25.2049916], [55.2537045, 25.2049085], [55.2537388, 25.2049555], [55.2538117, 25.2050554], [55.2537281, 25.2051054], [55.2537726, 25.2051663], [55.253717, 25.2051995], [55.253632, 25.205083], [55.2535922, 25.2050285], [55.2535653, 25.2049916]]]}, "properties": {"height": 4, "night": "#73351b"}}, {"type": "Feature", "geometry": {"type": "Polygon", "coordinates": [[[55.2679792, 25.2066187], [55.2679479, 25.2066327], [55.2680025, 25.2067216], [55.2680285, 25.2067087], [55.2679792, 25.2066187]]]}, "properties": {"height": 8, "night": "#924f2d"}}, {"type": "Feature", "geometry": {"type": "Polygon", "coordinates": [[[55.2579994, 25.2128181], [55.2583275, 25.2126519], [55.2583151, 25.2126318], [55.2584264, 25.2125754], [55.2583551, 25.2124602], [55.2583677, 25.2124538], [55.2582657, 25.212289], [55.2582458, 25.2122991], [55.2581539, 25.2121506], [55.2577179, 25.2123715], [55.2577804, 25.2124726], [55.2577632, 25.2124813], [55.2578296, 25.2125885], [55.2578507, 25.2125778], [55.2579994, 25.2128181]]]}, "properties": {"height": 12, "night": "#9c5e39"}}, {"type": "Feature", "geometry": {"type": "Polygon", "coordinates": [[[55.2486177, 25.1938997], [55.2486747, 25.1938689], [55.2486156, 25.1937793], [55.2485999, 25.193757], [55.2485899, 25.1937624], [55.2485417, 25.1937888], [55.2485187, 25.1937544], [55.2484897, 25.193711], [55.2483664, 25.1937843], [55.2484541, 25.1938922], [55.2486177, 25.1938997]]]}, "properties": {"height": 8, "night": "#63341c"}}, {"type": "Feature", "geometry": {"type": "Polygon", "coordinates": [[[55.2752063, 25.2131789], [55.2754771, 25.2130284], [55.275316, 25.212791], [55.2750451, 25.2129415], [55.27513, 25.2130662], [55.2751504, 25.2130969], [55.2752063, 25.2131789]]]}, "properties": {"height": 115, "night": "#d0b48f"}}, {"type": "Feature", "geometry": {"type": "Polygon", "coordinates": [[[55.2807843, 25.2228743], [55.2811091, 25.2226833], [55.2807643, 25.2222037], [55.2804396, 25.2223948], [55.2807843, 25.2228743]]]}, "properties": {"height": 27, "night": "#9c724b"}}, {"type": "Feature", "geometry": {"type": "Polygon", "coordinates": [[[55.261533, 25.2092198], [55.2620749, 25.2088826], [55.2625257, 25.2086496], [55.2629635, 25.2084234], [55.2634498, 25.2081721], [55.2639482, 25.2079638], [55.2639057, 25.2078869], [55.263605, 25.2077649], [55.2629431, 25.2074962], [55.2628935, 25.2076115], [55.262752, 25.2076692], [55.2627409, 25.2076737], [55.2626104, 25.2077204], [55.2624901, 25.207682], [55.2624122, 25.2075987], [55.262299, 25.2077076], [55.2623343, 25.2077716], [55.2621928, 25.2078613], [55.2622565, 25.2079702], [55.262127, 25.2080379], [55.2618035, 25.2082071], [55.261697, 25.2082922], [55.2617479, 25.2083921], [55.2616825, 25.208423], [55.2613929, 25.2085594], [55.2612797, 25.208649], [55.2613434, 25.2087451], [55.2612443, 25.2087899], [55.261533, 25.2092198]]]}, "properties": {"height": 12, "night": "#a6643e"}}, {"type": "Feature", "geometry": {"type": "Polygon", "coordinates": [[[55.2532968, 25.212158], [55.2532115, 25.2120385], [55.2533917, 25.2119333], [55.2534537, 25.2120203], [55.2533542, 25.2120784], [55.2533774, 25.212111], [55.2532968, 25.212158]]]}, "properties": {"height": 8, "night": "#834628"}}, {"type": "Feature", "geometry": {"type": "Polygon", "coordinates": [[[55.2506513, 25.2159924], [55.2507537, 25.2159255], [55.2508233, 25.2160128], [55.2507209, 25.2160796], [55.2506513, 25.2159924]]]}, "properties": {"height": 8, "night": "#7a4125"}}, {"type": "Feature", "geometry": {"type": "Polygon", "coordinates": [[[55.2735142, 25.215237], [55.273418, 25.2151062], [55.2735037, 25.2150546], [55.2735111, 25.2150235], [55.2735686, 25.2150297], [55.2735588, 25.215088], [55.273595, 25.2151373], [55.27365, 25.2151416], [55.2736413, 25.2151878], [55.2735969, 25.2151873], [55.2735142, 25.215237]]]}, "properties": {"height": 8, "night": "#874929"}}, {"type": "Feature", "geometry": {"type": "Polygon", "coordinates": [[[55.2656731, 25.2103153], [55.2658073, 25.2102356], [55.2659106, 25.2103779], [55.2657764, 25.2104577], [55.2656731, 25.2103153]]]}, "properties": {"height": 8, "night": "#9d5631"}}, {"type": "Feature", "geometry": {"type": "Polygon", "coordinates": [[[55.2725361, 25.2166991], [55.2724828, 25.2166287], [55.2725882, 25.2165634], [55.2726415, 25.2166338], [55.2725361, 25.2166991]]]}, "properties": {"height": 8, "night": "#864929"}}, {"type": "Feature", "geometry": {"type": "Polygon", "coordinates": [[[55.250255, 25.200223], [55.250206, 25.2001508], [55.2502913, 25.2001035], [55.2503154, 25.2001391], [55.2503657, 25.2001112], [55.25034, 25.2000732], [55.2504084, 25.2000352], [55.2504544, 25.200103], [55.2504187, 25.2001228], [55.250446, 25.200163], [55.2503245, 25.2002304], [55.2503018, 25.200197], [55.250255, 25.200223]]]}, "properties": {"height": 8, "night": "#723c22"}}, {"type": "Feature", "geometry": {"type": "Polygon", "coordinates": [[[55.2513436, 25.197597], [55.2512946, 25.1975283], [55.2512706, 25.1975422], [55.251198, 25.1974401], [55.2510601, 25.1975204], [55.2511188, 25.1976029], [55.2511429, 25.1975888], [55.25117, 25.1976268], [55.2511766, 25.197623], [55.2512037, 25.1976611], [55.2512297, 25.197646], [55.2512384, 25.1976583], [55.2513436, 25.197597]]]}, "properties": {"height": 8, "night": "#6f3b21"}}, {"type": "Feature", "geometry": {"type": "Polygon", "coordinates": [[[55.2617571, 25.2019586], [55.2614316, 25.2014663], [55.2616015, 25.2013743], [55.2616288, 25.2014156], [55.2618431, 25.2012997], [55.261827, 25.2012754], [55.2619929, 25.2011857], [55.2623104, 25.201666], [55.2621439, 25.2017561], [55.2618926, 25.201376], [55.2616761, 25.2014932], [55.261924, 25.2018683], [55.2617571, 25.2019586]]]}, "properties": {"height": 28, "night": "#ca9968"}}, {"type": "Feature", "geometry": {"type": "Polygon", "coordinates": [[[55.249604, 25.1950667], [55.2496213, 25.1950384], [55.2496369, 25.1950421], [55.2496549, 25.1950407], [55.2496673, 25.1950347], [55.2496746, 25.1950251], [55.2496792, 25.1950064], [55.2497454, 25.1950196], [55.2497609, 25.194956], [55.2497272, 25.1948876], [55.2496397, 25.1948706], [55.2496198, 25.1949543], [55.2495312, 25.1949371], [55.2495145, 25.1950072], [55.2495482, 25.1950629], [55.249604, 25.1950667]]]}, "properties": {"height": 8, "night": "#67361e"}}, {"type": "Feature", "geometry": {"type": "Polygon", "coordinates": [[[55.2529617, 25.1966108], [55.2531115, 25.1965258], [55.2531889, 25.1966374], [55.2530391, 25.1967224], [55.2529617, 25.1966108]]]}, "properties": {"height": 8, "night": "#703b21"}}, {"type": "Feature", "geometry": {"type": "Polygon", "coordinates": [[[55.2532532, 25.205037], [55.2531997, 25.2050697], [55.2532264, 25.2051055], [55.253199, 25.2051222], [55.2532881, 25.2052417], [55.2533949, 25.2051765], [55.2533732, 25.2051474], [55.2533317, 25.2051727], [55.2532798, 25.2051031], [55.2532953, 25.2050936], [55.2532532, 25.205037]]]}, "properties": {"height": 4, "night": "#72351b"}}, {"type": "Feature", "geometry": {"type": "Polygon", "coordinates": [[[55.2458733, 25.2123543], [55.2459065, 25.2122035], [55.2460618, 25.2122315], [55.2460287, 25.2123823], [55.2458733, 25.2123543]]]}, "properties": {"height": 8, "night": "#713c21"}}, {"type": "Feature", "geometry": {"type": "Polygon", "coordinates": [[[55.256428, 25.2261455], [55.2561725, 25.2257989], [55.2558567, 25.2259895], [55.2561123, 25.226336], [55.256428, 25.2261455]]]}, "properties": {"height": 8, "night": "#703b21"}}, {"type": "Feature", "geometry": {"type": "Polygon", "coordinates": [[[55.276969, 25.1869346], [55.2771678, 25.1869346], [55.2771667, 25.1869032], [55.2772378, 25.1869012], [55.2772392, 25.1869402], [55.2773375, 25.1869373], [55.2773364, 25.1869072], [55.2774122, 25.1869049], [55.2774135, 25.1869413], [55.2776854, 25.1869639], [55.2776935, 25.1868904], [55.277676, 25.1868888], [55.2776893, 25.1867684], [55.2778283, 25.186781], [55.2778562, 25.186672], [55.2779404, 25.186689], [55.2779556, 25.1866253], [55.2780368, 25.1866387], [55.2780915, 25.1864398], [55.2774755, 25.1863267], [55.2774752, 25.1864229], [55.2775246, 25.1864231], [55.2775244, 25.1864731], [55.2774976, 25.186473], [55.2774973, 25.1865632], [55.2774453, 25.1865631], [55.2774451, 25.1866494], [55.2773849, 25.1866492], [55.2773851, 25.1865747], [55.2772921, 25.1865745], [55.2772925, 25.1864446], [55.2772699, 25.1864445], [55.2772701, 25.1863625], [55.2773157, 25.1863626], [55.2773158, 25.1863263], [55.277091, 25.1863221], [55.2767008, 25.1863538], [55.2766817, 25.1864754], [55.2766842, 25.1865108], [55.2766735, 25.1865112], [55.27667, 25.1866102], [55.2766854, 25.1866099], [55.2766851, 25.1866332], [55.2766683, 25.1866333], [55.276669, 25.1866869], [55.2766836, 25.1866869], [55.2766836, 25.1867656], [55.2770129, 25.1867613], [55.2770137, 25.1868106], [55.276967, 25.1868112], [55.276969, 25.1869346]]]}, "properties": {"height": 8, "night": "#582d19"}}, {"type": "Feature", "geometry": {"type": "Polygon", "coordinates": [[[55.2745765, 25.1919196], [55.2745691, 25.1919326], [55.2746415, 25.1919665], [55.2746497, 25.1919513], [55.2747426, 25.1917806], [55.2746724, 25.1917518], [55.2745765, 25.1919196]]]}, "properties": {"height": 8, "night": "#68361e"}}, {"type": "Feature", "geometry": {"type": "Polygon", "coordinates": [[[55.2633011, 25.1885226], [55.2635346, 25.1887785], [55.2642966, 25.1882093], [55.264214, 25.1881187], [55.2641585, 25.1881601], [55.2640924, 25.1880876], [55.2640125, 25.1881473], [55.2639278, 25.1880545], [55.2633011, 25.1885226]]]}, "properties": {"height": 30, "night": "#926b48"}}, {"type": "Feature", "geometry": {"type": "Polygon", "coordinates": [[[55.2697118, 25.1813458], [55.2699566, 25.1809644], [55.2703958, 25.1811953], [55.2701512, 25.1815767], [55.2697118, 25.1813458]]]}, "properties": {"height": 8, "night": "#502815"}}, {"type": "Feature", "geometry": {"type": "Polygon", "coordinates": [[[55.2864858, 25.2213536], [55.2867988, 25.2211846], [55.286663, 25.2209788], [55.28635, 25.2211478], [55.2864858, 25.2213536]]]}, "properties": {"height": 8, "night": "#63341d"}}, {"type": "Feature", "geometry": {"type": "Polygon", "coordinates": [[[55.2510748, 25.1881373], [55.2509989, 25.1880336], [55.2510224, 25.1880195], [55.2510173, 25.1880125], [55.2510418, 25.1879979], [55.2510482, 25.1880067], [55.25109, 25.1879817], [55.2511645, 25.1880835], [55.2510748, 25.1881373]]]}, "properties": {"height": 8, "night": "#5a2e19"}}, {"type": "Feature", "geometry": {"type": "Polygon", "coordinates": [[[55.252065, 25.2032589], [55.2518594, 25.2033756], [55.2518352, 25.2033406], [55.2518579, 25.2033277], [55.2520408, 25.2032239], [55.252065, 25.2032589]]]}, "properties": {"height": 8, "night": "#7a4125"}}, {"type": "Feature", "geometry": {"type": "Polygon", "coordinates": [[[55.2632837, 25.1984051], [55.26328, 25.1984433], [55.2631578, 25.1984336], [55.2631617, 25.1983933], [55.263131, 25.1983909], [55.2631069, 25.1983729], [55.2631087, 25.1983282], [55.2630652, 25.1983267], [55.2630696, 25.1982181], [55.2631297, 25.1982201], [55.2631312, 25.1981815], [55.263238, 25.198185], [55.2632763, 25.1982113], [55.2633252, 25.1982658], [55.2633443, 25.1983101], [55.2633348, 25.1984091], [55.2632837, 25.1984051]]]}, "properties": {"height": 8, "night": "#7e4326"}}, {"type": "Feature", "geometry": {"type": "Polygon", "coordinates": [[[55.2797381, 25.2030341], [55.2796535, 25.2030444], [55.2796642, 25.2031163], [55.2792558, 25.2031775], [55.2792201, 25.2030031], [55.2791624, 25.2030101], [55.2791564, 25.2029702], [55.279093, 25.2029786], [55.2790659, 25.2028366], [55.2791958, 25.2028118], [55.2791575, 25.2025373], [55.2795508, 25.2024971], [55.279617, 25.2028555], [55.2797198, 25.2029112], [55.2797381, 25.2030341]]]}, "properties": {"height": 70, "night": "#b5916a"}}, {"type": "Feature", "geometry": {"type": "Polygon", "coordinates": [[[55.2716362, 25.2148305], [55.2716894, 25.2147977], [55.2717221, 25.2148412], [55.271669, 25.214874], [55.2716362, 25.2148305]]]}, "properties": {"height": 8, "night": "#8b4b2b"}}, {"type": "Feature", "geometry": {"type": "Polygon", "coordinates": [[[55.2551611, 25.2249751], [55.2553448, 25.2248721], [55.2552776, 25.2247739], [55.2552414, 25.2247942], [55.2552224, 25.2247664], [55.2551997, 25.2247791], [55.2551573, 25.2247171], [55.2550289, 25.224789], [55.2550182, 25.2247734], [55.2549365, 25.2248192], [55.255016, 25.2249354], [55.2550757, 25.224902], [55.2551057, 25.2249459], [55.2551313, 25.2249316], [55.2551611, 25.2249751]]]}, "properties": {"height": 8, "night": "#723c22"}}, {"type": "Feature", "geometry": {"type": "Polygon", "coordinates": [[[55.2880642, 25.2240379], [55.2881905, 25.2242234], [55.2884652, 25.2240716], [55.2887988, 25.2238854], [55.2888544, 25.2238534], [55.288728, 25.2236678], [55.2885661, 25.2237581], [55.2882105, 25.2239563], [55.2880642, 25.2240379]]]}, "properties": {"height": 8, "night": "#5c2f1a"}}, {"type": "Feature", "geometry": {"type": "Polygon", "coordinates": [[[55.2844564, 25.2019063], [55.2845093, 25.2019001], [55.284507, 25.2018843], [55.2846365, 25.2018692], [55.284618, 25.2017395], [55.2846119, 25.2016963], [55.2844295, 25.2017176], [55.2844564, 25.2019063]]]}, "properties": {"height": 3, "night": "#5e2a14"}}, {"type": "Feature", "geometry": {"type": "Polygon", "coordinates": [[[55.2889203, 25.2013057], [55.2890852, 25.2012911], [55.2891804, 25.2013227], [55.2892126, 25.2012657], [55.2892931, 25.2012584], [55.2893749, 25.2010776], [55.2892636, 25.20104], [55.2892743, 25.201006], [55.2892005, 25.2009878], [55.2891844, 25.2010242], [55.2891389, 25.201012], [55.2890503, 25.2012062], [55.2889109, 25.2012208], [55.2889203, 25.2013057]]]}, "properties": {"height": 3, "night": "#552612"}}, {"type": "Feature", "geometry": {"type": "Polygon", "coordinates": [[[55.2598424, 25.2010207], [55.259989, 25.2009345], [55.2599231, 25.2008429], [55.2599087, 25.2008228], [55.2598756, 25.2008423], [55.2597621, 25.200909], [55.2598424, 25.2010207]]]}, "properties": {"height": 8, "night": "#824628"}}, {"type": "Feature", "geometry": {"type": "Polygon", "coordinates": [[[55.2617095, 25.2004076], [55.2617402, 25.2003886], [55.2617735, 25.2004326], [55.2619119, 25.2003467], [55.2618068, 25.2002081], [55.2617503, 25.2002431], [55.2616714, 25.2002921], [55.2616378, 25.2003129], [55.2617095, 25.2004076]]]}, "properties": {"height": 3, "night": "#723319"}}, {"type": "Feature", "geometry": {"type": "Polygon", "coordinates": [[[55.269385, 25.1899532], [55.2693053, 25.1899565], [55.2693, 25.1898502], [55.2693797, 25.189847], [55.269385, 25.1899532]]]}, "properties": {"height": 8, "night": "#67361e"}}, {"type": "Feature", "geometry": {"type": "Polygon", "coordinates": [[[55.276414, 25.1841597], [55.2760473, 25.1843053], [55.2756102, 25.1845134], [55.2752324, 25.1847439], [55.2749104, 25.1849639], [55.2748704, 25.1849153], [55.2748141, 25.184953], [55.2745635, 25.1846632], [55.2748919, 25.1844343], [55.2750974, 25.1843066], [55.2756827, 25.1839989], [55.2759078, 25.1839009], [55.2762561, 25.1837716], [55.2764654, 25.1840917], [55.276402, 25.1841205], [55.276414, 25.1841597]]]}, "properties": {"height": 15, "night": "#5f3821"}}, {"type": "Feature", "geometry": {"type": "Polygon", "coordinates": [[[55.2767167, 25.2280705], [55.2766346, 25.2279516], [55.2767392, 25.2278924], [55.2768213, 25.2280114], [55.2767167, 25.2280705]]]}, "properties": {"height": 8, "night": "#68371e"}}, {"type": "Feature", "geometry": {"type": "Polygon", "coordinates": [[[55.2466666, 25.1815701], [55.246728, 25.1815241], [55.2467421, 25.1815395], [55.2467661, 25.1815214], [55.2467535, 25.1815077], [55.2468084, 25.1814666], [55.2468161, 25.1814751], [55.2468681, 25.1815319], [55.2469061, 25.1815734], [55.2468471, 25.1816176], [55.2468314, 25.1816004], [55.2468082, 25.1816178], [55.2468192, 25.1816298], [55.2467611, 25.1816734], [55.2467229, 25.1816317], [55.2466743, 25.1815785], [55.2466666, 25.1815701]]]}, "properties": {"height": 20, "night": "#52311d"}}, {"type": "Feature", "geometry": {"type": "Polygon", "coordinates": [[[55.2716433, 25.2189035], [55.2715161, 25.2187382], [55.2716015, 25.2186821], [55.2717316, 25.2188444], [55.2716433, 25.2189035]]]}, "properties": {"height": 5, "night": "#7a3b1f"}}, {"type": "Feature", "geometry": {"type": "Polygon", "coordinates": [[[55.2608442, 25.1799075], [55.26077, 25.1799524], [55.2607185, 25.1798827], [55.2607928, 25.1798378], [55.2608442, 25.1799075]]]}, "properties": {"height": 8, "night": "#4c2614"}}, {"type": "Feature", "geometry": {"type": "Polygon", "coordinates": [[[55.2570077, 25.1826025], [55.2569255, 25.1826781], [55.2566452, 25.1824284], [55.2567273, 25.1823528], [55.2570077, 25.1826025]]]}, "properties": {"height": 8, "night": "#512916"}}, {"type": "Feature", "geometry": {"type": "Polygon", "coordinates": [[[55.2622531, 25.1908776], [55.2624489, 25.191088], [55.2621438, 25.1913205], [55.261948, 25.1911101], [55.2622531, 25.1908776]]]}, "properties": {"height": 30, "night": "#9f764f"}}, {"type": "Feature", "geometry": {"type": "Polygon", "coordinates": [[[55.2623899, 25.2096576], [55.262312, 25.2096994], [55.2623831, 25.2098081], [55.262461, 25.2097663], [55.2623899, 25.2096576]]]}, "properties": {"height": 8, "night": "#985330"}}, {"type": "Feature", "geometry": {"type": "Polygon", "coordinates": [[[55.2536116, 25.2114606], [55.2535175, 25.2115179], [55.2536237, 25.2116608], [55.2537179, 25.2116035], [55.2536116, 25.2114606]]]}, "properties": {"height": 8, "night": "#834728"}}, {"type": "Feature", "geometry": {"type": "Polygon", "coordinates": [[[55.2482867, 25.2132544], [55.2480442, 25.2133995], [55.2481297, 25.2135166], [55.2483723, 25.2133715], [55.2482867, 25.2132544]]]}, "properties": {"height": 8, "night": "#763f23"}}, {"type": "Feature", "geometry": {"type": "Polygon", "coordinates": [[[55.2575993, 25.2138109], [55.2576848, 25.2139294], [55.2577818, 25.2138722], [55.2576963, 25.2137536], [55.2575993, 25.2138109]]]}, "properties": {"height": 8, "night": "#8b4b2b"}}, {"type": "Feature", "geometry": {"type": "Polygon", "coordinates": [[[55.2627471, 25.2108006], [55.2629474, 25.2106711], [55.2628453, 25.2105419], [55.2627204, 25.2106226], [55.262645, 25.2106714], [55.2627471, 25.2108006]]]}, "properties": {"height": 6, "night": "#914928"}}, {"type": "Feature", "geometry": {"type": "Polygon", "coordinates": [[[55.2682091, 25.1933533], [55.2681629, 25.1934747], [55.2681772, 25.1934792], [55.268116, 25.1936398], [55.2684639, 25.1937484], [55.2684959, 25.1936645], [55.2684781, 25.1936589], [55.2685074, 25.1935822], [55.2685577, 25.1935979], [55.2686039, 25.1934765], [55.2682091, 25.1933533]]]}, "properties": {"height": 8, "night": "#713c21"}}, {"type": "Feature", "geometry": {"type": "Polygon", "coordinates": [[[55.2762291, 25.1921358], [55.2763091, 25.1920702], [55.2762888, 25.1920499], [55.2764437, 25.1919231], [55.2763686, 25.191848], [55.2761065, 25.1920627], [55.2761865, 25.1921427], [55.2761082, 25.1922068], [55.2761427, 25.1922412], [55.2761207, 25.1922592], [55.2762393, 25.1923777], [55.2762611, 25.1923598], [55.2763432, 25.1923569], [55.2763394, 25.1922692], [55.2763521, 25.1922587], [55.2762291, 25.1921358]]]}, "properties": {"height": 15, "night": "#77482c"}}, {"type": "Feature", "geometry": {"type": "Polygon", "coordinates": [[[55.2796144, 25.1908455], [55.2796377, 25.1908739], [55.279681, 25.1908447], [55.2796577, 25.1908163], [55.2796144, 25.1908455]]]}, "properties": {"height": 8, "night": "#5f311b"}}, {"type": "Feature", "geometry": {"type": "Polygon", "coordinates": [[[55.2646033, 25.2182619], [55.2646231, 25.2182841], [55.2646474, 25.2182664], [55.2646276, 25.2182442], [55.2646033, 25.2182619]]]}, "properties": {"height": 8, "night": "#8a4b2b"}}, {"type": "Feature", "geometry": {"type": "Polygon", "coordinates": [[[55.262727, 25.2188702], [55.2626821, 25.2188962], [55.2627389, 25.2189764], [55.2627604, 25.2190068], [55.2628053, 25.2189808], [55.262727, 25.2188702]]]}, "properties": {"height": 8, "night": "#88492a"}}, {"type": "Feature", "geometry": {"type": "Polygon", "coordinates": [[[55.2636874, 25.2170201], [55.2638578, 25.2169112], [55.2637801, 25.2168117], [55.2637495, 25.2168312], [55.263736, 25.2168139], [55.2636158, 25.2168908], [55.2636294, 25.2169082], [55.2636097, 25.2169207], [55.2636874, 25.2170201]]]}, "properties": {"height": 8, "night": "#8e4d2c"}}, {"type": "Feature", "geometry": {"type": "Polygon", "coordinates": [[[55.2642738, 25.2182561], [55.264245, 25.2182751], [55.2643192, 25.2183675], [55.2643516, 25.2183462], [55.2643302, 25.2183195], [55.2643568, 25.218302], [55.2643444, 25.2182865], [55.2643142, 25.2183064], [55.2642738, 25.2182561]]]}, "properties": {"height": 8, "night": "#8a4b2b"}}, {"type": "Feature", "geometry": {"type": "Polygon", "coordinates": [[[55.2638064, 25.2183875], [55.2636964, 25.2184557], [55.263717, 25.2184829], [55.2636949, 25.2184967], [55.2637517, 25.2185717], [55.2637893, 25.2186214], [55.2638164, 25.2186046], [55.2639215, 25.2185394], [55.2638064, 25.2183875]]]}, "properties": {"height": 8, "night": "#8a4a2a"}}, {"type": "Feature", "geometry": {"type": "Polygon", "coordinates": [[[55.2627083, 25.2178317], [55.2627878, 25.2179311], [55.2628137, 25.2179141], [55.2628299, 25.2179344], [55.262939, 25.217863], [55.2629732, 25.2178406], [55.2628775, 25.217721], [55.2627083, 25.2178317]]]}, "properties": {"height": 8, "night": "#8b4b2b"}}, {"type": "Feature", "geometry": {"type": "Polygon", "coordinates": [[[55.2629958, 25.2185547], [55.2629149, 25.2186044], [55.2628911, 25.218619], [55.2629009, 25.218632], [55.2628717, 25.2186499], [55.2628919, 25.2186767], [55.2629555, 25.2187614], [55.262972, 25.2187513], [55.2629938, 25.2187804], [55.2631111, 25.2187083], [55.2629958, 25.2185547]]]}, "properties": {"height": 8, "night": "#894a2a"}}, {"type": "Feature", "geometry": {"type": "Polygon", "coordinates": [[[55.2645631, 25.2169043], [55.2646114, 25.2169692], [55.2646496, 25.2169413], [55.2646194, 25.2169037], [55.2646764, 25.2168612], [55.2646597, 25.2168387], [55.2645631, 25.2169043]]]}, "properties": {"height": 8, "night": "#8e4d2c"}}, {"type": "Feature", "geometry": {"type": "Polygon", "coordinates": [[[55.2644152, 25.2172377], [55.2644354, 25.2172635], [55.2645269, 25.2172046], [55.2645067, 25.2171789], [55.2644152, 25.2172377]]]}, "properties": {"height": 8, "night": "#8d4c2c"}}, {"type": "Feature", "geometry": {"type": "Polygon", "coordinates": [[[55.2636268, 25.216044], [55.2637381, 25.2161999], [55.2638953, 25.216108], [55.2637828, 25.2159506], [55.2637438, 25.2159734], [55.263732, 25.215957], [55.2636558, 25.2160016], [55.2636686, 25.2160196], [55.2636268, 25.216044]]]}, "properties": {"height": 8, "night": "#904e2d"}}, {"type": "Feature", "geometry": {"type": "Polygon", "coordinates": [[[55.2625649, 25.2170348], [55.2625333, 25.2170555], [55.262636, 25.2171837], [55.2626676, 25.217163], [55.2625849, 25.2170597], [55.2625649, 25.2170348]]]}, "properties": {"height": 8, "night": "#8d4c2b"}}, {"type": "Feature", "geometry": {"type": "Polygon", "coordinates": [[[55.2628436, 25.216686], [55.262894, 25.2167505], [55.2629561, 25.2167109], [55.2629057, 25.2166463], [55.2628436, 25.216686]]]}, "properties": {"height": 8, "night": "#8e4d2c"}}, {"type": "Feature", "geometry": {"type": "Polygon", "coordinates": [[[55.2629789, 25.2158313], [55.2630108, 25.2158674], [55.2630265, 25.2158853], [55.2630714, 25.2158528], [55.2630007, 25.2157727], [55.2629648, 25.2157986], [55.2629879, 25.2158249], [55.2629789, 25.2158313]]]}, "properties": {"height": 8, "night": "#904e2d"}}, {"type": "Feature", "geometry": {"type": "Polygon", "coordinates": [[[55.2640605, 25.2151481], [55.2641126, 25.2151156], [55.2639797, 25.2149414], [55.2639081, 25.2149861], [55.2639379, 25.2150252], [55.264041, 25.2151603], [55.2640605, 25.2151481]]]}, "properties": {"height": 8, "night": "#93502e"}}, {"type": "Feature", "geometry": {"type": "Polygon", "coordinates": [[[55.2633906, 25.2157011], [55.2633495, 25.2156453], [55.2632306, 25.215717], [55.2632592, 25.2157558], [55.2633428, 25.2157054], [55.2633554, 25.2157224], [55.2633906, 25.2157011]]]}, "properties": {"height": 8, "night": "#914f2d"}}, {"type": "Feature", "geometry": {"type": "Polygon", "coordinates": [[[55.2652694, 25.2162718], [55.2652421, 25.2162362], [55.2651767, 25.2162772], [55.265204, 25.2163128], [55.2652694, 25.2162718]]]}, "properties": {"height": 8, "night": "#904e2d"}}, {"type": "Feature", "geometry": {"type": "Polygon", "coordinates": [[[55.2549086, 25.207099], [55.2549954, 25.207233], [55.255137, 25.2071579], [55.2550502, 25.2070239], [55.2549086, 25.207099]]]}, "properties": {"height": 8, "night": "#854829"}}, {"type": "Feature", "geometry": {"type": "Polygon", "coordinates": [[[55.2657853, 25.216825], [55.2656715, 25.2166723], [55.2656103, 25.2167097], [55.2657241, 25.2168623], [55.2657853, 25.216825]]]}, "properties": {"height": 8, "night": "#8e4d2c"}}, {"type": "Feature", "geometry": {"type": "Polygon", "coordinates": [[[55.2664143, 25.2182525], [55.2664017, 25.2182606], [55.2663767, 25.2182766], [55.2663665, 25.2182635], [55.2663346, 25.2182841], [55.2663448, 25.2182971], [55.2663049, 25.2183226], [55.2663695, 25.2184051], [55.2664789, 25.218335], [55.2664143, 25.2182525]]]}, "properties": {"height": 8, "night": "#8a4b2a"}}, {"type": "Feature", "geometry": {"type": "Polygon", "coordinates": [[[55.2550447, 25.2058224], [55.2550508, 25.2058315], [55.2550585, 25.2058431], [55.2550834, 25.2058295], [55.2550697, 25.2058088], [55.2550447, 25.2058224]]]}, "properties": {"height": 4, "night": "#76371c"}}, {"type": "Feature", "geometry": {"type": "Polygon", "coordinates": [[[55.2663964, 25.2186203], [55.2664397, 25.2186761], [55.2665105, 25.2186311], [55.2664806, 25.2185927], [55.266433, 25.2185313], [55.2664022, 25.2185508], [55.2664364, 25.2185949], [55.2664039, 25.2186156], [55.2663964, 25.2186203]]]}, "properties": {"height": 8, "night": "#894a2a"}}, {"type": "Feature", "geometry": {"type": "Polygon", "coordinates": [[[55.2577362, 25.2077572], [55.2577855, 25.207726], [55.2577515, 25.2076819], [55.2577022, 25.2077131], [55.2577362, 25.2077572]]]}, "properties": {"height": 4, "night": "#7d3a1e"}}, {"type": "Feature", "geometry": {"type": "Polygon", "coordinates": [[[55.2670639, 25.2195095], [55.267104, 25.2195563], [55.2671522, 25.2195225], [55.2671122, 25.2194758], [55.2670639, 25.2195095]]]}, "properties": {"height": 8, "night": "#874929"}}, {"type": "Feature", "geometry": {"type": "Polygon", "coordinates": [[[55.2662468, 25.2177089], [55.2662214, 25.2176764], [55.2661909, 25.217696], [55.266179, 25.2176808], [55.2661189, 25.2176041], [55.2661625, 25.2175762], [55.2661147, 25.2175152], [55.2660144, 25.2175793], [55.2661582, 25.2177671], [55.2662133, 25.2177304], [55.2662468, 25.2177089]]]}, "properties": {"height": 8, "night": "#8c4c2b"}}, {"type": "Feature", "geometry": {"type": "Polygon", "coordinates": [[[55.2668249, 25.2204543], [55.266846, 25.220481], [55.2669218, 25.2204318], [55.2669007, 25.2204052], [55.2668249, 25.2204543]]]}, "properties": {"height": 8, "night": "#844728"}}, {"type": "Feature", "geometry": {"type": "Polygon", "coordinates": [[[55.2673057, 25.2200833], [55.2673251, 25.2201114], [55.2674063, 25.2200655], [55.2673869, 25.2200375], [55.2673057, 25.2200833]]]}, "properties": {"height": 8, "night": "#854829"}}, {"type": "Feature", "geometry": {"type": "Polygon", "coordinates": [[[55.2576765, 25.2082069], [55.2577048, 25.2082067], [55.2577043, 25.2081405], [55.2577042, 25.2081281], [55.2576759, 25.2081283], [55.2576765, 25.2082069]]]}, "properties": {"height": 8, "night": "#8c4c2b"}}, {"type": "Feature", "geometry": {"type": "Polygon", "coordinates": [[[55.2687346, 25.2195071], [55.2687693, 25.2195479], [55.2688561, 25.2194875], [55.2688215, 25.2194467], [55.2687346, 25.2195071]]]}, "properties": {"height": 8, "night": "#854829"}}, {"type": "Feature", "geometry": {"type": "Polygon", "coordinates": [[[55.2685008, 25.2161103], [55.2685324, 25.2161514], [55.2685537, 25.216138], [55.268522, 25.2160969], [55.2685008, 25.2161103]]]}, "properties": {"height": 8, "night": "#8e4d2c"}}, {"type": "Feature", "geometry": {"type": "Polygon", "coordinates": [[[55.2664344, 25.216217], [55.2665643, 25.2162354], [55.2666184, 25.216243], [55.2666476, 25.2162471], [55.2666618, 25.2161646], [55.2665242, 25.2161452], [55.2665347, 25.2160843], [55.2664591, 25.2160736], [55.2664344, 25.216217]]]}, "properties": {"height": 8, "night": "#904e2c"}}, {"type": "Feature", "geometry": {"type": "Polygon", "coordinates": [[[55.2679571, 25.2160965], [55.2679374, 25.2161091], [55.2679643, 25.2161434], [55.2679715, 25.2161388], [55.267984, 25.2161308], [55.2679571, 25.2160965]]]}, "properties": {"height": 8, "night": "#8e4d2c"}}, {"type": "Feature", "geometry": {"type": "Polygon", "coordinates": [[[55.264742, 25.2196978], [55.2647912, 25.2196683], [55.2648074, 25.2196904], [55.2648256, 25.2196795], [55.2648493, 25.2197119], [55.2647539, 25.2197689], [55.2647317, 25.2197385], [55.2647596, 25.2197218], [55.264742, 25.2196978]]]}, "properties": {"height": 8, "night": "#874929"}}, {"type": "Feature", "geometry": {"type": "Polygon", "coordinates": [[[55.257269, 25.2090998], [55.2573552, 25.209056], [55.2573426, 25.2090357], [55.2573093, 25.2090526], [55.2572903, 25.209022], [55.2572536, 25.2090406], [55.2572687, 25.2090651], [55.2572526, 25.2090733], [55.257269, 25.2090998]]]}, "properties": {"height": 4, "night": "#7d3a1e"}}, {"type": "Feature", "geometry": {"type": "Polygon", "coordinates": [[[55.2647143, 25.2205186], [55.2647366, 25.2205492], [55.2647498, 25.2205413], [55.2647275, 25.2205107], [55.2647143, 25.2205186]]]}, "properties": {"height": 8, "night": "#844728"}}, {"type": "Feature", "geometry": {"type": "Polygon", "coordinates": [[[55.2539057, 25.2098692], [55.2541494, 25.2097296], [55.2540523, 25.2095907], [55.2540099, 25.209615], [55.2540256, 25.2096373], [55.2538712, 25.2097258], [55.2538567, 25.2097051], [55.2538097, 25.209732], [55.2539057, 25.2098692]]]}, "properties": {"height": 8, "night": "#844728"}}, {"type": "Feature", "geometry": {"type": "Polygon", "coordinates": [[[55.2661262, 25.2191334], [55.2661507, 25.2191633], [55.2661819, 25.2191424], [55.2661574, 25.2191124], [55.2661262, 25.2191334]]]}, "properties": {"height": 8, "night": "#88492a"}}, {"type": "Feature", "geometry": {"type": "Polygon", "coordinates": [[[55.2536427, 25.2091685], [55.2535976, 25.2091038], [55.2535555, 25.2091278], [55.2536006, 25.2091925], [55.2536427, 25.2091685]]]}, "properties": {"height": 8, "night": "#834728"}}, {"type": "Feature", "geometry": {"type": "Polygon", "coordinates": [[[55.2654058, 25.2200606], [55.2654287, 25.220091], [55.2654434, 25.220082], [55.2654206, 25.2200516], [55.2654058, 25.2200606]]]}, "properties": {"height": 8, "night": "#864829"}}, {"type": "Feature", "geometry": {"type": "Polygon", "coordinates": [[[55.2531222, 25.2087625], [55.2531644, 25.2087403], [55.2531531, 25.2087226], [55.2531108, 25.2087448], [55.2531222, 25.2087625]]]}, "properties": {"height": 8, "night": "#824628"}}, {"type": "Feature", "geometry": {"type": "Polygon", "coordinates": [[[55.2542009, 25.2112647], [55.254228, 25.2112489], [55.254191, 25.2111971], [55.2541639, 25.2112129], [55.2542009, 25.2112647]]]}, "properties": {"height": 8, "night": "#854829"}}, {"type": "Feature", "geometry": {"type": "Polygon", "coordinates": [[[55.2659532, 25.2188128], [55.2659695, 25.2188345], [55.265999, 25.2188163], [55.2659827, 25.2187946], [55.2659532, 25.2188128]]]}, "properties": {"height": 8, "night": "#894a2a"}}, {"type": "Feature", "geometry": {"type": "Polygon", "coordinates": [[[55.2539034, 25.2119729], [55.2540426, 25.2118924], [55.2539659, 25.2117839], [55.2538267, 25.2118644], [55.2539034, 25.2119729]]]}, "properties": {"height": 8, "night": "#844728"}}, {"type": "Feature", "geometry": {"type": "Polygon", "coordinates": [[[55.26671, 25.2200545], [55.266729, 25.2200793], [55.2667853, 25.220044], [55.2667663, 25.2200192], [55.26671, 25.2200545]]]}, "properties": {"height": 8, "night": "#854829"}}, {"type": "Feature", "geometry": {"type": "Polygon", "coordinates": [[[55.2661275, 25.2199935], [55.2661647, 25.2200436], [55.2662457, 25.2199944], [55.2662294, 25.2199723], [55.266256, 25.2199562], [55.2662352, 25.2199281], [55.2661275, 25.2199935]]]}, "properties": {"height": 8, "night": "#864829"}}, {"type": "Feature", "geometry": {"type": "Polygon", "coordinates": [[[55.2526273, 25.2069169], [55.2526792, 25.2070036], [55.2527061, 25.2069904], [55.2527409, 25.2070485], [55.2527796, 25.2070296], [55.2527896, 25.2070464], [55.2528388, 25.2070224], [55.25281, 25.2069743], [55.2528848, 25.2069377], [55.2528168, 25.2068241], [55.2526341, 25.2069136], [55.2526273, 25.2069169]]]}, "properties": {"height": 8, "night": "#804527"}}, {"type": "Feature", "geometry": {"type": "Polygon", "coordinates": [[[55.2666301, 25.2201859], [55.2666512, 25.2202186], [55.2666692, 25.2202091], [55.2666481, 25.2201764], [55.2666301, 25.2201859]]]}, "properties": {"height": 8, "night": "#854829"}}, {"type": "Feature", "geometry": {"type": "Polygon", "coordinates": [[[55.2627665, 25.2200986], [55.2627434, 25.2201114], [55.2627623, 25.2201393], [55.2627854, 25.2201264], [55.2627796, 25.2201179], [55.2627665, 25.2200986]]]}, "properties": {"height": 8, "night": "#854829"}}, {"type": "Feature", "geometry": {"type": "Polygon", "coordinates": [[[55.2894854, 25.2033037], [55.2894084, 25.2033114], [55.2894156, 25.2033702], [55.2894925, 25.2033626], [55.2894854, 25.2033037]]]}, "properties": {"height": 8, "night": "#61321c"}}, {"type": "Feature", "geometry": {"type": "Polygon", "coordinates": [[[55.2910476, 25.2030579], [55.291029, 25.2030595], [55.2909946, 25.2030626], [55.2909895, 25.2030631], [55.2909971, 25.2031323], [55.2909633, 25.2031353], [55.2909667, 25.2031663], [55.2910586, 25.203158], [55.2910476, 25.2030579]]]}, "properties": {"height": 8, "night": "#5d301a"}}, {"type": "Feature", "geometry": {"type": "Polygon", "coordinates": [[[55.2769248, 25.2293358], [55.2769979, 25.2292906], [55.2769206, 25.2291882], [55.2768475, 25.2292334], [55.2769248, 25.2293358]]]}, "properties": {"height": 8, "night": "#65351d"}}, {"type": "Feature", "geometry": {"type": "Polygon", "coordinates": [[[55.2902442, 25.2065119], [55.2902477, 25.2065507], [55.2901764, 25.2065561], [55.2901728, 25.2065173], [55.2902442, 25.2065119]]]}, "properties": {"height": 8, "night": "#61321c"}}, {"type": "Feature", "geometry": {"type": "Polygon", "coordinates": [[[55.2879962, 25.2032515], [55.2880599, 25.2032472], [55.288052, 25.2031497], [55.2879883, 25.2031539], [55.2879962, 25.2032515]]]}, "properties": {"height": 8, "night": "#64341d"}}, {"type": "Feature", "geometry": {"type": "Polygon", "coordinates": [[[55.2890698, 25.2060896], [55.289167, 25.2060824], [55.2891607, 25.2060129], [55.2890634, 25.2060202], [55.2890698, 25.2060896]]]}, "properties": {"height": 8, "night": "#63341d"}}, {"type": "Feature", "geometry": {"type": "Polygon", "coordinates": [[[55.2899188, 25.2051562], [55.2900314, 25.2051351], [55.2900051, 25.2050204], [55.2898925, 25.2050415], [55.2899188, 25.2051562]]]}, "properties": {"height": 8, "night": "#61321c"}}, {"type": "Feature", "geometry": {"type": "Polygon", "coordinates": [[[55.2912412, 25.2042532], [55.2913096, 25.2042466], [55.2912961, 25.204132], [55.2912277, 25.2041386], [55.2912412, 25.2042532]]]}, "properties": {"height": 8, "night": "#5d301a"}}, {"type": "Feature", "geometry": {"type": "Polygon", "coordinates": [[[55.290085, 25.2054651], [55.2900239, 25.2054719], [55.2900331, 25.2055389], [55.290094, 25.2055322], [55.290085, 25.2054651]]]}, "properties": {"height": 8, "night": "#61321c"}}, {"type": "Feature", "geometry": {"type": "Polygon", "coordinates": [[[55.2912122, 25.2043326], [55.2911091, 25.2043476], [55.2911264, 25.2044521], [55.2912267, 25.2044386], [55.2912122, 25.2043326]]]}, "properties": {"height": 8, "night": "#5d301a"}}, {"type": "Feature", "geometry": {"type": "Polygon", "coordinates": [[[55.2867754, 25.208297], [55.2868304, 25.2082943], [55.2868245, 25.2081942], [55.2867936, 25.2081956], [55.2867923, 25.2081734], [55.2868199, 25.2081721], [55.2868183, 25.2081448], [55.2867917, 25.2081461], [55.2867908, 25.2081302], [55.2868145, 25.2081291], [55.2868122, 25.2080912], [55.2867635, 25.2080935], [55.2867754, 25.208297]]]}, "properties": {"height": 8, "night": "#6a381f"}}, {"type": "Feature", "geometry": {"type": "Polygon", "coordinates": [[[55.2845775, 25.2091954], [55.2848776, 25.2094317], [55.2849329, 25.2093742], [55.2846328, 25.2091379], [55.2845775, 25.2091954]]]}, "properties": {"height": 8, "night": "#6f3b21"}}, {"type": "Feature", "geometry": {"type": "Polygon", "coordinates": [[[55.2767026, 25.2290469], [55.2768292, 25.2289651], [55.2767519, 25.2288672], [55.2766253, 25.2289489], [55.2767026, 25.2290469]]]}, "properties": {"height": 8, "night": "#66351e"}}, {"type": "Feature", "geometry": {"type": "Polygon", "coordinates": [[[55.2777154, 25.2294122], [55.2778383, 25.2293333], [55.2777525, 25.2292239], [55.2776442, 25.2292935], [55.27767, 25.2293264], [55.2776554, 25.2293358], [55.2777154, 25.2294122]]]}, "properties": {"height": 8, "night": "#64341d"}}, {"type": "Feature", "geometry": {"type": "Polygon", "coordinates": [[[55.2528313, 25.2113585], [55.2529266, 25.2114728], [55.2530294, 25.2114026], [55.2529341, 25.2112883], [55.2528711, 25.2113313], [55.2528313, 25.2113585]]]}, "properties": {"height": 8, "night": "#824627"}}, {"type": "Feature", "geometry": {"type": "Polygon", "coordinates": [[[55.2520955, 25.2086032], [55.2521385, 25.2086772], [55.2521668, 25.2086638], [55.2521239, 25.2085897], [55.2520955, 25.2086032]]]}, "properties": {"height": 8, "night": "#7f4427"}}, {"type": "Feature", "geometry": {"type": "Polygon", "coordinates": [[[55.2525118, 25.2117433], [55.2525821, 25.2116986], [55.2525465, 25.2116526], [55.2524761, 25.2116973], [55.2525118, 25.2117433]]]}, "properties": {"height": 8, "night": "#814527"}}, {"type": "Feature", "geometry": {"type": "Polygon", "coordinates": [[[55.2523481, 25.2108901], [55.2524087, 25.2109669], [55.2524506, 25.2109398], [55.2523899, 25.2108631], [55.2523481, 25.2108901]]]}, "properties": {"height": 8, "night": "#804527"}}, {"type": "Feature", "geometry": {"type": "Polygon", "coordinates": [[[55.2765767, 25.2269979], [55.2766559, 25.2269481], [55.2765722, 25.2268393], [55.2764931, 25.226889], [55.2765767, 25.2269979]]]}, "properties": {"height": 8, "night": "#6b381f"}}, {"type": "Feature", "geometry": {"type": "Polygon", "coordinates": [[[55.2875852, 25.2076834], [55.2876475, 25.2076798], [55.2876443, 25.2076339], [55.2875819, 25.2076375], [55.2875852, 25.2076834]]]}, "properties": {"height": 8, "night": "#68361e"}}, {"type": "Feature", "geometry": {"type": "Polygon", "coordinates": [[[55.2898676, 25.2080453], [55.2898778, 25.2081243], [55.2899297, 25.2081188], [55.2899195, 25.2080398], [55.2898676, 25.2080453]]]}, "properties": {"height": 8, "night": "#62331c"}}, {"type": "Feature", "geometry": {"type": "Polygon", "coordinates": [[[55.2876828, 25.2081244], [55.2877464, 25.2081202], [55.2877546, 25.2082218], [55.287691, 25.208226], [55.2876828, 25.2081244]]]}, "properties": {"height": 8, "night": "#67361e"}}, {"type": "Feature", "geometry": {"type": "Polygon", "coordinates": [[[55.2926155, 25.2073302], [55.2926519, 25.2073262], [55.2926344, 25.2071955], [55.2925687, 25.2072027], [55.2925821, 25.2073028], [55.2926114, 25.2072996], [55.2926155, 25.2073302]]]}, "properties": {"height": 8, "night": "#5b2f1a"}}, {"type": "Feature", "geometry": {"type": "Polygon", "coordinates": [[[55.2924272, 25.2058281], [55.2926177, 25.205814], [55.2925997, 25.2056137], [55.2924091, 25.2056278], [55.2924272, 25.2058281]]]}, "properties": {"height": 8, "night": "#5b2f1a"}}, {"type": "Feature", "geometry": {"type": "Polygon", "coordinates": [[[55.2526158, 25.2068832], [55.252587, 25.2068973], [55.2526052, 25.2069277], [55.2526273, 25.2069169], [55.2526341, 25.2069136], [55.2526158, 25.2068832]]]}, "properties": {"height": 8, "night": "#7f4427"}}, {"type": "Feature", "geometry": {"type": "Polygon", "coordinates": [[[55.2915912, 25.207854], [55.2916503, 25.207849], [55.2916348, 25.2077016], [55.2915758, 25.2077067], [55.2915912, 25.207854]]]}, "properties": {"height": 8, "night": "#5e311b"}}, {"type": "Feature", "geometry": {"type": "Polygon", "coordinates": [[[55.2902625, 25.2072517], [55.290288, 25.2072501], [55.290283, 25.2071882], [55.2902575, 25.2071899], [55.2902625, 25.2072517]]]}, "properties": {"height": 8, "night": "#61321c"}}, {"type": "Feature", "geometry": {"type": "Polygon", "coordinates": [[[55.2869807, 25.2058814], [55.2870766, 25.2058687], [55.287081, 25.2058956], [55.2871321, 25.2058889], [55.2871157, 25.2057873], [55.2869687, 25.2058067], [55.2869807, 25.2058814]]]}, "properties": {"height": 8, "night": "#68371e"}}, {"type": "Feature", "geometry": {"type": "Polygon", "coordinates": [[[55.2875127, 25.2033294], [55.2875742, 25.2033224], [55.2875601, 25.2032219], [55.2875481, 25.2032232], [55.2875101, 25.2032276], [55.2874986, 25.2032289], [55.2875127, 25.2033294]]]}, "properties": {"height": 8, "night": "#65351d"}}, {"type": "Feature", "geometry": {"type": "Polygon", "coordinates": [[[55.288048, 25.183764], [55.2884536, 25.1835156], [55.2889373, 25.1842175], [55.2888862, 25.1842488], [55.2889044, 25.1842732], [55.2886005, 25.1844593], [55.288048, 25.183764]]]}, "properties": {"height": 8, "night": "#442111"}}, {"type": "Feature", "geometry": {"type": "Polygon", "coordinates": [[[55.2703412, 25.214128], [55.2703367, 25.2141813], [55.2703864, 25.2142499], [55.2704262, 25.2142263], [55.270454, 25.2142647], [55.2706386, 25.2141555], [55.2706095, 25.2141152], [55.2705648, 25.2141417], [55.2705345, 25.2140998], [55.2705627, 25.2140831], [55.270519, 25.2140227], [55.2703412, 25.214128]]]}, "properties": {"height": 8, "night": "#8f4d2c"}}, {"type": "Feature", "geometry": {"type": "Polygon", "coordinates": [[[55.2704304, 25.2154877], [55.2704673, 25.2155381], [55.270624, 25.2154441], [55.2705872, 25.2153938], [55.2704304, 25.2154877]]]}, "properties": {"height": 8, "night": "#8c4c2b"}}, {"type": "Feature", "geometry": {"type": "Polygon", "coordinates": [[[55.2684691, 25.2155367], [55.2684825, 25.2155546], [55.2685228, 25.2156081], [55.2685509, 25.2155908], [55.2685748, 25.2156225], [55.2687461, 25.2155169], [55.268655, 25.215396], [55.2685425, 25.2154653], [55.2684913, 25.2154969], [55.2685048, 25.2155147], [55.2684691, 25.2155367]]]}, "properties": {"height": 8, "night": "#8f4e2c"}}, {"type": "Feature", "geometry": {"type": "Polygon", "coordinates": [[[55.2715643, 25.2160264], [55.2715952, 25.2160665], [55.2716828, 25.2160112], [55.271652, 25.2159712], [55.2715643, 25.2160264]]]}, "properties": {"height": 8, "night": "#894a2a"}}, {"type": "Feature", "geometry": {"type": "Polygon", "coordinates": [[[55.2715202, 25.2138158], [55.2717778, 25.2141648], [55.2718285, 25.2141342], [55.2715723, 25.2137859], [55.2715202, 25.2138158]]]}, "properties": {"height": 8, "night": "#8c4c2b"}}, {"type": "Feature", "geometry": {"type": "Polygon", "coordinates": [[[55.2714698, 25.2154908], [55.2715609, 25.2156077], [55.2716655, 25.2155409], [55.2715744, 25.215424], [55.2714698, 25.2154908]]]}, "properties": {"height": 8, "night": "#8a4b2b"}}, {"type": "Feature", "geometry": {"type": "Polygon", "coordinates": [[[55.2718931, 25.2142865], [55.2720132, 25.2144449], [55.2720525, 25.2144205], [55.2719324, 25.2142621], [55.2718931, 25.2142865]]]}, "properties": {"height": 8, "night": "#8b4b2b"}}, {"type": "Feature", "geometry": {"type": "Polygon", "coordinates": [[[55.2704385, 25.2121608], [55.2705448, 25.2122937], [55.2706856, 25.2122015], [55.2705793, 25.2120686], [55.2704385, 25.2121608]]]}, "properties": {"height": 8, "night": "#914f2d"}}, {"type": "Feature", "geometry": {"type": "Polygon", "coordinates": [[[55.2701054, 25.2109724], [55.2701327, 25.2110087], [55.2699889, 25.2110969], [55.2699617, 25.2110605], [55.2701054, 25.2109724]]]}, "properties": {"height": 8, "night": "#93502e"}}, {"type": "Feature", "geometry": {"type": "Polygon", "coordinates": [[[55.2708046, 25.2117278], [55.2708272, 25.2117582], [55.2709352, 25.2116925], [55.2709642, 25.2117315], [55.2710613, 25.2116724], [55.2710097, 25.211603], [55.2708046, 25.2117278]]]}, "properties": {"height": 8, "night": "#904e2d"}}, {"type": "Feature", "geometry": {"type": "Polygon", "coordinates": [[[55.26889, 25.2117845], [55.2689364, 25.2118435], [55.2689675, 25.2118235], [55.2689211, 25.2117645], [55.26889, 25.2117845]]]}, "properties": {"height": 8, "night": "#95512e"}}, {"type": "Feature", "geometry": {"type": "Polygon", "coordinates": [[[55.2688191, 25.212947], [55.2688587, 25.2129968], [55.2689095, 25.2129637], [55.2688699, 25.212914], [55.2688191, 25.212947]]]}, "properties": {"height": 8, "night": "#94502e"}}, {"type": "Feature", "geometry": {"type": "Polygon", "coordinates": [[[55.2678355, 25.2121109], [55.2679264, 25.2120536], [55.2678995, 25.2120188], [55.2679869, 25.2119638], [55.2679326, 25.2118933], [55.2677665, 25.211998], [55.2678047, 25.2120477], [55.2677926, 25.2120553], [55.2678355, 25.2121109]]]}, "properties": {"height": 8, "night": "#97522f"}}, {"type": "Feature", "geometry": {"type": "Polygon", "coordinates": [[[55.2668772, 25.2109935], [55.2669087, 25.2109717], [55.2669396, 25.2109708], [55.2669416, 25.2109232], [55.2669134, 25.2109222], [55.2668634, 25.2108519], [55.2668634, 25.2108179], [55.2668128, 25.2108146], [55.2668133, 25.210832], [55.2667754, 25.2108569], [55.2668772, 25.2109935]]]}, "properties": {"height": 8, "night": "#9a5430"}}, {"type": "Feature", "geometry": {"type": "Polygon", "coordinates": [[[55.2669882, 25.2129029], [55.2671234, 25.2130744], [55.2673345, 25.2129382], [55.2672721, 25.212859], [55.2672447, 25.2128767], [55.2671719, 25.2127844], [55.2669882, 25.2129029]]]}, "properties": {"height": 8, "night": "#97522f"}}, {"type": "Feature", "geometry": {"type": "Polygon", "coordinates": [[[55.2686255, 25.2144556], [55.2686631, 25.2145077], [55.2686444, 25.2145187], [55.26872, 25.2146234], [55.2687694, 25.2145942], [55.2687844, 25.2146149], [55.2688522, 25.2145749], [55.2688274, 25.2145405], [55.2687791, 25.2145125], [55.2687732, 25.2144443], [55.2688256, 25.2144134], [55.2687716, 25.2143385], [55.2686539, 25.2144079], [55.2686695, 25.2144296], [55.2686255, 25.2144556]]]}, "properties": {"height": 8, "night": "#914f2d"}}, {"type": "Feature", "geometry": {"type": "Polygon", "coordinates": [[[55.2697303, 25.2146502], [55.2698723, 25.2148351], [55.2699528, 25.2147845], [55.2698799, 25.2146895], [55.2699596, 25.2146394], [55.2698906, 25.2145495], [55.2697303, 25.2146502]]]}, "properties": {"height": 8, "night": "#8f4d2c"}}, {"type": "Feature", "geometry": {"type": "Polygon", "coordinates": [[[55.2629845, 25.2155018], [55.263023, 25.2155531], [55.2631458, 25.2154779], [55.2631912, 25.21545], [55.2631527, 25.2153986], [55.2629845, 25.2155018]]]}, "properties": {"height": 8, "night": "#914f2d"}}, {"type": "Feature", "geometry": {"type": "Polygon", "coordinates": [[[55.2725663, 25.2154678], [55.2726961, 25.2153887], [55.2726342, 25.2153056], [55.2725044, 25.2153847], [55.2725663, 25.2154678]]]}, "properties": {"height": 8, "night": "#884a2a"}}, {"type": "Feature", "geometry": {"type": "Polygon", "coordinates": [[[55.2669595, 25.2143416], [55.2670055, 25.2144009], [55.267116, 25.2143307], [55.2670829, 25.2142881], [55.2670208, 25.2143276], [55.2670078, 25.2143109], [55.2669595, 25.2143416]]]}, "properties": {"height": 8, "night": "#94502e"}}, {"type": "Feature", "geometry": {"type": "Polygon", "coordinates": [[[55.263098, 25.2149175], [55.2631921, 25.215036], [55.2632093, 25.2150577], [55.2632656, 25.2151286], [55.2633522, 25.2150723], [55.2631846, 25.2148612], [55.263098, 25.2149175]]]}, "properties": {"height": 8, "night": "#92502d"}}, {"type": "Feature", "geometry": {"type": "Polygon", "coordinates": [[[55.2700445, 25.217249], [55.2700873, 25.2172224], [55.2699933, 25.2170986], [55.2699506, 25.2171252], [55.2700445, 25.217249]]]}, "properties": {"height": 8, "night": "#894a2a"}}, {"type": "Feature", "geometry": {"type": "Polygon", "coordinates": [[[55.2631232, 25.2143812], [55.2631565, 25.2144266], [55.2631817, 25.2144115], [55.2631484, 25.2143661], [55.2631232, 25.2143812]]]}, "properties": {"height": 8, "night": "#94502e"}}, {"type": "Feature", "geometry": {"type": "Polygon", "coordinates": [[[55.2700925, 25.2191228], [55.2701622, 25.2192138], [55.2704176, 25.2190536], [55.2703478, 25.2189626], [55.2700925, 25.2191228]]]}, "properties": {"height": 5, "night": "#7b3b1f"}}, {"type": "Feature", "geometry": {"type": "Polygon", "coordinates": [[[55.2690129, 25.2171838], [55.269027, 25.2171754], [55.2690599, 25.2171532], [55.2690313, 25.2171167], [55.2689845, 25.2171475], [55.2690129, 25.2171838]]]}, "properties": {"height": 8, "night": "#8b4b2b"}}, {"type": "Feature", "geometry": {"type": "Polygon", "coordinates": [[[55.2701917, 25.2166725], [55.270242, 25.2166404], [55.2702032, 25.2165907], [55.2701529, 25.2166228], [55.2701917, 25.2166725]]]}, "properties": {"height": 8, "night": "#8a4b2b"}}, {"type": "Feature", "geometry": {"type": "Polygon", "coordinates": [[[55.2704916, 25.2202416], [55.2705742, 25.2203505], [55.2706231, 25.2203202], [55.2705406, 25.2202112], [55.2704916, 25.2202416]]]}, "properties": {"height": 8, "night": "#824627"}}, {"type": "Feature", "geometry": {"type": "Polygon", "coordinates": [[[55.2716207, 25.2171657], [55.2716542, 25.21721], [55.2719468, 25.2170287], [55.2719133, 25.2169844], [55.2716207, 25.2171657]]]}, "properties": {"height": 8, "night": "#874929"}}, {"type": "Feature", "geometry": {"type": "Polygon", "coordinates": [[[55.2679239, 25.2204258], [55.2679534, 25.2204652], [55.2680045, 25.2204339], [55.267975, 25.2203945], [55.2679239, 25.2204258]]]}, "properties": {"height": 8, "night": "#844728"}}, {"type": "Feature", "geometry": {"type": "Polygon", "coordinates": [[[55.2734053, 25.2160886], [55.2734294, 25.2161195], [55.2734992, 25.2160749], [55.273475, 25.216044], [55.2734053, 25.2160886]]]}, "properties": {"height": 8, "night": "#864829"}}, {"type": "Feature", "geometry": {"type": "Polygon", "coordinates": [[[55.2701885, 25.2203826], [55.2702192, 25.2204233], [55.2702782, 25.2203867], [55.2702484, 25.2203465], [55.2701885, 25.2203826]]]}, "properties": {"height": 8, "night": "#824628"}}, {"type": "Feature", "geometry": {"type": "Polygon", "coordinates": [[[55.2667964, 25.2253151], [55.2669598, 25.2252463], [55.2669002, 25.2251304], [55.2667368, 25.2251993], [55.2667964, 25.2253151]]]}, "properties": {"height": 8, "night": "#774024"}}, {"type": "Feature", "geometry": {"type": "Polygon", "coordinates": [[[55.2708066, 25.2180951], [55.2707363, 25.2181402], [55.2707785, 25.2181942], [55.2708489, 25.2181491], [55.2708066, 25.2180951]]]}, "properties": {"height": 8, "night": "#864829"}}, {"type": "Feature", "geometry": {"type": "Polygon", "coordinates": [[[55.2637508, 25.2130476], [55.2638379, 25.2129886], [55.2638094, 25.2129542], [55.2637223, 25.2130132], [55.2637508, 25.2130476]]]}, "properties": {"height": 8, "night": "#98532f"}}, {"type": "Feature", "geometry": {"type": "Polygon", "coordinates": [[[55.2643878, 25.2131284], [55.2644302, 25.2131016], [55.2644106, 25.2130763], [55.2643642, 25.2131057], [55.2643474, 25.2131163], [55.264367, 25.2131416], [55.2643878, 25.2131284]]]}, "properties": {"height": 8, "night": "#985330"}}, {"type": "Feature", "geometry": {"type": "Polygon", "coordinates": [[[55.2649433, 25.2124611], [55.2650234, 25.2124085], [55.2649932, 25.2123709], [55.2649131, 25.2124235], [55.2649433, 25.2124611]]]}, "properties": {"height": 8, "night": "#9a5430"}}, {"type": "Feature", "geometry": {"type": "Polygon", "coordinates": [[[55.2654551, 25.2120809], [55.2654768, 25.2121091], [55.2655915, 25.212037], [55.265569, 25.2120093], [55.2654551, 25.2120809]]]}, "properties": {"height": 8, "night": "#9b5530"}}, {"type": "Feature", "geometry": {"type": "Polygon", "coordinates": [[[55.2655615, 25.2124371], [55.2656412, 25.212541], [55.2656801, 25.2125167], [55.2656666, 25.2124991], [55.2656395, 25.2125161], [55.2655733, 25.2124297], [55.2655615, 25.2124371]]]}, "properties": {"height": 8, "night": "#9a5430"}}, {"type": "Feature", "geometry": {"type": "Polygon", "coordinates": [[[55.2660619, 25.2125447], [55.2661283, 25.2126274], [55.2661851, 25.2125901], [55.2661187, 25.2125074], [55.2660619, 25.2125447]]]}, "properties": {"height": 8, "night": "#995330"}}, {"type": "Feature", "geometry": {"type": "Polygon", "coordinates": [[[55.2665506, 25.2130818], [55.2667104, 25.2132921], [55.2667621, 25.2133601], [55.2668095, 25.2133306], [55.2666767, 25.2131558], [55.2665981, 25.2130523], [55.2665506, 25.2130818]]]}, "properties": {"height": 8, "night": "#97522f"}}, {"type": "Feature", "geometry": {"type": "Polygon", "coordinates": [[[55.266167, 25.2131413], [55.266117, 25.2131738], [55.2661731, 25.2132446], [55.2662231, 25.2132121], [55.2662165, 25.2132038], [55.266167, 25.2131413]]]}, "properties": {"height": 8, "night": "#97532f"}}, {"type": "Feature", "geometry": {"type": "Polygon", "coordinates": [[[55.265005, 25.214008], [55.26497, 25.2139602], [55.2648866, 25.2140101], [55.2649047, 25.2140348], [55.2649216, 25.214058], [55.265005, 25.214008]]]}, "properties": {"height": 8, "night": "#96522f"}}, {"type": "Feature", "geometry": {"type": "Polygon", "coordinates": [[[55.2650471, 25.2149533], [55.265085, 25.2150027], [55.2651141, 25.2149844], [55.2650762, 25.214935], [55.2650471, 25.2149533]]]}, "properties": {"height": 8, "night": "#93502e"}}, {"type": "Feature", "geometry": {"type": "Polygon", "coordinates": [[[55.2655189, 25.2151791], [55.2654827, 25.2152011], [55.2655406, 25.2152789], [55.2655768, 25.2152569], [55.2655189, 25.2151791]]]}, "properties": {"height": 8, "night": "#92502e"}}, {"type": "Feature", "geometry": {"type": "Polygon", "coordinates": [[[55.2642284, 25.2151863], [55.2643211, 25.2153085], [55.264379, 25.2152726], [55.2643631, 25.2152517], [55.2642864, 25.2151503], [55.2642284, 25.2151863]]]}, "properties": {"height": 8, "night": "#92502d"}}, {"type": "Feature", "geometry": {"type": "Polygon", "coordinates": [[[55.2656407, 25.2116361], [55.2656764, 25.2116812], [55.2658042, 25.2115983], [55.2657685, 25.2115533], [55.2657408, 25.2115713], [55.2656591, 25.2116242], [55.2656407, 25.2116361]]]}, "properties": {"height": 8, "night": "#9c5531"}}, {"type": "Feature", "geometry": {"type": "Polygon", "coordinates": [[[55.2630389, 25.2116063], [55.2630745, 25.2116521], [55.2631757, 25.2115878], [55.2631402, 25.211542], [55.2630389, 25.2116063]]]}, "properties": {"height": 3, "night": "#853b1d"}}, {"type": "Feature", "geometry": {"type": "Polygon", "coordinates": [[[55.2759933, 25.2281102], [55.276114, 25.2280387], [55.2760421, 25.2279393], [55.2759213, 25.2280107], [55.2759933, 25.2281102]]]}, "properties": {"height": 8, "night": "#69371f"}}, {"type": "Feature", "geometry": {"type": "Polygon", "coordinates": [[[55.2616257, 25.2129837], [55.2615201, 25.2130465], [55.2614912, 25.2130068], [55.2614601, 25.2130252], [55.2615232, 25.2131121], [55.2616599, 25.2130308], [55.2616257, 25.2129837]]]}, "properties": {"height": 8, "night": "#94512e"}}, {"type": "Feature", "geometry": {"type": "Polygon", "coordinates": [[[55.2723833, 25.2261438], [55.2724084, 25.226176], [55.2724606, 25.2261427], [55.2724355, 25.2261105], [55.2723833, 25.2261438]]]}, "properties": {"height": 8, "night": "#723c22"}}, {"type": "Feature", "geometry": {"type": "Polygon", "coordinates": [[[55.2726335, 25.228801], [55.2726888, 25.22887], [55.2726928, 25.2288751], [55.272715, 25.2288605], [55.2726556, 25.2287865], [55.2726335, 25.228801]]]}, "properties": {"height": 8, "night": "#6b381f"}}, {"type": "Feature", "geometry": {"type": "Polygon", "coordinates": [[[55.271451, 25.2269506], [55.2714341, 25.226961], [55.2714549, 25.2269886], [55.2714718, 25.2269782], [55.271451, 25.2269506]]]}, "properties": {"height": 8, "night": "#703b21"}}, {"type": "Feature", "geometry": {"type": "Polygon", "coordinates": [[[55.2726369, 25.2267985], [55.2726049, 25.2268185], [55.2726168, 25.2268341], [55.2726269, 25.2268474], [55.2726589, 25.2268275], [55.2726561, 25.2268237], [55.2726369, 25.2267985]]]}, "properties": {"height": 8, "night": "#703b21"}}, {"type": "Feature", "geometry": {"type": "Polygon", "coordinates": [[[55.2941003, 25.2233749], [55.2940372, 25.2234252], [55.2940916, 25.223481], [55.2941547, 25.2234308], [55.2941003, 25.2233749]]]}, "properties": {"height": 8, "night": "#502916"}}, {"type": "Feature", "geometry": {"type": "Polygon", "coordinates": [[[55.2948177, 25.219713], [55.2948611, 25.2196747], [55.2947354, 25.219558], [55.2946921, 25.2195962], [55.2947343, 25.2196355], [55.2948177, 25.219713]]]}, "properties": {"height": 8, "night": "#532a17"}}, {"type": "Feature", "geometry": {"type": "Polygon", "coordinates": [[[55.2936436, 25.2226424], [55.2936825, 25.2226776], [55.293702, 25.22266], [55.2936631, 25.2226248], [55.2936436, 25.2226424]]]}, "properties": {"height": 8, "night": "#522a16"}}, {"type": "Feature", "geometry": {"type": "Polygon", "coordinates": [[[55.2944463, 25.2224695], [55.2946319, 25.2226467], [55.2946899, 25.222597], [55.2946546, 25.2225634], [55.2946847, 25.2225376], [55.2947071, 25.222559], [55.2947483, 25.2225237], [55.2945755, 25.2223587], [55.2944463, 25.2224695]]]}, "properties": {"height": 8, "night": "#502916"}}, {"type": "Feature", "geometry": {"type": "Polygon", "coordinates": [[[55.2930824, 25.2217725], [55.293132, 25.2217295], [55.2930926, 25.2216923], [55.2930429, 25.2217353], [55.2930824, 25.2217725]]]}, "properties": {"height": 8, "night": "#552b17"}}, {"type": "Feature", "geometry": {"type": "Polygon", "coordinates": [[[55.2943863, 25.2209648], [55.2944164, 25.2209418], [55.2943848, 25.2209079], [55.2943546, 25.2209309], [55.2943863, 25.2209648]]]}, "properties": {"height": 8, "night": "#522a17"}}, {"type": "Feature", "geometry": {"type": "Polygon", "coordinates": [[[55.2949311, 25.2222324], [55.2949888, 25.2221802], [55.2948969, 25.2220971], [55.2948392, 25.2221492], [55.2949311, 25.2222324]]]}, "properties": {"height": 8, "night": "#502816"}}, {"type": "Feature", "geometry": {"type": "Polygon", "coordinates": [[[55.2915602, 25.2208808], [55.2916226, 25.2208814], [55.2916249, 25.2206869], [55.2915625, 25.2206863], [55.2915602, 25.2208808]]]}, "properties": {"height": 8, "night": "#592e19"}}, {"type": "Feature", "geometry": {"type": "Polygon", "coordinates": [[[55.2951013, 25.2198521], [55.2951259, 25.2198753], [55.2951612, 25.2198446], [55.2951551, 25.219839], [55.2951366, 25.2198215], [55.2951013, 25.2198521]]]}, "properties": {"height": 8, "night": "#522916"}}, {"type": "Feature", "geometry": {"type": "Polygon", "coordinates": [[[55.2956213, 25.2232296], [55.295647, 25.2232526], [55.2956906, 25.2232128], [55.295665, 25.2231898], [55.2956213, 25.2232296]]]}, "properties": {"height": 8, "night": "#4d2715"}}, {"type": "Feature", "geometry": {"type": "Polygon", "coordinates": [[[55.2805648, 25.2273351], [55.2807117, 25.2272441], [55.2804888, 25.2269494], [55.2803419, 25.2270404], [55.2805648, 25.2273351]]]}, "properties": {"height": 50, "night": "#95714e"}}, {"type": "Feature", "geometry": {"type": "Polygon", "coordinates": [[[55.2836674, 25.2290148], [55.2836486, 25.2290261], [55.2838228, 25.2292653], [55.2838738, 25.2292348], [55.2836996, 25.2289956], [55.2836674, 25.2290148]]]}, "properties": {"height": 8, "night": "#5c2f1a"}}, {"type": "Feature", "geometry": {"type": "Polygon", "coordinates": [[[55.2782745, 25.2243086], [55.2782097, 25.2242189], [55.2781769, 25.2242383], [55.2782417, 25.224328], [55.2782745, 25.2243086]]]}, "properties": {"height": 8, "night": "#6e3a20"}}, {"type": "Feature", "geometry": {"type": "Polygon", "coordinates": [[[55.2787858, 25.2250933], [55.2790657, 25.2254641], [55.2793174, 25.2253086], [55.2790375, 25.2249378], [55.2787858, 25.2250933]]]}, "properties": {"height": 50, "night": "#a17b56"}}, {"type": "Feature", "geometry": {"type": "Polygon", "coordinates": [[[55.2467844, 25.2083913], [55.2468255, 25.2084463], [55.2468086, 25.2084566], [55.2468808, 25.2085533], [55.2469528, 25.2085092], [55.2468396, 25.2083576], [55.2467844, 25.2083913]]]}, "properties": {"height": 8, "night": "#733d22"}}, {"type": "Feature", "geometry": {"type": "Polygon", "coordinates": [[[55.2489755, 25.2067522], [55.2490465, 25.2068462], [55.2491347, 25.2067916], [55.2490636, 25.2066976], [55.2489755, 25.2067522]]]}, "properties": {"height": 8, "night": "#773f24"}}, {"type": "Feature", "geometry": {"type": "Polygon", "coordinates": [[[55.2497978, 25.2075702], [55.2499578, 25.2074686], [55.2499905, 25.2075109], [55.2500496, 25.2074734], [55.2499852, 25.2073903], [55.2497661, 25.2075294], [55.2497978, 25.2075702]]]}, "properties": {"height": 8, "night": "#7a4125"}}, {"type": "Feature", "geometry": {"type": "Polygon", "coordinates": [[[55.2514, 25.2069647], [55.2515047, 25.2071104], [55.251595, 25.2070573], [55.2515839, 25.2070419], [55.2516087, 25.2070273], [55.2515844, 25.2069935], [55.2515981, 25.2069854], [55.2515613, 25.2069342], [55.2515295, 25.2069529], [55.2514969, 25.2069077], [55.2514, 25.2069647]]]}, "properties": {"height": 8, "night": "#7d4326"}}, {"type": "Feature", "geometry": {"type": "Polygon", "coordinates": [[[55.2492242, 25.2114916], [55.249304, 25.2114461], [55.2492729, 25.2114014], [55.2491931, 25.2114469], [55.2492242, 25.2114916]]]}, "properties": {"height": 8, "night": "#794024"}}, {"type": "Feature", "geometry": {"type": "Polygon", "coordinates": [[[55.2484209, 25.2082815], [55.2483866, 25.2083011], [55.2484486, 25.2083903], [55.2484829, 25.2083708], [55.2484301, 25.2082947], [55.2484209, 25.2082815]]]}, "properties": {"height": 8, "night": "#763f23"}}, {"type": "Feature", "geometry": {"type": "Polygon", "coordinates": [[[55.2506637, 25.2075283], [55.2508618, 25.2078163], [55.2509126, 25.2077877], [55.2509981, 25.207912], [55.2511541, 25.2078242], [55.2510686, 25.2076998], [55.2509962, 25.2077406], [55.2507982, 25.2074526], [55.2506637, 25.2075283]]]}, "properties": {"height": 8, "night": "#7c4225"}}, {"type": "Feature", "geometry": {"type": "Polygon", "coordinates": [[[55.249046, 25.2096599], [55.2492074, 25.2095587], [55.249139, 25.2094695], [55.2490274, 25.2095394], [55.2490516, 25.2095711], [55.2490019, 25.2096023], [55.249046, 25.2096599]]]}, "properties": {"height": 8, "night": "#784024"}}, {"type": "Feature", "geometry": {"type": "Polygon", "coordinates": [[[55.2498932, 25.2093598], [55.2500183, 25.2092748], [55.2500572, 25.2092487], [55.250106, 25.2093074], [55.2501259, 25.2093037], [55.2501563, 25.2093676], [55.2501355, 25.2094299], [55.2500802, 25.2094644], [55.2500667, 25.2094481], [55.2500325, 25.2094702], [55.2500068, 25.2094419], [55.2499695, 25.2094322], [55.2499645, 25.2094013], [55.2499524, 25.2093865], [55.2499287, 25.2094025], [55.2498932, 25.2093598]]]}, "properties": {"height": 8, "night": "#7b4225"}}, {"type": "Feature", "geometry": {"type": "Polygon", "coordinates": [[[55.2470124, 25.2084774], [55.2469724, 25.2085019], [55.2469835, 25.2085168], [55.2469447, 25.2085405], [55.2469816, 25.2085899], [55.2470162, 25.2085688], [55.2470305, 25.2085879], [55.2470747, 25.2085609], [55.2470124, 25.2084774]]]}, "properties": {"height": 8, "night": "#733d22"}}, {"type": "Feature", "geometry": {"type": "Polygon", "coordinates": [[[55.2500365, 25.2113583], [55.2500587, 25.2113855], [55.2500893, 25.211365], [55.2500671, 25.2113378], [55.2500365, 25.2113583]]]}, "properties": {"height": 8, "night": "#7b4225"}}, {"type": "Feature", "geometry": {"type": "Polygon", "coordinates": [[[55.2494931, 25.207641], [55.2495635, 25.2077332], [55.2496139, 25.2077017], [55.2495435, 25.2076095], [55.2494931, 25.207641]]]}, "properties": {"height": 8, "night": "#794024"}}, {"type": "Feature", "geometry": {"type": "Polygon", "coordinates": [[[55.2513237, 25.2123943], [55.251339, 25.212412], [55.2513669, 25.2123923], [55.2513516, 25.2123746], [55.2513237, 25.2123943]]]}, "properties": {"height": 8, "night": "#7e4326"}}, {"type": "Feature", "geometry": {"type": "Polygon", "coordinates": [[[55.2667808, 25.2285554], [55.2667401, 25.2285721], [55.2668037, 25.2286995], [55.2668444, 25.2286829], [55.2667808, 25.2285554]]]}, "properties": {"height": 8, "night": "#6e3a21"}}, {"type": "Feature", "geometry": {"type": "Polygon", "coordinates": [[[55.2668433, 25.2289766], [55.266923, 25.2291385], [55.2669913, 25.229111], [55.2669116, 25.2289491], [55.2668433, 25.2289766]]]}, "properties": {"height": 8, "night": "#6d3a20"}}, {"type": "Feature", "geometry": {"type": "Polygon", "coordinates": [[[55.2746366, 25.2162864], [55.2747235, 25.2164004], [55.2747881, 25.2163601], [55.2747012, 25.2162461], [55.2746366, 25.2162864]]]}, "properties": {"height": 10, "night": "#8a4e2e"}}, {"type": "Feature", "geometry": {"type": "Polygon", "coordinates": [[[55.2573054, 25.2207658], [55.2573623, 25.2207287], [55.2573826, 25.2207154], [55.2573548, 25.2206806], [55.2572551, 25.2205557], [55.2571779, 25.2206061], [55.2573054, 25.2207658]]]}, "properties": {"height": 8, "night": "#7e4426"}}, {"type": "Feature", "geometry": {"type": "Polygon", "coordinates": [[[55.2619664, 25.2162808], [55.2620854, 25.2164431], [55.2621354, 25.2164164], [55.2620157, 25.2162509], [55.2619664, 25.2162808]]]}, "properties": {"height": 8, "night": "#8e4d2c"}}, {"type": "Feature", "geometry": {"type": "Polygon", "coordinates": [[[55.2589821, 25.2173504], [55.2590831, 25.217493], [55.2594605, 25.2172741], [55.2593594, 25.2171315], [55.2589821, 25.2173504]]]}, "properties": {"height": 8, "night": "#884a2a"}}, {"type": "Feature", "geometry": {"type": "Polygon", "coordinates": [[[55.2608633, 25.2131096], [55.2608798, 25.2131315], [55.26093, 25.2131005], [55.2609136, 25.2130787], [55.2608633, 25.2131096]]]}, "properties": {"height": 8, "night": "#93502e"}}, {"type": "Feature", "geometry": {"type": "Polygon", "coordinates": [[[55.2480767, 25.2135282], [55.2482032, 25.2136947], [55.2482535, 25.2136635], [55.2481457, 25.2135216], [55.2481326, 25.2135297], [55.2481139, 25.213505], [55.2480767, 25.2135282]]]}, "properties": {"height": 8, "night": "#753e23"}}, {"type": "Feature", "geometry": {"type": "Polygon", "coordinates": [[[55.2516845, 25.2152972], [55.2517267, 25.2153342], [55.2517593, 25.2153038], [55.251717, 25.2152668], [55.2516845, 25.2152972]]]}, "properties": {"height": 8, "night": "#7c4326"}}, {"type": "Feature", "geometry": {"type": "Polygon", "coordinates": [[[55.2589633, 25.2191901], [55.2589989, 25.2192332], [55.2590787, 25.2191793], [55.2590431, 25.2191362], [55.2589633, 25.2191901]]]}, "properties": {"height": 8, "night": "#844728"}}, {"type": "Feature", "geometry": {"type": "Polygon", "coordinates": [[[55.2523485, 25.2138688], [55.2524177, 25.2139517], [55.2524963, 25.213898], [55.252465, 25.2138605], [55.252414, 25.2138953], [55.2523762, 25.2138499], [55.2523485, 25.2138688]]]}, "properties": {"height": 8, "night": "#7f4427"}}, {"type": "Feature", "geometry": {"type": "Polygon", "coordinates": [[[55.2606551, 25.2165093], [55.2607048, 25.2165864], [55.2607461, 25.2165646], [55.2606965, 25.2164875], [55.2606551, 25.2165093]]]}, "properties": {"height": 8, "night": "#8c4c2b"}}, {"type": "Feature", "geometry": {"type": "Polygon", "coordinates": [[[55.2618397, 25.2152554], [55.2618692, 25.2152966], [55.2618994, 25.2152789], [55.2618699, 25.2152377], [55.2618397, 25.2152554]]]}, "properties": {"height": 8, "night": "#904e2d"}}, {"type": "Feature", "geometry": {"type": "Polygon", "coordinates": [[[55.2580795, 25.2120692], [55.2581372, 25.2120394], [55.2581068, 25.2119912], [55.2580491, 25.2120209], [55.2580795, 25.2120692]]]}, "properties": {"height": 8, "night": "#8e4d2c"}}, {"type": "Feature", "geometry": {"type": "Polygon", "coordinates": [[[55.2908049, 25.1994252], [55.2907876, 25.1994273], [55.2906518, 25.1994435], [55.2906758, 25.1996073], [55.2908289, 25.1995889], [55.2908049, 25.1994252]]]}, "properties": {"height": 8, "night": "#5a2e19"}}, {"type": "Feature", "geometry": {"type": "Polygon", "coordinates": [[[55.2587628, 25.2157187], [55.2587855, 25.2157531], [55.2588552, 25.2157155], [55.2589577, 25.2158711], [55.2590683, 25.2158115], [55.2589527, 25.2156361], [55.2589431, 25.2156214], [55.2587628, 25.2157187]]]}, "properties": {"height": 8, "night": "#8b4b2b"}}, {"type": "Feature", "geometry": {"type": "Polygon", "coordinates": [[[55.2882059, 25.2095904], [55.2882243, 25.209432], [55.2879848, 25.2094092], [55.2879663, 25.2095676], [55.2880036, 25.2095712], [55.2882059, 25.2095904]]]}, "properties": {"height": 8, "night": "#67361e"}}, {"type": "Feature", "geometry": {"type": "Polygon", "coordinates": [[[55.2560432, 25.2161986], [55.2560753, 25.2161782], [55.2560446, 25.2161386], [55.2560125, 25.216159], [55.2560432, 25.2161986]]]}, "properties": {"height": 8, "night": "#854729"}}, {"type": "Feature", "geometry": {"type": "Polygon", "coordinates": [[[55.2875242, 25.2001365], [55.2874736, 25.2001417], [55.2874797, 25.2001897], [55.2875302, 25.2001845], [55.2875242, 25.2001365]]]}, "properties": {"height": 8, "night": "#62331c"}}, {"type": "Feature", "geometry": {"type": "Polygon", "coordinates": [[[55.266462, 25.2273551], [55.2664759, 25.2273831], [55.2664984, 25.2273739], [55.2664846, 25.2273459], [55.266462, 25.2273551]]]}, "properties": {"height": 8, "night": "#723c22"}}, {"type": "Feature", "geometry": {"type": "Polygon", "coordinates": [[[55.2667794, 25.2264134], [55.2668765, 25.2266088], [55.2668987, 25.2265997], [55.2669215, 25.2266455], [55.2667104, 25.2267313], [55.2666856, 25.2266813], [55.2666973, 25.2266765], [55.2667244, 25.2266655], [55.2667633, 25.2266497], [55.2667146, 25.2265518], [55.2666949, 25.2265598], [55.2666776, 25.2265248], [55.2666599, 25.226532], [55.266631, 25.2264738], [55.2667794, 25.2264134]]]}, "properties": {"height": 8, "night": "#743e23"}}, {"type": "Feature", "geometry": {"type": "Polygon", "coordinates": [[[55.2914605, 25.2101944], [55.2913901, 25.2102002], [55.2913939, 25.2102389], [55.2914644, 25.2102331], [55.2914605, 25.2101944]]]}, "properties": {"height": 8, "night": "#5f311b"}}, {"type": "Feature", "geometry": {"type": "Polygon", "coordinates": [[[55.2897976, 25.2085176], [55.2898201, 25.2086794], [55.2901495, 25.2086418], [55.290127, 25.20848], [55.2897976, 25.2085176]]]}, "properties": {"height": 8, "night": "#62331c"}}, {"type": "Feature", "geometry": {"type": "Polygon", "coordinates": [[[55.2861422, 25.2039144], [55.2861498, 25.2039669], [55.2862411, 25.2039561], [55.2862335, 25.2039035], [55.2861422, 25.2039144]]]}, "properties": {"height": 8, "night": "#69371e"}}, {"type": "Feature", "geometry": {"type": "Polygon", "coordinates": [[[55.2939118, 25.2121632], [55.2939427, 25.212162], [55.2939412, 25.2121309], [55.2939103, 25.2121321], [55.2939118, 25.2121632]]]}, "properties": {"height": 8, "night": "#592e19"}}, {"type": "Feature", "geometry": {"type": "Polygon", "coordinates": [[[55.2848647, 25.2053021], [55.2848487, 25.2052025], [55.2849033, 25.2051953], [55.2849133, 25.205258], [55.2849485, 25.2052534], [55.2849544, 25.2052903], [55.2848647, 25.2053021]]]}, "properties": {"height": 8, "night": "#6d3920"}}, {"type": "Feature", "geometry": {"type": "Polygon", "coordinates": [[[55.2686994, 25.2273273], [55.2687122, 25.2273517], [55.2687326, 25.2273429], [55.2687487, 25.2273737], [55.2687963, 25.2273532], [55.2687674, 25.2272981], [55.2686994, 25.2273273]]]}, "properties": {"height": 8, "night": "#713c22"}}, {"type": "Feature", "geometry": {"type": "Polygon", "coordinates": [[[55.289217, 25.1976453], [55.2891912, 25.1976059], [55.289146, 25.1976302], [55.2891718, 25.1976695], [55.289217, 25.1976453]]]}, "properties": {"height": 8, "night": "#5b2f1a"}}, {"type": "Feature", "geometry": {"type": "Polygon", "coordinates": [[[55.2595011, 25.2239558], [55.2595957, 25.2240716], [55.2596263, 25.2240512], [55.2595317, 25.2239353], [55.2595011, 25.2239558]]]}, "properties": {"height": 8, "night": "#794024"}}, {"type": "Feature", "geometry": {"type": "Polygon", "coordinates": [[[55.2539637, 25.2130708], [55.2540857, 25.2130016], [55.2539905, 25.2128641], [55.2539514, 25.2128863], [55.2538685, 25.2129333], [55.2539637, 25.2130708]]]}, "properties": {"height": 8, "night": "#844728"}}, {"type": "Feature", "geometry": {"type": "Polygon", "coordinates": [[[55.253376, 25.2149214], [55.253449, 25.2148617], [55.2534107, 25.2148233], [55.2533376, 25.214883], [55.253376, 25.2149214]]]}, "properties": {"height": 8, "night": "#814527"}}, {"type": "Feature", "geometry": {"type": "Polygon", "coordinates": [[[55.2888456, 25.1972164], [55.2888186, 25.1971736], [55.2888314, 25.1971669], [55.2887985, 25.1971148], [55.288783, 25.1971228], [55.2887647, 25.1970937], [55.2887156, 25.1971191], [55.2887233, 25.1971314], [55.2886021, 25.197194], [55.2885942, 25.1971813], [55.2885314, 25.1972138], [55.2885549, 25.197251], [55.2885399, 25.1972588], [55.2885697, 25.1973061], [55.2885856, 25.197298], [55.2886109, 25.1973381], [55.2887023, 25.1972909], [55.2887101, 25.1973032], [55.2887566, 25.1972792], [55.2887486, 25.1972665], [55.2888456, 25.1972164]]]}, "properties": {"height": 8, "night": "#5b2f1a"}}, {"type": "Feature", "geometry": {"type": "Polygon", "coordinates": [[[55.2544054, 25.2136424], [55.2544294, 25.2136753], [55.2544601, 25.2137173], [55.2545421, 25.2136683], [55.2545022, 25.2136137], [55.2544527, 25.2136432], [55.2544379, 25.2136229], [55.2544054, 25.2136424]]]}, "properties": {"height": 8, "night": "#844728"}}, {"type": "Feature", "geometry": {"type": "Polygon", "coordinates": [[[55.254366, 25.2129248], [55.2544097, 25.2128984], [55.2543799, 25.212858], [55.2543362, 25.2128844], [55.2543482, 25.2129007], [55.254366, 25.2129248]]]}, "properties": {"height": 8, "night": "#854729"}}, {"type": "Feature", "geometry": {"type": "Polygon", "coordinates": [[[55.2625757, 25.2213226], [55.2626519, 25.2214457], [55.2627662, 25.2213878], [55.2627422, 25.2213491], [55.2627234, 25.2213187], [55.2626889, 25.2212629], [55.2626636, 25.2212221], [55.2625987, 25.221255], [55.2626251, 25.2212976], [55.2625757, 25.2213226]]]}, "properties": {"height": 8, "night": "#824627"}}, {"type": "Feature", "geometry": {"type": "Polygon", "coordinates": [[[55.2552819, 25.2143779], [55.2553191, 25.2143583], [55.2553266, 25.2143543], [55.2553828, 25.2143246], [55.2553878, 25.214322], [55.2553723, 25.214298], [55.2552664, 25.2143539], [55.2552819, 25.2143779]]]}, "properties": {"height": 8, "night": "#864829"}}, {"type": "Feature", "geometry": {"type": "Polygon", "coordinates": [[[55.2874504, 25.194441], [55.2874081, 25.1944705], [55.2874577, 25.1945288], [55.2875, 25.1944992], [55.2874504, 25.194441]]]}, "properties": {"height": 8, "night": "#592e19"}}, {"type": "Feature", "geometry": {"type": "Polygon", "coordinates": [[[55.2616303, 25.2230836], [55.2618338, 25.2229672], [55.2617603, 25.2228619], [55.2616889, 25.2229027], [55.26166, 25.2228612], [55.2616036, 25.2228934], [55.2616301, 25.2229315], [55.2615543, 25.2229748], [55.2616303, 25.2230836]]]}, "properties": {"height": 8, "night": "#7d4326"}}, {"type": "Feature", "geometry": {"type": "Polygon", "coordinates": [[[55.2610439, 25.2218331], [55.261089, 25.2218024], [55.2610642, 25.2217727], [55.2610192, 25.2218033], [55.2610439, 25.2218331]]]}, "properties": {"height": 8, "night": "#7f4427"}}, {"type": "Feature", "geometry": {"type": "Polygon", "coordinates": [[[55.2536157, 25.2158672], [55.2536522, 25.2158423], [55.2536171, 25.2158001], [55.2535806, 25.215825], [55.2536157, 25.2158672]]]}, "properties": {"height": 8, "night": "#804527"}}, {"type": "Feature", "geometry": {"type": "Polygon", "coordinates": [[[55.2835411, 25.2043842], [55.2835727, 25.2043808], [55.2835714, 25.2043712], [55.2835605, 25.2042887], [55.2835563, 25.2042568], [55.2835247, 25.2042602], [55.2835283, 25.2042878], [55.2835411, 25.2043842]]]}, "properties": {"height": 8, "night": "#6f3b21"}}, {"type": "Feature", "geometry": {"type": "Polygon", "coordinates": [[[55.2543251, 25.2151783], [55.2543523, 25.2151601], [55.2543027, 25.2150994], [55.2542755, 25.2151177], [55.2543251, 25.2151783]]]}, "properties": {"height": 8, "night": "#824628"}}, {"type": "Feature", "geometry": {"type": "Polygon", "coordinates": [[[55.2543939, 25.2145529], [55.2544488, 25.2145259], [55.2544236, 25.2144837], [55.2543686, 25.2145107], [55.2543939, 25.2145529]]]}, "properties": {"height": 8, "night": "#834728"}}, {"type": "Feature", "geometry": {"type": "Polygon", "coordinates": [[[55.2570812, 25.2214787], [55.2571256, 25.2214501], [55.2571093, 25.2214294], [55.2570649, 25.221458], [55.2570812, 25.2214787]]]}, "properties": {"height": 8, "night": "#7c4225"}}, {"type": "Feature", "geometry": {"type": "Polygon", "coordinates": [[[55.2832575, 25.2041141], [55.283269, 25.2041942], [55.2833119, 25.2041892], [55.2833059, 25.2041473], [55.2833004, 25.2041091], [55.2832575, 25.2041141]]]}, "properties": {"height": 8, "night": "#6f3b21"}}, {"type": "Feature", "geometry": {"type": "Polygon", "coordinates": [[[55.2572836, 25.213001], [55.2573326, 25.2129749], [55.2572455, 25.2128409], [55.2571964, 25.2128669], [55.2572836, 25.213001]]]}, "properties": {"height": 8, "night": "#8b4b2b"}}, {"type": "Feature", "geometry": {"type": "Polygon", "coordinates": [[[55.2584752, 25.222316], [55.2585229, 25.2223687], [55.2585641, 25.2223382], [55.2585565, 25.2223298], [55.2585165, 25.2222855], [55.2584752, 25.222316]]]}, "properties": {"height": 8, "night": "#7c4225"}}, {"type": "Feature", "geometry": {"type": "Polygon", "coordinates": [[[55.2825159, 25.203481], [55.2825542, 25.203478], [55.2825486, 25.2034203], [55.2825103, 25.2034233], [55.2825159, 25.203481]]]}, "properties": {"height": 8, "night": "#703b21"}}, {"type": "Feature", "geometry": {"type": "Polygon", "coordinates": [[[55.2623416, 25.2233055], [55.2623704, 25.2233425], [55.2624088, 25.223318], [55.26238, 25.223281], [55.2623416, 25.2233055]]]}, "properties": {"height": 8, "night": "#7c4326"}}, {"type": "Feature", "geometry": {"type": "Polygon", "coordinates": [[[55.2553514, 25.216991], [55.2554027, 25.2169561], [55.2553839, 25.2169335], [55.2553326, 25.2169684], [55.2553514, 25.216991]]]}, "properties": {"height": 8, "night": "#824628"}}, {"type": "Feature", "geometry": {"type": "Polygon", "coordinates": [[[55.2566983, 25.2165257], [55.2567174, 25.2165139], [55.2566979, 25.2164878], [55.2566788, 25.2164995], [55.2566983, 25.2165257]]]}, "properties": {"height": 8, "night": "#854829"}}, {"type": "Feature", "geometry": {"type": "Polygon", "coordinates": [[[55.2557306, 25.2180071], [55.2557466, 25.2180285], [55.2557798, 25.2180081], [55.2557637, 25.2179867], [55.2557306, 25.2180071]]]}, "properties": {"height": 8, "night": "#814527"}}, {"type": "Feature", "geometry": {"type": "Polygon", "coordinates": [[[55.2832106, 25.2051504], [55.283216, 25.2051856], [55.2834678, 25.2051541], [55.2834624, 25.2051189], [55.2832106, 25.2051504]]]}, "properties": {"height": 8, "night": "#703b21"}}, {"type": "Feature", "geometry": {"type": "Polygon", "coordinates": [[[55.252546, 25.2028151], [55.25244, 25.2028773], [55.252343, 25.2029343], [55.2524208, 25.2030429], [55.252597, 25.2029395], [55.2525741, 25.2029077], [55.2524755, 25.2029656], [55.2524502, 25.2029303], [55.2525758, 25.2028566], [55.252546, 25.2028151]]]}, "properties": {"height": 8, "night": "#7a4125"}}, {"type": "Feature", "geometry": {"type": "Polygon", "coordinates": [[[55.25231, 25.2061798], [55.2523578, 25.2061482], [55.2524035, 25.2062049], [55.2524885, 25.2061487], [55.2524629, 25.2061169], [55.2524898, 25.2060991], [55.252396, 25.2059828], [55.252317, 25.2060349], [55.2523332, 25.206055], [55.2522805, 25.2060898], [55.2523061, 25.2061216], [55.252278, 25.2061402], [55.25231, 25.2061798]]]}, "properties": {"height": 8, "night": "#7e4426"}}, {"type": "Feature", "geometry": {"type": "Polygon", "coordinates": [[[55.2529414, 25.2022176], [55.253032, 25.2023442], [55.2531219, 25.2022916], [55.2531669, 25.2023545], [55.2532611, 25.2022994], [55.2532539, 25.2022893], [55.2532279, 25.202253], [55.2531573, 25.2021543], [55.2531255, 25.2021098], [55.2530566, 25.2021501], [55.2529414, 25.2022176]]]}, "properties": {"height": 8, "night": "#7b4225"}}, {"type": "Feature", "geometry": {"type": "Polygon", "coordinates": [[[55.2543044, 25.2047146], [55.254486, 25.204607], [55.2544452, 25.2045507], [55.2543775, 25.2045908], [55.2543524, 25.204556], [55.2542385, 25.2046235], [55.2543044, 25.2047146]]]}, "properties": {"height": 4, "night": "#73361b"}}, {"type": "Feature", "geometry": {"type": "Polygon", "coordinates": [[[55.2922184, 25.2064432], [55.2922591, 25.2064406], [55.2922509, 25.2063325], [55.2922102, 25.206335], [55.2922184, 25.2064432]]]}, "properties": {"height": 8, "night": "#5c2f1a"}}, {"type": "Feature", "geometry": {"type": "Polygon", "coordinates": [[[55.2576588, 25.2182646], [55.257693, 25.2182416], [55.2576651, 25.2182076], [55.2576309, 25.2182306], [55.2576588, 25.2182646]]]}, "properties": {"height": 8, "night": "#844728"}}, {"type": "Feature", "geometry": {"type": "Polygon", "coordinates": [[[55.2542186, 25.204108], [55.2542045, 25.204088], [55.2541719, 25.204107], [55.2541861, 25.2041269], [55.2542186, 25.204108]]]}, "properties": {"height": 8, "night": "#804527"}}, {"type": "Feature", "geometry": {"type": "Polygon", "coordinates": [[[55.2556495, 25.2040014], [55.2555092, 25.2040826], [55.2555628, 25.2041664], [55.255679, 25.2041828], [55.2557494, 25.20413], [55.2556495, 25.2040014]]]}, "properties": {"height": 8, "night": "#824628"}}, {"type": "Feature", "geometry": {"type": "Polygon", "coordinates": [[[55.2833581, 25.2046933], [55.2833658, 25.2047529], [55.2833661, 25.2047554], [55.2833902, 25.2047529], [55.2833822, 25.2046907], [55.2833581, 25.2046933]]]}, "properties": {"height": 8, "night": "#703b21"}}, {"type": "Feature", "geometry": {"type": "Polygon", "coordinates": [[[55.2571307, 25.2188692], [55.2572179, 25.2188176], [55.2571902, 25.2187793], [55.257103, 25.2188308], [55.2571307, 25.2188692]]]}, "properties": {"height": 8, "night": "#824628"}}, {"type": "Feature", "geometry": {"type": "Polygon", "coordinates": [[[55.2576643, 25.2203117], [55.2577004, 25.2202884], [55.2576785, 25.2202607], [55.2576424, 25.2202839], [55.2576643, 25.2203117]]]}, "properties": {"height": 8, "night": "#804427"}}, {"type": "Feature", "geometry": {"type": "Polygon", "coordinates": [[[55.2564012, 25.2201129], [55.2564338, 25.2200923], [55.2564617, 25.2201283], [55.256533, 25.2200831], [55.2564172, 25.2199337], [55.2564405, 25.2199189], [55.2564049, 25.219873], [55.2563547, 25.2199048], [55.2563635, 25.2199161], [55.2563132, 25.2199481], [55.2563241, 25.2199622], [55.2562975, 25.219979], [55.2564012, 25.2201129]]]}, "properties": {"height": 8, "night": "#7e4426"}}, {"type": "Feature", "geometry": {"type": "Polygon", "coordinates": [[[55.253428, 25.203197], [55.2534514, 25.2031845], [55.2535022, 25.2031575], [55.2534766, 25.2031181], [55.2534024, 25.2031575], [55.253428, 25.203197]]]}, "properties": {"height": 8, "night": "#7d4326"}}, {"type": "Feature", "geometry": {"type": "Polygon", "coordinates": [[[55.2534482, 25.2037971], [55.253531, 25.2037505], [55.2535088, 25.2037181], [55.2534652, 25.2037427], [55.253426, 25.2037648], [55.2534482, 25.2037971]]]}, "properties": {"height": 8, "night": "#7e4326"}}, {"type": "Feature", "geometry": {"type": "Polygon", "coordinates": [[[55.2562737, 25.2211659], [55.2563352, 25.2211347], [55.256311, 25.2210955], [55.2562495, 25.2211268], [55.2562737, 25.2211659]]]}, "properties": {"height": 8, "night": "#7c4225"}}, {"type": "Feature", "geometry": {"type": "Polygon", "coordinates": [[[55.2559786, 25.2205218], [55.2560412, 25.2204816], [55.2561367, 25.2206031], [55.2560742, 25.2206434], [55.2559786, 25.2205218]]]}, "properties": {"height": 8, "night": "#7d4326"}}, {"type": "Feature", "geometry": {"type": "Polygon", "coordinates": [[[55.2567828, 25.2028374], [55.2567358, 25.2028657], [55.2567969, 25.2029487], [55.2568438, 25.2029204], [55.2567828, 25.2028374]]]}, "properties": {"height": 4, "night": "#75361c"}}, {"type": "Feature", "geometry": {"type": "Polygon", "coordinates": [[[55.2578013, 25.2025022], [55.2585188, 25.2020847], [55.2584217, 25.2019482], [55.2577043, 25.2023656], [55.2578013, 25.2025022]]]}, "properties": {"height": 8, "night": "#834728"}}, {"type": "Feature", "geometry": {"type": "Polygon", "coordinates": [[[55.255732, 25.2025933], [55.2557671, 25.2026428], [55.2558306, 25.202606], [55.2557955, 25.2025564], [55.255732, 25.2025933]]]}, "properties": {"height": 3, "night": "#703218"}}, {"type": "Feature", "geometry": {"type": "Polygon", "coordinates": [[[55.2562865, 25.2032569], [55.2563361, 25.2032308], [55.2562923, 25.2031626], [55.2562426, 25.2031886], [55.2562865, 25.2032569]]]}, "properties": {"height": 4, "night": "#75361c"}}, {"type": "Feature", "geometry": {"type": "Polygon", "coordinates": [[[55.2565471, 25.2017548], [55.2567912, 25.2016095], [55.2567493, 25.2015519], [55.2566928, 25.2015855], [55.2567074, 25.2016056], [55.2565198, 25.2017172], [55.2565471, 25.2017548]]]}, "properties": {"height": 3, "night": "#703118"}}, {"type": "Feature", "geometry": {"type": "Polygon", "coordinates": [[[55.2818848, 25.2043833], [55.2818882, 25.2044074], [55.2821124, 25.2043816], [55.282109, 25.2043575], [55.2819108, 25.2043803], [55.2818848, 25.2043833]]]}, "properties": {"height": 8, "night": "#733d22"}}, {"type": "Feature", "geometry": {"type": "Polygon", "coordinates": [[[55.253925, 25.2185477], [55.2539619, 25.2185247], [55.2539169, 25.2184654], [55.25388, 25.2184884], [55.253925, 25.2185477]]]}, "properties": {"height": 8, "night": "#7d4326"}}, {"type": "Feature", "geometry": {"type": "Polygon", "coordinates": [[[55.2548062, 25.2199314], [55.2548508, 25.2198993], [55.2548047, 25.2198469], [55.2547602, 25.2198791], [55.2548062, 25.2199314]]]}, "properties": {"height": 8, "night": "#7c4225"}}, {"type": "Feature", "geometry": {"type": "Polygon", "coordinates": [[[55.2548358, 25.2027382], [55.2548693, 25.2027838], [55.254931, 25.2027467], [55.2548976, 25.2027011], [55.2548358, 25.2027382]]]}, "properties": {"height": 8, "night": "#7f4426"}}, {"type": "Feature", "geometry": {"type": "Polygon", "coordinates": [[[55.2545102, 25.2010776], [55.2545719, 25.2010406], [55.2545177, 25.2009666], [55.254456, 25.2010036], [55.2545102, 25.2010776]]]}, "properties": {"height": 8, "night": "#7b4225"}}, {"type": "Feature", "geometry": {"type": "Polygon", "coordinates": [[[55.2846381, 25.2040714], [55.2847237, 25.2040622], [55.2847002, 25.203885], [55.2846147, 25.2038943], [55.2846381, 25.2040714]]]}, "properties": {"height": 8, "night": "#6c3920"}}, {"type": "Feature", "geometry": {"type": "Polygon", "coordinates": [[[55.2690419, 25.228308], [55.2690823, 25.2283861], [55.269235, 25.2283216], [55.2691939, 25.2282426], [55.2691604, 25.2282571], [55.2690419, 25.228308]]]}, "properties": {"height": 8, "night": "#6e3a21"}}, {"type": "Feature", "geometry": {"type": "Polygon", "coordinates": [[[55.2564338, 25.2037055], [55.2564754, 25.2036817], [55.2564589, 25.2036581], [55.2564173, 25.2036819], [55.2564338, 25.2037055]]]}, "properties": {"height": 4, "night": "#76371c"}}, {"type": "Feature", "geometry": {"type": "Polygon", "coordinates": [[[55.2555058, 25.2201706], [55.2555338, 25.2201525], [55.2555162, 25.2201302], [55.2554882, 25.2201483], [55.2555058, 25.2201706]]]}, "properties": {"height": 8, "night": "#7d4326"}}, {"type": "Feature", "geometry": {"type": "Polygon", "coordinates": [[[55.2568504, 25.2189474], [55.2568833, 25.2189268], [55.2568712, 25.2189111], [55.2568384, 25.2189317], [55.2568504, 25.2189474]]]}, "properties": {"height": 8, "night": "#814527"}}, {"type": "Feature", "geometry": {"type": "Polygon", "coordinates": [[[55.2551228, 25.2190818], [55.2551045, 25.2190526], [55.2550166, 25.2190976], [55.255035, 25.2191268], [55.2550706, 25.2191086], [55.2551228, 25.2190818]]]}, "properties": {"height": 8, "night": "#7e4326"}}, {"type": "Feature", "geometry": {"type": "Polygon", "coordinates": [[[55.2860393, 25.201456], [55.286043, 25.2014832], [55.2860898, 25.2014779], [55.286086, 25.2014507], [55.2860393, 25.201456]]]}, "properties": {"height": 8, "night": "#66361e"}}, {"type": "Feature", "geometry": {"type": "Polygon", "coordinates": [[[55.254676, 25.2187621], [55.2546875, 25.218776], [55.2547293, 25.2187477], [55.2547177, 25.2187338], [55.254676, 25.2187621]]]}, "properties": {"height": 8, "night": "#7e4326"}}, {"type": "Feature", "geometry": {"type": "Polygon", "coordinates": [[[55.2527708, 25.2047568], [55.2528076, 25.2048075], [55.2528284, 25.2047951], [55.2527916, 25.2047444], [55.2527708, 25.2047568]]]}, "properties": {"height": 8, "night": "#7e4326"}}, {"type": "Feature", "geometry": {"type": "Polygon", "coordinates": [[[55.2653687, 25.2289449], [55.2659618, 25.2287065], [55.2659375, 25.2286571], [55.2653444, 25.2288955], [55.2653687, 25.2289449]]]}, "properties": {"height": 8, "night": "#6e3a20"}}, {"type": "Feature", "geometry": {"type": "Polygon", "coordinates": [[[55.254079, 25.2169849], [55.2541075, 25.2169649], [55.2540805, 25.2169335], [55.254052, 25.2169535], [55.254079, 25.2169849]]]}, "properties": {"height": 8, "night": "#804427"}}, {"type": "Feature", "geometry": {"type": "Polygon", "coordinates": [[[55.2549881, 25.2177629], [55.2550899, 25.2177023], [55.2550656, 25.2176688], [55.2549637, 25.2177294], [55.2549881, 25.2177629]]]}, "properties": {"height": 8, "night": "#804527"}}, {"type": "Feature", "geometry": {"type": "Polygon", "coordinates": [[[55.2850807, 25.2009338], [55.285085, 25.2009737], [55.2851665, 25.2009664], [55.2851621, 25.2009265], [55.2850807, 25.2009338]]]}, "properties": {"height": 8, "night": "#68361e"}}, {"type": "Feature", "geometry": {"type": "Polygon", "coordinates": [[[55.2845331, 25.1992474], [55.2845759, 25.1993144], [55.2847268, 25.1992354], [55.2846839, 25.1991684], [55.2845331, 25.1992474]]]}, "properties": {"height": 8, "night": "#67361e"}}, {"type": "Feature", "geometry": {"type": "Polygon", "coordinates": [[[55.2844889, 25.2010005], [55.2844898, 25.2010097], [55.2844923, 25.2010354], [55.2844949, 25.2010621], [55.2845515, 25.2010576], [55.2845455, 25.200996], [55.2844889, 25.2010005]]]}, "properties": {"height": 8, "night": "#69371f"}}, {"type": "Feature", "geometry": {"type": "Polygon", "coordinates": [[[55.2777436, 25.2197685], [55.277839, 25.2199013], [55.277884, 25.2198749], [55.2777887, 25.219742], [55.2777436, 25.2197685]]]}, "properties": {"height": 8, "night": "#774024"}}, {"type": "Feature", "geometry": {"type": "Polygon", "coordinates": [[[55.2530467, 25.2188492], [55.2530688, 25.2188349], [55.2530491, 25.2188098], [55.2530269, 25.218824], [55.2530467, 25.2188492]]]}, "properties": {"height": 8, "night": "#7b4225"}}, {"type": "Feature", "geometry": {"type": "Polygon", "coordinates": [[[55.2833761, 25.2016085], [55.2834301, 25.2016019], [55.2834123, 25.2014837], [55.2834013, 25.2014851], [55.2833583, 25.2014904], [55.2833672, 25.2015496], [55.2833761, 25.2016085]]]}, "properties": {"height": 8, "night": "#6c3920"}}, {"type": "Feature", "geometry": {"type": "Polygon", "coordinates": [[[55.2527802, 25.2195867], [55.2527932, 25.2196033], [55.2528343, 25.2195771], [55.252811, 25.2195473], [55.2527925, 25.2195591], [55.25277, 25.2195735], [55.2527802, 25.2195867]]]}, "properties": {"height": 8, "night": "#794124"}}, {"type": "Feature", "geometry": {"type": "Polygon", "coordinates": [[[55.2825554, 25.2014456], [55.282604, 25.2014434], [55.2826013, 25.2013941], [55.2825527, 25.2013963], [55.2825554, 25.2014456]]]}, "properties": {"height": 8, "night": "#6e3a20"}}, {"type": "Feature", "geometry": {"type": "Polygon", "coordinates": [[[55.2528997, 25.2202724], [55.2529082, 25.2202667], [55.2529248, 25.2202554], [55.2529004, 25.220226], [55.2528753, 25.2202431], [55.2528997, 25.2202724]]]}, "properties": {"height": 8, "night": "#784024"}}, {"type": "Feature", "geometry": {"type": "Polygon", "coordinates": [[[55.2831826, 25.2005899], [55.2832267, 25.2005677], [55.283193, 25.200513], [55.283149, 25.2005352], [55.2831826, 25.2005899]]]}, "properties": {"height": 8, "night": "#6b391f"}}, {"type": "Feature", "geometry": {"type": "Polygon", "coordinates": [[[55.2545497, 25.2213473], [55.2545842, 25.2213248], [55.2545547, 25.2212879], [55.2545202, 25.2213104], [55.2545212, 25.2213117], [55.2545497, 25.2213473]]]}, "properties": {"height": 8, "night": "#794024"}}, {"type": "Feature", "geometry": {"type": "Polygon", "coordinates": [[[55.2539349, 25.2207367], [55.2540395, 25.2206733], [55.2540204, 25.2206476], [55.2539158, 25.220711], [55.2539349, 25.2207367]]]}, "properties": {"height": 8, "night": "#794124"}}, {"type": "Feature", "geometry": {"type": "Polygon", "coordinates": [[[55.2620809, 25.1982069], [55.2620568, 25.1982272], [55.2620822, 25.1982519], [55.2621063, 25.1982317], [55.2620872, 25.1982131], [55.2620809, 25.1982069]]]}, "properties": {"height": 8, "night": "#7d4326"}}, {"type": "Feature", "geometry": {"type": "Polygon", "coordinates": [[[55.2618521, 25.1971192], [55.2618905, 25.1971533], [55.2619269, 25.1971197], [55.2618885, 25.1970856], [55.2618521, 25.1971192]]]}, "properties": {"height": 8, "night": "#7a4125"}}, {"type": "Feature", "geometry": {"type": "Polygon", "coordinates": [[[55.2626999, 25.2285385], [55.2627505, 25.2285074], [55.2627016, 25.2284423], [55.262651, 25.2284734], [55.2626685, 25.2284966], [55.2626999, 25.2285385]]]}, "properties": {"height": 8, "night": "#6f3a21"}}, {"type": "Feature", "geometry": {"type": "Polygon", "coordinates": [[[55.2610518, 25.1974092], [55.2609575, 25.197485], [55.2610456, 25.1975746], [55.2611399, 25.1974988], [55.2610626, 25.1974201], [55.2610518, 25.1974092]]]}, "properties": {"height": 8, "night": "#7b4225"}}, {"type": "Feature", "geometry": {"type": "Polygon", "coordinates": [[[55.2668899, 25.210513], [55.2669417, 25.2105799], [55.266979, 25.2105563], [55.2669271, 25.2104893], [55.2668899, 25.210513]]]}, "properties": {"height": 8, "night": "#9a5430"}}, {"type": "Feature", "geometry": {"type": "Polygon", "coordinates": [[[55.2655763, 25.2098845], [55.2656373, 25.2099628], [55.2656917, 25.2099281], [55.2656307, 25.2098498], [55.2655763, 25.2098845]]]}, "properties": {"height": 4, "night": "#8b4121"}}, {"type": "Feature", "geometry": {"type": "Polygon", "coordinates": [[[55.2517391, 25.2179122], [55.2517676, 25.2178937], [55.2517324, 25.2178494], [55.251704, 25.2178679], [55.2517391, 25.2179122]]]}, "properties": {"height": 8, "night": "#794125"}}, {"type": "Feature", "geometry": {"type": "Polygon", "coordinates": [[[55.2623119, 25.1988583], [55.262348, 25.1988995], [55.2623773, 25.1988784], [55.2623411, 25.1988373], [55.2623119, 25.1988583]]]}, "properties": {"height": 8, "night": "#7f4427"}}, {"type": "Feature", "geometry": {"type": "Polygon", "coordinates": [[[55.2616015, 25.1977975], [55.2616476, 25.1978468], [55.2616671, 25.1978319], [55.261621, 25.1977826], [55.2616015, 25.1977975]]]}, "properties": {"height": 8, "night": "#7c4225"}}, {"type": "Feature", "geometry": {"type": "Polygon", "coordinates": [[[55.2616082, 25.2003313], [55.2615738, 25.2003526], [55.2616612, 25.200468], [55.2616956, 25.2004467], [55.2616082, 25.2003313]]]}, "properties": {"height": 8, "night": "#834628"}}, {"type": "Feature", "geometry": {"type": "Polygon", "coordinates": [[[55.2625312, 25.2000871], [55.2625492, 25.2001104], [55.2625747, 25.2000942], [55.2625566, 25.2000709], [55.2625312, 25.2000871]]]}, "properties": {"height": 8, "night": "#824628"}}, {"type": "Feature", "geometry": {"type": "Polygon", "coordinates": [[[55.2801785, 25.2048569], [55.2801838, 25.2048985], [55.2801955, 25.2048973], [55.2802015, 25.2049445], [55.2802258, 25.204942], [55.280285, 25.2049359], [55.2802737, 25.204847], [55.2801785, 25.2048569]]]}, "properties": {"height": 8, "night": "#773f24"}}, {"type": "Feature", "geometry": {"type": "Polygon", "coordinates": [[[55.2808365, 25.2048143], [55.2808939, 25.2048081], [55.2808869, 25.2047553], [55.2808295, 25.2047615], [55.2808365, 25.2048143]]]}, "properties": {"height": 8, "night": "#753f23"}}, {"type": "Feature", "geometry": {"type": "Polygon", "coordinates": [[[55.2576824, 25.199869], [55.2577576, 25.1999717], [55.2577958, 25.1999488], [55.2577206, 25.1998461], [55.2576824, 25.199869]]]}, "properties": {"height": 8, "night": "#7d4326"}}, {"type": "Feature", "geometry": {"type": "Polygon", "coordinates": [[[55.2572501, 25.1996131], [55.2573007, 25.1995816], [55.2572353, 25.1994956], [55.2571847, 25.1995271], [55.2572501, 25.1996131]]]}, "properties": {"height": 8, "night": "#7c4225"}}, {"type": "Feature", "geometry": {"type": "Polygon", "coordinates": [[[55.2593274, 25.2082695], [55.2591655, 25.2083571], [55.2592969, 25.2085561], [55.2594589, 25.2084685], [55.2593274, 25.2082695]]]}, "properties": {"height": 4, "night": "#803c1f"}}, {"type": "Feature", "geometry": {"type": "Polygon", "coordinates": [[[55.2571413, 25.2001719], [55.2568389, 25.2003543], [55.2569847, 25.2005522], [55.2570332, 25.2005229], [55.2569962, 25.2004727], [55.2569219, 25.2003718], [55.2571757, 25.2002187], [55.2571413, 25.2001719]]]}, "properties": {"height": 8, "night": "#7e4326"}}, {"type": "Feature", "geometry": {"type": "Polygon", "coordinates": [[[55.2875899, 25.2000049], [55.2875426, 25.2000104], [55.2875493, 25.2000577], [55.2875966, 25.2000522], [55.2875899, 25.2000049]]]}, "properties": {"height": 8, "night": "#61331c"}}, {"type": "Feature", "geometry": {"type": "Polygon", "coordinates": [[[55.2577097, 25.2015862], [55.2576725, 25.2016077], [55.2577052, 25.2016539], [55.2577583, 25.2017291], [55.2577955, 25.2017076], [55.2577097, 25.2015862]]]}, "properties": {"height": 4, "night": "#74361b"}}, {"type": "Feature", "geometry": {"type": "Polygon", "coordinates": [[[55.2506994, 25.2053743], [55.2507402, 25.205349], [55.2507046, 25.2053023], [55.2506639, 25.2053276], [55.2506994, 25.2053743]]]}, "properties": {"height": 8, "night": "#7a4125"}}, {"type": "Feature", "geometry": {"type": "Polygon", "coordinates": [[[55.2509817, 25.2063269], [55.2509946, 25.206341], [55.2510207, 25.2063216], [55.2510079, 25.2063075], [55.2509817, 25.2063269]]]}, "properties": {"height": 8, "night": "#7b4225"}}, {"type": "Feature", "geometry": {"type": "Polygon", "coordinates": [[[55.2624203, 25.2107707], [55.2625173, 25.2107093], [55.2625032, 25.210691], [55.2624062, 25.2107524], [55.2624203, 25.2107707]]]}, "properties": {"height": 3, "night": "#843b1d"}}, {"type": "Feature", "geometry": {"type": "Polygon", "coordinates": [[[55.2697004, 25.2101233], [55.2698098, 25.2102587], [55.269837, 25.2102949], [55.2698646, 25.2102768], [55.2698098, 25.2102086], [55.2698362, 25.2101913], [55.269775, 25.2101152], [55.2697526, 25.2101299], [55.2697311, 25.2101031], [55.2697004, 25.2101233]]]}, "properties": {"height": 8, "night": "#93502e"}}, {"type": "Feature", "geometry": {"type": "Polygon", "coordinates": [[[55.2785686, 25.2063184], [55.2785706, 25.2063633], [55.2786245, 25.2063613], [55.2786225, 25.2063164], [55.2785686, 25.2063184]]]}, "properties": {"height": 8, "night": "#7c4225"}}, {"type": "Feature", "geometry": {"type": "Polygon", "coordinates": [[[55.277029, 25.2043681], [55.2768577, 25.2043842], [55.2768669, 25.2044645], [55.2770383, 25.2044483], [55.277029, 25.2043681]]]}, "properties": {"height": 8, "night": "#7e4326"}}, {"type": "Feature", "geometry": {"type": "Polygon", "coordinates": [[[55.2792714, 25.2043277], [55.2792743, 25.2043685], [55.2792926, 25.2043675], [55.2792913, 25.2043482], [55.2793401, 25.2043454], [55.2793389, 25.2043283], [55.2793359, 25.2042851], [55.2793195, 25.2042861], [55.2792687, 25.204289], [55.2792714, 25.2043277]]]}, "properties": {"height": 8, "night": "#784024"}}, {"type": "Feature", "geometry": {"type": "Polygon", "coordinates": [[[55.2796811, 25.2044145], [55.2797006, 25.2045943], [55.279738, 25.2045909], [55.279731, 25.2045264], [55.2797719, 25.2045228], [55.2797594, 25.2044076], [55.2796811, 25.2044145]]]}, "properties": {"height": 8, "night": "#784024"}}, {"type": "Feature", "geometry": {"type": "Polygon", "coordinates": [[[55.280345, 25.2043873], [55.2803117, 25.2043919], [55.2803269, 25.2044832], [55.2803602, 25.2044787], [55.2803521, 25.2044302], [55.280345, 25.2043873]]]}, "properties": {"height": 8, "night": "#763f23"}}, {"type": "Feature", "geometry": {"type": "Polygon", "coordinates": [[[55.2572353, 25.1973485], [55.2572989, 25.1974369], [55.2573334, 25.1974166], [55.2572698, 25.1973282], [55.2572353, 25.1973485]]]}, "properties": {"height": 8, "night": "#773f24"}}, {"type": "Feature", "geometry": {"type": "Polygon", "coordinates": [[[55.2577312, 25.2020462], [55.2577523, 25.2020717], [55.2578084, 25.2020336], [55.2577873, 25.2020081], [55.2577312, 25.2020462]]]}, "properties": {"height": 4, "night": "#75361c"}}, {"type": "Feature", "geometry": {"type": "Polygon", "coordinates": [[[55.2521975, 25.2055406], [55.2522022, 25.2055691], [55.2522282, 25.2055656], [55.2522235, 25.2055371], [55.2521975, 25.2055406]]]}, "properties": {"height": 8, "night": "#7d4326"}}, {"type": "Feature", "geometry": {"type": "Polygon", "coordinates": [[[55.2510159, 25.2050655], [55.2511574, 25.2050237], [55.2511415, 25.2049795], [55.251, 25.2050214], [55.2510159, 25.2050655]]]}, "properties": {"height": 8, "night": "#7a4125"}}, {"type": "Feature", "geometry": {"type": "Polygon", "coordinates": [[[55.2590304, 25.199475], [55.2590422, 25.1994908], [55.2590742, 25.1995337], [55.2591115, 25.199511], [55.2590677, 25.1994523], [55.2590493, 25.1994635], [55.2590304, 25.199475]]]}, "properties": {"height": 8, "night": "#7e4426"}}, {"type": "Feature", "geometry": {"type": "Polygon", "coordinates": [[[55.2587179, 25.1998623], [55.2588145, 25.199997], [55.2589692, 25.1999061], [55.2588727, 25.1997714], [55.2587179, 25.1998623]]]}, "properties": {"height": 8, "night": "#7f4426"}}, {"type": "Feature", "geometry": {"type": "Polygon", "coordinates": [[[55.2602945, 25.2014168], [55.2603303, 25.2014696], [55.2603673, 25.2014491], [55.2603311, 25.2013965], [55.2602945, 25.2014168]]]}, "properties": {"height": 8, "night": "#844728"}}, {"type": "Feature", "geometry": {"type": "Polygon", "coordinates": [[[55.2689926, 25.2087641], [55.269012, 25.2087945], [55.2690858, 25.2087533], [55.2690998, 25.2087461], [55.2690874, 25.2087301], [55.2690812, 25.2087183], [55.2689926, 25.2087641]]]}, "properties": {"height": 8, "night": "#94502e"}}, {"type": "Feature", "geometry": {"type": "Polygon", "coordinates": [[[55.2662862, 25.2285621], [55.2663275, 25.2285459], [55.2663204, 25.2285312], [55.266385, 25.2285059], [55.2664657, 25.2286743], [55.2663599, 25.2287158], [55.2663363, 25.2286665], [55.2662862, 25.2285621]]]}, "properties": {"height": 8, "night": "#6f3a21"}}, {"type": "Feature", "geometry": {"type": "Polygon", "coordinates": [[[55.2801245, 25.205483], [55.2802972, 25.2054585], [55.2803078, 25.2055196], [55.2801351, 25.2055442], [55.2801245, 25.205483]]]}, "properties": {"height": 8, "night": "#784024"}}, {"type": "Feature", "geometry": {"type": "Polygon", "coordinates": [[[55.2816786, 25.2060156], [55.2816816, 25.2060545], [55.2817326, 25.2060512], [55.2817295, 25.2060124], [55.2816786, 25.2060156]]]}, "properties": {"height": 8, "night": "#753e23"}}, {"type": "Feature", "geometry": {"type": "Polygon", "coordinates": [[[55.2497459, 25.2052384], [55.2497721, 25.205273], [55.2498132, 25.2052476], [55.249787, 25.205213], [55.2497459, 25.2052384]]]}, "properties": {"height": 8, "night": "#774024"}}, {"type": "Feature", "geometry": {"type": "Polygon", "coordinates": [[[55.2511274, 25.2038675], [55.2511445, 25.2039164], [55.2512252, 25.2038933], [55.2512081, 25.2038444], [55.2511946, 25.2038482], [55.2511274, 25.2038675]]]}, "properties": {"height": 8, "night": "#794124"}}, {"type": "Feature", "geometry": {"type": "Polygon", "coordinates": [[[55.2637141, 25.2265447], [55.2638049, 25.2264882], [55.2637547, 25.2264221], [55.2636901, 25.2264623], [55.2636714, 25.2264739], [55.2636639, 25.2264786], [55.2636871, 25.2265092], [55.2637081, 25.2265368], [55.2637141, 25.2265447]]]}, "properties": {"height": 8, "night": "#743e23"}}, {"type": "Feature", "geometry": {"type": "Polygon", "coordinates": [[[55.2631647, 25.1981546], [55.2631992, 25.1981531], [55.2631972, 25.1981162], [55.2631627, 25.1981177], [55.2631647, 25.1981546]]]}, "properties": {"height": 8, "night": "#7d4326"}}, {"type": "Feature", "geometry": {"type": "Polygon", "coordinates": [[[55.2646951, 25.2257955], [55.2646562, 25.2257211], [55.2646501, 25.2257237], [55.2646326, 25.2256901], [55.2647377, 25.2256451], [55.2647419, 25.2256531], [55.2648251, 25.2256175], [55.2648064, 25.2255818], [55.2649408, 25.2255243], [55.2649696, 25.2255793], [55.2649303, 25.2255962], [55.2649517, 25.2256371], [55.2649282, 25.2256472], [55.2649838, 25.2257534], [55.2650161, 25.2257396], [55.2650005, 25.22571], [55.2650847, 25.2256739], [55.2651209, 25.225743], [55.2649035, 25.2258361], [55.264848, 25.22573], [55.2646951, 25.2257955]]]}, "properties": {"height": 8, "night": "#773f23"}}, {"type": "Feature", "geometry": {"type": "Polygon", "coordinates": [[[55.2481809, 25.2049406], [55.2481489, 25.2049624], [55.2481027, 25.204994], [55.2481283, 25.2050246], [55.2481441, 25.2050139], [55.2481516, 25.2050229], [55.248214, 25.2049803], [55.2481809, 25.2049406]]]}, "properties": {"height": 8, "night": "#743d22"}}, {"type": "Feature", "geometry": {"type": "Polygon", "coordinates": [[[55.2662614, 25.2266957], [55.2663178, 25.2266721], [55.2662196, 25.2264802], [55.2661632, 25.2265039], [55.2662614, 25.2266957]]]}, "properties": {"height": 8, "night": "#743e23"}}, {"type": "Feature", "geometry": {"type": "Polygon", "coordinates": [[[55.2495131, 25.2040491], [55.2495638, 25.2040179], [55.2495321, 25.2039756], [55.2494813, 25.2040069], [55.2495131, 25.2040491]]]}, "properties": {"height": 8, "night": "#763f23"}}, {"type": "Feature", "geometry": {"type": "Polygon", "coordinates": [[[55.2487515, 25.2046839], [55.2485811, 25.2047921], [55.2486441, 25.2048734], [55.2488145, 25.2047652], [55.2487515, 25.2046839]]]}, "properties": {"height": 8, "night": "#753e23"}}, {"type": "Feature", "geometry": {"type": "Polygon", "coordinates": [[[55.2493946, 25.2053713], [55.249475, 25.2054805], [55.2495474, 25.2054368], [55.249467, 25.2053276], [55.2493946, 25.2053713]]]}, "properties": {"height": 8, "night": "#773f24"}}, {"type": "Feature", "geometry": {"type": "Polygon", "coordinates": [[[55.2531621, 25.1953176], [55.253083, 25.1953651], [55.2531798, 25.195497], [55.2532421, 25.1954595], [55.2532096, 25.1954153], [55.2532781, 25.1953742], [55.2532138, 25.1952866], [55.2531621, 25.1953176]]]}, "properties": {"height": 8, "night": "#6d3a20"}}, {"type": "Feature", "geometry": {"type": "Polygon", "coordinates": [[[55.2536636, 25.1950756], [55.2537532, 25.1952036], [55.2537942, 25.1951801], [55.2537591, 25.1951299], [55.2537046, 25.1950521], [55.2536636, 25.1950756]]]}, "properties": {"height": 8, "night": "#6d3a20"}}, {"type": "Feature", "geometry": {"type": "Polygon", "coordinates": [[[55.2496903, 25.2034195], [55.2497097, 25.2034074], [55.2496376, 25.2033128], [55.2496182, 25.203325], [55.2496903, 25.2034195]]]}, "properties": {"height": 8, "night": "#753e23"}}, {"type": "Feature", "geometry": {"type": "Polygon", "coordinates": [[[55.2487147, 25.2041178], [55.2487491, 25.2040941], [55.2487189, 25.2040583], [55.2486845, 25.204082], [55.2487147, 25.2041178]]]}, "properties": {"height": 8, "night": "#743e23"}}, {"type": "Feature", "geometry": {"type": "Polygon", "coordinates": [[[55.2489158, 25.2033165], [55.248959, 25.203376], [55.2490139, 25.2033434], [55.2490635, 25.2033139], [55.2490203, 25.2032544], [55.2489158, 25.2033165]]]}, "properties": {"height": 8, "night": "#743d22"}}, {"type": "Feature", "geometry": {"type": "Polygon", "coordinates": [[[55.2491947, 25.2025586], [55.2492822, 25.2026829], [55.2494244, 25.202601], [55.2493369, 25.2024767], [55.2491947, 25.2025586]]]}, "properties": {"height": 8, "night": "#733d22"}}, {"type": "Feature", "geometry": {"type": "Polygon", "coordinates": [[[55.2489553, 25.2018014], [55.2489842, 25.2018402], [55.2490312, 25.2018117], [55.2490023, 25.2017728], [55.2489553, 25.2018014]]]}, "properties": {"height": 8, "night": "#723c22"}}, {"type": "Feature", "geometry": {"type": "Polygon", "coordinates": [[[55.248286, 25.2021254], [55.2483874, 25.2022608], [55.2485217, 25.2021784], [55.2485014, 25.2021514], [55.2484202, 25.202043], [55.248286, 25.2021254]]]}, "properties": {"height": 8, "night": "#713c21"}}, {"type": "Feature", "geometry": {"type": "Polygon", "coordinates": [[[55.2476747, 25.2031295], [55.2478074, 25.2030429], [55.2477726, 25.2029993], [55.2476399, 25.2030859], [55.2476747, 25.2031295]]]}, "properties": {"height": 8, "night": "#713c21"}}, {"type": "Feature", "geometry": {"type": "Polygon", "coordinates": [[[55.2496359, 25.2024712], [55.2497023, 25.2025689], [55.2497569, 25.2025385], [55.2496905, 25.2024409], [55.2496359, 25.2024712]]]}, "properties": {"height": 8, "night": "#743e23"}}, {"type": "Feature", "geometry": {"type": "Polygon", "coordinates": [[[55.2463087, 25.2070043], [55.2463265, 25.2069927], [55.2462866, 25.2069423], [55.2462688, 25.2069539], [55.2463087, 25.2070043]]]}, "properties": {"height": 8, "night": "#713c21"}}, {"type": "Feature", "geometry": {"type": "Polygon", "coordinates": [[[55.2471006, 25.2064907], [55.2472132, 25.2066399], [55.2472968, 25.2065883], [55.2471842, 25.206439], [55.2471006, 25.2064907]]]}, "properties": {"height": 8, "night": "#733d22"}}, {"type": "Feature", "geometry": {"type": "Polygon", "coordinates": [[[55.2470409, 25.2053367], [55.2471455, 25.2054726], [55.2471946, 25.2054417], [55.2471657, 25.2054043], [55.2470899, 25.2053058], [55.2470409, 25.2053367]]]}, "properties": {"height": 8, "night": "#723c22"}}, {"type": "Feature", "geometry": {"type": "Polygon", "coordinates": [[[55.2893481, 25.2197245], [55.289355, 25.2196946], [55.2893718, 25.2196681], [55.2893969, 25.2196475], [55.2894278, 25.219635], [55.2894614, 25.2196317], [55.2894945, 25.219638], [55.2895238, 25.2196532], [55.2895465, 25.2196759], [55.2895604, 25.2197038], [55.289564, 25.2197343], [55.289557, 25.2197642], [55.2895402, 25.2197907], [55.2895151, 25.2198113], [55.2894843, 25.2198238], [55.2894507, 25.2198271], [55.2894176, 25.2198208], [55.2893882, 25.2198056], [55.2893655, 25.2197829], [55.2893517, 25.219755], [55.2893481, 25.2197245]]]}, "properties": {"height": 8, "night": "#5f311b"}}, {"type": "Feature", "geometry": {"type": "Polygon", "coordinates": [[[55.2605405, 25.1971603], [55.2605722, 25.1971933], [55.2605895, 25.1971797], [55.2605578, 25.1971467], [55.2605405, 25.1971603]]]}, "properties": {"height": 8, "night": "#794125"}}, {"type": "Feature", "geometry": {"type": "Polygon", "coordinates": [[[55.2611722, 25.1966292], [55.2612269, 25.1966899], [55.2612419, 25.1966801], [55.2613381, 25.1966076], [55.2612835, 25.196547], [55.2612694, 25.1965574], [55.2611722, 25.1966292]]]}, "properties": {"height": 8, "night": "#794024"}}, {"type": "Feature", "geometry": {"type": "Polygon", "coordinates": [[[55.2892777, 25.1836484], [55.2893672, 25.1837607], [55.2894199, 25.1837263], [55.2893304, 25.183614], [55.2892777, 25.1836484]]]}, "properties": {"height": 8, "night": "#422011"}}, {"type": "Feature", "geometry": {"type": "Polygon", "coordinates": [[[55.2581459, 25.1947333], [55.2581678, 25.1947537], [55.2581921, 25.1947324], [55.2581702, 25.194712], [55.2581459, 25.1947333]]]}, "properties": {"height": 8, "night": "#713c22"}}, {"type": "Feature", "geometry": {"type": "Polygon", "coordinates": [[[55.2912021, 25.1878486], [55.2912699, 25.1879358], [55.2913024, 25.1879151], [55.2912346, 25.1878279], [55.2912021, 25.1878486]]]}, "properties": {"height": 8, "night": "#472312"}}, {"type": "Feature", "geometry": {"type": "Polygon", "coordinates": [[[55.2866951, 25.1847286], [55.2867659, 25.1848115], [55.2867996, 25.184788], [55.2867288, 25.184705], [55.2866951, 25.1847286]]]}, "properties": {"height": 8, "night": "#482413"}}, {"type": "Feature", "geometry": {"type": "Polygon", "coordinates": [[[55.255654, 25.1945862], [55.2557589, 25.1946981], [55.2559209, 25.1945738], [55.2558161, 25.1944619], [55.255654, 25.1945862]]]}, "properties": {"height": 8, "night": "#6f3a21"}}, {"type": "Feature", "geometry": {"type": "Polygon", "coordinates": [[[55.2464239, 25.2086098], [55.2464865, 25.208691], [55.2466448, 25.2085912], [55.2465822, 25.2085099], [55.2464239, 25.2086098]]]}, "properties": {"height": 8, "night": "#723c22"}}, {"type": "Feature", "geometry": {"type": "Polygon", "coordinates": [[[55.2463613, 25.2062872], [55.2464488, 25.2064005], [55.2465098, 25.2063619], [55.2464794, 25.2063226], [55.246527, 25.2062848], [55.2465079, 25.2062614], [55.2464742, 25.2062159], [55.2463613, 25.2062872]]]}, "properties": {"height": 8, "night": "#713c21"}}, {"type": "Feature", "geometry": {"type": "Polygon", "coordinates": [[[55.2471225, 25.2092838], [55.2472085, 25.2093923], [55.2472482, 25.2093666], [55.2471623, 25.2092581], [55.2471225, 25.2092838]]]}, "properties": {"height": 8, "night": "#743d22"}}, {"type": "Feature", "geometry": {"type": "Polygon", "coordinates": [[[55.2733972, 25.2143652], [55.2734858, 25.2144922], [55.2735739, 25.2144419], [55.2734853, 25.2143149], [55.2733972, 25.2143652]]]}, "properties": {"height": 8, "night": "#88492a"}}, {"type": "Feature", "geometry": {"type": "Polygon", "coordinates": [[[55.2646643, 25.2214512], [55.2647319, 25.2215388], [55.2647629, 25.2215192], [55.2647521, 25.2215051], [55.2647711, 25.2214931], [55.2647143, 25.2214195], [55.2646643, 25.2214512]]]}, "properties": {"height": 8, "night": "#824628"}}, {"type": "Feature", "geometry": {"type": "Polygon", "coordinates": [[[55.2683095, 25.2235039], [55.2683631, 25.223483], [55.268408, 25.2235774], [55.2683545, 25.2235983], [55.2683095, 25.2235039]]]}, "properties": {"height": 8, "night": "#7b4225"}}, {"type": "Feature", "geometry": {"type": "Polygon", "coordinates": [[[55.2673822, 25.2232217], [55.2673422, 25.2232495], [55.2673716, 25.223284], [55.2674572, 25.2232244], [55.2674092, 25.223168], [55.2673635, 25.2231998], [55.2673822, 25.2232217]]]}, "properties": {"height": 8, "night": "#7d4326"}}, {"type": "Feature", "geometry": {"type": "Polygon", "coordinates": [[[55.2671032, 25.2212793], [55.2671693, 25.2213705], [55.2672122, 25.221345], [55.2671461, 25.2212538], [55.2671032, 25.2212793]]]}, "properties": {"height": 8, "night": "#824628"}}, {"type": "Feature", "geometry": {"type": "Polygon", "coordinates": [[[55.263623, 25.2235026], [55.2636699, 25.2234759], [55.2636381, 25.2234302], [55.2635912, 25.2234568], [55.263623, 25.2235026]]]}, "properties": {"height": 8, "night": "#7c4326"}}, {"type": "Feature", "geometry": {"type": "Polygon", "coordinates": [[[55.262927, 25.2235154], [55.2629779, 25.2235924], [55.263019, 25.2235702], [55.262968, 25.2234931], [55.262927, 25.2235154]]]}, "properties": {"height": 8, "night": "#7c4225"}}, {"type": "Feature", "geometry": {"type": "Polygon", "coordinates": [[[55.2636002, 25.2221899], [55.2636392, 25.2221705], [55.263615, 25.2221304], [55.2635759, 25.2221498], [55.2636002, 25.2221899]]]}, "properties": {"height": 8, "night": "#804527"}}, {"type": "Feature", "geometry": {"type": "Polygon", "coordinates": [[[55.2645148, 25.2228142], [55.2645528, 25.2227946], [55.2645414, 25.2227765], [55.2645034, 25.2227961], [55.2645148, 25.2228142]]]}, "properties": {"height": 8, "night": "#7e4426"}}, {"type": "Feature", "geometry": {"type": "Polygon", "coordinates": [[[55.2677546, 25.2206224], [55.2677897, 25.2206006], [55.2677621, 25.2205642], [55.2677895, 25.2205472], [55.2677709, 25.2205227], [55.2677085, 25.2205613], [55.2677546, 25.2206224]]]}, "properties": {"height": 8, "night": "#834728"}}, {"type": "Feature", "geometry": {"type": "Polygon", "coordinates": [[[55.2682625, 25.2222932], [55.2683113, 25.2223573], [55.2683756, 25.2223172], [55.2683268, 25.2222531], [55.2682625, 25.2222932]]]}, "properties": {"height": 8, "night": "#7f4426"}}, {"type": "Feature", "geometry": {"type": "Polygon", "coordinates": [[[55.2853046, 25.223391], [55.2853328, 25.2234371], [55.2853759, 25.2234156], [55.2853477, 25.2233695], [55.2853046, 25.223391]]]}, "properties": {"height": 8, "night": "#63341c"}}, {"type": "Feature", "geometry": {"type": "Polygon", "coordinates": [[[55.2890068, 25.2249178], [55.2889796, 25.2249429], [55.2890198, 25.2249787], [55.289047, 25.2249536], [55.2890068, 25.2249178]]]}, "properties": {"height": 8, "night": "#592e19"}}, {"type": "Feature", "geometry": {"type": "Polygon", "coordinates": [[[55.2538256, 25.1988787], [55.2539403, 25.1988126], [55.2539737, 25.1988602], [55.2538591, 25.1989262], [55.2538256, 25.1988787]]]}, "properties": {"height": 8, "night": "#763f23"}}, {"type": "Feature", "geometry": {"type": "Polygon", "coordinates": [[[55.2537595, 25.1982663], [55.2537993, 25.19824], [55.2537705, 25.1982042], [55.2537307, 25.1982305], [55.2537595, 25.1982663]]]}, "properties": {"height": 8, "night": "#743e23"}}, {"type": "Feature", "geometry": {"type": "Polygon", "coordinates": [[[55.2487614, 25.2087446], [55.2488302, 25.2087135], [55.2487863, 25.2086341], [55.2487175, 25.2086652], [55.2487614, 25.2087446]]]}, "properties": {"height": 8, "night": "#774024"}}, {"type": "Feature", "geometry": {"type": "Polygon", "coordinates": [[[55.2534282, 25.1963243], [55.2534039, 25.1962922], [55.2533983, 25.1962848], [55.2534716, 25.1962394], [55.2535014, 25.1962788], [55.2534282, 25.1963243]]]}, "properties": {"height": 8, "night": "#703b21"}}, {"type": "Feature", "geometry": {"type": "Polygon", "coordinates": [[[55.2469175, 25.2020071], [55.2470324, 25.2019369], [55.2470853, 25.2020079], [55.2469704, 25.2020781], [55.2469175, 25.2020071]]]}, "properties": {"height": 8, "night": "#6e3a20"}}, {"type": "Feature", "geometry": {"type": "Polygon", "coordinates": [[[55.2476408, 25.199278], [55.2477978, 25.1991852], [55.2477168, 25.1990729], [55.2476797, 25.1990949], [55.2476646, 25.199074], [55.2476354, 25.1990913], [55.247656, 25.1991199], [55.2476265, 25.1991373], [55.2476085, 25.1991124], [55.2475791, 25.1991298], [55.2475962, 25.1991535], [55.2475645, 25.1991722], [55.2476408, 25.199278]]]}, "properties": {"height": 8, "night": "#6b381f"}}, {"type": "Feature", "geometry": {"type": "Polygon", "coordinates": [[[55.2482811, 25.2004609], [55.2483306, 25.2004282], [55.2483485, 25.2004504], [55.248299, 25.2004831], [55.2482811, 25.2004609]]]}, "properties": {"height": 8, "night": "#6e3a21"}}, {"type": "Feature", "geometry": {"type": "Polygon", "coordinates": [[[55.2480093, 25.1991598], [55.2479818, 25.1991232], [55.2480104, 25.1991056], [55.2480379, 25.1991422], [55.2480093, 25.1991598]]]}, "properties": {"height": 8, "night": "#6c3920"}}, {"type": "Feature", "geometry": {"type": "Polygon", "coordinates": [[[55.2492792, 25.1979306], [55.2492492, 25.1978877], [55.249295, 25.1978614], [55.249325, 25.1979043], [55.2492792, 25.1979306]]]}, "properties": {"height": 8, "night": "#6c3920"}}, {"type": "Feature", "geometry": {"type": "Polygon", "coordinates": [[[55.2684215, 25.2072739], [55.26845, 25.2073158], [55.2684915, 25.2072927], [55.268463, 25.2072508], [55.2684215, 25.2072739]]]}, "properties": {"height": 3, "night": "#7f391c"}}, {"type": "Feature", "geometry": {"type": "Polygon", "coordinates": [[[55.2539945, 25.1994406], [55.2539919, 25.1995195], [55.25401, 25.1996081], [55.2539738, 25.199636], [55.254012, 25.1996857], [55.2540609, 25.1996578], [55.2541816, 25.1997179], [55.2542393, 25.1996366], [55.2541434, 25.1995886], [55.2541079, 25.1995359], [55.2541032, 25.199443], [55.2539945, 25.1994406]]]}, "properties": {"height": 8, "night": "#774024"}}, {"type": "Feature", "geometry": {"type": "Polygon", "coordinates": [[[55.2500914, 25.1989491], [55.250133, 25.198926], [55.250151, 25.1989524], [55.2501093, 25.1989756], [55.2500914, 25.1989491]]]}, "properties": {"height": 8, "night": "#6f3b21"}}, {"type": "Feature", "geometry": {"type": "Polygon", "coordinates": [[[55.2543517, 25.1991896], [55.2544114, 25.1992685], [55.2544386, 25.1992517], [55.2544137, 25.1992187], [55.2543789, 25.1991728], [55.2543517, 25.1991896]]]}, "properties": {"height": 8, "night": "#774024"}}, {"type": "Feature", "geometry": {"type": "Polygon", "coordinates": [[[55.2554111, 25.1988478], [55.2554439, 25.1988918], [55.2555502, 25.1988269], [55.2555174, 25.1987829], [55.2554111, 25.1988478]]]}, "properties": {"height": 8, "night": "#784024"}}, {"type": "Feature", "geometry": {"type": "Polygon", "coordinates": [[[55.287394, 25.2271304], [55.2874947, 25.2272111], [55.2875327, 25.2271723], [55.2874743, 25.2271255], [55.287669, 25.2269266], [55.2876268, 25.2268927], [55.287394, 25.2271304]]]}, "properties": {"height": 8, "night": "#592e19"}}, {"type": "Feature", "geometry": {"type": "Polygon", "coordinates": [[[55.2810399, 25.1868429], [55.2810654, 25.1868301], [55.2810454, 25.1867974], [55.2810199, 25.1868102], [55.2810399, 25.1868429]]]}, "properties": {"height": 8, "night": "#542b17"}}, {"type": "Feature", "geometry": {"type": "Polygon", "coordinates": [[[55.2874088, 25.1872786], [55.287434, 25.1872828], [55.2874447, 25.18723], [55.2874196, 25.1872258], [55.2874088, 25.1872786]]]}, "properties": {"height": 8, "night": "#4c2614"}}, {"type": "Feature", "geometry": {"type": "Polygon", "coordinates": [[[55.2523081, 25.1962115], [55.252347, 25.1962652], [55.2524112, 25.1962284], [55.2524164, 25.1962254], [55.2524076, 25.1962129], [55.2523894, 25.1961879], [55.2523846, 25.1961812], [55.252377, 25.1961706], [55.2523081, 25.1962115]]]}, "properties": {"height": 8, "night": "#6e3a20"}}, {"type": "Feature", "geometry": {"type": "Polygon", "coordinates": [[[55.2512699, 25.1968457], [55.251313, 25.1968234], [55.2512005, 25.1966449], [55.2511574, 25.1966672], [55.2512699, 25.1968457]]]}, "properties": {"height": 8, "night": "#6d3a20"}}, {"type": "Feature", "geometry": {"type": "Polygon", "coordinates": [[[55.2506995, 25.1985108], [55.2508062, 25.1984481], [55.2508407, 25.1984962], [55.2507944, 25.1985234], [55.2507794, 25.1985025], [55.250719, 25.198538], [55.2506995, 25.1985108]]]}, "properties": {"height": 8, "night": "#703b21"}}, {"type": "Feature", "geometry": {"type": "Polygon", "coordinates": [[[55.2511499, 25.199328], [55.251123, 25.1992908], [55.2512659, 25.1992062], [55.2512928, 25.1992434], [55.2511499, 25.199328]]]}, "properties": {"height": 8, "night": "#723c22"}}, {"type": "Feature", "geometry": {"type": "Polygon", "coordinates": [[[55.2508857, 25.1990158], [55.2508548, 25.1989693], [55.2508489, 25.1989604], [55.2508302, 25.1989322], [55.2508013, 25.1988886], [55.2508337, 25.198871], [55.2509342, 25.1988164], [55.2510186, 25.1989436], [55.2509729, 25.1989684], [55.2509555, 25.1989779], [55.2508857, 25.1990158]]]}, "properties": {"height": 8, "night": "#713c21"}}, {"type": "Feature", "geometry": {"type": "Polygon", "coordinates": [[[55.2520443, 25.2003293], [55.2520209, 25.2002966], [55.2520572, 25.2002753], [55.2520806, 25.200308], [55.2520443, 25.2003293]]]}, "properties": {"height": 8, "night": "#753e23"}}, {"type": "Feature", "geometry": {"type": "Polygon", "coordinates": [[[55.2561975, 25.1977815], [55.2562239, 25.1977655], [55.256191, 25.197721], [55.2561646, 25.197737], [55.2561975, 25.1977815]]]}, "properties": {"height": 8, "night": "#773f23"}}, {"type": "Feature", "geometry": {"type": "Polygon", "coordinates": [[[55.2506949, 25.2012358], [55.2507287, 25.2012855], [55.250761, 25.2012676], [55.2507271, 25.2012179], [55.2506949, 25.2012358]]]}, "properties": {"height": 8, "night": "#743e23"}}, {"type": "Feature", "geometry": {"type": "Polygon", "coordinates": [[[55.2548555, 25.1969354], [55.2549119, 25.1970082], [55.2549587, 25.1969785], [55.2549024, 25.1969057], [55.2548555, 25.1969354]]]}, "properties": {"height": 8, "night": "#733d22"}}, {"type": "Feature", "geometry": {"type": "Polygon", "coordinates": [[[55.2535617, 25.196691], [55.2535257, 25.1967108], [55.2535577, 25.1967583], [55.2535936, 25.1967385], [55.2535617, 25.196691]]]}, "properties": {"height": 8, "night": "#713c21"}}, {"type": "Feature", "geometry": {"type": "Polygon", "coordinates": [[[55.2500153, 25.2009726], [55.249997, 25.2009488], [55.2500546, 25.2009126], [55.2500728, 25.2009363], [55.2500153, 25.2009726]]]}, "properties": {"height": 8, "night": "#733d22"}}, {"type": "Feature", "geometry": {"type": "Polygon", "coordinates": [[[55.250937, 25.2005691], [55.2509507, 25.2005612], [55.2509611, 25.2005552], [55.250936, 25.2005195], [55.250969, 25.2005004], [55.2509366, 25.2004545], [55.2508794, 25.2004876], [55.250937, 25.2005691]]]}, "properties": {"height": 8, "night": "#743d22"}}, {"type": "Feature", "geometry": {"type": "Polygon", "coordinates": [[[55.2506519, 25.2002152], [55.250566, 25.2000957], [55.250618, 25.2000651], [55.2507038, 25.2001846], [55.2506519, 25.2002152]]]}, "properties": {"height": 8, "night": "#723d22"}}, {"type": "Feature", "geometry": {"type": "Polygon", "coordinates": [[[55.2678626, 25.2077569], [55.2680805, 25.2080863], [55.2683575, 25.2079344], [55.2681409, 25.2076086], [55.2678626, 25.2077569]]]}, "properties": {"height": 132, "night": "#ecd1ab"}}, {"type": "Feature", "geometry": {"type": "Polygon", "coordinates": [[[55.2518759, 25.2010824], [55.2519331, 25.2010519], [55.2519175, 25.2010281], [55.2518604, 25.2010586], [55.2518759, 25.2010824]]]}, "properties": {"height": 8, "night": "#763f23"}}, {"type": "Feature", "geometry": {"type": "Polygon", "coordinates": [[[55.2792506, 25.211588], [55.2791058, 25.2113469], [55.2788678, 25.2109169], [55.2787576, 25.2107552], [55.2785551, 25.2104625], [55.2787137, 25.2103831], [55.2791012, 25.210965], [55.2792036, 25.2111455], [55.2794185, 25.2115106], [55.2792506, 25.211588]]]}, "properties": {"height": 8, "night": "#7d4326"}}, {"type": "Feature", "geometry": {"type": "Polygon", "coordinates": [[[55.2527863, 25.2014429], [55.2528147, 25.2014271], [55.252884, 25.2015287], [55.2528327, 25.2015573], [55.2528083, 25.2015215], [55.2528312, 25.2015088], [55.2527863, 25.2014429]]]}, "properties": {"height": 8, "night": "#794024"}}, {"type": "Feature", "geometry": {"type": "Polygon", "coordinates": [[[55.248843, 25.2004687], [55.2488092, 25.2004178], [55.248887, 25.2003756], [55.2489208, 25.2004265], [55.248843, 25.2004687]]]}, "properties": {"height": 8, "night": "#6f3b21"}}, {"type": "Feature", "geometry": {"type": "Polygon", "coordinates": [[[55.2505467, 25.1971634], [55.2505608, 25.1971816], [55.2504693, 25.1972398], [55.2504552, 25.1972215], [55.2504765, 25.197208], [55.2505467, 25.1971634]]]}, "properties": {"height": 8, "night": "#6d3920"}}, {"type": "Feature", "geometry": {"type": "Polygon", "coordinates": [[[55.2511832, 25.1980575], [55.2511474, 25.1980074], [55.2510428, 25.1980686], [55.2510786, 25.1981186], [55.2511832, 25.1980575]]]}, "properties": {"height": 8, "night": "#703b21"}}, {"type": "Feature", "geometry": {"type": "Polygon", "coordinates": [[[55.2511179, 25.1988135], [55.2510979, 25.1987833], [55.2511467, 25.1987568], [55.2511667, 25.198787], [55.2511179, 25.1988135]]]}, "properties": {"height": 8, "night": "#713c21"}}, {"type": "Feature", "geometry": {"type": "Polygon", "coordinates": [[[55.2554013, 25.2004996], [55.255311, 25.2003734], [55.2553597, 25.2003448], [55.2553736, 25.2003641], [55.2554588, 25.2003142], [55.2555221, 25.2004026], [55.2554831, 25.2004254], [55.2554963, 25.2004439], [55.2554013, 25.2004996]]]}, "properties": {"height": 8, "night": "#7b4225"}}, {"type": "Feature", "geometry": {"type": "Polygon", "coordinates": [[[55.2471793, 25.1988281], [55.2471388, 25.1987701], [55.2472044, 25.1987326], [55.2472449, 25.1987906], [55.2471793, 25.1988281]]]}, "properties": {"height": 8, "night": "#6a371f"}}, {"type": "Feature", "geometry": {"type": "Polygon", "coordinates": [[[55.2460106, 25.1984157], [55.2459562, 25.1983284], [55.2460629, 25.1982739], [55.2461173, 25.1983612], [55.2460106, 25.1984157]]]}, "properties": {"height": 8, "night": "#67361e"}}, {"type": "Feature", "geometry": {"type": "Polygon", "coordinates": [[[55.2487548, 25.1970123], [55.2489851, 25.1968774], [55.2490888, 25.1970229], [55.2489835, 25.1970331], [55.2489164, 25.1970719], [55.2488505, 25.1971553], [55.2487548, 25.1970123]]]}, "properties": {"height": 8, "night": "#6a381f"}}, {"type": "Feature", "geometry": {"type": "Polygon", "coordinates": [[[55.2499222, 25.1964643], [55.2497956, 25.1962823], [55.2498482, 25.1962523], [55.2498027, 25.1961869], [55.2499168, 25.1961219], [55.2499604, 25.1961846], [55.250008, 25.1961575], [55.2501365, 25.1963422], [55.2499222, 25.1964643]]]}, "properties": {"height": 8, "night": "#6a381f"}}, {"type": "Feature", "geometry": {"type": "Polygon", "coordinates": [[[55.2490103, 25.1958305], [55.248954, 25.1957479], [55.2490157, 25.1957152], [55.2490707, 25.1957953], [55.2490103, 25.1958305]]]}, "properties": {"height": 8, "night": "#68361e"}}, {"type": "Feature", "geometry": {"type": "Polygon", "coordinates": [[[55.2551197, 25.1957953], [55.2551546, 25.1958393], [55.2552183, 25.1957981], [55.2551834, 25.195754], [55.2551197, 25.1957953]]]}, "properties": {"height": 8, "night": "#713c21"}}, {"type": "Feature", "geometry": {"type": "Polygon", "coordinates": [[[55.2540064, 25.1958809], [55.2540177, 25.1958976], [55.2541319, 25.1958341], [55.2541206, 25.1958175], [55.2540064, 25.1958809]]]}, "properties": {"height": 8, "night": "#703b21"}}, {"type": "Feature", "geometry": {"type": "Polygon", "coordinates": [[[55.2487004, 25.1965201], [55.248728, 25.1965554], [55.2487731, 25.1965264], [55.2487455, 25.1964912], [55.2487004, 25.1965201]]]}, "properties": {"height": 8, "night": "#69371e"}}, {"type": "Feature", "geometry": {"type": "Polygon", "coordinates": [[[55.2502274, 25.1953076], [55.2501945, 25.1953259], [55.2502293, 25.1953773], [55.250201, 25.1953929], [55.2502454, 25.1954585], [55.2502758, 25.1954416], [55.2502954, 25.1954706], [55.2503261, 25.1954536], [55.2502274, 25.1953076]]]}, "properties": {"height": 8, "night": "#69371f"}}, {"type": "Feature", "geometry": {"type": "Polygon", "coordinates": [[[55.2506715, 25.1957682], [55.2506951, 25.1957975], [55.2507139, 25.1957852], [55.2506903, 25.1957558], [55.2506715, 25.1957682]]]}, "properties": {"height": 8, "night": "#6a381f"}}, {"type": "Feature", "geometry": {"type": "Polygon", "coordinates": [[[55.2533173, 25.1935739], [55.2533478, 25.1936119], [55.2533893, 25.1935846], [55.2533589, 25.1935466], [55.2533173, 25.1935739]]]}, "properties": {"height": 8, "night": "#69371f"}}, {"type": "Feature", "geometry": {"type": "Polygon", "coordinates": [[[55.2537337, 25.1976489], [55.2537657, 25.1976917], [55.2538629, 25.1976322], [55.2538309, 25.1975894], [55.2537337, 25.1976489]]]}, "properties": {"height": 8, "night": "#733d22"}}, {"type": "Feature", "geometry": {"type": "Polygon", "coordinates": [[[55.2562514, 25.2008121], [55.2563524, 25.2007496], [55.2562685, 25.2006385], [55.2561025, 25.2007412], [55.2561504, 25.2008047], [55.2562154, 25.2007645], [55.2562514, 25.2008121]]]}, "properties": {"height": 8, "night": "#7d4326"}}, {"type": "Feature", "geometry": {"type": "Polygon", "coordinates": [[[55.2560645, 25.2011213], [55.2560911, 25.2011566], [55.2561729, 25.2011063], [55.2561463, 25.2010709], [55.2560645, 25.2011213]]]}, "properties": {"height": 8, "night": "#7e4326"}}, {"type": "Feature", "geometry": {"type": "Polygon", "coordinates": [[[55.2515774, 25.1944265], [55.2516641, 25.1945529], [55.251764, 25.1944969], [55.2517239, 25.1944383], [55.2516711, 25.1944679], [55.2516577, 25.1944485], [55.2517145, 25.1944166], [55.2516813, 25.1943682], [55.2515774, 25.1944265]]]}, "properties": {"height": 8, "night": "#69371f"}}, {"type": "Feature", "geometry": {"type": "Polygon", "coordinates": [[[55.2483614, 25.1932184], [55.2483878, 25.1932555], [55.2484796, 25.193202], [55.2484533, 25.1931649], [55.2483614, 25.1932184]]]}, "properties": {"height": 8, "night": "#62331c"}}, {"type": "Feature", "geometry": {"type": "Polygon", "coordinates": [[[55.2513001, 25.1938271], [55.2514165, 25.1937601], [55.2514027, 25.1937404], [55.2512862, 25.1938075], [55.2513001, 25.1938271]]]}, "properties": {"height": 8, "night": "#67361e"}}, {"type": "Feature", "geometry": {"type": "Polygon", "coordinates": [[[55.2522295, 25.1967896], [55.2522726, 25.1968474], [55.2523018, 25.1968296], [55.2522587, 25.1967718], [55.2522396, 25.1967835], [55.2522295, 25.1967896]]]}, "properties": {"height": 8, "night": "#6f3b21"}}, {"type": "Feature", "geometry": {"type": "Polygon", "coordinates": [[[55.2514465, 25.1944781], [55.251471, 25.1945115], [55.2515711, 25.1944514], [55.2515466, 25.194418], [55.2515001, 25.1944459], [55.2514465, 25.1944781]]]}, "properties": {"height": 8, "night": "#69371f"}}, {"type": "Feature", "geometry": {"type": "Polygon", "coordinates": [[[55.2690408, 25.2241408], [55.2689397, 25.2241819], [55.2689849, 25.2242729], [55.269086, 25.2242317], [55.2690408, 25.2241408]]]}, "properties": {"height": 8, "night": "#794124"}}, {"type": "Feature", "geometry": {"type": "Polygon", "coordinates": [[[55.2487925, 25.1924243], [55.2488117, 25.1924524], [55.2488847, 25.1924113], [55.2488655, 25.1923833], [55.2487925, 25.1924243]]]}, "properties": {"height": 8, "night": "#61321c"}}, {"type": "Feature", "geometry": {"type": "Polygon", "coordinates": [[[55.2484815, 25.1895821], [55.2485133, 25.1896258], [55.2485511, 25.1896032], [55.2485194, 25.1895596], [55.2484815, 25.1895821]]]}, "properties": {"height": 8, "night": "#5a2e19"}}, {"type": "Feature", "geometry": {"type": "Polygon", "coordinates": [[[55.2754797, 25.1810102], [55.2756253, 25.1809688], [55.2755582, 25.1807758], [55.2754126, 25.1808172], [55.2754797, 25.1810102]]]}, "properties": {"height": 8, "night": "#4b2614"}}, {"type": "Feature", "geometry": {"type": "Polygon", "coordinates": [[[55.2497089, 25.1939569], [55.2497767, 25.1940484], [55.2498082, 25.1940293], [55.2497404, 25.1939378], [55.2497089, 25.1939569]]]}, "properties": {"height": 8, "night": "#65351d"}}, {"type": "Feature", "geometry": {"type": "Polygon", "coordinates": [[[55.250289, 25.1949408], [55.250333, 25.1950078], [55.2503712, 25.1949872], [55.25041, 25.1950464], [55.2504274, 25.195037], [55.2503884, 25.1949775], [55.2504308, 25.1949547], [55.2503871, 25.1948881], [55.250289, 25.1949408]]]}, "properties": {"height": 8, "night": "#68371e"}}, {"type": "Feature", "geometry": {"type": "Polygon", "coordinates": [[[55.2466134, 25.1797836], [55.2466614, 25.1798352], [55.246676, 25.1798242], [55.246694, 25.1798436], [55.2466789, 25.179855], [55.2467285, 25.1799084], [55.2467669, 25.1798792], [55.2468423, 25.1798218], [55.2467267, 25.1796974], [55.2466528, 25.1797536], [55.2466134, 25.1797836]]]}, "properties": {"height": 8, "night": "#412010"}}, {"type": "Feature", "geometry": {"type": "Polygon", "coordinates": [[[55.2473336, 25.180803], [55.2473976, 25.1808769], [55.247446, 25.1808447], [55.2473835, 25.1807695], [55.2473336, 25.180803]]]}, "properties": {"height": 8, "night": "#452212"}}, {"type": "Feature", "geometry": {"type": "Polygon", "coordinates": [[[55.2682561, 25.2114118], [55.2682844, 25.2113939], [55.268407, 25.2113162], [55.2683787, 25.2112797], [55.2682278, 25.2113753], [55.2682561, 25.2114118]]]}, "properties": {"height": 8, "night": "#97522f"}}, {"type": "Feature", "geometry": {"type": "Polygon", "coordinates": [[[55.2707711, 25.2117482], [55.2709237, 25.2119534], [55.2709572, 25.211933], [55.2708272, 25.2117582], [55.2708046, 25.2117278], [55.2707711, 25.2117482]]]}, "properties": {"height": 8, "night": "#904e2d"}}, {"type": "Feature", "geometry": {"type": "Polygon", "coordinates": [[[55.2527055, 25.1927599], [55.2527321, 25.1927982], [55.2527729, 25.1927749], [55.2527583, 25.1927539], [55.2527729, 25.1927456], [55.2527609, 25.1927284], [55.2527055, 25.1927599]]]}, "properties": {"height": 8, "night": "#67361e"}}]}