{"type": "FeatureCollection", "features": [{"type": "Feature", "geometry": {"type": "Polygon", "coordinates": [[[78.4566491, 17.4365555], [78.4565678, 17.4363559], [78.4564866, 17.4361564], [78.4574908, 17.435784], [78.4576534, 17.436234], [78.4572915, 17.4363581], [78.4572712, 17.4363115], [78.4566491, 17.4365555]]]}, "properties": {"height": 8, "night": "#5f311b"}}, {"type": "Feature", "geometry": {"type": "Polygon", "coordinates": [[[78.4618611, 17.4240975], [78.4617753, 17.4235959], [78.4624684, 17.423293], [78.4626068, 17.4232325], [78.4624887, 17.4238467], [78.4618611, 17.4240975]]]}, "properties": {"height": 8, "night": "#592e19"}}, {"type": "Feature", "geometry": {"type": "Polygon", "coordinates": [[[78.4506098, 17.4175549], [78.4506185, 17.4179248], [78.4502792, 17.4181213], [78.4501755, 17.4187501], [78.4500978, 17.419093], [78.4506798, 17.4192184], [78.4508891, 17.4187126], [78.4511306, 17.4182274], [78.4511504, 17.417884], [78.4511502, 17.4175498], [78.4506098, 17.4175549]]]}, "properties": {"height": 8, "night": "#412010"}}, {"type": "Feature", "geometry": {"type": "Polygon", "coordinates": [[[78.4534962, 17.4362093], [78.4534746, 17.4362124], [78.4534589, 17.4361128], [78.4535571, 17.4360987], [78.4535618, 17.4361285], [78.4537569, 17.4361004], [78.4537494, 17.436052], [78.4538429, 17.4360364], [78.4538811, 17.4362109], [78.4538671, 17.4362157], [78.4538718, 17.4362454], [78.4536703, 17.4362746], [78.4537245, 17.4365283], [78.4538872, 17.4365025], [78.4539498, 17.4368472], [78.4536388, 17.4369025], [78.4536098, 17.4367582], [78.4534962, 17.4362093]]]}, "properties": {"height": 8, "night": "#592e19"}}, {"type": "Feature", "geometry": {"type": "Polygon", "coordinates": [[[78.4958868, 17.4233924], [78.4960935, 17.4233057], [78.4961783, 17.4234896], [78.4959716, 17.4235763], [78.4958868, 17.4233924]]]}, "properties": {"height": 8, "night": "#6b391f"}}, {"type": "Feature", "geometry": {"type": "Polygon", "coordinates": [[[78.4894439, 17.4402259], [78.4894044, 17.4402266], [78.4894044, 17.4401965], [78.4894424, 17.4401928], [78.4894439, 17.4402259]]]}, "properties": {"height": 8, "night": "#8f4e2c"}}, {"type": "Feature", "geometry": {"type": "Polygon", "coordinates": [[[78.4922009, 17.4160237], [78.4923194, 17.4160081], [78.4922917, 17.4158172], [78.4921732, 17.4158328], [78.4922009, 17.4160237]]]}, "properties": {"height": 8, "night": "#5e311b"}}, {"type": "Feature", "geometry": {"type": "Polygon", "coordinates": [[[78.4945923, 17.4403528], [78.4947854, 17.4403272], [78.494721, 17.4400406], [78.494544, 17.4400508], [78.4945923, 17.4403528]]]}, "properties": {"height": 8, "night": "#8b4b2b"}}, {"type": "Feature", "geometry": {"type": "Polygon", "coordinates": [[[78.491954, 17.415445], [78.4920656, 17.4154311], [78.4920373, 17.4152233], [78.4919258, 17.4152372], [78.491954, 17.415445]]]}, "properties": {"height": 8, "night": "#5d301a"}}, {"type": "Feature", "geometry": {"type": "Polygon", "coordinates": [[[78.4871142, 17.4297569], [78.4872362, 17.4297701], [78.4872472, 17.4295609], [78.4871229, 17.4295907], [78.4871142, 17.4297569]]]}, "properties": {"height": 8, "night": "#7a4125"}}, {"type": "Feature", "geometry": {"type": "Polygon", "coordinates": [[[78.4902174, 17.4134385], [78.4903218, 17.4134169], [78.4902984, 17.4133139], [78.490194, 17.4133355], [78.4902174, 17.4134385]]]}, "properties": {"height": 8, "night": "#592e19"}}, {"type": "Feature", "geometry": {"type": "Polygon", "coordinates": [[[78.4923576, 17.4137745], [78.4925534, 17.4137787], [78.4925575, 17.4136019], [78.4923618, 17.4135977], [78.4923576, 17.4137745]]]}, "properties": {"height": 8, "night": "#5a2e19"}}, {"type": "Feature", "geometry": {"type": "Polygon", "coordinates": [[[78.48316, 17.4411113], [78.483131, 17.440875], [78.4833855, 17.4408465], [78.4834146, 17.4410828], [78.48316, 17.4411113]]]}, "properties": {"height": 8, "night": "#8e4d2c"}}, {"type": "Feature", "geometry": {"type": "Polygon", "coordinates": [[[78.4826153, 17.4422195], [78.4830253, 17.4421778], [78.4830077, 17.4420209], [78.4825978, 17.4420626], [78.4826153, 17.4422195]]]}, "properties": {"height": 8, "night": "#8f4e2c"}}, {"type": "Feature", "geometry": {"type": "Polygon", "coordinates": [[[78.4699253, 17.4436913], [78.4699134, 17.4435939], [78.4700264, 17.44358], [78.4700373, 17.4436774], [78.4699253, 17.4436913]]]}, "properties": {"height": 8, "night": "#7b4225"}}, {"type": "Feature", "geometry": {"type": "Polygon", "coordinates": [[[78.4690695, 17.4440833], [78.4690508, 17.443844], [78.4692403, 17.4438247], [78.4692691, 17.4440663], [78.4690695, 17.4440833]]]}, "properties": {"height": 8, "night": "#7a4125"}}, {"type": "Feature", "geometry": {"type": "Polygon", "coordinates": [[[78.459911, 17.4243227], [78.4598721, 17.4240732], [78.4600505, 17.4240463], [78.4600961, 17.4242907], [78.459911, 17.4243227]]]}, "properties": {"height": 8, "night": "#572c18"}}, {"type": "Feature", "geometry": {"type": "Polygon", "coordinates": [[[78.4879878, 17.4237115], [78.4878676, 17.4238193], [78.4878166, 17.4237692], [78.4874537, 17.4234122], [78.4876195, 17.4233294], [78.4876651, 17.4233812], [78.487817, 17.4232473], [78.4879291, 17.423364], [78.4877927, 17.4234962], [78.4879878, 17.4237115]]]}, "properties": {"height": 8, "night": "#6e3a20"}}, {"type": "Feature", "geometry": {"type": "Polygon", "coordinates": [[[78.4900188, 17.4202328], [78.4900074, 17.4200256], [78.4901552, 17.4200182], [78.4901666, 17.4202254], [78.4900188, 17.4202328]]]}, "properties": {"height": 8, "night": "#67361e"}}, {"type": "Feature", "geometry": {"type": "Polygon", "coordinates": [[[78.4509886, 17.4279177], [78.4510503, 17.4279715], [78.4511307, 17.4278742], [78.4510637, 17.4278281], [78.4509886, 17.4279177]]]}, "properties": {"height": 8, "night": "#4d2715"}}, {"type": "Feature", "geometry": {"type": "Polygon", "coordinates": [[[78.4502928, 17.4277961], [78.4504041, 17.4278101], [78.4504291, 17.4276273], [78.4503179, 17.4276133], [78.4502928, 17.4277961]]]}, "properties": {"height": 8, "night": "#4c2614"}}, {"type": "Feature", "geometry": {"type": "Polygon", "coordinates": [[[78.4498727, 17.4268483], [78.4500028, 17.4269015], [78.4500531, 17.4267896], [78.449923, 17.4267364], [78.4498727, 17.4268483]]]}, "properties": {"height": 8, "night": "#4a2514"}}, {"type": "Feature", "geometry": {"type": "Polygon", "coordinates": [[[78.4507112, 17.4273771], [78.4508411, 17.4274344], [78.450935, 17.427241], [78.4508051, 17.4271836], [78.4507112, 17.4273771]]]}, "properties": {"height": 8, "night": "#4c2614"}}, {"type": "Feature", "geometry": {"type": "Polygon", "coordinates": [[[78.4508467, 17.4270478], [78.4509766, 17.4271051], [78.4510705, 17.4269117], [78.4509406, 17.4268543], [78.4508467, 17.4270478]]]}, "properties": {"height": 8, "night": "#4c2614"}}, {"type": "Feature", "geometry": {"type": "Polygon", "coordinates": [[[78.4508292, 17.4267328], [78.4511065, 17.4268622], [78.4511928, 17.4267034], [78.4509093, 17.4265682], [78.4508292, 17.4267328]]]}, "properties": {"height": 8, "night": "#4c2614"}}, {"type": "Feature", "geometry": {"type": "Polygon", "coordinates": [[[78.4904259, 17.4407274], [78.4906385, 17.4407002], [78.4905899, 17.4404069], [78.4903712, 17.4404342], [78.4904259, 17.4407274]]]}, "properties": {"height": 8, "night": "#904e2c"}}, {"type": "Feature", "geometry": {"type": "Polygon", "coordinates": [[[78.4990484, 17.4517644], [78.4990966, 17.4517652], [78.4991001, 17.4517293], [78.4990524, 17.4517196], [78.4990484, 17.4517644]]]}, "properties": {"height": 8, "night": "#894a2a"}}, {"type": "Feature", "geometry": {"type": "Polygon", "coordinates": [[[78.463429, 17.4137186], [78.4635395, 17.4137164], [78.4635383, 17.413662], [78.4634277, 17.4136642], [78.463429, 17.4137186]]]}, "properties": {"height": 8, "night": "#4b2614"}}, {"type": "Feature", "geometry": {"type": "Polygon", "coordinates": [[[78.4632931, 17.413626], [78.4632943, 17.4136943], [78.4633502, 17.4136934], [78.4633489, 17.4136251], [78.4632931, 17.413626]]]}, "properties": {"height": 8, "night": "#4b2614"}}, {"type": "Feature", "geometry": {"type": "Polygon", "coordinates": [[[78.479847, 17.4464287], [78.4799238, 17.4463855], [78.4798404, 17.4462506], [78.4797636, 17.4462937], [78.479847, 17.4464287]]]}, "properties": {"height": 8, "night": "#8f4d2c"}}, {"type": "Feature", "geometry": {"type": "Polygon", "coordinates": [[[78.4831289, 17.448005], [78.4831693, 17.4480118], [78.4831663, 17.4480276], [78.4832734, 17.4480458], [78.4832759, 17.4480322], [78.4833179, 17.4480394], [78.4833449, 17.4478951], [78.4832878, 17.4478854], [78.483289, 17.4478786], [78.4832022, 17.4478638], [78.4832001, 17.4478753], [78.4831547, 17.4478675], [78.4831289, 17.448005]]]}, "properties": {"height": 8, "night": "#96512f"}}, {"type": "Feature", "geometry": {"type": "Polygon", "coordinates": [[[78.4743692, 17.4442453], [78.4743951, 17.4442413], [78.4743933, 17.4442313], [78.4744523, 17.4442221], [78.4744541, 17.4442321], [78.4744764, 17.4442285], [78.4744683, 17.4441809], [78.4744433, 17.4441848], [78.4744327, 17.4441234], [78.4744577, 17.4441195], [78.4744501, 17.4440753], [78.4744274, 17.4440788], [78.4744295, 17.4440913], [78.474372, 17.4441003], [78.47437, 17.4440888], [78.4743431, 17.444093], [78.4743515, 17.444142], [78.4743955, 17.4441351], [78.4744057, 17.444194], [78.4743616, 17.4442009], [78.4743692, 17.4442453]]]}, "properties": {"height": 8, "night": "#844728"}}, {"type": "Feature", "geometry": {"type": "Polygon", "coordinates": [[[78.476315, 17.4443816], [78.4763645, 17.4443784], [78.4763628, 17.4443547], [78.4764247, 17.4443506], [78.4764264, 17.4443743], [78.476484, 17.4443705], [78.4764826, 17.4443505], [78.4764705, 17.4443513], [78.476466, 17.4442884], [78.4764781, 17.4442876], [78.4764764, 17.4442649], [78.4764229, 17.4442685], [78.4764246, 17.4442927], [78.4764096, 17.4442954], [78.4764017, 17.444333], [78.4763696, 17.4443333], [78.4763738, 17.444302], [78.4763641, 17.4443026], [78.4763619, 17.4442725], [78.4763073, 17.4442761], [78.4763091, 17.4443009], [78.4763191, 17.4443002], [78.4763232, 17.4443573], [78.4763133, 17.4443579], [78.476315, 17.4443816]]]}, "properties": {"height": 8, "night": "#87492a"}}, {"type": "Feature", "geometry": {"type": "Polygon", "coordinates": [[[78.4814294, 17.446368], [78.4815299, 17.4463622], [78.4815208, 17.4462199], [78.4814203, 17.4462258], [78.4814294, 17.446368]]]}, "properties": {"height": 8, "night": "#924f2d"}}, {"type": "Feature", "geometry": {"type": "Polygon", "coordinates": [[[78.4820525, 17.4463423], [78.4821469, 17.4463358], [78.4821353, 17.4461803], [78.4820409, 17.4461868], [78.4820525, 17.4463423]]]}, "properties": {"height": 8, "night": "#93502e"}}, {"type": "Feature", "geometry": {"type": "Polygon", "coordinates": [[[78.4817186, 17.4459495], [78.4818066, 17.445946], [78.4818015, 17.4458287], [78.4817134, 17.4458322], [78.4817186, 17.4459495]]]}, "properties": {"height": 8, "night": "#924f2d"}}, {"type": "Feature", "geometry": {"type": "Polygon", "coordinates": [[[78.4833756, 17.4449878], [78.4835696, 17.4450212], [78.483592, 17.4449024], [78.4833981, 17.444869], [78.4833756, 17.4449878]]]}, "properties": {"height": 8, "night": "#94512e"}}, {"type": "Feature", "geometry": {"type": "Polygon", "coordinates": [[[78.4836432, 17.4452969], [78.4837909, 17.4453185], [78.4838062, 17.4452236], [78.4836585, 17.445202], [78.4836432, 17.4452969]]]}, "properties": {"height": 8, "night": "#95512e"}}, {"type": "Feature", "geometry": {"type": "Polygon", "coordinates": [[[78.4811806, 17.4458368], [78.4812594, 17.4457541], [78.4811977, 17.4457006], [78.4811188, 17.4457833], [78.4811806, 17.4458368]]]}, "properties": {"height": 8, "night": "#914f2d"}}, {"type": "Feature", "geometry": {"type": "Polygon", "coordinates": [[[78.4831028, 17.445282], [78.4832867, 17.4452705], [78.4832792, 17.4451627], [78.4830954, 17.4451743], [78.4831028, 17.445282]]]}, "properties": {"height": 8, "night": "#94512e"}}, {"type": "Feature", "geometry": {"type": "Polygon", "coordinates": [[[78.4827332, 17.447961], [78.4828271, 17.4479725], [78.4828513, 17.447792], [78.4827574, 17.4477805], [78.4827332, 17.447961]]]}, "properties": {"height": 8, "night": "#95512e"}}, {"type": "Feature", "geometry": {"type": "Polygon", "coordinates": [[[78.4808137, 17.4445569], [78.4809723, 17.4445551], [78.4809709, 17.4444424], [78.4808123, 17.4444442], [78.4808137, 17.4445569]]]}, "properties": {"height": 8, "night": "#8f4e2c"}}, {"type": "Feature", "geometry": {"type": "Polygon", "coordinates": [[[78.4822136, 17.4449762], [78.4823609, 17.4449648], [78.4823444, 17.4447719], [78.4821972, 17.4447833], [78.4822136, 17.4449762]]]}, "properties": {"height": 8, "night": "#924f2d"}}, {"type": "Feature", "geometry": {"type": "Polygon", "coordinates": [[[78.483186, 17.4463287], [78.4832971, 17.4463341], [78.4833045, 17.4461938], [78.4831934, 17.4461884], [78.483186, 17.4463287]]]}, "properties": {"height": 8, "night": "#95512e"}}, {"type": "Feature", "geometry": {"type": "Polygon", "coordinates": [[[78.4796514, 17.4450334], [78.4799449, 17.4450517], [78.4799561, 17.4448878], [78.4796626, 17.4448696], [78.4796514, 17.4450334]]]}, "properties": {"height": 8, "night": "#8e4d2c"}}, {"type": "Feature", "geometry": {"type": "Polygon", "coordinates": [[[78.4808576, 17.4440013], [78.4809557, 17.444001], [78.4809552, 17.4438687], [78.4808571, 17.443869], [78.4808576, 17.4440013]]]}, "properties": {"height": 8, "night": "#8f4e2c"}}, {"type": "Feature", "geometry": {"type": "Polygon", "coordinates": [[[78.4815278, 17.4437772], [78.4816941, 17.4437766], [78.4816935, 17.44364], [78.4815273, 17.4436406], [78.4815278, 17.4437772]]]}, "properties": {"height": 8, "night": "#904e2d"}}, {"type": "Feature", "geometry": {"type": "Polygon", "coordinates": [[[78.4830728, 17.446312], [78.4831652, 17.4463165], [78.4831721, 17.4461864], [78.4830797, 17.4461819], [78.4830728, 17.446312]]]}, "properties": {"height": 8, "night": "#95512e"}}, {"type": "Feature", "geometry": {"type": "Polygon", "coordinates": [[[78.4831827, 17.4469812], [78.4832431, 17.4469636], [78.4832161, 17.4468794], [78.4831558, 17.446897], [78.4831827, 17.4469812]]]}, "properties": {"height": 8, "night": "#95512f"}}, {"type": "Feature", "geometry": {"type": "Polygon", "coordinates": [[[78.481199, 17.4458613], [78.481274, 17.4459088], [78.4813336, 17.4458233], [78.4812586, 17.4457758], [78.481199, 17.4458613]]]}, "properties": {"height": 8, "night": "#914f2d"}}, {"type": "Feature", "geometry": {"type": "Polygon", "coordinates": [[[78.4824013, 17.4451379], [78.4825542, 17.4451261], [78.482547, 17.4450416], [78.4823941, 17.4450535], [78.4824013, 17.4451379]]]}, "properties": {"height": 8, "night": "#93502e"}}, {"type": "Feature", "geometry": {"type": "Polygon", "coordinates": [[[78.4814275, 17.4462108], [78.4815284, 17.446205], [78.4815208, 17.4460864], [78.4814199, 17.4460922], [78.4814275, 17.4462108]]]}, "properties": {"height": 8, "night": "#924f2d"}}, {"type": "Feature", "geometry": {"type": "Polygon", "coordinates": [[[78.481606, 17.4457491], [78.4817479, 17.4457409], [78.4817384, 17.4455919], [78.4815965, 17.4456002], [78.481606, 17.4457491]]]}, "properties": {"height": 8, "night": "#924f2d"}}, {"type": "Feature", "geometry": {"type": "Polygon", "coordinates": [[[78.4818379, 17.4454413], [78.4820447, 17.4454253], [78.482035, 17.4453114], [78.4818282, 17.4453274], [78.4818379, 17.4454413]]]}, "properties": {"height": 8, "night": "#924f2d"}}, {"type": "Feature", "geometry": {"type": "Polygon", "coordinates": [[[78.4810874, 17.4448859], [78.4812807, 17.4448813], [78.4812788, 17.4448114], [78.4810856, 17.4448161], [78.4810874, 17.4448859]]]}, "properties": {"height": 8, "night": "#904e2d"}}, {"type": "Feature", "geometry": {"type": "Polygon", "coordinates": [[[78.4816663, 17.4448998], [78.4817837, 17.4448956], [78.4817787, 17.4447663], [78.4816612, 17.4447705], [78.4816663, 17.4448998]]]}, "properties": {"height": 8, "night": "#914f2d"}}, {"type": "Feature", "geometry": {"type": "Polygon", "coordinates": [[[78.4817418, 17.4442936], [78.481906, 17.4442878], [78.481898, 17.4440842], [78.4817338, 17.44409], [78.4817418, 17.4442936]]]}, "properties": {"height": 8, "night": "#914f2d"}}, {"type": "Feature", "geometry": {"type": "Polygon", "coordinates": [[[78.4822393, 17.4450789], [78.4823779, 17.4450681], [78.4823698, 17.4449735], [78.4822313, 17.4449842], [78.4822393, 17.4450789]]]}, "properties": {"height": 8, "night": "#92502d"}}, {"type": "Feature", "geometry": {"type": "Polygon", "coordinates": [[[78.4826572, 17.4459211], [78.4827543, 17.4459201], [78.4827528, 17.4457862], [78.4826557, 17.4457872], [78.4826572, 17.4459211]]]}, "properties": {"height": 8, "night": "#94502e"}}, {"type": "Feature", "geometry": {"type": "Polygon", "coordinates": [[[78.4822701, 17.4461276], [78.4823537, 17.4461242], [78.4823482, 17.4459997], [78.4822646, 17.4460031], [78.4822701, 17.4461276]]]}, "properties": {"height": 8, "night": "#93502e"}}, {"type": "Feature", "geometry": {"type": "Polygon", "coordinates": [[[78.4803141, 17.4441163], [78.4804989, 17.4441205], [78.4805039, 17.4439202], [78.4803191, 17.443916], [78.4803141, 17.4441163]]]}, "properties": {"height": 8, "night": "#8e4d2c"}}, {"type": "Feature", "geometry": {"type": "Polygon", "coordinates": [[[78.4833835, 17.4467868], [78.4834437, 17.4467798], [78.483434, 17.4467051], [78.4833738, 17.4467121], [78.4833835, 17.4467868]]]}, "properties": {"height": 8, "night": "#96512f"}}, {"type": "Feature", "geometry": {"type": "Polygon", "coordinates": [[[78.4818026, 17.4461906], [78.4819012, 17.4461839], [78.4818895, 17.4460274], [78.481791, 17.4460341], [78.4818026, 17.4461906]]]}, "properties": {"height": 8, "night": "#92502d"}}, {"type": "Feature", "geometry": {"type": "Polygon", "coordinates": [[[78.4822684, 17.4453678], [78.4824062, 17.4453571], [78.4823989, 17.4452715], [78.4822611, 17.4452822], [78.4822684, 17.4453678]]]}, "properties": {"height": 8, "night": "#93502e"}}, {"type": "Feature", "geometry": {"type": "Polygon", "coordinates": [[[78.4832869, 17.4454003], [78.483493, 17.445418], [78.4835012, 17.4453313], [78.483295, 17.4453136], [78.4832869, 17.4454003]]]}, "properties": {"height": 8, "night": "#95512e"}}, {"type": "Feature", "geometry": {"type": "Polygon", "coordinates": [[[78.4812027, 17.4462463], [78.4813031, 17.4462404], [78.4812951, 17.4461154], [78.4811948, 17.4461213], [78.4812027, 17.4462463]]]}, "properties": {"height": 8, "night": "#914f2d"}}, {"type": "Feature", "geometry": {"type": "Polygon", "coordinates": [[[78.4831811, 17.4447925], [78.4832754, 17.4447871], [78.4832666, 17.4446476], [78.4831723, 17.444653], [78.4831811, 17.4447925]]]}, "properties": {"height": 8, "night": "#94502e"}}, {"type": "Feature", "geometry": {"type": "Polygon", "coordinates": [[[78.4819068, 17.4466562], [78.4819521, 17.4465786], [78.4818819, 17.4465412], [78.4818365, 17.4466189], [78.4819068, 17.4466562]]]}, "properties": {"height": 8, "night": "#93502e"}}, {"type": "Feature", "geometry": {"type": "Polygon", "coordinates": [[[78.4813802, 17.4455908], [78.4814693, 17.4455871], [78.4814641, 17.4454736], [78.4813749, 17.4454773], [78.4813802, 17.4455908]]]}, "properties": {"height": 8, "night": "#914f2d"}}, {"type": "Feature", "geometry": {"type": "Polygon", "coordinates": [[[78.4823698, 17.4461507], [78.4824709, 17.4461467], [78.4824641, 17.4459907], [78.4823629, 17.4459948], [78.4823698, 17.4461507]]]}, "properties": {"height": 8, "night": "#93502e"}}, {"type": "Feature", "geometry": {"type": "Polygon", "coordinates": [[[78.4809634, 17.4456342], [78.4810445, 17.4455492], [78.4809844, 17.445497], [78.4809033, 17.4455821], [78.4809634, 17.4456342]]]}, "properties": {"height": 8, "night": "#904e2d"}}, {"type": "Feature", "geometry": {"type": "Polygon", "coordinates": [[[78.4833007, 17.4467291], [78.4833688, 17.4467183], [78.4833574, 17.4466529], [78.4832892, 17.4466637], [78.4833007, 17.4467291]]]}, "properties": {"height": 8, "night": "#95512f"}}, {"type": "Feature", "geometry": {"type": "Polygon", "coordinates": [[[78.4821401, 17.4461187], [78.4822447, 17.4461116], [78.4822357, 17.4459915], [78.4821311, 17.4459986], [78.4821401, 17.4461187]]]}, "properties": {"height": 8, "night": "#93502e"}}, {"type": "Feature", "geometry": {"type": "Polygon", "coordinates": [[[78.4819012, 17.4439626], [78.4820704, 17.443962], [78.4820698, 17.4438017], [78.4819006, 17.4438023], [78.4819012, 17.4439626]]]}, "properties": {"height": 8, "night": "#914f2d"}}, {"type": "Feature", "geometry": {"type": "Polygon", "coordinates": [[[78.4833123, 17.4452339], [78.4835123, 17.4452705], [78.4835351, 17.4451569], [78.4833351, 17.4451203], [78.4833123, 17.4452339]]]}, "properties": {"height": 8, "night": "#94512e"}}, {"type": "Feature", "geometry": {"type": "Polygon", "coordinates": [[[78.4812274, 17.4453503], [78.4813353, 17.4453458], [78.4813293, 17.4452149], [78.4812213, 17.4452195], [78.4812274, 17.4453503]]]}, "properties": {"height": 8, "night": "#914f2d"}}, {"type": "Feature", "geometry": {"type": "Polygon", "coordinates": [[[78.4791621, 17.4445741], [78.479288, 17.4445696], [78.4792853, 17.4445002], [78.4791594, 17.4445046], [78.4791621, 17.4445741]]]}, "properties": {"height": 8, "night": "#8d4c2b"}}, {"type": "Feature", "geometry": {"type": "Polygon", "coordinates": [[[78.4824846, 17.4461372], [78.4825893, 17.446133], [78.4825822, 17.4459703], [78.4824774, 17.4459745], [78.4824846, 17.4461372]]]}, "properties": {"height": 8, "night": "#94502e"}}, {"type": "Feature", "geometry": {"type": "Polygon", "coordinates": [[[78.4813668, 17.4454668], [78.4814958, 17.4454614], [78.4814914, 17.4453653], [78.4813623, 17.4453708], [78.4813668, 17.4454668]]]}, "properties": {"height": 8, "night": "#914f2d"}}, {"type": "Feature", "geometry": {"type": "Polygon", "coordinates": [[[78.480213, 17.4447599], [78.4802793, 17.4447667], [78.4802766, 17.4447909], [78.4803923, 17.4448028], [78.4803917, 17.4448084], [78.4804817, 17.4448176], [78.4804964, 17.4446866], [78.4802244, 17.4446587], [78.480213, 17.4447599]]]}, "properties": {"height": 8, "night": "#8f4d2c"}}, {"type": "Feature", "geometry": {"type": "Polygon", "coordinates": [[[78.5033573, 17.4437106], [78.5035429, 17.4436462], [78.5034678, 17.4434493], [78.5032822, 17.4435137], [78.5033573, 17.4437106]]]}, "properties": {"height": 8, "night": "#804527"}}, {"type": "Feature", "geometry": {"type": "Polygon", "coordinates": [[[78.5075899, 17.4492206], [78.5077076, 17.4491656], [78.507674, 17.4491002], [78.5075563, 17.4491552], [78.5075899, 17.4492206]]]}, "properties": {"height": 8, "night": "#794124"}}, {"type": "Feature", "geometry": {"type": "Polygon", "coordinates": [[[78.5057073, 17.4455065], [78.5058486, 17.4454575], [78.5057826, 17.4452844], [78.5056413, 17.4453335], [78.5057073, 17.4455065]]]}, "properties": {"height": 8, "night": "#7d4326"}}, {"type": "Feature", "geometry": {"type": "Polygon", "coordinates": [[[78.5049465, 17.4483295], [78.5050499, 17.4482955], [78.5049807, 17.4481042], [78.5048772, 17.4481383], [78.5049465, 17.4483295]]]}, "properties": {"height": 8, "night": "#7f4426"}}, {"type": "Feature", "geometry": {"type": "Polygon", "coordinates": [[[78.507245, 17.4469305], [78.5073368, 17.4468987], [78.5072637, 17.4467068], [78.5071719, 17.4467387], [78.507245, 17.4469305]]]}, "properties": {"height": 8, "night": "#7a4125"}}, {"type": "Feature", "geometry": {"type": "Polygon", "coordinates": [[[78.5062338, 17.4468804], [78.506341, 17.4468432], [78.506268, 17.4466518], [78.5061608, 17.446689], [78.5062338, 17.4468804]]]}, "properties": {"height": 8, "night": "#7c4225"}}, {"type": "Feature", "geometry": {"type": "Polygon", "coordinates": [[[78.5048152, 17.4466903], [78.5049508, 17.4466456], [78.5048808, 17.4464524], [78.5047452, 17.4464971], [78.5048152, 17.4466903]]]}, "properties": {"height": 8, "night": "#7f4426"}}, {"type": "Feature", "geometry": {"type": "Polygon", "coordinates": [[[78.5067286, 17.4481349], [78.506855, 17.448091], [78.5067313, 17.4477667], [78.5066049, 17.4478105], [78.5067286, 17.4481349]]]}, "properties": {"height": 8, "night": "#7b4225"}}, {"type": "Feature", "geometry": {"type": "Polygon", "coordinates": [[[78.5091989, 17.4438624], [78.5093589, 17.4438016], [78.5092958, 17.4436506], [78.5091359, 17.4437113], [78.5091989, 17.4438624]]]}, "properties": {"height": 8, "night": "#763f23"}}, {"type": "Feature", "geometry": {"type": "Polygon", "coordinates": [[[78.5069198, 17.4472821], [78.5070579, 17.4472342], [78.5069821, 17.4470353], [78.506844, 17.4470832], [78.5069198, 17.4472821]]]}, "properties": {"height": 8, "night": "#7b4225"}}, {"type": "Feature", "geometry": {"type": "Polygon", "coordinates": [[[78.5035243, 17.447494], [78.5037433, 17.4474249], [78.5036717, 17.4472181], [78.5034526, 17.4472872], [78.5035243, 17.447494]]]}, "properties": {"height": 8, "night": "#814527"}}, {"type": "Feature", "geometry": {"type": "Polygon", "coordinates": [[[78.5067084, 17.4460718], [78.5068372, 17.4460271], [78.5067603, 17.4458254], [78.5066315, 17.4458701], [78.5067084, 17.4460718]]]}, "properties": {"height": 8, "night": "#7b4225"}}, {"type": "Feature", "geometry": {"type": "Polygon", "coordinates": [[[78.5026228, 17.4464949], [78.5027549, 17.4464534], [78.5026891, 17.4462626], [78.502557, 17.4463041], [78.5026228, 17.4464949]]]}, "properties": {"height": 8, "night": "#834628"}}, {"type": "Feature", "geometry": {"type": "Polygon", "coordinates": [[[78.5020322, 17.4443895], [78.5022095, 17.4443418], [78.5021521, 17.4441472], [78.5019747, 17.4441949], [78.5020322, 17.4443895]]]}, "properties": {"height": 8, "night": "#834728"}}, {"type": "Feature", "geometry": {"type": "Polygon", "coordinates": [[[78.5053969, 17.4493618], [78.5054657, 17.4493309], [78.5054092, 17.4492167], [78.5053404, 17.4492477], [78.5053969, 17.4493618]]]}, "properties": {"height": 8, "night": "#7e4326"}}, {"type": "Feature", "geometry": {"type": "Polygon", "coordinates": [[[78.5038496, 17.4467358], [78.5040072, 17.4466838], [78.5039246, 17.4464561], [78.503767, 17.4465081], [78.5038496, 17.4467358]]]}, "properties": {"height": 8, "night": "#814527"}}, {"type": "Feature", "geometry": {"type": "Polygon", "coordinates": [[[78.5044248, 17.4468025], [78.5046586, 17.4467253], [78.5045849, 17.4465221], [78.5043511, 17.4465993], [78.5044248, 17.4468025]]]}, "properties": {"height": 8, "night": "#7f4427"}}, {"type": "Feature", "geometry": {"type": "Polygon", "coordinates": [[[78.5086138, 17.4424549], [78.5088285, 17.4423823], [78.5087785, 17.4422477], [78.5085638, 17.4423203], [78.5086138, 17.4424549]]]}, "properties": {"height": 8, "night": "#763f23"}}, {"type": "Feature", "geometry": {"type": "Polygon", "coordinates": [[[78.5039216, 17.4479455], [78.504049, 17.4479037], [78.5039945, 17.4477526], [78.5038671, 17.4477945], [78.5039216, 17.4479455]]]}, "properties": {"height": 8, "night": "#814527"}}, {"type": "Feature", "geometry": {"type": "Polygon", "coordinates": [[[78.504368, 17.4465178], [78.5044967, 17.4464754], [78.5044444, 17.4463314], [78.5043158, 17.4463738], [78.504368, 17.4465178]]]}, "properties": {"height": 8, "night": "#804427"}}, {"type": "Feature", "geometry": {"type": "Polygon", "coordinates": [[[78.5092847, 17.442465], [78.5095129, 17.4423878], [78.5094688, 17.4422689], [78.5092405, 17.4423461], [78.5092847, 17.442465]]]}, "properties": {"height": 8, "night": "#753e23"}}, {"type": "Feature", "geometry": {"type": "Polygon", "coordinates": [[[78.5089257, 17.4421361], [78.5089771, 17.4421187], [78.5089335, 17.4420012], [78.508882, 17.4420186], [78.5089257, 17.4421361]]]}, "properties": {"height": 8, "night": "#753e23"}}, {"type": "Feature", "geometry": {"type": "Polygon", "coordinates": [[[78.5070386, 17.4492869], [78.507149, 17.4492354], [78.5071134, 17.4491661], [78.507003, 17.4492176], [78.5070386, 17.4492869]]]}, "properties": {"height": 8, "night": "#7a4125"}}, {"type": "Feature", "geometry": {"type": "Polygon", "coordinates": [[[78.505899, 17.4454365], [78.5060722, 17.4453765], [78.5059958, 17.4451762], [78.5058227, 17.4452363], [78.505899, 17.4454365]]]}, "properties": {"height": 8, "night": "#7c4326"}}, {"type": "Feature", "geometry": {"type": "Polygon", "coordinates": [[[78.5097039, 17.4424619], [78.5099109, 17.4423918], [78.5098491, 17.4422256], [78.5096421, 17.4422956], [78.5097039, 17.4424619]]]}, "properties": {"height": 8, "night": "#743e23"}}, {"type": "Feature", "geometry": {"type": "Polygon", "coordinates": [[[78.5095814, 17.4415827], [78.5096677, 17.4415507], [78.5096181, 17.4414289], [78.5095318, 17.441461], [78.5095814, 17.4415827]]]}, "properties": {"height": 8, "night": "#743d22"}}, {"type": "Feature", "geometry": {"type": "Polygon", "coordinates": [[[78.5061021, 17.4460216], [78.506277, 17.445961], [78.5062048, 17.4457716], [78.5060299, 17.4458322], [78.5061021, 17.4460216]]]}, "properties": {"height": 8, "night": "#7c4225"}}, {"type": "Feature", "geometry": {"type": "Polygon", "coordinates": [[[78.5068933, 17.4460326], [78.5070136, 17.4459909], [78.5069334, 17.4457806], [78.5068132, 17.4458223], [78.5068933, 17.4460326]]]}, "properties": {"height": 8, "night": "#7b4225"}}, {"type": "Feature", "geometry": {"type": "Polygon", "coordinates": [[[78.502291, 17.4455618], [78.5024199, 17.445522], [78.5023498, 17.4453157], [78.5022209, 17.4453556], [78.502291, 17.4455618]]]}, "properties": {"height": 8, "night": "#834728"}}, {"type": "Feature", "geometry": {"type": "Polygon", "coordinates": [[[78.5027792, 17.4464328], [78.5029465, 17.4463803], [78.5028809, 17.4461904], [78.5027137, 17.4462429], [78.5027792, 17.4464328]]]}, "properties": {"height": 8, "night": "#834628"}}, {"type": "Feature", "geometry": {"type": "Polygon", "coordinates": [[[78.5051727, 17.4482452], [78.5053179, 17.4481974], [78.5052744, 17.448077], [78.5051291, 17.4481248], [78.5051727, 17.4482452]]]}, "properties": {"height": 8, "night": "#7e4426"}}, {"type": "Feature", "geometry": {"type": "Polygon", "coordinates": [[[78.5098391, 17.4412591], [78.5099215, 17.4412312], [78.5098792, 17.4411172], [78.5097967, 17.4411451], [78.5098391, 17.4412591]]]}, "properties": {"height": 8, "night": "#733d22"}}, {"type": "Feature", "geometry": {"type": "Polygon", "coordinates": [[[78.5035373, 17.4442866], [78.5036589, 17.4442444], [78.5035774, 17.4440306], [78.5034558, 17.4440728], [78.5035373, 17.4442866]]]}, "properties": {"height": 8, "night": "#804527"}}, {"type": "Feature", "geometry": {"type": "Polygon", "coordinates": [[[78.5060264, 17.4490896], [78.5060932, 17.4490595], [78.5060333, 17.4489385], [78.5059665, 17.4489685], [78.5060264, 17.4490896]]]}, "properties": {"height": 8, "night": "#7c4326"}}, {"type": "Feature", "geometry": {"type": "Polygon", "coordinates": [[[78.5078937, 17.4466418], [78.5080494, 17.4465878], [78.5079795, 17.4464043], [78.5078238, 17.4464583], [78.5078937, 17.4466418]]]}, "properties": {"height": 8, "night": "#794024"}}, {"type": "Feature", "geometry": {"type": "Polygon", "coordinates": [[[78.5052968, 17.4495708], [78.5053827, 17.4495322], [78.5053184, 17.4494022], [78.5052325, 17.4494408], [78.5052968, 17.4495708]]]}, "properties": {"height": 8, "night": "#7e4326"}}, {"type": "Feature", "geometry": {"type": "Polygon", "coordinates": [[[78.5054561, 17.4494864], [78.5055337, 17.4494515], [78.5054767, 17.4493362], [78.5053991, 17.4493711], [78.5054561, 17.4494864]]]}, "properties": {"height": 8, "night": "#7d4326"}}, {"type": "Feature", "geometry": {"type": "Polygon", "coordinates": [[[78.5064257, 17.4459131], [78.5066094, 17.4458494], [78.5065402, 17.4456677], [78.5063565, 17.4457314], [78.5064257, 17.4459131]]]}, "properties": {"height": 8, "night": "#7b4225"}}, {"type": "Feature", "geometry": {"type": "Polygon", "coordinates": [[[78.5070117, 17.4459131], [78.5071374, 17.4458695], [78.5070772, 17.4457116], [78.5069515, 17.4457552], [78.5070117, 17.4459131]]]}, "properties": {"height": 8, "night": "#7a4125"}}, {"type": "Feature", "geometry": {"type": "Polygon", "coordinates": [[[78.5051844, 17.4456666], [78.5053163, 17.4456208], [78.5052793, 17.4455238], [78.5051474, 17.4455695], [78.5051844, 17.4456666]]]}, "properties": {"height": 8, "night": "#7e4326"}}, {"type": "Feature", "geometry": {"type": "Polygon", "coordinates": [[[78.5073384, 17.4462634], [78.5075255, 17.4461985], [78.50745, 17.4460002], [78.5072629, 17.4460651], [78.5073384, 17.4462634]]]}, "properties": {"height": 8, "night": "#7a4125"}}, {"type": "Feature", "geometry": {"type": "Polygon", "coordinates": [[[78.5024349, 17.4461905], [78.5026457, 17.4461192], [78.5025701, 17.4459157], [78.5023593, 17.445987], [78.5024349, 17.4461905]]]}, "properties": {"height": 8, "night": "#834728"}}, {"type": "Feature", "geometry": {"type": "Polygon", "coordinates": [[[78.5088606, 17.4421613], [78.508915, 17.4421429], [78.5088709, 17.4420241], [78.5088165, 17.4420425], [78.5088606, 17.4421613]]]}, "properties": {"height": 8, "night": "#753e23"}}, {"type": "Feature", "geometry": {"type": "Polygon", "coordinates": [[[78.5098421, 17.4438645], [78.5099679, 17.4438167], [78.509903, 17.4436612], [78.5097772, 17.443709], [78.5098421, 17.4438645]]]}, "properties": {"height": 8, "night": "#743e23"}}, {"type": "Feature", "geometry": {"type": "Polygon", "coordinates": [[[78.503156, 17.4475167], [78.5033493, 17.4474496], [78.5032675, 17.4472349], [78.5030741, 17.447302], [78.503156, 17.4475167]]]}, "properties": {"height": 8, "night": "#824628"}}, {"type": "Feature", "geometry": {"type": "Polygon", "coordinates": [[[78.5066283, 17.4464958], [78.5068162, 17.4464306], [78.5067369, 17.4462223], [78.5065489, 17.4462875], [78.5066283, 17.4464958]]]}, "properties": {"height": 8, "night": "#7b4225"}}, {"type": "Feature", "geometry": {"type": "Polygon", "coordinates": [[[78.5031765, 17.4442236], [78.5033545, 17.4441618], [78.5032831, 17.4439744], [78.503105, 17.4440362], [78.5031765, 17.4442236]]]}, "properties": {"height": 8, "night": "#814527"}}, {"type": "Feature", "geometry": {"type": "Polygon", "coordinates": [[[78.5050912, 17.4469618], [78.5052467, 17.4469127], [78.5051791, 17.4467175], [78.5050236, 17.4467666], [78.5050912, 17.4469618]]]}, "properties": {"height": 8, "night": "#7e4426"}}, {"type": "Feature", "geometry": {"type": "Polygon", "coordinates": [[[78.5058312, 17.4475294], [78.5059619, 17.447484], [78.5059239, 17.4473842], [78.5057932, 17.4474296], [78.5058312, 17.4475294]]]}, "properties": {"height": 8, "night": "#7d4326"}}, {"type": "Feature", "geometry": {"type": "Polygon", "coordinates": [[[78.5022854, 17.4467201], [78.5024689, 17.4466624], [78.5024379, 17.4465724], [78.5022543, 17.4466301], [78.5022854, 17.4467201]]]}, "properties": {"height": 8, "night": "#844728"}}, {"type": "Feature", "geometry": {"type": "Polygon", "coordinates": [[[78.502235, 17.4466219], [78.5024281, 17.4465612], [78.5023589, 17.4463605], [78.5021658, 17.4464212], [78.502235, 17.4466219]]]}, "properties": {"height": 8, "night": "#844728"}}, {"type": "Feature", "geometry": {"type": "Polygon", "coordinates": [[[78.5093648, 17.4442705], [78.5097111, 17.44415], [78.5096472, 17.4439828], [78.509306, 17.4441014], [78.5093223, 17.4441442], [78.5093039, 17.4441506], [78.5093333, 17.4442275], [78.5093466, 17.4442229], [78.5093648, 17.4442705]]]}, "properties": {"height": 8, "night": "#753e23"}}, {"type": "Feature", "geometry": {"type": "Polygon", "coordinates": [[[78.4831435, 17.4475948], [78.4832907, 17.4476137], [78.4833109, 17.4474704], [78.4831637, 17.4474515], [78.4831435, 17.4475948]]]}, "properties": {"height": 8, "night": "#96512f"}}, {"type": "Feature", "geometry": {"type": "Polygon", "coordinates": [[[78.5062954, 17.4455473], [78.506438, 17.4454978], [78.5063707, 17.4453215], [78.5062282, 17.4453709], [78.5062954, 17.4455473]]]}, "properties": {"height": 8, "night": "#7c4225"}}, {"type": "Feature", "geometry": {"type": "Polygon", "coordinates": [[[78.5051706, 17.4484655], [78.5053061, 17.4484209], [78.5052425, 17.4482451], [78.505107, 17.4482898], [78.5051706, 17.4484655]]]}, "properties": {"height": 8, "night": "#7e4426"}}, {"type": "Feature", "geometry": {"type": "Polygon", "coordinates": [[[78.5045345, 17.4478042], [78.5046115, 17.4477789], [78.5045395, 17.4475795], [78.5044625, 17.4476048], [78.5045345, 17.4478042]]]}, "properties": {"height": 8, "night": "#7f4427"}}, {"type": "Feature", "geometry": {"type": "Polygon", "coordinates": [[[78.4691331, 17.4479653], [78.4692248, 17.4479602], [78.4692185, 17.4478573], [78.4691269, 17.4478624], [78.4691331, 17.4479653]]]}, "properties": {"height": 8, "night": "#7b4225"}}, {"type": "Feature", "geometry": {"type": "Polygon", "coordinates": [[[78.5030423, 17.4444822], [78.5032113, 17.4444236], [78.5031627, 17.4442961], [78.5029937, 17.4443547], [78.5030423, 17.4444822]]]}, "properties": {"height": 8, "night": "#814627"}}, {"type": "Feature", "geometry": {"type": "Polygon", "coordinates": [[[78.5039931, 17.4473459], [78.5041799, 17.447287], [78.5041106, 17.4470871], [78.5039238, 17.447146], [78.5039931, 17.4473459]]]}, "properties": {"height": 8, "night": "#804527"}}, {"type": "Feature", "geometry": {"type": "Polygon", "coordinates": [[[78.5049942, 17.4476611], [78.5051001, 17.4476268], [78.5050281, 17.4474239], [78.5049222, 17.4474581], [78.5049942, 17.4476611]]]}, "properties": {"height": 8, "night": "#7e4426"}}, {"type": "Feature", "geometry": {"type": "Polygon", "coordinates": [[[78.4687421, 17.4479495], [78.4689006, 17.4479347], [78.4688903, 17.4478339], [78.4687317, 17.4478488], [78.4687421, 17.4479495]]]}, "properties": {"height": 8, "night": "#7a4125"}}, {"type": "Feature", "geometry": {"type": "Polygon", "coordinates": [[[78.4824631, 17.4468918], [78.4825228, 17.4468598], [78.4824533, 17.4467417], [78.4823936, 17.4467736], [78.4824631, 17.4468918]]]}, "properties": {"height": 8, "night": "#94502e"}}, {"type": "Feature", "geometry": {"type": "Polygon", "coordinates": [[[78.5052523, 17.4471896], [78.5053882, 17.4471468], [78.5053131, 17.4469301], [78.5051772, 17.4469729], [78.5052523, 17.4471896]]]}, "properties": {"height": 8, "night": "#7e4426"}}, {"type": "Feature", "geometry": {"type": "Polygon", "coordinates": [[[78.4833046, 17.4471786], [78.4834406, 17.4472034], [78.4834512, 17.4471509], [78.4833151, 17.4471261], [78.4833046, 17.4471786]]]}, "properties": {"height": 8, "night": "#96522f"}}, {"type": "Feature", "geometry": {"type": "Polygon", "coordinates": [[[78.5071198, 17.4469708], [78.5072149, 17.4469378], [78.507142, 17.4467464], [78.5070469, 17.4467794], [78.5071198, 17.4469708]]]}, "properties": {"height": 8, "night": "#7a4125"}}, {"type": "Feature", "geometry": {"type": "Polygon", "coordinates": [[[78.5054754, 17.4493211], [78.5055422, 17.449291], [78.5054872, 17.4491799], [78.5054204, 17.4492099], [78.5054754, 17.4493211]]]}, "properties": {"height": 8, "night": "#7d4326"}}, {"type": "Feature", "geometry": {"type": "Polygon", "coordinates": [[[78.5016962, 17.4448852], [78.5018183, 17.4448474], [78.5017506, 17.4446481], [78.5016285, 17.4446859], [78.5016962, 17.4448852]]]}, "properties": {"height": 8, "night": "#844728"}}, {"type": "Feature", "geometry": {"type": "Polygon", "coordinates": [[[78.5054658, 17.4474839], [78.5056352, 17.4474292], [78.5055719, 17.447251], [78.5054025, 17.4473058], [78.5054658, 17.4474839]]]}, "properties": {"height": 8, "night": "#7e4326"}}, {"type": "Feature", "geometry": {"type": "Polygon", "coordinates": [[[78.5027083, 17.4445492], [78.502859, 17.4444969], [78.5028032, 17.4443504], [78.5026525, 17.4444027], [78.5027083, 17.4445492]]]}, "properties": {"height": 8, "night": "#824628"}}, {"type": "Feature", "geometry": {"type": "Polygon", "coordinates": [[[78.5055515, 17.4492907], [78.5056205, 17.4492597], [78.505566, 17.4491495], [78.505497, 17.4491806], [78.5055515, 17.4492907]]]}, "properties": {"height": 8, "night": "#7d4326"}}, {"type": "Feature", "geometry": {"type": "Polygon", "coordinates": [[[78.4735187, 17.4456801], [78.4736146, 17.4456788], [78.4736116, 17.4454809], [78.4735158, 17.4454822], [78.4735187, 17.4456801]]]}, "properties": {"height": 8, "night": "#834628"}}, {"type": "Feature", "geometry": {"type": "Polygon", "coordinates": [[[78.4692492, 17.4476], [78.4693096, 17.4475994], [78.4693085, 17.4475017], [78.4692481, 17.4475023], [78.4692492, 17.4476]]]}, "properties": {"height": 8, "night": "#7b4225"}}, {"type": "Feature", "geometry": {"type": "Polygon", "coordinates": [[[78.5025029, 17.4466985], [78.5026467, 17.4466533], [78.5025989, 17.4465147], [78.5024551, 17.4465598], [78.5025029, 17.4466985]]]}, "properties": {"height": 8, "night": "#834728"}}, {"type": "Feature", "geometry": {"type": "Polygon", "coordinates": [[[78.5023359, 17.4451972], [78.5025067, 17.4451443], [78.5024691, 17.4450336], [78.5022983, 17.4450865], [78.5023359, 17.4451972]]]}, "properties": {"height": 8, "night": "#834628"}}, {"type": "Feature", "geometry": {"type": "Polygon", "coordinates": [[[78.5072709, 17.4489924], [78.5073809, 17.4489411], [78.5073483, 17.4488776], [78.5072383, 17.448929], [78.5072709, 17.4489924]]]}, "properties": {"height": 8, "night": "#7a4125"}}, {"type": "Feature", "geometry": {"type": "Polygon", "coordinates": [[[78.5027723, 17.445413], [78.5029619, 17.445352], [78.5028882, 17.4451437], [78.5026986, 17.4452047], [78.5027723, 17.445413]]]}, "properties": {"height": 8, "night": "#824628"}}, {"type": "Feature", "geometry": {"type": "Polygon", "coordinates": [[[78.4823748, 17.4469311], [78.4824432, 17.4469032], [78.482395, 17.4467959], [78.4823266, 17.4468238], [78.4823748, 17.4469311]]]}, "properties": {"height": 8, "night": "#94502e"}}, {"type": "Feature", "geometry": {"type": "Polygon", "coordinates": [[[78.5034572, 17.4455733], [78.5035892, 17.4455275], [78.5035149, 17.4453325], [78.5034023, 17.4453716], [78.5034412, 17.4454735], [78.5034217, 17.4454803], [78.5034572, 17.4455733]]]}, "properties": {"height": 8, "night": "#814527"}}, {"type": "Feature", "geometry": {"type": "Polygon", "coordinates": [[[78.471906, 17.4468861], [78.4720387, 17.4468966], [78.4720711, 17.4465227], [78.4719383, 17.4465122], [78.471906, 17.4468861]]]}, "properties": {"height": 8, "night": "#804527"}}, {"type": "Feature", "geometry": {"type": "Polygon", "coordinates": [[[78.5059848, 17.4473116], [78.5061169, 17.4472658], [78.5060539, 17.4471005], [78.5059218, 17.4471463], [78.5059848, 17.4473116]]]}, "properties": {"height": 8, "night": "#7d4326"}}, {"type": "Feature", "geometry": {"type": "Polygon", "coordinates": [[[78.4692438, 17.4479476], [78.4693232, 17.4479433], [78.4693172, 17.4478442], [78.4692378, 17.4478485], [78.4692438, 17.4479476]]]}, "properties": {"height": 8, "night": "#7b4225"}}, {"type": "Feature", "geometry": {"type": "Polygon", "coordinates": [[[78.5035379, 17.4462954], [78.5035799, 17.4462812], [78.5036021, 17.4463407], [78.5036328, 17.4463303], [78.5036627, 17.4464106], [78.5037946, 17.4463659], [78.5037273, 17.4461854], [78.5035227, 17.4462547], [78.5035379, 17.4462954]]]}, "properties": {"height": 8, "night": "#814527"}}, {"type": "Feature", "geometry": {"type": "Polygon", "coordinates": [[[78.4691495, 17.4477606], [78.4692099, 17.4477573], [78.4692034, 17.4476508], [78.4691431, 17.4476541], [78.4691495, 17.4477606]]]}, "properties": {"height": 8, "night": "#7b4225"}}, {"type": "Feature", "geometry": {"type": "Polygon", "coordinates": [[[78.4833278, 17.447112], [78.483475, 17.4471388], [78.4835031, 17.4469984], [78.4833559, 17.4469716], [78.4833278, 17.447112]]]}, "properties": {"height": 8, "night": "#96522f"}}, {"type": "Feature", "geometry": {"type": "Polygon", "coordinates": [[[78.4692324, 17.4478422], [78.4693215, 17.4478373], [78.4693152, 17.4477337], [78.4692261, 17.4477386], [78.4692324, 17.4478422]]]}, "properties": {"height": 8, "night": "#7b4225"}}, {"type": "Feature", "geometry": {"type": "Polygon", "coordinates": [[[78.4789698, 17.4603016], [78.4791054, 17.4601961], [78.4790754, 17.4601609], [78.4791464, 17.4601057], [78.4791058, 17.4600581], [78.479133, 17.460037], [78.4790652, 17.4599577], [78.4790872, 17.4599406], [78.4790124, 17.4598531], [78.4787565, 17.4600521], [78.4789698, 17.4603016]]]}, "properties": {"height": 8, "night": "#814527"}}, {"type": "Feature", "geometry": {"type": "Polygon", "coordinates": [[[78.4774079, 17.458387], [78.4775323, 17.4583474], [78.4774332, 17.4580642], [78.4773088, 17.4581039], [78.4774079, 17.458387]]]}, "properties": {"height": 8, "night": "#824627"}}, {"type": "Feature", "geometry": {"type": "Polygon", "coordinates": [[[78.4759354, 17.458019], [78.4760503, 17.4579621], [78.4760047, 17.4578782], [78.4758898, 17.457935], [78.4759354, 17.458019]]]}, "properties": {"height": 8, "night": "#804527"}}, {"type": "Feature", "geometry": {"type": "Polygon", "coordinates": [[[78.4786866, 17.4563999], [78.4787634, 17.4563593], [78.478682, 17.4562186], [78.4786051, 17.4562592], [78.4786866, 17.4563999]]]}, "properties": {"height": 8, "night": "#864829"}}, {"type": "Feature", "geometry": {"type": "Polygon", "coordinates": [[[78.4773066, 17.4590886], [78.4772171, 17.4589711], [78.4771145, 17.4590422], [78.477204, 17.4591597], [78.4773066, 17.4590886]]]}, "properties": {"height": 8, "night": "#804527"}}, {"type": "Feature", "geometry": {"type": "Polygon", "coordinates": [[[78.4794125, 17.4589464], [78.4795664, 17.4589041], [78.4795452, 17.458834], [78.4793913, 17.4588762], [78.4794125, 17.4589464]]]}, "properties": {"height": 8, "night": "#834728"}}, {"type": "Feature", "geometry": {"type": "Polygon", "coordinates": [[[78.4785498, 17.4555753], [78.4785976, 17.4556088], [78.4786708, 17.455514], [78.4786229, 17.4554804], [78.4785498, 17.4555753]]]}, "properties": {"height": 8, "night": "#874929"}}, {"type": "Feature", "geometry": {"type": "Polygon", "coordinates": [[[78.4790485, 17.4589568], [78.4792254, 17.4589146], [78.4791797, 17.4587403], [78.4790029, 17.4587825], [78.4790485, 17.4589568]]]}, "properties": {"height": 8, "night": "#834628"}}, {"type": "Feature", "geometry": {"type": "Polygon", "coordinates": [[[78.4778483, 17.4561698], [78.4779009, 17.4561692], [78.4779005, 17.4561288], [78.4778478, 17.4561294], [78.4778483, 17.4561698]]]}, "properties": {"height": 8, "night": "#854829"}}, {"type": "Feature", "geometry": {"type": "Polygon", "coordinates": [[[78.47765, 17.4599727], [78.4777636, 17.4599454], [78.4777463, 17.4598801], [78.4776327, 17.4599074], [78.47765, 17.4599727]]]}, "properties": {"height": 8, "night": "#804427"}}, {"type": "Feature", "geometry": {"type": "Polygon", "coordinates": [[[78.478194, 17.459817], [78.47835, 17.4597981], [78.4783294, 17.4596429], [78.4781733, 17.4596618], [78.478194, 17.459817]]]}, "properties": {"height": 8, "night": "#814527"}}, {"type": "Feature", "geometry": {"type": "Polygon", "coordinates": [[[78.4785838, 17.4593856], [78.4787523, 17.4593621], [78.4787259, 17.4591895], [78.4785573, 17.4592131], [78.4785838, 17.4593856]]]}, "properties": {"height": 8, "night": "#824627"}}, {"type": "Feature", "geometry": {"type": "Polygon", "coordinates": [[[78.4758836, 17.4578752], [78.4760074, 17.4578189], [78.475971, 17.4577461], [78.4758472, 17.4578024], [78.4758836, 17.4578752]]]}, "properties": {"height": 8, "night": "#804527"}}, {"type": "Feature", "geometry": {"type": "Polygon", "coordinates": [[[78.4755373, 17.4571431], [78.4756658, 17.4571299], [78.4756562, 17.4570442], [78.4755276, 17.4570574], [78.4755373, 17.4571431]]]}, "properties": {"height": 8, "night": "#814527"}}, {"type": "Feature", "geometry": {"type": "Polygon", "coordinates": [[[78.4783664, 17.459772], [78.4784343, 17.4597638], [78.4784169, 17.4596332], [78.478349, 17.4596415], [78.4783664, 17.459772]]]}, "properties": {"height": 8, "night": "#814527"}}, {"type": "Feature", "geometry": {"type": "Polygon", "coordinates": [[[78.479238, 17.4592553], [78.4793174, 17.4592364], [78.4792879, 17.4591236], [78.4792085, 17.4591425], [78.479238, 17.4592553]]]}, "properties": {"height": 8, "night": "#834628"}}, {"type": "Feature", "geometry": {"type": "Polygon", "coordinates": [[[78.4768616, 17.4593638], [78.4769461, 17.459326], [78.4768837, 17.4592266], [78.4768152, 17.4592556], [78.4768616, 17.4593638]]]}, "properties": {"height": 8, "night": "#7f4427"}}, {"type": "Feature", "geometry": {"type": "Polygon", "coordinates": [[[78.4745984, 17.45583], [78.4746535, 17.4557962], [78.4745357, 17.4556212], [78.4744806, 17.455655], [78.4745984, 17.45583]]]}, "properties": {"height": 8, "night": "#814527"}}, {"type": "Feature", "geometry": {"type": "Polygon", "coordinates": [[[78.4781715, 17.458535], [78.4783383, 17.4585102], [78.4783163, 17.4583756], [78.4781494, 17.4584004], [78.4781715, 17.458535]]]}, "properties": {"height": 8, "night": "#824628"}}, {"type": "Feature", "geometry": {"type": "Polygon", "coordinates": [[[78.4786928, 17.4565816], [78.4787655, 17.4565445], [78.4787209, 17.4564649], [78.4786481, 17.456502], [78.4786928, 17.4565816]]]}, "properties": {"height": 8, "night": "#864829"}}, {"type": "Feature", "geometry": {"type": "Polygon", "coordinates": [[[78.4776586, 17.4591971], [78.4777963, 17.4591822], [78.4777863, 17.4590986], [78.4776487, 17.4591134], [78.4776586, 17.4591971]]]}, "properties": {"height": 8, "night": "#814527"}}, {"type": "Feature", "geometry": {"type": "Polygon", "coordinates": [[[78.4790847, 17.4591483], [78.4791907, 17.459123], [78.4791534, 17.4589806], [78.4790474, 17.4590059], [78.4790847, 17.4591483]]]}, "properties": {"height": 8, "night": "#834628"}}, {"type": "Feature", "geometry": {"type": "Polygon", "coordinates": [[[78.4793497, 17.456141], [78.4794453, 17.4559984], [78.4792555, 17.4558826], [78.4791599, 17.4560252], [78.4793497, 17.456141]]]}, "properties": {"height": 8, "night": "#87492a"}}, {"type": "Feature", "geometry": {"type": "Polygon", "coordinates": [[[78.4775027, 17.4567943], [78.4776871, 17.4567043], [78.477616, 17.4565718], [78.4774316, 17.4566618], [78.4775027, 17.4567943]]]}, "properties": {"height": 8, "night": "#844728"}}, {"type": "Feature", "geometry": {"type": "Polygon", "coordinates": [[[78.4786136, 17.4584052], [78.4787785, 17.4583887], [78.4787722, 17.4583307], [78.4786072, 17.4583472], [78.4786136, 17.4584052]]]}, "properties": {"height": 8, "night": "#834728"}}, {"type": "Feature", "geometry": {"type": "Polygon", "coordinates": [[[78.4752606, 17.4571847], [78.475433, 17.4571665], [78.4754186, 17.4570421], [78.4752462, 17.4570602], [78.4752606, 17.4571847]]]}, "properties": {"height": 8, "night": "#804527"}}, {"type": "Feature", "geometry": {"type": "Polygon", "coordinates": [[[78.4784906, 17.4557799], [78.4785445, 17.4557233], [78.4784901, 17.4556761], [78.4784362, 17.4557327], [78.4784906, 17.4557799]]]}, "properties": {"height": 8, "night": "#874929"}}, {"type": "Feature", "geometry": {"type": "Polygon", "coordinates": [[[78.4776571, 17.4589762], [78.4778001, 17.4589619], [78.4777885, 17.4588564], [78.4776455, 17.4588707], [78.4776571, 17.4589762]]]}, "properties": {"height": 8, "night": "#814527"}}, {"type": "Feature", "geometry": {"type": "Polygon", "coordinates": [[[78.4776749, 17.4587291], [78.4778102, 17.4586115], [78.4777041, 17.4585003], [78.4775688, 17.4586179], [78.4776749, 17.4587291]]]}, "properties": {"height": 8, "night": "#824627"}}, {"type": "Feature", "geometry": {"type": "Polygon", "coordinates": [[[78.477827, 17.4568204], [78.4779145, 17.4567707], [78.4777249, 17.456467], [78.4776375, 17.4565166], [78.477827, 17.4568204]]]}, "properties": {"height": 8, "night": "#844728"}}, {"type": "Feature", "geometry": {"type": "Polygon", "coordinates": [[[78.4767488, 17.4582631], [78.4768402, 17.4582073], [78.4768182, 17.4581744], [78.4767267, 17.4582302], [78.4767488, 17.4582631]]]}, "properties": {"height": 8, "night": "#814527"}}, {"type": "Feature", "geometry": {"type": "Polygon", "coordinates": [[[78.4744643, 17.4559161], [78.4745213, 17.4558829], [78.4744048, 17.455701], [78.4743478, 17.4557343], [78.4744643, 17.4559161]]]}, "properties": {"height": 8, "night": "#804527"}}, {"type": "Feature", "geometry": {"type": "Polygon", "coordinates": [[[78.4782584, 17.4590851], [78.4784175, 17.4590677], [78.4784117, 17.4590199], [78.4782527, 17.4590372], [78.4782584, 17.4590851]]]}, "properties": {"height": 8, "night": "#824627"}}, {"type": "Feature", "geometry": {"type": "Polygon", "coordinates": [[[78.4781217, 17.4565664], [78.4782096, 17.4565216], [78.4781796, 17.4564681], [78.4780917, 17.456513], [78.4781217, 17.4565664]]]}, "properties": {"height": 8, "night": "#854829"}}, {"type": "Feature", "geometry": {"type": "Polygon", "coordinates": [[[78.4789128, 17.4565167], [78.4790303, 17.4564567], [78.4789638, 17.4563381], [78.4788463, 17.4563981], [78.4789128, 17.4565167]]]}, "properties": {"height": 8, "night": "#864829"}}, {"type": "Feature", "geometry": {"type": "Polygon", "coordinates": [[[78.4796284, 17.4596837], [78.4797332, 17.459655], [78.4796884, 17.4595066], [78.4795836, 17.4595354], [78.4796284, 17.4596837]]]}, "properties": {"height": 8, "night": "#824628"}}, {"type": "Feature", "geometry": {"type": "Polygon", "coordinates": [[[78.4793997, 17.4588507], [78.4795547, 17.4588081], [78.4795331, 17.4587363], [78.479378, 17.4587789], [78.4793997, 17.4588507]]]}, "properties": {"height": 8, "night": "#834728"}}, {"type": "Feature", "geometry": {"type": "Polygon", "coordinates": [[[78.4785723, 17.4567546], [78.4787358, 17.4566711], [78.478641, 17.4565021], [78.4784775, 17.4565855], [78.4785723, 17.4567546]]]}, "properties": {"height": 8, "night": "#864829"}}, {"type": "Feature", "geometry": {"type": "Polygon", "coordinates": [[[78.4790876, 17.4594661], [78.4794181, 17.4594156], [78.4793946, 17.4592761], [78.4790642, 17.4593266], [78.4790876, 17.4594661]]]}, "properties": {"height": 8, "night": "#824628"}}, {"type": "Feature", "geometry": {"type": "Polygon", "coordinates": [[[78.476801, 17.4583473], [78.4768787, 17.4582943], [78.4768317, 17.4582314], [78.4767539, 17.4582843], [78.476801, 17.4583473]]]}, "properties": {"height": 8, "night": "#814527"}}, {"type": "Feature", "geometry": {"type": "Polygon", "coordinates": [[[78.4786105, 17.4564416], [78.4786752, 17.4564085], [78.4785896, 17.4562563], [78.4785249, 17.4562894], [78.4786105, 17.4564416]]]}, "properties": {"height": 8, "night": "#864829"}}, {"type": "Feature", "geometry": {"type": "Polygon", "coordinates": [[[78.4794786, 17.4601308], [78.4796027, 17.4601097], [78.4795933, 17.4600597], [78.4796187, 17.4600554], [78.4796066, 17.4599901], [78.4794571, 17.4600156], [78.4794786, 17.4601308]]]}, "properties": {"height": 8, "night": "#814627"}}, {"type": "Feature", "geometry": {"type": "Polygon", "coordinates": [[[78.4781571, 17.4599507], [78.4781015, 17.4595739], [78.4778986, 17.4596006], [78.4779126, 17.4596803], [78.4780103, 17.4598248], [78.4780538, 17.4599633], [78.4781571, 17.4599507]]]}, "properties": {"height": 8, "night": "#804527"}}, {"type": "Feature", "geometry": {"type": "Polygon", "coordinates": [[[78.4985855, 17.4564946], [78.4986446, 17.4565758], [78.4987743, 17.4564899], [78.4987152, 17.4564087], [78.4985855, 17.4564946]]]}, "properties": {"height": 8, "night": "#844728"}}, {"type": "Feature", "geometry": {"type": "Polygon", "coordinates": [[[78.4993619, 17.4581128], [78.4994944, 17.4580914], [78.499476, 17.4579881], [78.4993435, 17.4580095], [78.4993619, 17.4581128]]]}, "properties": {"height": 8, "night": "#814527"}}, {"type": "Feature", "geometry": {"type": "Polygon", "coordinates": [[[78.4954149, 17.4582942], [78.4955227, 17.4583543], [78.4956279, 17.4581827], [78.4955201, 17.4581225], [78.4954149, 17.4582942]]]}, "properties": {"height": 8, "night": "#864829"}}, {"type": "Feature", "geometry": {"type": "Polygon", "coordinates": [[[78.498153, 17.4569851], [78.4982096, 17.4570628], [78.498334, 17.4569804], [78.4982774, 17.4569027], [78.498153, 17.4569851]]]}, "properties": {"height": 8, "night": "#844728"}}, {"type": "Feature", "geometry": {"type": "Polygon", "coordinates": [[[78.5010667, 17.4594264], [78.501114, 17.4595027], [78.5012935, 17.4594013], [78.5012462, 17.459325], [78.5010667, 17.4594264]]]}, "properties": {"height": 8, "night": "#7d4326"}}, {"type": "Feature", "geometry": {"type": "Polygon", "coordinates": [[[78.4992064, 17.4573897], [78.4993385, 17.4573158], [78.4992876, 17.4572329], [78.4991555, 17.4573068], [78.4992064, 17.4573897]]]}, "properties": {"height": 8, "night": "#824628"}}, {"type": "Feature", "geometry": {"type": "Polygon", "coordinates": [[[78.4970377, 17.4589542], [78.4970995, 17.4590207], [78.4972079, 17.458929], [78.497146, 17.4588625], [78.4970377, 17.4589542]]]}, "properties": {"height": 8, "night": "#834628"}}, {"type": "Feature", "geometry": {"type": "Polygon", "coordinates": [[[78.498287, 17.4568834], [78.4983455, 17.4569636], [78.498468, 17.4568824], [78.4984096, 17.4568022], [78.498287, 17.4568834]]]}, "properties": {"height": 8, "night": "#844728"}}, {"type": "Feature", "geometry": {"type": "Polygon", "coordinates": [[[78.4968574, 17.4593943], [78.4969438, 17.4594873], [78.4970615, 17.4593877], [78.4969751, 17.4592948], [78.4968574, 17.4593943]]]}, "properties": {"height": 8, "night": "#824628"}}, {"type": "Feature", "geometry": {"type": "Polygon", "coordinates": [[[78.4961031, 17.4594331], [78.4961762, 17.4595074], [78.4962889, 17.4594065], [78.4962158, 17.4593322], [78.4961031, 17.4594331]]]}, "properties": {"height": 8, "night": "#834728"}}, {"type": "Feature", "geometry": {"type": "Polygon", "coordinates": [[[78.4964908, 17.4595791], [78.496556, 17.4596454], [78.4966478, 17.4595633], [78.4965825, 17.4594969], [78.4964908, 17.4595791]]]}, "properties": {"height": 8, "night": "#824628"}}, {"type": "Feature", "geometry": {"type": "Polygon", "coordinates": [[[78.5017572, 17.4600695], [78.5018176, 17.4601578], [78.5019308, 17.4600874], [78.5018703, 17.459999], [78.5017572, 17.4600695]]]}, "properties": {"height": 8, "night": "#7b4225"}}, {"type": "Feature", "geometry": {"type": "Polygon", "coordinates": [[[78.49682, 17.4599743], [78.4969042, 17.4600598], [78.4970026, 17.4599717], [78.4969185, 17.4598862], [78.49682, 17.4599743]]]}, "properties": {"height": 8, "night": "#814627"}}, {"type": "Feature", "geometry": {"type": "Polygon", "coordinates": [[[78.4987356, 17.4584245], [78.4988202, 17.4584269], [78.4988246, 17.4582855], [78.4987399, 17.4582831], [78.4987356, 17.4584245]]]}, "properties": {"height": 8, "night": "#824627"}}, {"type": "Feature", "geometry": {"type": "Polygon", "coordinates": [[[78.4980756, 17.4585421], [78.4982704, 17.4585637], [78.4982831, 17.4584597], [78.4980882, 17.4584381], [78.4980756, 17.4585421]]]}, "properties": {"height": 8, "night": "#824628"}}, {"type": "Feature", "geometry": {"type": "Polygon", "coordinates": [[[78.4974741, 17.4584148], [78.4976054, 17.4584458], [78.4976366, 17.4583257], [78.4975052, 17.4582946], [78.4974741, 17.4584148]]]}, "properties": {"height": 8, "night": "#834728"}}, {"type": "Feature", "geometry": {"type": "Polygon", "coordinates": [[[78.4978575, 17.4576977], [78.4980298, 17.4577031], [78.4980333, 17.4576023], [78.4978609, 17.4575969], [78.4978575, 17.4576977]]]}, "properties": {"height": 8, "night": "#844728"}}, {"type": "Feature", "geometry": {"type": "Polygon", "coordinates": [[[78.4967315, 17.4588863], [78.4968112, 17.4589673], [78.496933, 17.4588583], [78.4968532, 17.4587772], [78.4967315, 17.4588863]]]}, "properties": {"height": 8, "night": "#834728"}}, {"type": "Feature", "geometry": {"type": "Polygon", "coordinates": [[[78.498308, 17.4584544], [78.4984854, 17.458474], [78.4984968, 17.4583798], [78.4983194, 17.4583602], [78.498308, 17.4584544]]]}, "properties": {"height": 8, "night": "#824628"}}, {"type": "Feature", "geometry": {"type": "Polygon", "coordinates": [[[78.4976705, 17.4583033], [78.4977716, 17.4583272], [78.4978116, 17.4581733], [78.4977104, 17.4581494], [78.4976705, 17.4583033]]]}, "properties": {"height": 8, "night": "#834728"}}, {"type": "Feature", "geometry": {"type": "Polygon", "coordinates": [[[78.4982235, 17.4570914], [78.4982868, 17.4571784], [78.4984181, 17.4570914], [78.4983548, 17.4570044], [78.4982235, 17.4570914]]]}, "properties": {"height": 8, "night": "#844728"}}, {"type": "Feature", "geometry": {"type": "Polygon", "coordinates": [[[78.497919, 17.4566838], [78.4979818, 17.4567701], [78.4981136, 17.4566828], [78.4980508, 17.4565965], [78.497919, 17.4566838]]]}, "properties": {"height": 8, "night": "#854829"}}, {"type": "Feature", "geometry": {"type": "Polygon", "coordinates": [[[78.4957496, 17.4600276], [78.495806, 17.4600861], [78.4959073, 17.4599972], [78.4958509, 17.4599387], [78.4957496, 17.4600276]]]}, "properties": {"height": 8, "night": "#824628"}}, {"type": "Feature", "geometry": {"type": "Polygon", "coordinates": [[[78.4960567, 17.4591408], [78.4961314, 17.4592167], [78.4962345, 17.4591244], [78.4961599, 17.4590485], [78.4960567, 17.4591408]]]}, "properties": {"height": 8, "night": "#844728"}}, {"type": "Feature", "geometry": {"type": "Polygon", "coordinates": [[[78.4988571, 17.4577576], [78.4990065, 17.457674], [78.49895, 17.4575822], [78.4988006, 17.4576657], [78.4988571, 17.4577576]]]}, "properties": {"height": 8, "night": "#824628"}}, {"type": "Feature", "geometry": {"type": "Polygon", "coordinates": [[[78.4990352, 17.4574951], [78.4991748, 17.457417], [78.4991213, 17.45733], [78.4989817, 17.4574081], [78.4990352, 17.4574951]]]}, "properties": {"height": 8, "night": "#824628"}}, {"type": "Feature", "geometry": {"type": "Polygon", "coordinates": [[[78.4949981, 17.458009], [78.4951107, 17.4580718], [78.4951848, 17.4579509], [78.4950722, 17.4578881], [78.4949981, 17.458009]]]}, "properties": {"height": 8, "night": "#874929"}}, {"type": "Feature", "geometry": {"type": "Polygon", "coordinates": [[[78.4986647, 17.4565898], [78.498721, 17.4566671], [78.4988702, 17.4565683], [78.4988139, 17.456491], [78.4986647, 17.4565898]]]}, "properties": {"height": 8, "night": "#844728"}}, {"type": "Feature", "geometry": {"type": "Polygon", "coordinates": [[[78.4991178, 17.4582618], [78.4992643, 17.4582381], [78.4992465, 17.4581378], [78.4991, 17.4581614], [78.4991178, 17.4582618]]]}, "properties": {"height": 8, "night": "#814527"}}, {"type": "Feature", "geometry": {"type": "Polygon", "coordinates": [[[78.4962854, 17.4587653], [78.4963686, 17.4588499], [78.4964698, 17.4587593], [78.4963866, 17.4586747], [78.4962854, 17.4587653]]]}, "properties": {"height": 8, "night": "#844728"}}, {"type": "Feature", "geometry": {"type": "Polygon", "coordinates": [[[78.4960512, 17.4597811], [78.496117, 17.4598494], [78.496216, 17.4597625], [78.4961502, 17.4596942], [78.4960512, 17.4597811]]]}, "properties": {"height": 8, "night": "#834628"}}, {"type": "Feature", "geometry": {"type": "Polygon", "coordinates": [[[78.4995044, 17.45889], [78.499646, 17.4588671], [78.4996233, 17.4587396], [78.4994817, 17.4587625], [78.4995044, 17.45889]]]}, "properties": {"height": 8, "night": "#804527"}}, {"type": "Feature", "geometry": {"type": "Polygon", "coordinates": [[[78.4995569, 17.4581959], [78.4997275, 17.4581683], [78.4997022, 17.4580257], [78.4995316, 17.4580533], [78.4995569, 17.4581959]]]}, "properties": {"height": 8, "night": "#814527"}}, {"type": "Feature", "geometry": {"type": "Polygon", "coordinates": [[[78.4981335, 17.4581298], [78.4982881, 17.4581419], [78.4982981, 17.4580258], [78.4981434, 17.4580137], [78.4981335, 17.4581298]]]}, "properties": {"height": 8, "night": "#834628"}}, {"type": "Feature", "geometry": {"type": "Polygon", "coordinates": [[[78.4984387, 17.4570868], [78.4985045, 17.4571773], [78.4986284, 17.4570952], [78.4985626, 17.4570047], [78.4984387, 17.4570868]]]}, "properties": {"height": 8, "night": "#844728"}}, {"type": "Feature", "geometry": {"type": "Polygon", "coordinates": [[[78.4969923, 17.4598041], [78.4970449, 17.4598607], [78.49715, 17.4597718], [78.4970974, 17.4597152], [78.4969923, 17.4598041]]]}, "properties": {"height": 8, "night": "#824627"}}, {"type": "Feature", "geometry": {"type": "Polygon", "coordinates": [[[78.4962652, 17.4595863], [78.4963489, 17.4596713], [78.4964511, 17.4595798], [78.4963675, 17.4594948], [78.4962652, 17.4595863]]]}, "properties": {"height": 8, "night": "#834628"}}, {"type": "Feature", "geometry": {"type": "Polygon", "coordinates": [[[78.4986617, 17.4573742], [78.4988026, 17.4572809], [78.4987336, 17.4571861], [78.4985927, 17.4572794], [78.4986617, 17.4573742]]]}, "properties": {"height": 8, "night": "#834728"}}, {"type": "Feature", "geometry": {"type": "Polygon", "coordinates": [[[78.4989352, 17.4583469], [78.4990977, 17.4583207], [78.4990777, 17.4582084], [78.4989153, 17.4582346], [78.4989352, 17.4583469]]]}, "properties": {"height": 8, "night": "#814627"}}, {"type": "Feature", "geometry": {"type": "Polygon", "coordinates": [[[78.4988023, 17.4576465], [78.4989391, 17.45757], [78.4988903, 17.4574907], [78.4987536, 17.4575672], [78.4988023, 17.4576465]]]}, "properties": {"height": 8, "night": "#834628"}}, {"type": "Feature", "geometry": {"type": "Polygon", "coordinates": [[[78.4993248, 17.457609], [78.4994393, 17.4575449], [78.4993932, 17.4574699], [78.4992787, 17.457534], [78.4993248, 17.457609]]]}, "properties": {"height": 8, "night": "#824628"}}, {"type": "Feature", "geometry": {"type": "Polygon", "coordinates": [[[78.49711, 17.4590307], [78.497183, 17.4591092], [78.49729, 17.4590186], [78.4972171, 17.4589402], [78.49711, 17.4590307]]]}, "properties": {"height": 8, "night": "#834628"}}, {"type": "Feature", "geometry": {"type": "Polygon", "coordinates": [[[78.5016889, 17.4599538], [78.5017541, 17.4600491], [78.5018224, 17.4600066], [78.5017572, 17.4599113], [78.5016889, 17.4599538]]]}, "properties": {"height": 8, "night": "#7b4225"}}, {"type": "Feature", "geometry": {"type": "Polygon", "coordinates": [[[78.4950316, 17.459163], [78.4951311, 17.4592184], [78.4952315, 17.4590541], [78.4951321, 17.4589988], [78.4950316, 17.459163]]]}, "properties": {"height": 8, "night": "#854729"}}, {"type": "Feature", "geometry": {"type": "Polygon", "coordinates": [[[78.4988389, 17.4571123], [78.4988976, 17.457193], [78.4990208, 17.4571114], [78.4989621, 17.4570307], [78.4988389, 17.4571123]]]}, "properties": {"height": 8, "night": "#834728"}}, {"type": "Feature", "geometry": {"type": "Polygon", "coordinates": [[[78.4965801, 17.4593294], [78.4966614, 17.4594128], [78.4967744, 17.4593126], [78.4968447, 17.4593846], [78.4969503, 17.4592909], [78.4967987, 17.4591355], [78.4965801, 17.4593294]]]}, "properties": {"height": 8, "night": "#834628"}}, {"type": "Feature", "geometry": {"type": "Polygon", "coordinates": [[[78.4768905, 17.4597783], [78.4770026, 17.4597542], [78.4769861, 17.4596841], [78.476874, 17.4597082], [78.4768905, 17.4597783]]]}, "properties": {"height": 8, "night": "#7f4426"}}, {"type": "Feature", "geometry": {"type": "Polygon", "coordinates": [[[78.476959, 17.4600472], [78.4770376, 17.4600303], [78.4770233, 17.4599695], [78.4769447, 17.4599863], [78.476959, 17.4600472]]]}, "properties": {"height": 8, "night": "#7f4426"}}, {"type": "Feature", "geometry": {"type": "Polygon", "coordinates": [[[78.4765341, 17.4601532], [78.4766106, 17.4601381], [78.4765758, 17.4599779], [78.4764993, 17.459993], [78.4765341, 17.4601532]]]}, "properties": {"height": 8, "night": "#7e4326"}}, {"type": "Feature", "geometry": {"type": "Polygon", "coordinates": [[[78.4760281, 17.4598775], [78.4761903, 17.4598878], [78.4761937, 17.4598397], [78.4760314, 17.4598293], [78.4760281, 17.4598775]]]}, "properties": {"height": 8, "night": "#7e4326"}}, {"type": "Feature", "geometry": {"type": "Polygon", "coordinates": [[[78.4729481, 17.4595], [78.4730427, 17.4594622], [78.4730078, 17.4593826], [78.4729131, 17.4594204], [78.4729481, 17.4595]]]}, "properties": {"height": 8, "night": "#7a4125"}}, {"type": "Feature", "geometry": {"type": "Polygon", "coordinates": [[[78.4750317, 17.4589718], [78.4751914, 17.4589122], [78.4751647, 17.458847], [78.4750049, 17.4589065], [78.4750317, 17.4589718]]]}, "properties": {"height": 8, "night": "#7e4326"}}, {"type": "Feature", "geometry": {"type": "Polygon", "coordinates": [[[78.4746088, 17.4587053], [78.4747108, 17.4586673], [78.4746776, 17.4585864], [78.4745757, 17.4586244], [78.4746088, 17.4587053]]]}, "properties": {"height": 8, "night": "#7d4326"}}, {"type": "Feature", "geometry": {"type": "Polygon", "coordinates": [[[78.4750512, 17.4590679], [78.4752341, 17.4589998], [78.4752118, 17.4589454], [78.4750289, 17.4590135], [78.4750512, 17.4590679]]]}, "properties": {"height": 8, "night": "#7d4326"}}, {"type": "Feature", "geometry": {"type": "Polygon", "coordinates": [[[78.4731615, 17.4596832], [78.4732721, 17.459639], [78.4732242, 17.45953], [78.4731136, 17.4595741], [78.4731615, 17.4596832]]]}, "properties": {"height": 8, "night": "#7a4125"}}, {"type": "Feature", "geometry": {"type": "Polygon", "coordinates": [[[78.4731072, 17.4595336], [78.4732006, 17.4594963], [78.4731538, 17.4593899], [78.4730605, 17.4594272], [78.4731072, 17.4595336]]]}, "properties": {"height": 8, "night": "#7a4125"}}, {"type": "Feature", "geometry": {"type": "Polygon", "coordinates": [[[78.475487, 17.4588801], [78.4756247, 17.4588288], [78.4755969, 17.4587609], [78.4754592, 17.4588122], [78.475487, 17.4588801]]]}, "properties": {"height": 8, "night": "#7e4426"}}, {"type": "Feature", "geometry": {"type": "Polygon", "coordinates": [[[78.473948, 17.4590567], [78.4740426, 17.4590215], [78.4739954, 17.4589064], [78.4739009, 17.4589417], [78.473948, 17.4590567]]]}, "properties": {"height": 8, "night": "#7c4225"}}, {"type": "Feature", "geometry": {"type": "Polygon", "coordinates": [[[78.4753456, 17.458571], [78.4754874, 17.458511], [78.475458, 17.4584477], [78.4753161, 17.4585077], [78.4753456, 17.458571]]]}, "properties": {"height": 8, "night": "#7e4426"}}, {"type": "Feature", "geometry": {"type": "Polygon", "coordinates": [[[78.4751127, 17.4586821], [78.4752569, 17.4586284], [78.4752252, 17.4585508], [78.475081, 17.4586045], [78.4751127, 17.4586821]]]}, "properties": {"height": 8, "night": "#7e4426"}}, {"type": "Feature", "geometry": {"type": "Polygon", "coordinates": [[[78.475888, 17.4587846], [78.4760266, 17.458733], [78.4760086, 17.4586892], [78.4758701, 17.4587408], [78.475888, 17.4587846]]]}, "properties": {"height": 8, "night": "#7f4427"}}, {"type": "Feature", "geometry": {"type": "Polygon", "coordinates": [[[78.4745212, 17.4587632], [78.4745954, 17.4587355], [78.4745598, 17.4586487], [78.4744856, 17.4586763], [78.4745212, 17.4587632]]]}, "properties": {"height": 8, "night": "#7d4326"}}, {"type": "Feature", "geometry": {"type": "Polygon", "coordinates": [[[78.475744, 17.458231], [78.4758191, 17.4581993], [78.4757516, 17.458054], [78.4756765, 17.4580858], [78.475744, 17.458231]]]}, "properties": {"height": 8, "night": "#7f4427"}}, {"type": "Feature", "geometry": {"type": "Polygon", "coordinates": [[[78.4734491, 17.4598619], [78.4735713, 17.4598131], [78.4735171, 17.4596897], [78.4733949, 17.4597386], [78.4734491, 17.4598619]]]}, "properties": {"height": 8, "night": "#7a4125"}}, {"type": "Feature", "geometry": {"type": "Polygon", "coordinates": [[[78.5094858, 17.4474515], [78.5096534, 17.4473983], [78.5095973, 17.4472378], [78.5094298, 17.4472911], [78.5094858, 17.4474515]]]}, "properties": {"height": 8, "night": "#763f23"}}, {"type": "Feature", "geometry": {"type": "Polygon", "coordinates": [[[78.4880821, 17.4577236], [78.4881888, 17.457689], [78.4881297, 17.4575229], [78.488023, 17.4575575], [78.4880821, 17.4577236]]]}, "properties": {"height": 8, "night": "#8b4b2b"}}, {"type": "Feature", "geometry": {"type": "Polygon", "coordinates": [[[78.4870838, 17.4585551], [78.4871705, 17.4585233], [78.4871141, 17.4583834], [78.4870274, 17.4584153], [78.4870838, 17.4585551]]]}, "properties": {"height": 8, "night": "#8a4a2a"}}, {"type": "Feature", "geometry": {"type": "Polygon", "coordinates": [[[78.5004303, 17.4473575], [78.5005397, 17.4473792], [78.5005674, 17.4472518], [78.5004579, 17.4472302], [78.5004303, 17.4473575]]]}, "properties": {"height": 8, "night": "#874929"}}, {"type": "Feature", "geometry": {"type": "Polygon", "coordinates": [[[78.5021349, 17.456427], [78.5022677, 17.4564131], [78.5022583, 17.4563313], [78.5021255, 17.4563451], [78.5021349, 17.456427]]]}, "properties": {"height": 8, "night": "#7f4427"}}, {"type": "Feature", "geometry": {"type": "Polygon", "coordinates": [[[78.5049272, 17.459151], [78.5050403, 17.4591319], [78.5050241, 17.4590447], [78.504911, 17.4590638], [78.5049272, 17.459151]]]}, "properties": {"height": 8, "night": "#774024"}}, {"type": "Feature", "geometry": {"type": "Polygon", "coordinates": [[[78.4997629, 17.4478371], [78.4998666, 17.4478321], [78.4998588, 17.4476831], [78.4997551, 17.4476881], [78.4997629, 17.4478371]]]}, "properties": {"height": 8, "night": "#894a2a"}}, {"type": "Feature", "geometry": {"type": "Polygon", "coordinates": [[[78.5021761, 17.4489078], [78.502349, 17.4487877], [78.5022824, 17.4487003], [78.5021095, 17.4488204], [78.5021761, 17.4489078]]]}, "properties": {"height": 8, "night": "#844728"}}, {"type": "Feature", "geometry": {"type": "Polygon", "coordinates": [[[78.5028036, 17.4572653], [78.5029357, 17.4572438], [78.5029191, 17.4571512], [78.5027871, 17.4571726], [78.5028036, 17.4572653]]]}, "properties": {"height": 8, "night": "#7d4326"}}, {"type": "Feature", "geometry": {"type": "Polygon", "coordinates": [[[78.4871875, 17.4585197], [78.4872701, 17.4584894], [78.4872139, 17.4583499], [78.4871312, 17.4583802], [78.4871875, 17.4585197]]]}, "properties": {"height": 8, "night": "#8a4a2a"}}, {"type": "Feature", "geometry": {"type": "Polygon", "coordinates": [[[78.5042994, 17.4569146], [78.5044355, 17.4568697], [78.5044025, 17.4567786], [78.5042664, 17.4568235], [78.5042994, 17.4569146]]]}, "properties": {"height": 8, "night": "#7b4225"}}, {"type": "Feature", "geometry": {"type": "Polygon", "coordinates": [[[78.4873666, 17.4589234], [78.487432, 17.4589018], [78.4873735, 17.45874], [78.487308, 17.4587615], [78.4873666, 17.4589234]]]}, "properties": {"height": 8, "night": "#894a2a"}}, {"type": "Feature", "geometry": {"type": "Polygon", "coordinates": [[[78.4875506, 17.458868], [78.487629, 17.4588422], [78.4875665, 17.4586694], [78.4874881, 17.4586952], [78.4875506, 17.458868]]]}, "properties": {"height": 8, "night": "#894a2a"}}, {"type": "Feature", "geometry": {"type": "Polygon", "coordinates": [[[78.5002804, 17.4466306], [78.5003707, 17.4466749], [78.5004409, 17.4465448], [78.5003506, 17.4465004], [78.5002804, 17.4466306]]]}, "properties": {"height": 8, "night": "#87492a"}}, {"type": "Feature", "geometry": {"type": "Polygon", "coordinates": [[[78.5016298, 17.4556884], [78.5017206, 17.4558335], [78.501813, 17.4557808], [78.5017222, 17.4556358], [78.5016298, 17.4556884]]]}, "properties": {"height": 8, "night": "#804527"}}, {"type": "Feature", "geometry": {"type": "Polygon", "coordinates": [[[78.4872501, 17.4586951], [78.4873427, 17.4586611], [78.4872804, 17.4585066], [78.4871878, 17.4585406], [78.4872501, 17.4586951]]]}, "properties": {"height": 8, "night": "#894a2a"}}, {"type": "Feature", "geometry": {"type": "Polygon", "coordinates": [[[78.501231, 17.452237], [78.5013223, 17.4521939], [78.5012427, 17.4520403], [78.5011514, 17.4520834], [78.501231, 17.452237]]]}, "properties": {"height": 8, "night": "#844728"}}, {"type": "Feature", "geometry": {"type": "Polygon", "coordinates": [[[78.5001027, 17.4482059], [78.5002314, 17.4481998], [78.5002244, 17.4480685], [78.5000958, 17.4480746], [78.5001027, 17.4482059]]]}, "properties": {"height": 8, "night": "#88492a"}}, {"type": "Feature", "geometry": {"type": "Polygon", "coordinates": [[[78.5007449, 17.4518508], [78.5008194, 17.4518156], [78.5007594, 17.4516996], [78.5006848, 17.4517348], [78.5007449, 17.4518508]]]}, "properties": {"height": 8, "night": "#854829"}}, {"type": "Feature", "geometry": {"type": "Polygon", "coordinates": [[[78.5046025, 17.4588807], [78.5047421, 17.4588571], [78.5047249, 17.4587646], [78.5045853, 17.4587883], [78.5046025, 17.4588807]]]}, "properties": {"height": 8, "night": "#784024"}}, {"type": "Feature", "geometry": {"type": "Polygon", "coordinates": [[[78.4998871, 17.4478259], [78.4999859, 17.4478211], [78.4999781, 17.4476728], [78.4998793, 17.4476776], [78.4998871, 17.4478259]]]}, "properties": {"height": 8, "night": "#884a2a"}}, {"type": "Feature", "geometry": {"type": "Polygon", "coordinates": [[[78.5054184, 17.4588461], [78.5056119, 17.4588133], [78.5055895, 17.458693], [78.505396, 17.4587258], [78.5054184, 17.4588461]]]}, "properties": {"height": 8, "night": "#773f24"}}, {"type": "Feature", "geometry": {"type": "Polygon", "coordinates": [[[78.4874588, 17.4583946], [78.4877132, 17.4583083], [78.4876487, 17.4581351], [78.4873943, 17.4582214], [78.4874588, 17.4583946]]]}, "properties": {"height": 8, "night": "#8a4b2a"}}, {"type": "Feature", "geometry": {"type": "Polygon", "coordinates": [[[78.4888091, 17.4579421], [78.4889002, 17.4579087], [78.4888335, 17.4577433], [78.4887424, 17.4577768], [78.4888091, 17.4579421]]]}, "properties": {"height": 8, "night": "#8b4b2b"}}, {"type": "Feature", "geometry": {"type": "Polygon", "coordinates": [[[78.4876949, 17.4578767], [78.4878115, 17.4578389], [78.4877392, 17.4576357], [78.4876226, 17.4576735], [78.4876949, 17.4578767]]]}, "properties": {"height": 8, "night": "#8b4b2b"}}, {"type": "Feature", "geometry": {"type": "Polygon", "coordinates": [[[78.5097555, 17.4481848], [78.5098468, 17.448142], [78.5098059, 17.4480626], [78.5097146, 17.4481055], [78.5097555, 17.4481848]]]}, "properties": {"height": 8, "night": "#753e23"}}, {"type": "Feature", "geometry": {"type": "Polygon", "coordinates": [[[78.5052716, 17.4589859], [78.505396, 17.4589648], [78.5053783, 17.4588692], [78.5052538, 17.4588903], [78.5052716, 17.4589859]]]}, "properties": {"height": 8, "night": "#773f24"}}, {"type": "Feature", "geometry": {"type": "Polygon", "coordinates": [[[78.5051356, 17.4596139], [78.5052821, 17.459589], [78.5052677, 17.4595112], [78.5051211, 17.459536], [78.5051356, 17.4596139]]]}, "properties": {"height": 8, "night": "#773f23"}}, {"type": "Feature", "geometry": {"type": "Polygon", "coordinates": [[[78.5029751, 17.4581672], [78.5031071, 17.4581458], [78.5030911, 17.4580561], [78.502959, 17.4580775], [78.5029751, 17.4581672]]]}, "properties": {"height": 8, "night": "#7c4225"}}, {"type": "Feature", "geometry": {"type": "Polygon", "coordinates": [[[78.4886369, 17.4581968], [78.4887637, 17.4581503], [78.4886985, 17.4579887], [78.4885717, 17.4580353], [78.4886369, 17.4581968]]]}, "properties": {"height": 8, "night": "#8a4b2b"}}, {"type": "Feature", "geometry": {"type": "Polygon", "coordinates": [[[78.4883944, 17.4585466], [78.4884983, 17.4585124], [78.4884415, 17.4583553], [78.4883376, 17.4583895], [78.4883944, 17.4585466]]]}, "properties": {"height": 8, "night": "#8a4a2a"}}, {"type": "Feature", "geometry": {"type": "Polygon", "coordinates": [[[78.5021277, 17.4486564], [78.5022272, 17.4485904], [78.5021594, 17.4484974], [78.5020599, 17.4485633], [78.5021277, 17.4486564]]]}, "properties": {"height": 8, "night": "#844728"}}, {"type": "Feature", "geometry": {"type": "Polygon", "coordinates": [[[78.4873518, 17.4586541], [78.4874541, 17.4586165], [78.4873958, 17.4584721], [78.4872936, 17.4585096], [78.4873518, 17.4586541]]]}, "properties": {"height": 8, "night": "#894a2a"}}, {"type": "Feature", "geometry": {"type": "Polygon", "coordinates": [[[78.5097825, 17.447911], [78.5098602, 17.4478716], [78.5097731, 17.4477152], [78.5096954, 17.4477546], [78.5097825, 17.447911]]]}, "properties": {"height": 8, "night": "#753e23"}}, {"type": "Feature", "geometry": {"type": "Polygon", "coordinates": [[[78.5035434, 17.457997], [78.5036282, 17.4579832], [78.5036011, 17.4578318], [78.5035164, 17.4578456], [78.5035434, 17.457997]]]}, "properties": {"height": 8, "night": "#7b4225"}}, {"type": "Feature", "geometry": {"type": "Polygon", "coordinates": [[[78.5037664, 17.4579335], [78.5038305, 17.4579231], [78.5038085, 17.4578001], [78.5037445, 17.4578105], [78.5037664, 17.4579335]]]}, "properties": {"height": 8, "night": "#7b4225"}}, {"type": "Feature", "geometry": {"type": "Polygon", "coordinates": [[[78.5022243, 17.4556073], [78.5023268, 17.4558043], [78.5024227, 17.4557588], [78.5023201, 17.4555618], [78.5022243, 17.4556073]]]}, "properties": {"height": 8, "night": "#804427"}}, {"type": "Feature", "geometry": {"type": "Polygon", "coordinates": [[[78.5007786, 17.4469861], [78.5008748, 17.4470356], [78.5009142, 17.4469659], [78.500818, 17.4469164], [78.5007786, 17.4469861]]]}, "properties": {"height": 8, "night": "#864929"}}, {"type": "Feature", "geometry": {"type": "Polygon", "coordinates": [[[78.5019555, 17.4555189], [78.5020459, 17.4556633], [78.5021188, 17.4556218], [78.5020284, 17.4554774], [78.5019555, 17.4555189]]]}, "properties": {"height": 8, "night": "#804527"}}, {"type": "Feature", "geometry": {"type": "Polygon", "coordinates": [[[78.5010576, 17.4557662], [78.501173, 17.4557004], [78.5011171, 17.4556111], [78.5010017, 17.4556769], [78.5010576, 17.4557662]]]}, "properties": {"height": 8, "night": "#824627"}}, {"type": "Feature", "geometry": {"type": "Polygon", "coordinates": [[[78.5043201, 17.4578056], [78.5043668, 17.4578815], [78.5044971, 17.4578084], [78.5044504, 17.4577325], [78.5043201, 17.4578056]]]}, "properties": {"height": 8, "night": "#7a4125"}}, {"type": "Feature", "geometry": {"type": "Polygon", "coordinates": [[[78.5014286, 17.4495357], [78.5015219, 17.4495299], [78.5015137, 17.4494087], [78.5014204, 17.4494145], [78.5014286, 17.4495357]]]}, "properties": {"height": 8, "night": "#854829"}}, {"type": "Feature", "geometry": {"type": "Polygon", "coordinates": [[[78.500655, 17.4481859], [78.5007458, 17.4481816], [78.500738, 17.4480335], [78.5006472, 17.4480378], [78.500655, 17.4481859]]]}, "properties": {"height": 8, "night": "#874929"}}, {"type": "Feature", "geometry": {"type": "Polygon", "coordinates": [[[78.5027511, 17.4578005], [78.502867, 17.4577817], [78.502843, 17.4576475], [78.5027271, 17.4576663], [78.5027511, 17.4578005]]]}, "properties": {"height": 8, "night": "#7d4326"}}, {"type": "Feature", "geometry": {"type": "Polygon", "coordinates": [[[78.5009473, 17.4471789], [78.5011083, 17.447158], [78.5011844, 17.4470841], [78.5010344, 17.4470126], [78.5009473, 17.4471789]]]}, "properties": {"height": 8, "night": "#864829"}}, {"type": "Feature", "geometry": {"type": "Polygon", "coordinates": [[[78.5013668, 17.4519525], [78.5014388, 17.4519186], [78.5013829, 17.4518107], [78.5013109, 17.4518446], [78.5013668, 17.4519525]]]}, "properties": {"height": 8, "night": "#844728"}}, {"type": "Feature", "geometry": {"type": "Polygon", "coordinates": [[[78.5009261, 17.4467624], [78.5010803, 17.4468469], [78.5011516, 17.4467284], [78.5009974, 17.446644], [78.5009261, 17.4467624]]]}, "properties": {"height": 8, "night": "#864829"}}, {"type": "Feature", "geometry": {"type": "Polygon", "coordinates": [[[78.5010948, 17.4585074], [78.5012314, 17.4584531], [78.5011838, 17.4583441], [78.5010472, 17.4583984], [78.5010948, 17.4585074]]]}, "properties": {"height": 8, "night": "#7e4426"}}, {"type": "Feature", "geometry": {"type": "Polygon", "coordinates": [[[78.5014295, 17.4581121], [78.5015747, 17.4580544], [78.5015274, 17.457946], [78.5013822, 17.4580037], [78.5014295, 17.4581121]]]}, "properties": {"height": 8, "night": "#7e4426"}}, {"type": "Feature", "geometry": {"type": "Polygon", "coordinates": [[[78.5027931, 17.4580804], [78.5029047, 17.4580623], [78.50289, 17.4579797], [78.5027784, 17.4579978], [78.5027931, 17.4580804]]]}, "properties": {"height": 8, "night": "#7c4225"}}, {"type": "Feature", "geometry": {"type": "Polygon", "coordinates": [[[78.5099004, 17.4478511], [78.510001, 17.447795], [78.5099267, 17.4476737], [78.5098261, 17.4477298], [78.5099004, 17.4478511]]]}, "properties": {"height": 8, "night": "#753e23"}}, {"type": "Feature", "geometry": {"type": "Polygon", "coordinates": [[[78.5096788, 17.4479552], [78.5097626, 17.4479176], [78.5096686, 17.4477269], [78.5095847, 17.4477645], [78.5096788, 17.4479552]]]}, "properties": {"height": 8, "night": "#763f23"}}, {"type": "Feature", "geometry": {"type": "Polygon", "coordinates": [[[78.4877117, 17.4587677], [78.4877992, 17.4587389], [78.4877463, 17.4585928], [78.4876589, 17.4586216], [78.4877117, 17.4587677]]]}, "properties": {"height": 8, "night": "#894a2a"}}, {"type": "Feature", "geometry": {"type": "Polygon", "coordinates": [[[78.5029125, 17.4578453], [78.5030595, 17.4578214], [78.5030416, 17.4577212], [78.5028946, 17.4577451], [78.5029125, 17.4578453]]]}, "properties": {"height": 8, "night": "#7c4225"}}, {"type": "Feature", "geometry": {"type": "Polygon", "coordinates": [[[78.5018587, 17.4555657], [78.5019532, 17.4557166], [78.5020316, 17.4556719], [78.5019371, 17.455521], [78.5018587, 17.4555657]]]}, "properties": {"height": 8, "night": "#804527"}}, {"type": "Feature", "geometry": {"type": "Polygon", "coordinates": [[[78.5100041, 17.4480396], [78.5101496, 17.4479656], [78.5100625, 17.4478098], [78.509917, 17.4478838], [78.5100041, 17.4480396]]]}, "properties": {"height": 8, "night": "#753e23"}}, {"type": "Feature", "geometry": {"type": "Polygon", "coordinates": [[[78.5009601, 17.4556705], [78.5011529, 17.4555607], [78.5010915, 17.4554627], [78.5008987, 17.4555725], [78.5009601, 17.4556705]]]}, "properties": {"height": 8, "night": "#824627"}}, {"type": "Feature", "geometry": {"type": "Polygon", "coordinates": [[[78.5002171, 17.448054], [78.5003402, 17.4480481], [78.5003326, 17.4479048], [78.5002096, 17.4479107], [78.5002171, 17.448054]]]}, "properties": {"height": 8, "night": "#88492a"}}, {"type": "Feature", "geometry": {"type": "Polygon", "coordinates": [[[78.4869496, 17.4583477], [78.4870203, 17.4583245], [78.4869685, 17.4581812], [78.4868978, 17.4582045], [78.4869496, 17.4583477]]]}, "properties": {"height": 8, "night": "#8a4b2a"}}, {"type": "Feature", "geometry": {"type": "Polygon", "coordinates": [[[78.4999154, 17.4469678], [78.5000315, 17.4470248], [78.5000772, 17.4469401], [78.4999611, 17.4468831], [78.4999154, 17.4469678]]]}, "properties": {"height": 8, "night": "#88492a"}}, {"type": "Feature", "geometry": {"type": "Polygon", "coordinates": [[[78.5010969, 17.4474021], [78.5011998, 17.4473702], [78.5011555, 17.4472402], [78.5010527, 17.4472721], [78.5010969, 17.4474021]]]}, "properties": {"height": 8, "night": "#864829"}}, {"type": "Feature", "geometry": {"type": "Polygon", "coordinates": [[[78.5096971, 17.4474254], [78.5098711, 17.4473701], [78.5098145, 17.447208], [78.5096405, 17.4472633], [78.5096971, 17.4474254]]]}, "properties": {"height": 8, "night": "#753e23"}}, {"type": "Feature", "geometry": {"type": "Polygon", "coordinates": [[[78.5014521, 17.4501581], [78.5015923, 17.4501495], [78.5015851, 17.4500433], [78.5014449, 17.4500519], [78.5014521, 17.4501581]]]}, "properties": {"height": 8, "night": "#854829"}}, {"type": "Feature", "geometry": {"type": "Polygon", "coordinates": [[[78.4882732, 17.4578593], [78.4883847, 17.4578232], [78.4883289, 17.4576666], [78.4882175, 17.4577027], [78.4882732, 17.4578593]]]}, "properties": {"height": 8, "night": "#8b4b2b"}}, {"type": "Feature", "geometry": {"type": "Polygon", "coordinates": [[[78.4871356, 17.4587203], [78.487223, 17.4586882], [78.4871659, 17.4585467], [78.4870786, 17.4585788], [78.4871356, 17.4587203]]]}, "properties": {"height": 8, "night": "#894a2a"}}, {"type": "Feature", "geometry": {"type": "Polygon", "coordinates": [[[78.5016653, 17.4495226], [78.5017498, 17.4495174], [78.5017426, 17.4494106], [78.5016581, 17.4494158], [78.5016653, 17.4495226]]]}, "properties": {"height": 8, "night": "#854729"}}, {"type": "Feature", "geometry": {"type": "Polygon", "coordinates": [[[78.4876329, 17.4588099], [78.4876997, 17.4587879], [78.4876453, 17.4586377], [78.4875785, 17.4586597], [78.4876329, 17.4588099]]]}, "properties": {"height": 8, "night": "#894a2a"}}, {"type": "Feature", "geometry": {"type": "Polygon", "coordinates": [[[78.5005707, 17.4473998], [78.5006651, 17.4474112], [78.5006859, 17.4472548], [78.5005914, 17.4472434], [78.5005707, 17.4473998]]]}, "properties": {"height": 8, "night": "#874929"}}, {"type": "Feature", "geometry": {"type": "Polygon", "coordinates": [[[78.5006, 17.4467843], [78.5007251, 17.4468458], [78.5007971, 17.4467124], [78.500672, 17.4466509], [78.5006, 17.4467843]]]}, "properties": {"height": 8, "night": "#874929"}}, {"type": "Feature", "geometry": {"type": "Polygon", "coordinates": [[[78.5053871, 17.4595775], [78.5055043, 17.4595576], [78.5054868, 17.4594636], [78.5053696, 17.4594835], [78.5053871, 17.4595775]]]}, "properties": {"height": 8, "night": "#763f23"}}, {"type": "Feature", "geometry": {"type": "Polygon", "coordinates": [[[78.5009849, 17.4466272], [78.5011405, 17.446711], [78.5012042, 17.4466034], [78.5010485, 17.4465196], [78.5009849, 17.4466272]]]}, "properties": {"height": 8, "night": "#864829"}}, {"type": "Feature", "geometry": {"type": "Polygon", "coordinates": [[[78.500164, 17.4476299], [78.5002567, 17.4476254], [78.5002491, 17.4474797], [78.5001563, 17.4474841], [78.500164, 17.4476299]]]}, "properties": {"height": 8, "night": "#88492a"}}, {"type": "Feature", "geometry": {"type": "Polygon", "coordinates": [[[78.5033201, 17.458038], [78.5034214, 17.4580216], [78.5033934, 17.4578652], [78.5032922, 17.4578816], [78.5033201, 17.458038]]]}, "properties": {"height": 8, "night": "#7b4225"}}, {"type": "Feature", "geometry": {"type": "Polygon", "coordinates": [[[78.5014892, 17.4468838], [78.5017279, 17.4470157], [78.5017811, 17.4469281], [78.5015425, 17.4467962], [78.5014892, 17.4468838]]]}, "properties": {"height": 8, "night": "#854829"}}, {"type": "Feature", "geometry": {"type": "Polygon", "coordinates": [[[78.5048187, 17.4585174], [78.5049879, 17.4584888], [78.5049673, 17.4583784], [78.5047981, 17.4584071], [78.5048187, 17.4585174]]]}, "properties": {"height": 8, "night": "#784024"}}, {"type": "Feature", "geometry": {"type": "Polygon", "coordinates": [[[78.4879069, 17.4591745], [78.488038, 17.459124], [78.4880024, 17.4590399], [78.4878713, 17.4590903], [78.4879069, 17.4591745]]]}, "properties": {"height": 8, "night": "#884a2a"}}, {"type": "Feature", "geometry": {"type": "Polygon", "coordinates": [[[78.5042589, 17.4592113], [78.5043916, 17.4591888], [78.5043734, 17.4590909], [78.5042407, 17.4591134], [78.5042589, 17.4592113]]]}, "properties": {"height": 8, "night": "#784024"}}, {"type": "Feature", "geometry": {"type": "Polygon", "coordinates": [[[78.5015895, 17.4464724], [78.5017394, 17.4465449], [78.5018335, 17.4463681], [78.5016836, 17.4462955], [78.5015895, 17.4464724]]]}, "properties": {"height": 8, "night": "#854829"}}, {"type": "Feature", "geometry": {"type": "Polygon", "coordinates": [[[78.5044551, 17.4588933], [78.5045796, 17.4588722], [78.5045617, 17.4587758], [78.5044372, 17.4587969], [78.5044551, 17.4588933]]]}, "properties": {"height": 8, "night": "#794024"}}, {"type": "Feature", "geometry": {"type": "Polygon", "coordinates": [[[78.450293, 17.4570347], [78.4504588, 17.4570351], [78.4504614, 17.4569374], [78.4502932, 17.4569336], [78.450293, 17.4570347]]]}, "properties": {"height": 8, "night": "#542b17"}}, {"type": "Feature", "geometry": {"type": "Polygon", "coordinates": [[[78.4502287, 17.4568225], [78.4502308, 17.4567718], [78.4501923, 17.4567703], [78.4501942, 17.456725], [78.450142, 17.4567229], [78.4501379, 17.456819], [78.4502287, 17.4568225]]]}, "properties": {"height": 8, "night": "#542b17"}}, {"type": "Feature", "geometry": {"type": "Polygon", "coordinates": [[[78.462055, 17.4478539], [78.4621392, 17.4478499], [78.4621364, 17.4477957], [78.4621995, 17.4477927], [78.4621937, 17.4476806], [78.4620144, 17.4476891], [78.4620183, 17.4477642], [78.4620257, 17.4477638], [78.46203, 17.4478473], [78.4620546, 17.4478462], [78.462055, 17.4478539]]]}, "properties": {"height": 8, "night": "#6d3920"}}, {"type": "Feature", "geometry": {"type": "Polygon", "coordinates": [[[78.4627507, 17.4452407], [78.462914, 17.4452836], [78.4629192, 17.4452655], [78.4629525, 17.4452743], [78.462961, 17.4452448], [78.4630006, 17.4452552], [78.4630078, 17.44523], [78.4629785, 17.4452223], [78.462988, 17.4451893], [78.4630488, 17.4452053], [78.4630416, 17.4452302], [78.4631803, 17.4452667], [78.4631926, 17.4452241], [78.4632241, 17.4452324], [78.4632379, 17.4451846], [78.4632794, 17.4451956], [78.4633038, 17.4451111], [78.4627652, 17.4449694], [78.4627378, 17.4450644], [78.4627648, 17.4450715], [78.4627424, 17.4451488], [78.4627748, 17.4451574], [78.4627507, 17.4452407]]]}, "properties": {"height": 8, "night": "#6e3a21"}}, {"type": "Feature", "geometry": {"type": "Polygon", "coordinates": [[[78.4642503, 17.4456037], [78.4644042, 17.445605], [78.4644053, 17.4454879], [78.4642513, 17.4454866], [78.4642503, 17.4456037]]]}, "properties": {"height": 8, "night": "#713c21"}}, {"type": "Feature", "geometry": {"type": "Polygon", "coordinates": [[[78.4618478, 17.4455442], [78.4619621, 17.4454738], [78.4618992, 17.4453808], [78.4617849, 17.4454512], [78.4618478, 17.4455442]]]}, "properties": {"height": 8, "night": "#6c3920"}}, {"type": "Feature", "geometry": {"type": "Polygon", "coordinates": [[[78.4646854, 17.4454823], [78.4648728, 17.4454588], [78.4648566, 17.4453413], [78.4646692, 17.4453649], [78.4646854, 17.4454823]]]}, "properties": {"height": 8, "night": "#723c22"}}, {"type": "Feature", "geometry": {"type": "Polygon", "coordinates": [[[78.46284, 17.4486857], [78.463006, 17.4486799], [78.4630075, 17.4485379], [78.4628304, 17.4485483], [78.46284, 17.4486857]]]}, "properties": {"height": 8, "night": "#6f3a21"}}, {"type": "Feature", "geometry": {"type": "Polygon", "coordinates": [[[78.466361, 17.4451166], [78.466455, 17.4451048], [78.4664417, 17.4450084], [78.4663477, 17.4450202], [78.466361, 17.4451166]]]}, "properties": {"height": 8, "night": "#753e23"}}, {"type": "Feature", "geometry": {"type": "Polygon", "coordinates": [[[78.4620923, 17.4455676], [78.4622029, 17.4454891], [78.4621428, 17.445412], [78.4620322, 17.4454905], [78.4620923, 17.4455676]]]}, "properties": {"height": 8, "night": "#6d3920"}}, {"type": "Feature", "geometry": {"type": "Polygon", "coordinates": [[[78.4633049, 17.4462816], [78.4634724, 17.4462478], [78.463445, 17.4461242], [78.4632774, 17.4461581], [78.4633049, 17.4462816]]]}, "properties": {"height": 8, "night": "#6f3b21"}}, {"type": "Feature", "geometry": {"type": "Polygon", "coordinates": [[[78.4622857, 17.4484595], [78.4624778, 17.448455], [78.4624733, 17.4482786], [78.4622812, 17.4482831], [78.4622857, 17.4484595]]]}, "properties": {"height": 8, "night": "#6d3a20"}}, {"type": "Feature", "geometry": {"type": "Polygon", "coordinates": [[[78.4625652, 17.4486421], [78.4627058, 17.4486291], [78.4626999, 17.4485291], [78.4625638, 17.4485407], [78.4625652, 17.4486421]]]}, "properties": {"height": 8, "night": "#6e3a20"}}, {"type": "Feature", "geometry": {"type": "Polygon", "coordinates": [[[78.4621069, 17.4486621], [78.4622402, 17.4486467], [78.4622293, 17.4485611], [78.462096, 17.4485765], [78.4621069, 17.4486621]]]}, "properties": {"height": 8, "night": "#6d3a20"}}, {"type": "Feature", "geometry": {"type": "Polygon", "coordinates": [[[78.4625283, 17.4469401], [78.4627134, 17.4469048], [78.4626782, 17.4467368], [78.4624931, 17.4467721], [78.4625283, 17.4469401]]]}, "properties": {"height": 8, "night": "#6e3a20"}}, {"type": "Feature", "geometry": {"type": "Polygon", "coordinates": [[[78.4624064, 17.4479047], [78.4624943, 17.447893], [78.4624874, 17.4478459], [78.4623995, 17.4478576], [78.4624064, 17.4479047]]]}, "properties": {"height": 8, "night": "#6e3a20"}}, {"type": "Feature", "geometry": {"type": "Polygon", "coordinates": [[[78.4629051, 17.4458664], [78.4629998, 17.4458473], [78.4629727, 17.4457248], [78.462878, 17.4457439], [78.4629051, 17.4458664]]]}, "properties": {"height": 8, "night": "#6e3a21"}}, {"type": "Feature", "geometry": {"type": "Polygon", "coordinates": [[[78.4623205, 17.4463368], [78.4624746, 17.4463319], [78.4624624, 17.4459815], [78.4623084, 17.4459864], [78.4623205, 17.4463368]]]}, "properties": {"height": 8, "night": "#6d3a20"}}, {"type": "Feature", "geometry": {"type": "Polygon", "coordinates": [[[78.4658541, 17.4465175], [78.4659942, 17.4464184], [78.4658904, 17.4462849], [78.4657503, 17.4463841], [78.4658541, 17.4465175]]]}, "properties": {"height": 8, "night": "#743e23"}}, {"type": "Feature", "geometry": {"type": "Polygon", "coordinates": [[[78.4651205, 17.4457665], [78.4652297, 17.4457528], [78.4652147, 17.4456445], [78.4651055, 17.4456583], [78.4651205, 17.4457665]]]}, "properties": {"height": 8, "night": "#733d22"}}, {"type": "Feature", "geometry": {"type": "Polygon", "coordinates": [[[78.462691, 17.4480852], [78.4628858, 17.4480668], [78.462871, 17.4479245], [78.4626762, 17.4479429], [78.462691, 17.4480852]]]}, "properties": {"height": 8, "night": "#6e3a21"}}, {"type": "Feature", "geometry": {"type": "Polygon", "coordinates": [[[78.466671, 17.4450602], [78.4667529, 17.4450499], [78.4667421, 17.4449718], [78.4666602, 17.4449821], [78.466671, 17.4450602]]]}, "properties": {"height": 8, "night": "#753e23"}}, {"type": "Feature", "geometry": {"type": "Polygon", "coordinates": [[[78.4656994, 17.4461216], [78.4658678, 17.4461011], [78.4658513, 17.4459778], [78.4656829, 17.4459983], [78.4656994, 17.4461216]]]}, "properties": {"height": 8, "night": "#743e23"}}, {"type": "Feature", "geometry": {"type": "Polygon", "coordinates": [[[78.4638617, 17.4455623], [78.4639583, 17.4455616], [78.4639558, 17.4452662], [78.4638591, 17.4452669], [78.4638617, 17.4455623]]]}, "properties": {"height": 8, "night": "#703b21"}}, {"type": "Feature", "geometry": {"type": "Polygon", "coordinates": [[[78.4620174, 17.4454492], [78.4621329, 17.44538], [78.4620704, 17.445285], [78.4619549, 17.4453542], [78.4620174, 17.4454492]]]}, "properties": {"height": 8, "night": "#6d3920"}}, {"type": "Feature", "geometry": {"type": "Polygon", "coordinates": [[[78.4621624, 17.4481626], [78.4621526, 17.4480167], [78.4619099, 17.4480316], [78.4619146, 17.4481006], [78.4620362, 17.4480932], [78.4620414, 17.44817], [78.4621624, 17.4481626]]]}, "properties": {"height": 8, "night": "#6d3920"}}, {"type": "Feature", "geometry": {"type": "Polygon", "coordinates": [[[78.4619773, 17.4475223], [78.4620651, 17.4474837], [78.4620333, 17.4474204], [78.4620173, 17.4474476], [78.4619887, 17.4474572], [78.4619721, 17.4474229], [78.4619367, 17.4474384], [78.4619773, 17.4475223]]]}, "properties": {"height": 8, "night": "#6d3920"}}, {"type": "Feature", "geometry": {"type": "Polygon", "coordinates": [[[78.45871, 17.4176834], [78.4588258, 17.4176689], [78.4587978, 17.4174662], [78.4589246, 17.4174503], [78.4589142, 17.4173935], [78.4588494, 17.4173953], [78.4588157, 17.4173554], [78.4586482, 17.4173488], [78.4586673, 17.4174876], [78.4586828, 17.4174856], [78.45871, 17.4176834]]]}, "properties": {"height": 8, "night": "#4c2614"}}, {"type": "Feature", "geometry": {"type": "Polygon", "coordinates": [[[78.4886573, 17.4552212], [78.4887118, 17.4552124], [78.4886915, 17.4550975], [78.488637, 17.4551063], [78.4886573, 17.4552212]]]}, "properties": {"height": 8, "night": "#904e2d"}}, {"type": "Feature", "geometry": {"type": "Polygon", "coordinates": [[[78.5073761, 17.4561821], [78.5074574, 17.4562474], [78.507557, 17.4561346], [78.5074757, 17.4560692], [78.5073761, 17.4561821]]]}, "properties": {"height": 8, "night": "#763f23"}}, {"type": "Feature", "geometry": {"type": "Polygon", "coordinates": [[[78.4598618, 17.4196057], [78.459866, 17.4197092], [78.4603064, 17.4196929], [78.4603096, 17.4197736], [78.46048, 17.4197673], [78.4604749, 17.4196406], [78.4606226, 17.4196351], [78.46062, 17.4195727], [78.4607078, 17.4195694], [78.4606977, 17.419321], [78.4605971, 17.4193397], [78.4605702, 17.4192922], [78.460515, 17.4192742], [78.4604746, 17.4192858], [78.4604355, 17.4193243], [78.4603092, 17.4193354], [78.4603195, 17.4195888], [78.4598618, 17.4196057]]]}, "properties": {"height": 8, "night": "#512916"}}, {"type": "Feature", "geometry": {"type": "Polygon", "coordinates": [[[78.5060961, 17.4519244], [78.5061796, 17.4518854], [78.506123, 17.4517752], [78.5060396, 17.4518142], [78.5060961, 17.4519244]]]}, "properties": {"height": 8, "night": "#7b4225"}}, {"type": "Feature", "geometry": {"type": "Polygon", "coordinates": [[[78.4874576, 17.4567845], [78.4875438, 17.4567563], [78.4874963, 17.4566242], [78.4874101, 17.4566524], [78.4874576, 17.4567845]]]}, "properties": {"height": 8, "night": "#8d4c2c"}}, {"type": "Feature", "geometry": {"type": "Polygon", "coordinates": [[[78.5068961, 17.4517809], [78.5069588, 17.4519032], [78.5070408, 17.4518648], [78.5069781, 17.4517426], [78.5068961, 17.4517809]]]}, "properties": {"height": 8, "night": "#7a4125"}}, {"type": "Feature", "geometry": {"type": "Polygon", "coordinates": [[[78.5068019, 17.4546394], [78.5069027, 17.454604], [78.5068677, 17.4545135], [78.5067669, 17.4545489], [78.5068019, 17.4546394]]]}, "properties": {"height": 8, "night": "#794024"}}, {"type": "Feature", "geometry": {"type": "Polygon", "coordinates": [[[78.458136, 17.4190866], [78.4581506, 17.4189572], [78.4580265, 17.4189444], [78.4580119, 17.4190738], [78.458136, 17.4190866]]]}, "properties": {"height": 8, "night": "#4d2715"}}, {"type": "Feature", "geometry": {"type": "Polygon", "coordinates": [[[78.4607234, 17.4223164], [78.4607564, 17.4224267], [78.4608696, 17.4223959], [78.4608365, 17.4222855], [78.4607234, 17.4223164]]]}, "properties": {"height": 8, "night": "#552c18"}}, {"type": "Feature", "geometry": {"type": "Polygon", "coordinates": [[[78.4606965, 17.4221892], [78.4607262, 17.4222963], [78.4608838, 17.4222565], [78.460854, 17.4221493], [78.4606965, 17.4221892]]]}, "properties": {"height": 8, "night": "#552b18"}}, {"type": "Feature", "geometry": {"type": "Polygon", "coordinates": [[[78.4878658, 17.4563985], [78.4879961, 17.4563559], [78.487947, 17.4562193], [78.4878167, 17.456262], [78.4878658, 17.4563985]]]}, "properties": {"height": 8, "night": "#8e4d2c"}}, {"type": "Feature", "geometry": {"type": "Polygon", "coordinates": [[[78.4610905, 17.4218175], [78.4613235, 17.4217977], [78.4613082, 17.4215589], [78.4610583, 17.4215664], [78.4610905, 17.4218175]]]}, "properties": {"height": 8, "night": "#552b17"}}, {"type": "Feature", "geometry": {"type": "Polygon", "coordinates": [[[78.4605899, 17.4184835], [78.4606435, 17.4184816], [78.4606418, 17.4184403], [78.4605883, 17.4184422], [78.4605899, 17.4184835]]]}, "properties": {"height": 8, "night": "#502815"}}, {"type": "Feature", "geometry": {"type": "Polygon", "coordinates": [[[78.4596588, 17.4177923], [78.4598652, 17.4177413], [78.4598312, 17.4176163], [78.4596249, 17.4176673], [78.4596588, 17.4177923]]]}, "properties": {"height": 8, "night": "#4d2715"}}, {"type": "Feature", "geometry": {"type": "Polygon", "coordinates": [[[78.5093953, 17.4538859], [78.5094912, 17.454024], [78.5095509, 17.4539863], [78.509455, 17.4538482], [78.5093953, 17.4538859]]]}, "properties": {"height": 8, "night": "#743e23"}}, {"type": "Feature", "geometry": {"type": "Polygon", "coordinates": [[[78.5057517, 17.4515898], [78.505828, 17.4517386], [78.5059204, 17.4516954], [78.5058441, 17.4515466], [78.5057517, 17.4515898]]]}, "properties": {"height": 8, "night": "#7c4225"}}, {"type": "Feature", "geometry": {"type": "Polygon", "coordinates": [[[78.5089036, 17.456472], [78.509019, 17.4565886], [78.5091429, 17.456477], [78.5090275, 17.4563604], [78.5089036, 17.456472]]]}, "properties": {"height": 8, "night": "#733d22"}}, {"type": "Feature", "geometry": {"type": "Polygon", "coordinates": [[[78.5071381, 17.4564144], [78.5072336, 17.4564536], [78.5072966, 17.4563137], [78.507201, 17.4562746], [78.5071381, 17.4564144]]]}, "properties": {"height": 8, "night": "#773f23"}}, {"type": "Feature", "geometry": {"type": "Polygon", "coordinates": [[[78.5086736, 17.4541845], [78.5087964, 17.4541075], [78.5087634, 17.4540596], [78.5086406, 17.4541366], [78.5086736, 17.4541845]]]}, "properties": {"height": 8, "night": "#753e23"}}, {"type": "Feature", "geometry": {"type": "Polygon", "coordinates": [[[78.5081558, 17.4551995], [78.5082271, 17.4552773], [78.508294, 17.4552216], [78.5082228, 17.4551437], [78.5081558, 17.4551995]]]}, "properties": {"height": 8, "night": "#763f23"}}, {"type": "Feature", "geometry": {"type": "Polygon", "coordinates": [[[78.5080164, 17.4548889], [78.5080893, 17.4548628], [78.5080306, 17.4547135], [78.5079577, 17.4547396], [78.5080164, 17.4548889]]]}, "properties": {"height": 8, "night": "#763f23"}}, {"type": "Feature", "geometry": {"type": "Polygon", "coordinates": [[[78.5099128, 17.4558453], [78.5100155, 17.4559377], [78.5100756, 17.4558769], [78.5099729, 17.4557845], [78.5099128, 17.4558453]]]}, "properties": {"height": 8, "night": "#723c22"}}, {"type": "Feature", "geometry": {"type": "Polygon", "coordinates": [[[78.4589151, 17.4179277], [78.4590695, 17.4179022], [78.4590453, 17.4177685], [78.4588908, 17.417794], [78.4589151, 17.4179277]]]}, "properties": {"height": 8, "night": "#4c2614"}}, {"type": "Feature", "geometry": {"type": "Polygon", "coordinates": [[[78.5084625, 17.4553721], [78.5085306, 17.4554405], [78.5086246, 17.4553554], [78.5085566, 17.455287], [78.5084625, 17.4553721]]]}, "properties": {"height": 8, "night": "#753e23"}}, {"type": "Feature", "geometry": {"type": "Polygon", "coordinates": [[[78.4594157, 17.423044], [78.4596534, 17.4229973], [78.4596319, 17.4228977], [78.4593942, 17.4229445], [78.4594157, 17.423044]]]}, "properties": {"height": 8, "night": "#542b17"}}, {"type": "Feature", "geometry": {"type": "Polygon", "coordinates": [[[78.458148, 17.4183788], [78.4582936, 17.4183996], [78.4583137, 17.4182715], [78.4581681, 17.4182507], [78.458148, 17.4183788]]]}, "properties": {"height": 8, "night": "#4c2614"}}, {"type": "Feature", "geometry": {"type": "Polygon", "coordinates": [[[78.5082011, 17.4535], [78.5083173, 17.4534201], [78.5082684, 17.4533553], [78.5081522, 17.4534352], [78.5082011, 17.4535]]]}, "properties": {"height": 8, "night": "#773f24"}}, {"type": "Feature", "geometry": {"type": "Polygon", "coordinates": [[[78.4886623, 17.4595026], [78.4887458, 17.4594658], [78.4886873, 17.4593449], [78.4886038, 17.4593816], [78.4886623, 17.4595026]]]}, "properties": {"height": 8, "night": "#88492a"}}, {"type": "Feature", "geometry": {"type": "Polygon", "coordinates": [[[78.4881692, 17.4560631], [78.4882802, 17.4560281], [78.4882416, 17.4559166], [78.4881306, 17.4559516], [78.4881692, 17.4560631]]]}, "properties": {"height": 8, "night": "#8f4d2c"}}, {"type": "Feature", "geometry": {"type": "Polygon", "coordinates": [[[78.5088008, 17.4543221], [78.5088517, 17.4543884], [78.5089598, 17.4543128], [78.5089089, 17.4542465], [78.5088008, 17.4543221]]]}, "properties": {"height": 8, "night": "#753e23"}}, {"type": "Feature", "geometry": {"type": "Polygon", "coordinates": [[[78.4615988, 17.4228239], [78.4617683, 17.4227876], [78.461749, 17.4227058], [78.4615795, 17.4227421], [78.4615988, 17.4228239]]]}, "properties": {"height": 8, "night": "#572d18"}}, {"type": "Feature", "geometry": {"type": "Polygon", "coordinates": [[[78.4615324, 17.4225976], [78.4615506, 17.422673], [78.4617363, 17.4226321], [78.4617181, 17.4225567], [78.4615324, 17.4225976]]]}, "properties": {"height": 8, "night": "#572c18"}}, {"type": "Feature", "geometry": {"type": "Polygon", "coordinates": [[[78.4609871, 17.4214683], [78.4611446, 17.4214467], [78.461111, 17.4212231], [78.4609534, 17.4212447], [78.4609871, 17.4214683]]]}, "properties": {"height": 8, "night": "#542b17"}}, {"type": "Feature", "geometry": {"type": "Polygon", "coordinates": [[[78.5055079, 17.4530079], [78.5055943, 17.4529949], [78.505578, 17.4528963], [78.5054916, 17.4529093], [78.5055079, 17.4530079]]]}, "properties": {"height": 8, "night": "#7c4225"}}, {"type": "Feature", "geometry": {"type": "Polygon", "coordinates": [[[78.4602485, 17.418792], [78.4603855, 17.4187892], [78.4603821, 17.4186376], [78.4602451, 17.4186403], [78.4602485, 17.418792]]]}, "properties": {"height": 8, "night": "#502815"}}, {"type": "Feature", "geometry": {"type": "Polygon", "coordinates": [[[78.4607126, 17.4221455], [78.4608159, 17.4221169], [78.4607674, 17.4219575], [78.4606641, 17.4219861], [78.4607126, 17.4221455]]]}, "properties": {"height": 8, "night": "#552b17"}}, {"type": "Feature", "geometry": {"type": "Polygon", "coordinates": [[[78.4604193, 17.4159755], [78.4606299, 17.4160003], [78.4606457, 17.4158909], [78.4604334, 17.4158734], [78.4604193, 17.4159755]]]}, "properties": {"height": 8, "night": "#4c2614"}}, {"type": "Feature", "geometry": {"type": "Polygon", "coordinates": [[[78.5089108, 17.4537862], [78.5090914, 17.4536621], [78.5090428, 17.4535977], [78.5088622, 17.4537219], [78.5089108, 17.4537862]]]}, "properties": {"height": 8, "night": "#753e23"}}, {"type": "Feature", "geometry": {"type": "Polygon", "coordinates": [[[78.505057, 17.4530943], [78.5051605, 17.4530787], [78.5051428, 17.4529722], [78.5050394, 17.4529878], [78.505057, 17.4530943]]]}, "properties": {"height": 8, "night": "#7d4326"}}, {"type": "Feature", "geometry": {"type": "Polygon", "coordinates": [[[78.4614084, 17.4220415], [78.4613967, 17.4218661], [78.461277, 17.4218734], [78.4612886, 17.4220487], [78.4614084, 17.4220415]]]}, "properties": {"height": 8, "night": "#562c18"}}, {"type": "Feature", "geometry": {"type": "Polygon", "coordinates": [[[78.4601196, 17.4206579], [78.4602536, 17.4206522], [78.4602431, 17.4204301], [78.4601091, 17.4204359], [78.4601196, 17.4206579]]]}, "properties": {"height": 8, "night": "#522a16"}}, {"type": "Feature", "geometry": {"type": "Polygon", "coordinates": [[[78.4578836, 17.417407], [78.4580567, 17.4173928], [78.4580426, 17.4172348], [78.4578695, 17.4172489], [78.4578836, 17.417407]]]}, "properties": {"height": 8, "night": "#4a2514"}}, {"type": "Feature", "geometry": {"type": "Polygon", "coordinates": [[[78.4594272, 17.4177088], [78.4595659, 17.4176745], [78.459512, 17.4174762], [78.4593733, 17.4175105], [78.4594272, 17.4177088]]]}, "properties": {"height": 8, "night": "#4d2614"}}, {"type": "Feature", "geometry": {"type": "Polygon", "coordinates": [[[78.4572211, 17.4185761], [78.457464, 17.4185988], [78.4574793, 17.4184499], [78.4572364, 17.4184272], [78.4572211, 17.4185761]]]}, "properties": {"height": 8, "night": "#4b2614"}}, {"type": "Feature", "geometry": {"type": "Polygon", "coordinates": [[[78.4578412, 17.4183789], [78.4580214, 17.4184047], [78.4580557, 17.4181866], [78.4578755, 17.4181608], [78.4578412, 17.4183789]]]}, "properties": {"height": 8, "night": "#4c2614"}}, {"type": "Feature", "geometry": {"type": "Polygon", "coordinates": [[[78.5090434, 17.4539811], [78.5091034, 17.4540605], [78.5092915, 17.4539312], [78.5092315, 17.4538518], [78.5090434, 17.4539811]]]}, "properties": {"height": 8, "night": "#753e23"}}, {"type": "Feature", "geometry": {"type": "Polygon", "coordinates": [[[78.4596766, 17.4229123], [78.4597069, 17.4230524], [78.4598762, 17.4230191], [78.459846, 17.4228789], [78.4596766, 17.4229123]]]}, "properties": {"height": 8, "night": "#552b17"}}, {"type": "Feature", "geometry": {"type": "Polygon", "coordinates": [[[78.4582253, 17.4178537], [78.4584173, 17.4178752], [78.4584448, 17.4176507], [78.4582528, 17.4176293], [78.4582253, 17.4178537]]]}, "properties": {"height": 8, "night": "#4b2614"}}, {"type": "Feature", "geometry": {"type": "Polygon", "coordinates": [[[78.4604819, 17.4230473], [78.4605815, 17.4230267], [78.4605712, 17.422981], [78.4604715, 17.4230016], [78.4604819, 17.4230473]]]}, "properties": {"height": 8, "night": "#562c18"}}, {"type": "Feature", "geometry": {"type": "Polygon", "coordinates": [[[78.4612, 17.4183025], [78.4613547, 17.418289], [78.4613438, 17.4181753], [78.4611891, 17.4181888], [78.4612, 17.4183025]]]}, "properties": {"height": 8, "night": "#502816"}}, {"type": "Feature", "geometry": {"type": "Polygon", "coordinates": [[[78.4579186, 17.4179158], [78.4579519, 17.4176441], [78.4577214, 17.4176184], [78.4576996, 17.4177963], [78.4576881, 17.4178901], [78.4579186, 17.4179158]]]}, "properties": {"height": 8, "night": "#4b2514"}}, {"type": "Feature", "geometry": {"type": "Polygon", "coordinates": [[[78.456506, 17.4207698], [78.4566414, 17.4207945], [78.4567207, 17.4206974], [78.4567179, 17.4206375], [78.4566097, 17.4206099], [78.456506, 17.4207698]]]}, "properties": {"height": 8, "night": "#4d2715"}}, {"type": "Feature", "geometry": {"type": "Polygon", "coordinates": [[[78.4605033, 17.4207272], [78.4605063, 17.4207903], [78.4605388, 17.4207889], [78.4605432, 17.4208834], [78.4606323, 17.4208796], [78.4606248, 17.420722], [78.4605033, 17.4207272]]]}, "properties": {"height": 8, "night": "#532a17"}}, {"type": "Feature", "geometry": {"type": "Polygon", "coordinates": [[[78.4883899, 17.4595969], [78.4884588, 17.4595666], [78.4884087, 17.459463], [78.4883398, 17.4594933], [78.4883899, 17.4595969]]]}, "properties": {"height": 8, "night": "#88492a"}}, {"type": "Feature", "geometry": {"type": "Polygon", "coordinates": [[[78.4579558, 17.4203066], [78.4581072, 17.4203149], [78.4581142, 17.4201985], [78.458048, 17.4201949], [78.4580497, 17.4201668], [78.4579646, 17.4201622], [78.4579558, 17.4203066]]]}, "properties": {"height": 8, "night": "#4f2815"}}, {"type": "Feature", "geometry": {"type": "Polygon", "coordinates": [[[78.4880995, 17.456969], [78.4881963, 17.4569373], [78.4881376, 17.456774], [78.4880408, 17.4568057], [78.4880995, 17.456969]]]}, "properties": {"height": 8, "night": "#8d4c2b"}}, {"type": "Feature", "geometry": {"type": "Polygon", "coordinates": [[[78.4608923, 17.4226625], [78.4609637, 17.4226471], [78.4609321, 17.4225141], [78.4607989, 17.4225429], [78.4608165, 17.4226169], [78.4608783, 17.4226035], [78.4608923, 17.4226625]]]}, "properties": {"height": 8, "night": "#562c18"}}, {"type": "Feature", "geometry": {"type": "Polygon", "coordinates": [[[78.5065775, 17.4512348], [78.5066535, 17.451383], [78.5067505, 17.4513378], [78.5066744, 17.4511896], [78.5065775, 17.4512348]]]}, "properties": {"height": 8, "night": "#7b4225"}}, {"type": "Feature", "geometry": {"type": "Polygon", "coordinates": [[[78.5085158, 17.4555896], [78.5085712, 17.4556507], [78.5087522, 17.4555014], [78.5086968, 17.4554403], [78.5085158, 17.4555896]]]}, "properties": {"height": 8, "night": "#753e23"}}, {"type": "Feature", "geometry": {"type": "Polygon", "coordinates": [[[78.5092266, 17.4559138], [78.5093137, 17.455993], [78.5094389, 17.4558676], [78.5093518, 17.4557884], [78.5092266, 17.4559138]]]}, "properties": {"height": 8, "night": "#733d22"}}, {"type": "Feature", "geometry": {"type": "Polygon", "coordinates": [[[78.5095465, 17.4569524], [78.50966, 17.4569986], [78.5097129, 17.4568803], [78.5095994, 17.4568341], [78.5095465, 17.4569524]]]}, "properties": {"height": 8, "night": "#723c22"}}, {"type": "Feature", "geometry": {"type": "Polygon", "coordinates": [[[78.5063766, 17.4560029], [78.5065639, 17.4559745], [78.506535, 17.4558017], [78.5063902, 17.4558238], [78.506399, 17.4558765], [78.5063567, 17.4558829], [78.5063766, 17.4560029]]]}, "properties": {"height": 8, "night": "#784024"}}, {"type": "Feature", "geometry": {"type": "Polygon", "coordinates": [[[78.4585618, 17.4201781], [78.4587515, 17.4201812], [78.4587529, 17.4201049], [78.4588219, 17.4201061], [78.458824, 17.4199877], [78.458755, 17.4199865], [78.4587563, 17.4199186], [78.4585665, 17.4199155], [78.4585618, 17.4201781]]]}, "properties": {"height": 8, "night": "#4f2815"}}, {"type": "Feature", "geometry": {"type": "Polygon", "coordinates": [[[78.4565568, 17.4202255], [78.4568256, 17.4202385], [78.4568351, 17.4200599], [78.4567457, 17.4200555], [78.4567445, 17.4200781], [78.4566608, 17.420074], [78.4566589, 17.4201105], [78.4565631, 17.4201059], [78.4565568, 17.4202255]]]}, "properties": {"height": 8, "night": "#4d2614"}}, {"type": "Feature", "geometry": {"type": "Polygon", "coordinates": [[[78.4596481, 17.4214495], [78.4597814, 17.4215694], [78.4598558, 17.4214942], [78.45993, 17.4215106], [78.4599968, 17.4214586], [78.4599766, 17.4213878], [78.4597794, 17.4214361], [78.4597357, 17.4214086], [78.4596749, 17.4214106], [78.4596481, 17.4214495]]]}, "properties": {"height": 8, "night": "#532a17"}}, {"type": "Feature", "geometry": {"type": "Polygon", "coordinates": [[[78.5097106, 17.4540423], [78.5098334, 17.4542067], [78.5099326, 17.4541393], [78.5098098, 17.4539748], [78.5097106, 17.4540423]]]}, "properties": {"height": 8, "night": "#733d22"}}, {"type": "Feature", "geometry": {"type": "Polygon", "coordinates": [[[78.4875579, 17.4561094], [78.4876547, 17.4560777], [78.487597, 17.4559171], [78.4875002, 17.4559488], [78.4875579, 17.4561094]]]}, "properties": {"height": 8, "night": "#8f4d2c"}}, {"type": "Feature", "geometry": {"type": "Polygon", "coordinates": [[[78.5083893, 17.4534577], [78.5084937, 17.4533891], [78.5084584, 17.4533402], [78.508354, 17.4534088], [78.5083893, 17.4534577]]]}, "properties": {"height": 8, "night": "#763f23"}}, {"type": "Feature", "geometry": {"type": "Polygon", "coordinates": [[[78.4878592, 17.4597672], [78.4880039, 17.4596958], [78.4879419, 17.4595815], [78.4877972, 17.4596528], [78.4878592, 17.4597672]]]}, "properties": {"height": 8, "night": "#874929"}}, {"type": "Feature", "geometry": {"type": "Polygon", "coordinates": [[[78.4887815, 17.4599017], [78.4888689, 17.4598681], [78.4888088, 17.4597256], [78.4887213, 17.4597592], [78.4887815, 17.4599017]]]}, "properties": {"height": 8, "night": "#874929"}}, {"type": "Feature", "geometry": {"type": "Polygon", "coordinates": [[[78.4876391, 17.4562297], [78.4877633, 17.4561891], [78.4877212, 17.456072], [78.487597, 17.4561127], [78.4876391, 17.4562297]]]}, "properties": {"height": 8, "night": "#8e4d2c"}}, {"type": "Feature", "geometry": {"type": "Polygon", "coordinates": [[[78.4874728, 17.4562997], [78.4876325, 17.4562475], [78.4875872, 17.4561215], [78.4874275, 17.4561737], [78.4874728, 17.4562997]]]}, "properties": {"height": 8, "night": "#8e4d2c"}}, {"type": "Feature", "geometry": {"type": "Polygon", "coordinates": [[[78.500843, 17.4493481], [78.501009, 17.4493395], [78.5010007, 17.4491942], [78.5008347, 17.4492028], [78.500843, 17.4493481]]]}, "properties": {"height": 8, "night": "#864829"}}, {"type": "Feature", "geometry": {"type": "Polygon", "coordinates": [[[78.5061194, 17.4555951], [78.5062774, 17.455564], [78.5062414, 17.4553977], [78.5060835, 17.4554288], [78.5061194, 17.4555951]]]}, "properties": {"height": 8, "night": "#794124"}}, {"type": "Feature", "geometry": {"type": "Polygon", "coordinates": [[[78.5097095, 17.4556805], [78.5098229, 17.4557742], [78.5098754, 17.4557164], [78.509762, 17.4556227], [78.5097095, 17.4556805]]]}, "properties": {"height": 8, "night": "#723d22"}}, {"type": "Feature", "geometry": {"type": "Polygon", "coordinates": [[[78.4887571, 17.4601443], [78.4888305, 17.4601177], [78.4887703, 17.4599666], [78.4886969, 17.4599932], [78.4887571, 17.4601443]]]}, "properties": {"height": 8, "night": "#864929"}}, {"type": "Feature", "geometry": {"type": "Polygon", "coordinates": [[[78.4883457, 17.4552902], [78.4884189, 17.4552785], [78.4883971, 17.4551544], [78.4883238, 17.4551662], [78.4883457, 17.4552902]]]}, "properties": {"height": 8, "night": "#904e2d"}}, {"type": "Feature", "geometry": {"type": "Polygon", "coordinates": [[[78.4895385, 17.4554726], [78.4896282, 17.455456], [78.4895894, 17.4552655], [78.4894997, 17.4552821], [78.4895385, 17.4554726]]]}, "properties": {"height": 8, "night": "#904e2c"}}, {"type": "Feature", "geometry": {"type": "Polygon", "coordinates": [[[78.5059841, 17.4515159], [78.506051, 17.4516464], [78.506175, 17.4515885], [78.5061081, 17.451458], [78.5059841, 17.4515159]]]}, "properties": {"height": 8, "night": "#7c4225"}}, {"type": "Feature", "geometry": {"type": "Polygon", "coordinates": [[[78.5077736, 17.4557937], [78.5078503, 17.4558681], [78.5079361, 17.4557876], [78.5078594, 17.4557132], [78.5077736, 17.4557937]]]}, "properties": {"height": 8, "night": "#763f23"}}, {"type": "Feature", "geometry": {"type": "Polygon", "coordinates": [[[78.4877083, 17.4564517], [78.4878421, 17.456408], [78.4877954, 17.4562781], [78.4876617, 17.4563219], [78.4877083, 17.4564517]]]}, "properties": {"height": 8, "night": "#8e4d2c"}}, {"type": "Feature", "geometry": {"type": "Polygon", "coordinates": [[[78.5014213, 17.4493191], [78.5015389, 17.4493165], [78.5015351, 17.4491608], [78.5014175, 17.4491635], [78.5014213, 17.4493191]]]}, "properties": {"height": 8, "night": "#854829"}}, {"type": "Feature", "geometry": {"type": "Polygon", "coordinates": [[[78.505407, 17.4531405], [78.5054969, 17.453127], [78.5054824, 17.4530395], [78.5053926, 17.4530531], [78.505407, 17.4531405]]]}, "properties": {"height": 8, "night": "#7c4225"}}, {"type": "Feature", "geometry": {"type": "Polygon", "coordinates": [[[78.5005261, 17.4493542], [78.500605, 17.4493524], [78.5006014, 17.4492114], [78.5005224, 17.4492133], [78.5005261, 17.4493542]]]}, "properties": {"height": 8, "night": "#874929"}}, {"type": "Feature", "geometry": {"type": "Polygon", "coordinates": [[[78.5095697, 17.4541011], [78.5096415, 17.4541972], [78.5097419, 17.4541291], [78.50967, 17.4540329], [78.5095697, 17.4541011]]]}, "properties": {"height": 8, "night": "#743d22"}}, {"type": "Feature", "geometry": {"type": "Polygon", "coordinates": [[[78.5070347, 17.4544313], [78.5071384, 17.454394], [78.5071008, 17.454299], [78.5069971, 17.4543364], [78.5070347, 17.4544313]]]}, "properties": {"height": 8, "night": "#784024"}}, {"type": "Feature", "geometry": {"type": "Polygon", "coordinates": [[[78.5064631, 17.4519003], [78.506615, 17.4518294], [78.5065634, 17.4517288], [78.5064115, 17.4517997], [78.5064631, 17.4519003]]]}, "properties": {"height": 8, "night": "#7b4225"}}, {"type": "Feature", "geometry": {"type": "Polygon", "coordinates": [[[78.5083471, 17.4533997], [78.508464, 17.4533225], [78.5084228, 17.4532658], [78.508306, 17.453343], [78.5083471, 17.4533997]]]}, "properties": {"height": 8, "night": "#773f23"}}, {"type": "Feature", "geometry": {"type": "Polygon", "coordinates": [[[78.4877878, 17.4596037], [78.4879294, 17.4595413], [78.4878625, 17.4594031], [78.4877209, 17.4594655], [78.4877878, 17.4596037]]]}, "properties": {"height": 8, "night": "#88492a"}}, {"type": "Feature", "geometry": {"type": "Polygon", "coordinates": [[[78.4885752, 17.4552518], [78.4886447, 17.4552407], [78.4886212, 17.4551074], [78.4885517, 17.4551185], [78.4885752, 17.4552518]]]}, "properties": {"height": 8, "night": "#904e2d"}}, {"type": "Feature", "geometry": {"type": "Polygon", "coordinates": [[[78.4889453, 17.455567], [78.489041, 17.4555493], [78.4890062, 17.4553783], [78.4889105, 17.4553961], [78.4889453, 17.455567]]]}, "properties": {"height": 8, "night": "#904e2c"}}, {"type": "Feature", "geometry": {"type": "Polygon", "coordinates": [[[78.4882934, 17.4560155], [78.4884092, 17.455979], [78.4883707, 17.4558681], [78.488255, 17.4559046], [78.4882934, 17.4560155]]]}, "properties": {"height": 8, "night": "#8f4d2c"}}, {"type": "Feature", "geometry": {"type": "Polygon", "coordinates": [[[78.5096127, 17.4555907], [78.5096922, 17.4556613], [78.5097584, 17.4555935], [78.5096788, 17.4555229], [78.5096127, 17.4555907]]]}, "properties": {"height": 8, "night": "#733d22"}}, {"type": "Feature", "geometry": {"type": "Polygon", "coordinates": [[[78.508134, 17.4554823], [78.5082136, 17.4555681], [78.5083644, 17.4554407], [78.5082847, 17.4553549], [78.508134, 17.4554823]]]}, "properties": {"height": 8, "night": "#753e23"}}, {"type": "Feature", "geometry": {"type": "Polygon", "coordinates": [[[78.5084688, 17.4536135], [78.5085669, 17.4535543], [78.5084894, 17.4534375], [78.5083914, 17.4534967], [78.5084688, 17.4536135]]]}, "properties": {"height": 8, "night": "#763f23"}}, {"type": "Feature", "geometry": {"type": "Polygon", "coordinates": [[[78.5089704, 17.4538646], [78.5091469, 17.4537433], [78.5090976, 17.453678], [78.5089211, 17.4537993], [78.5089704, 17.4538646]]]}, "properties": {"height": 8, "night": "#753e23"}}, {"type": "Feature", "geometry": {"type": "Polygon", "coordinates": [[[78.5078697, 17.4556994], [78.5079417, 17.4557726], [78.5080136, 17.4557083], [78.5079417, 17.455635], [78.5078697, 17.4556994]]]}, "properties": {"height": 8, "night": "#763f23"}}, {"type": "Feature", "geometry": {"type": "Polygon", "coordinates": [[[78.4884886, 17.4556404], [78.4885893, 17.4556215], [78.4885561, 17.4554605], [78.4884554, 17.4554794], [78.4884886, 17.4556404]]]}, "properties": {"height": 8, "night": "#904e2c"}}, {"type": "Feature", "geometry": {"type": "Polygon", "coordinates": [[[78.5091538, 17.4554364], [78.509232, 17.4555387], [78.5093572, 17.4554516], [78.509279, 17.4553493], [78.5091538, 17.4554364]]]}, "properties": {"height": 8, "night": "#743d22"}}, {"type": "Feature", "geometry": {"type": "Polygon", "coordinates": [[[78.509419, 17.4557128], [78.5095276, 17.4558118], [78.5095925, 17.455747], [78.5094839, 17.455648], [78.509419, 17.4557128]]]}, "properties": {"height": 8, "night": "#733d22"}}, {"type": "Feature", "geometry": {"type": "Polygon", "coordinates": [[[78.5094479, 17.4564087], [78.509505, 17.4564656], [78.5096447, 17.4563383], [78.5095876, 17.4562813], [78.5094479, 17.4564087]]]}, "properties": {"height": 8, "night": "#723d22"}}, {"type": "Feature", "geometry": {"type": "Polygon", "coordinates": [[[78.4884225, 17.4552669], [78.4884757, 17.4552583], [78.4884543, 17.4551367], [78.488401, 17.4551453], [78.4884225, 17.4552669]]]}, "properties": {"height": 8, "night": "#904e2d"}}, {"type": "Feature", "geometry": {"type": "Polygon", "coordinates": [[[78.5075137, 17.4560521], [78.5075837, 17.4561119], [78.5076605, 17.45603], [78.5075905, 17.4559703], [78.5075137, 17.4560521]]]}, "properties": {"height": 8, "night": "#763f23"}}, {"type": "Feature", "geometry": {"type": "Polygon", "coordinates": [[[78.5056977, 17.4514381], [78.5057584, 17.4515563], [78.50589, 17.4514948], [78.5058294, 17.4513766], [78.5056977, 17.4514381]]]}, "properties": {"height": 8, "night": "#7c4326"}}, {"type": "Feature", "geometry": {"type": "Polygon", "coordinates": [[[78.5043085, 17.4546803], [78.5044332, 17.4546603], [78.5043936, 17.4544358], [78.5042689, 17.4544558], [78.5043085, 17.4546803]]]}, "properties": {"height": 8, "night": "#7d4326"}}, {"type": "Feature", "geometry": {"type": "Polygon", "coordinates": [[[78.5041649, 17.453257], [78.5042678, 17.4532385], [78.5042453, 17.4531246], [78.5041424, 17.4531431], [78.5041649, 17.453257]]]}, "properties": {"height": 8, "night": "#7e4426"}}, {"type": "Feature", "geometry": {"type": "Polygon", "coordinates": [[[78.5063215, 17.4553506], [78.5064966, 17.4553086], [78.5064665, 17.4551943], [78.5062914, 17.4552363], [78.5063215, 17.4553506]]]}, "properties": {"height": 8, "night": "#794024"}}, {"type": "Feature", "geometry": {"type": "Polygon", "coordinates": [[[78.5022367, 17.4493073], [78.5022961, 17.4493059], [78.5022928, 17.4491793], [78.5022335, 17.4491807], [78.5022367, 17.4493073]]]}, "properties": {"height": 8, "night": "#844728"}}, {"type": "Feature", "geometry": {"type": "Polygon", "coordinates": [[[78.5088372, 17.4550469], [78.5089347, 17.455155], [78.5090495, 17.4550609], [78.508952, 17.4549527], [78.5088372, 17.4550469]]]}, "properties": {"height": 8, "night": "#743e23"}}, {"type": "Feature", "geometry": {"type": "Polygon", "coordinates": [[[78.5099149, 17.4567104], [78.5100296, 17.4567514], [78.5100822, 17.4566175], [78.5099675, 17.4565765], [78.5099149, 17.4567104]]]}, "properties": {"height": 8, "night": "#713c22"}}, {"type": "Feature", "geometry": {"type": "Polygon", "coordinates": [[[78.4880993, 17.4571907], [78.4881789, 17.4571647], [78.4881318, 17.4570337], [78.4880522, 17.4570597], [78.4880993, 17.4571907]]]}, "properties": {"height": 8, "night": "#8c4c2b"}}, {"type": "Feature", "geometry": {"type": "Polygon", "coordinates": [[[78.5021607, 17.449298], [78.5022158, 17.4492967], [78.5022125, 17.449172], [78.5021574, 17.4491733], [78.5021607, 17.449298]]]}, "properties": {"height": 8, "night": "#844728"}}, {"type": "Feature", "geometry": {"type": "Polygon", "coordinates": [[[78.506027, 17.4523079], [78.5061386, 17.4522558], [78.5060711, 17.4521242], [78.5059595, 17.4521763], [78.506027, 17.4523079]]]}, "properties": {"height": 8, "night": "#7b4225"}}, {"type": "Feature", "geometry": {"type": "Polygon", "coordinates": [[[78.4893489, 17.4551113], [78.4894398, 17.4550967], [78.4894201, 17.4549852], [78.4893292, 17.4549998], [78.4893489, 17.4551113]]]}, "properties": {"height": 8, "night": "#904e2d"}}, {"type": "Feature", "geometry": {"type": "Polygon", "coordinates": [[[78.5098416, 17.4568622], [78.5099564, 17.4569071], [78.5100122, 17.4567773], [78.5098974, 17.4567324], [78.5098416, 17.4568622]]]}, "properties": {"height": 8, "night": "#713c22"}}, {"type": "Feature", "geometry": {"type": "Polygon", "coordinates": [[[78.5080797, 17.4565817], [78.5081614, 17.4566491], [78.5082739, 17.456525], [78.5081922, 17.4564576], [78.5080797, 17.4565817]]]}, "properties": {"height": 8, "night": "#753e23"}}, {"type": "Feature", "geometry": {"type": "Polygon", "coordinates": [[[78.5089854, 17.4568457], [78.5089072, 17.4569227], [78.5090836, 17.4570857], [78.5091618, 17.4570087], [78.5089854, 17.4568457]]]}, "properties": {"height": 8, "night": "#733d22"}}, {"type": "Feature", "geometry": {"type": "Polygon", "coordinates": [[[78.5091729, 17.453344], [78.5093248, 17.4532396], [78.5092648, 17.4531602], [78.5091129, 17.4532646], [78.5091729, 17.453344]]]}, "properties": {"height": 8, "night": "#753e23"}}, {"type": "Feature", "geometry": {"type": "Polygon", "coordinates": [[[78.5098358, 17.4542214], [78.5098995, 17.4543067], [78.5100099, 17.4542317], [78.5099462, 17.4541464], [78.5098358, 17.4542214]]]}, "properties": {"height": 8, "night": "#733d22"}}, {"type": "Feature", "geometry": {"type": "Polygon", "coordinates": [[[78.5086532, 17.4559209], [78.5087677, 17.4560283], [78.5088236, 17.455974], [78.5087091, 17.4558667], [78.5086532, 17.4559209]]]}, "properties": {"height": 8, "night": "#743e23"}}, {"type": "Feature", "geometry": {"type": "Polygon", "coordinates": [[[78.4627736, 17.435888], [78.4629283, 17.4358612], [78.4629076, 17.4357523], [78.4627529, 17.4357791], [78.4627736, 17.435888]]]}, "properties": {"height": 8, "night": "#69371e"}}, {"type": "Feature", "geometry": {"type": "Polygon", "coordinates": [[[78.4625111, 17.4167738], [78.4624881, 17.4166895], [78.4623475, 17.4167245], [78.4623705, 17.4168088], [78.4625111, 17.4167738]]]}, "properties": {"height": 8, "night": "#4f2815"}}, {"type": "Feature", "geometry": {"type": "Polygon", "coordinates": [[[78.4624465, 17.4165815], [78.4624228, 17.416467], [78.4622899, 17.4164919], [78.4623135, 17.4166065], [78.4624465, 17.4165815]]]}, "properties": {"height": 8, "night": "#4f2815"}}, {"type": "Feature", "geometry": {"type": "Polygon", "coordinates": [[[78.462672, 17.4170188], [78.4626324, 17.4168602], [78.4625421, 17.4168807], [78.4625817, 17.4170393], [78.462672, 17.4170188]]]}, "properties": {"height": 8, "night": "#502816"}}, {"type": "Feature", "geometry": {"type": "Polygon", "coordinates": [[[78.4636506, 17.4335918], [78.4637785, 17.4335673], [78.4637637, 17.4334967], [78.4636358, 17.4335211], [78.4636506, 17.4335918]]]}, "properties": {"height": 8, "night": "#68361e"}}, {"type": "Feature", "geometry": {"type": "Polygon", "coordinates": [[[78.4631241, 17.4360523], [78.4631868, 17.4359719], [78.4630901, 17.4359033], [78.4630274, 17.4359836], [78.4631241, 17.4360523]]]}, "properties": {"height": 8, "night": "#69371f"}}, {"type": "Feature", "geometry": {"type": "Polygon", "coordinates": [[[78.4638636, 17.4340585], [78.4638549, 17.4339512], [78.4637465, 17.4339592], [78.4637552, 17.4340665], [78.4638636, 17.4340585]]]}, "properties": {"height": 8, "night": "#69371e"}}, {"type": "Feature", "geometry": {"type": "Polygon", "coordinates": [[[78.4639152, 17.4343101], [78.4639199, 17.4342022], [78.4637171, 17.4341941], [78.4637124, 17.434302], [78.4639152, 17.4343101]]]}, "properties": {"height": 8, "night": "#69371f"}}, {"type": "Feature", "geometry": {"type": "Polygon", "coordinates": [[[78.4632097, 17.4331783], [78.4633768, 17.4332328], [78.4634116, 17.4331357], [78.4632445, 17.4330812], [78.4632097, 17.4331783]]]}, "properties": {"height": 8, "night": "#67361e"}}, {"type": "Feature", "geometry": {"type": "Polygon", "coordinates": [[[78.4631996, 17.4337793], [78.4632276, 17.4337015], [78.4630552, 17.4336449], [78.4630272, 17.4337228], [78.4631996, 17.4337793]]]}, "properties": {"height": 8, "night": "#67361e"}}, {"type": "Feature", "geometry": {"type": "Polygon", "coordinates": [[[78.4635447, 17.4328787], [78.4634383, 17.4327939], [78.4633871, 17.4328523], [78.4634935, 17.4329371], [78.4635447, 17.4328787]]]}, "properties": {"height": 8, "night": "#67361e"}}, {"type": "Feature", "geometry": {"type": "Polygon", "coordinates": [[[78.4630528, 17.4342753], [78.4630535, 17.4341552], [78.4629288, 17.4341545], [78.4629282, 17.4342747], [78.4630528, 17.4342753]]]}, "properties": {"height": 8, "night": "#67361e"}}, {"type": "Feature", "geometry": {"type": "Polygon", "coordinates": [[[78.4633287, 17.434702], [78.4635032, 17.4347296], [78.4635318, 17.4345652], [78.4633572, 17.4345376], [78.4633287, 17.434702]]]}, "properties": {"height": 8, "night": "#68371e"}}, {"type": "Feature", "geometry": {"type": "Polygon", "coordinates": [[[78.4626162, 17.4352709], [78.4625857, 17.435051], [78.4624706, 17.4350656], [78.4625011, 17.4352854], [78.4626162, 17.4352709]]]}, "properties": {"height": 8, "night": "#68361e"}}, {"type": "Feature", "geometry": {"type": "Polygon", "coordinates": [[[78.4625136, 17.4162781], [78.4626064, 17.4162643], [78.4625889, 17.4161572], [78.4624961, 17.4161711], [78.4625136, 17.4162781]]]}, "properties": {"height": 8, "night": "#4e2715"}}, {"type": "Feature", "geometry": {"type": "Polygon", "coordinates": [[[78.462866, 17.4357304], [78.4628381, 17.4356339], [78.4627292, 17.4356626], [78.462757, 17.435759], [78.462866, 17.4357304]]]}, "properties": {"height": 8, "night": "#68371e"}}, {"type": "Feature", "geometry": {"type": "Polygon", "coordinates": [[[78.4627019, 17.4350074], [78.4626733, 17.434823], [78.4625612, 17.4348388], [78.4625898, 17.4350232], [78.4627019, 17.4350074]]]}, "properties": {"height": 8, "night": "#67361e"}}, {"type": "Feature", "geometry": {"type": "Polygon", "coordinates": [[[78.4638193, 17.435084], [78.4638765, 17.4349023], [78.4637734, 17.4348728], [78.4637162, 17.4350545], [78.4638193, 17.435084]]]}, "properties": {"height": 8, "night": "#69371f"}}, {"type": "Feature", "geometry": {"type": "Polygon", "coordinates": [[[78.4637316, 17.4339499], [78.463834, 17.4339358], [78.4638217, 17.4338548], [78.4637194, 17.4338689], [78.4637316, 17.4339499]]]}, "properties": {"height": 8, "night": "#68371e"}}, {"type": "Feature", "geometry": {"type": "Polygon", "coordinates": [[[78.4639001, 17.4337388], [78.4640866, 17.4337079], [78.4640705, 17.4336193], [78.463884, 17.4336501], [78.4639001, 17.4337388]]]}, "properties": {"height": 8, "night": "#68371e"}}, {"type": "Feature", "geometry": {"type": "Polygon", "coordinates": [[[78.4644489, 17.4376977], [78.4645789, 17.4376823], [78.4645663, 17.4375859], [78.4644364, 17.4376013], [78.4644489, 17.4376977]]]}, "properties": {"height": 8, "night": "#6d3a20"}}, {"type": "Feature", "geometry": {"type": "Polygon", "coordinates": [[[78.4638488, 17.4346148], [78.4637646, 17.4345622], [78.4637179, 17.4346301], [78.4638021, 17.4346828], [78.4638488, 17.4346148]]]}, "properties": {"height": 8, "night": "#69371f"}}, {"type": "Feature", "geometry": {"type": "Polygon", "coordinates": [[[78.4642846, 17.4386245], [78.464465, 17.4386076], [78.4643964, 17.437942], [78.4642159, 17.437959], [78.4642846, 17.4386245]]]}, "properties": {"height": 8, "night": "#6d3a20"}}, {"type": "Feature", "geometry": {"type": "Polygon", "coordinates": [[[78.4631033, 17.4171378], [78.4633184, 17.4170904], [78.4632994, 17.4170118], [78.4630843, 17.4170592], [78.4631033, 17.4171378]]]}, "properties": {"height": 8, "night": "#512916"}}, {"type": "Feature", "geometry": {"type": "Polygon", "coordinates": [[[78.4636527, 17.4352517], [78.4636869, 17.4350918], [78.463593, 17.4350734], [78.4635587, 17.4352333], [78.4636527, 17.4352517]]]}, "properties": {"height": 8, "night": "#69371f"}}, {"type": "Feature", "geometry": {"type": "Polygon", "coordinates": [[[78.4620388, 17.4336764], [78.4621002, 17.4336346], [78.4620632, 17.433585], [78.4620017, 17.4336268], [78.4620388, 17.4336764]]]}, "properties": {"height": 8, "night": "#65351d"}}, {"type": "Feature", "geometry": {"type": "Polygon", "coordinates": [[[78.4631708, 17.4361202], [78.463055, 17.4360341], [78.4629935, 17.4361094], [78.4631093, 17.4361955], [78.4631708, 17.4361202]]]}, "properties": {"height": 8, "night": "#69371f"}}, {"type": "Feature", "geometry": {"type": "Polygon", "coordinates": [[[78.4624429, 17.4360029], [78.4625929, 17.4359843], [78.4625803, 17.435892], [78.4624303, 17.4359106], [78.4624429, 17.4360029]]]}, "properties": {"height": 8, "night": "#68371e"}}, {"type": "Feature", "geometry": {"type": "Polygon", "coordinates": [[[78.4641003, 17.4344715], [78.4641171, 17.4343772], [78.4639485, 17.4343499], [78.4639318, 17.4344443], [78.4641003, 17.4344715]]]}, "properties": {"height": 8, "night": "#69371f"}}, {"type": "Feature", "geometry": {"type": "Polygon", "coordinates": [[[78.4630845, 17.4354029], [78.4630726, 17.4353162], [78.4629857, 17.435327], [78.4629977, 17.4354138], [78.4630845, 17.4354029]]]}, "properties": {"height": 8, "night": "#69371e"}}, {"type": "Feature", "geometry": {"type": "Polygon", "coordinates": [[[78.4634358, 17.4361157], [78.4632647, 17.4360585], [78.4632434, 17.4361168], [78.4632877, 17.4361316], [78.4632822, 17.4361467], [78.4634088, 17.436189], [78.4634358, 17.4361157]]]}, "properties": {"height": 8, "night": "#6a381f"}}, {"type": "Feature", "geometry": {"type": "Polygon", "coordinates": [[[78.5080438, 17.4262886], [78.5081482, 17.4262358], [78.5081121, 17.4261223], [78.5079884, 17.426172], [78.5080438, 17.4262886]]]}, "properties": {"height": 8, "night": "#65351d"}}, {"type": "Feature", "geometry": {"type": "Polygon", "coordinates": [[[78.5082779, 17.4259764], [78.5083574, 17.4259714], [78.508349, 17.4258494], [78.5082694, 17.4258544], [78.5082779, 17.4259764]]]}, "properties": {"height": 8, "night": "#64341d"}}, {"type": "Feature", "geometry": {"type": "Polygon", "coordinates": [[[78.4798718, 17.4479653], [78.4799761, 17.4479073], [78.4799918, 17.4479331], [78.4800333, 17.4479101], [78.4800402, 17.4479214], [78.4800763, 17.4479013], [78.4800124, 17.4477965], [78.4800023, 17.4478021], [78.4799733, 17.4477546], [78.4798015, 17.4478501], [78.4798718, 17.4479653]]]}, "properties": {"height": 8, "night": "#8f4e2c"}}, {"type": "Feature", "geometry": {"type": "Polygon", "coordinates": [[[78.479926, 17.4480897], [78.4800977, 17.4480933], [78.4800997, 17.4480075], [78.479928, 17.4480039], [78.479926, 17.4480897]]]}, "properties": {"height": 8, "night": "#8f4e2c"}}, {"type": "Feature", "geometry": {"type": "Polygon", "coordinates": [[[78.480749, 17.4482742], [78.480853, 17.4482851], [78.4808601, 17.4482228], [78.4807562, 17.4482119], [78.480749, 17.4482742]]]}, "properties": {"height": 8, "night": "#914f2d"}}, {"type": "Feature", "geometry": {"type": "Polygon", "coordinates": [[[78.4816661, 17.4490306], [78.4818413, 17.4490542], [78.4818537, 17.448971], [78.4816784, 17.4489473], [78.4816661, 17.4490306]]]}, "properties": {"height": 8, "night": "#93502e"}}, {"type": "Feature", "geometry": {"type": "Polygon", "coordinates": [[[78.4802176, 17.4481872], [78.4803061, 17.4481914], [78.4803139, 17.4480397], [78.4802255, 17.4480355], [78.4802176, 17.4481872]]]}, "properties": {"height": 8, "night": "#904e2d"}}, {"type": "Feature", "geometry": {"type": "Polygon", "coordinates": [[[78.4813949, 17.4493606], [78.4815828, 17.449387], [78.4815942, 17.4493133], [78.4814063, 17.4492869], [78.4813949, 17.4493606]]]}, "properties": {"height": 8, "night": "#924f2d"}}, {"type": "Feature", "geometry": {"type": "Polygon", "coordinates": [[[78.4794541, 17.4460014], [78.4796655, 17.4459988], [78.4796639, 17.4458789], [78.4794525, 17.4458815], [78.4794541, 17.4460014]]]}, "properties": {"height": 8, "night": "#8e4d2c"}}, {"type": "Feature", "geometry": {"type": "Polygon", "coordinates": [[[78.4795619, 17.4478507], [78.4796059, 17.4478295], [78.479544, 17.4477123], [78.4795, 17.4477334], [78.4795619, 17.4478507]]]}, "properties": {"height": 8, "night": "#8f4d2c"}}, {"type": "Feature", "geometry": {"type": "Polygon", "coordinates": [[[78.4803589, 17.447853], [78.4805138, 17.4478694], [78.4805241, 17.4477811], [78.4803692, 17.4477647], [78.4803589, 17.447853]]]}, "properties": {"height": 8, "night": "#904e2d"}}, {"type": "Feature", "geometry": {"type": "Polygon", "coordinates": [[[78.4803241, 17.4481956], [78.4804316, 17.4482025], [78.4804433, 17.4480369], [78.4803359, 17.44803], [78.4803241, 17.4481956]]]}, "properties": {"height": 8, "night": "#904e2d"}}, {"type": "Feature", "geometry": {"type": "Polygon", "coordinates": [[[78.4794174, 17.4481842], [78.4796066, 17.4480968], [78.4795348, 17.4479555], [78.4793457, 17.4480429], [78.4794174, 17.4481842]]]}, "properties": {"height": 8, "night": "#8e4d2c"}}, {"type": "Feature", "geometry": {"type": "Polygon", "coordinates": [[[78.479863, 17.4468715], [78.4799435, 17.4468697], [78.4799397, 17.4467188], [78.4798592, 17.4467207], [78.479863, 17.4468715]]]}, "properties": {"height": 8, "night": "#8f4e2c"}}, {"type": "Feature", "geometry": {"type": "Polygon", "coordinates": [[[78.4777395, 17.448893], [78.4777769, 17.4488922], [78.4777771, 17.4489007], [78.4778646, 17.4488987], [78.4778616, 17.448776], [78.4777023, 17.4487795], [78.4777038, 17.4488406], [78.4777102, 17.4488404], [78.4777108, 17.4488619], [78.4777387, 17.4488612], [78.4777395, 17.448893]]]}, "properties": {"height": 8, "night": "#8b4b2b"}}, {"type": "Feature", "geometry": {"type": "Polygon", "coordinates": [[[78.4690409, 17.4480795], [78.4691355, 17.4480694], [78.4691295, 17.4480187], [78.4690349, 17.4480289], [78.4690409, 17.4480795]]]}, "properties": {"height": 8, "night": "#7a4125"}}, {"type": "Feature", "geometry": {"type": "Polygon", "coordinates": [[[78.4690285, 17.4456754], [78.4692808, 17.4456722], [78.4692788, 17.4455305], [78.4690265, 17.4455337], [78.4690285, 17.4456754]]]}, "properties": {"height": 8, "night": "#7a4125"}}, {"type": "Feature", "geometry": {"type": "Polygon", "coordinates": [[[78.4698905, 17.4465032], [78.4698837, 17.4463708], [78.4697706, 17.4463761], [78.4697773, 17.4465084], [78.4698905, 17.4465032]]]}, "properties": {"height": 8, "night": "#7c4225"}}, {"type": "Feature", "geometry": {"type": "Polygon", "coordinates": [[[78.4772011, 17.4482772], [78.4772927, 17.4482772], [78.4772927, 17.4481011], [78.4772011, 17.4481011], [78.4772011, 17.4482772]]]}, "properties": {"height": 8, "night": "#8a4b2a"}}, {"type": "Feature", "geometry": {"type": "Polygon", "coordinates": [[[78.4691474, 17.4461391], [78.4692989, 17.4461366], [78.4692969, 17.4460265], [78.4691453, 17.446029], [78.4691474, 17.4461391]]]}, "properties": {"height": 8, "night": "#7a4125"}}, {"type": "Feature", "geometry": {"type": "Polygon", "coordinates": [[[78.4694931, 17.4470731], [78.4696196, 17.4470663], [78.4696143, 17.4469767], [78.4694878, 17.4469835], [78.4694931, 17.4470731]]]}, "properties": {"height": 8, "night": "#7b4225"}}, {"type": "Feature", "geometry": {"type": "Polygon", "coordinates": [[[78.4683736, 17.4456263], [78.4685904, 17.4456278], [78.4685916, 17.4454706], [78.4683749, 17.445469], [78.4683736, 17.4456263]]]}, "properties": {"height": 8, "night": "#794124"}}, {"type": "Feature", "geometry": {"type": "Polygon", "coordinates": [[[78.4771809, 17.4484352], [78.4772873, 17.4484352], [78.4772873, 17.4483055], [78.4771809, 17.4483055], [78.4771809, 17.4484352]]]}, "properties": {"height": 8, "night": "#8a4b2a"}}, {"type": "Feature", "geometry": {"type": "Polygon", "coordinates": [[[78.470101, 17.4453131], [78.4702613, 17.4453218], [78.4702762, 17.4450712], [78.4701159, 17.4450625], [78.470101, 17.4453131]]]}, "properties": {"height": 8, "night": "#7c4225"}}, {"type": "Feature", "geometry": {"type": "Polygon", "coordinates": [[[78.4684606, 17.4458579], [78.4685873, 17.4458611], [78.4685901, 17.4457597], [78.4684634, 17.4457565], [78.4684606, 17.4458579]]]}, "properties": {"height": 8, "night": "#794124"}}, {"type": "Feature", "geometry": {"type": "Polygon", "coordinates": [[[78.4691052, 17.4469998], [78.4692027, 17.4469946], [78.4691981, 17.4469163], [78.4691006, 17.4469216], [78.4691052, 17.4469998]]]}, "properties": {"height": 8, "night": "#7a4125"}}, {"type": "Feature", "geometry": {"type": "Polygon", "coordinates": [[[78.4684492, 17.4477616], [78.4685689, 17.4477507], [78.4685606, 17.4476676], [78.468441, 17.4476784], [78.4684492, 17.4477616]]]}, "properties": {"height": 8, "night": "#794124"}}, {"type": "Feature", "geometry": {"type": "Polygon", "coordinates": [[[78.4699515, 17.4460501], [78.4700628, 17.4460482], [78.4700625, 17.4460334], [78.4701114, 17.4460326], [78.4701109, 17.4460027], [78.4701267, 17.4460024], [78.4701245, 17.4458791], [78.4699484, 17.445882], [78.4699515, 17.4460501]]]}, "properties": {"height": 8, "night": "#7c4225"}}, {"type": "Feature", "geometry": {"type": "Polygon", "coordinates": [[[78.5001124, 17.4484097], [78.5002405, 17.4483957], [78.500228, 17.4482916], [78.5000999, 17.4483056], [78.5001124, 17.4484097]]]}, "properties": {"height": 8, "night": "#88492a"}}, {"type": "Feature", "geometry": {"type": "Polygon", "coordinates": [[[78.4889867, 17.4598396], [78.4891344, 17.4597849], [78.4890863, 17.4596667], [78.4889386, 17.4597214], [78.4889867, 17.4598396]]]}, "properties": {"height": 8, "night": "#874929"}}, {"type": "Feature", "geometry": {"type": "Polygon", "coordinates": [[[78.5032578, 17.4521978], [78.5033322, 17.4521732], [78.5032823, 17.452036], [78.503208, 17.4520606], [78.5032578, 17.4521978]]]}, "properties": {"height": 8, "night": "#814527"}}, {"type": "Feature", "geometry": {"type": "Polygon", "coordinates": [[[78.5072516, 17.4534011], [78.5073349, 17.4533708], [78.5072802, 17.4532337], [78.5071968, 17.453264], [78.5072516, 17.4534011]]]}, "properties": {"height": 8, "night": "#794024"}}, {"type": "Feature", "geometry": {"type": "Polygon", "coordinates": [[[78.4998649, 17.4484031], [78.4999979, 17.4483929], [78.4999845, 17.4482338], [78.4998514, 17.4482441], [78.4998649, 17.4484031]]]}, "properties": {"height": 8, "night": "#884a2a"}}, {"type": "Feature", "geometry": {"type": "Polygon", "coordinates": [[[78.4885048, 17.4561521], [78.4886155, 17.4561349], [78.4885878, 17.4559726], [78.4884772, 17.4559897], [78.4885048, 17.4561521]]]}, "properties": {"height": 8, "night": "#8e4d2c"}}, {"type": "Feature", "geometry": {"type": "Polygon", "coordinates": [[[78.5052356, 17.4528695], [78.5053383, 17.4528499], [78.5053187, 17.4527565], [78.505216, 17.4527761], [78.5052356, 17.4528695]]]}, "properties": {"height": 8, "night": "#7d4326"}}, {"type": "Feature", "geometry": {"type": "Polygon", "coordinates": [[[78.5034053, 17.4511219], [78.5035716, 17.4510519], [78.5035306, 17.4509633], [78.5033644, 17.4510333], [78.5034053, 17.4511219]]]}, "properties": {"height": 8, "night": "#814527"}}, {"type": "Feature", "geometry": {"type": "Polygon", "coordinates": [[[78.5053226, 17.4527296], [78.5055212, 17.4526941], [78.5055057, 17.4526151], [78.5053071, 17.4526505], [78.5053226, 17.4527296]]]}, "properties": {"height": 8, "night": "#7c4326"}}, {"type": "Feature", "geometry": {"type": "Polygon", "coordinates": [[[78.5087911, 17.4523164], [78.5088472, 17.4524081], [78.5089178, 17.4523689], [78.5088618, 17.4522771], [78.5087911, 17.4523164]]]}, "properties": {"height": 8, "night": "#763f23"}}, {"type": "Feature", "geometry": {"type": "Polygon", "coordinates": [[[78.4884647, 17.4559699], [78.4885411, 17.4559581], [78.4885076, 17.4557614], [78.4884312, 17.4557733], [78.4884647, 17.4559699]]]}, "properties": {"height": 8, "night": "#8f4e2c"}}, {"type": "Feature", "geometry": {"type": "Polygon", "coordinates": [[[78.5014021, 17.4513303], [78.5014711, 17.4514063], [78.5016025, 17.4512978], [78.5015335, 17.4512218], [78.5014021, 17.4513303]]]}, "properties": {"height": 8, "night": "#844728"}}, {"type": "Feature", "geometry": {"type": "Polygon", "coordinates": [[[78.5035178, 17.4514102], [78.5036009, 17.4515623], [78.5036832, 17.4515214], [78.5036, 17.4513693], [78.5035178, 17.4514102]]]}, "properties": {"height": 8, "night": "#804527"}}, {"type": "Feature", "geometry": {"type": "Polygon", "coordinates": [[[78.5011468, 17.4477838], [78.5012166, 17.4479151], [78.5012822, 17.4478833], [78.5012123, 17.447752], [78.5011468, 17.4477838]]]}, "properties": {"height": 8, "night": "#864829"}}, {"type": "Feature", "geometry": {"type": "Polygon", "coordinates": [[[78.5073494, 17.4533741], [78.507444, 17.4533389], [78.5073834, 17.4531905], [78.5072887, 17.4532257], [78.5073494, 17.4533741]]]}, "properties": {"height": 8, "night": "#784024"}}, {"type": "Feature", "geometry": {"type": "Polygon", "coordinates": [[[78.5092012, 17.4482521], [78.5093665, 17.4481913], [78.5092849, 17.4479893], [78.5091196, 17.4480502], [78.5092012, 17.4482521]]]}, "properties": {"height": 8, "night": "#763f23"}}, {"type": "Feature", "geometry": {"type": "Polygon", "coordinates": [[[78.5016722, 17.4516803], [78.5018313, 17.4516176], [78.5017907, 17.4515238], [78.5016316, 17.4515865], [78.5016722, 17.4516803]]]}, "properties": {"height": 8, "night": "#844728"}}, {"type": "Feature", "geometry": {"type": "Polygon", "coordinates": [[[78.5031816, 17.4493395], [78.503313, 17.4492649], [78.503259, 17.4491782], [78.5031276, 17.4492528], [78.5031816, 17.4493395]]]}, "properties": {"height": 8, "night": "#824628"}}, {"type": "Feature", "geometry": {"type": "Polygon", "coordinates": [[[78.4891228, 17.4558287], [78.4892247, 17.4558129], [78.4891961, 17.4556448], [78.4890941, 17.4556606], [78.4891228, 17.4558287]]]}, "properties": {"height": 8, "night": "#8f4e2c"}}, {"type": "Feature", "geometry": {"type": "Polygon", "coordinates": [[[78.4993094, 17.4424889], [78.4998719, 17.442474], [78.499869, 17.442374], [78.4993065, 17.442389], [78.4993094, 17.4424889]]]}, "properties": {"height": 8, "night": "#864929"}}, {"type": "Feature", "geometry": {"type": "Polygon", "coordinates": [[[78.5012061, 17.4510963], [78.5012599, 17.4511497], [78.5013812, 17.4510387], [78.5013274, 17.4509852], [78.5012061, 17.4510963]]]}, "properties": {"height": 8, "night": "#854829"}}, {"type": "Feature", "geometry": {"type": "Polygon", "coordinates": [[[78.5081662, 17.453124], [78.5082297, 17.4532313], [78.5083474, 17.4531679], [78.5082838, 17.4530606], [78.5081662, 17.453124]]]}, "properties": {"height": 8, "night": "#773f24"}}, {"type": "Feature", "geometry": {"type": "Polygon", "coordinates": [[[78.4975847, 17.455453], [78.4976674, 17.4554736], [78.4977075, 17.4553271], [78.4976248, 17.4553065], [78.4975847, 17.455453]]]}, "properties": {"height": 8, "night": "#874929"}}, {"type": "Feature", "geometry": {"type": "Polygon", "coordinates": [[[78.5007622, 17.4512669], [78.5008796, 17.4512109], [78.5008194, 17.451096], [78.500702, 17.451152], [78.5007622, 17.4512669]]]}, "properties": {"height": 8, "night": "#864829"}}, {"type": "Feature", "geometry": {"type": "Polygon", "coordinates": [[[78.4893673, 17.4559724], [78.4894354, 17.4559618], [78.4894094, 17.4558091], [78.4893413, 17.4558196], [78.4893673, 17.4559724]]]}, "properties": {"height": 8, "night": "#8f4d2c"}}, {"type": "Feature", "geometry": {"type": "Polygon", "coordinates": [[[78.4892076, 17.4595755], [78.4893132, 17.4595364], [78.4892584, 17.459402], [78.4891529, 17.459441], [78.4892076, 17.4595755]]]}, "properties": {"height": 8, "night": "#88492a"}}, {"type": "Feature", "geometry": {"type": "Polygon", "coordinates": [[[78.501289, 17.4422563], [78.5015471, 17.4422272], [78.5015199, 17.4420067], [78.5012617, 17.4420358], [78.501289, 17.4422563]]]}, "properties": {"height": 8, "night": "#834628"}}, {"type": "Feature", "geometry": {"type": "Polygon", "coordinates": [[[78.5035158, 17.4513831], [78.5036684, 17.451315], [78.5036269, 17.4512303], [78.5034743, 17.4512984], [78.5035158, 17.4513831]]]}, "properties": {"height": 8, "night": "#804527"}}, {"type": "Feature", "geometry": {"type": "Polygon", "coordinates": [[[78.5085048, 17.453215], [78.5085843, 17.4533232], [78.5086854, 17.4532555], [78.5086059, 17.4531473], [78.5085048, 17.453215]]]}, "properties": {"height": 8, "night": "#763f23"}}, {"type": "Feature", "geometry": {"type": "Polygon", "coordinates": [[[78.48893, 17.4596931], [78.4890858, 17.4596354], [78.4890282, 17.4594939], [78.4888724, 17.4595515], [78.48893, 17.4596931]]]}, "properties": {"height": 8, "night": "#87492a"}}, {"type": "Feature", "geometry": {"type": "Polygon", "coordinates": [[[78.5031768, 17.4524099], [78.503279, 17.4523803], [78.5032301, 17.4522264], [78.5031279, 17.4522559], [78.5031768, 17.4524099]]]}, "properties": {"height": 8, "night": "#814527"}}, {"type": "Feature", "geometry": {"type": "Polygon", "coordinates": [[[78.5078388, 17.4484335], [78.5080078, 17.4483639], [78.5079276, 17.4481866], [78.5077586, 17.4482562], [78.5078388, 17.4484335]]]}, "properties": {"height": 8, "night": "#794124"}}, {"type": "Feature", "geometry": {"type": "Polygon", "coordinates": [[[78.5050077, 17.4529035], [78.5051085, 17.4528817], [78.5050857, 17.4527854], [78.5049848, 17.4528071], [78.5050077, 17.4529035]]]}, "properties": {"height": 8, "night": "#7d4326"}}, {"type": "Feature", "geometry": {"type": "Polygon", "coordinates": [[[78.5015021, 17.4486636], [78.5015592, 17.4486878], [78.5016153, 17.448567], [78.5015581, 17.4485429], [78.5015021, 17.4486636]]]}, "properties": {"height": 8, "night": "#854829"}}, {"type": "Feature", "geometry": {"type": "Polygon", "coordinates": [[[78.5072789, 17.4531996], [78.5073702, 17.4531668], [78.5073106, 17.4530156], [78.5072193, 17.4530484], [78.5072789, 17.4531996]]]}, "properties": {"height": 8, "night": "#794024"}}, {"type": "Feature", "geometry": {"type": "Polygon", "coordinates": [[[78.5042633, 17.4516317], [78.5044044, 17.451595], [78.5043712, 17.4514788], [78.5042301, 17.4515155], [78.5042633, 17.4516317]]]}, "properties": {"height": 8, "night": "#7f4427"}}, {"type": "Feature", "geometry": {"type": "Polygon", "coordinates": [[[78.5018792, 17.447849], [78.5019242, 17.4479185], [78.5019895, 17.4478801], [78.5019445, 17.4478105], [78.5018792, 17.447849]]]}, "properties": {"height": 8, "night": "#844728"}}, {"type": "Feature", "geometry": {"type": "Polygon", "coordinates": [[[78.5093764, 17.4526041], [78.5094523, 17.4525698], [78.5093859, 17.4524359], [78.50931, 17.4524701], [78.5093764, 17.4526041]]]}, "properties": {"height": 8, "night": "#753e23"}}, {"type": "Feature", "geometry": {"type": "Polygon", "coordinates": [[[78.5084592, 17.45223], [78.508603, 17.4521796], [78.5085735, 17.452103], [78.5084297, 17.4521534], [78.5084592, 17.45223]]]}, "properties": {"height": 8, "night": "#773f24"}}, {"type": "Feature", "geometry": {"type": "Polygon", "coordinates": [[[78.5005614, 17.4485217], [78.5006855, 17.4484967], [78.5006395, 17.4482886], [78.5005154, 17.4483136], [78.5005614, 17.4485217]]]}, "properties": {"height": 8, "night": "#874929"}}, {"type": "Feature", "geometry": {"type": "Polygon", "coordinates": [[[78.4892218, 17.458938], [78.4893332, 17.4588893], [78.4892882, 17.4587955], [78.4891767, 17.4588442], [78.4892218, 17.458938]]]}, "properties": {"height": 8, "night": "#894a2a"}}, {"type": "Feature", "geometry": {"type": "Polygon", "coordinates": [[[78.5024456, 17.4477039], [78.5025141, 17.4477814], [78.5026393, 17.4476806], [78.5025708, 17.4476031], [78.5024456, 17.4477039]]]}, "properties": {"height": 8, "night": "#834728"}}]}