{"type": "FeatureCollection", "features": [{"type": "Feature", "geometry": {"type": "Polygon", "coordinates": [[[-112.015593, 33.4264835], [-112.0155876, 33.4226532], [-112.0160168, 33.4226532], [-112.0160248, 33.4264835], [-112.015593, 33.4264835]]]}, "properties": {"height": 8, "night": "#6f3b21"}}, {"type": "Feature", "geometry": {"type": "Polygon", "coordinates": [[[-112.0223219, 33.424744], [-112.0218554, 33.4247438], [-112.0217896, 33.4247438], [-112.0217882, 33.4247258], [-112.0218534, 33.4247235], [-112.0218464, 33.4244499], [-112.0223191, 33.4244523], [-112.0223219, 33.424744]]]}, "properties": {"height": 8, "night": "#6c3920"}}, {"type": "Feature", "geometry": {"type": "Polygon", "coordinates": [[[-112.006769, 33.4474213], [-112.0058993, 33.4474214], [-112.0058993, 33.4468512], [-112.0067664, 33.4468511], [-112.0067664, 33.4469842], [-112.0068283, 33.4469842], [-112.0068283, 33.4471168], [-112.0067689, 33.4471168], [-112.006769, 33.4474213]]]}, "properties": {"height": 8, "night": "#93502e"}}, {"type": "Feature", "geometry": {"type": "Polygon", "coordinates": [[[-112.0067999, 33.442314], [-112.0067965, 33.442925], [-112.0070789, 33.4429261], [-112.007082, 33.4423579], [-112.0070744, 33.4423579], [-112.0070745, 33.4423331], [-112.00701, 33.4423328], [-112.0070101, 33.4423148], [-112.0067999, 33.442314]]]}, "properties": {"height": 8, "night": "#904e2d"}}, {"type": "Feature", "geometry": {"type": "Polygon", "coordinates": [[[-112.0071822, 33.4433409], [-112.007184, 33.4435566], [-112.0074897, 33.4435516], [-112.0074849, 33.4433436], [-112.0071822, 33.4433409]]]}, "properties": {"height": 8, "night": "#924f2d"}}, {"type": "Feature", "geometry": {"type": "Polygon", "coordinates": [[[-112.0069027, 33.4437512], [-112.0070739, 33.443752], [-112.0070734, 33.4438248], [-112.0069657, 33.4438242], [-112.0069659, 33.4438406], [-112.0069076, 33.4438396], [-112.0069, 33.4438351], [-112.0069027, 33.4437512]]]}, "properties": {"height": 8, "night": "#924f2d"}}, {"type": "Feature", "geometry": {"type": "Polygon", "coordinates": [[[-112.010324, 33.4423073], [-112.0103321, 33.442869], [-112.0104593, 33.4428686], [-112.0104654, 33.4428891], [-112.0105043, 33.4428856], [-112.0105056, 33.4429024], [-112.0105983, 33.4429069], [-112.0105988, 33.4428681], [-112.0109877, 33.4428668], [-112.0109963, 33.4429044], [-112.0110903, 33.4429046], [-112.0110958, 33.4428665], [-112.0112601, 33.442869], [-112.0112601, 33.4423162], [-112.010324, 33.4423073]]]}, "properties": {"height": 8, "night": "#95512f"}}, {"type": "Feature", "geometry": {"type": "Polygon", "coordinates": [[[-112.0103251, 33.4430455], [-112.0103242, 33.44322], [-112.0107292, 33.4432215], [-112.0107301, 33.443047], [-112.0103251, 33.4430455]]]}, "properties": {"height": 8, "night": "#96522f"}}, {"type": "Feature", "geometry": {"type": "Polygon", "coordinates": [[[-112.0229637, 33.443702], [-112.0229654, 33.4429283], [-112.0225702, 33.4429277], [-112.0225685, 33.4437014], [-112.0229637, 33.443702]]]}, "properties": {"height": 8, "night": "#8c4c2b"}}, {"type": "Feature", "geometry": {"type": "Polygon", "coordinates": [[[-112.0291945, 33.4429341], [-112.0291932, 33.4431067], [-112.0295873, 33.4431087], [-112.0295836, 33.4436145], [-112.029805, 33.4436156], [-112.02981, 33.4429373], [-112.0291945, 33.4429341]]]}, "properties": {"height": 8, "night": "#804527"}}, {"type": "Feature", "geometry": {"type": "Polygon", "coordinates": [[[-112.0213582, 33.4429191], [-112.0213568, 33.4430466], [-112.0215843, 33.4430482], [-112.0215851, 33.4429765], [-112.0215104, 33.4429759], [-112.0215109, 33.4429203], [-112.0213582, 33.4429191]]]}, "properties": {"height": 8, "night": "#8e4d2c"}}, {"type": "Feature", "geometry": {"type": "Polygon", "coordinates": [[[-111.9957709, 33.4438597], [-111.9957708, 33.4438924], [-111.9959824, 33.4438929], [-111.9959825, 33.4438603], [-111.9957709, 33.4438597]]]}, "properties": {"height": 8, "night": "#7f4426"}}, {"type": "Feature", "geometry": {"type": "Polygon", "coordinates": [[[-111.989551, 33.4434934], [-111.9895836, 33.4435061], [-111.9896121, 33.4435292], [-111.9896294, 33.4435591], [-111.9896335, 33.4435921], [-111.9896238, 33.4436243], [-111.9896015, 33.4436518], [-111.9895693, 33.4436713], [-111.9895311, 33.4436804], [-111.9894914, 33.4436781], [-111.989455, 33.4436646], [-111.9894288, 33.4436442], [-111.9894114, 33.443618], [-111.9894045, 33.4435885], [-111.9894089, 33.4435588], [-111.9894242, 33.4435316], [-111.9894487, 33.4435098], [-111.9894801, 33.4434953], [-111.9895154, 33.4434896], [-111.989551, 33.4434934]]]}, "properties": {"height": 8, "night": "#733d22"}}, {"type": "Feature", "geometry": {"type": "Polygon", "coordinates": [[[-111.9883563, 33.4387159], [-111.9883585, 33.4387571], [-111.9884578, 33.4387534], [-111.9884556, 33.4387122], [-111.9883563, 33.4387159]]]}, "properties": {"height": 8, "night": "#6f3b21"}}, {"type": "Feature", "geometry": {"type": "Polygon", "coordinates": [[[-112.0134182, 33.4598608], [-112.0130962, 33.4598608], [-112.0130962, 33.4596653], [-112.0134182, 33.4596653], [-112.0134182, 33.4598608]]]}, "properties": {"height": 8, "night": "#834628"}}, {"type": "Feature", "geometry": {"type": "Polygon", "coordinates": [[[-112.0320603, 33.4285377], [-112.0320028, 33.4285266], [-112.0320198, 33.4284649], [-112.032038, 33.4283991], [-112.0320956, 33.4284102], [-112.0320763, 33.4284748], [-112.0320603, 33.4285377]]]}, "properties": {"height": 8, "night": "#6a381f"}}, {"type": "Feature", "geometry": {"type": "Polygon", "coordinates": [[[-112.0206711, 33.4446452], [-112.0197585, 33.4446428], [-112.0197591, 33.4444938], [-112.0196891, 33.4444936], [-112.0196894, 33.4444277], [-112.0197904, 33.444428], [-112.0197906, 33.444377], [-112.0202032, 33.444378], [-112.020203, 33.444429], [-112.0206719, 33.4444302], [-112.0206711, 33.4446452]]]}, "properties": {"height": 8, "night": "#914f2d"}}, {"type": "Feature", "geometry": {"type": "Polygon", "coordinates": [[[-112.0091497, 33.4456303], [-112.008331, 33.4456303], [-112.008331, 33.4454081], [-112.0091497, 33.4454081], [-112.0091497, 33.4456303]]]}, "properties": {"height": 8, "night": "#97522f"}}, {"type": "Feature", "geometry": {"type": "Polygon", "coordinates": [[[-112.0295445, 33.447887], [-112.0295422, 33.44774], [-112.0295084, 33.4477207], [-112.0295086, 33.4476406], [-112.0295444, 33.4476174], [-112.0295985, 33.4475911], [-112.0296279, 33.4475682], [-112.029707, 33.4476174], [-112.0297364, 33.4476108], [-112.0297619, 33.4476223], [-112.0297619, 33.4478216], [-112.0297325, 33.4478347], [-112.0296992, 33.4478249], [-112.0296992, 33.4478853], [-112.0296169, 33.4479262], [-112.0295445, 33.447887]]]}, "properties": {"height": 3, "night": "#713218"}}, {"type": "Feature", "geometry": {"type": "Polygon", "coordinates": [[[-112.029139, 33.4485488], [-112.0291658, 33.4485489], [-112.029224, 33.4485491], [-112.0292233, 33.4486811], [-112.0291651, 33.4486809], [-112.0291384, 33.4486808], [-112.029139, 33.4485488]]]}, "properties": {"height": 8, "night": "#824627"}}, {"type": "Feature", "geometry": {"type": "Polygon", "coordinates": [[[-112.028956, 33.4475945], [-112.0288363, 33.447594], [-112.0288368, 33.4475046], [-112.0288255, 33.4475046], [-112.0288258, 33.4474523], [-112.0288371, 33.4474523], [-112.0288375, 33.4473804], [-112.0289581, 33.4473809], [-112.028956, 33.4475945]]]}, "properties": {"height": 3, "night": "#723219"}}, {"type": "Feature", "geometry": {"type": "Polygon", "coordinates": [[[-112.0023327, 33.4520682], [-112.0022416, 33.4520686], [-112.0022398, 33.4517724], [-112.002331, 33.451772], [-112.0023327, 33.4520682]]]}, "properties": {"height": 8, "night": "#884a2a"}}, {"type": "Feature", "geometry": {"type": "Polygon", "coordinates": [[[-112.0024477, 33.4516982], [-112.0023274, 33.4516992], [-112.0023075, 33.4516519], [-112.0024099, 33.4516179], [-112.0024467, 33.4516176], [-112.0024477, 33.4516982]]]}, "properties": {"height": 8, "night": "#894a2a"}}, {"type": "Feature", "geometry": {"type": "Polygon", "coordinates": [[[-112.0023173, 33.4487881], [-112.001783, 33.4487858], [-112.0017835, 33.4486976], [-112.0020929, 33.448699], [-112.0020946, 33.4484214], [-112.0020323, 33.4484211], [-112.0020328, 33.448343], [-112.0020962, 33.4483432], [-112.0020964, 33.4482979], [-112.0022437, 33.4482985], [-112.0022436, 33.4483131], [-112.0023203, 33.4483134], [-112.0023173, 33.4487881]]]}, "properties": {"height": 8, "night": "#8b4b2b"}}, {"type": "Feature", "geometry": {"type": "Polygon", "coordinates": [[[-112.0021005, 33.4501439], [-112.001993, 33.4501438], [-112.0019949, 33.4488644], [-112.0021024, 33.4488645], [-112.0021005, 33.4501439]]]}, "properties": {"height": 8, "night": "#8a4b2a"}}, {"type": "Feature", "geometry": {"type": "Polygon", "coordinates": [[[-112.0006926, 33.448546], [-112.0004151, 33.4485457], [-112.0004153, 33.4484273], [-112.0006928, 33.4484277], [-112.0006926, 33.448546]]]}, "properties": {"height": 3, "night": "#76341a"}}, {"type": "Feature", "geometry": {"type": "Polygon", "coordinates": [[[-111.995807, 33.4440838], [-111.9957296, 33.4440836], [-111.9957297, 33.444042], [-111.99573, 33.4439417], [-111.9957301, 33.4438996], [-111.9958077, 33.4438997], [-111.9958075, 33.4439418], [-111.9958072, 33.4440423], [-111.995807, 33.4440838]]]}, "properties": {"height": 8, "night": "#7f4426"}}, {"type": "Feature", "geometry": {"type": "Polygon", "coordinates": [[[-111.9968233, 33.4498585], [-111.9968225, 33.4497343], [-111.9967206, 33.4497347], [-111.9967214, 33.4498589], [-111.9968233, 33.4498585]]]}, "properties": {"height": 8, "night": "#804527"}}, {"type": "Feature", "geometry": {"type": "Polygon", "coordinates": [[[-112.0300212, 33.459674], [-112.0298157, 33.4596759], [-112.0298138, 33.4595369], [-112.0300193, 33.4595349], [-112.0300212, 33.459674]]]}, "properties": {"height": 8, "night": "#763f23"}}, {"type": "Feature", "geometry": {"type": "Polygon", "coordinates": [[[-112.0313492, 33.4594864], [-112.0304373, 33.4594824], [-112.0304386, 33.4592914], [-112.0313504, 33.4592956], [-112.0313492, 33.4594864]]]}, "properties": {"height": 8, "night": "#743e23"}}, {"type": "Feature", "geometry": {"type": "Polygon", "coordinates": [[[-112.0334798, 33.4108995], [-112.0333631, 33.4108992], [-112.0333637, 33.4107388], [-112.0331651, 33.4107383], [-112.0331646, 33.4108695], [-112.0324682, 33.4108678], [-112.0324686, 33.4107406], [-112.0322708, 33.4107401], [-112.0322702, 33.410895], [-112.0321394, 33.4108947], [-112.0321406, 33.4105432], [-112.0324687, 33.410544], [-112.0324685, 33.4105917], [-112.0331452, 33.4105935], [-112.0331454, 33.4105454], [-112.0334811, 33.4105463], [-112.0334798, 33.4108995]]]}, "properties": {"height": 8, "night": "#492413"}}, {"type": "Feature", "geometry": {"type": "Polygon", "coordinates": [[[-112.0166508, 33.4139999], [-112.0162408, 33.4139999], [-112.0162408, 33.4141273], [-112.0161768, 33.4141273], [-112.0161768, 33.4141809], [-112.0151508, 33.4141809], [-112.0151508, 33.4135013], [-112.0153438, 33.4135013], [-112.0153438, 33.413318], [-112.0160918, 33.413318], [-112.0162138, 33.413318], [-112.0165468, 33.413318], [-112.0165468, 33.4133583], [-112.0166508, 33.4133583], [-112.0166508, 33.4139999]]]}, "properties": {"height": 8, "night": "#572c18"}}, {"type": "Feature", "geometry": {"type": "Polygon", "coordinates": [[[-111.9888038, 33.4481458], [-111.9888511, 33.4481459], [-111.9888511, 33.4481487], [-111.988936, 33.4481488], [-111.9889359, 33.4481882], [-111.9888558, 33.4481882], [-111.9888558, 33.4482006], [-111.9884521, 33.4482003], [-111.9884521, 33.4481728], [-111.9884522, 33.4481477], [-111.988681, 33.4481467], [-111.9886896, 33.4481405], [-111.988779, 33.4480229], [-111.9888418, 33.4479437], [-111.9891612, 33.4475408], [-111.9894237, 33.4472106], [-111.9895459, 33.4470564], [-111.9894764, 33.4470564], [-111.9894772, 33.4470286], [-111.9894764, 33.4468848], [-111.9894764, 33.4468537], [-111.989702, 33.4468538], [-111.9897021, 33.4467134], [-111.9899765, 33.4467134], [-111.9906586, 33.4467135], [-111.9909221, 33.4467136], [-111.9909221, 33.4468476], [-111.9911461, 33.4468476], [-111.991146, 33.4469097], [-111.9914522, 33.4469098], [-111.9914522, 33.4469951], [-111.991144, 33.446995], [-111.9911462, 33.4470587], [-111.9909228, 33.4470602], [-111.9909227, 33.4471914], [-111.9903803, 33.4471913], [-111.989707, 33.4471912], [-111.9897071, 33.4470708], [-111.9896715, 33.4470714], [-111.9895213, 33.4472587], [-111.9892545, 33.447591], [-111.9889921, 33.4479182], [-111.9889671, 33.4479493], [-111.9888442, 33.4481028], [-111.9888406, 33.4480995], [-111.9888038, 33.4481458]]]}, "properties": {"height": 8, "night": "#743e23"}}, {"type": "Feature", "geometry": {"type": "Polygon", "coordinates": [[[-111.9895208, 33.4494157], [-111.9893477, 33.4494157], [-111.9893477, 33.4490201], [-111.9895208, 33.4490201], [-111.9895208, 33.4494157]]]}, "properties": {"height": 8, "night": "#743d22"}}, {"type": "Feature", "geometry": {"type": "Polygon", "coordinates": [[[-111.9881755, 33.4508507], [-111.9877772, 33.4508533], [-111.9877751, 33.4506291], [-111.987741, 33.4506293], [-111.9877404, 33.4505684], [-111.9877745, 33.4505682], [-111.9877738, 33.4504906], [-111.9881721, 33.450488], [-111.9881755, 33.4508507]]]}, "properties": {"height": 8, "night": "#703b21"}}, {"type": "Feature", "geometry": {"type": "Polygon", "coordinates": [[[-111.993646, 33.4457938], [-111.9937524, 33.445795], [-111.9937506, 33.4459133], [-111.9936442, 33.4459122], [-111.993646, 33.4457938]]]}, "properties": {"height": 8, "night": "#7c4225"}}, {"type": "Feature", "geometry": {"type": "Polygon", "coordinates": [[[-111.987381, 33.4434137], [-111.9873011, 33.4434069], [-111.9873093, 33.4433399], [-111.9873891, 33.4433466], [-111.987381, 33.4434137]]]}, "properties": {"height": 8, "night": "#703b21"}}, {"type": "Feature", "geometry": {"type": "Polygon", "coordinates": [[[-112.0353091, 33.4452193], [-112.0350244, 33.4452174], [-112.0350254, 33.4451058], [-112.0348183, 33.4451044], [-112.0348215, 33.4447731], [-112.0345709, 33.4447715], [-112.0345734, 33.44451], [-112.0352996, 33.4445149], [-112.035294, 33.4451059], [-112.0353102, 33.445106], [-112.0353091, 33.4452193]]]}, "properties": {"height": 8, "night": "#773f24"}}, {"type": "Feature", "geometry": {"type": "Polygon", "coordinates": [[[-112.0315739, 33.451205], [-112.0313389, 33.451204], [-112.0313401, 33.451003], [-112.0315751, 33.451004], [-112.0315739, 33.451205]]]}, "properties": {"height": 8, "night": "#7c4326"}}, {"type": "Feature", "geometry": {"type": "Polygon", "coordinates": [[[-112.03159, 33.4528727], [-112.0311631, 33.4528746], [-112.031162, 33.4527094], [-112.0315889, 33.4527075], [-112.03159, 33.4528727]]]}, "properties": {"height": 8, "night": "#7b4225"}}, {"type": "Feature", "geometry": {"type": "Polygon", "coordinates": [[[-112.0341867, 33.4478447], [-112.033922, 33.4478411], [-112.0339231, 33.4477859], [-112.0341878, 33.4477895], [-112.0341867, 33.4478447]]]}, "properties": {"height": 8, "night": "#794124"}}, {"type": "Feature", "geometry": {"type": "Polygon", "coordinates": [[[-112.0317866, 33.4491482], [-112.0317902, 33.4485789], [-112.0320594, 33.4485801], [-112.0320579, 33.4488221], [-112.0321086, 33.4488223], [-112.0321079, 33.4489345], [-112.0320572, 33.4489343], [-112.0320558, 33.4491493], [-112.0317866, 33.4491482]]]}, "properties": {"height": 8, "night": "#7c4326"}}, {"type": "Feature", "geometry": {"type": "Polygon", "coordinates": [[[-112.0301814, 33.423688], [-112.0300857, 33.4236878], [-112.0300856, 33.4237027], [-112.0299606, 33.4237026], [-112.0299606, 33.4237288], [-112.0298409, 33.4237286], [-112.0298417, 33.4233015], [-112.0299452, 33.4233016], [-112.029945, 33.4234156], [-112.0301819, 33.4234159], [-112.0301814, 33.423688]]]}, "properties": {"height": 8, "night": "#64341d"}}, {"type": "Feature", "geometry": {"type": "Polygon", "coordinates": [[[-112.0280758, 33.4231568], [-112.0279128, 33.4231567], [-112.0279128, 33.4231891], [-112.0271891, 33.4231887], [-112.0271891, 33.4231563], [-112.0269322, 33.4231562], [-112.0269322, 33.4231867], [-112.0266032, 33.4231866], [-112.0266034, 33.4228247], [-112.0269405, 33.4228249], [-112.0269405, 33.422797], [-112.0277112, 33.4227974], [-112.0277112, 33.4228235], [-112.0279128, 33.4228236], [-112.0279128, 33.4228512], [-112.028076, 33.4228513], [-112.0280758, 33.4231568]]]}, "properties": {"height": 8, "night": "#65351d"}}, {"type": "Feature", "geometry": {"type": "Polygon", "coordinates": [[[-112.0330519, 33.4263807], [-112.0321061, 33.426403], [-112.03208, 33.4257795], [-112.0321018, 33.4256181], [-112.0321847, 33.4254252], [-112.0322639, 33.4253297], [-112.0323363, 33.4252589], [-112.0324477, 33.4251858], [-112.0330146, 33.4251708], [-112.0330519, 33.4263807]]]}, "properties": {"height": 8, "night": "#65351d"}}, {"type": "Feature", "geometry": {"type": "Polygon", "coordinates": [[[-112.0284779, 33.4237629], [-112.0282783, 33.4237628], [-112.0282786, 33.4234205], [-112.0284782, 33.4234207], [-112.0284779, 33.4237629]]]}, "properties": {"height": 8, "night": "#66351d"}}, {"type": "Feature", "geometry": {"type": "Polygon", "coordinates": [[[-112.0290795, 33.4238173], [-112.0289592, 33.4238173], [-112.0289592, 33.4237978], [-112.0289329, 33.4237978], [-112.0289329, 33.4236152], [-112.0290796, 33.4236152], [-112.0290795, 33.4238173]]]}, "properties": {"height": 8, "night": "#65351d"}}, {"type": "Feature", "geometry": {"type": "Polygon", "coordinates": [[[-112.0316049, 33.4221607], [-112.0314439, 33.4221648], [-112.031446, 33.4222215], [-112.031051, 33.4222314], [-112.0310489, 33.4221749], [-112.0308859, 33.422179], [-112.0308781, 33.4219626], [-112.030812, 33.4219642], [-112.030795, 33.4214973], [-112.0310301, 33.4214913], [-112.031049, 33.4220091], [-112.031375, 33.4220009], [-112.0313561, 33.4214833], [-112.031616, 33.4214767], [-112.031633, 33.4219425], [-112.031597, 33.4219434], [-112.0316049, 33.4221607]]]}, "properties": {"height": 8, "night": "#60321b"}}, {"type": "Feature", "geometry": {"type": "Polygon", "coordinates": [[[-112.0331522, 33.423059], [-112.0328138, 33.4230647], [-112.0328071, 33.4227904], [-112.032836, 33.4227899], [-112.0328351, 33.4227566], [-112.0331017, 33.422752], [-112.0331026, 33.4227854], [-112.0331455, 33.4227846], [-112.0331522, 33.423059]]]}, "properties": {"height": 8, "night": "#60321b"}}, {"type": "Feature", "geometry": {"type": "Polygon", "coordinates": [[[-112.0356098, 33.4232561], [-112.0356218, 33.4236114], [-112.0355474, 33.4236132], [-112.0355469, 33.4235975], [-112.0354167, 33.4236005], [-112.0354174, 33.4236225], [-112.035285, 33.4236257], [-112.0352843, 33.4236036], [-112.0351586, 33.4236066], [-112.0351593, 33.4236276], [-112.0348945, 33.4236339], [-112.0348938, 33.4236128], [-112.0347615, 33.423616], [-112.0347622, 33.4236369], [-112.0346297, 33.42364], [-112.034629, 33.4236191], [-112.0345011, 33.4236221], [-112.0345019, 33.4236449], [-112.0344304, 33.4236466], [-112.0344181, 33.4232842], [-112.0356098, 33.4232561]]]}, "properties": {"height": 8, "night": "#5f311b"}}, {"type": "Feature", "geometry": {"type": "Polygon", "coordinates": [[[-112.0314005, 33.4261818], [-112.0313775, 33.4262007], [-112.0311635, 33.4262054], [-112.0311395, 33.4261865], [-112.0311266, 33.4258145], [-112.0311007, 33.4258151], [-112.0310996, 33.4257835], [-112.0311267, 33.4257828], [-112.0311135, 33.4254077], [-112.0311395, 33.4253878], [-112.0313485, 33.4253831], [-112.0313755, 33.4254055], [-112.0314005, 33.4261818]]]}, "properties": {"height": 8, "night": "#67361e"}}, {"type": "Feature", "geometry": {"type": "Polygon", "coordinates": [[[-112.0299705, 33.4252133], [-112.0298896, 33.4252126], [-112.0298888, 33.4252721], [-112.0295762, 33.4252692], [-112.0295766, 33.4252425], [-112.0295096, 33.4252419], [-112.0295106, 33.4251674], [-112.0294723, 33.425167], [-112.0294719, 33.4252035], [-112.0294411, 33.4252032], [-112.0294416, 33.4251682], [-112.0294104, 33.4251679], [-112.0294102, 33.4251785], [-112.0287168, 33.425172], [-112.0287193, 33.4249847], [-112.0294013, 33.4249911], [-112.0294018, 33.4249579], [-112.0294024, 33.4249124], [-112.0295286, 33.4249136], [-112.029528, 33.4249587], [-112.0295274, 33.4250058], [-112.0297826, 33.4250082], [-112.0297832, 33.4249639], [-112.0298198, 33.4249642], [-112.0298193, 33.4250051], [-112.0298432, 33.4250053], [-112.0298428, 33.425037], [-112.0299728, 33.4250382], [-112.0299705, 33.4252133]]]}, "properties": {"height": 6, "night": "#62301a"}}, {"type": "Feature", "geometry": {"type": "Polygon", "coordinates": [[[-112.0299778, 33.4260305], [-112.0296549, 33.425953], [-112.0296801, 33.4258797], [-112.0300031, 33.4259571], [-112.0299778, 33.4260305]]]}, "properties": {"height": 8, "night": "#68371e"}}, {"type": "Feature", "geometry": {"type": "Polygon", "coordinates": [[[-112.0292215, 33.4254364], [-112.0291623, 33.4254359], [-112.0291642, 33.4252885], [-112.0292235, 33.425289], [-112.0292215, 33.4254364]]]}, "properties": {"height": 8, "night": "#68371e"}}, {"type": "Feature", "geometry": {"type": "Polygon", "coordinates": [[[-112.020054, 33.4163431], [-112.0199218, 33.4164235], [-112.0199248, 33.4164269], [-112.0198578, 33.4164675], [-112.0198548, 33.4164641], [-112.0196405, 33.4165939], [-112.0194827, 33.4164125], [-112.0197433, 33.4162546], [-112.0196995, 33.4162042], [-112.0197713, 33.4161607], [-112.0198151, 33.4162111], [-112.0198967, 33.4161617], [-112.020054, 33.4163431]]]}, "properties": {"height": 8, "night": "#5c2f1a"}}, {"type": "Feature", "geometry": {"type": "Polygon", "coordinates": [[[-112.0158392, 33.4183169], [-112.015276, 33.418615], [-112.0153446, 33.4187053], [-112.0146759, 33.4190592], [-112.0147566, 33.4191655], [-112.0139826, 33.4195751], [-112.0138233, 33.4193654], [-112.0139405, 33.4193033], [-112.0138611, 33.4191988], [-112.0139713, 33.4191405], [-112.0138995, 33.4190459], [-112.0140101, 33.4189874], [-112.0139926, 33.4189644], [-112.0142127, 33.4188479], [-112.0142302, 33.4188709], [-112.014339, 33.4188134], [-112.0142678, 33.4187196], [-112.0144864, 33.4186038], [-112.0144658, 33.4185766], [-112.0146991, 33.4184532], [-112.0147197, 33.4184804], [-112.0149361, 33.4183659], [-112.0148585, 33.4182637], [-112.0149566, 33.4182117], [-112.0149419, 33.4181924], [-112.0151978, 33.418057], [-112.0152125, 33.4180763], [-112.0153062, 33.4180267], [-112.0153838, 33.4181289], [-112.0154857, 33.418075], [-112.0155124, 33.4181102], [-112.0156025, 33.4180626], [-112.0156486, 33.4181232], [-112.0156796, 33.4181067], [-112.0158392, 33.4183169]]]}, "properties": {"height": 8, "night": "#62331c"}}, {"type": "Feature", "geometry": {"type": "Polygon", "coordinates": [[[-112.0174626, 33.4154135], [-112.0172991, 33.4154171], [-112.0173033, 33.4155472], [-112.0171, 33.4155517], [-112.0170933, 33.4153411], [-112.0172921, 33.4153367], [-112.0172903, 33.4152801], [-112.0174582, 33.4152763], [-112.0174626, 33.4154135]]]}, "properties": {"height": 8, "night": "#5a2e19"}}, {"type": "Feature", "geometry": {"type": "Polygon", "coordinates": [[[-112.0005686, 33.4119896], [-112.0000077, 33.4119911], [-112.0000062, 33.4115771], [-112.0005671, 33.4115756], [-112.0005686, 33.4119896]]]}, "properties": {"height": 8, "night": "#4f2815"}}, {"type": "Feature", "geometry": {"type": "Polygon", "coordinates": [[[-112.0030597, 33.4138558], [-112.0028887, 33.4138558], [-112.0028887, 33.4136951], [-112.0030597, 33.4136951], [-112.0030597, 33.4137104], [-112.0030957, 33.4137104], [-112.0030957, 33.4138264], [-112.0030597, 33.4138264], [-112.0030597, 33.4138558]]]}, "properties": {"height": 8, "night": "#552b17"}}, {"type": "Feature", "geometry": {"type": "Polygon", "coordinates": [[[-112.0027427, 33.4244557], [-112.0012487, 33.4249098], [-112.0010617, 33.424483], [-112.0010607, 33.4242999], [-112.0011897, 33.4243034], [-112.0023737, 33.4239407], [-112.0024257, 33.4239393], [-112.0024597, 33.4239408], [-112.0025057, 33.4239616], [-112.0025327, 33.4239898], [-112.0027427, 33.4244557]]]}, "properties": {"height": 8, "night": "#6a381f"}}, {"type": "Feature", "geometry": {"type": "Polygon", "coordinates": [[[-112.0040842, 33.4230822], [-112.0037532, 33.4230394], [-112.0037922, 33.4228283], [-112.0038202, 33.4228318], [-112.0038292, 33.4227837], [-112.0038852, 33.422791], [-112.0038892, 33.4227685], [-112.0041362, 33.4228005], [-112.0040842, 33.4230822]]]}, "properties": {"height": 8, "night": "#68371e"}}, {"type": "Feature", "geometry": {"type": "Polygon", "coordinates": [[[-112.0015779, 33.4185303], [-112.0012485, 33.418532], [-112.0012475, 33.4183906], [-112.0015769, 33.4183889], [-112.0015779, 33.4185303]]]}, "properties": {"height": 8, "night": "#5e311b"}}, {"type": "Feature", "geometry": {"type": "Polygon", "coordinates": [[[-112.0016147, 33.4196785], [-112.0013386, 33.4196787], [-112.0013376, 33.4195069], [-112.0016149, 33.4195056], [-112.0016147, 33.4196785]]]}, "properties": {"height": 8, "night": "#60321b"}}, {"type": "Feature", "geometry": {"type": "Polygon", "coordinates": [[[-112.0030679, 33.4180564], [-112.0021722, 33.4180616], [-112.0021693, 33.4177193], [-112.0022097, 33.417719], [-112.002209, 33.4176384], [-112.0030643, 33.4176333], [-112.0030679, 33.4180564]]]}, "properties": {"height": 8, "night": "#5d301a"}}, {"type": "Feature", "geometry": {"type": "Polygon", "coordinates": [[[-112.0008251, 33.4186209], [-112.0008243, 33.4185226], [-112.0008578, 33.4185224], [-112.000857, 33.4184252], [-112.0010281, 33.4184243], [-112.0010285, 33.418481], [-112.0010609, 33.4184808], [-112.0010619, 33.4186197], [-112.0008251, 33.4186209]]]}, "properties": {"height": 8, "night": "#5e301b"}}, {"type": "Feature", "geometry": {"type": "Polygon", "coordinates": [[[-111.9993708, 33.4228016], [-111.9991038, 33.422797], [-111.9991168, 33.4222707], [-111.9993838, 33.4222753], [-111.9993708, 33.4228016]]]}, "properties": {"height": 8, "night": "#65351d"}}, {"type": "Feature", "geometry": {"type": "Polygon", "coordinates": [[[-111.985291, 33.413036], [-111.9847265, 33.4130342], [-111.9846272, 33.4129939], [-111.984633, 33.4117319], [-111.9852926, 33.4117385], [-111.985291, 33.413036]]]}, "properties": {"height": 8, "night": "#452212"}}, {"type": "Feature", "geometry": {"type": "Polygon", "coordinates": [[[-112.0076535, 33.4137785], [-112.0075605, 33.4136336], [-112.0083485, 33.4132787], [-112.0083765, 33.4133217], [-112.0083845, 33.413318], [-112.0084505, 33.41342], [-112.0076535, 33.4137785]]]}, "properties": {"height": 8, "night": "#562c18"}}, {"type": "Feature", "geometry": {"type": "Polygon", "coordinates": [[[-111.9952355, 33.4156182], [-111.9940313, 33.4156205], [-111.9940311, 33.4155524], [-111.9952353, 33.4155502], [-111.9952355, 33.4156182]]]}, "properties": {"height": 8, "night": "#532a17"}}, {"type": "Feature", "geometry": {"type": "Polygon", "coordinates": [[[-111.9984972, 33.4227028], [-111.9982589, 33.4226982], [-111.9982606, 33.4226337], [-111.9981019, 33.4226307], [-111.9981002, 33.4226952], [-111.9978595, 33.4226907], [-111.99787, 33.4223029], [-111.9979491, 33.4223044], [-111.9979485, 33.4223269], [-111.9981085, 33.4223299], [-111.9981091, 33.4223075], [-111.998269, 33.4223105], [-111.9982684, 33.4223313], [-111.9984234, 33.4223343], [-111.998424, 33.4223134], [-111.9985078, 33.422315], [-111.9984972, 33.4227028]]]}, "properties": {"height": 8, "night": "#64341d"}}, {"type": "Feature", "geometry": {"type": "Polygon", "coordinates": [[[-111.9979364, 33.4247331], [-111.9984129, 33.4247331], [-111.9984129, 33.4244365], [-111.9983292, 33.4243674], [-111.9978847, 33.4243674], [-111.9978847, 33.424609], [-111.9979364, 33.424609], [-111.9979364, 33.4247331]]]}, "properties": {"height": 8, "night": "#67361e"}}, {"type": "Feature", "geometry": {"type": "Polygon", "coordinates": [[[-111.9921738, 33.4243097], [-111.992018, 33.4243141], [-111.9920137, 33.424208], [-111.9921695, 33.4242036], [-111.9921738, 33.4243097]]]}, "properties": {"height": 8, "night": "#61321c"}}, {"type": "Feature", "geometry": {"type": "Polygon", "coordinates": [[[-111.992957, 33.4225772], [-111.992752, 33.4225774], [-111.9927517, 33.4223764], [-111.9929566, 33.4223761], [-111.992957, 33.4225772]]]}, "properties": {"height": 8, "night": "#5f311b"}}, {"type": "Feature", "geometry": {"type": "Polygon", "coordinates": [[[-111.9906002, 33.4100557], [-111.9906011, 33.4101987], [-111.9906248, 33.4101986], [-111.9906254, 33.4103021], [-111.9904218, 33.410303], [-111.9904217, 33.4102803], [-111.9903077, 33.4102808], [-111.9903078, 33.4103034], [-111.9901047, 33.4103043], [-111.9901046, 33.4102833], [-111.9899977, 33.4102837], [-111.9899978, 33.4103048], [-111.9897883, 33.4103056], [-111.9897876, 33.4102015], [-111.9898104, 33.4102014], [-111.9898095, 33.4100591], [-111.9906002, 33.4100557]]]}, "properties": {"height": 8, "night": "#452212"}}, {"type": "Feature", "geometry": {"type": "Polygon", "coordinates": [[[-112.0067338, 33.4160969], [-112.0069228, 33.4162851], [-112.0069118, 33.4162926], [-112.0069838, 33.4163639], [-112.0069768, 33.4163689], [-112.0070188, 33.4164104], [-112.0070358, 33.416398], [-112.0071658, 33.4165274], [-112.0071328, 33.4165484], [-112.0071018, 33.4165639], [-112.0070648, 33.4165765], [-112.0070328, 33.4165794], [-112.0070028, 33.4165765], [-112.0069758, 33.416569], [-112.0069508, 33.4165604], [-112.0068228, 33.4166501], [-112.0067768, 33.4166048], [-112.0067658, 33.4166129], [-112.0067448, 33.4165928], [-112.0065428, 33.4167345], [-112.0064868, 33.4166785], [-112.0064768, 33.4166852], [-112.0064248, 33.416633], [-112.0064338, 33.4166263], [-112.0063768, 33.4165695], [-112.0066798, 33.4163574], [-112.0066608, 33.4163382], [-112.0067098, 33.4163033], [-112.0065978, 33.4161917], [-112.0067338, 33.4160969]]]}, "properties": {"height": 8, "night": "#5c301a"}}, {"type": "Feature", "geometry": {"type": "Polygon", "coordinates": [[[-112.023794, 33.4108022], [-112.0237979, 33.4110879], [-112.0237341, 33.4110884], [-112.0237353, 33.4111882], [-112.0233646, 33.4111911], [-112.0233623, 33.4109838], [-112.0233463, 33.4109839], [-112.0233442, 33.4107922], [-112.0234631, 33.4107913], [-112.0234633, 33.4108048], [-112.023794, 33.4108022]]]}, "properties": {"height": 8, "night": "#4f2815"}}, {"type": "Feature", "geometry": {"type": "Polygon", "coordinates": [[[-112.0225884, 33.41254], [-112.0221557, 33.4125769], [-112.0221376, 33.4124288], [-112.0225703, 33.4123919], [-112.0225884, 33.41254]]]}, "properties": {"height": 8, "night": "#522a17"}}, {"type": "Feature", "geometry": {"type": "Polygon", "coordinates": [[[-112.0304985, 33.4105917], [-112.0304327, 33.410592], [-112.0304343, 33.4108247], [-112.0301559, 33.410826], [-112.0301543, 33.4105947], [-112.0302203, 33.4105944], [-112.0302171, 33.4101307], [-112.0304954, 33.4101293], [-112.0304985, 33.4105917]]]}, "properties": {"height": 8, "night": "#4a2514"}}, {"type": "Feature", "geometry": {"type": "Polygon", "coordinates": [[[-112.0031395, 33.4155621], [-112.0029502, 33.4155631], [-112.0029495, 33.4154786], [-112.0031388, 33.4154776], [-112.0031395, 33.4155621]]]}, "properties": {"height": 8, "night": "#592d19"}}, {"type": "Feature", "geometry": {"type": "Polygon", "coordinates": [[[-112.0002723, 33.4168204], [-111.9998582, 33.4168215], [-111.9998569, 33.416476], [-111.9999929, 33.4164756], [-111.9999935, 33.416627], [-112.0001351, 33.4166266], [-112.0001346, 33.4164752], [-112.000271, 33.4164749], [-112.0002723, 33.4168204]]]}, "properties": {"height": 8, "night": "#592e19"}}, {"type": "Feature", "geometry": {"type": "Polygon", "coordinates": [[[-112.010179, 33.4160355], [-112.0101594, 33.4160383], [-112.0101439, 33.4160458], [-112.0101325, 33.4160572], [-112.0101258, 33.416074], [-112.0101284, 33.4160936], [-112.0101408, 33.4161099], [-112.0101555, 33.4161185], [-112.0101732, 33.4161225], [-112.0101946, 33.4161203], [-112.0102102, 33.4161131], [-112.0102226, 33.4161012], [-112.0102288, 33.4160878], [-112.0102287, 33.4160701], [-112.0102208, 33.4160546], [-112.0102091, 33.4160443], [-112.0101984, 33.4160391], [-112.0101884, 33.4160365], [-112.010179, 33.4160355]]]}, "properties": {"height": 8, "night": "#5c2f1a"}}, {"type": "Feature", "geometry": {"type": "Polygon", "coordinates": [[[-112.0096834, 33.4181162], [-112.0096525, 33.4181401], [-112.0096264, 33.4181521], [-112.0095766, 33.4181653], [-112.0095378, 33.4181729], [-112.0095093, 33.4181843], [-112.0094802, 33.4181998], [-112.0094563, 33.4182171], [-112.0094335, 33.4182379], [-112.0094314, 33.4182321], [-112.009451, 33.4182091], [-112.0094791, 33.4181887], [-112.0095045, 33.418179], [-112.0094659, 33.41813], [-112.0093878, 33.4181735], [-112.0094148, 33.418205], [-112.0092928, 33.4183201], [-112.0088247, 33.4179749], [-112.0091134, 33.4176992], [-112.009334, 33.4178607], [-112.0093608, 33.4178352], [-112.0094006, 33.4178642], [-112.0093738, 33.4178898], [-112.0096834, 33.4181162]]]}, "properties": {"height": 8, "night": "#60321b"}}, {"type": "Feature", "geometry": {"type": "Polygon", "coordinates": [[[-112.0043178, 33.4130357], [-112.0041833, 33.4130363], [-112.0041826, 33.4129355], [-112.0043171, 33.4129349], [-112.0043178, 33.4130357]]]}, "properties": {"height": 8, "night": "#542b17"}}, {"type": "Feature", "geometry": {"type": "Polygon", "coordinates": [[[-112.0065341, 33.4127728], [-112.0064149, 33.4127737], [-112.0064143, 33.4127154], [-112.0064393, 33.4127152], [-112.0064392, 33.4127022], [-112.0064612, 33.4127021], [-112.0064613, 33.4127149], [-112.0065334, 33.4127143], [-112.0065341, 33.4127728]]]}, "properties": {"height": 8, "night": "#542b17"}}, {"type": "Feature", "geometry": {"type": "Polygon", "coordinates": [[[-111.984398, 33.4458317], [-111.9844145, 33.4456993], [-111.9845235, 33.4457074], [-111.9845294, 33.4456525], [-111.9845961, 33.4456572], [-111.9846124, 33.4454905], [-111.9847478, 33.4455081], [-111.9847437, 33.445547], [-111.9848792, 33.4455562], [-111.9848751, 33.4456085], [-111.9849857, 33.4456184], [-111.98498, 33.4456727], [-111.9850905, 33.4456814], [-111.985082, 33.4457598], [-111.9850773, 33.4458028], [-111.9851535, 33.4458868], [-111.985, 33.4459837], [-111.9849238, 33.4458997], [-111.9850417, 33.4458253], [-111.9848927, 33.445809], [-111.9848883, 33.4457936], [-111.9845814, 33.4457662], [-111.9845709, 33.4458495], [-111.9844849, 33.4458407], [-111.984398, 33.4458317]]]}, "properties": {"height": 8, "night": "#6b391f"}}, {"type": "Feature", "geometry": {"type": "Polygon", "coordinates": [[[-111.9860237, 33.4465058], [-111.985943, 33.4465048], [-111.9859439, 33.4464519], [-111.9859716, 33.4464523], [-111.9859712, 33.4464746], [-111.9859972, 33.4464749], [-111.9859976, 33.4464526], [-111.9860247, 33.446453], [-111.9860237, 33.4465058]]]}, "properties": {"height": 8, "night": "#6e3a20"}}, {"type": "Feature", "geometry": {"type": "Polygon", "coordinates": [[[-112.0078041, 33.4556807], [-112.007802, 33.4555396], [-112.0077363, 33.4555403], [-112.0077366, 33.4555607], [-112.0076373, 33.4555617], [-112.007639, 33.4556823], [-112.0078041, 33.4556807]]]}, "properties": {"height": 6, "night": "#824124"}}, {"type": "Feature", "geometry": {"type": "Polygon", "coordinates": [[[-112.0065752, 33.4556686], [-112.0065763, 33.4555795], [-112.0064613, 33.4555785], [-112.0064611, 33.4555907], [-112.0064191, 33.4555903], [-112.0064185, 33.455643], [-112.0064663, 33.4556434], [-112.006466, 33.4556676], [-112.0065752, 33.4556686]]]}, "properties": {"height": 8, "night": "#884a2a"}}, {"type": "Feature", "geometry": {"type": "Polygon", "coordinates": [[[-112.0052576, 33.4556576], [-112.005259, 33.4555817], [-112.0051279, 33.45558], [-112.0051265, 33.4556559], [-112.0052576, 33.4556576]]]}, "properties": {"height": 8, "night": "#874929"}}, {"type": "Feature", "geometry": {"type": "Polygon", "coordinates": [[[-112.008212, 33.4561125], [-112.0082143, 33.455972], [-112.0080885, 33.4559706], [-112.0080867, 33.4560823], [-112.0081316, 33.4560829], [-112.0081311, 33.4561116], [-112.008212, 33.4561125]]]}, "properties": {"height": 3, "night": "#77351a"}}, {"type": "Feature", "geometry": {"type": "Polygon", "coordinates": [[[-112.0070416, 33.4561451], [-112.0070453, 33.4559528], [-112.0068807, 33.4559506], [-112.006877, 33.4561429], [-112.0070416, 33.4561451]]]}, "properties": {"height": 8, "night": "#88492a"}}, {"type": "Feature", "geometry": {"type": "Polygon", "coordinates": [[[-112.0072058, 33.4542778], [-112.0072069, 33.454223], [-112.0072341, 33.4542234], [-112.0072357, 33.4541449], [-112.0070326, 33.4541419], [-112.0070299, 33.4542752], [-112.0072058, 33.4542778]]]}, "properties": {"height": 3, "night": "#79361a"}}, {"type": "Feature", "geometry": {"type": "Polygon", "coordinates": [[[-112.0113089, 33.4358612], [-112.0113116, 33.4356935], [-112.0111514, 33.4356926], [-112.0111512, 33.435861], [-112.0113089, 33.4358612]]]}, "properties": {"height": 8, "night": "#874929"}}, {"type": "Feature", "geometry": {"type": "Polygon", "coordinates": [[[-112.0061152, 33.4372775], [-112.0061118, 33.4369944], [-112.0057738, 33.4369972], [-112.0057772, 33.4372803], [-112.0061152, 33.4372775]]]}, "properties": {"height": 8, "night": "#864829"}}, {"type": "Feature", "geometry": {"type": "Polygon", "coordinates": [[[-112.0128376, 33.4366292], [-112.0128365, 33.4365845], [-112.0127642, 33.4365857], [-112.0127653, 33.4366305], [-112.0128376, 33.4366292]]]}, "properties": {"height": 8, "night": "#894a2a"}}, {"type": "Feature", "geometry": {"type": "Polygon", "coordinates": [[[-112.0135964, 33.4378211], [-112.0135961, 33.4377291], [-112.0135608, 33.4377324], [-112.013513, 33.4377292], [-112.0135132, 33.4378212], [-112.0135964, 33.4378211]]]}, "properties": {"height": 8, "night": "#8b4b2b"}}, {"type": "Feature", "geometry": {"type": "Polygon", "coordinates": [[[-112.0294819, 33.4356839], [-112.0293506, 33.4356844], [-112.0293505, 33.4356699], [-112.02935, 33.4355867], [-112.0293496, 33.4355179], [-112.029481, 33.4355174], [-112.0294814, 33.4355866], [-112.0294818, 33.4356699], [-112.0294819, 33.4356839]]]}, "properties": {"height": 8, "night": "#794024"}}, {"type": "Feature", "geometry": {"type": "Polygon", "coordinates": [[[-112.0285848, 33.436097], [-112.0279433, 33.4360924], [-112.0279434, 33.4360861], [-112.0277185, 33.4360846], [-112.02772, 33.4359322], [-112.0279443, 33.4359338], [-112.0279444, 33.4359227], [-112.0285865, 33.4359272], [-112.0285848, 33.436097]]]}, "properties": {"height": 8, "night": "#7b4225"}}, {"type": "Feature", "geometry": {"type": "Polygon", "coordinates": [[[-111.9942187, 33.4510642], [-111.9941165, 33.4510634], [-111.9941205, 33.450727], [-111.9941406, 33.4507272], [-111.9941404, 33.4507425], [-111.9941744, 33.4507427], [-111.9941742, 33.4507569], [-111.9941908, 33.450757], [-111.9941907, 33.4507708], [-111.9942222, 33.450771], [-111.9942187, 33.4510642]]]}, "properties": {"height": 8, "night": "#7b4225"}}, {"type": "Feature", "geometry": {"type": "Polygon", "coordinates": [[[-111.9875457, 33.4537269], [-111.9880938, 33.4539994], [-111.9882458, 33.4539683], [-111.9885673, 33.4535031], [-111.9884661, 33.4534585], [-111.9884654, 33.4534632], [-111.988368, 33.4534156], [-111.9883491, 33.4534445], [-111.988314, 33.4534277], [-111.9882564, 33.4535116], [-111.9882506, 33.4535102], [-111.9881757, 33.453623], [-111.9879613, 33.4536714], [-111.9877887, 33.4535848], [-111.9877803, 33.4535976], [-111.9877182, 33.4535607], [-111.9877146, 33.4535649], [-111.9876898, 33.4535502], [-111.9876727, 33.4535756], [-111.9876702, 33.4535744], [-111.987617, 33.4536533], [-111.987604, 33.4536466], [-111.9875457, 33.4537269]]]}, "properties": {"height": 8, "night": "#6f3b21"}}, {"type": "Feature", "geometry": {"type": "Polygon", "coordinates": [[[-111.9940555, 33.4510633], [-111.993984, 33.4510627], [-111.993989, 33.4506428], [-111.994011, 33.450643], [-111.9940108, 33.4506558], [-111.9940272, 33.4506559], [-111.994027, 33.45067], [-111.994059, 33.4506702], [-111.9940555, 33.4510633]]]}, "properties": {"height": 8, "night": "#7b4225"}}, {"type": "Feature", "geometry": {"type": "Polygon", "coordinates": [[[-112.0225884, 33.4466262], [-112.0224222, 33.4466246], [-112.0224223, 33.4466175], [-112.0224017, 33.4466173], [-112.0224021, 33.4465857], [-112.0224227, 33.4465859], [-112.0224241, 33.4464913], [-112.0223957, 33.446491], [-112.0223961, 33.4464614], [-112.0224245, 33.4464616], [-112.0224254, 33.4463994], [-112.0225916, 33.446401], [-112.0225884, 33.4466262]]]}, "properties": {"height": 3, "night": "#7b371b"}}, {"type": "Feature", "geometry": {"type": "Polygon", "coordinates": [[[-111.991539, 33.4508842], [-111.9914777, 33.4508832], [-111.991481, 33.4507417], [-111.9915423, 33.4507427], [-111.991539, 33.4508842]]]}, "properties": {"height": 8, "night": "#773f24"}}, {"type": "Feature", "geometry": {"type": "Polygon", "coordinates": [[[-111.9918916, 33.4506563], [-111.9916354, 33.4506537], [-111.9916361, 33.4506083], [-111.9918923, 33.4506108], [-111.9918916, 33.4506563]]]}, "properties": {"height": 8, "night": "#774024"}}, {"type": "Feature", "geometry": {"type": "Polygon", "coordinates": [[[-111.9918928, 33.45046], [-111.9916358, 33.4504581], [-111.9916369, 33.450359], [-111.9918939, 33.4503609], [-111.9918928, 33.45046]]]}, "properties": {"height": 8, "night": "#774024"}}, {"type": "Feature", "geometry": {"type": "Polygon", "coordinates": [[[-111.9898719, 33.4509622], [-111.9898159, 33.4509628], [-111.9898129, 33.4507721], [-111.9898689, 33.4507715], [-111.9898719, 33.4509622]]]}, "properties": {"height": 8, "night": "#743d22"}}, {"type": "Feature", "geometry": {"type": "Polygon", "coordinates": [[[-112.003157, 33.4490496], [-112.002688, 33.4490465], [-112.0026889, 33.4489502], [-112.0031579, 33.4489532], [-112.003157, 33.4490496]]]}, "properties": {"height": 8, "night": "#8c4c2b"}}, {"type": "Feature", "geometry": {"type": "Polygon", "coordinates": [[[-112.0031675, 33.4497096], [-112.0026983, 33.4497065], [-112.0026992, 33.4496102], [-112.0031683, 33.4496132], [-112.0031675, 33.4497096]]]}, "properties": {"height": 8, "night": "#8b4b2b"}}, {"type": "Feature", "geometry": {"type": "Polygon", "coordinates": [[[-112.0124181, 33.4588775], [-112.0123309, 33.4588775], [-112.0123309, 33.4587527], [-112.0124181, 33.4587527], [-112.0124181, 33.4588775]]]}, "properties": {"height": 8, "night": "#854729"}}, {"type": "Feature", "geometry": {"type": "Polygon", "coordinates": [[[-111.9989753, 33.4348423], [-111.9989753, 33.434836], [-111.9989738, 33.4347813], [-111.9989752, 33.434696], [-111.9989752, 33.4346503], [-111.9971364, 33.4346505], [-111.9971364, 33.4346934], [-111.9971364, 33.4348377], [-111.9971364, 33.4348426], [-111.9989753, 33.4348423]]]}, "properties": {"height": 8, "night": "#794124"}}, {"type": "Feature", "geometry": {"type": "Polygon", "coordinates": [[[-111.991593, 33.4376945], [-111.9915948, 33.4371195], [-111.9915006, 33.4371191], [-111.9911774, 33.437121], [-111.9910209, 33.4371223], [-111.9901255, 33.4371197], [-111.9901252, 33.4372071], [-111.9898259, 33.4372063], [-111.9898282, 33.4376905], [-111.991593, 33.4376945]]]}, "properties": {"height": 20, "night": "#91623f"}}, {"type": "Feature", "geometry": {"type": "Polygon", "coordinates": [[[-111.9905243, 33.4335623], [-111.988931, 33.4335612], [-111.9889325, 33.4339464], [-111.9905257, 33.433942], [-111.9905243, 33.4335623]]]}, "properties": {"height": 30, "night": "#a27951"}}, {"type": "Feature", "geometry": {"type": "Polygon", "coordinates": [[[-112.013521, 33.4509405], [-112.0132962, 33.4509405], [-112.0132962, 33.4508921], [-112.0133019, 33.4508921], [-112.0133019, 33.4508099], [-112.0135218, 33.4508099], [-112.013521, 33.4509405]]]}, "properties": {"height": 8, "night": "#96522f"}}, {"type": "Feature", "geometry": {"type": "Polygon", "coordinates": [[[-112.0053528, 33.4469777], [-112.004889, 33.4469774], [-112.0048891, 33.4468008], [-112.005353, 33.4468011], [-112.0053528, 33.4469777]]]}, "properties": {"height": 8, "night": "#904e2d"}}, {"type": "Feature", "geometry": {"type": "Polygon", "coordinates": [[[-112.0167156, 33.4457448], [-112.0166155, 33.4457455], [-112.0166136, 33.4455445], [-112.0167137, 33.4455439], [-112.0167156, 33.4457448]]]}, "properties": {"height": 8, "night": "#985330"}}, {"type": "Feature", "geometry": {"type": "Polygon", "coordinates": [[[-111.9852148, 33.4520748], [-111.9851165, 33.4521499], [-111.9851205, 33.452254], [-111.9849213, 33.4522551], [-111.9846914, 33.4520584], [-111.9846833, 33.452065], [-111.9846619, 33.4520505], [-111.9846411, 33.4520339], [-111.9846219, 33.4520164], [-111.9846048, 33.4519979], [-111.984613, 33.4519913], [-111.9843437, 33.4517608], [-111.9844392, 33.4516889], [-111.9844513, 33.4515837], [-111.9846358, 33.4515782], [-111.9848391, 33.4517505], [-111.9848466, 33.451744], [-111.9848929, 33.4517673], [-111.9849327, 33.4517963], [-111.9849659, 33.451829], [-111.9849891, 33.4518665], [-111.9849808, 33.4518718], [-111.9852148, 33.4520748]]]}, "properties": {"height": 8, "night": "#6a381f"}}, {"type": "Feature", "geometry": {"type": "Polygon", "coordinates": [[[-112.0303044, 33.4229918], [-112.0302884, 33.4229918], [-112.0302884, 33.4229597], [-112.0303044, 33.4229597], [-112.0303044, 33.4229918]]]}, "properties": {"height": 8, "night": "#63331c"}}, {"type": "Feature", "geometry": {"type": "Polygon", "coordinates": [[[-112.0305836, 33.4561691], [-112.0304324, 33.4561696], [-112.0304318, 33.4560577], [-112.0305826, 33.4560572], [-112.0305825, 33.4560354], [-112.0313007, 33.4560327], [-112.0313022, 33.4563112], [-112.0311454, 33.4563118], [-112.0311454, 33.4563053], [-112.0308974, 33.4563062], [-112.0308969, 33.4562019], [-112.0311448, 33.4562009], [-112.0311445, 33.4561463], [-112.0309775, 33.4561469], [-112.0309775, 33.456141], [-112.0305834, 33.4561425], [-112.0305836, 33.4561691]]]}, "properties": {"height": 8, "night": "#794024"}}, {"type": "Feature", "geometry": {"type": "Polygon", "coordinates": [[[-112.0303405, 33.4466768], [-112.0303223, 33.446677], [-112.030322, 33.4466518], [-112.03034, 33.446642], [-112.0303405, 33.4466768]]]}, "properties": {"height": 8, "night": "#804527"}}, {"type": "Feature", "geometry": {"type": "Polygon", "coordinates": [[[-112.005964, 33.4222215], [-112.005666, 33.4220074], [-112.0057276, 33.4219477], [-112.0054624, 33.4217573], [-112.00544, 33.421779], [-112.0054769, 33.4218054], [-112.0054368, 33.4218445], [-112.0054219, 33.4218339], [-112.0050612, 33.4221874], [-112.004992, 33.4221382], [-112.0049107, 33.4222179], [-112.0048911, 33.4223312], [-112.0049608, 33.4223396], [-112.0049315, 33.4225308], [-112.0049026, 33.4226764], [-112.005159, 33.4228595], [-112.0052422, 33.4229208], [-112.0053573, 33.4228093], [-112.0054087, 33.4228463], [-112.0056305, 33.4226315], [-112.0055792, 33.4225946], [-112.005964, 33.4222215]]]}, "properties": {"height": 9, "night": "#6a3920"}}, {"type": "Feature", "geometry": {"type": "Polygon", "coordinates": [[[-111.9992735, 33.4517062], [-111.9992064, 33.4517045], [-111.9992054, 33.4516291], [-111.9992715, 33.4516308], [-111.9992735, 33.4517062]]]}, "properties": {"height": 8, "night": "#834728"}}, {"type": "Feature", "geometry": {"type": "Polygon", "coordinates": [[[-112.0135205, 33.4586323], [-112.0134826, 33.458632], [-112.0134827, 33.4586215], [-112.0135206, 33.4586218], [-112.0135205, 33.4586323]]]}, "properties": {"height": 8, "night": "#854829"}}, {"type": "Feature", "geometry": {"type": "Polygon", "coordinates": [[[-112.0357757, 33.4209116], [-112.0350526, 33.4209637], [-112.0348373, 33.4188844], [-112.0355604, 33.4188322], [-112.0357757, 33.4209116]]]}, "properties": {"height": 8, "night": "#582d19"}}, {"type": "Feature", "geometry": {"type": "Polygon", "coordinates": [[[-111.9895599, 33.4501343], [-111.9882921, 33.4501555], [-111.9882027, 33.450157], [-111.9881905, 33.4496433], [-111.988187, 33.4494967], [-111.9895442, 33.4494742], [-111.9895599, 33.4501343]]]}, "properties": {"height": 8, "night": "#723d22"}}, {"type": "Feature", "geometry": {"type": "Polygon", "coordinates": [[[-111.9859781, 33.4103602], [-111.9859778, 33.4103181], [-111.9860115, 33.410318], [-111.9860113, 33.4102811], [-111.9859732, 33.4102813], [-111.9859729, 33.4102408], [-111.9858294, 33.4102416], [-111.9858297, 33.4102815], [-111.9858017, 33.4102816], [-111.985802, 33.4103182], [-111.9858273, 33.410318], [-111.9858276, 33.410361], [-111.9859781, 33.4103602]]]}, "properties": {"height": 8, "night": "#412010"}}, {"type": "Feature", "geometry": {"type": "Polygon", "coordinates": [[[-111.9950811, 33.4141937], [-111.9950903, 33.4137262], [-111.9945015, 33.4137181], [-111.994496, 33.413997], [-111.9945595, 33.4139979], [-111.9945558, 33.4141865], [-111.9950811, 33.4141937]]]}, "properties": {"height": 8, "night": "#502916"}}, {"type": "Feature", "geometry": {"type": "Polygon", "coordinates": [[[-111.9899758, 33.4153089], [-111.9902994, 33.4153098], [-111.9902935, 33.4169129], [-111.9899747, 33.416912], [-111.9899758, 33.416622], [-111.9900772, 33.4166222], [-111.9900775, 33.4165417], [-111.9899829, 33.4165414], [-111.9899852, 33.4159983], [-111.9900841, 33.4159986], [-111.9900845, 33.4159139], [-111.989964, 33.4159135], [-111.9899655, 33.4155484], [-111.9900713, 33.4155487], [-111.9900716, 33.4154777], [-111.9899751, 33.4154774], [-111.9899758, 33.4153089]]]}, "properties": {"height": 8, "night": "#502816"}}, {"type": "Feature", "geometry": {"type": "Polygon", "coordinates": [[[-111.9964982, 33.4122741], [-111.9963598, 33.4122761], [-111.9963572, 33.4121463], [-111.9963413, 33.4121465], [-111.9963393, 33.4120492], [-111.9964936, 33.4120471], [-111.9964982, 33.4122741]]]}, "properties": {"height": 8, "night": "#4e2715"}}, {"type": "Feature", "geometry": {"type": "Polygon", "coordinates": [[[-112.0257598, 33.456242], [-112.0252398, 33.4562423], [-112.0252394, 33.4556416], [-112.0257594, 33.4556413], [-112.0257598, 33.4561935], [-112.0257598, 33.456242]]]}, "properties": {"height": 8, "night": "#814527"}}, {"type": "Feature", "geometry": {"type": "Polygon", "coordinates": [[[-112.0054973, 33.4571501], [-112.0055557, 33.4571487], [-112.005554, 33.4570202], [-112.0055009, 33.4570202], [-112.0054973, 33.4571501]]]}, "properties": {"height": 8, "night": "#844728"}}, {"type": "Feature", "geometry": {"type": "Polygon", "coordinates": [[[-112.0048541, 33.4570431], [-112.0048479, 33.4570254], [-112.0048868, 33.4570239], [-112.0048886, 33.4568763], [-112.0047276, 33.4568748], [-112.0047302, 33.4570409], [-112.0048541, 33.4570431]]]}, "properties": {"height": 8, "night": "#844728"}}, {"type": "Feature", "geometry": {"type": "Polygon", "coordinates": [[[-111.9949699, 33.4579331], [-111.9946558, 33.4579306], [-111.9946578, 33.4577533], [-111.9949668, 33.4577618], [-111.9949699, 33.4579331]]]}, "properties": {"height": 8, "night": "#763f23"}}, {"type": "Feature", "geometry": {"type": "Polygon", "coordinates": [[[-111.9885892, 33.4565922], [-111.9885907, 33.4564176], [-111.9877121, 33.4564121], [-111.9877105, 33.4565866], [-111.9885892, 33.4565922]]]}, "properties": {"height": 8, "night": "#6d3920"}}, {"type": "Feature", "geometry": {"type": "Polygon", "coordinates": [[[-112.032853, 33.4373946], [-112.0328553, 33.4373484], [-112.0328756, 33.4373488], [-112.0328813, 33.4371657], [-112.0328533, 33.4371651], [-112.0328559, 33.4370821], [-112.032685, 33.4370785], [-112.0326768, 33.4373459], [-112.0327029, 33.4373465], [-112.0327015, 33.4373913], [-112.032853, 33.4373946]]]}, "properties": {"height": 8, "night": "#763f23"}}, {"type": "Feature", "geometry": {"type": "Polygon", "coordinates": [[[-112.0256016, 33.4460993], [-112.0256056, 33.4459324], [-112.0252671, 33.4459267], [-112.0252631, 33.4460937], [-112.0256016, 33.4460993]]]}, "properties": {"height": 8, "night": "#894a2a"}}, {"type": "Feature", "geometry": {"type": "Polygon", "coordinates": [[[-112.0253232, 33.4148099], [-112.0253636, 33.4148216], [-112.0255056, 33.4148625], [-112.0255044, 33.4148397], [-112.0255453, 33.4148382], [-112.0255875, 33.4148367], [-112.0255888, 33.4148622], [-112.0257188, 33.4148176], [-112.0258915, 33.4149156], [-112.0258688, 33.414944], [-112.0259658, 33.4149981], [-112.0260045, 33.4149496], [-112.0262838, 33.4151032], [-112.0262561, 33.4151103], [-112.0260647, 33.4151613], [-112.025715, 33.4149615], [-112.025422, 33.4149748], [-112.0253044, 33.4151576], [-112.0251245, 33.4151661], [-112.0253232, 33.4148099]]]}, "properties": {"height": 8, "night": "#562c18"}}, {"type": "Feature", "geometry": {"type": "Polygon", "coordinates": [[[-112.0263595, 33.4149925], [-112.0263214, 33.4149603], [-112.0263372, 33.4149473], [-112.0263258, 33.4149377], [-112.0263522, 33.4149159], [-112.0263626, 33.4149247], [-112.0263689, 33.4149195], [-112.026408, 33.4149525], [-112.0263595, 33.4149925]]]}, "properties": {"height": 8, "night": "#562c18"}}, {"type": "Feature", "geometry": {"type": "Polygon", "coordinates": [[[-112.0037722, 33.4554297], [-112.0032708, 33.4554332], [-112.0032687, 33.4552246], [-112.0037701, 33.455221], [-112.0037722, 33.4554297]]]}, "properties": {"height": 8, "night": "#854829"}}, {"type": "Feature", "geometry": {"type": "Polygon", "coordinates": [[[-112.026359, 33.444842], [-112.026437, 33.444842], [-112.026437, 33.44475], [-112.026359, 33.44475], [-112.026359, 33.444842]]]}, "properties": {"height": 8, "night": "#874929"}}, {"type": "Feature", "geometry": {"type": "Polygon", "coordinates": [[[-112.02684, 33.445755], [-112.02696, 33.445755], [-112.02696, 33.445694], [-112.027035, 33.445694], [-112.027035, 33.445524], [-112.02684, 33.445524], [-112.02684, 33.445755]]]}, "properties": {"height": 8, "night": "#864829"}}, {"type": "Feature", "geometry": {"type": "Polygon", "coordinates": [[[-112.028476, 33.445634], [-112.028569, 33.445634], [-112.028569, 33.445536], [-112.028475, 33.445536], [-112.028476, 33.445634]]]}, "properties": {"height": 8, "night": "#834628"}}, {"type": "Feature", "geometry": {"type": "Polygon", "coordinates": [[[-112.029465, 33.445202], [-112.029465, 33.445278], [-112.029546, 33.445278], [-112.029546, 33.445202], [-112.029465, 33.445202]]]}, "properties": {"height": 8, "night": "#814527"}}, {"type": "Feature", "geometry": {"type": "Polygon", "coordinates": [[[-112.02683, 33.446133], [-112.026831, 33.445881], [-112.026749, 33.445881], [-112.026749, 33.445988], [-112.026672, 33.445988], [-112.026673, 33.445877], [-112.026344, 33.445877], [-112.026343, 33.446132], [-112.02683, 33.446133]]]}, "properties": {"height": 8, "night": "#864829"}}, {"type": "Feature", "geometry": {"type": "Polygon", "coordinates": [[[-112.029922, 33.445889], [-112.029526, 33.445885], [-112.029524, 33.44599], [-112.029345, 33.445989], [-112.029344, 33.446045], [-112.029521, 33.446046], [-112.029521, 33.446022], [-112.029784, 33.446024], [-112.029782, 33.446225], [-112.029918, 33.446226], [-112.029922, 33.445889]]]}, "properties": {"height": 8, "night": "#814527"}}, {"type": "Feature", "geometry": {"type": "Polygon", "coordinates": [[[-112.028784, 33.446657], [-112.028784, 33.446746], [-112.028886, 33.446746], [-112.028886, 33.446657], [-112.028784, 33.446657]]]}, "properties": {"height": 8, "night": "#834628"}}, {"type": "Feature", "geometry": {"type": "Polygon", "coordinates": [[[-112.027583, 33.447022], [-112.027752, 33.447022], [-112.027751, 33.446887], [-112.027483, 33.446888], [-112.027484, 33.447081], [-112.027583, 33.44708], [-112.027583, 33.447022]]]}, "properties": {"height": 8, "night": "#854829"}}, {"type": "Feature", "geometry": {"type": "Polygon", "coordinates": [[[-112.026618, 33.447527], [-112.026583, 33.447495], [-112.026479, 33.447573], [-112.026513, 33.447605], [-112.026618, 33.447527]]]}, "properties": {"height": 8, "night": "#874929"}}, {"type": "Feature", "geometry": {"type": "Polygon", "coordinates": [[[-112.0254902, 33.4464432], [-112.0254889, 33.4463354], [-112.0254882, 33.4462711], [-112.0251562, 33.4462674], [-112.0251568, 33.4464417], [-112.0254902, 33.4464432]]]}, "properties": {"height": 8, "night": "#894a2a"}}, {"type": "Feature", "geometry": {"type": "Polygon", "coordinates": [[[-112.030393, 33.446124], [-112.030391, 33.446216], [-112.030565, 33.446219], [-112.03056, 33.446454], [-112.03086, 33.446459], [-112.030866, 33.446206], [-112.030732, 33.446204], [-112.030734, 33.44613], [-112.030393, 33.446124]]]}, "properties": {"height": 8, "night": "#7f4427"}}, {"type": "Feature", "geometry": {"type": "Polygon", "coordinates": [[[-112.030444, 33.444911], [-112.030444, 33.444972], [-112.030723, 33.444972], [-112.030723, 33.444911], [-112.030444, 33.444911]]]}, "properties": {"height": 8, "night": "#7f4427"}}, {"type": "Feature", "geometry": {"type": "Polygon", "coordinates": [[[-112.034318, 33.443315], [-112.034218, 33.443315], [-112.034218, 33.443875], [-112.034318, 33.443875], [-112.034318, 33.443315]]]}, "properties": {"height": 8, "night": "#784024"}}, {"type": "Feature", "geometry": {"type": "Polygon", "coordinates": [[[-112.034894, 33.445773], [-112.034894, 33.445824], [-112.035313, 33.445824], [-112.035313, 33.445773], [-112.034894, 33.445773]]]}, "properties": {"height": 8, "night": "#773f24"}}, {"type": "Feature", "geometry": {"type": "Polygon", "coordinates": [[[-112.033945, 33.447729], [-112.034001, 33.447729], [-112.034001, 33.447604], [-112.033945, 33.447604], [-112.033945, 33.447729]]]}, "properties": {"height": 8, "night": "#794124"}}, {"type": "Feature", "geometry": {"type": "Polygon", "coordinates": [[[-112.03108, 33.4504], [-112.030495, 33.450396], [-112.030493, 33.450681], [-112.031078, 33.450684], [-112.03108, 33.4504]]]}, "properties": {"height": 8, "night": "#7e4326"}}, {"type": "Feature", "geometry": {"type": "Polygon", "coordinates": [[[-112.028248, 33.449846], [-112.028178, 33.449846], [-112.028178, 33.449929], [-112.028248, 33.449929], [-112.028248, 33.449846]]]}, "properties": {"height": 8, "night": "#834628"}}, {"type": "Feature", "geometry": {"type": "Polygon", "coordinates": [[[-112.028022, 33.449627], [-112.028076, 33.449627], [-112.028076, 33.449526], [-112.028044, 33.449526], [-112.028044, 33.44945], [-112.027958, 33.44945], [-112.027958, 33.449546], [-112.028022, 33.449546], [-112.028022, 33.449627]]]}, "properties": {"height": 8, "night": "#834728"}}, {"type": "Feature", "geometry": {"type": "Polygon", "coordinates": [[[-112.027076, 33.449553], [-112.027076, 33.449448], [-112.026939, 33.449448], [-112.026939, 33.449553], [-112.027076, 33.449553]]]}, "properties": {"height": 8, "night": "#854829"}}, {"type": "Feature", "geometry": {"type": "Polygon", "coordinates": [[[-112.027355, 33.450182], [-112.027355, 33.44998], [-112.027258, 33.44998], [-112.027258, 33.450182], [-112.027355, 33.450182]]]}, "properties": {"height": 8, "night": "#844728"}}, {"type": "Feature", "geometry": {"type": "Polygon", "coordinates": [[[-112.026794, 33.450108], [-112.026874, 33.450108], [-112.026874, 33.450005], [-112.026794, 33.450005], [-112.026794, 33.450108]]]}, "properties": {"height": 8, "night": "#854829"}}, {"type": "Feature", "geometry": {"type": "Polygon", "coordinates": [[[-112.026477, 33.449727], [-112.026585, 33.449727], [-112.026585, 33.449533], [-112.026477, 33.449533], [-112.026477, 33.449727]]]}, "properties": {"height": 8, "night": "#864829"}}, {"type": "Feature", "geometry": {"type": "Polygon", "coordinates": [[[-112.026043, 33.450779], [-112.026043, 33.450643], [-112.02589, 33.450643], [-112.02589, 33.450779], [-112.026043, 33.450779]]]}, "properties": {"height": 8, "night": "#864829"}}, {"type": "Feature", "geometry": {"type": "Polygon", "coordinates": [[[-112.032573, 33.450576], [-112.032569, 33.450755], [-112.032993, 33.450761], [-112.032987, 33.451041], [-112.032872, 33.451039], [-112.032869, 33.451153], [-112.033199, 33.451158], [-112.033211, 33.450585], [-112.032573, 33.450576]]]}, "properties": {"height": 8, "night": "#7a4125"}}, {"type": "Feature", "geometry": {"type": "Polygon", "coordinates": [[[-112.033187, 33.452786], [-112.033186, 33.452334], [-112.033041, 33.452335], [-112.033042, 33.452787], [-112.033187, 33.452786]]]}, "properties": {"height": 8, "night": "#784024"}}, {"type": "Feature", "geometry": {"type": "Polygon", "coordinates": [[[-112.031837, 33.453368], [-112.031968, 33.453368], [-112.031968, 33.453086], [-112.031837, 33.453086], [-112.031837, 33.453368]]]}, "properties": {"height": 8, "night": "#7a4125"}}, {"type": "Feature", "geometry": {"type": "Polygon", "coordinates": [[[-112.03229, 33.453852], [-112.03229, 33.453923], [-112.032459, 33.453923], [-112.032459, 33.453852], [-112.03229, 33.453852]]]}, "properties": {"height": 8, "night": "#794024"}}, {"type": "Feature", "geometry": {"type": "Polygon", "coordinates": [[[-112.032936, 33.45382], [-112.032805, 33.45382], [-112.032805, 33.453897], [-112.032936, 33.453897], [-112.032936, 33.45382]]]}, "properties": {"height": 8, "night": "#784024"}}, {"type": "Feature", "geometry": {"type": "Polygon", "coordinates": [[[-112.033784, 33.453901], [-112.033926, 33.453901], [-112.033926, 33.453826], [-112.033784, 33.453826], [-112.033784, 33.453901]]]}, "properties": {"height": 8, "night": "#763f23"}}, {"type": "Feature", "geometry": {"type": "Polygon", "coordinates": [[[-112.033907, 33.453447], [-112.033907, 33.453368], [-112.033811, 33.453368], [-112.033811, 33.453447], [-112.033907, 33.453447]]]}, "properties": {"height": 8, "night": "#773f24"}}, {"type": "Feature", "geometry": {"type": "Polygon", "coordinates": [[[-112.032976, 33.453375], [-112.033089, 33.453375], [-112.033089, 33.453259], [-112.033204, 33.453259], [-112.033204, 33.453113], [-112.033119, 33.453113], [-112.033119, 33.45306], [-112.032976, 33.45306], [-112.032976, 33.453375]]]}, "properties": {"height": 8, "night": "#784024"}}, {"type": "Feature", "geometry": {"type": "Polygon", "coordinates": [[[-112.034795, 33.453926], [-112.034902, 33.453926], [-112.034902, 33.453601], [-112.034795, 33.453601], [-112.034795, 33.453926]]]}, "properties": {"height": 8, "night": "#753e23"}}, {"type": "Feature", "geometry": {"type": "Polygon", "coordinates": [[[-112.034597, 33.454304], [-112.034731, 33.454304], [-112.034731, 33.454203], [-112.034597, 33.454203], [-112.034597, 33.454304]]]}, "properties": {"height": 8, "night": "#753e23"}}, {"type": "Feature", "geometry": {"type": "Polygon", "coordinates": [[[-112.034065, 33.454443], [-112.033942, 33.454443], [-112.033942, 33.454572], [-112.034065, 33.454572], [-112.034065, 33.454443]]]}, "properties": {"height": 8, "night": "#753f23"}}, {"type": "Feature", "geometry": {"type": "Polygon", "coordinates": [[[-112.035093, 33.454288], [-112.035221, 33.454288], [-112.035221, 33.454203], [-112.035093, 33.454203], [-112.035093, 33.454288]]]}, "properties": {"height": 8, "night": "#743e22"}}, {"type": "Feature", "geometry": {"type": "Polygon", "coordinates": [[[-112.034446, 33.454946], [-112.034446, 33.455042], [-112.034551, 33.455042], [-112.034551, 33.454946], [-112.034446, 33.454946]]]}, "properties": {"height": 8, "night": "#743e23"}}, {"type": "Feature", "geometry": {"type": "Polygon", "coordinates": [[[-112.034063, 33.455038], [-112.034063, 33.454944], [-112.033966, 33.454944], [-112.033966, 33.455038], [-112.034063, 33.455038]]]}, "properties": {"height": 8, "night": "#753e23"}}, {"type": "Feature", "geometry": {"type": "Polygon", "coordinates": [[[-112.03318, 33.455029], [-112.033259, 33.455029], [-112.033259, 33.454879], [-112.03318, 33.454879], [-112.03318, 33.455029]]]}, "properties": {"height": 8, "night": "#763f23"}}, {"type": "Feature", "geometry": {"type": "Polygon", "coordinates": [[[-112.033011, 33.454213], [-112.033009, 33.454573], [-112.033258, 33.454574], [-112.033259, 33.454498], [-112.033098, 33.454497], [-112.033099, 33.454213], [-112.033011, 33.454213]]]}, "properties": {"height": 8, "night": "#773f24"}}, {"type": "Feature", "geometry": {"type": "Polygon", "coordinates": [[[-112.031791, 33.45421], [-112.031638, 33.45421], [-112.031638, 33.454306], [-112.031791, 33.454306], [-112.031791, 33.45421]]]}, "properties": {"height": 8, "night": "#794125"}}, {"type": "Feature", "geometry": {"type": "Polygon", "coordinates": [[[-112.030426, 33.455465], [-112.030568, 33.455465], [-112.030568, 33.455387], [-112.030426, 33.455387], [-112.030426, 33.455465]]]}, "properties": {"height": 8, "night": "#7a4125"}}, {"type": "Feature", "geometry": {"type": "Polygon", "coordinates": [[[-112.032036, 33.456284], [-112.031828, 33.456284], [-112.031828, 33.456459], [-112.032037, 33.456459], [-112.032036, 33.456284]]]}, "properties": {"height": 8, "night": "#773f24"}}, {"type": "Feature", "geometry": {"type": "Polygon", "coordinates": [[[-112.03159, 33.456577], [-112.031496, 33.456577], [-112.031496, 33.456685], [-112.03159, 33.456685], [-112.03159, 33.456577]]]}, "properties": {"height": 8, "night": "#774024"}}, {"type": "Feature", "geometry": {"type": "Polygon", "coordinates": [[[-112.030437, 33.457192], [-112.030438, 33.457624], [-112.030605, 33.457623], [-112.030605, 33.457547], [-112.030557, 33.457547], [-112.030556, 33.457473], [-112.030646, 33.457473], [-112.030646, 33.457191], [-112.030437, 33.457192]]]}, "properties": {"height": 8, "night": "#784024"}}, {"type": "Feature", "geometry": {"type": "Polygon", "coordinates": [[[-112.032622, 33.457584], [-112.032724, 33.457584], [-112.032724, 33.457464], [-112.032622, 33.457464], [-112.032622, 33.457584]]]}, "properties": {"height": 8, "night": "#743e23"}}, {"type": "Feature", "geometry": {"type": "Polygon", "coordinates": [[[-112.033698, 33.45745], [-112.033698, 33.457558], [-112.033805, 33.457558], [-112.033805, 33.457529], [-112.033837, 33.457529], [-112.033837, 33.457372], [-112.033762, 33.457372], [-112.033762, 33.45745], [-112.033698, 33.45745]]]}, "properties": {"height": 8, "night": "#733d22"}}, {"type": "Feature", "geometry": {"type": "Polygon", "coordinates": [[[-112.034929, 33.457578], [-112.035066, 33.457578], [-112.035066, 33.457466], [-112.034929, 33.457466], [-112.034929, 33.457578]]]}, "properties": {"height": 8, "night": "#713c21"}}, {"type": "Feature", "geometry": {"type": "Polygon", "coordinates": [[[-112.034409, 33.456249], [-112.034546, 33.456249], [-112.034546, 33.456161], [-112.034409, 33.456161], [-112.034409, 33.456249]]]}, "properties": {"height": 8, "night": "#733d22"}}, {"type": "Feature", "geometry": {"type": "Polygon", "coordinates": [[[-112.034782, 33.456741], [-112.034894, 33.456741], [-112.034894, 33.45653], [-112.034782, 33.45653], [-112.034782, 33.456741]]]}, "properties": {"height": 8, "night": "#723c22"}}, {"type": "Feature", "geometry": {"type": "Polygon", "coordinates": [[[-112.033904, 33.455868], [-112.034023, 33.455868], [-112.034023, 33.455729], [-112.033904, 33.455729], [-112.033904, 33.455868]]]}, "properties": {"height": 8, "night": "#743e23"}}, {"type": "Feature", "geometry": {"type": "Polygon", "coordinates": [[[-112.035015, 33.455644], [-112.034932, 33.455644], [-112.034932, 33.455707], [-112.035015, 33.455707], [-112.035015, 33.455644]]]}, "properties": {"height": 8, "night": "#733d22"}}, {"type": "Feature", "geometry": {"type": "Polygon", "coordinates": [[[-112.034369, 33.455329], [-112.034269, 33.455329], [-112.034269, 33.455461], [-112.034369, 33.455461], [-112.034369, 33.455329]]]}, "properties": {"height": 8, "night": "#743e23"}}, {"type": "Feature", "geometry": {"type": "Polygon", "coordinates": [[[-112.007642, 33.458357], [-112.007645, 33.458263], [-112.007501, 33.45826], [-112.007498, 33.458354], [-112.007642, 33.458357]]]}, "properties": {"height": 8, "night": "#844728"}}, {"type": "Feature", "geometry": {"type": "Polygon", "coordinates": [[[-112.006468, 33.458254], [-112.006468, 33.458368], [-112.006621, 33.458368], [-112.006621, 33.458283], [-112.006567, 33.458283], [-112.006567, 33.458254], [-112.006468, 33.458254]]]}, "properties": {"height": 8, "night": "#834728"}}, {"type": "Feature", "geometry": {"type": "Polygon", "coordinates": [[[-112.007262, 33.457779], [-112.007262, 33.457938], [-112.007418, 33.457938], [-112.007418, 33.457779], [-112.007262, 33.457779]]]}, "properties": {"height": 8, "night": "#854729"}}, {"type": "Feature", "geometry": {"type": "Polygon", "coordinates": [[[-112.008343, 33.458039], [-112.008413, 33.458039], [-112.008413, 33.457963], [-112.008343, 33.457963], [-112.008343, 33.458039]]]}, "properties": {"height": 8, "night": "#854829"}}, {"type": "Feature", "geometry": {"type": "Polygon", "coordinates": [[[-112.009308, 33.458249], [-112.009308, 33.458211], [-112.009254, 33.45821], [-112.009253, 33.458371], [-112.009414, 33.458372], [-112.009415, 33.458249], [-112.009308, 33.458249]]]}, "properties": {"height": 8, "night": "#854829"}}, {"type": "Feature", "geometry": {"type": "Polygon", "coordinates": [[[-112.010467, 33.458211], [-112.010467, 33.458294], [-112.01061, 33.458294], [-112.01061, 33.458211], [-112.010467, 33.458211]]]}, "properties": {"height": 8, "night": "#854829"}}, {"type": "Feature", "geometry": {"type": "Polygon", "coordinates": [[[-112.009684, 33.457768], [-112.009684, 33.457887], [-112.009818, 33.457887], [-112.009818, 33.457768], [-112.009684, 33.457768]]]}, "properties": {"height": 8, "night": "#864829"}}, {"type": "Feature", "geometry": {"type": "Polygon", "coordinates": [[[-112.0060792, 33.4578818], [-112.0060792, 33.4577821], [-112.005866, 33.4577819], [-112.0058648, 33.4578627], [-112.0059829, 33.457865], [-112.0059817, 33.4578826], [-112.0060792, 33.4578818]]]}, "properties": {"height": 8, "night": "#834728"}}, {"type": "Feature", "geometry": {"type": "Polygon", "coordinates": [[[-112.005921, 33.45696], [-112.006039, 33.45696], [-112.006039, 33.456864], [-112.005921, 33.456864], [-112.005921, 33.45696]]]}, "properties": {"height": 8, "night": "#854829"}}, {"type": "Feature", "geometry": {"type": "Polygon", "coordinates": [[[-112.005291, 33.456575], [-112.005452, 33.456575], [-112.005452, 33.456374], [-112.005352, 33.456374], [-112.005352, 33.456492], [-112.005291, 33.456492], [-112.005291, 33.456575]]]}, "properties": {"height": 8, "night": "#854829"}}, {"type": "Feature", "geometry": {"type": "Polygon", "coordinates": [[[-112.004336, 33.456052], [-112.004306, 33.456052], [-112.004306, 33.45609], [-112.004483, 33.45609], [-112.004483, 33.455951], [-112.004336, 33.455951], [-112.004336, 33.456052]]]}, "properties": {"height": 8, "night": "#854829"}}, {"type": "Feature", "geometry": {"type": "Polygon", "coordinates": [[[-112.005674, 33.45609], [-112.005674, 33.455969], [-112.0055, 33.455969], [-112.0055, 33.45609], [-112.005674, 33.45609]]]}, "properties": {"height": 8, "night": "#864929"}}, {"type": "Feature", "geometry": {"type": "Polygon", "coordinates": [[[-112.004652, 33.45506], [-112.004513, 33.45506], [-112.004513, 33.45515], [-112.004652, 33.45515], [-112.004652, 33.45506]]]}, "properties": {"height": 8, "night": "#874929"}}, {"type": "Feature", "geometry": {"type": "Polygon", "coordinates": [[[-112.005693, 33.455177], [-112.005867, 33.455177], [-112.005867, 33.455058], [-112.005693, 33.455058], [-112.005693, 33.455177]]]}, "properties": {"height": 8, "night": "#884a2a"}}, {"type": "Feature", "geometry": {"type": "Polygon", "coordinates": [[[-112.004988, 33.454655], [-112.004886, 33.454655], [-112.004886, 33.454767], [-112.005055, 33.454767], [-112.005055, 33.454691], [-112.004988, 33.454691], [-112.004988, 33.454655]]]}, "properties": {"height": 8, "night": "#884a2a"}}, {"type": "Feature", "geometry": {"type": "Polygon", "coordinates": [[[-112.006151, 33.454569], [-112.006068, 33.45457], [-112.006071, 33.45478], [-112.006229, 33.454779], [-112.006228, 33.454685], [-112.006153, 33.454686], [-112.006151, 33.454569]]]}, "properties": {"height": 8, "night": "#8a4a2a"}}, {"type": "Feature", "geometry": {"type": "Polygon", "coordinates": [[[-112.007007, 33.454646], [-112.006871, 33.454646], [-112.006871, 33.454767], [-112.007007, 33.454767], [-112.007007, 33.454646]]]}, "properties": {"height": 8, "night": "#8a4b2b"}}, {"type": "Feature", "geometry": {"type": "Polygon", "coordinates": [[[-112.008037, 33.454767], [-112.008209, 33.454767], [-112.008209, 33.454693], [-112.008142, 33.454693], [-112.008142, 33.454644], [-112.008037, 33.454644], [-112.008037, 33.454767]]]}, "properties": {"height": 8, "night": "#8b4b2b"}}, {"type": "Feature", "geometry": {"type": "Polygon", "coordinates": [[[-112.008212, 33.45506], [-112.008096, 33.45506], [-112.008096, 33.45502], [-112.008056, 33.45502], [-112.008056, 33.455206], [-112.008212, 33.455206], [-112.008212, 33.45506]]]}, "properties": {"height": 8, "night": "#8b4b2b"}}, {"type": "Feature", "geometry": {"type": "Polygon", "coordinates": [[[-112.006474, 33.455181], [-112.006596, 33.455181], [-112.006596, 33.455065], [-112.006474, 33.455065], [-112.006474, 33.455181]]]}, "properties": {"height": 8, "night": "#894a2a"}}, {"type": "Feature", "geometry": {"type": "Polygon", "coordinates": [[[-112.009043, 33.455554], [-112.009042, 33.455675], [-112.009209, 33.455676], [-112.009209, 33.455595], [-112.009151, 33.455595], [-112.009152, 33.455555], [-112.009043, 33.455554]]]}, "properties": {"height": 8, "night": "#8a4b2b"}}, {"type": "Feature", "geometry": {"type": "Polygon", "coordinates": [[[-112.008874, 33.455192], [-112.009027, 33.455192], [-112.009027, 33.455056], [-112.008874, 33.455056], [-112.008874, 33.455192]]]}, "properties": {"height": 8, "night": "#8b4b2b"}}, {"type": "Feature", "geometry": {"type": "Polygon", "coordinates": [[[-112.010311, 33.455446], [-112.010248, 33.455447], [-112.010249, 33.455538], [-112.010312, 33.455538], [-112.010311, 33.455446]]]}, "properties": {"height": 8, "night": "#8b4b2b"}}, {"type": "Feature", "geometry": {"type": "Polygon", "coordinates": [[[-112.0104054, 33.4556956], [-112.010409, 33.455569], [-112.0102426, 33.4555722], [-112.0102402, 33.4557229], [-112.0103095, 33.4557248], [-112.0103092, 33.4556941], [-112.0104054, 33.4556956]]]}, "properties": {"height": 8, "night": "#8b4b2b"}}, {"type": "Feature", "geometry": {"type": "Polygon", "coordinates": [[[-112.011226, 33.455568], [-112.011299, 33.455568], [-112.011299, 33.455474], [-112.011226, 33.455474], [-112.011226, 33.455568]]]}, "properties": {"height": 8, "night": "#8c4c2b"}}, {"type": "Feature", "geometry": {"type": "Polygon", "coordinates": [[[-112.012637, 33.455528], [-112.012637, 33.455696], [-112.012753, 33.455696], [-112.012753, 33.455624], [-112.012785, 33.455624], [-112.012785, 33.455569], [-112.012755, 33.455569], [-112.012755, 33.455528], [-112.012637, 33.455528]]]}, "properties": {"height": 8, "night": "#8c4c2b"}}, {"type": "Feature", "geometry": {"type": "Polygon", "coordinates": [[[-112.011794, 33.455288], [-112.011885, 33.455289], [-112.011886, 33.455195], [-112.011951, 33.455195], [-112.011952, 33.455064], [-112.011797, 33.455063], [-112.011794, 33.455288]]]}, "properties": {"height": 8, "night": "#8c4c2b"}}, {"type": "Feature", "geometry": {"type": "Polygon", "coordinates": [[[-112.011659, 33.454694], [-112.011576, 33.454647], [-112.011498, 33.454743], [-112.011581, 33.45479], [-112.011659, 33.454694]]]}, "properties": {"height": 8, "night": "#8d4d2c"}}, {"type": "Feature", "geometry": {"type": "Polygon", "coordinates": [[[-112.010443, 33.454422], [-112.010583, 33.454422], [-112.010583, 33.454364], [-112.010443, 33.454364], [-112.010443, 33.454422]]]}, "properties": {"height": 8, "night": "#8e4d2c"}}, {"type": "Feature", "geometry": {"type": "Polygon", "coordinates": [[[-112.00944, 33.454754], [-112.009483, 33.454754], [-112.009483, 33.454767], [-112.009598, 33.454767], [-112.009598, 33.45468], [-112.00944, 33.45468], [-112.00944, 33.454754]]]}, "properties": {"height": 8, "night": "#8c4c2b"}}, {"type": "Feature", "geometry": {"type": "Polygon", "coordinates": [[[-112.009105, 33.454501], [-112.009038, 33.4545], [-112.009037, 33.454552], [-112.009104, 33.454552], [-112.009105, 33.454501]]]}, "properties": {"height": 8, "night": "#8c4c2b"}}, {"type": "Feature", "geometry": {"type": "Polygon", "coordinates": [[[-112.009778, 33.454158], [-112.009647, 33.454158], [-112.009647, 33.454288], [-112.009778, 33.454288], [-112.009778, 33.454158]]]}, "properties": {"height": 8, "night": "#8e4d2c"}}, {"type": "Feature", "geometry": {"type": "Polygon", "coordinates": [[[-112.0101894, 33.4547626], [-112.0101885, 33.4546846], [-112.0100762, 33.4546841], [-112.0100762, 33.4547609], [-112.0101894, 33.4547626]]]}, "properties": {"height": 8, "night": "#8d4c2b"}}, {"type": "Feature", "geometry": {"type": "Polygon", "coordinates": [[[-112.007249, 33.454333], [-112.007249, 33.454387], [-112.007343, 33.454387], [-112.007343, 33.454333], [-112.007249, 33.454333]]]}, "properties": {"height": 8, "night": "#8b4b2b"}}, {"type": "Feature", "geometry": {"type": "Polygon", "coordinates": [[[-112.006026, 33.454147], [-112.005873, 33.454147], [-112.005873, 33.454266], [-112.006026, 33.454266], [-112.006026, 33.454147]]]}, "properties": {"height": 8, "night": "#8a4b2b"}}, {"type": "Feature", "geometry": {"type": "Polygon", "coordinates": [[[-112.004515, 33.454146], [-112.004516, 33.454229], [-112.004558, 33.454229], [-112.004559, 33.454311], [-112.004653, 33.45431], [-112.00465, 33.454145], [-112.004515, 33.454146]]]}, "properties": {"height": 8, "night": "#884a2a"}}, {"type": "Feature", "geometry": {"type": "Polygon", "coordinates": [[[-112.005071, 33.453637], [-112.005157, 33.453637], [-112.005157, 33.453579], [-112.005071, 33.453579], [-112.005071, 33.453637]]]}, "properties": {"height": 8, "night": "#8a4b2a"}}, {"type": "Feature", "geometry": {"type": "Polygon", "coordinates": [[[-112.0046534, 33.453874], [-112.004652, 33.4537803], [-112.0044818, 33.4537781], [-112.0044833, 33.4538692], [-112.0046534, 33.453874]]]}, "properties": {"height": 8, "night": "#894a2a"}}, {"type": "Feature", "geometry": {"type": "Polygon", "coordinates": [[[-112.007039, 33.453852], [-112.007206, 33.453854], [-112.007208, 33.453726], [-112.00708, 33.453725], [-112.00708, 33.453766], [-112.007041, 33.453766], [-112.007039, 33.453852]]]}, "properties": {"height": 8, "night": "#8c4c2b"}}, {"type": "Feature", "geometry": {"type": "Polygon", "coordinates": [[[-112.008217, 33.453769], [-112.008059, 33.453769], [-112.008059, 33.453867], [-112.008147, 33.453867], [-112.008147, 33.453914], [-112.008217, 33.453914], [-112.008217, 33.453769]]]}, "properties": {"height": 8, "night": "#8d4c2c"}}, {"type": "Feature", "geometry": {"type": "Polygon", "coordinates": [[[-112.009276, 33.453738], [-112.009276, 33.453874], [-112.009397, 33.453874], [-112.009397, 33.453738], [-112.009276, 33.453738]]]}, "properties": {"height": 8, "night": "#8e4d2c"}}, {"type": "Feature", "geometry": {"type": "Polygon", "coordinates": [[[-112.010173, 33.453745], [-112.010096, 33.453806], [-112.010166, 33.453867], [-112.010243, 33.453806], [-112.010173, 33.453745]]]}, "properties": {"height": 8, "night": "#8f4d2c"}}, {"type": "Feature", "geometry": {"type": "Polygon", "coordinates": [[[-112.008829, 33.453527], [-112.00893, 33.453527], [-112.00893, 33.453471], [-112.008829, 33.453471], [-112.008829, 33.453527]]]}, "properties": {"height": 8, "night": "#8e4d2c"}}, {"type": "Feature", "geometry": {"type": "Polygon", "coordinates": [[[-112.007951, 33.453492], [-112.007951, 33.453527], [-112.008018, 33.453527], [-112.008018, 33.453492], [-112.007951, 33.453492]]]}, "properties": {"height": 8, "night": "#8d4d2c"}}, {"type": "Feature", "geometry": {"type": "Polygon", "coordinates": [[[-112.00684, 33.453455], [-112.006846, 33.453511], [-112.006895, 33.453508], [-112.00689, 33.453452], [-112.00684, 33.453455]]]}, "properties": {"height": 8, "night": "#8c4c2b"}}, {"type": "Feature", "geometry": {"type": "Polygon", "coordinates": [[[-112.005945, 33.453427], [-112.005859, 33.453427], [-112.005859, 33.453527], [-112.005945, 33.453527], [-112.005945, 33.453427]]]}, "properties": {"height": 8, "night": "#8b4b2b"}}, {"type": "Feature", "geometry": {"type": "Polygon", "coordinates": [[[-112.004644, 33.453236], [-112.004524, 33.453236], [-112.004524, 33.45325], [-112.004481, 33.45325], [-112.004481, 33.453375], [-112.004644, 33.453375], [-112.004644, 33.453236]]]}, "properties": {"height": 8, "night": "#8a4b2a"}}, {"type": "Feature", "geometry": {"type": "Polygon", "coordinates": [[[-112.004502, 33.452838], [-112.004502, 33.452954], [-112.004666, 33.452954], [-112.004666, 33.452874], [-112.004553, 33.452874], [-112.004553, 33.452838], [-112.004502, 33.452838]]]}, "properties": {"height": 8, "night": "#8a4b2b"}}, {"type": "Feature", "geometry": {"type": "Polygon", "coordinates": [[[-112.0060215, 33.4529488], [-112.0060194, 33.4528154], [-112.0059622, 33.4528136], [-112.0059602, 33.4528408], [-112.0058518, 33.4528353], [-112.0058503, 33.4529665], [-112.0059628, 33.4529681], [-112.0059632, 33.452947], [-112.0060215, 33.4529488]]]}, "properties": {"height": 8, "night": "#8c4c2b"}}, {"type": "Feature", "geometry": {"type": "Polygon", "coordinates": [[[-112.005881, 33.452536], [-112.006015, 33.452536], [-112.006015, 33.452444], [-112.005881, 33.452444], [-112.005881, 33.452536]]]}, "properties": {"height": 8, "night": "#8d4c2b"}}, {"type": "Feature", "geometry": {"type": "Polygon", "coordinates": [[[-112.004848, 33.45233], [-112.004693, 33.45233], [-112.004693, 33.452478], [-112.004773, 33.452478], [-112.004773, 33.452417], [-112.004848, 33.452417], [-112.004848, 33.45233]]]}, "properties": {"height": 8, "night": "#8b4b2b"}}, {"type": "Feature", "geometry": {"type": "Polygon", "coordinates": [[[-112.006833, 33.452605], [-112.006895, 33.452605], [-112.006895, 33.452462], [-112.006833, 33.452462], [-112.006833, 33.452605]]]}, "properties": {"height": 8, "night": "#8e4d2c"}}, {"type": "Feature", "geometry": {"type": "Polygon", "coordinates": [[[-112.007235, 33.452546], [-112.007235, 33.452595], [-112.007341, 33.452594], [-112.007341, 33.452545], [-112.007235, 33.452546]]]}, "properties": {"height": 8, "night": "#8e4d2c"}}, {"type": "Feature", "geometry": {"type": "Polygon", "coordinates": [[[-112.008051, 33.452831], [-112.008051, 33.452966], [-112.00822, 33.452966], [-112.00822, 33.452831], [-112.008051, 33.452831]]]}, "properties": {"height": 8, "night": "#8f4d2c"}}, {"type": "Feature", "geometry": {"type": "Polygon", "coordinates": [[[-112.006833, 33.452957], [-112.007013, 33.452958], [-112.007013, 33.452819], [-112.006909, 33.452819], [-112.006909, 33.452734], [-112.006834, 33.452734], [-112.006833, 33.452957]]]}, "properties": {"height": 8, "night": "#8d4d2c"}}, {"type": "Feature", "geometry": {"type": "Polygon", "coordinates": [[[-112.009024, 33.452324], [-112.008893, 33.452446], [-112.009376, 33.452807], [-112.009508, 33.452685], [-112.009024, 33.452324]]]}, "properties": {"height": 8, "night": "#904e2d"}}, {"type": "Feature", "geometry": {"type": "Polygon", "coordinates": [[[-112.009875, 33.452436], [-112.010059, 33.452435], [-112.010058, 33.452287], [-112.01007, 33.452287], [-112.010069, 33.45221], [-112.01004, 33.45221], [-112.010039, 33.452124], [-112.010066, 33.452124], [-112.010065, 33.451895], [-112.009872, 33.451896], [-112.009875, 33.452436]]]}, "properties": {"height": 8, "night": "#924f2d"}}, {"type": "Feature", "geometry": {"type": "Polygon", "coordinates": [[[-112.008957, 33.456049], [-112.008989, 33.456049], [-112.008989, 33.455973], [-112.008855, 33.455973], [-112.008855, 33.456172], [-112.008957, 33.456172], [-112.008957, 33.456049]]]}, "properties": {"height": 8, "night": "#894a2a"}}, {"type": "Feature", "geometry": {"type": "Polygon", "coordinates": [[[-112.009641, 33.456101], [-112.009805, 33.456101], [-112.009805, 33.45596], [-112.009641, 33.45596], [-112.009641, 33.456101]]]}, "properties": {"height": 8, "night": "#8a4a2a"}}, {"type": "Feature", "geometry": {"type": "Polygon", "coordinates": [[[-112.010862, 33.456061], [-112.01091, 33.456061], [-112.01091, 33.456092], [-112.011017, 33.456092], [-112.011017, 33.455993], [-112.010972, 33.455993], [-112.010972, 33.455958], [-112.010862, 33.455958], [-112.010862, 33.456061]]]}, "properties": {"height": 8, "night": "#8a4b2b"}}, {"type": "Feature", "geometry": {"type": "Polygon", "coordinates": [[[-112.011811, 33.45609], [-112.011964, 33.45609], [-112.011964, 33.455967], [-112.011811, 33.455967], [-112.011811, 33.45609]]]}, "properties": {"height": 8, "night": "#8b4b2b"}}, {"type": "Feature", "geometry": {"type": "Polygon", "coordinates": [[[-112.012498, 33.456204], [-112.012404, 33.456204], [-112.012404, 33.456251], [-112.012498, 33.456251], [-112.012498, 33.456204]]]}, "properties": {"height": 8, "night": "#8a4b2b"}}, {"type": "Feature", "geometry": {"type": "Polygon", "coordinates": [[[-112.012171, 33.45649], [-112.012012, 33.45649], [-112.012012, 33.456584], [-112.012171, 33.456584], [-112.012171, 33.45649]]]}, "properties": {"height": 8, "night": "#8a4a2a"}}, {"type": "Feature", "geometry": {"type": "Polygon", "coordinates": [[[-112.010862, 33.456584], [-112.010974, 33.456584], [-112.010974, 33.456432], [-112.010862, 33.456432], [-112.010862, 33.456584]]]}, "properties": {"height": 8, "night": "#894a2a"}}, {"type": "Feature", "geometry": {"type": "Polygon", "coordinates": [[[-112.012004, 33.456873], [-112.011851, 33.456873], [-112.011851, 33.456915], [-112.011827, 33.456915], [-112.011827, 33.457007], [-112.012004, 33.457007], [-112.012004, 33.456873]]]}, "properties": {"height": 8, "night": "#894a2a"}}, {"type": "Feature", "geometry": {"type": "Polygon", "coordinates": [[[-112.012498, 33.457298], [-112.012586, 33.457298], [-112.012586, 33.457224], [-112.012498, 33.457224], [-112.012498, 33.457298]]]}, "properties": {"height": 8, "night": "#88492a"}}, {"type": "Feature", "geometry": {"type": "Polygon", "coordinates": [[[-112.011618, 33.457394], [-112.011618, 33.457484], [-112.011779, 33.457484], [-112.011779, 33.457394], [-112.011618, 33.457394]]]}, "properties": {"height": 8, "night": "#88492a"}}, {"type": "Feature", "geometry": {"type": "Polygon", "coordinates": [[[-112.012192, 33.457217], [-112.012114, 33.457217], [-112.012114, 33.457316], [-112.012192, 33.457316], [-112.012192, 33.457217]]]}, "properties": {"height": 8, "night": "#88492a"}}, {"type": "Feature", "geometry": {"type": "Polygon", "coordinates": [[[-112.009821, 33.457358], [-112.009671, 33.457358], [-112.009671, 33.457502], [-112.009821, 33.457502], [-112.009821, 33.457358]]]}, "properties": {"height": 8, "night": "#874929"}}, {"type": "Feature", "geometry": {"type": "Polygon", "coordinates": [[[-112.010229, 33.456987], [-112.01014, 33.456987], [-112.01014, 33.457036], [-112.010229, 33.457036], [-112.010229, 33.456987]]]}, "properties": {"height": 8, "night": "#88492a"}}, {"type": "Feature", "geometry": {"type": "Polygon", "coordinates": [[[-112.009126, 33.457009], [-112.009126, 33.456962], [-112.009199, 33.456962], [-112.009199, 33.456871], [-112.009081, 33.456871], [-112.009081, 33.457009], [-112.009126, 33.457009]]]}, "properties": {"height": 8, "night": "#88492a"}}, {"type": "Feature", "geometry": {"type": "Polygon", "coordinates": [[[-112.009086, 33.457379], [-112.009086, 33.457479], [-112.009231, 33.457479], [-112.009231, 33.457379], [-112.009086, 33.457379]]]}, "properties": {"height": 8, "night": "#874929"}}, {"type": "Feature", "geometry": {"type": "Polygon", "coordinates": [[[-112.007795, 33.457403], [-112.007689, 33.457403], [-112.007689, 33.457486], [-112.007841, 33.457486], [-112.007841, 33.457376], [-112.007795, 33.457376], [-112.007795, 33.457403]]]}, "properties": {"height": 8, "night": "#864829"}}, {"type": "Feature", "geometry": {"type": "Polygon", "coordinates": [[[-112.006441, 33.457345], [-112.006441, 33.457399], [-112.006484, 33.457399], [-112.006484, 33.457482], [-112.006605, 33.457482], [-112.006605, 33.457372], [-112.006549, 33.457372], [-112.006549, 33.457345], [-112.006441, 33.457345]]]}, "properties": {"height": 8, "night": "#854829"}}, {"type": "Feature", "geometry": {"type": "Polygon", "coordinates": [[[-112.007568, 33.456965], [-112.007568, 33.457005], [-112.007646, 33.457005], [-112.007646, 33.456875], [-112.007485, 33.456875], [-112.007485, 33.456965], [-112.007568, 33.456965]]]}, "properties": {"height": 8, "night": "#874929"}}, {"type": "Feature", "geometry": {"type": "Polygon", "coordinates": [[[-112.008209, 33.456591], [-112.008209, 33.456445], [-112.008075, 33.456445], [-112.008075, 33.456591], [-112.008209, 33.456591]]]}, "properties": {"height": 8, "night": "#88492a"}}, {"type": "Feature", "geometry": {"type": "Polygon", "coordinates": [[[-112.006964, 33.456434], [-112.006964, 33.456466], [-112.006895, 33.456466], [-112.006895, 33.456584], [-112.007015, 33.456584], [-112.007015, 33.456434], [-112.006964, 33.456434]]]}, "properties": {"height": 8, "night": "#874929"}}, {"type": "Feature", "geometry": {"type": "Polygon", "coordinates": [[[-112.008791, 33.456438], [-112.008638, 33.456439], [-112.008639, 33.45658], [-112.008792, 33.456579], [-112.008791, 33.456438]]]}, "properties": {"height": 8, "night": "#884a2a"}}, {"type": "Feature", "geometry": {"type": "Polygon", "coordinates": [[[-112.009998, 33.456448], [-112.00985, 33.456448], [-112.00985, 33.456586], [-112.009998, 33.456586], [-112.009998, 33.456448]]]}, "properties": {"height": 8, "night": "#894a2a"}}, {"type": "Feature", "geometry": {"type": "Polygon", "coordinates": [[[-112.010703, 33.458768], [-112.010567, 33.458768], [-112.010567, 33.458889], [-112.010703, 33.458889], [-112.010703, 33.458768]]]}, "properties": {"height": 8, "night": "#844728"}}, {"type": "Feature", "geometry": {"type": "Polygon", "coordinates": [[[-112.01522, 33.458715], [-112.01522, 33.458833], [-112.015319, 33.458833], [-112.015319, 33.458797], [-112.015362, 33.458797], [-112.015362, 33.458715], [-112.01522, 33.458715]]]}, "properties": {"height": 8, "night": "#844728"}}, {"type": "Feature", "geometry": {"type": "Polygon", "coordinates": [[[-112.016376, 33.458831], [-112.016492, 33.458831], [-112.016492, 33.4588], [-112.016545, 33.4588], [-112.016545, 33.458719], [-112.016376, 33.458719], [-112.016376, 33.458831]]]}, "properties": {"height": 8, "night": "#844728"}}, {"type": "Feature", "geometry": {"type": "Polygon", "coordinates": [[[-112.015773, 33.459305], [-112.015773, 33.459184], [-112.015601, 33.459184], [-112.015601, 33.459305], [-112.015773, 33.459305]]]}, "properties": {"height": 8, "night": "#834728"}}, {"type": "Feature", "geometry": {"type": "Polygon", "coordinates": [[[-112.016781, 33.459305], [-112.016948, 33.459305], [-112.016948, 33.459153], [-112.016848, 33.459153], [-112.016848, 33.459214], [-112.016781, 33.459214], [-112.016781, 33.459305]]]}, "properties": {"height": 8, "night": "#834628"}}, {"type": "Feature", "geometry": {"type": "Polygon", "coordinates": [[[-112.017664, 33.458748], [-112.017664, 33.458831], [-112.017733, 33.458831], [-112.017733, 33.458853], [-112.017809, 33.458853], [-112.017809, 33.458717], [-112.01775, 33.458717], [-112.01775, 33.458748], [-112.017664, 33.458748]]]}, "properties": {"height": 8, "night": "#834728"}}, {"type": "Feature", "geometry": {"type": "Polygon", "coordinates": [[[-112.019268, 33.458747], [-112.018917, 33.45874], [-112.01891, 33.458984], [-112.018996, 33.458986], [-112.018999, 33.458855], [-112.019176, 33.458858], [-112.019175, 33.45892], [-112.019148, 33.45892], [-112.019146, 33.458986], [-112.019261, 33.458988], [-112.019268, 33.458747]]]}, "properties": {"height": 8, "night": "#824628"}}, {"type": "Feature", "geometry": {"type": "Polygon", "coordinates": [[[-112.018809, 33.459511], [-112.018645, 33.459511], [-112.018645, 33.459619], [-112.018809, 33.459619], [-112.018809, 33.459511]]]}, "properties": {"height": 8, "night": "#814527"}}, {"type": "Feature", "geometry": {"type": "Polygon", "coordinates": [[[-112.018152, 33.459113], [-112.01805, 33.459113], [-112.01805, 33.459245], [-112.018211, 33.459245], [-112.018211, 33.459137], [-112.018152, 33.459137], [-112.018152, 33.459113]]]}, "properties": {"height": 8, "night": "#824628"}}, {"type": "Feature", "geometry": {"type": "Polygon", "coordinates": [[[-112.017994, 33.459841], [-112.017926, 33.459841], [-112.017927, 33.459948], [-112.018088, 33.459947], [-112.018087, 33.459784], [-112.017994, 33.459785], [-112.017994, 33.459841]]]}, "properties": {"height": 8, "night": "#814527"}}, {"type": "Feature", "geometry": {"type": "Polygon", "coordinates": [[[-112.019241, 33.460028], [-112.019241, 33.459943], [-112.01908, 33.459943], [-112.01908, 33.46008], [-112.019193, 33.46008], [-112.019193, 33.460028], [-112.019241, 33.460028]]]}, "properties": {"height": 8, "night": "#804527"}}, {"type": "Feature", "geometry": {"type": "Polygon", "coordinates": [[[-112.020169, 33.45997], [-112.020303, 33.45997], [-112.020303, 33.459856], [-112.020169, 33.459856], [-112.020169, 33.45997]]]}, "properties": {"height": 8, "night": "#804427"}}, {"type": "Feature", "geometry": {"type": "Polygon", "coordinates": [[[-112.019598, 33.459681], [-112.019716, 33.459681], [-112.019716, 33.459547], [-112.019598, 33.459547], [-112.019598, 33.459681]]]}, "properties": {"height": 8, "night": "#814527"}}, {"type": "Feature", "geometry": {"type": "Polygon", "coordinates": [[[-112.020303, 33.459721], [-112.020131, 33.459721], [-112.020131, 33.459811], [-112.020303, 33.459811], [-112.020303, 33.459721]]]}, "properties": {"height": 8, "night": "#804527"}}, {"type": "Feature", "geometry": {"type": "Polygon", "coordinates": [[[-112.021086, 33.460149], [-112.02122, 33.460149], [-112.02122, 33.460001], [-112.021086, 33.460001], [-112.021086, 33.460149]]]}, "properties": {"height": 8, "night": "#7e4426"}}, {"type": "Feature", "geometry": {"type": "Polygon", "coordinates": [[[-112.022956, 33.46018], [-112.022816, 33.46018], [-112.022816, 33.460279], [-112.022956, 33.460279], [-112.022956, 33.46018]]]}, "properties": {"height": 8, "night": "#7d4326"}}, {"type": "Feature", "geometry": {"type": "Polygon", "coordinates": [[[-112.023009, 33.459795], [-112.023009, 33.459668], [-112.022803, 33.459668], [-112.022803, 33.459739], [-112.02284, 33.459739], [-112.02284, 33.459795], [-112.023009, 33.459795]]]}, "properties": {"height": 8, "night": "#7e4326"}}, {"type": "Feature", "geometry": {"type": "Polygon", "coordinates": [[[-112.022017, 33.459923], [-112.021912, 33.459923], [-112.021912, 33.459992], [-112.022017, 33.459992], [-112.022017, 33.459923]]]}, "properties": {"height": 8, "night": "#7e4426"}}, {"type": "Feature", "geometry": {"type": "Polygon", "coordinates": [[[-112.021357, 33.459583], [-112.021443, 33.459583], [-112.021443, 33.459493], [-112.021357, 33.459493], [-112.021357, 33.459583]]]}, "properties": {"height": 8, "night": "#7f4427"}}, {"type": "Feature", "geometry": {"type": "Polygon", "coordinates": [[[-112.020864, 33.459209], [-112.021263, 33.459209], [-112.021263, 33.459126], [-112.020864, 33.459126], [-112.020864, 33.459209]]]}, "properties": {"height": 8, "night": "#804527"}}, {"type": "Feature", "geometry": {"type": "Polygon", "coordinates": [[[-112.02074, 33.458676], [-112.020742, 33.458927], [-112.021416, 33.458924], [-112.021415, 33.458752], [-112.021307, 33.458753], [-112.021307, 33.458825], [-112.020862, 33.458827], [-112.020861, 33.458676], [-112.02074, 33.458676]]]}, "properties": {"height": 8, "night": "#814527"}}, {"type": "Feature", "geometry": {"type": "Polygon", "coordinates": [[[-112.020452, 33.458277], [-112.020455, 33.458406], [-112.020638, 33.458402], [-112.020634, 33.458272], [-112.020603, 33.458273], [-112.020601, 33.458211], [-112.020546, 33.458212], [-112.020548, 33.458275], [-112.020452, 33.458277]]]}, "properties": {"height": 8, "night": "#824628"}}, {"type": "Feature", "geometry": {"type": "Polygon", "coordinates": [[[-112.018624, 33.458251], [-112.018624, 33.458372], [-112.018758, 33.458372], [-112.018758, 33.458251], [-112.018624, 33.458251]]]}, "properties": {"height": 8, "night": "#844728"}}, {"type": "Feature", "geometry": {"type": "Polygon", "coordinates": [[[-112.019423, 33.458095], [-112.019535, 33.458096], [-112.019536, 33.458049], [-112.019611, 33.45805], [-112.019612, 33.457962], [-112.019479, 33.457961], [-112.01948, 33.457891], [-112.019425, 33.457891], [-112.019423, 33.458095]]]}, "properties": {"height": 8, "night": "#844728"}}, {"type": "Feature", "geometry": {"type": "Polygon", "coordinates": [[[-112.020673, 33.458079], [-112.020845, 33.458079], [-112.020845, 33.457965], [-112.020673, 33.457965], [-112.020673, 33.458079]]]}, "properties": {"height": 8, "night": "#834628"}}, {"type": "Feature", "geometry": {"type": "Polygon", "coordinates": [[[-112.021446, 33.45758], [-112.021446, 33.457495], [-112.021306, 33.457495], [-112.021306, 33.457627], [-112.021403, 33.457627], [-112.021403, 33.45758], [-112.021446, 33.45758]]]}, "properties": {"height": 8, "night": "#834728"}}, {"type": "Feature", "geometry": {"type": "Polygon", "coordinates": [[[-112.021417, 33.456438], [-112.021219, 33.45644], [-112.021219, 33.456501], [-112.021302, 33.456501], [-112.021304, 33.456599], [-112.021419, 33.456598], [-112.021417, 33.456438]]]}, "properties": {"height": 8, "night": "#854829"}}, {"type": "Feature", "geometry": {"type": "Polygon", "coordinates": [[[-112.021298, 33.4554], [-112.021298, 33.455555], [-112.021405, 33.455555], [-112.021405, 33.4554], [-112.021298, 33.4554]]]}, "properties": {"height": 8, "night": "#874929"}}, {"type": "Feature", "geometry": {"type": "Polygon", "coordinates": [[[-112.02051, 33.455535], [-112.020689, 33.455535], [-112.020689, 33.455441], [-112.020614, 33.455441], [-112.020614, 33.455409], [-112.02051, 33.455409], [-112.02051, 33.455535]]]}, "properties": {"height": 8, "night": "#88492a"}}, {"type": "Feature", "geometry": {"type": "Polygon", "coordinates": [[[-112.0197, 33.455186], [-112.0197, 33.455221], [-112.019812, 33.455221], [-112.019812, 33.455096], [-112.019632, 33.455096], [-112.019632, 33.455186], [-112.0197, 33.455186]]]}, "properties": {"height": 8, "night": "#894a2a"}}, {"type": "Feature", "geometry": {"type": "Polygon", "coordinates": [[[-112.019104, 33.455143], [-112.019104, 33.455286], [-112.019238, 33.455286], [-112.019238, 33.455143], [-112.019104, 33.455143]]]}, "properties": {"height": 8, "night": "#8a4a2a"}}, {"type": "Feature", "geometry": {"type": "Polygon", "coordinates": [[[-112.019298, 33.4563225], [-112.0192963, 33.4560317], [-112.019159, 33.4560327], [-112.0191581, 33.4563217], [-112.019298, 33.4563225]]]}, "properties": {"height": 8, "night": "#88492a"}}, {"type": "Feature", "geometry": {"type": "Polygon", "coordinates": [[[-112.019648, 33.455915], [-112.019667, 33.455945], [-112.01977, 33.4559], [-112.019701, 33.455791], [-112.01955, 33.455857], [-112.0196, 33.455936], [-112.019648, 33.455915]]]}, "properties": {"height": 8, "night": "#88492a"}}, {"type": "Feature", "geometry": {"type": "Polygon", "coordinates": [[[-112.0201645, 33.4565607], [-112.0201604, 33.4564664], [-112.0200974, 33.456462], [-112.020094, 33.456407], [-112.019965, 33.456407], [-112.019965, 33.45656], [-112.0201645, 33.4565607]]]}, "properties": {"height": 8, "night": "#864829"}}, {"type": "Feature", "geometry": {"type": "Polygon", "coordinates": [[[-112.019573, 33.457153], [-112.019683, 33.457153], [-112.019683, 33.457005], [-112.019573, 33.457005], [-112.019573, 33.457153]]]}, "properties": {"height": 8, "night": "#864829"}}, {"type": "Feature", "geometry": {"type": "Polygon", "coordinates": [[[-112.019705, 33.457469], [-112.019706, 33.457377], [-112.019788, 33.457378], [-112.019789, 33.457351], [-112.019558, 33.457349], [-112.019556, 33.457497], [-112.019663, 33.457499], [-112.019664, 33.457468], [-112.019705, 33.457469]]]}, "properties": {"height": 8, "night": "#854829"}}, {"type": "Feature", "geometry": {"type": "Polygon", "coordinates": [[[-112.02077, 33.456996], [-112.020944, 33.456996], [-112.020944, 33.456846], [-112.020831, 33.456846], [-112.020831, 33.456889], [-112.02077, 33.456889], [-112.02077, 33.456996]]]}, "properties": {"height": 8, "night": "#854829"}}, {"type": "Feature", "geometry": {"type": "Polygon", "coordinates": [[[-112.020573, 33.456552], [-112.020576, 33.456408], [-112.020433, 33.456406], [-112.020431, 33.45655], [-112.020573, 33.456552]]]}, "properties": {"height": 8, "night": "#864829"}}, {"type": "Feature", "geometry": {"type": "Polygon", "coordinates": [[[-112.020947, 33.456654], [-112.020947, 33.456501], [-112.020834, 33.456501], [-112.020834, 33.456575], [-112.020797, 33.456575], [-112.020797, 33.456622], [-112.020831, 33.456622], [-112.020831, 33.456654], [-112.020947, 33.456654]]]}, "properties": {"height": 8, "night": "#854829"}}, {"type": "Feature", "geometry": {"type": "Polygon", "coordinates": [[[-112.018316, 33.455432], [-112.018316, 33.45528], [-112.017961, 33.455279], [-112.017961, 33.455432], [-112.018316, 33.455432]]]}, "properties": {"height": 8, "night": "#8a4b2a"}}, {"type": "Feature", "geometry": {"type": "Polygon", "coordinates": [[[-112.018138, 33.456924], [-112.018256, 33.456924], [-112.018256, 33.456483], [-112.018138, 33.456483], [-112.018138, 33.456924]]]}, "properties": {"height": 8, "night": "#87492a"}}, {"type": "Feature", "geometry": {"type": "Polygon", "coordinates": [[[-112.018919, 33.456857], [-112.018849, 33.456857], [-112.018849, 33.457034], [-112.018994, 33.457034], [-112.018994, 33.456974], [-112.018919, 33.456974], [-112.018919, 33.456857]]]}, "properties": {"height": 8, "night": "#864829"}}, {"type": "Feature", "geometry": {"type": "Polygon", "coordinates": [[[-112.018911, 33.457464], [-112.019128, 33.457464], [-112.019128, 33.457343], [-112.019056, 33.457343], [-112.019056, 33.457403], [-112.018911, 33.457403], [-112.018911, 33.457464]]]}, "properties": {"height": 8, "night": "#854829"}}, {"type": "Feature", "geometry": {"type": "Polygon", "coordinates": [[[-112.018986, 33.457871], [-112.019123, 33.457871], [-112.019123, 33.457748], [-112.018986, 33.457748], [-112.018986, 33.457871]]]}, "properties": {"height": 8, "night": "#854729"}}, {"type": "Feature", "geometry": {"type": "Polygon", "coordinates": [[[-112.018071, 33.45733], [-112.017932, 33.457448], [-112.018114, 33.457598], [-112.018253, 33.45748], [-112.018071, 33.45733]]]}, "properties": {"height": 8, "night": "#864829"}}, {"type": "Feature", "geometry": {"type": "Polygon", "coordinates": [[[-112.016835, 33.457744], [-112.016928, 33.457759], [-112.016945, 33.457687], [-112.016852, 33.457672], [-112.016835, 33.457744]]]}, "properties": {"height": 8, "night": "#864829"}}, {"type": "Feature", "geometry": {"type": "Polygon", "coordinates": [[[-112.0178446, 33.4570549], [-112.0178454, 33.4567557], [-112.0176688, 33.4567567], [-112.017672, 33.4570547], [-112.0178446, 33.4570549]]]}, "properties": {"height": 8, "night": "#874929"}}, {"type": "Feature", "geometry": {"type": "Polygon", "coordinates": [[[-112.016376, 33.456638], [-112.01654, 33.456638], [-112.01654, 33.456564], [-112.016376, 33.456564], [-112.016376, 33.456638]]]}, "properties": {"height": 8, "night": "#894a2a"}}, {"type": "Feature", "geometry": {"type": "Polygon", "coordinates": [[[-112.01628, 33.455864], [-112.016162, 33.455864], [-112.016162, 33.455978], [-112.01628, 33.455978], [-112.01628, 33.455864]]]}, "properties": {"height": 8, "night": "#8a4b2b"}}, {"type": "Feature", "geometry": {"type": "Polygon", "coordinates": [[[-112.017098, 33.455761], [-112.01695, 33.455761], [-112.01695, 33.455846], [-112.017098, 33.455846], [-112.017098, 33.455761]]]}, "properties": {"height": 8, "night": "#8a4b2a"}}, {"type": "Feature", "geometry": {"type": "Polygon", "coordinates": [[[-112.016449, 33.455687], [-112.016535, 33.455687], [-112.016535, 33.4556], [-112.016449, 33.4556], [-112.016449, 33.455687]]]}, "properties": {"height": 8, "night": "#8b4b2b"}}, {"type": "Feature", "geometry": {"type": "Polygon", "coordinates": [[[-112.015167, 33.456039], [-112.014965, 33.456039], [-112.014965, 33.456184], [-112.015167, 33.456184], [-112.015167, 33.456039]]]}, "properties": {"height": 8, "night": "#8a4b2b"}}, {"type": "Feature", "geometry": {"type": "Polygon", "coordinates": [[[-112.015556, 33.45662], [-112.015722, 33.45662], [-112.015722, 33.456504], [-112.015505, 33.456504], [-112.015505, 33.456566], [-112.015556, 33.456566], [-112.015556, 33.45662]]]}, "properties": {"height": 8, "night": "#894a2a"}}, {"type": "Feature", "geometry": {"type": "Polygon", "coordinates": [[[-112.015432, 33.457014], [-112.015432, 33.456848], [-112.015263, 33.456848], [-112.015263, 33.457014], [-112.015432, 33.457014]]]}, "properties": {"height": 8, "night": "#884a2a"}}, {"type": "Feature", "geometry": {"type": "Polygon", "coordinates": [[[-112.015794, 33.457408], [-112.015971, 33.457408], [-112.015971, 33.457302], [-112.015794, 33.457302], [-112.015794, 33.457408]]]}, "properties": {"height": 8, "night": "#874929"}}, {"type": "Feature", "geometry": {"type": "Polygon", "coordinates": [[[-112.015952, 33.45769], [-112.015783, 33.45769], [-112.015783, 33.457864], [-112.015861, 33.457864], [-112.015861, 33.457819], [-112.015899, 33.457819], [-112.015899, 33.457775], [-112.015952, 33.457775], [-112.015952, 33.45769]]]}, "properties": {"height": 8, "night": "#864929"}}, {"type": "Feature", "geometry": {"type": "Polygon", "coordinates": [[[-112.015604, 33.458227], [-112.015604, 33.458379], [-112.015741, 33.458379], [-112.015741, 33.458227], [-112.015604, 33.458227]]]}, "properties": {"height": 8, "night": "#854829"}}, {"type": "Feature", "geometry": {"type": "Polygon", "coordinates": [[[-112.016779, 33.458377], [-112.016921, 33.458377], [-112.016921, 33.458292], [-112.016779, 33.458292], [-112.016779, 33.458377]]]}, "properties": {"height": 8, "night": "#854829"}}, {"type": "Feature", "geometry": {"type": "Polygon", "coordinates": [[[-112.01396, 33.458374], [-112.014131, 33.458374], [-112.014131, 33.45828], [-112.01396, 33.45828], [-112.01396, 33.458374]]]}, "properties": {"height": 8, "night": "#864829"}}, {"type": "Feature", "geometry": {"type": "Polygon", "coordinates": [[[-112.013632, 33.457985], [-112.013705, 33.457985], [-112.013705, 33.457916], [-112.013632, 33.457916], [-112.013632, 33.457985]]]}, "properties": {"height": 8, "night": "#874929"}}, {"type": "Feature", "geometry": {"type": "Polygon", "coordinates": [[[-112.014249, 33.457766], [-112.014249, 33.457788], [-112.014349, 33.457788], [-112.014349, 33.457676], [-112.014169, 33.457676], [-112.014169, 33.457766], [-112.014249, 33.457766]]]}, "properties": {"height": 8, "night": "#874929"}}, {"type": "Feature", "geometry": {"type": "Polygon", "coordinates": [[[-112.014375, 33.457396], [-112.014552, 33.457396], [-112.014552, 33.457285], [-112.014375, 33.457285], [-112.014375, 33.457396]]]}, "properties": {"height": 8, "night": "#88492a"}}, {"type": "Feature", "geometry": {"type": "Polygon", "coordinates": [[[-112.013104, 33.45739], [-112.013281, 33.45739], [-112.013281, 33.4573], [-112.013198, 33.4573], [-112.013198, 33.457258], [-112.013104, 33.457258], [-112.013104, 33.45739]]]}, "properties": {"height": 8, "night": "#88492a"}}, {"type": "Feature", "geometry": {"type": "Polygon", "coordinates": [[[-112.014311, 33.456904], [-112.014169, 33.456904], [-112.014169, 33.457023], [-112.014311, 33.457023], [-112.014311, 33.456904]]]}, "properties": {"height": 8, "night": "#894a2a"}}, {"type": "Feature", "geometry": {"type": "Polygon", "coordinates": [[[-112.014166, 33.456622], [-112.01434, 33.456622], [-112.01434, 33.45653], [-112.014239, 33.45653], [-112.014239, 33.456486], [-112.014166, 33.456486], [-112.014166, 33.456622]]]}, "properties": {"height": 8, "night": "#894a2a"}}, {"type": "Feature", "geometry": {"type": "Polygon", "coordinates": [[[-112.013085, 33.456392], [-112.013085, 33.456479], [-112.013176, 33.456479], [-112.013176, 33.456392], [-112.013085, 33.456392]]]}, "properties": {"height": 8, "night": "#8a4b2a"}}, {"type": "Feature", "geometry": {"type": "Polygon", "coordinates": [[[-112.014595, 33.459619], [-112.01444, 33.459619], [-112.01444, 33.459733], [-112.014595, 33.459733], [-112.014595, 33.459619]]]}, "properties": {"height": 8, "night": "#834628"}}, {"type": "Feature", "geometry": {"type": "Polygon", "coordinates": [[[-112.015504, 33.459936], [-112.015502, 33.460021], [-112.015449, 33.46002], [-112.015448, 33.460094], [-112.015409, 33.460093], [-112.015407, 33.460176], [-112.015464, 33.460177], [-112.015463, 33.460201], [-112.015584, 33.460203], [-112.015586, 33.460082], [-112.015549, 33.460082], [-112.015552, 33.459936], [-112.015504, 33.459936]]]}, "properties": {"height": 8, "night": "#824627"}}, {"type": "Feature", "geometry": {"type": "Polygon", "coordinates": [[[-112.016752, 33.460068], [-112.016699, 33.460068], [-112.0167, 33.460033], [-112.016661, 33.460032], [-112.01666, 33.460096], [-112.016589, 33.460095], [-112.016587, 33.460189], [-112.01675, 33.460191], [-112.016752, 33.460068]]]}, "properties": {"height": 8, "night": "#814527"}}, {"type": "Feature", "geometry": {"type": "Polygon", "coordinates": [[[-112.016376, 33.459589], [-112.016376, 33.459706], [-112.016545, 33.459706], [-112.016545, 33.459589], [-112.016376, 33.459589]]]}, "properties": {"height": 8, "night": "#824628"}}, {"type": "Feature", "geometry": {"type": "Polygon", "coordinates": [[[-112.015223, 33.459771], [-112.015295, 33.459771], [-112.015295, 33.459717], [-112.015368, 33.459717], [-112.015368, 33.459581], [-112.015223, 33.459581], [-112.015223, 33.459771]]]}, "properties": {"height": 8, "night": "#824628"}}, {"type": "Feature", "geometry": {"type": "Polygon", "coordinates": [[[-112.022873, 33.459319], [-112.023055, 33.459319], [-112.023055, 33.459173], [-112.022873, 33.459173], [-112.022873, 33.459319]]]}, "properties": {"height": 8, "night": "#7e4426"}}, {"type": "Feature", "geometry": {"type": "Polygon", "coordinates": [[[-112.022148, 33.459272], [-112.02228, 33.459272], [-112.02228, 33.459209], [-112.022148, 33.459209], [-112.022148, 33.459272]]]}, "properties": {"height": 8, "night": "#7f4427"}}, {"type": "Feature", "geometry": {"type": "Polygon", "coordinates": [[[-112.022333, 33.458945], [-112.022333, 33.459061], [-112.022454, 33.459061], [-112.022454, 33.458972], [-112.0224, 33.458972], [-112.0224, 33.458945], [-112.022333, 33.458945]]]}, "properties": {"height": 8, "night": "#7f4427"}}, {"type": "Feature", "geometry": {"type": "Polygon", "coordinates": [[[-112.023312, 33.458732], [-112.023227, 33.458732], [-112.023227, 33.458876], [-112.023312, 33.458876], [-112.023312, 33.458732]]]}, "properties": {"height": 8, "night": "#7f4426"}}, {"type": "Feature", "geometry": {"type": "Polygon", "coordinates": [[[-112.025005, 33.458938], [-112.025152, 33.458938], [-112.025152, 33.458715], [-112.025005, 33.458715], [-112.025005, 33.458938]]]}, "properties": {"height": 8, "night": "#7d4326"}}, {"type": "Feature", "geometry": {"type": "Polygon", "coordinates": [[[-112.02408, 33.458885], [-112.023959, 33.458885], [-112.023959, 33.458988], [-112.02408, 33.458988], [-112.02408, 33.458885]]]}, "properties": {"height": 8, "night": "#7e4326"}}, {"type": "Feature", "geometry": {"type": "Polygon", "coordinates": [[[-112.024849, 33.45952], [-112.024957, 33.45952], [-112.024957, 33.459261], [-112.024849, 33.459261], [-112.024849, 33.45952]]]}, "properties": {"height": 8, "night": "#7c4225"}}, {"type": "Feature", "geometry": {"type": "Polygon", "coordinates": [[[-112.024655, 33.460037], [-112.024649, 33.460259], [-112.024794, 33.460262], [-112.024796, 33.460187], [-112.024761, 33.460186], [-112.024763, 33.460106], [-112.024791, 33.460106], [-112.024793, 33.460039], [-112.024655, 33.460037]]]}, "properties": {"height": 8, "night": "#7b4225"}}, {"type": "Feature", "geometry": {"type": "Polygon", "coordinates": [[[-112.023927, 33.459887], [-112.023927, 33.45999], [-112.024122, 33.45999], [-112.024122, 33.459887], [-112.023927, 33.459887]]]}, "properties": {"height": 8, "night": "#7c4225"}}, {"type": "Feature", "geometry": {"type": "Polygon", "coordinates": [[[-112.02559, 33.459883], [-112.02559, 33.459974], [-112.025743, 33.459974], [-112.025743, 33.459842], [-112.025619, 33.459842], [-112.025619, 33.459883], [-112.02559, 33.459883]]]}, "properties": {"height": 8, "night": "#7a4125"}}, {"type": "Feature", "geometry": {"type": "Polygon", "coordinates": [[[-112.025659, 33.45875], [-112.025659, 33.458979], [-112.025775, 33.458979], [-112.025775, 33.45875], [-112.025659, 33.45875]]]}, "properties": {"height": 8, "night": "#7c4225"}}, {"type": "Feature", "geometry": {"type": "Polygon", "coordinates": [[[-112.026258, 33.459086], [-112.026258, 33.45901], [-112.026089, 33.45901], [-112.026089, 33.459086], [-112.026258, 33.459086]]]}, "properties": {"height": 8, "night": "#7b4225"}}, {"type": "Feature", "geometry": {"type": "Polygon", "coordinates": [[[-112.026807, 33.459064], [-112.026807, 33.45897], [-112.026614, 33.45897], [-112.026614, 33.459064], [-112.026807, 33.459064]]]}, "properties": {"height": 8, "night": "#7b4225"}}, {"type": "Feature", "geometry": {"type": "Polygon", "coordinates": [[[-112.026612, 33.459782], [-112.02652, 33.459782], [-112.02652, 33.459849], [-112.026612, 33.459849], [-112.026612, 33.459782]]]}, "properties": {"height": 8, "night": "#794125"}}, {"type": "Feature", "geometry": {"type": "Polygon", "coordinates": [[[-112.026418, 33.460122], [-112.026306, 33.460122], [-112.026306, 33.460236], [-112.026418, 33.460236], [-112.026418, 33.460122]]]}, "properties": {"height": 8, "night": "#794124"}}, {"type": "Feature", "geometry": {"type": "Polygon", "coordinates": [[[-112.027325, 33.459896], [-112.027325, 33.459813], [-112.02725, 33.459813], [-112.02725, 33.459789], [-112.027164, 33.459789], [-112.027164, 33.459896], [-112.027325, 33.459896]]]}, "properties": {"height": 8, "night": "#794024"}}, {"type": "Feature", "geometry": {"type": "Polygon", "coordinates": [[[-112.027652, 33.460115], [-112.027754, 33.460115], [-112.027754, 33.460053], [-112.027652, 33.460053], [-112.027652, 33.460115]]]}, "properties": {"height": 8, "night": "#784024"}}, {"type": "Feature", "geometry": {"type": "Polygon", "coordinates": [[[-112.027352, 33.459314], [-112.027352, 33.459225], [-112.027153, 33.459225], [-112.027153, 33.459357], [-112.027304, 33.459357], [-112.027304, 33.459314], [-112.027352, 33.459314]]]}, "properties": {"height": 8, "night": "#794125"}}, {"type": "Feature", "geometry": {"type": "Polygon", "coordinates": [[[-112.027145, 33.458943], [-112.027483, 33.458943], [-112.027483, 33.458811], [-112.027395, 33.458811], [-112.027395, 33.458867], [-112.027145, 33.458867], [-112.027145, 33.458943]]]}, "properties": {"height": 8, "night": "#7a4125"}}, {"type": "Feature", "geometry": {"type": "Polygon", "coordinates": [[[-112.028803, 33.458943], [-112.028924, 33.458943], [-112.028924, 33.458844], [-112.028803, 33.458844], [-112.028803, 33.458943]]]}, "properties": {"height": 8, "night": "#784024"}}, {"type": "Feature", "geometry": {"type": "Polygon", "coordinates": [[[-112.029323, 33.459334], [-112.029519, 33.459334], [-112.029519, 33.459312], [-112.029594, 33.459312], [-112.029594, 33.459243], [-112.029323, 33.459243], [-112.029323, 33.459334]]]}, "properties": {"height": 8, "night": "#773f24"}}, {"type": "Feature", "geometry": {"type": "Polygon", "coordinates": [[[-112.028811, 33.459766], [-112.02895, 33.459766], [-112.02895, 33.459681], [-112.028811, 33.459681], [-112.028811, 33.459766]]]}, "properties": {"height": 8, "night": "#773f24"}}, {"type": "Feature", "geometry": {"type": "Polygon", "coordinates": [[[-112.028476, 33.459934], [-112.028476, 33.460026], [-112.028564, 33.460026], [-112.028564, 33.459934], [-112.028476, 33.459934]]]}, "properties": {"height": 8, "night": "#773f24"}}, {"type": "Feature", "geometry": {"type": "Polygon", "coordinates": [[[-112.028661, 33.460189], [-112.028661, 33.460299], [-112.028747, 33.460299], [-112.028747, 33.460189], [-112.028661, 33.460189]]]}, "properties": {"height": 8, "night": "#763f23"}}, {"type": "Feature", "geometry": {"type": "Polygon", "coordinates": [[[-112.031611, 33.45937], [-112.031718, 33.45937], [-112.031718, 33.459227], [-112.031611, 33.459227], [-112.031611, 33.45937]]]}, "properties": {"height": 8, "night": "#743d22"}}, {"type": "Feature", "geometry": {"type": "Polygon", "coordinates": [[[-112.032225, 33.459075], [-112.032317, 33.459075], [-112.032317, 33.458945], [-112.032225, 33.458945], [-112.032225, 33.459075]]]}, "properties": {"height": 8, "night": "#733d22"}}, {"type": "Feature", "geometry": {"type": "Polygon", "coordinates": [[[-112.03162, 33.458814], [-112.0317, 33.458817], [-112.031703, 33.458757], [-112.031622, 33.458755], [-112.03162, 33.458814]]]}, "properties": {"height": 8, "night": "#743e23"}}, {"type": "Feature", "geometry": {"type": "Polygon", "coordinates": [[[-112.032641, 33.459842], [-112.032641, 33.459717], [-112.032531, 33.459717], [-112.032531, 33.459842], [-112.032641, 33.459842]]]}, "properties": {"height": 8, "night": "#723c22"}}, {"type": "Feature", "geometry": {"type": "Polygon", "coordinates": [[[-112.033467, 33.459849], [-112.033561, 33.459849], [-112.033561, 33.459677], [-112.033467, 33.459677], [-112.033467, 33.459849]]]}, "properties": {"height": 8, "night": "#703b21"}}, {"type": "Feature", "geometry": {"type": "Polygon", "coordinates": [[[-112.033266, 33.459235], [-112.033264, 33.459152], [-112.032977, 33.459157], [-112.032979, 33.45924], [-112.033266, 33.459235]]]}, "properties": {"height": 8, "night": "#723c22"}}, {"type": "Feature", "geometry": {"type": "Polygon", "coordinates": [[[-112.032389, 33.458773], [-112.032389, 33.458941], [-112.032491, 33.458941], [-112.032491, 33.458773], [-112.032389, 33.458773]]]}, "properties": {"height": 8, "night": "#733d22"}}, {"type": "Feature", "geometry": {"type": "Polygon", "coordinates": [[[-112.033617, 33.458773], [-112.033617, 33.458945], [-112.033789, 33.458945], [-112.033789, 33.458773], [-112.033617, 33.458773]]]}, "properties": {"height": 8, "night": "#713c22"}}, {"type": "Feature", "geometry": {"type": "Polygon", "coordinates": [[[-112.03446, 33.459668], [-112.034562, 33.459668], [-112.034562, 33.459542], [-112.03446, 33.459542], [-112.03446, 33.459668]]]}, "properties": {"height": 8, "night": "#6f3b21"}}, {"type": "Feature", "geometry": {"type": "Polygon", "coordinates": [[[-112.033816, 33.459616], [-112.033915, 33.459616], [-112.033915, 33.459545], [-112.033816, 33.459545], [-112.033816, 33.459616]]]}, "properties": {"height": 8, "night": "#703b21"}}, {"type": "Feature", "geometry": {"type": "Polygon", "coordinates": [[[-112.034824, 33.459925], [-112.035023, 33.459925], [-112.035023, 33.459849], [-112.034824, 33.459849], [-112.034824, 33.459925]]]}, "properties": {"height": 8, "night": "#6e3a20"}}, {"type": "Feature", "geometry": {"type": "Polygon", "coordinates": [[[-112.033407, 33.460253], [-112.033527, 33.460252], [-112.033525, 33.460102], [-112.033405, 33.460103], [-112.033407, 33.460253]]]}, "properties": {"height": 8, "night": "#703b21"}}, {"type": "Feature", "geometry": {"type": "Polygon", "coordinates": [[[-112.032475, 33.460109], [-112.032349, 33.460109], [-112.032349, 33.460229], [-112.032475, 33.460229], [-112.032475, 33.460109]]]}, "properties": {"height": 8, "night": "#713c22"}}, {"type": "Feature", "geometry": {"type": "Polygon", "coordinates": [[[-112.031362, 33.460104], [-112.031362, 33.460209], [-112.031461, 33.460209], [-112.031461, 33.460104], [-112.031362, 33.460104]]]}, "properties": {"height": 8, "night": "#733d22"}}, {"type": "Feature", "geometry": {"type": "Polygon", "coordinates": [[[-112.022694, 33.457407], [-112.022986, 33.457405], [-112.022985, 33.457227], [-112.022692, 33.457229], [-112.022694, 33.457407]]]}, "properties": {"height": 8, "night": "#824628"}}, {"type": "Feature", "geometry": {"type": "Polygon", "coordinates": [[[-112.024111, 33.454213], [-112.0241896, 33.4542138], [-112.0244538, 33.4542166], [-112.0244925, 33.454217], [-112.0244922, 33.4540737], [-112.0244942, 33.4539873], [-112.0244959, 33.4539118], [-112.024496, 33.4539034], [-112.024116, 33.453902], [-112.024111, 33.454213]]]}, "properties": {"height": 3, "night": "#743319"}}, {"type": "Feature", "geometry": {"type": "Polygon", "coordinates": [[[-112.0278692, 33.4526713], [-112.0281102, 33.4526722], [-112.0281106, 33.452622], [-112.0281102, 33.4525951], [-112.02797, 33.4525959], [-112.0279698, 33.4525905], [-112.0278676, 33.4525904], [-112.0278676, 33.4525656], [-112.0278394, 33.4525657], [-112.0278398, 33.4525794], [-112.0277965, 33.4525787], [-112.027783, 33.4525788], [-112.0277828, 33.4525883], [-112.0277546, 33.4525878], [-112.0277371, 33.4525877], [-112.0277373, 33.452595], [-112.0275594, 33.4525925], [-112.0275595, 33.4526114], [-112.02756, 33.4526686], [-112.0277569, 33.4526686], [-112.0277569, 33.4526735], [-112.0277807, 33.4526737], [-112.0277801, 33.4527025], [-112.0277861, 33.4527025], [-112.0278686, 33.4527025], [-112.0278692, 33.4526713]]]}, "properties": {"height": 6, "night": "#7b3d21"}}, {"type": "Feature", "geometry": {"type": "Polygon", "coordinates": [[[-112.030659, 33.458145], [-112.030439, 33.458148], [-112.03044, 33.458213], [-112.03066, 33.45821], [-112.030659, 33.458145]]]}, "properties": {"height": 8, "night": "#773f24"}}, {"type": "Feature", "geometry": {"type": "Polygon", "coordinates": [[[-112.031879, 33.45819], [-112.031826, 33.45819], [-112.031827, 33.458227], [-112.03188, 33.458226], [-112.031879, 33.45819]]]}, "properties": {"height": 8, "night": "#753e23"}}, {"type": "Feature", "geometry": {"type": "Polygon", "coordinates": [[[-112.032579, 33.458372], [-112.032504, 33.458372], [-112.032504, 33.458348], [-112.032456, 33.458348], [-112.032456, 33.458457], [-112.032579, 33.458457], [-112.032579, 33.458372]]]}, "properties": {"height": 8, "night": "#743d22"}}, {"type": "Feature", "geometry": {"type": "Polygon", "coordinates": [[[-112.001037, 33.454226], [-112.001157, 33.454226], [-112.001157, 33.45414], [-112.001037, 33.45414], [-112.001037, 33.454226]]]}, "properties": {"height": 8, "night": "#844728"}}, {"type": "Feature", "geometry": {"type": "Polygon", "coordinates": [[[-112.000672, 33.454138], [-112.000672, 33.454234], [-112.000801, 33.454234], [-112.000801, 33.454138], [-112.000672, 33.454138]]]}, "properties": {"height": 8, "night": "#834728"}}, {"type": "Feature", "geometry": {"type": "Polygon", "coordinates": [[[-112.001482, 33.453686], [-112.001388, 33.453686], [-112.001388, 33.453843], [-112.001482, 33.453843], [-112.001482, 33.453686]]]}, "properties": {"height": 8, "night": "#854829"}}, {"type": "Feature", "geometry": {"type": "Polygon", "coordinates": [[[-112.000779, 33.453742], [-112.000701, 33.453742], [-112.000701, 33.453841], [-112.000779, 33.453841], [-112.000779, 33.453742]]]}, "properties": {"height": 8, "night": "#844728"}}, {"type": "Feature", "geometry": {"type": "Polygon", "coordinates": [[[-112.000181, 33.453518], [-112.00031, 33.453518], [-112.00031, 33.453442], [-112.000181, 33.453442], [-112.000181, 33.453518]]]}, "properties": {"height": 8, "night": "#834728"}}, {"type": "Feature", "geometry": {"type": "Polygon", "coordinates": [[[-112.00057, 33.453406], [-112.000481, 33.453406], [-112.000481, 33.453518], [-112.00057, 33.453518], [-112.00057, 33.453406]]]}, "properties": {"height": 8, "night": "#844728"}}, {"type": "Feature", "geometry": {"type": "Polygon", "coordinates": [[[-112.001517, 33.453509], [-112.001603, 33.453509], [-112.001603, 33.453433], [-112.001517, 33.453433], [-112.001517, 33.453509]]]}, "properties": {"height": 8, "night": "#854829"}}, {"type": "Feature", "geometry": {"type": "Polygon", "coordinates": [[[-112.0019, 33.452957], [-112.001994, 33.452957], [-112.001994, 33.452863], [-112.0019, 33.452863], [-112.0019, 33.452957]]]}, "properties": {"height": 8, "night": "#874929"}}, {"type": "Feature", "geometry": {"type": "Polygon", "coordinates": [[[-112.00087, 33.452952], [-112.000978, 33.452952], [-112.000978, 33.452827], [-112.00087, 33.452827], [-112.00087, 33.452952]]]}, "properties": {"height": 8, "night": "#854829"}}, {"type": "Feature", "geometry": {"type": "Polygon", "coordinates": [[[-111.999956, 33.452807], [-111.999835, 33.452807], [-111.999835, 33.45293], [-111.999956, 33.45293], [-111.999956, 33.452807]]]}, "properties": {"height": 8, "night": "#834728"}}, {"type": "Feature", "geometry": {"type": "Polygon", "coordinates": [[[-112.000203, 33.452482], [-112.000299, 33.452482], [-112.000299, 33.452341], [-112.000203, 33.452341], [-112.000203, 33.452482]]]}, "properties": {"height": 8, "night": "#844728"}}, {"type": "Feature", "geometry": {"type": "Polygon", "coordinates": [[[-112.000878, 33.452449], [-112.00088, 33.452508], [-112.000968, 33.452506], [-112.000967, 33.452448], [-112.000878, 33.452449]]]}, "properties": {"height": 8, "night": "#854829"}}, {"type": "Feature", "geometry": {"type": "Polygon", "coordinates": [[[-112.00171, 33.452348], [-112.00171, 33.452509], [-112.001804, 33.452509], [-112.001804, 33.452348], [-112.00171, 33.452348]]]}, "properties": {"height": 8, "night": "#874929"}}, {"type": "Feature", "geometry": {"type": "Polygon", "coordinates": [[[-112.000742, 33.451788], [-112.000661, 33.451788], [-112.000661, 33.451885], [-112.000742, 33.451885], [-112.000742, 33.451788]]]}, "properties": {"height": 8, "night": "#864829"}}, {"type": "Feature", "geometry": {"type": "Polygon", "coordinates": [[[-111.999443, 33.452015], [-111.999583, 33.452015], [-111.999583, 33.451927], [-111.999443, 33.451927], [-111.999443, 33.452015]]]}, "properties": {"height": 8, "night": "#844728"}}, {"type": "Feature", "geometry": {"type": "Polygon", "coordinates": [[[-111.999371, 33.452926], [-111.999609, 33.452929], [-111.999612, 33.452796], [-111.99944, 33.452794], [-111.999439, 33.452832], [-111.999372, 33.452831], [-111.999371, 33.452926]]]}, "properties": {"height": 8, "night": "#834628"}}, {"type": "Feature", "geometry": {"type": "Polygon", "coordinates": [[[-111.994865, 33.453796], [-111.994696, 33.453796], [-111.994696, 33.453912], [-111.994865, 33.453912], [-111.994865, 33.453796]]]}, "properties": {"height": 8, "night": "#7a4125"}}, {"type": "Feature", "geometry": {"type": "Polygon", "coordinates": [[[-111.994291, 33.454738], [-111.994463, 33.454738], [-111.994463, 33.45461], [-111.994345, 33.45461], [-111.994345, 33.454648], [-111.994291, 33.454648], [-111.994291, 33.454738]]]}, "properties": {"height": 8, "night": "#794024"}}, {"type": "Feature", "geometry": {"type": "Polygon", "coordinates": [[[-111.993658, 33.454302], [-111.993768, 33.454302], [-111.993768, 33.454275], [-111.993824, 33.454275], [-111.993824, 33.454192], [-111.993658, 33.454192], [-111.993658, 33.454302]]]}, "properties": {"height": 8, "night": "#784024"}}, {"type": "Feature", "geometry": {"type": "Polygon", "coordinates": [[[-111.994897, 33.45436], [-111.994943, 33.45436], [-111.994943, 33.45432], [-111.99505, 33.45432], [-111.99505, 33.454208], [-111.994897, 33.454208], [-111.994897, 33.45436]]]}, "properties": {"height": 8, "night": "#7a4125"}}, {"type": "Feature", "geometry": {"type": "Polygon", "coordinates": [[[-111.994876, 33.455049], [-111.994709, 33.455049], [-111.994709, 33.455161], [-111.994817, 33.455161], [-111.994817, 33.455134], [-111.994876, 33.455134], [-111.994876, 33.455049]]]}, "properties": {"height": 8, "night": "#794124"}}, {"type": "Feature", "geometry": {"type": "Polygon", "coordinates": [[[-111.993492, 33.45515], [-111.99362, 33.45515], [-111.99362, 33.455042], [-111.993492, 33.455042], [-111.993492, 33.45515]]]}, "properties": {"height": 8, "night": "#773f24"}}, {"type": "Feature", "geometry": {"type": "Polygon", "coordinates": [[[-111.994452, 33.455893], [-111.994452, 33.45602], [-111.99454, 33.45602], [-111.99454, 33.455893], [-111.994452, 33.455893]]]}, "properties": {"height": 8, "night": "#784024"}}, {"type": "Feature", "geometry": {"type": "Polygon", "coordinates": [[[-111.995012, 33.456302], [-111.994809, 33.456302], [-111.994809, 33.4563793], [-111.994809, 33.4565256], [-111.994809, 33.456615], [-111.995012, 33.456615], [-111.995012, 33.4565314], [-111.995012, 33.45638], [-111.995012, 33.456302]]]}, "properties": {"height": 8, "night": "#784024"}}, {"type": "Feature", "geometry": {"type": "Polygon", "coordinates": [[[-111.993532, 33.457719], [-111.993532, 33.457909], [-111.993856, 33.457909], [-111.993856, 33.457719], [-111.993532, 33.457719]]]}, "properties": {"height": 8, "night": "#743e23"}}, {"type": "Feature", "geometry": {"type": "Polygon", "coordinates": [[[-111.993111, 33.457872], [-111.992992, 33.457872], [-111.992992, 33.457916], [-111.992942, 33.457916], [-111.992942, 33.457992], [-111.993044, 33.457992], [-111.993044, 33.458037], [-111.993111, 33.458037], [-111.993111, 33.457872]]]}, "properties": {"height": 8, "night": "#733d22"}}, {"type": "Feature", "geometry": {"type": "Polygon", "coordinates": [[[-111.991405, 33.45759], [-111.991403, 33.457488], [-111.991272, 33.45749], [-111.991274, 33.457592], [-111.991405, 33.45759]]]}, "properties": {"height": 8, "night": "#713c21"}}, {"type": "Feature", "geometry": {"type": "Polygon", "coordinates": [[[-111.992674, 33.457562], [-111.992674, 33.457488], [-111.992556, 33.457488], [-111.992556, 33.457533], [-111.99251, 33.457533], [-111.99251, 33.457616], [-111.992623, 33.457616], [-111.992623, 33.457562], [-111.992674, 33.457562]]]}, "properties": {"height": 8, "night": "#733d22"}}, {"type": "Feature", "geometry": {"type": "Polygon", "coordinates": [[[-111.992883, 33.457153], [-111.992735, 33.457153], [-111.992735, 33.457323], [-111.992826, 33.457323], [-111.992826, 33.457276], [-111.992883, 33.457276], [-111.992883, 33.457153]]]}, "properties": {"height": 8, "night": "#743d22"}}, {"type": "Feature", "geometry": {"type": "Polygon", "coordinates": [[[-111.991434, 33.457285], [-111.991609, 33.457285], [-111.991609, 33.457137], [-111.991434, 33.457137], [-111.991434, 33.457285]]]}, "properties": {"height": 8, "night": "#713c22"}}, {"type": "Feature", "geometry": {"type": "Polygon", "coordinates": [[[-111.992234, 33.456797], [-111.992081, 33.456797], [-111.992081, 33.456922], [-111.992234, 33.456922], [-111.992234, 33.456797]]]}, "properties": {"height": 8, "night": "#733d22"}}, {"type": "Feature", "geometry": {"type": "Polygon", "coordinates": [[[-111.993301, 33.456564], [-111.993301, 33.456459], [-111.993143, 33.456459], [-111.993143, 33.456564], [-111.993301, 33.456564]]]}, "properties": {"height": 8, "night": "#753e23"}}, {"type": "Feature", "geometry": {"type": "Polygon", "coordinates": [[[-111.991909, 33.456544], [-111.992016, 33.456544], [-111.992016, 33.456436], [-111.991909, 33.456436], [-111.991909, 33.456544]]]}, "properties": {"height": 8, "night": "#733d22"}}, {"type": "Feature", "geometry": {"type": "Polygon", "coordinates": [[[-111.991684, 33.456078], [-111.991684, 33.456184], [-111.991829, 33.456184], [-111.991829, 33.456078], [-111.991684, 33.456078]]]}, "properties": {"height": 8, "night": "#733d22"}}, {"type": "Feature", "geometry": {"type": "Polygon", "coordinates": [[[-111.992105, 33.456078], [-111.992105, 33.456188], [-111.992215, 33.456188], [-111.992215, 33.456078], [-111.992105, 33.456078]]]}, "properties": {"height": 8, "night": "#743d22"}}, {"type": "Feature", "geometry": {"type": "Polygon", "coordinates": [[[-111.992298, 33.455819], [-111.992411, 33.455819], [-111.992411, 33.455702], [-111.992298, 33.455702], [-111.992298, 33.455819]]]}, "properties": {"height": 8, "night": "#743e23"}}, {"type": "Feature", "geometry": {"type": "Polygon", "coordinates": [[[-111.991365, 33.455347], [-111.991241, 33.455347], [-111.991241, 33.455436], [-111.991365, 33.455436], [-111.991365, 33.455347]]]}, "properties": {"height": 8, "night": "#733d22"}}, {"type": "Feature", "geometry": {"type": "Polygon", "coordinates": [[[-111.992556, 33.455389], [-111.992507, 33.455389], [-111.992507, 33.455471], [-111.99262, 33.455471], [-111.99262, 33.455452], [-111.992652, 33.455452], [-111.992652, 33.455353], [-111.992556, 33.455353], [-111.992556, 33.455389]]]}, "properties": {"height": 8, "night": "#753e23"}}, {"type": "Feature", "geometry": {"type": "Polygon", "coordinates": [[[-111.992883, 33.455118], [-111.993062, 33.455118], [-111.993062, 33.455058], [-111.993022, 33.455058], [-111.993022, 33.455011], [-111.992883, 33.455011], [-111.992883, 33.455118]]]}, "properties": {"height": 8, "night": "#763f23"}}, {"type": "Feature", "geometry": {"type": "Polygon", "coordinates": [[[-111.991788, 33.455114], [-111.991788, 33.454993], [-111.991652, 33.454993], [-111.991652, 33.45513], [-111.991736, 33.45513], [-111.991736, 33.455114], [-111.991788, 33.455114]]]}, "properties": {"height": 8, "night": "#743e23"}}, {"type": "Feature", "geometry": {"type": "Polygon", "coordinates": [[[-111.991939, 33.454304], [-111.991939, 33.454425], [-111.992057, 33.454425], [-111.992057, 33.454304], [-111.991939, 33.454304]]]}, "properties": {"height": 8, "night": "#753e23"}}, {"type": "Feature", "geometry": {"type": "Polygon", "coordinates": [[[-111.993038, 33.454299], [-111.993038, 33.454438], [-111.993191, 33.454438], [-111.993191, 33.454299], [-111.993038, 33.454299]]]}, "properties": {"height": 8, "night": "#773f24"}}, {"type": "Feature", "geometry": {"type": "Polygon", "coordinates": [[[-111.991928, 33.453713], [-111.991963, 33.453713], [-111.991963, 33.453773], [-111.992057, 33.453773], [-111.992057, 33.453655], [-111.991928, 33.453655], [-111.991928, 33.453713]]]}, "properties": {"height": 8, "night": "#763f23"}}, {"type": "Feature", "geometry": {"type": "Polygon", "coordinates": [[[-111.991472, 33.454127], [-111.991303, 33.454127], [-111.991303, 33.45423], [-111.991472, 33.45423], [-111.991472, 33.454127]]]}, "properties": {"height": 8, "night": "#743e23"}}, {"type": "Feature", "geometry": {"type": "Polygon", "coordinates": [[[-111.990974, 33.45634], [-111.990975, 33.456219], [-111.989772, 33.45621], [-111.989771, 33.456264], [-111.989728, 33.456264], [-111.989728, 33.456306], [-111.98965, 33.456306], [-111.989648, 33.456572], [-111.989794, 33.456573], [-111.989796, 33.456332], [-111.990974, 33.45634]]]}, "properties": {"height": 8, "night": "#703b21"}}, {"type": "Feature", "geometry": {"type": "Polygon", "coordinates": [[[-111.990508, 33.457169], [-111.990515, 33.456811], [-111.99036, 33.456809], [-111.990355, 33.457053], [-111.99003, 33.457048], [-111.990035, 33.456806], [-111.989884, 33.456804], [-111.989876, 33.45716], [-111.990508, 33.457169]]]}, "properties": {"height": 8, "night": "#703b21"}}, {"type": "Feature", "geometry": {"type": "Polygon", "coordinates": [[[-111.988831, 33.456497], [-111.988829, 33.456676], [-111.989156, 33.456678], [-111.989158, 33.456499], [-111.988831, 33.456497]]]}, "properties": {"height": 8, "night": "#6e3a20"}}, {"type": "Feature", "geometry": {"type": "Polygon", "coordinates": [[[-111.992567, 33.454279], [-111.992641, 33.454282], [-111.992642, 33.454238], [-111.992569, 33.454236], [-111.992567, 33.454279]]]}, "properties": {"height": 8, "night": "#763f23"}}, {"type": "Feature", "geometry": {"type": "Polygon", "coordinates": [[[-111.992438, 33.453429], [-111.992585, 33.453429], [-111.992585, 33.453312], [-111.992438, 33.453312], [-111.992438, 33.453429]]]}, "properties": {"height": 8, "night": "#773f24"}}, {"type": "Feature", "geometry": {"type": "Polygon", "coordinates": [[[-111.992046, 33.453109], [-111.992046, 33.452972], [-111.991901, 33.452972], [-111.991901, 33.453048], [-111.991949, 33.453048], [-111.991949, 33.453109], [-111.992046, 33.453109]]]}, "properties": {"height": 8, "night": "#763f23"}}, {"type": "Feature", "geometry": {"type": "Polygon", "coordinates": [[[-111.991306, 33.452451], [-111.991595, 33.452451], [-111.991595, 33.452335], [-111.991306, 33.452335], [-111.991306, 33.452451]]]}, "properties": {"height": 8, "night": "#763f23"}}, {"type": "Feature", "geometry": {"type": "Polygon", "coordinates": [[[-111.9926, 33.452989], [-111.992434, 33.452988], [-111.992433, 33.453122], [-111.992603, 33.453123], [-111.992604, 33.453072], [-111.992541, 33.453071], [-111.992541, 33.453033], [-111.9926, 33.453034], [-111.9926, 33.452989]]]}, "properties": {"height": 8, "night": "#773f24"}}, {"type": "Feature", "geometry": {"type": "Polygon", "coordinates": [[[-111.992529, 33.452952], [-111.992639, 33.452952], [-111.992639, 33.452831], [-111.99244, 33.452831], [-111.99244, 33.452921], [-111.992529, 33.452921], [-111.992529, 33.452952]]]}, "properties": {"height": 8, "night": "#773f24"}}, {"type": "Feature", "geometry": {"type": "Polygon", "coordinates": [[[-111.993192, 33.454107], [-111.993192, 33.454003], [-111.993151, 33.454003], [-111.993151, 33.45398], [-111.993042, 33.45398], [-111.993042, 33.454042], [-111.993078, 33.454043], [-111.993078, 33.454106], [-111.993192, 33.454107]]]}, "properties": {"height": 8, "night": "#774024"}}, {"type": "Feature", "geometry": {"type": "Polygon", "coordinates": [[[-111.9943335, 33.4514442], [-111.994337, 33.4513908], [-111.9930668, 33.4513742], [-111.9930666, 33.4514295], [-111.9943335, 33.4514442]]]}, "properties": {"height": 8, "night": "#7a4125"}}, {"type": "Feature", "geometry": {"type": "Polygon", "coordinates": [[[-111.994747, 33.449508], [-111.994838, 33.449508], [-111.994838, 33.449394], [-111.994747, 33.449394], [-111.994747, 33.449508]]]}, "properties": {"height": 8, "night": "#7d4326"}}, {"type": "Feature", "geometry": {"type": "Polygon", "coordinates": [[[-111.9923291, 33.4470323], [-111.992273, 33.4470309], [-111.9922733, 33.4473039], [-111.992481, 33.4473064], [-111.9924834, 33.447202], [-111.9925426, 33.4472013], [-111.992544, 33.4472485], [-111.9926602, 33.4472496], [-111.9926608, 33.4471494], [-111.9925889, 33.4471469], [-111.9925907, 33.4470988], [-111.9924713, 33.4470948], [-111.9924679, 33.447033], [-111.9923291, 33.4470323]]]}, "properties": {"height": 8, "night": "#794124"}}, {"type": "Feature", "geometry": {"type": "Polygon", "coordinates": [[[-111.993389, 33.446893], [-111.993389, 33.44673], [-111.993215, 33.44673], [-111.993215, 33.446786], [-111.992994, 33.446787], [-111.992994, 33.446896], [-111.993062, 33.446896], [-111.993062, 33.447004], [-111.993226, 33.447003], [-111.993226, 33.446894], [-111.993389, 33.446893]]]}, "properties": {"height": 8, "night": "#7b4225"}}, {"type": "Feature", "geometry": {"type": "Polygon", "coordinates": [[[-111.994658, 33.446672], [-111.994956, 33.446672], [-111.994956, 33.44663], [-111.994658, 33.44663], [-111.994658, 33.446672]]]}, "properties": {"height": 8, "night": "#7e4326"}}, {"type": "Feature", "geometry": {"type": "Polygon", "coordinates": [[[-111.99434, 33.447872], [-111.99434, 33.447644], [-111.99405, 33.447644], [-111.99405, 33.447872], [-111.99434, 33.447872]]]}, "properties": {"height": 8, "night": "#7c4326"}}, {"type": "Feature", "geometry": {"type": "Polygon", "coordinates": [[[-112.0211051, 33.4491437], [-112.0209984, 33.4491426], [-112.0209997, 33.4490565], [-112.0211063, 33.4490576], [-112.0211051, 33.4491437]]]}, "properties": {"height": 8, "night": "#904e2d"}}, {"type": "Feature", "geometry": {"type": "Polygon", "coordinates": [[[-111.986095, 33.41678], [-111.986634, 33.416793], [-111.986644, 33.416518], [-111.986436, 33.416513], [-111.986438, 33.416455], [-111.986024, 33.416444], [-111.986014, 33.416717], [-111.985931, 33.416715], [-111.985927, 33.416827], [-111.986093, 33.416831], [-111.986095, 33.41678]]]}, "properties": {"height": 8, "night": "#4d2715"}}, {"type": "Feature", "geometry": {"type": "Polygon", "coordinates": [[[-111.985955, 33.417974], [-111.986185, 33.417974], [-111.986185, 33.417822], [-111.985955, 33.417822], [-111.985955, 33.417974]]]}, "properties": {"height": 8, "night": "#4f2815"}}, {"type": "Feature", "geometry": {"type": "Polygon", "coordinates": [[[-111.985306, 33.420665], [-111.985424, 33.420665], [-111.985424, 33.420595], [-111.985306, 33.420595], [-111.985306, 33.420665]]]}, "properties": {"height": 8, "night": "#532a17"}}, {"type": "Feature", "geometry": {"type": "Polygon", "coordinates": [[[-111.9907671, 33.4214149], [-111.9903511, 33.4214151], [-111.9903512, 33.4215089], [-111.9905333, 33.4215088], [-111.9905335, 33.4217664], [-111.9907673, 33.4217663], [-111.9907671, 33.4214149]]]}, "properties": {"height": 8, "night": "#5a2f19"}}, {"type": "Feature", "geometry": {"type": "Polygon", "coordinates": [[[-111.9969702, 33.4204852], [-111.9969691, 33.4202941], [-111.9975009, 33.4202919], [-111.9975005, 33.4202216], [-111.9968851, 33.4202241], [-111.9968866, 33.4204855], [-111.9969702, 33.4204852]]]}, "properties": {"height": 8, "night": "#5f311b"}}, {"type": "Feature", "geometry": {"type": "Polygon", "coordinates": [[[-111.996587, 33.417808], [-111.996528, 33.417808], [-111.996528, 33.418122], [-111.996587, 33.418122], [-111.996587, 33.417808]]]}, "properties": {"height": 8, "night": "#592e19"}}, {"type": "Feature", "geometry": {"type": "Polygon", "coordinates": [[[-112.00888, 33.4168087], [-112.0088377, 33.416846], [-112.009141, 33.4170853], [-112.0091832, 33.417048], [-112.00888, 33.4168087]]]}, "properties": {"height": 8, "night": "#5e301b"}}, {"type": "Feature", "geometry": {"type": "Polygon", "coordinates": [[[-112.0060693, 33.4212889], [-112.0061576, 33.4213551], [-112.0063057, 33.4212178], [-112.0062175, 33.4211515], [-112.0060693, 33.4212889]]]}, "properties": {"height": 8, "night": "#66351e"}}, {"type": "Feature", "geometry": {"type": "Polygon", "coordinates": [[[-112.024276, 33.4229569], [-112.024471, 33.4230844], [-112.024543, 33.4230077], [-112.024348, 33.4228802], [-112.024276, 33.4229569]]]}, "properties": {"height": 8, "night": "#67361e"}}, {"type": "Feature", "geometry": {"type": "Polygon", "coordinates": [[[-112.0331322, 33.4487389], [-112.0330581, 33.4487393], [-112.0330374, 33.4486915], [-112.0330378, 33.4486553], [-112.0330014, 33.4486542], [-112.0329609, 33.448653], [-112.0329612, 33.4484984], [-112.0330025, 33.448498], [-112.0330367, 33.4484976], [-112.0330374, 33.4484266], [-112.0331322, 33.4484255], [-112.0331322, 33.4487389]]]}, "properties": {"height": 8, "night": "#7b4225"}}, {"type": "Feature", "geometry": {"type": "Polygon", "coordinates": [[[-111.990409, 33.451779], [-111.990527, 33.451781], [-111.990534, 33.4515], [-111.990416, 33.451498], [-111.990409, 33.451779]]]}, "properties": {"height": 8, "night": "#743e23"}}, {"type": "Feature", "geometry": {"type": "Polygon", "coordinates": [[[-111.985842, 33.452351], [-111.985901, 33.45235], [-111.985897, 33.452184], [-111.985838, 33.452185], [-111.985842, 33.452351]]]}, "properties": {"height": 8, "night": "#6c3920"}}, {"type": "Feature", "geometry": {"type": "Polygon", "coordinates": [[[-111.984982, 33.456386], [-111.9851485, 33.4563874], [-111.9851511, 33.4561679], [-111.9849846, 33.4561665], [-111.984982, 33.456386]]]}, "properties": {"height": 8, "night": "#68361e"}}, {"type": "Feature", "geometry": {"type": "Polygon", "coordinates": [[[-112.005293, 33.450212], [-112.004791, 33.449897], [-112.00477, 33.449897], [-112.00477, 33.450012], [-112.005173, 33.450264], [-112.005173, 33.450974], [-112.005293, 33.450974], [-112.005293, 33.450212]]]}, "properties": {"height": 8, "night": "#8e4d2c"}}, {"type": "Feature", "geometry": {"type": "Polygon", "coordinates": [[[-112.0270808, 33.4485721], [-112.0270218, 33.4485719], [-112.0270206, 33.4487594], [-112.0270796, 33.4487596], [-112.0270808, 33.4485721]]]}, "properties": {"height": 8, "night": "#854829"}}, {"type": "Feature", "geometry": {"type": "Polygon", "coordinates": [[[-112.0250621, 33.4505929], [-112.0249441, 33.4505951], [-112.0249479, 33.4507431], [-112.0250659, 33.4507409], [-112.0250621, 33.4505929]]]}, "properties": {"height": 8, "night": "#88492a"}}, {"type": "Feature", "geometry": {"type": "Polygon", "coordinates": [[[-112.0232854, 33.4498863], [-112.023273, 33.449655], [-112.0231305, 33.4496604], [-112.0231329, 33.4497059], [-112.0230326, 33.4497097], [-112.0230426, 33.4498954], [-112.0232854, 33.4498863]]]}, "properties": {"height": 8, "night": "#8c4c2b"}}, {"type": "Feature", "geometry": {"type": "Polygon", "coordinates": [[[-112.0142688, 33.4489151], [-112.0141828, 33.4489149], [-112.0141792, 33.4496889], [-112.0142652, 33.4496891], [-112.0142688, 33.4489151]]]}, "properties": {"height": 8, "night": "#995430"}}, {"type": "Feature", "geometry": {"type": "Polygon", "coordinates": [[[-111.9974854, 33.4554806], [-111.9973584, 33.4554797], [-111.9973594, 33.4553897], [-111.997272, 33.455389], [-111.9972711, 33.455473], [-111.997134, 33.455472], [-111.9971331, 33.4555459], [-111.997269, 33.455547], [-111.997268, 33.455645], [-111.9973557, 33.4556457], [-111.9973566, 33.4555567], [-111.9974846, 33.4555577], [-111.9974854, 33.4554806]]]}, "properties": {"height": 8, "night": "#7c4326"}}, {"type": "Feature", "geometry": {"type": "Polygon", "coordinates": [[[-111.9962586, 33.4551866], [-111.9961405, 33.4551878], [-111.99614, 33.4551563], [-111.9959773, 33.4551578], [-111.9959805, 33.4553979], [-111.9960257, 33.4553975], [-111.9960263, 33.4554422], [-111.9959829, 33.4554426], [-111.9959842, 33.4555428], [-111.9960091, 33.4555426], [-111.9960103, 33.45563], [-111.9961485, 33.4556288], [-111.9961487, 33.4556474], [-111.9962355, 33.4556466], [-111.9962349, 33.4556039], [-111.9962646, 33.4556037], [-111.9962629, 33.4554802], [-111.9961994, 33.4554808], [-111.9961983, 33.4554041], [-111.9962616, 33.4554035], [-111.9962586, 33.4551866]]]}, "properties": {"height": 8, "night": "#7b4225"}}, {"type": "Feature", "geometry": {"type": "Polygon", "coordinates": [[[-112.029363, 33.45977], [-112.029451, 33.459773], [-112.029453, 33.459722], [-112.02948, 33.459723], [-112.029482, 33.459664], [-112.029367, 33.459661], [-112.029363, 33.45977]]]}, "properties": {"height": 8, "night": "#763f23"}}, {"type": "Feature", "geometry": {"type": "Polygon", "coordinates": [[[-112.034895, 33.458379], [-112.034796, 33.458377], [-112.034794, 33.458451], [-112.034893, 33.458453], [-112.034895, 33.458379]]]}, "properties": {"height": 8, "night": "#703b21"}}, {"type": "Feature", "geometry": {"type": "Polygon", "coordinates": [[[-112.034792, 33.458038], [-112.034895, 33.458036], [-112.034892, 33.457884], [-112.034742, 33.457886], [-112.034744, 33.458009], [-112.034792, 33.458009], [-112.034792, 33.458038]]]}, "properties": {"height": 8, "night": "#713c21"}}, {"type": "Feature", "geometry": {"type": "Polygon", "coordinates": [[[-112.034557, 33.458259], [-112.034467, 33.458258], [-112.034465, 33.458411], [-112.034314, 33.45841], [-112.034316, 33.458294], [-112.034222, 33.458293], [-112.03422, 33.458487], [-112.034554, 33.45849], [-112.034557, 33.458259]]]}, "properties": {"height": 8, "night": "#713c21"}}, {"type": "Feature", "geometry": {"type": "Polygon", "coordinates": [[[-112.0213167, 33.4246797], [-112.0213166, 33.4245765], [-112.0216713, 33.4245761], [-112.0216715, 33.4246794], [-112.0213167, 33.4246797]]]}, "properties": {"height": 8, "night": "#6d3920"}}, {"type": "Feature", "geometry": {"type": "Polygon", "coordinates": [[[-112.0010743, 33.4508078], [-112.0010153, 33.4508082], [-112.0010183, 33.4510677], [-112.0010773, 33.4510673], [-112.0010743, 33.4508078]]]}, "properties": {"height": 8, "night": "#874929"}}, {"type": "Feature", "geometry": {"type": "Polygon", "coordinates": [[[-112.0241992, 33.4566718], [-112.0240932, 33.4566712], [-112.0240888, 33.4572172], [-112.0241948, 33.4572178], [-112.0241992, 33.4566718]]]}, "properties": {"height": 8, "night": "#814527"}}, {"type": "Feature", "geometry": {"type": "Polygon", "coordinates": [[[-112.0186813, 33.4562248], [-112.0186233, 33.4562242], [-112.0186213, 33.4563697], [-112.0186793, 33.4563703], [-112.0186813, 33.4562248]]]}, "properties": {"height": 8, "night": "#88492a"}}, {"type": "Feature", "geometry": {"type": "Polygon", "coordinates": [[[-112.0184981, 33.4526849], [-112.0182781, 33.4526858], [-112.018279, 33.4528383], [-112.0183505, 33.452838], [-112.0183514, 33.4529855], [-112.0184651, 33.452985], [-112.0184642, 33.4528345], [-112.0184991, 33.4528343], [-112.0184981, 33.4526849]]]}, "properties": {"height": 8, "night": "#8f4d2c"}}, {"type": "Feature", "geometry": {"type": "Polygon", "coordinates": [[[-112.0076965, 33.4431234], [-112.0076975, 33.4433024], [-112.008041, 33.443301], [-112.00804, 33.443122], [-112.0076965, 33.4431234]]]}, "properties": {"height": 8, "night": "#93502e"}}, {"type": "Feature", "geometry": {"type": "Polygon", "coordinates": [[[-111.9873749, 33.4476719], [-111.9873489, 33.4476723], [-111.987348, 33.4476375], [-111.987374, 33.447637], [-111.9873749, 33.4476719]]]}, "properties": {"height": 8, "night": "#703b21"}}, {"type": "Feature", "geometry": {"type": "Polygon", "coordinates": [[[-112.0130564, 33.4581448], [-112.0130388, 33.458145], [-112.0130385, 33.4581207], [-112.0130561, 33.4581206], [-112.0130564, 33.4581448]]]}, "properties": {"height": 8, "night": "#864829"}}, {"type": "Feature", "geometry": {"type": "Polygon", "coordinates": [[[-111.999724, 33.44349], [-111.9995605, 33.4434906], [-111.9995609, 33.4435891], [-111.9997244, 33.4435885], [-111.999724, 33.44349]]]}, "properties": {"height": 8, "night": "#854829"}}, {"type": "Feature", "geometry": {"type": "Polygon", "coordinates": [[[-111.9995585, 33.4511781], [-111.9995201, 33.4511778], [-111.9995202, 33.4511669], [-111.9995586, 33.4511672], [-111.9995585, 33.4511781]]]}, "properties": {"height": 8, "night": "#844728"}}, {"type": "Feature", "geometry": {"type": "Polygon", "coordinates": [[[-111.9909008, 33.4554219], [-111.9908996, 33.4552254], [-111.9908406, 33.4552256], [-111.9908418, 33.4554221], [-111.9909008, 33.4554219]]]}, "properties": {"height": 8, "night": "#723d22"}}, {"type": "Feature", "geometry": {"type": "Polygon", "coordinates": [[[-112.0081884, 33.4511854], [-112.0081497, 33.4511856], [-112.0081496, 33.4511732], [-112.0081883, 33.451173], [-112.0081884, 33.4511854]]]}, "properties": {"height": 8, "night": "#924f2d"}}, {"type": "Feature", "geometry": {"type": "Polygon", "coordinates": [[[-112.0176498, 33.4514083], [-112.0176116, 33.451408], [-112.0176117, 33.4513966], [-112.0176499, 33.4513969], [-112.0176498, 33.4514083]]]}, "properties": {"height": 8, "night": "#924f2d"}}, {"type": "Feature", "geometry": {"type": "Polygon", "coordinates": [[[-112.0292155, 33.4510254], [-112.0291515, 33.4510266], [-112.0291539, 33.4511181], [-112.0292179, 33.4511169], [-112.0292155, 33.4510254]]]}, "properties": {"height": 8, "night": "#804527"}}, {"type": "Feature", "geometry": {"type": "Polygon", "coordinates": [[[-112.0340214, 33.4512984], [-112.0339839, 33.4512981], [-112.033984, 33.451286], [-112.0340215, 33.4512864], [-112.0340214, 33.4512984]]]}, "properties": {"height": 8, "night": "#784024"}}, {"type": "Feature", "geometry": {"type": "Polygon", "coordinates": [[[-111.990439, 33.41875], [-111.99071, 33.418747], [-111.99071, 33.418704], [-111.990801, 33.418703], [-111.990797, 33.418486], [-111.990708, 33.418487], [-111.990708, 33.418445], [-111.990434, 33.418448], [-111.990439, 33.41875]]]}, "properties": {"height": 8, "night": "#552c18"}}, {"type": "Feature", "geometry": {"type": "Polygon", "coordinates": [[[-111.9921154, 33.4186744], [-111.9921191, 33.4190819], [-111.9926566, 33.4190785], [-111.992653, 33.418671], [-111.9921154, 33.4186744]]]}, "properties": {"height": 8, "night": "#572d18"}}, {"type": "Feature", "geometry": {"type": "Polygon", "coordinates": [[[-111.9879516, 33.4194617], [-111.9879504, 33.4192406], [-111.9872951, 33.419243], [-111.9872965, 33.4195166], [-111.9873465, 33.4195164], [-111.9873466, 33.4195343], [-111.9874848, 33.4195338], [-111.9874847, 33.4195178], [-111.9875455, 33.4195176], [-111.9875452, 33.4194631], [-111.9879516, 33.4194617]]]}, "properties": {"height": 8, "night": "#532a17"}}, {"type": "Feature", "geometry": {"type": "Polygon", "coordinates": [[[-111.9938228, 33.4167268], [-111.9938242, 33.4168428], [-111.9940282, 33.4168412], [-111.9940268, 33.4167252], [-111.9938228, 33.4167268]]]}, "properties": {"height": 8, "night": "#552b17"}}, {"type": "Feature", "geometry": {"type": "Polygon", "coordinates": [[[-111.9962942, 33.4146578], [-111.9964393, 33.4146583], [-111.9964407, 33.4143493], [-111.9962908, 33.4143488], [-111.9962902, 33.4144702], [-111.9962681, 33.4144701], [-111.9962678, 33.4145411], [-111.9962947, 33.4145412], [-111.9962942, 33.4146578]]]}, "properties": {"height": 8, "night": "#522a17"}}, {"type": "Feature", "geometry": {"type": "Polygon", "coordinates": [[[-111.9995561, 33.4146079], [-111.9996581, 33.4146061], [-111.9996529, 33.4143911], [-111.9995509, 33.4143929], [-111.9995561, 33.4146079]]]}, "properties": {"height": 8, "night": "#552b17"}}, {"type": "Feature", "geometry": {"type": "Polygon", "coordinates": [[[-112.0056991, 33.4126709], [-112.0056351, 33.4126721], [-112.0056439, 33.4129851], [-112.0057079, 33.4129839], [-112.0056991, 33.4126709]]]}, "properties": {"height": 8, "night": "#542b17"}}, {"type": "Feature", "geometry": {"type": "Polygon", "coordinates": [[[-112.0203554, 33.4130516], [-112.0203461, 33.4126779], [-112.0202123, 33.4126802], [-112.0202208, 33.4130188], [-112.0200595, 33.4130216], [-112.0200609, 33.4130771], [-112.0202292, 33.4130742], [-112.0202287, 33.4130538], [-112.0203554, 33.4130516]]]}, "properties": {"height": 8, "night": "#542b17"}}, {"type": "Feature", "geometry": {"type": "Polygon", "coordinates": [[[-112.018528, 33.41215], [-112.018304, 33.412153], [-112.018305, 33.412203], [-112.018529, 33.4122], [-112.018528, 33.41215]]]}, "properties": {"height": 8, "night": "#532a17"}}, {"type": "Feature", "geometry": {"type": "Polygon", "coordinates": [[[-112.0209676, 33.4122443], [-112.0210706, 33.4122427], [-112.0210658, 33.4120342], [-112.0209628, 33.4120358], [-112.0209676, 33.4122443]]]}, "properties": {"height": 8, "night": "#522a16"}}, {"type": "Feature", "geometry": {"type": "Polygon", "coordinates": [[[-112.020994, 33.411401], [-112.020992, 33.411342], [-112.02086, 33.411345], [-112.020862, 33.411404], [-112.020994, 33.411401]]]}, "properties": {"height": 8, "night": "#512916"}}, {"type": "Feature", "geometry": {"type": "Polygon", "coordinates": [[[-112.0176759, 33.4112279], [-112.0176731, 33.4111529], [-112.0174751, 33.4111581], [-112.0174779, 33.4112331], [-112.0176759, 33.4112279]]]}, "properties": {"height": 8, "night": "#512916"}}, {"type": "Feature", "geometry": {"type": "Polygon", "coordinates": [[[-112.0202741, 33.4102189], [-112.0199517, 33.4102245], [-112.019956, 33.410395], [-112.0201656, 33.4103913], [-112.0201671, 33.4104509], [-112.0202799, 33.4104489], [-112.0202741, 33.4102189]]]}, "properties": {"height": 8, "night": "#4f2815"}}, {"type": "Feature", "geometry": {"type": "Polygon", "coordinates": [[[-111.9899076, 33.452147], [-111.9899582, 33.4521704], [-111.9899693, 33.4521538], [-111.9900221, 33.4521781], [-111.9901047, 33.4520536], [-111.9900597, 33.4520328], [-111.9901164, 33.4519474], [-111.9900579, 33.4519204], [-111.9899076, 33.452147]]]}, "properties": {"height": 8, "night": "#733d22"}}, {"type": "Feature", "geometry": {"type": "Polygon", "coordinates": [[[-112.027988, 33.410394], [-112.027985, 33.410318], [-112.027863, 33.410322], [-112.027866, 33.410398], [-112.027988, 33.410394]]]}, "properties": {"height": 8, "night": "#4b2614"}}, {"type": "Feature", "geometry": {"type": "Polygon", "coordinates": [[[-112.028051, 33.410769], [-112.028176, 33.410768], [-112.028175, 33.410669], [-112.02805, 33.41067], [-112.028051, 33.410769]]]}, "properties": {"height": 8, "night": "#4c2614"}}, {"type": "Feature", "geometry": {"type": "Polygon", "coordinates": [[[-112.026839, 33.411522], [-112.026835, 33.411392], [-112.026728, 33.411395], [-112.026732, 33.411524], [-112.026839, 33.411522]]]}, "properties": {"height": 8, "night": "#4e2715"}}, {"type": "Feature", "geometry": {"type": "Polygon", "coordinates": [[[-112.025456, 33.411562], [-112.025459, 33.411407], [-112.025338, 33.411406], [-112.0253385, 33.4115602], [-112.0254, 33.411562], [-112.025456, 33.411562]]]}, "properties": {"height": 8, "night": "#4f2815"}}, {"type": "Feature", "geometry": {"type": "Polygon", "coordinates": [[[-112.024616, 33.411657], [-112.024862, 33.411653], [-112.02486, 33.411544], [-112.024613, 33.411548], [-112.024616, 33.411657]]]}, "properties": {"height": 8, "night": "#502816"}}, {"type": "Feature", "geometry": {"type": "Polygon", "coordinates": [[[-112.023739, 33.411767], [-112.023537, 33.41177], [-112.023538, 33.411859], [-112.023741, 33.411856], [-112.023739, 33.411767]]]}, "properties": {"height": 8, "night": "#512916"}}, {"type": "Feature", "geometry": {"type": "Polygon", "coordinates": [[[-112.025239, 33.411048], [-112.025129, 33.411046], [-112.025127, 33.411138], [-112.025237, 33.41114], [-112.025239, 33.411048]]]}, "properties": {"height": 8, "night": "#4e2715"}}, {"type": "Feature", "geometry": {"type": "Polygon", "coordinates": [[[-112.025822, 33.410711], [-112.025712, 33.410714], [-112.025716, 33.410826], [-112.025826, 33.410823], [-112.025822, 33.410711]]]}, "properties": {"height": 8, "night": "#4d2715"}}, {"type": "Feature", "geometry": {"type": "Polygon", "coordinates": [[[-112.02634, 33.410812], [-112.026338, 33.410897], [-112.026452, 33.410899], [-112.026454, 33.410814], [-112.02634, 33.410812]]]}, "properties": {"height": 8, "night": "#4d2715"}}, {"type": "Feature", "geometry": {"type": "Polygon", "coordinates": [[[-112.026901, 33.410873], [-112.027032, 33.410872], [-112.027029, 33.410724], [-112.026987, 33.410725], [-112.026986, 33.410699], [-112.026898, 33.4107], [-112.026901, 33.410873]]]}, "properties": {"height": 8, "night": "#4d2614"}}, {"type": "Feature", "geometry": {"type": "Polygon", "coordinates": [[[-112.026507, 33.410307], [-112.026508, 33.41036], [-112.026461, 33.41036], [-112.026463, 33.410443], [-112.026604, 33.410441], [-112.026601, 33.410306], [-112.026507, 33.410307]]]}, "properties": {"height": 8, "night": "#4c2614"}}, {"type": "Feature", "geometry": {"type": "Polygon", "coordinates": [[[-112.025457, 33.410267], [-112.025329, 33.410265], [-112.025325, 33.410453], [-112.025384, 33.410454], [-112.025384, 33.410438], [-112.025454, 33.410439], [-112.025457, 33.410267]]]}, "properties": {"height": 8, "night": "#4d2614"}}, {"type": "Feature", "geometry": {"type": "Polygon", "coordinates": [[[-112.023123, 33.410251], [-112.023126, 33.410441], [-112.023177, 33.41044], [-112.023177, 33.410474], [-112.023252, 33.410473], [-112.023249, 33.410249], [-112.023123, 33.410251]]]}, "properties": {"height": 8, "night": "#4e2715"}}, {"type": "Feature", "geometry": {"type": "Polygon", "coordinates": [[[-112.024282, 33.410392], [-112.024335, 33.410492], [-112.024414, 33.410464], [-112.024361, 33.410363], [-112.024282, 33.410392]]]}, "properties": {"height": 8, "night": "#4d2715"}}, {"type": "Feature", "geometry": {"type": "Polygon", "coordinates": [[[-112.021663, 33.410364], [-112.021659, 33.410255], [-112.021441, 33.410259], [-112.021442, 33.410308], [-112.021417, 33.410309], [-112.021419, 33.410369], [-112.021663, 33.410364]]]}, "properties": {"height": 8, "night": "#4e2715"}}, {"type": "Feature", "geometry": {"type": "Polygon", "coordinates": [[[-112.019799, 33.41233], [-112.019803, 33.412162], [-112.019712, 33.412161], [-112.019708, 33.412329], [-112.019799, 33.41233]]]}, "properties": {"height": 8, "night": "#532a17"}}, {"type": "Feature", "geometry": {"type": "Polygon", "coordinates": [[[-112.018478, 33.410318], [-112.018475, 33.410186], [-112.018403, 33.410187], [-112.018403, 33.410208], [-112.018341, 33.410208], [-112.018344, 33.41032], [-112.018478, 33.410318]]]}, "properties": {"height": 8, "night": "#4f2815"}}, {"type": "Feature", "geometry": {"type": "Polygon", "coordinates": [[[-112.003023, 33.447327], [-112.003114, 33.447328], [-112.003116, 33.447259], [-112.003025, 33.447257], [-112.003023, 33.447327]]]}, "properties": {"height": 8, "night": "#8d4c2b"}}, {"type": "Feature", "geometry": {"type": "Polygon", "coordinates": [[[-112.003074, 33.445818], [-112.003072, 33.44595], [-112.003265, 33.445952], [-112.003267, 33.44582], [-112.003074, 33.445818]]]}, "properties": {"height": 8, "night": "#8d4c2b"}}, {"type": "Feature", "geometry": {"type": "Polygon", "coordinates": [[[-112.003075, 33.445402], [-112.003263, 33.445401], [-112.003262, 33.445359], [-112.003197, 33.44536], [-112.003195, 33.445268], [-112.003073, 33.445269], [-112.003075, 33.445402]]]}, "properties": {"height": 8, "night": "#8d4c2b"}}, {"type": "Feature", "geometry": {"type": "Polygon", "coordinates": [[[-112.0064522, 33.4166788], [-112.0064077, 33.4167109], [-112.0064842, 33.4167849], [-112.0065287, 33.4167528], [-112.0064522, 33.4166788]]]}, "properties": {"height": 8, "night": "#5c301a"}}, {"type": "Feature", "geometry": {"type": "Polygon", "coordinates": [[[-112.0008519, 33.411881], [-112.0007799, 33.411882], [-112.0007831, 33.412053], [-112.0008551, 33.412052], [-112.0008519, 33.411881]]]}, "properties": {"height": 8, "night": "#502816"}}, {"type": "Feature", "geometry": {"type": "Polygon", "coordinates": [[[-112.0144348, 33.4166971], [-112.0143178, 33.4165294], [-112.0142146, 33.4165795], [-112.0143316, 33.4167473], [-112.0144348, 33.4166971]]]}, "properties": {"height": 8, "night": "#5d301a"}}, {"type": "Feature", "geometry": {"type": "Polygon", "coordinates": [[[-112.0295829, 33.414649], [-112.0296039, 33.414647], [-112.029599, 33.4146108], [-112.029578, 33.4146128], [-112.0295829, 33.414649]]]}, "properties": {"height": 8, "night": "#532a17"}}, {"type": "Feature", "geometry": {"type": "Polygon", "coordinates": [[[-111.9945833, 33.4207068], [-111.9944973, 33.4207082], [-111.9944993, 33.4207927], [-111.9945853, 33.4207913], [-111.9945833, 33.4207068]]]}, "properties": {"height": 8, "night": "#5d301a"}}, {"type": "Feature", "geometry": {"type": "Polygon", "coordinates": [[[-111.9948149, 33.4235191], [-111.9946568, 33.4235179], [-111.9946546, 33.4237174], [-111.9948126, 33.4237186], [-111.9948149, 33.4235191]]]}, "properties": {"height": 8, "night": "#62331c"}}, {"type": "Feature", "geometry": {"type": "Polygon", "coordinates": [[[-111.9975617, 33.4228416], [-111.9978987, 33.4228488], [-111.9979002, 33.4227988], [-111.9975632, 33.4227917], [-111.9975617, 33.4228416]]]}, "properties": {"height": 8, "night": "#64341d"}}, {"type": "Feature", "geometry": {"type": "Polygon", "coordinates": [[[-111.9988097, 33.4250432], [-111.9987507, 33.4250438], [-111.9987533, 33.4252318], [-111.9988123, 33.4252312], [-111.9988097, 33.4250432]]]}, "properties": {"height": 8, "night": "#69371f"}}, {"type": "Feature", "geometry": {"type": "Polygon", "coordinates": [[[-112.0274329, 33.4248841], [-112.0273679, 33.4248839], [-112.0273661, 33.4252819], [-112.0274311, 33.4252821], [-112.0274329, 33.4248841]]]}, "properties": {"height": 8, "night": "#69371f"}}, {"type": "Feature", "geometry": {"type": "Polygon", "coordinates": [[[-112.0306671, 33.4234369], [-112.0309441, 33.423431], [-112.0309425, 33.4233796], [-112.0306655, 33.4233854], [-112.0306671, 33.4234369]]]}, "properties": {"height": 8, "night": "#63341c"}}, {"type": "Feature", "geometry": {"type": "Polygon", "coordinates": [[[-112.006185, 33.412122], [-112.0060866, 33.412122], [-112.006048, 33.412122], [-112.006048, 33.412234], [-112.006185, 33.412234], [-112.006185, 33.412122]]]}, "properties": {"height": 8, "night": "#532a17"}}, {"type": "Feature", "geometry": {"type": "Polygon", "coordinates": [[[-112.000944, 33.41393], [-112.000742, 33.413939], [-112.000749, 33.414046], [-112.000819, 33.414043], [-112.000823, 33.414097], [-112.000954, 33.414092], [-112.000944, 33.41393]]]}, "properties": {"height": 8, "night": "#542b17"}}, {"type": "Feature", "geometry": {"type": "Polygon", "coordinates": [[[-111.995644, 33.415933], [-111.99565, 33.416212], [-111.995836, 33.416209], [-111.995835, 33.416161], [-111.995924, 33.41616], [-111.995921, 33.415999], [-111.995832, 33.416], [-111.995831, 33.41593], [-111.995644, 33.415933]]]}, "properties": {"height": 8, "night": "#552b17"}}, {"type": "Feature", "geometry": {"type": "Polygon", "coordinates": [[[-111.999855, 33.41605], [-111.999861, 33.416241], [-112.00009, 33.416236], [-112.000084, 33.416045], [-111.999855, 33.41605]]]}, "properties": {"height": 8, "night": "#582d19"}}, {"type": "Feature", "geometry": {"type": "Polygon", "coordinates": [[[-112.0331809, 33.447782], [-112.0330769, 33.447781], [-112.0330761, 33.44784], [-112.0331801, 33.447841], [-112.0331809, 33.447782]]]}, "properties": {"height": 8, "night": "#7b4225"}}, {"type": "Feature", "geometry": {"type": "Polygon", "coordinates": [[[-112.0174863, 33.4447488], [-112.0173468, 33.4447468], [-112.0173412, 33.4450218], [-112.0174807, 33.4450238], [-112.0174863, 33.4447488]]]}, "properties": {"height": 8, "night": "#96522f"}}, {"type": "Feature", "geometry": {"type": "Polygon", "coordinates": [[[-112.0140557, 33.4496882], [-112.0141203, 33.4496884], [-112.0141241, 33.4489389], [-112.0140597, 33.4489387], [-112.0140557, 33.4496882]]]}, "properties": {"height": 8, "night": "#995330"}}, {"type": "Feature", "geometry": {"type": "Polygon", "coordinates": [[[-111.9981546, 33.4513599], [-111.9981921, 33.4513602], [-111.9981922, 33.451349], [-111.9981547, 33.4513487], [-111.9981546, 33.4513599]]]}, "properties": {"height": 8, "night": "#824628"}}, {"type": "Feature", "geometry": {"type": "Polygon", "coordinates": [[[-112.0283777, 33.4362336], [-112.0283727, 33.4366065], [-112.0285082, 33.4366078], [-112.0285132, 33.4362349], [-112.0283777, 33.4362336]]]}, "properties": {"height": 8, "night": "#7b4225"}}, {"type": "Feature", "geometry": {"type": "Polygon", "coordinates": [[[-112.0204629, 33.4504295], [-112.0203835, 33.4504303], [-112.0203841, 33.4504684], [-112.0203348, 33.4504689], [-112.0203363, 33.4505674], [-112.0203899, 33.4505668], [-112.0203908, 33.4506227], [-112.0204659, 33.4506219], [-112.0204629, 33.4504295]]]}, "properties": {"height": 8, "night": "#8f4e2c"}}, {"type": "Feature", "geometry": {"type": "Polygon", "coordinates": [[[-112.0211716, 33.4505261], [-112.0212628, 33.4505276], [-112.0212651, 33.450428], [-112.0211739, 33.4504265], [-112.0211716, 33.4505261]]]}, "properties": {"height": 8, "night": "#8e4d2c"}}, {"type": "Feature", "geometry": {"type": "Polygon", "coordinates": [[[-112.0204741, 33.4514546], [-112.0203791, 33.4514556], [-112.0203801, 33.4515227], [-112.0204751, 33.4515217], [-112.0204741, 33.4514546]]]}, "properties": {"height": 8, "night": "#8e4d2c"}}, {"type": "Feature", "geometry": {"type": "Polygon", "coordinates": [[[-112.0197251, 33.4517535], [-112.0195616, 33.451756], [-112.0195631, 33.4518286], [-112.0197267, 33.4518261], [-112.0197251, 33.4517535]]]}, "properties": {"height": 8, "night": "#8f4d2c"}}, {"type": "Feature", "geometry": {"type": "Polygon", "coordinates": [[[-112.0196229, 33.4523321], [-112.019446, 33.4523356], [-112.0194495, 33.4524587], [-112.0196264, 33.4524551], [-112.0196229, 33.4523321]]]}, "properties": {"height": 8, "night": "#8e4d2c"}}, {"type": "Feature", "geometry": {"type": "Polygon", "coordinates": [[[-112.020446, 33.4527164], [-112.0206141, 33.4527618], [-112.0206559, 33.4526541], [-112.0205781, 33.4526331], [-112.0205716, 33.4526499], [-112.0204813, 33.4526255], [-112.020446, 33.4527164]]]}, "properties": {"height": 8, "night": "#8c4c2b"}}, {"type": "Feature", "geometry": {"type": "Polygon", "coordinates": [[[-112.0200802, 33.4529718], [-112.0201578, 33.452999], [-112.0202023, 33.4529103], [-112.0200403, 33.4528537], [-112.0199862, 33.4529614], [-112.0200706, 33.4529909], [-112.0200802, 33.4529718]]]}, "properties": {"height": 8, "night": "#8c4c2b"}}, {"type": "Feature", "geometry": {"type": "Polygon", "coordinates": [[[-112.0197299, 33.4534431], [-112.0195756, 33.4534423], [-112.0195744, 33.4535957], [-112.0196831, 33.4535963], [-112.0196835, 33.4535448], [-112.0197291, 33.4535451], [-112.0197299, 33.4534431]]]}, "properties": {"height": 8, "night": "#8c4c2b"}}, {"type": "Feature", "geometry": {"type": "Polygon", "coordinates": [[[-112.0203619, 33.4536594], [-112.0204775, 33.4537297], [-112.0205816, 33.4536104], [-112.020466, 33.4535402], [-112.0203619, 33.4536594]]]}, "properties": {"height": 8, "night": "#8b4b2b"}}, {"type": "Feature", "geometry": {"type": "Polygon", "coordinates": [[[-112.0208215, 33.4534104], [-112.0208195, 33.4535032], [-112.0207819, 33.4535026], [-112.0207802, 33.4535787], [-112.0209264, 33.4535809], [-112.0209302, 33.4534121], [-112.0208215, 33.4534104]]]}, "properties": {"height": 8, "night": "#8b4b2b"}}, {"type": "Feature", "geometry": {"type": "Polygon", "coordinates": [[[-112.0202346, 33.4539893], [-112.020161, 33.4539914], [-112.020159, 33.4539412], [-112.0200692, 33.4539437], [-112.0200748, 33.4540833], [-112.0202382, 33.4540787], [-112.0202346, 33.4539893]]]}, "properties": {"height": 8, "night": "#8b4b2b"}}, {"type": "Feature", "geometry": {"type": "Polygon", "coordinates": [[[-112.0204581, 33.4544934], [-112.0204598, 33.4543659], [-112.0202775, 33.4543642], [-112.0202762, 33.4544582], [-112.0203647, 33.454459], [-112.0203643, 33.4544925], [-112.0204581, 33.4544934]]]}, "properties": {"height": 8, "night": "#8a4a2a"}}, {"type": "Feature", "geometry": {"type": "Polygon", "coordinates": [[[-112.0198048, 33.4548003], [-112.019803, 33.4546973], [-112.0197159, 33.4546984], [-112.0197147, 33.4546258], [-112.0196208, 33.4546269], [-112.0196244, 33.4548449], [-112.0196834, 33.4548442], [-112.0196827, 33.4548017], [-112.0198048, 33.4548003]]]}, "properties": {"height": 8, "night": "#8a4b2a"}}, {"type": "Feature", "geometry": {"type": "Polygon", "coordinates": [[[-112.0213018, 33.4546883], [-112.0213048, 33.4548415], [-112.0214134, 33.45484], [-112.0214122, 33.4547774], [-112.0214846, 33.4547764], [-112.0214828, 33.4546859], [-112.0213018, 33.4546883]]]}, "properties": {"height": 8, "night": "#88492a"}}, {"type": "Feature", "geometry": {"type": "Polygon", "coordinates": [[[-112.0214109, 33.4537029], [-112.0214404, 33.4537033], [-112.0214414, 33.4536451], [-112.0212993, 33.4536434], [-112.0212968, 33.4537899], [-112.0214095, 33.4537912], [-112.0214109, 33.4537029]]]}, "properties": {"height": 8, "night": "#8a4a2a"}}, {"type": "Feature", "geometry": {"type": "Polygon", "coordinates": [[[-112.0177281, 33.4522652], [-112.0177281, 33.4523726], [-112.0177925, 33.4523726], [-112.0177925, 33.4522652], [-112.0177281, 33.4522652]]]}, "properties": {"height": 8, "night": "#904e2d"}}, {"type": "Feature", "geometry": {"type": "Polygon", "coordinates": [[[-112.0178686, 33.451414], [-112.0178703, 33.4514887], [-112.0178987, 33.4514882], [-112.0178996, 33.451524], [-112.0179639, 33.451523], [-112.0179626, 33.451467], [-112.0179975, 33.4514665], [-112.018, 33.4515739], [-112.0180697, 33.4515727], [-112.0180671, 33.4514631], [-112.0180162, 33.4514639], [-112.018015, 33.4514116], [-112.0178686, 33.451414]]]}, "properties": {"height": 8, "night": "#914f2d"}}, {"type": "Feature", "geometry": {"type": "Polygon", "coordinates": [[[-112.0180707, 33.4523151], [-112.0180037, 33.4523137], [-112.0180006, 33.4524233], [-112.0180676, 33.4524246], [-112.0180707, 33.4523151]]]}, "properties": {"height": 8, "night": "#904e2d"}}, {"type": "Feature", "geometry": {"type": "Polygon", "coordinates": [[[-112.0170391, 33.451743], [-112.0168847, 33.4517438], [-112.0168848, 33.451755], [-112.0168231, 33.4517554], [-112.016823, 33.4517419], [-112.016441, 33.4517441], [-112.0164432, 33.4520126], [-112.016419, 33.4520128], [-112.0164202, 33.452156], [-112.0165927, 33.4521548], [-112.0166537, 33.4518894], [-112.0168579, 33.4518886], [-112.0168601, 33.4521639], [-112.0170425, 33.4521629], [-112.0170391, 33.451743]]]}, "properties": {"height": 8, "night": "#924f2d"}}, {"type": "Feature", "geometry": {"type": "Polygon", "coordinates": [[[-112.0165815, 33.4542552], [-112.0164474, 33.454254], [-112.0164452, 33.4544233], [-112.0165793, 33.4544245], [-112.0165815, 33.4542552]]]}, "properties": {"height": 8, "night": "#8d4d2c"}}, {"type": "Feature", "geometry": {"type": "Polygon", "coordinates": [[[-112.0153503, 33.4564995], [-112.0153496, 33.4565196], [-112.0152906, 33.4565181], [-112.015288, 33.4565919], [-112.0153898, 33.4565944], [-112.0153911, 33.4565587], [-112.015434, 33.4565597], [-112.015436, 33.4565016], [-112.0153503, 33.4564995]]]}, "properties": {"height": 8, "night": "#894a2a"}}, {"type": "Feature", "geometry": {"type": "Polygon", "coordinates": [[[-112.0118864, 33.4542861], [-112.0118881, 33.4543902], [-112.011935, 33.4543896], [-112.0119346, 33.4543628], [-112.0119909, 33.4543622], [-112.0119914, 33.4543912], [-112.0120933, 33.4543901], [-112.0120928, 33.4543643], [-112.0121384, 33.4543638], [-112.0121371, 33.4542832], [-112.0118864, 33.4542861]]]}, "properties": {"height": 8, "night": "#8e4d2c"}}, {"type": "Feature", "geometry": {"type": "Polygon", "coordinates": [[[-112.0124573, 33.4534169], [-112.0126343, 33.4534146], [-112.0126327, 33.4533296], [-112.0124558, 33.4533319], [-112.0124573, 33.4534169]]]}, "properties": {"height": 8, "night": "#904e2d"}}, {"type": "Feature", "geometry": {"type": "Polygon", "coordinates": [[[-112.0124742, 33.4547626], [-112.0124728, 33.4548521], [-112.012737, 33.454855], [-112.0127391, 33.4547162], [-112.0122094, 33.4547106], [-112.0122087, 33.4547598], [-112.0124742, 33.4547626]]]}, "properties": {"height": 8, "night": "#8d4d2c"}}, {"type": "Feature", "geometry": {"type": "Polygon", "coordinates": [[[-112.0115386, 33.4531352], [-112.0115379, 33.4530558], [-112.0111597, 33.4530582], [-112.0111608, 33.4531723], [-112.0112225, 33.4531719], [-112.0112221, 33.4531372], [-112.0115386, 33.4531352]]]}, "properties": {"height": 8, "night": "#914f2d"}}, {"type": "Feature", "geometry": {"type": "Polygon", "coordinates": [[[-112.0126268, 33.4529229], [-112.012718, 33.4529236], [-112.0127186, 33.4528711], [-112.0126274, 33.4528704], [-112.0126268, 33.4529229]]]}, "properties": {"height": 8, "night": "#924f2d"}}, {"type": "Feature", "geometry": {"type": "Polygon", "coordinates": [[[-112.0113578, 33.4520074], [-112.0115858, 33.4520091], [-112.0115863, 33.451961], [-112.0116491, 33.4519615], [-112.0116498, 33.4518999], [-112.011359, 33.4518978], [-112.0113578, 33.4520074]]]}, "properties": {"height": 8, "night": "#93502e"}}, {"type": "Feature", "geometry": {"type": "Polygon", "coordinates": [[[-112.0113518, 33.4519289], [-112.0112714, 33.4519302], [-112.011273, 33.4520029], [-112.0113535, 33.4520016], [-112.0113518, 33.4519289]]]}, "properties": {"height": 8, "night": "#93502e"}}, {"type": "Feature", "geometry": {"type": "Polygon", "coordinates": [[[-112.0044831, 33.4510369], [-112.0044968, 33.4497681], [-112.0044539, 33.4497678], [-112.0044551, 33.4496559], [-112.0043586, 33.4496552], [-112.0043435, 33.4510516], [-112.0043944, 33.4510519], [-112.0043938, 33.4511115], [-112.004603, 33.4511131], [-112.0046038, 33.4510379], [-112.0044831, 33.4510369]]]}, "properties": {"height": 8, "night": "#8d4c2c"}}, {"type": "Feature", "geometry": {"type": "Polygon", "coordinates": [[[-112.0013353, 33.4513856], [-112.0012549, 33.4513865], [-112.0012601, 33.4517154], [-112.0013405, 33.4517145], [-112.0013353, 33.4513856]]]}, "properties": {"height": 8, "night": "#874929"}}, {"type": "Feature", "geometry": {"type": "Polygon", "coordinates": [[[-111.9944449, 33.4484976], [-111.9944414, 33.4482694], [-111.9941695, 33.4482723], [-111.994173, 33.4484997], [-111.994343, 33.4484979], [-111.9943432, 33.4485076], [-111.9943877, 33.4485072], [-111.9943881, 33.4485318], [-111.9944015, 33.4485316], [-111.994401, 33.4484981], [-111.9944449, 33.4484976]]]}, "properties": {"height": 8, "night": "#7d4326"}}, {"type": "Feature", "geometry": {"type": "Polygon", "coordinates": [[[-111.9941264, 33.4489036], [-111.9941241, 33.4489886], [-111.9943868, 33.4489936], [-111.9943891, 33.4489086], [-111.9941264, 33.4489036]]]}, "properties": {"height": 8, "night": "#7c4326"}}, {"type": "Feature", "geometry": {"type": "Polygon", "coordinates": [[[-111.9994192, 33.4533597], [-111.9995104, 33.4533605], [-111.9995108, 33.4533292], [-111.9995725, 33.4533298], [-111.9995736, 33.4532403], [-111.999461, 33.4532392], [-111.9994598, 33.4533287], [-111.9994196, 33.4533284], [-111.9994192, 33.4533597]]]}, "properties": {"height": 8, "night": "#824628"}}, {"type": "Feature", "geometry": {"type": "Polygon", "coordinates": [[[-112.0093592, 33.4466129], [-112.0098215, 33.4466233], [-112.0098273, 33.4464444], [-112.0096759, 33.446441], [-112.009681, 33.4462845], [-112.0095068, 33.4462805], [-112.0095048, 33.4463409], [-112.0094673, 33.4463401], [-112.0094658, 33.446387], [-112.0094845, 33.4463875], [-112.0094835, 33.4464188], [-112.0094487, 33.446418], [-112.0094482, 33.4464336], [-112.0093999, 33.4464326], [-112.0093986, 33.446475], [-112.0093637, 33.4464743], [-112.0093592, 33.4466129]]]}, "properties": {"height": 8, "night": "#985330"}}, {"type": "Feature", "geometry": {"type": "Polygon", "coordinates": [[[-112.0116767, 33.44641], [-112.0118015, 33.4464106], [-112.011802, 33.4463334], [-112.0116772, 33.4463328], [-112.0116767, 33.44641]]]}, "properties": {"height": 8, "night": "#9c5531"}}, {"type": "Feature", "geometry": {"type": "Polygon", "coordinates": [[[-112.0103611, 33.4460227], [-112.0104925, 33.4460242], [-112.0104955, 33.4458452], [-112.0103641, 33.4458437], [-112.0103611, 33.4460227]]]}, "properties": {"height": 8, "night": "#9a5430"}}, {"type": "Feature", "geometry": {"type": "Polygon", "coordinates": [[[-112.0117286, 33.4467892], [-112.0116723, 33.4467886], [-112.0116693, 33.4469654], [-112.0117257, 33.446966], [-112.0117286, 33.4467892]]]}, "properties": {"height": 8, "night": "#9c5531"}}, {"type": "Feature", "geometry": {"type": "Polygon", "coordinates": [[[-112.0081789, 33.4468642], [-112.0081804, 33.4467849], [-112.0081053, 33.446784], [-112.0081039, 33.4468632], [-112.0081789, 33.4468642]]]}, "properties": {"height": 8, "night": "#96522f"}}, {"type": "Feature", "geometry": {"type": "Polygon", "coordinates": [[[-112.0083399, 33.4476652], [-112.0082033, 33.4476609], [-112.0082003, 33.4477279], [-112.0083369, 33.4477322], [-112.0083399, 33.4476652]]]}, "properties": {"height": 8, "night": "#96522f"}}, {"type": "Feature", "geometry": {"type": "Polygon", "coordinates": [[[-112.0106493, 33.4473768], [-112.0106469, 33.4476006], [-112.0111365, 33.4476043], [-112.011139, 33.4473805], [-112.0106493, 33.4473768]]]}, "properties": {"height": 8, "night": "#9a5430"}}, {"type": "Feature", "geometry": {"type": "Polygon", "coordinates": [[[-112.0123767, 33.4489777], [-112.0125429, 33.4489742], [-112.0125393, 33.4488579], [-112.0123731, 33.4488614], [-112.0123767, 33.4489777]]]}, "properties": {"height": 8, "night": "#9a5430"}}, {"type": "Feature", "geometry": {"type": "Polygon", "coordinates": [[[-112.0094643, 33.4495831], [-112.0093481, 33.4487336], [-112.0092448, 33.4487435], [-112.0093236, 33.449319], [-112.0090906, 33.4493413], [-112.0091133, 33.4495069], [-112.009018, 33.449516], [-112.0089284, 33.4488621], [-112.008624, 33.4488912], [-112.0086646, 33.4491882], [-112.0086328, 33.4491912], [-112.0086648, 33.4494244], [-112.0087326, 33.4494179], [-112.0087644, 33.4496499], [-112.0094643, 33.4495831]]]}, "properties": {"height": 8, "night": "#96512f"}}, {"type": "Feature", "geometry": {"type": "Polygon", "coordinates": [[[-112.0110152, 33.4501228], [-112.0109304, 33.4501222], [-112.0109298, 33.4501804], [-112.0110147, 33.450181], [-112.0110152, 33.4501228]]]}, "properties": {"height": 8, "night": "#97522f"}}, {"type": "Feature", "geometry": {"type": "Polygon", "coordinates": [[[-112.0095008, 33.4500544], [-112.0095814, 33.4506214], [-112.0095874, 33.4506635], [-112.0097977, 33.4506424], [-112.0097071, 33.450034], [-112.0095008, 33.4500544]]]}, "properties": {"height": 8, "night": "#95512e"}}, {"type": "Feature", "geometry": {"type": "Polygon", "coordinates": [[[-112.0051997, 33.4516643], [-112.0050855, 33.4516626], [-112.0050839, 33.4517378], [-112.0051981, 33.4517395], [-112.0051997, 33.4516643]]]}, "properties": {"height": 8, "night": "#8d4c2b"}}, {"type": "Feature", "geometry": {"type": "Polygon", "coordinates": [[[-112.0160243, 33.4497532], [-112.0160201, 33.44913], [-112.0157857, 33.4491288], [-112.0157871, 33.4497509], [-112.0160243, 33.4497532]]]}, "properties": {"height": 8, "night": "#97522f"}}, {"type": "Feature", "geometry": {"type": "Polygon", "coordinates": [[[-112.0190148, 33.4507448], [-112.0191087, 33.4507468], [-112.0191113, 33.4506628], [-112.0190175, 33.4506607], [-112.0190148, 33.4507448]]]}, "properties": {"height": 8, "night": "#914f2d"}}, {"type": "Feature", "geometry": {"type": "Polygon", "coordinates": [[[-112.0185453, 33.4505743], [-112.018489, 33.4505734], [-112.0184859, 33.4507076], [-112.0185422, 33.4507085], [-112.0185453, 33.4505743]]]}, "properties": {"height": 8, "night": "#924f2d"}}, {"type": "Feature", "geometry": {"type": "Polygon", "coordinates": [[[-112.0179955, 33.4505401], [-112.0180009, 33.4506474], [-112.0180481, 33.4506457], [-112.0180427, 33.4505385], [-112.0179955, 33.4505401]]]}, "properties": {"height": 8, "night": "#93502e"}}, {"type": "Feature", "geometry": {"type": "Polygon", "coordinates": [[[-112.0183666, 33.4501107], [-112.0184845, 33.4501135], [-112.0184887, 33.4499905], [-112.018427, 33.449989], [-112.0184264, 33.4500092], [-112.0183701, 33.4500078], [-112.0183666, 33.4501107]]]}, "properties": {"height": 8, "night": "#93502e"}}, {"type": "Feature", "geometry": {"type": "Polygon", "coordinates": [[[-112.0173741, 33.4500159], [-112.0173762, 33.4501188], [-112.0174861, 33.4501173], [-112.0174841, 33.4500144], [-112.0173741, 33.4500159]]]}, "properties": {"height": 8, "night": "#94512e"}}, {"type": "Feature", "geometry": {"type": "Polygon", "coordinates": [[[-112.0184689, 33.449417], [-112.0183563, 33.4494149], [-112.0183529, 33.4495424], [-112.018436, 33.449544], [-112.0184376, 33.4494836], [-112.0184671, 33.4494842], [-112.0184689, 33.449417]]]}, "properties": {"height": 8, "night": "#94502e"}}, {"type": "Feature", "geometry": {"type": "Polygon", "coordinates": [[[-112.0175008, 33.449405], [-112.017423, 33.4494045], [-112.0174227, 33.449435], [-112.0173781, 33.4494347], [-112.0173768, 33.4495756], [-112.0174992, 33.4495764], [-112.0175008, 33.449405]]]}, "properties": {"height": 8, "night": "#95512e"}}, {"type": "Feature", "geometry": {"type": "Polygon", "coordinates": [[[-112.0199901, 33.4493568], [-112.0198758, 33.4493548], [-112.0198735, 33.449451], [-112.0198949, 33.4494514], [-112.0198884, 33.4497163], [-112.0199813, 33.4497179], [-112.0199901, 33.4493568]]]}, "properties": {"height": 8, "night": "#914f2d"}}, {"type": "Feature", "geometry": {"type": "Polygon", "coordinates": [[[-112.0204583, 33.4500194], [-112.020334, 33.4500171], [-112.020331, 33.450129], [-112.0204553, 33.4501313], [-112.0204583, 33.4500194]]]}, "properties": {"height": 8, "night": "#904e2d"}}, {"type": "Feature", "geometry": {"type": "Polygon", "coordinates": [[[-112.0214614, 33.4501442], [-112.0214592, 33.4500111], [-112.0213171, 33.4500128], [-112.0213193, 33.4501459], [-112.0214614, 33.4501442]]]}, "properties": {"height": 8, "night": "#8e4d2c"}}, {"type": "Feature", "geometry": {"type": "Polygon", "coordinates": [[[-112.0211295, 33.4495687], [-112.0210947, 33.4495697], [-112.0210988, 33.4496636], [-112.0211336, 33.4496625], [-112.0211295, 33.4495687]]]}, "properties": {"height": 8, "night": "#8f4e2c"}}, {"type": "Feature", "geometry": {"type": "Polygon", "coordinates": [[[-112.0204327, 33.4496146], [-112.0204291, 33.4494244], [-112.0203299, 33.4494257], [-112.0203334, 33.4496159], [-112.0204327, 33.4496146]]]}, "properties": {"height": 8, "night": "#904e2d"}}, {"type": "Feature", "geometry": {"type": "Polygon", "coordinates": [[[-112.0201497, 33.4491263], [-112.020145, 33.4489541], [-112.0200646, 33.4489556], [-112.020064, 33.448931], [-112.0200103, 33.448932], [-112.0200148, 33.4490976], [-112.0200641, 33.4490966], [-112.020065, 33.4491279], [-112.0201497, 33.4491263]]]}, "properties": {"height": 8, "night": "#914f2d"}}, {"type": "Feature", "geometry": {"type": "Polygon", "coordinates": [[[-112.0201828, 33.4485884], [-112.020089, 33.4485871], [-112.0200872, 33.4486789], [-112.0200228, 33.448678], [-112.0200217, 33.4487384], [-112.0201799, 33.4487405], [-112.0201828, 33.4485884]]]}, "properties": {"height": 8, "night": "#924f2d"}}, {"type": "Feature", "geometry": {"type": "Polygon", "coordinates": [[[-112.0186529, 33.4489837], [-112.0185269, 33.4489845], [-112.0185283, 33.4491411], [-112.0186543, 33.4491403], [-112.0186529, 33.4489837]]]}, "properties": {"height": 8, "night": "#94502e"}}, {"type": "Feature", "geometry": {"type": "Polygon", "coordinates": [[[-112.0181825, 33.4488795], [-112.0182683, 33.4488815], [-112.0182707, 33.4488113], [-112.0181849, 33.4488093], [-112.0181825, 33.4488795]]]}, "properties": {"height": 8, "night": "#95512e"}}, {"type": "Feature", "geometry": {"type": "Polygon", "coordinates": [[[-112.0175317, 33.4488632], [-112.0176657, 33.4488594], [-112.0176626, 33.4487834], [-112.0175715, 33.448786], [-112.0175721, 33.4488016], [-112.0175292, 33.4488028], [-112.0175317, 33.4488632]]]}, "properties": {"height": 8, "night": "#96522f"}}]}