{"type":"FeatureCollection","features":[{"type":"Feature","properties":{"i":0.08},"geometry":{"type":"Point","coordinates":[-89.14307,43.75523]}},{"type":"Feature","properties":{"i":0.36},"geometry":{"type":"Point","coordinates":[-88.61572,43.75523]}},{"type":"Feature","properties":{"i":0.13},"geometry":{"type":"Point","coordinates":[-88.52783,43.75523]}},{"type":"Feature","properties":{"i":1},"geometry":{"type":"Point","coordinates":[-88.48389,43.75523]}},{"type":"Feature","properties":{"i":1},"geometry":{"type":"Point","coordinates":[-88.43994,43.75523]}},{"type":"Feature","properties":{"i":0.69},"geometry":{"type":"Point","coordinates":[-88.396,43.75523]}},{"type":"Feature","properties":{"i":0.11},"geometry":{"type":"Point","coordinates":[-88.35205,43.75523]}},{"type":"Feature","properties":{"i":1},"geometry":{"type":"Point","coordinates":[-88.00049,43.75523]}},{"type":"Feature","properties":{"i":1},"geometry":{"type":"Point","coordinates":[-87.95654,43.75523]}},{"type":"Feature","properties":{"i":0.52},"geometry":{"type":"Point","coordinates":[-87.9126,43.75523]}},{"type":"Feature","properties":{"i":0.92},"geometry":{"type":"Point","coordinates":[-87.86865,43.75523]}},{"type":"Feature","properties":{"i":0.92},"geometry":{"type":"Point","coordinates":[-87.82471,43.75523]}},{"type":"Feature","properties":{"i":0.68},"geometry":{"type":"Point","coordinates":[-87.78076,43.75523]}},{"type":"Feature","properties":{"i":1},"geometry":{"type":"Point","coordinates":[-87.73682,43.75523]}},{"type":"Feature","properties":{"i":1},"geometry":{"type":"Point","coordinates":[-87.69287,43.75523]}},{"type":"Feature","properties":{"i":0.41},"geometry":{"type":"Point","coordinates":[-89.45068,43.72347]}},{"type":"Feature","properties":{"i":0.33},"geometry":{"type":"Point","coordinates":[-89.01123,43.72347]}},{"type":"Feature","properties":{"i":0.74},"geometry":{"type":"Point","coordinates":[-88.96729,43.72347]}},{"type":"Feature","properties":{"i":0.55},"geometry":{"type":"Point","coordinates":[-88.87939,43.72347]}},{"type":"Feature","properties":{"i":0.67},"geometry":{"type":"Point","coordinates":[-88.7915,43.72347]}},{"type":"Feature","properties":{"i":0.11},"geometry":{"type":"Point","coordinates":[-88.57178,43.72347]}},{"type":"Feature","properties":{"i":0.24},"geometry":{"type":"Point","coordinates":[-88.52783,43.72347]}},{"type":"Feature","properties":{"i":0.95},"geometry":{"type":"Point","coordinates":[-88.48389,43.72347]}},{"type":"Feature","properties":{"i":1},"geometry":{"type":"Point","coordinates":[-88.43994,43.72347]}},{"type":"Feature","properties":{"i":0.53},"geometry":{"type":"Point","coordinates":[-88.396,43.72347]}},{"type":"Feature","properties":{"i":0.03},"geometry":{"type":"Point","coordinates":[-88.30811,43.72347]}},{"type":"Feature","properties":{"i":0.63},"geometry":{"type":"Point","coordinates":[-88.17627,43.72347]}},{"type":"Feature","properties":{"i":0.86},"geometry":{"type":"Point","coordinates":[-88.13232,43.72347]}},{"type":"Feature","properties":{"i":0.23},"geometry":{"type":"Point","coordinates":[-88.04443,43.72347]}},{"type":"Feature","properties":{"i":0.65},"geometry":{"type":"Point","coordinates":[-88.00049,43.72347]}},{"type":"Feature","properties":{"i":1},"geometry":{"type":"Point","coordinates":[-87.95654,43.72347]}},{"type":"Feature","properties":{"i":0.75},"geometry":{"type":"Point","coordinates":[-87.9126,43.72347]}},{"type":"Feature","properties":{"i":0.75},"geometry":{"type":"Point","coordinates":[-87.86865,43.72347]}},{"type":"Feature","properties":{"i":0.92},"geometry":{"type":"Point","coordinates":[-87.82471,43.72347]}},{"type":"Feature","properties":{"i":1},"geometry":{"type":"Point","coordinates":[-87.78076,43.72347]}},{"type":"Feature","properties":{"i":1},"geometry":{"type":"Point","coordinates":[-87.73682,43.72347]}},{"type":"Feature","properties":{"i":0.74},"geometry":{"type":"Point","coordinates":[-87.69287,43.72347]}},{"type":"Feature","properties":{"i":0.34},"geometry":{"type":"Point","coordinates":[-89.45068,43.69171]}},{"type":"Feature","properties":{"i":0.36},"geometry":{"type":"Point","coordinates":[-89.14307,43.69171]}},{"type":"Feature","properties":{"i":0.03},"geometry":{"type":"Point","coordinates":[-89.01123,43.69171]}},{"type":"Feature","properties":{"i":0.72},"geometry":{"type":"Point","coordinates":[-88.96729,43.69171]}},{"type":"Feature","properties":{"i":0.75},"geometry":{"type":"Point","coordinates":[-88.52783,43.69171]}},{"type":"Feature","properties":{"i":0.15},"geometry":{"type":"Point","coordinates":[-88.43994,43.69171]}},{"type":"Feature","properties":{"i":0.52},"geometry":{"type":"Point","coordinates":[-88.396,43.69171]}},{"type":"Feature","properties":{"i":0.81},"geometry":{"type":"Point","coordinates":[-88.35205,43.69171]}},{"type":"Feature","properties":{"i":0.31},"geometry":{"type":"Point","coordinates":[-88.30811,43.69171]}},{"type":"Feature","properties":{"i":0.19},"geometry":{"type":"Point","coordinates":[-88.26416,43.69171]}},{"type":"Feature","properties":{"i":0.3},"geometry":{"type":"Point","coordinates":[-88.17627,43.69171]}},{"type":"Feature","properties":{"i":0.23},"geometry":{"type":"Point","coordinates":[-87.95654,43.69171]}},{"type":"Feature","properties":{"i":0.08},"geometry":{"type":"Point","coordinates":[-87.82471,43.69171]}},{"type":"Feature","properties":{"i":0.58},"geometry":{"type":"Point","coordinates":[-87.78076,43.69171]}},{"type":"Feature","properties":{"i":0.96},"geometry":{"type":"Point","coordinates":[-87.73682,43.69171]}},{"type":"Feature","properties":{"i":0.24},"geometry":{"type":"Point","coordinates":[-87.69287,43.69171]}},{"type":"Feature","properties":{"i":0.41},"geometry":{"type":"Point","coordinates":[-89.71436,43.65992]}},{"type":"Feature","properties":{"i":0.25},"geometry":{"type":"Point","coordinates":[-89.58252,43.65992]}},{"type":"Feature","properties":{"i":0.24},"geometry":{"type":"Point","coordinates":[-89.49463,43.65992]}},{"type":"Feature","properties":{"i":0.53},"geometry":{"type":"Point","coordinates":[-88.7915,43.65992]}},{"type":"Feature","properties":{"i":0.04},"geometry":{"type":"Point","coordinates":[-88.65967,43.65992]}},{"type":"Feature","properties":{"i":0.17},"geometry":{"type":"Point","coordinates":[-88.48389,43.65992]}},{"type":"Feature","properties":{"i":0.45},"geometry":{"type":"Point","coordinates":[-88.00049,43.65992]}},{"type":"Feature","properties":{"i":0.38},"geometry":{"type":"Point","coordinates":[-87.95654,43.65992]}},{"type":"Feature","properties":{"i":0.17},"geometry":{"type":"Point","coordinates":[-87.82471,43.65992]}},{"type":"Feature","properties":{"i":1},"geometry":{"type":"Point","coordinates":[-87.78076,43.65992]}},{"type":"Feature","properties":{"i":0.46},"geometry":{"type":"Point","coordinates":[-87.73682,43.65992]}},{"type":"Feature","properties":{"i":0.28},"geometry":{"type":"Point","coordinates":[-89.71436,43.62812]}},{"type":"Feature","properties":{"i":0.74},"geometry":{"type":"Point","coordinates":[-88.92334,43.62812]}},{"type":"Feature","properties":{"i":0.52},"geometry":{"type":"Point","coordinates":[-88.7915,43.62812]}},{"type":"Feature","properties":{"i":1},"geometry":{"type":"Point","coordinates":[-88.74756,43.62812]}},{"type":"Feature","properties":{"i":0.9},"geometry":{"type":"Point","coordinates":[-88.70361,43.62812]}},{"type":"Feature","properties":{"i":0.47},"geometry":{"type":"Point","coordinates":[-88.48389,43.62812]}},{"type":"Feature","properties":{"i":0.88},"geometry":{"type":"Point","coordinates":[-88.43994,43.62812]}},{"type":"Feature","properties":{"i":0.08},"geometry":{"type":"Point","coordinates":[-88.396,43.62812]}},{"type":"Feature","properties":{"i":0.65},"geometry":{"type":"Point","coordinates":[-87.95654,43.62812]}},{"type":"Feature","properties":{"i":0.66},"geometry":{"type":"Point","coordinates":[-87.82471,43.62812]}},{"type":"Feature","properties":{"i":1},"geometry":{"type":"Point","coordinates":[-87.78076,43.62812]}},{"type":"Feature","properties":{"i":0.43},"geometry":{"type":"Point","coordinates":[-89.05518,43.59631]}},{"type":"Feature","properties":{"i":1},"geometry":{"type":"Point","coordinates":[-88.92334,43.59631]}},{"type":"Feature","properties":{"i":0.72},"geometry":{"type":"Point","coordinates":[-88.74756,43.59631]}},{"type":"Feature","properties":{"i":0.76},"geometry":{"type":"Point","coordinates":[-88.70361,43.59631]}},{"type":"Feature","properties":{"i":0.7},"geometry":{"type":"Point","coordinates":[-88.52783,43.59631]}},{"type":"Feature","properties":{"i":0.77},"geometry":{"type":"Point","coordinates":[-88.48389,43.59631]}},{"type":"Feature","properties":{"i":1},"geometry":{"type":"Point","coordinates":[-88.43994,43.59631]}},{"type":"Feature","properties":{"i":0.19},"geometry":{"type":"Point","coordinates":[-88.396,43.59631]}},{"type":"Feature","properties":{"i":0.28},"geometry":{"type":"Point","coordinates":[-88.35205,43.59631]}},{"type":"Feature","properties":{"i":0.81},"geometry":{"type":"Point","coordinates":[-88.30811,43.59631]}},{"type":"Feature","properties":{"i":0.73},"geometry":{"type":"Point","coordinates":[-88.26416,43.59631]}},{"type":"Feature","properties":{"i":0.1},"geometry":{"type":"Point","coordinates":[-88.04443,43.59631]}},{"type":"Feature","properties":{"i":0.35},"geometry":{"type":"Point","coordinates":[-87.95654,43.59631]}},{"type":"Feature","properties":{"i":0.09},"geometry":{"type":"Point","coordinates":[-87.78076,43.59631]}},{"type":"Feature","properties":{"i":0.3},"geometry":{"type":"Point","coordinates":[-89.53857,43.56447]}},{"type":"Feature","properties":{"i":0.99},"geometry":{"type":"Point","coordinates":[-89.49463,43.56447]}},{"type":"Feature","properties":{"i":1},"geometry":{"type":"Point","coordinates":[-89.45068,43.56447]}},{"type":"Feature","properties":{"i":0.12},"geometry":{"type":"Point","coordinates":[-89.40674,43.56447]}},{"type":"Feature","properties":{"i":0.24},"geometry":{"type":"Point","coordinates":[-89.36279,43.56447]}},{"type":"Feature","properties":{"i":0.02},"geometry":{"type":"Point","coordinates":[-89.2749,43.56447]}},{"type":"Feature","properties":{"i":0.73},"geometry":{"type":"Point","coordinates":[-89.05518,43.56447]}},{"type":"Feature","properties":{"i":0.33},"geometry":{"type":"Point","coordinates":[-88.96729,43.56447]}},{"type":"Feature","properties":{"i":0.64},"geometry":{"type":"Point","coordinates":[-88.92334,43.56447]}},{"type":"Feature","properties":{"i":0.42},"geometry":{"type":"Point","coordinates":[-88.87939,43.56447]}},{"type":"Feature","properties":{"i":0.19},"geometry":{"type":"Point","coordinates":[-88.57178,43.56447]}},{"type":"Feature","properties":{"i":0.25},"geometry":{"type":"Point","coordinates":[-88.52783,43.56447]}},{"type":"Feature","properties":{"i":0.23},"geometry":{"type":"Point","coordinates":[-88.48389,43.56447]}},{"type":"Feature","properties":{"i":0.85},"geometry":{"type":"Point","coordinates":[-88.43994,43.56447]}},{"type":"Feature","properties":{"i":0.81},"geometry":{"type":"Point","coordinates":[-87.95654,43.56447]}},{"type":"Feature","properties":{"i":0.75},"geometry":{"type":"Point","coordinates":[-87.9126,43.56447]}},{"type":"Feature","properties":{"i":0.7},"geometry":{"type":"Point","coordinates":[-87.82471,43.56447]}},{"type":"Feature","properties":{"i":0.02},"geometry":{"type":"Point","coordinates":[-87.78076,43.56447]}},{"type":"Feature","properties":{"i":0.41},"geometry":{"type":"Point","coordinates":[-89.49463,43.53262]}},{"type":"Feature","properties":{"i":1},"geometry":{"type":"Point","coordinates":[-89.45068,43.53262]}},{"type":"Feature","properties":{"i":0.9},"geometry":{"type":"Point","coordinates":[-89.31885,43.53262]}},{"type":"Feature","properties":{"i":0.9},"geometry":{"type":"Point","coordinates":[-89.2749,43.53262]}},{"type":"Feature","properties":{"i":0.92},"geometry":{"type":"Point","coordinates":[-89.09912,43.53262]}},{"type":"Feature","properties":{"i":0.7},"geometry":{"type":"Point","coordinates":[-89.01123,43.53262]}},{"type":"Feature","properties":{"i":0.39},"geometry":{"type":"Point","coordinates":[-88.43994,43.53262]}},{"type":"Feature","properties":{"i":0.91},"geometry":{"type":"Point","coordinates":[-88.22021,43.53262]}},{"type":"Feature","properties":{"i":0.33},"geometry":{"type":"Point","coordinates":[-88.08838,43.53262]}},{"type":"Feature","properties":{"i":0.32},"geometry":{"type":"Point","coordinates":[-87.95654,43.53262]}},{"type":"Feature","properties":{"i":0.3},"geometry":{"type":"Point","coordinates":[-89.53857,43.50075]}},{"type":"Feature","properties":{"i":0.03},"geometry":{"type":"Point","coordinates":[-89.49463,43.50075]}},{"type":"Feature","properties":{"i":0.53},"geometry":{"type":"Point","coordinates":[-89.40674,43.50075]}},{"type":"Feature","properties":{"i":0.38},"geometry":{"type":"Point","coordinates":[-89.31885,43.50075]}},{"type":"Feature","properties":{"i":1},"geometry":{"type":"Point","coordinates":[-88.83545,43.50075]}},{"type":"Feature","properties":{"i":1},"geometry":{"type":"Point","coordinates":[-88.7915,43.50075]}},{"type":"Feature","properties":{"i":0.24},"geometry":{"type":"Point","coordinates":[-88.70361,43.50075]}},{"type":"Feature","properties":{"i":1},"geometry":{"type":"Point","coordinates":[-88.57178,43.50075]}},{"type":"Feature","properties":{"i":1},"geometry":{"type":"Point","coordinates":[-88.52783,43.50075]}},{"type":"Feature","properties":{"i":0.15},"geometry":{"type":"Point","coordinates":[-88.43994,43.50075]}},{"type":"Feature","properties":{"i":0.27},"geometry":{"type":"Point","coordinates":[-88.30811,43.50075]}},{"type":"Feature","properties":{"i":1},"geometry":{"type":"Point","coordinates":[-88.22021,43.50075]}},{"type":"Feature","properties":{"i":0.11},"geometry":{"type":"Point","coordinates":[-88.04443,43.50075]}},{"type":"Feature","properties":{"i":0.08},"geometry":{"type":"Point","coordinates":[-87.95654,43.50075]}},{"type":"Feature","properties":{"i":0.9},"geometry":{"type":"Point","coordinates":[-87.86865,43.50075]}},{"type":"Feature","properties":{"i":1},"geometry":{"type":"Point","coordinates":[-87.82471,43.50075]}},{"type":"Feature","properties":{"i":0.8},"geometry":{"type":"Point","coordinates":[-89.71436,43.46887]}},{"type":"Feature","properties":{"i":0.74},"geometry":{"type":"Point","coordinates":[-89.49463,43.46887]}},{"type":"Feature","properties":{"i":1},"geometry":{"type":"Point","coordinates":[-89.40674,43.46887]}},{"type":"Feature","properties":{"i":0.22},"geometry":{"type":"Point","coordinates":[-89.36279,43.46887]}},{"type":"Feature","properties":{"i":0.24},"geometry":{"type":"Point","coordinates":[-89.23096,43.46887]}},{"type":"Feature","properties":{"i":1},"geometry":{"type":"Point","coordinates":[-88.83545,43.46887]}},{"type":"Feature","properties":{"i":1},"geometry":{"type":"Point","coordinates":[-88.7915,43.46887]}},{"type":"Feature","properties":{"i":0.61},"geometry":{"type":"Point","coordinates":[-88.65967,43.46887]}},{"type":"Feature","properties":{"i":0.42},"geometry":{"type":"Point","coordinates":[-88.61572,43.46887]}},{"type":"Feature","properties":{"i":0.69},"geometry":{"type":"Point","coordinates":[-88.57178,43.46887]}},{"type":"Feature","properties":{"i":0.3},"geometry":{"type":"Point","coordinates":[-88.52783,43.46887]}},{"type":"Feature","properties":{"i":0.29},"geometry":{"type":"Point","coordinates":[-88.43994,43.46887]}},{"type":"Feature","properties":{"i":0.62},"geometry":{"type":"Point","coordinates":[-88.35205,43.46887]}},{"type":"Feature","properties":{"i":0.08},"geometry":{"type":"Point","coordinates":[-88.30811,43.46887]}},{"type":"Feature","properties":{"i":0.52},"geometry":{"type":"Point","coordinates":[-88.22021,43.46887]}},{"type":"Feature","properties":{"i":0.28},"geometry":{"type":"Point","coordinates":[-88.17627,43.46887]}},{"type":"Feature","properties":{"i":0.36},"geometry":{"type":"Point","coordinates":[-88.08838,43.46887]}},{"type":"Feature","properties":{"i":0.1},"geometry":{"type":"Point","coordinates":[-88.00049,43.46887]}},{"type":"Feature","properties":{"i":0.66},"geometry":{"type":"Point","coordinates":[-87.95654,43.46887]}},{"type":"Feature","properties":{"i":0.39},"geometry":{"type":"Point","coordinates":[-89.71436,43.43697]}},{"type":"Feature","properties":{"i":0.64},"geometry":{"type":"Point","coordinates":[-89.49463,43.43697]}},{"type":"Feature","properties":{"i":0.63},"geometry":{"type":"Point","coordinates":[-89.23096,43.43697]}},{"type":"Feature","properties":{"i":0.26},"geometry":{"type":"Point","coordinates":[-89.14307,43.43697]}},{"type":"Feature","properties":{"i":0.42},"geometry":{"type":"Point","coordinates":[-88.87939,43.43697]}},{"type":"Feature","properties":{"i":1},"geometry":{"type":"Point","coordinates":[-88.83545,43.43697]}},{"type":"Feature","properties":{"i":0.9},"geometry":{"type":"Point","coordinates":[-88.7915,43.43697]}},{"type":"Feature","properties":{"i":0.37},"geometry":{"type":"Point","coordinates":[-88.74756,43.43697]}},{"type":"Feature","properties":{"i":0.64},"geometry":{"type":"Point","coordinates":[-88.70361,43.43697]}},{"type":"Feature","properties":{"i":1},"geometry":{"type":"Point","coordinates":[-88.65967,43.43697]}},{"type":"Feature","properties":{"i":1},"geometry":{"type":"Point","coordinates":[-88.61572,43.43697]}},{"type":"Feature","properties":{"i":0.08},"geometry":{"type":"Point","coordinates":[-88.57178,43.43697]}},{"type":"Feature","properties":{"i":0.47},"geometry":{"type":"Point","coordinates":[-88.52783,43.43697]}},{"type":"Feature","properties":{"i":0.1},"geometry":{"type":"Point","coordinates":[-88.48389,43.43697]}},{"type":"Feature","properties":{"i":0.67},"geometry":{"type":"Point","coordinates":[-88.396,43.43697]}},{"type":"Feature","properties":{"i":0.28},"geometry":{"type":"Point","coordinates":[-88.35205,43.43697]}},{"type":"Feature","properties":{"i":0.25},"geometry":{"type":"Point","coordinates":[-88.30811,43.43697]}},{"type":"Feature","properties":{"i":0.52},"geometry":{"type":"Point","coordinates":[-88.26416,43.43697]}},{"type":"Feature","properties":{"i":1},"geometry":{"type":"Point","coordinates":[-88.22021,43.43697]}},{"type":"Feature","properties":{"i":1},"geometry":{"type":"Point","coordinates":[-88.17627,43.43697]}},{"type":"Feature","properties":{"i":0.82},"geometry":{"type":"Point","coordinates":[-88.13232,43.43697]}},{"type":"Feature","properties":{"i":0.28},"geometry":{"type":"Point","coordinates":[-88.08838,43.43697]}},{"type":"Feature","properties":{"i":0.64},"geometry":{"type":"Point","coordinates":[-88.04443,43.43697]}},{"type":"Feature","properties":{"i":0.08},"geometry":{"type":"Point","coordinates":[-88.00049,43.43697]}},{"type":"Feature","properties":{"i":0.22},"geometry":{"type":"Point","coordinates":[-87.95654,43.43697]}},{"type":"Feature","properties":{"i":0.67},"geometry":{"type":"Point","coordinates":[-87.86865,43.43697]}},{"type":"Feature","properties":{"i":0.73},"geometry":{"type":"Point","coordinates":[-87.82471,43.43697]}},{"type":"Feature","properties":{"i":0.4},"geometry":{"type":"Point","coordinates":[-89.62646,43.40505]}},{"type":"Feature","properties":{"i":0.47},"geometry":{"type":"Point","coordinates":[-89.45068,43.40505]}},{"type":"Feature","properties":{"i":0.57},"geometry":{"type":"Point","coordinates":[-89.40674,43.40505]}},{"type":"Feature","properties":{"i":0.17},"geometry":{"type":"Point","coordinates":[-89.09912,43.40505]}},{"type":"Feature","properties":{"i":0.91},"geometry":{"type":"Point","coordinates":[-88.70361,43.40505]}},{"type":"Feature","properties":{"i":1},"geometry":{"type":"Point","coordinates":[-88.57178,43.40505]}},{"type":"Feature","properties":{"i":0.61},"geometry":{"type":"Point","coordinates":[-88.52783,43.40505]}},{"type":"Feature","properties":{"i":0.6},"geometry":{"type":"Point","coordinates":[-88.35205,43.40505]}},{"type":"Feature","properties":{"i":0.35},"geometry":{"type":"Point","coordinates":[-88.30811,43.40505]}},{"type":"Feature","properties":{"i":0.1},"geometry":{"type":"Point","coordinates":[-88.26416,43.40505]}},{"type":"Feature","properties":{"i":0.71},"geometry":{"type":"Point","coordinates":[-88.22021,43.40505]}},{"type":"Feature","properties":{"i":1},"geometry":{"type":"Point","coordinates":[-88.17627,43.40505]}},{"type":"Feature","properties":{"i":0.55},"geometry":{"type":"Point","coordinates":[-88.13232,43.40505]}},{"type":"Feature","properties":{"i":0.12},"geometry":{"type":"Point","coordinates":[-88.00049,43.40505]}},{"type":"Feature","properties":{"i":0.62},"geometry":{"type":"Point","coordinates":[-87.95654,43.40505]}},{"type":"Feature","properties":{"i":0.78},"geometry":{"type":"Point","coordinates":[-87.9126,43.40505]}},{"type":"Feature","properties":{"i":0.9},"geometry":{"type":"Point","coordinates":[-87.86865,43.40505]}},{"type":"Feature","properties":{"i":0.24},"geometry":{"type":"Point","coordinates":[-89.62646,43.37311]}},{"type":"Feature","properties":{"i":0.09},"geometry":{"type":"Point","coordinates":[-89.53857,43.37311]}},{"type":"Feature","properties":{"i":0.28},"geometry":{"type":"Point","coordinates":[-89.45068,43.37311]}},{"type":"Feature","properties":{"i":0.63},"geometry":{"type":"Point","coordinates":[-89.40674,43.37311]}},{"type":"Feature","properties":{"i":0.97},"geometry":{"type":"Point","coordinates":[-89.05518,43.37311]}},{"type":"Feature","properties":{"i":0.28},"geometry":{"type":"Point","coordinates":[-88.70361,43.37311]}},{"type":"Feature","properties":{"i":0.11},"geometry":{"type":"Point","coordinates":[-88.35205,43.37311]}},{"type":"Feature","properties":{"i":0.68},"geometry":{"type":"Point","coordinates":[-88.30811,43.37311]}},{"type":"Feature","properties":{"i":0.11},"geometry":{"type":"Point","coordinates":[-88.26416,43.37311]}},{"type":"Feature","properties":{"i":0.25},"geometry":{"type":"Point","coordinates":[-88.22021,43.37311]}},{"type":"Feature","properties":{"i":1},"geometry":{"type":"Point","coordinates":[-88.17627,43.37311]}},{"type":"Feature","properties":{"i":0.4},"geometry":{"type":"Point","coordinates":[-88.13232,43.37311]}},{"type":"Feature","properties":{"i":0.93},"geometry":{"type":"Point","coordinates":[-87.95654,43.37311]}},{"type":"Feature","properties":{"i":0.89},"geometry":{"type":"Point","coordinates":[-87.9126,43.37311]}},{"type":"Feature","properties":{"i":1},"geometry":{"type":"Point","coordinates":[-87.86865,43.37311]}},{"type":"Feature","properties":{"i":0.25},"geometry":{"type":"Point","coordinates":[-89.58252,43.34116]}},{"type":"Feature","properties":{"i":0.09},"geometry":{"type":"Point","coordinates":[-89.53857,43.34116]}},{"type":"Feature","properties":{"i":0.69},"geometry":{"type":"Point","coordinates":[-89.45068,43.34116]}},{"type":"Feature","properties":{"i":0.47},"geometry":{"type":"Point","coordinates":[-89.36279,43.34116]}},{"type":"Feature","properties":{"i":0.22},"geometry":{"type":"Point","coordinates":[-89.31885,43.34116]}},{"type":"Feature","properties":{"i":0.11},"geometry":{"type":"Point","coordinates":[-89.2749,43.34116]}},{"type":"Feature","properties":{"i":0.85},"geometry":{"type":"Point","coordinates":[-89.05518,43.34116]}},{"type":"Feature","properties":{"i":0.76},"geometry":{"type":"Point","coordinates":[-89.01123,43.34116]}},{"type":"Feature","properties":{"i":0.11},"geometry":{"type":"Point","coordinates":[-88.92334,43.34116]}},{"type":"Feature","properties":{"i":0.37},"geometry":{"type":"Point","coordinates":[-88.83545,43.34116]}},{"type":"Feature","properties":{"i":0.27},"geometry":{"type":"Point","coordinates":[-88.7915,43.34116]}},{"type":"Feature","properties":{"i":0.97},"geometry":{"type":"Point","coordinates":[-88.61572,43.34116]}},{"type":"Feature","properties":{"i":0.58},"geometry":{"type":"Point","coordinates":[-88.57178,43.34116]}},{"type":"Feature","properties":{"i":0.67},"geometry":{"type":"Point","coordinates":[-88.43994,43.34116]}},{"type":"Feature","properties":{"i":0.99},"geometry":{"type":"Point","coordinates":[-88.396,43.34116]}},{"type":"Feature","properties":{"i":0.23},"geometry":{"type":"Point","coordinates":[-88.35205,43.34116]}},{"type":"Feature","properties":{"i":0.9},"geometry":{"type":"Point","coordinates":[-88.30811,43.34116]}},{"type":"Feature","properties":{"i":1},"geometry":{"type":"Point","coordinates":[-88.26416,43.34116]}},{"type":"Feature","properties":{"i":0.22},"geometry":{"type":"Point","coordinates":[-88.22021,43.34116]}},{"type":"Feature","properties":{"i":0.91},"geometry":{"type":"Point","coordinates":[-88.17627,43.34116]}},{"type":"Feature","properties":{"i":0.53},"geometry":{"type":"Point","coordinates":[-88.13232,43.34116]}},{"type":"Feature","properties":{"i":0.19},"geometry":{"type":"Point","coordinates":[-88.08838,43.34116]}},{"type":"Feature","properties":{"i":0.08},"geometry":{"type":"Point","coordinates":[-88.04443,43.34116]}},{"type":"Feature","properties":{"i":0.16},"geometry":{"type":"Point","coordinates":[-88.00049,43.34116]}},{"type":"Feature","properties":{"i":0.73},"geometry":{"type":"Point","coordinates":[-87.95654,43.34116]}},{"type":"Feature","properties":{"i":0.72},"geometry":{"type":"Point","coordinates":[-87.9126,43.34116]}},{"type":"Feature","properties":{"i":0.04},"geometry":{"type":"Point","coordinates":[-87.86865,43.34116]}},{"type":"Feature","properties":{"i":0.69},"geometry":{"type":"Point","coordinates":[-89.71436,43.30919]}},{"type":"Feature","properties":{"i":0.14},"geometry":{"type":"Point","coordinates":[-89.62646,43.30919]}},{"type":"Feature","properties":{"i":0.1},"geometry":{"type":"Point","coordinates":[-89.58252,43.30919]}},{"type":"Feature","properties":{"i":0.75},"geometry":{"type":"Point","coordinates":[-89.53857,43.30919]}},{"type":"Feature","properties":{"i":0.23},"geometry":{"type":"Point","coordinates":[-89.31885,43.30919]}},{"type":"Feature","properties":{"i":0.53},"geometry":{"type":"Point","coordinates":[-89.05518,43.30919]}},{"type":"Feature","properties":{"i":0.33},"geometry":{"type":"Point","coordinates":[-89.01123,43.30919]}},{"type":"Feature","properties":{"i":0.47},"geometry":{"type":"Point","coordinates":[-88.83545,43.30919]}},{"type":"Feature","properties":{"i":0.3},"geometry":{"type":"Point","coordinates":[-88.74756,43.30919]}},{"type":"Feature","properties":{"i":0.37},"geometry":{"type":"Point","coordinates":[-88.70361,43.30919]}},{"type":"Feature","properties":{"i":0.5},"geometry":{"type":"Point","coordinates":[-88.52783,43.30919]}},{"type":"Feature","properties":{"i":0.25},"geometry":{"type":"Point","coordinates":[-88.43994,43.30919]}},{"type":"Feature","properties":{"i":1},"geometry":{"type":"Point","coordinates":[-88.396,43.30919]}},{"type":"Feature","properties":{"i":1},"geometry":{"type":"Point","coordinates":[-88.35205,43.30919]}},{"type":"Feature","properties":{"i":0.68},"geometry":{"type":"Point","coordinates":[-88.30811,43.30919]}},{"type":"Feature","properties":{"i":0.99},"geometry":{"type":"Point","coordinates":[-88.26416,43.30919]}},{"type":"Feature","properties":{"i":0.57},"geometry":{"type":"Point","coordinates":[-88.22021,43.30919]}},{"type":"Feature","properties":{"i":1},"geometry":{"type":"Point","coordinates":[-88.17627,43.30919]}},{"type":"Feature","properties":{"i":0.9},"geometry":{"type":"Point","coordinates":[-88.13232,43.30919]}},{"type":"Feature","properties":{"i":0.18},"geometry":{"type":"Point","coordinates":[-88.08838,43.30919]}},{"type":"Feature","properties":{"i":0.12},"geometry":{"type":"Point","coordinates":[-88.04443,43.30919]}},{"type":"Feature","properties":{"i":0.93},"geometry":{"type":"Point","coordinates":[-88.00049,43.30919]}},{"type":"Feature","properties":{"i":1},"geometry":{"type":"Point","coordinates":[-87.95654,43.30919]}},{"type":"Feature","properties":{"i":1},"geometry":{"type":"Point","coordinates":[-87.9126,43.30919]}},{"type":"Feature","properties":{"i":0.13},"geometry":{"type":"Point","coordinates":[-87.86865,43.30919]}},{"type":"Feature","properties":{"i":1},"geometry":{"type":"Point","coordinates":[-89.71436,43.27721]}},{"type":"Feature","properties":{"i":0.33},"geometry":{"type":"Point","coordinates":[-89.36279,43.27721]}},{"type":"Feature","properties":{"i":0.35},"geometry":{"type":"Point","coordinates":[-89.31885,43.27721]}},{"type":"Feature","properties":{"i":0.22},"geometry":{"type":"Point","coordinates":[-89.2749,43.27721]}},{"type":"Feature","properties":{"i":0.25},"geometry":{"type":"Point","coordinates":[-89.14307,43.27721]}},{"type":"Feature","properties":{"i":0.53},"geometry":{"type":"Point","coordinates":[-88.74756,43.27721]}},{"type":"Feature","properties":{"i":0.22},"geometry":{"type":"Point","coordinates":[-88.396,43.27721]}},{"type":"Feature","properties":{"i":0.23},"geometry":{"type":"Point","coordinates":[-88.35205,43.27721]}},{"type":"Feature","properties":{"i":0.12},"geometry":{"type":"Point","coordinates":[-88.26416,43.27721]}},{"type":"Feature","properties":{"i":0.69},"geometry":{"type":"Point","coordinates":[-88.22021,43.27721]}},{"type":"Feature","properties":{"i":1},"geometry":{"type":"Point","coordinates":[-88.17627,43.27721]}},{"type":"Feature","properties":{"i":0.42},"geometry":{"type":"Point","coordinates":[-88.13232,43.27721]}},{"type":"Feature","properties":{"i":0.09},"geometry":{"type":"Point","coordinates":[-88.08838,43.27721]}},{"type":"Feature","properties":{"i":0.12},"geometry":{"type":"Point","coordinates":[-88.04443,43.27721]}},{"type":"Feature","properties":{"i":1},"geometry":{"type":"Point","coordinates":[-88.00049,43.27721]}},{"type":"Feature","properties":{"i":0.69},"geometry":{"type":"Point","coordinates":[-87.95654,43.27721]}},{"type":"Feature","properties":{"i":0.54},"geometry":{"type":"Point","coordinates":[-87.9126,43.27721]}},{"type":"Feature","properties":{"i":0.27},"geometry":{"type":"Point","coordinates":[-89.71436,43.2452]}},{"type":"Feature","properties":{"i":0.57},"geometry":{"type":"Point","coordinates":[-89.67041,43.2452]}},{"type":"Feature","properties":{"i":0.27},"geometry":{"type":"Point","coordinates":[-89.53857,43.2452]}},{"type":"Feature","properties":{"i":0.53},"geometry":{"type":"Point","coordinates":[-89.49463,43.2452]}},{"type":"Feature","properties":{"i":0.42},"geometry":{"type":"Point","coordinates":[-89.40674,43.2452]}},{"type":"Feature","properties":{"i":0.99},"geometry":{"type":"Point","coordinates":[-89.36279,43.2452]}},{"type":"Feature","properties":{"i":0.99},"geometry":{"type":"Point","coordinates":[-89.31885,43.2452]}},{"type":"Feature","properties":{"i":0.1},"geometry":{"type":"Point","coordinates":[-89.2749,43.2452]}},{"type":"Feature","properties":{"i":0.18},"geometry":{"type":"Point","coordinates":[-89.23096,43.2452]}},{"type":"Feature","properties":{"i":0.16},"geometry":{"type":"Point","coordinates":[-89.14307,43.2452]}},{"type":"Feature","properties":{"i":0.3},"geometry":{"type":"Point","coordinates":[-88.96729,43.2452]}},{"type":"Feature","properties":{"i":0.08},"geometry":{"type":"Point","coordinates":[-88.35205,43.2452]}},{"type":"Feature","properties":{"i":0.52},"geometry":{"type":"Point","coordinates":[-88.30811,43.2452]}},{"type":"Feature","properties":{"i":0.42},"geometry":{"type":"Point","coordinates":[-88.26416,43.2452]}},{"type":"Feature","properties":{"i":0.48},"geometry":{"type":"Point","coordinates":[-88.22021,43.2452]}},{"type":"Feature","properties":{"i":1},"geometry":{"type":"Point","coordinates":[-88.17627,43.2452]}},{"type":"Feature","properties":{"i":0.79},"geometry":{"type":"Point","coordinates":[-88.13232,43.2452]}},{"type":"Feature","properties":{"i":0.4},"geometry":{"type":"Point","coordinates":[-88.08838,43.2452]}},{"type":"Feature","properties":{"i":0.3},"geometry":{"type":"Point","coordinates":[-88.04443,43.2452]}},{"type":"Feature","properties":{"i":0.62},"geometry":{"type":"Point","coordinates":[-88.00049,43.2452]}},{"type":"Feature","properties":{"i":0.57},"geometry":{"type":"Point","coordinates":[-87.95654,43.2452]}},{"type":"Feature","properties":{"i":1},"geometry":{"type":"Point","coordinates":[-87.9126,43.2452]}},{"type":"Feature","properties":{"i":0.11},"geometry":{"type":"Point","coordinates":[-89.53857,43.21318]}},{"type":"Feature","properties":{"i":0.48},"geometry":{"type":"Point","coordinates":[-89.49463,43.21318]}},{"type":"Feature","properties":{"i":0.48},"geometry":{"type":"Point","coordinates":[-89.45068,43.21318]}},{"type":"Feature","properties":{"i":0.46},"geometry":{"type":"Point","coordinates":[-89.40674,43.21318]}},{"type":"Feature","properties":{"i":1},"geometry":{"type":"Point","coordinates":[-89.36279,43.21318]}},{"type":"Feature","properties":{"i":1},"geometry":{"type":"Point","coordinates":[-89.31885,43.21318]}},{"type":"Feature","properties":{"i":0.38},"geometry":{"type":"Point","coordinates":[-89.2749,43.21318]}},{"type":"Feature","properties":{"i":0.63},"geometry":{"type":"Point","coordinates":[-89.23096,43.21318]}},{"type":"Feature","properties":{"i":1},"geometry":{"type":"Point","coordinates":[-89.18701,43.21318]}},{"type":"Feature","properties":{"i":0.33},"geometry":{"type":"Point","coordinates":[-88.7915,43.21318]}},{"type":"Feature","properties":{"i":0.72},"geometry":{"type":"Point","coordinates":[-88.74756,43.21318]}},{"type":"Feature","properties":{"i":0.85},"geometry":{"type":"Point","coordinates":[-88.70361,43.21318]}},{"type":"Feature","properties":{"i":0.14},"geometry":{"type":"Point","coordinates":[-88.61572,43.21318]}},{"type":"Feature","properties":{"i":0.43},"geometry":{"type":"Point","coordinates":[-88.52783,43.21318]}},{"type":"Feature","properties":{"i":0.31},"geometry":{"type":"Point","coordinates":[-88.30811,43.21318]}},{"type":"Feature","properties":{"i":0.25},"geometry":{"type":"Point","coordinates":[-88.26416,43.21318]}},{"type":"Feature","properties":{"i":0.25},"geometry":{"type":"Point","coordinates":[-88.22021,43.21318]}},{"type":"Feature","properties":{"i":0.49},"geometry":{"type":"Point","coordinates":[-88.17627,43.21318]}},{"type":"Feature","properties":{"i":1},"geometry":{"type":"Point","coordinates":[-88.13232,43.21318]}},{"type":"Feature","properties":{"i":1},"geometry":{"type":"Point","coordinates":[-88.08838,43.21318]}},{"type":"Feature","properties":{"i":0.8},"geometry":{"type":"Point","coordinates":[-88.04443,43.21318]}},{"type":"Feature","properties":{"i":0.94},"geometry":{"type":"Point","coordinates":[-88.00049,43.21318]}},{"type":"Feature","properties":{"i":0.62},"geometry":{"type":"Point","coordinates":[-87.95654,43.21318]}},{"type":"Feature","properties":{"i":1},"geometry":{"type":"Point","coordinates":[-87.9126,43.21318]}},{"type":"Feature","properties":{"i":0.35},"geometry":{"type":"Point","coordinates":[-89.58252,43.18115]}},{"type":"Feature","properties":{"i":0.74},"geometry":{"type":"Point","coordinates":[-89.53857,43.18115]}},{"type":"Feature","properties":{"i":0.41},"geometry":{"type":"Point","coordinates":[-89.49463,43.18115]}},{"type":"Feature","properties":{"i":1},"geometry":{"type":"Point","coordinates":[-89.45068,43.18115]}},{"type":"Feature","properties":{"i":0.79},"geometry":{"type":"Point","coordinates":[-89.40674,43.18115]}},{"type":"Feature","properties":{"i":1},"geometry":{"type":"Point","coordinates":[-89.36279,43.18115]}},{"type":"Feature","properties":{"i":1},"geometry":{"type":"Point","coordinates":[-89.31885,43.18115]}},{"type":"Feature","properties":{"i":1},"geometry":{"type":"Point","coordinates":[-89.2749,43.18115]}},{"type":"Feature","properties":{"i":1},"geometry":{"type":"Point","coordinates":[-89.23096,43.18115]}},{"type":"Feature","properties":{"i":0.98},"geometry":{"type":"Point","coordinates":[-89.18701,43.18115]}},{"type":"Feature","properties":{"i":0.23},"geometry":{"type":"Point","coordinates":[-89.14307,43.18115]}},{"type":"Feature","properties":{"i":0.71},"geometry":{"type":"Point","coordinates":[-89.05518,43.18115]}},{"type":"Feature","properties":{"i":0.68},"geometry":{"type":"Point","coordinates":[-89.01123,43.18115]}},{"type":"Feature","properties":{"i":0.74},"geometry":{"type":"Point","coordinates":[-88.96729,43.18115]}},{"type":"Feature","properties":{"i":0.1},"geometry":{"type":"Point","coordinates":[-88.7915,43.18115]}},{"type":"Feature","properties":{"i":1},"geometry":{"type":"Point","coordinates":[-88.74756,43.18115]}},{"type":"Feature","properties":{"i":1},"geometry":{"type":"Point","coordinates":[-88.70361,43.18115]}},{"type":"Feature","properties":{"i":0.08},"geometry":{"type":"Point","coordinates":[-88.65967,43.18115]}},{"type":"Feature","properties":{"i":0.18},"geometry":{"type":"Point","coordinates":[-88.61572,43.18115]}},{"type":"Feature","properties":{"i":0.09},"geometry":{"type":"Point","coordinates":[-88.57178,43.18115]}},{"type":"Feature","properties":{"i":0.19},"geometry":{"type":"Point","coordinates":[-88.48389,43.18115]}},{"type":"Feature","properties":{"i":0.3},"geometry":{"type":"Point","coordinates":[-88.43994,43.18115]}},{"type":"Feature","properties":{"i":0.14},"geometry":{"type":"Point","coordinates":[-88.396,43.18115]}},{"type":"Feature","properties":{"i":0.09},"geometry":{"type":"Point","coordinates":[-88.35205,43.18115]}},{"type":"Feature","properties":{"i":0.47},"geometry":{"type":"Point","coordinates":[-88.30811,43.18115]}},{"type":"Feature","properties":{"i":0.61},"geometry":{"type":"Point","coordinates":[-88.26416,43.18115]}},{"type":"Feature","properties":{"i":0.4},"geometry":{"type":"Point","coordinates":[-88.22021,43.18115]}},{"type":"Feature","properties":{"i":0.35},"geometry":{"type":"Point","coordinates":[-88.17627,43.18115]}},{"type":"Feature","properties":{"i":1},"geometry":{"type":"Point","coordinates":[-88.13232,43.18115]}},{"type":"Feature","properties":{"i":1},"geometry":{"type":"Point","coordinates":[-88.08838,43.18115]}},{"type":"Feature","properties":{"i":1},"geometry":{"type":"Point","coordinates":[-88.04443,43.18115]}},{"type":"Feature","properties":{"i":1},"geometry":{"type":"Point","coordinates":[-88.00049,43.18115]}},{"type":"Feature","properties":{"i":1},"geometry":{"type":"Point","coordinates":[-87.95654,43.18115]}},{"type":"Feature","properties":{"i":0.96},"geometry":{"type":"Point","coordinates":[-87.9126,43.18115]}},{"type":"Feature","properties":{"i":0.21},"geometry":{"type":"Point","coordinates":[-87.86865,43.18115]}},{"type":"Feature","properties":{"i":0.45},"geometry":{"type":"Point","coordinates":[-89.53857,43.14909]}},{"type":"Feature","properties":{"i":0.48},"geometry":{"type":"Point","coordinates":[-89.45068,43.14909]}},{"type":"Feature","properties":{"i":0.8},"geometry":{"type":"Point","coordinates":[-89.40674,43.14909]}},{"type":"Feature","properties":{"i":0.85},"geometry":{"type":"Point","coordinates":[-89.36279,43.14909]}},{"type":"Feature","properties":{"i":1},"geometry":{"type":"Point","coordinates":[-89.31885,43.14909]}},{"type":"Feature","properties":{"i":1},"geometry":{"type":"Point","coordinates":[-89.2749,43.14909]}},{"type":"Feature","properties":{"i":0.71},"geometry":{"type":"Point","coordinates":[-89.23096,43.14909]}},{"type":"Feature","properties":{"i":0.24},"geometry":{"type":"Point","coordinates":[-89.18701,43.14909]}},{"type":"Feature","properties":{"i":0.03},"geometry":{"type":"Point","coordinates":[-89.14307,43.14909]}},{"type":"Feature","properties":{"i":0.6},"geometry":{"type":"Point","coordinates":[-89.05518,43.14909]}},{"type":"Feature","properties":{"i":0.34},"geometry":{"type":"Point","coordinates":[-88.87939,43.14909]}},{"type":"Feature","properties":{"i":0.35},"geometry":{"type":"Point","coordinates":[-88.7915,43.14909]}},{"type":"Feature","properties":{"i":0.88},"geometry":{"type":"Point","coordinates":[-88.74756,43.14909]}},{"type":"Feature","properties":{"i":0.56},"geometry":{"type":"Point","coordinates":[-88.70361,43.14909]}},{"type":"Feature","properties":{"i":0.12},"geometry":{"type":"Point","coordinates":[-88.65967,43.14909]}},{"type":"Feature","properties":{"i":0.75},"geometry":{"type":"Point","coordinates":[-88.61572,43.14909]}},{"type":"Feature","properties":{"i":0.72},"geometry":{"type":"Point","coordinates":[-88.57178,43.14909]}},{"type":"Feature","properties":{"i":0.36},"geometry":{"type":"Point","coordinates":[-88.52783,43.14909]}},{"type":"Feature","properties":{"i":0.28},"geometry":{"type":"Point","coordinates":[-88.48389,43.14909]}},{"type":"Feature","properties":{"i":0.7},"geometry":{"type":"Point","coordinates":[-88.43994,43.14909]}},{"type":"Feature","properties":{"i":0.51},"geometry":{"type":"Point","coordinates":[-88.396,43.14909]}},{"type":"Feature","properties":{"i":0.64},"geometry":{"type":"Point","coordinates":[-88.35205,43.14909]}},{"type":"Feature","properties":{"i":0.64},"geometry":{"type":"Point","coordinates":[-88.30811,43.14909]}},{"type":"Feature","properties":{"i":0.87},"geometry":{"type":"Point","coordinates":[-88.26416,43.14909]}},{"type":"Feature","properties":{"i":0.91},"geometry":{"type":"Point","coordinates":[-88.22021,43.14909]}},{"type":"Feature","properties":{"i":0.65},"geometry":{"type":"Point","coordinates":[-88.17627,43.14909]}},{"type":"Feature","properties":{"i":0.8},"geometry":{"type":"Point","coordinates":[-88.13232,43.14909]}},{"type":"Feature","properties":{"i":1},"geometry":{"type":"Point","coordinates":[-88.08838,43.14909]}},{"type":"Feature","properties":{"i":1},"geometry":{"type":"Point","coordinates":[-88.04443,43.14909]}},{"type":"Feature","properties":{"i":1},"geometry":{"type":"Point","coordinates":[-88.00049,43.14909]}},{"type":"Feature","properties":{"i":1},"geometry":{"type":"Point","coordinates":[-87.95654,43.14909]}},{"type":"Feature","properties":{"i":0.88},"geometry":{"type":"Point","coordinates":[-87.9126,43.14909]}},{"type":"Feature","properties":{"i":0.46},"geometry":{"type":"Point","coordinates":[-87.86865,43.14909]}},{"type":"Feature","properties":{"i":0.72},"geometry":{"type":"Point","coordinates":[-89.67041,43.11702]}},{"type":"Feature","properties":{"i":0.74},"geometry":{"type":"Point","coordinates":[-89.62646,43.11702]}},{"type":"Feature","properties":{"i":0.12},"geometry":{"type":"Point","coordinates":[-89.58252,43.11702]}},{"type":"Feature","properties":{"i":1},"geometry":{"type":"Point","coordinates":[-89.53857,43.11702]}},{"type":"Feature","properties":{"i":1},"geometry":{"type":"Point","coordinates":[-89.49463,43.11702]}},{"type":"Feature","properties":{"i":0.59},"geometry":{"type":"Point","coordinates":[-89.45068,43.11702]}},{"type":"Feature","properties":{"i":0.78},"geometry":{"type":"Point","coordinates":[-89.40674,43.11702]}},{"type":"Feature","properties":{"i":1},"geometry":{"type":"Point","coordinates":[-89.36279,43.11702]}},{"type":"Feature","properties":{"i":1},"geometry":{"type":"Point","coordinates":[-89.31885,43.11702]}},{"type":"Feature","properties":{"i":1},"geometry":{"type":"Point","coordinates":[-89.2749,43.11702]}},{"type":"Feature","properties":{"i":0.42},"geometry":{"type":"Point","coordinates":[-89.23096,43.11702]}},{"type":"Feature","properties":{"i":1},"geometry":{"type":"Point","coordinates":[-89.18701,43.11702]}},{"type":"Feature","properties":{"i":0.18},"geometry":{"type":"Point","coordinates":[-89.09912,43.11702]}},{"type":"Feature","properties":{"i":0.14},"geometry":{"type":"Point","coordinates":[-88.70361,43.11702]}},{"type":"Feature","properties":{"i":0.82},"geometry":{"type":"Point","coordinates":[-88.61572,43.11702]}},{"type":"Feature","properties":{"i":0.47},"geometry":{"type":"Point","coordinates":[-88.57178,43.11702]}},{"type":"Feature","properties":{"i":0.79},"geometry":{"type":"Point","coordinates":[-88.52783,43.11702]}},{"type":"Feature","properties":{"i":1},"geometry":{"type":"Point","coordinates":[-88.48389,43.11702]}},{"type":"Feature","properties":{"i":0.73},"geometry":{"type":"Point","coordinates":[-88.43994,43.11702]}},{"type":"Feature","properties":{"i":0.74},"geometry":{"type":"Point","coordinates":[-88.396,43.11702]}},{"type":"Feature","properties":{"i":1},"geometry":{"type":"Point","coordinates":[-88.35205,43.11702]}},{"type":"Feature","properties":{"i":0.62},"geometry":{"type":"Point","coordinates":[-88.30811,43.11702]}},{"type":"Feature","properties":{"i":1},"geometry":{"type":"Point","coordinates":[-88.26416,43.11702]}},{"type":"Feature","properties":{"i":1},"geometry":{"type":"Point","coordinates":[-88.22021,43.11702]}},{"type":"Feature","properties":{"i":1},"geometry":{"type":"Point","coordinates":[-88.17627,43.11702]}},{"type":"Feature","properties":{"i":1},"geometry":{"type":"Point","coordinates":[-88.13232,43.11702]}},{"type":"Feature","properties":{"i":1},"geometry":{"type":"Point","coordinates":[-88.08838,43.11702]}},{"type":"Feature","properties":{"i":1},"geometry":{"type":"Point","coordinates":[-88.04443,43.11702]}},{"type":"Feature","properties":{"i":1},"geometry":{"type":"Point","coordinates":[-88.00049,43.11702]}},{"type":"Feature","properties":{"i":1},"geometry":{"type":"Point","coordinates":[-87.95654,43.11702]}},{"type":"Feature","properties":{"i":1},"geometry":{"type":"Point","coordinates":[-87.9126,43.11702]}},{"type":"Feature","properties":{"i":0.65},"geometry":{"type":"Point","coordinates":[-87.86865,43.11702]}},{"type":"Feature","properties":{"i":0.12},"geometry":{"type":"Point","coordinates":[-89.62646,43.08494]}},{"type":"Feature","properties":{"i":0.42},"geometry":{"type":"Point","coordinates":[-89.58252,43.08494]}},{"type":"Feature","properties":{"i":1},"geometry":{"type":"Point","coordinates":[-89.53857,43.08494]}},{"type":"Feature","properties":{"i":1},"geometry":{"type":"Point","coordinates":[-89.49463,43.08494]}},{"type":"Feature","properties":{"i":1},"geometry":{"type":"Point","coordinates":[-89.45068,43.08494]}},{"type":"Feature","properties":{"i":1},"geometry":{"type":"Point","coordinates":[-89.40674,43.08494]}},{"type":"Feature","properties":{"i":1},"geometry":{"type":"Point","coordinates":[-89.36279,43.08494]}},{"type":"Feature","properties":{"i":1},"geometry":{"type":"Point","coordinates":[-89.31885,43.08494]}},{"type":"Feature","properties":{"i":0.83},"geometry":{"type":"Point","coordinates":[-89.2749,43.08494]}},{"type":"Feature","properties":{"i":0.59},"geometry":{"type":"Point","coordinates":[-89.23096,43.08494]}},{"type":"Feature","properties":{"i":0.82},"geometry":{"type":"Point","coordinates":[-89.18701,43.08494]}},{"type":"Feature","properties":{"i":0.82},"geometry":{"type":"Point","coordinates":[-88.92334,43.08494]}},{"type":"Feature","properties":{"i":0.7},"geometry":{"type":"Point","coordinates":[-88.87939,43.08494]}},{"type":"Feature","properties":{"i":0.33},"geometry":{"type":"Point","coordinates":[-88.83545,43.08494]}},{"type":"Feature","properties":{"i":1},"geometry":{"type":"Point","coordinates":[-88.7915,43.08494]}},{"type":"Feature","properties":{"i":1},"geometry":{"type":"Point","coordinates":[-88.74756,43.08494]}},{"type":"Feature","properties":{"i":0.28},"geometry":{"type":"Point","coordinates":[-88.61572,43.08494]}},{"type":"Feature","properties":{"i":0.07},"geometry":{"type":"Point","coordinates":[-88.57178,43.08494]}},{"type":"Feature","properties":{"i":0.41},"geometry":{"type":"Point","coordinates":[-88.52783,43.08494]}},{"type":"Feature","properties":{"i":1},"geometry":{"type":"Point","coordinates":[-88.48389,43.08494]}},{"type":"Feature","properties":{"i":0.71},"geometry":{"type":"Point","coordinates":[-88.43994,43.08494]}},{"type":"Feature","properties":{"i":0.62},"geometry":{"type":"Point","coordinates":[-88.396,43.08494]}},{"type":"Feature","properties":{"i":1},"geometry":{"type":"Point","coordinates":[-88.35205,43.08494]}},{"type":"Feature","properties":{"i":0.42},"geometry":{"type":"Point","coordinates":[-88.30811,43.08494]}},{"type":"Feature","properties":{"i":0.9},"geometry":{"type":"Point","coordinates":[-88.26416,43.08494]}},{"type":"Feature","properties":{"i":1},"geometry":{"type":"Point","coordinates":[-88.22021,43.08494]}},{"type":"Feature","properties":{"i":0.9},"geometry":{"type":"Point","coordinates":[-88.17627,43.08494]}},{"type":"Feature","properties":{"i":1},"geometry":{"type":"Point","coordinates":[-88.13232,43.08494]}},{"type":"Feature","properties":{"i":1},"geometry":{"type":"Point","coordinates":[-88.08838,43.08494]}},{"type":"Feature","properties":{"i":1},"geometry":{"type":"Point","coordinates":[-88.04443,43.08494]}},{"type":"Feature","properties":{"i":1},"geometry":{"type":"Point","coordinates":[-88.00049,43.08494]}},{"type":"Feature","properties":{"i":1},"geometry":{"type":"Point","coordinates":[-87.95654,43.08494]}},{"type":"Feature","properties":{"i":1},"geometry":{"type":"Point","coordinates":[-87.9126,43.08494]}},{"type":"Feature","properties":{"i":1},"geometry":{"type":"Point","coordinates":[-87.86865,43.08494]}},{"type":"Feature","properties":{"i":0.15},"geometry":{"type":"Point","coordinates":[-86.37451,43.75523]}},{"type":"Feature","properties":{"i":0.16},"geometry":{"type":"Point","coordinates":[-86.11084,43.75523]}},{"type":"Feature","properties":{"i":0.19},"geometry":{"type":"Point","coordinates":[-86.06689,43.75523]}},{"type":"Feature","properties":{"i":0.07},"geometry":{"type":"Point","coordinates":[-86.37451,43.72347]}},{"type":"Feature","properties":{"i":0.14},"geometry":{"type":"Point","coordinates":[-86.41846,43.69171]}},{"type":"Feature","properties":{"i":0.74},"geometry":{"type":"Point","coordinates":[-86.37451,43.69171]}},{"type":"Feature","properties":{"i":0.57},"geometry":{"type":"Point","coordinates":[-86.33057,43.69171]}},{"type":"Feature","properties":{"i":0.05},"geometry":{"type":"Point","coordinates":[-86.24268,43.69171]}},{"type":"Feature","properties":{"i":0.03},"geometry":{"type":"Point","coordinates":[-86.50635,43.65992]}},{"type":"Feature","properties":{"i":0.47},"geometry":{"type":"Point","coordinates":[-86.4624,43.65992]}},{"type":"Feature","properties":{"i":0.61},"geometry":{"type":"Point","coordinates":[-86.33057,43.65992]}},{"type":"Feature","properties":{"i":0.44},"geometry":{"type":"Point","coordinates":[-86.37451,43.62812]}},{"type":"Feature","properties":{"i":0.91},"geometry":{"type":"Point","coordinates":[-86.33057,43.62812]}},{"type":"Feature","properties":{"i":0.02},"geometry":{"type":"Point","coordinates":[-86.41846,43.59631]}},{"type":"Feature","properties":{"i":0.62},"geometry":{"type":"Point","coordinates":[-86.37451,43.59631]}},{"type":"Feature","properties":{"i":0.02},"geometry":{"type":"Point","coordinates":[-86.24268,43.59631]}},{"type":"Feature","properties":{"i":0.12},"geometry":{"type":"Point","coordinates":[-86.4624,43.56447]}},{"type":"Feature","properties":{"i":0.56},"geometry":{"type":"Point","coordinates":[-86.37451,43.56447]}},{"type":"Feature","properties":{"i":0.47},"geometry":{"type":"Point","coordinates":[-86.33057,43.56447]}},{"type":"Feature","properties":{"i":0.22},"geometry":{"type":"Point","coordinates":[-86.06689,43.56447]}},{"type":"Feature","properties":{"i":0.39},"geometry":{"type":"Point","coordinates":[-86.02295,43.56447]}},{"type":"Feature","properties":{"i":0.44},"geometry":{"type":"Point","coordinates":[-85.75928,43.56447]}},{"type":"Feature","properties":{"i":0.03},"geometry":{"type":"Point","coordinates":[-85.84717,43.53262]}},{"type":"Feature","properties":{"i":0.37},"geometry":{"type":"Point","coordinates":[-85.75928,43.53262]}},{"type":"Feature","properties":{"i":0.27},"geometry":{"type":"Point","coordinates":[-86.37451,43.50075]}},{"type":"Feature","properties":{"i":0.29},"geometry":{"type":"Point","coordinates":[-86.33057,43.50075]}},{"type":"Feature","properties":{"i":0.43},"geometry":{"type":"Point","coordinates":[-86.02295,43.46887]}},{"type":"Feature","properties":{"i":0.97},"geometry":{"type":"Point","coordinates":[-85.979,43.46887]}},{"type":"Feature","properties":{"i":1},"geometry":{"type":"Point","coordinates":[-85.93506,43.46887]}},{"type":"Feature","properties":{"i":0.08},"geometry":{"type":"Point","coordinates":[-85.89111,43.46887]}},{"type":"Feature","properties":{"i":0.13},"geometry":{"type":"Point","coordinates":[-86.33057,43.43697]}},{"type":"Feature","properties":{"i":0.16},"geometry":{"type":"Point","coordinates":[-86.02295,43.43697]}},{"type":"Feature","properties":{"i":0.58},"geometry":{"type":"Point","coordinates":[-85.93506,43.43697]}},{"type":"Feature","properties":{"i":0.36},"geometry":{"type":"Point","coordinates":[-85.80322,43.43697]}},{"type":"Feature","properties":{"i":0.74},"geometry":{"type":"Point","coordinates":[-86.37451,43.40505]}},{"type":"Feature","properties":{"i":0.93},"geometry":{"type":"Point","coordinates":[-86.33057,43.40505]}},{"type":"Feature","properties":{"i":0.85},"geometry":{"type":"Point","coordinates":[-86.28662,43.40505]}},{"type":"Feature","properties":{"i":0.43},"geometry":{"type":"Point","coordinates":[-86.06689,43.40505]}},{"type":"Feature","properties":{"i":1},"geometry":{"type":"Point","coordinates":[-85.80322,43.40505]}},{"type":"Feature","properties":{"i":0.36},"geometry":{"type":"Point","coordinates":[-85.75928,43.40505]}},{"type":"Feature","properties":{"i":0.85},"geometry":{"type":"Point","coordinates":[-86.33057,43.37311]}},{"type":"Feature","properties":{"i":0.28},"geometry":{"type":"Point","coordinates":[-86.28662,43.37311]}},{"type":"Feature","properties":{"i":0.22},"geometry":{"type":"Point","coordinates":[-86.24268,43.37311]}},{"type":"Feature","properties":{"i":0.33},"geometry":{"type":"Point","coordinates":[-86.15479,43.37311]}},{"type":"Feature","properties":{"i":0.1},"geometry":{"type":"Point","coordinates":[-85.80322,43.37311]}},{"type":"Feature","properties":{"i":0.02},"geometry":{"type":"Point","coordinates":[-85.75928,43.37311]}},{"type":"Feature","properties":{"i":0.18},"geometry":{"type":"Point","coordinates":[-86.28662,43.34116]}},{"type":"Feature","properties":{"i":0.46},"geometry":{"type":"Point","coordinates":[-86.24268,43.34116]}},{"type":"Feature","properties":{"i":0.02},"geometry":{"type":"Point","coordinates":[-86.19873,43.34116]}},{"type":"Feature","properties":{"i":0.41},"geometry":{"type":"Point","coordinates":[-86.15479,43.34116]}},{"type":"Feature","properties":{"i":0.02},"geometry":{"type":"Point","coordinates":[-85.93506,43.34116]}},{"type":"Feature","properties":{"i":0.86},"geometry":{"type":"Point","coordinates":[-85.80322,43.34116]}},{"type":"Feature","properties":{"i":0.46},"geometry":{"type":"Point","coordinates":[-86.24268,43.30919]}},{"type":"Feature","properties":{"i":0.68},"geometry":{"type":"Point","coordinates":[-86.19873,43.30919]}},{"type":"Feature","properties":{"i":0.19},"geometry":{"type":"Point","coordinates":[-86.15479,43.30919]}},{"type":"Feature","properties":{"i":0.08},"geometry":{"type":"Point","coordinates":[-86.06689,43.30919]}},{"type":"Feature","properties":{"i":0.45},"geometry":{"type":"Point","coordinates":[-85.80322,43.30919]}},{"type":"Feature","properties":{"i":0.32},"geometry":{"type":"Point","coordinates":[-86.28662,43.27721]}},{"type":"Feature","properties":{"i":0.94},"geometry":{"type":"Point","coordinates":[-86.24268,43.27721]}},{"type":"Feature","properties":{"i":1},"geometry":{"type":"Point","coordinates":[-86.19873,43.27721]}},{"type":"Feature","properties":{"i":0.15},"geometry":{"type":"Point","coordinates":[-86.15479,43.27721]}},{"type":"Feature","properties":{"i":0.09},"geometry":{"type":"Point","coordinates":[-86.02295,43.27721]}},{"type":"Feature","properties":{"i":0.15},"geometry":{"type":"Point","coordinates":[-85.80322,43.27721]}},{"type":"Feature","properties":{"i":0.42},"geometry":{"type":"Point","coordinates":[-86.28662,43.2452]}},{"type":"Feature","properties":{"i":1},"geometry":{"type":"Point","coordinates":[-86.24268,43.2452]}},{"type":"Feature","properties":{"i":1},"geometry":{"type":"Point","coordinates":[-86.19873,43.2452]}},{"type":"Feature","properties":{"i":0.78},"geometry":{"type":"Point","coordinates":[-86.15479,43.2452]}},{"type":"Feature","properties":{"i":0.58},"geometry":{"type":"Point","coordinates":[-86.11084,43.2452]}},{"type":"Feature","properties":{"i":0.58},"geometry":{"type":"Point","coordinates":[-86.06689,43.2452]}},{"type":"Feature","properties":{"i":0.05},"geometry":{"type":"Point","coordinates":[-85.89111,43.2452]}},{"type":"Feature","properties":{"i":0.38},"geometry":{"type":"Point","coordinates":[-85.80322,43.2452]}},{"type":"Feature","properties":{"i":0.12},"geometry":{"type":"Point","coordinates":[-85.75928,43.2452]}},{"type":"Feature","properties":{"i":0.41},"geometry":{"type":"Point","coordinates":[-86.33057,43.21318]}},{"type":"Feature","properties":{"i":1},"geometry":{"type":"Point","coordinates":[-86.28662,43.21318]}},{"type":"Feature","properties":{"i":1},"geometry":{"type":"Point","coordinates":[-86.24268,43.21318]}},{"type":"Feature","properties":{"i":1},"geometry":{"type":"Point","coordinates":[-86.19873,43.21318]}},{"type":"Feature","properties":{"i":1},"geometry":{"type":"Point","coordinates":[-86.15479,43.21318]}},{"type":"Feature","properties":{"i":0.72},"geometry":{"type":"Point","coordinates":[-86.11084,43.21318]}},{"type":"Feature","properties":{"i":0.17},"geometry":{"type":"Point","coordinates":[-86.06689,43.21318]}},{"type":"Feature","properties":{"i":0.39},"geometry":{"type":"Point","coordinates":[-85.93506,43.21318]}},{"type":"Feature","properties":{"i":0.67},"geometry":{"type":"Point","coordinates":[-85.75928,43.21318]}},{"type":"Feature","properties":{"i":1},"geometry":{"type":"Point","coordinates":[-86.28662,43.18115]}},{"type":"Feature","properties":{"i":1},"geometry":{"type":"Point","coordinates":[-86.24268,43.18115]}},{"type":"Feature","properties":{"i":0.72},"geometry":{"type":"Point","coordinates":[-86.19873,43.18115]}},{"type":"Feature","properties":{"i":0.6},"geometry":{"type":"Point","coordinates":[-86.15479,43.18115]}},{"type":"Feature","properties":{"i":0.08},"geometry":{"type":"Point","coordinates":[-86.11084,43.18115]}},{"type":"Feature","properties":{"i":0.09},"geometry":{"type":"Point","coordinates":[-86.06689,43.18115]}},{"type":"Feature","properties":{"i":0.8},"geometry":{"type":"Point","coordinates":[-85.93506,43.18115]}},{"type":"Feature","properties":{"i":0.54},"geometry":{"type":"Point","coordinates":[-86.28662,43.14909]}},{"type":"Feature","properties":{"i":0.79},"geometry":{"type":"Point","coordinates":[-86.24268,43.14909]}},{"type":"Feature","properties":{"i":1},"geometry":{"type":"Point","coordinates":[-86.19873,43.14909]}},{"type":"Feature","properties":{"i":0.49},"geometry":{"type":"Point","coordinates":[-86.15479,43.14909]}},{"type":"Feature","properties":{"i":0.04},"geometry":{"type":"Point","coordinates":[-86.11084,43.14909]}},{"type":"Feature","properties":{"i":0.3},"geometry":{"type":"Point","coordinates":[-85.979,43.14909]}},{"type":"Feature","properties":{"i":0.12},"geometry":{"type":"Point","coordinates":[-85.80322,43.14909]}},{"type":"Feature","properties":{"i":0.25},"geometry":{"type":"Point","coordinates":[-86.24268,43.11702]}},{"type":"Feature","properties":{"i":0.95},"geometry":{"type":"Point","coordinates":[-86.19873,43.11702]}},{"type":"Feature","properties":{"i":0.81},"geometry":{"type":"Point","coordinates":[-86.15479,43.11702]}},{"type":"Feature","properties":{"i":0.07},"geometry":{"type":"Point","coordinates":[-86.11084,43.11702]}},{"type":"Feature","properties":{"i":0.14},"geometry":{"type":"Point","coordinates":[-85.89111,43.11702]}},{"type":"Feature","properties":{"i":0.27},"geometry":{"type":"Point","coordinates":[-85.75928,43.11702]}},{"type":"Feature","properties":{"i":0.67},"geometry":{"type":"Point","coordinates":[-86.24268,43.08494]}},{"type":"Feature","properties":{"i":0.94},"geometry":{"type":"Point","coordinates":[-86.19873,43.08494]}},{"type":"Feature","properties":{"i":0.82},"geometry":{"type":"Point","coordinates":[-86.15479,43.08494]}},{"type":"Feature","properties":{"i":0.55},"geometry":{"type":"Point","coordinates":[-86.11084,43.08494]}},{"type":"Feature","properties":{"i":0.86},"geometry":{"type":"Point","coordinates":[-86.06689,43.08494]}},{"type":"Feature","properties":{"i":0.08},"geometry":{"type":"Point","coordinates":[-86.02295,43.08494]}},{"type":"Feature","properties":{"i":0.51},"geometry":{"type":"Point","coordinates":[-85.979,43.08494]}},{"type":"Feature","properties":{"i":0.21},"geometry":{"type":"Point","coordinates":[-85.93506,43.08494]}},{"type":"Feature","properties":{"i":0.25},"geometry":{"type":"Point","coordinates":[-89.67041,43.05283]}},{"type":"Feature","properties":{"i":0.6},"geometry":{"type":"Point","coordinates":[-89.58252,43.05283]}},{"type":"Feature","properties":{"i":0.99},"geometry":{"type":"Point","coordinates":[-89.53857,43.05283]}},{"type":"Feature","properties":{"i":1},"geometry":{"type":"Point","coordinates":[-89.49463,43.05283]}},{"type":"Feature","properties":{"i":1},"geometry":{"type":"Point","coordinates":[-89.45068,43.05283]}},{"type":"Feature","properties":{"i":1},"geometry":{"type":"Point","coordinates":[-89.40674,43.05283]}},{"type":"Feature","properties":{"i":1},"geometry":{"type":"Point","coordinates":[-89.36279,43.05283]}},{"type":"Feature","properties":{"i":1},"geometry":{"type":"Point","coordinates":[-89.31885,43.05283]}},{"type":"Feature","properties":{"i":1},"geometry":{"type":"Point","coordinates":[-89.2749,43.05283]}},{"type":"Feature","properties":{"i":0.75},"geometry":{"type":"Point","coordinates":[-89.23096,43.05283]}},{"type":"Feature","properties":{"i":0.55},"geometry":{"type":"Point","coordinates":[-89.18701,43.05283]}},{"type":"Feature","properties":{"i":0.6},"geometry":{"type":"Point","coordinates":[-89.09912,43.05283]}},{"type":"Feature","properties":{"i":0.7},"geometry":{"type":"Point","coordinates":[-89.05518,43.05283]}},{"type":"Feature","properties":{"i":0.22},"geometry":{"type":"Point","coordinates":[-88.96729,43.05283]}},{"type":"Feature","properties":{"i":0.67},"geometry":{"type":"Point","coordinates":[-88.92334,43.05283]}},{"type":"Feature","properties":{"i":0.23},"geometry":{"type":"Point","coordinates":[-88.87939,43.05283]}},{"type":"Feature","properties":{"i":0.49},"geometry":{"type":"Point","coordinates":[-88.7915,43.05283]}},{"type":"Feature","properties":{"i":0.25},"geometry":{"type":"Point","coordinates":[-88.74756,43.05283]}},{"type":"Feature","properties":{"i":0.25},"geometry":{"type":"Point","coordinates":[-88.57178,43.05283]}},{"type":"Feature","properties":{"i":0.17},"geometry":{"type":"Point","coordinates":[-88.52783,43.05283]}},{"type":"Feature","properties":{"i":1},"geometry":{"type":"Point","coordinates":[-88.48389,43.05283]}},{"type":"Feature","properties":{"i":0.68},"geometry":{"type":"Point","coordinates":[-88.43994,43.05283]}},{"type":"Feature","properties":{"i":1},"geometry":{"type":"Point","coordinates":[-88.396,43.05283]}},{"type":"Feature","properties":{"i":1},"geometry":{"type":"Point","coordinates":[-88.35205,43.05283]}},{"type":"Feature","properties":{"i":0.57},"geometry":{"type":"Point","coordinates":[-88.30811,43.05283]}},{"type":"Feature","properties":{"i":1},"geometry":{"type":"Point","coordinates":[-88.26416,43.05283]}},{"type":"Feature","properties":{"i":1},"geometry":{"type":"Point","coordinates":[-88.22021,43.05283]}},{"type":"Feature","properties":{"i":0.87},"geometry":{"type":"Point","coordinates":[-88.17627,43.05283]}},{"type":"Feature","properties":{"i":1},"geometry":{"type":"Point","coordinates":[-88.13232,43.05283]}},{"type":"Feature","properties":{"i":0.8},"geometry":{"type":"Point","coordinates":[-88.08838,43.05283]}},{"type":"Feature","properties":{"i":1},"geometry":{"type":"Point","coordinates":[-88.04443,43.05283]}},{"type":"Feature","properties":{"i":1},"geometry":{"type":"Point","coordinates":[-88.00049,43.05283]}},{"type":"Feature","properties":{"i":1},"geometry":{"type":"Point","coordinates":[-87.95654,43.05283]}},{"type":"Feature","properties":{"i":1},"geometry":{"type":"Point","coordinates":[-87.9126,43.05283]}},{"type":"Feature","properties":{"i":1},"geometry":{"type":"Point","coordinates":[-87.86865,43.05283]}},{"type":"Feature","properties":{"i":0.22},"geometry":{"type":"Point","coordinates":[-87.82471,43.05283]}},{"type":"Feature","properties":{"i":0.73},"geometry":{"type":"Point","coordinates":[-89.71436,43.02071]}},{"type":"Feature","properties":{"i":0.31},"geometry":{"type":"Point","coordinates":[-89.58252,43.02071]}},{"type":"Feature","properties":{"i":0.79},"geometry":{"type":"Point","coordinates":[-89.53857,43.02071]}},{"type":"Feature","properties":{"i":1},"geometry":{"type":"Point","coordinates":[-89.49463,43.02071]}},{"type":"Feature","properties":{"i":1},"geometry":{"type":"Point","coordinates":[-89.45068,43.02071]}},{"type":"Feature","properties":{"i":1},"geometry":{"type":"Point","coordinates":[-89.40674,43.02071]}},{"type":"Feature","properties":{"i":1},"geometry":{"type":"Point","coordinates":[-89.36279,43.02071]}},{"type":"Feature","properties":{"i":1},"geometry":{"type":"Point","coordinates":[-89.31885,43.02071]}},{"type":"Feature","properties":{"i":0.81},"geometry":{"type":"Point","coordinates":[-89.2749,43.02071]}},{"type":"Feature","properties":{"i":0.51},"geometry":{"type":"Point","coordinates":[-89.23096,43.02071]}},{"type":"Feature","properties":{"i":0.46},"geometry":{"type":"Point","coordinates":[-89.18701,43.02071]}},{"type":"Feature","properties":{"i":0.16},"geometry":{"type":"Point","coordinates":[-89.09912,43.02071]}},{"type":"Feature","properties":{"i":0.27},"geometry":{"type":"Point","coordinates":[-89.05518,43.02071]}},{"type":"Feature","properties":{"i":0.91},"geometry":{"type":"Point","coordinates":[-89.01123,43.02071]}},{"type":"Feature","properties":{"i":0.19},"geometry":{"type":"Point","coordinates":[-88.96729,43.02071]}},{"type":"Feature","properties":{"i":0.18},"geometry":{"type":"Point","coordinates":[-88.87939,43.02071]}},{"type":"Feature","properties":{"i":0.83},"geometry":{"type":"Point","coordinates":[-88.83545,43.02071]}},{"type":"Feature","properties":{"i":0.83},"geometry":{"type":"Point","coordinates":[-88.7915,43.02071]}},{"type":"Feature","properties":{"i":0.13},"geometry":{"type":"Point","coordinates":[-88.70361,43.02071]}},{"type":"Feature","properties":{"i":0.5},"geometry":{"type":"Point","coordinates":[-88.61572,43.02071]}},{"type":"Feature","properties":{"i":0.43},"geometry":{"type":"Point","coordinates":[-88.57178,43.02071]}},{"type":"Feature","properties":{"i":0.56},"geometry":{"type":"Point","coordinates":[-88.48389,43.02071]}},{"type":"Feature","properties":{"i":0.82},"geometry":{"type":"Point","coordinates":[-88.43994,43.02071]}},{"type":"Feature","properties":{"i":0.96},"geometry":{"type":"Point","coordinates":[-88.396,43.02071]}},{"type":"Feature","properties":{"i":0.73},"geometry":{"type":"Point","coordinates":[-88.35205,43.02071]}},{"type":"Feature","properties":{"i":0.72},"geometry":{"type":"Point","coordinates":[-88.30811,43.02071]}},{"type":"Feature","properties":{"i":0.96},"geometry":{"type":"Point","coordinates":[-88.26416,43.02071]}},{"type":"Feature","properties":{"i":1},"geometry":{"type":"Point","coordinates":[-88.22021,43.02071]}},{"type":"Feature","properties":{"i":1},"geometry":{"type":"Point","coordinates":[-88.17627,43.02071]}},{"type":"Feature","properties":{"i":1},"geometry":{"type":"Point","coordinates":[-88.13232,43.02071]}},{"type":"Feature","properties":{"i":1},"geometry":{"type":"Point","coordinates":[-88.08838,43.02071]}},{"type":"Feature","properties":{"i":1},"geometry":{"type":"Point","coordinates":[-88.04443,43.02071]}},{"type":"Feature","properties":{"i":1},"geometry":{"type":"Point","coordinates":[-88.00049,43.02071]}},{"type":"Feature","properties":{"i":1},"geometry":{"type":"Point","coordinates":[-87.95654,43.02071]}},{"type":"Feature","properties":{"i":1},"geometry":{"type":"Point","coordinates":[-87.9126,43.02071]}},{"type":"Feature","properties":{"i":0.76},"geometry":{"type":"Point","coordinates":[-87.86865,43.02071]}},{"type":"Feature","properties":{"i":0.14},"geometry":{"type":"Point","coordinates":[-87.82471,43.02071]}},{"type":"Feature","properties":{"i":0.94},"geometry":{"type":"Point","coordinates":[-89.71436,42.98858]}},{"type":"Feature","properties":{"i":0.09},"geometry":{"type":"Point","coordinates":[-89.67041,42.98858]}},{"type":"Feature","properties":{"i":0.5},"geometry":{"type":"Point","coordinates":[-89.58252,42.98858]}},{"type":"Feature","properties":{"i":1},"geometry":{"type":"Point","coordinates":[-89.53857,42.98858]}},{"type":"Feature","properties":{"i":0.71},"geometry":{"type":"Point","coordinates":[-89.49463,42.98858]}},{"type":"Feature","properties":{"i":0.88},"geometry":{"type":"Point","coordinates":[-89.45068,42.98858]}},{"type":"Feature","properties":{"i":0.92},"geometry":{"type":"Point","coordinates":[-89.40674,42.98858]}},{"type":"Feature","properties":{"i":0.79},"geometry":{"type":"Point","coordinates":[-89.36279,42.98858]}},{"type":"Feature","properties":{"i":0.33},"geometry":{"type":"Point","coordinates":[-89.31885,42.98858]}},{"type":"Feature","properties":{"i":0.3},"geometry":{"type":"Point","coordinates":[-89.2749,42.98858]}},{"type":"Feature","properties":{"i":0.47},"geometry":{"type":"Point","coordinates":[-89.23096,42.98858]}},{"type":"Feature","properties":{"i":0.21},"geometry":{"type":"Point","coordinates":[-89.18701,42.98858]}},{"type":"Feature","properties":{"i":0.28},"geometry":{"type":"Point","coordinates":[-89.09912,42.98858]}},{"type":"Feature","properties":{"i":0.3},"geometry":{"type":"Point","coordinates":[-89.05518,42.98858]}},{"type":"Feature","properties":{"i":0.87},"geometry":{"type":"Point","coordinates":[-89.01123,42.98858]}},{"type":"Feature","properties":{"i":0.17},"geometry":{"type":"Point","coordinates":[-88.96729,42.98858]}},{"type":"Feature","properties":{"i":0.09},"geometry":{"type":"Point","coordinates":[-88.92334,42.98858]}},{"type":"Feature","properties":{"i":1},"geometry":{"type":"Point","coordinates":[-88.83545,42.98858]}},{"type":"Feature","properties":{"i":1},"geometry":{"type":"Point","coordinates":[-88.7915,42.98858]}},{"type":"Feature","properties":{"i":0.27},"geometry":{"type":"Point","coordinates":[-88.61572,42.98858]}},{"type":"Feature","properties":{"i":0.34},"geometry":{"type":"Point","coordinates":[-88.57178,42.98858]}},{"type":"Feature","properties":{"i":0.22},"geometry":{"type":"Point","coordinates":[-88.48389,42.98858]}},{"type":"Feature","properties":{"i":0.84},"geometry":{"type":"Point","coordinates":[-88.43994,42.98858]}},{"type":"Feature","properties":{"i":0.74},"geometry":{"type":"Point","coordinates":[-88.396,42.98858]}},{"type":"Feature","properties":{"i":0.63},"geometry":{"type":"Point","coordinates":[-88.35205,42.98858]}},{"type":"Feature","properties":{"i":0.41},"geometry":{"type":"Point","coordinates":[-88.30811,42.98858]}},{"type":"Feature","properties":{"i":1},"geometry":{"type":"Point","coordinates":[-88.26416,42.98858]}},{"type":"Feature","properties":{"i":1},"geometry":{"type":"Point","coordinates":[-88.22021,42.98858]}},{"type":"Feature","properties":{"i":0.91},"geometry":{"type":"Point","coordinates":[-88.17627,42.98858]}},{"type":"Feature","properties":{"i":1},"geometry":{"type":"Point","coordinates":[-88.13232,42.98858]}},{"type":"Feature","properties":{"i":1},"geometry":{"type":"Point","coordinates":[-88.08838,42.98858]}},{"type":"Feature","properties":{"i":1},"geometry":{"type":"Point","coordinates":[-88.04443,42.98858]}},{"type":"Feature","properties":{"i":1},"geometry":{"type":"Point","coordinates":[-88.00049,42.98858]}},{"type":"Feature","properties":{"i":1},"geometry":{"type":"Point","coordinates":[-87.95654,42.98858]}},{"type":"Feature","properties":{"i":1},"geometry":{"type":"Point","coordinates":[-87.9126,42.98858]}},{"type":"Feature","properties":{"i":1},"geometry":{"type":"Point","coordinates":[-87.86865,42.98858]}},{"type":"Feature","properties":{"i":0.15},"geometry":{"type":"Point","coordinates":[-87.82471,42.98858]}},{"type":"Feature","properties":{"i":0.56},"geometry":{"type":"Point","coordinates":[-89.53857,42.95642]}},{"type":"Feature","properties":{"i":1},"geometry":{"type":"Point","coordinates":[-89.49463,42.95642]}},{"type":"Feature","properties":{"i":0.68},"geometry":{"type":"Point","coordinates":[-89.40674,42.95642]}},{"type":"Feature","properties":{"i":0.3},"geometry":{"type":"Point","coordinates":[-89.36279,42.95642]}},{"type":"Feature","properties":{"i":0.33},"geometry":{"type":"Point","coordinates":[-89.2749,42.95642]}},{"type":"Feature","properties":{"i":0.17},"geometry":{"type":"Point","coordinates":[-89.23096,42.95642]}},{"type":"Feature","properties":{"i":0.27},"geometry":{"type":"Point","coordinates":[-88.87939,42.95642]}},{"type":"Feature","properties":{"i":0.6},"geometry":{"type":"Point","coordinates":[-88.83545,42.95642]}},{"type":"Feature","properties":{"i":0.09},"geometry":{"type":"Point","coordinates":[-88.48389,42.95642]}},{"type":"Feature","properties":{"i":0.29},"geometry":{"type":"Point","coordinates":[-88.396,42.95642]}},{"type":"Feature","properties":{"i":0.35},"geometry":{"type":"Point","coordinates":[-88.35205,42.95642]}},{"type":"Feature","properties":{"i":0.42},"geometry":{"type":"Point","coordinates":[-88.30811,42.95642]}},{"type":"Feature","properties":{"i":0.74},"geometry":{"type":"Point","coordinates":[-88.26416,42.95642]}},{"type":"Feature","properties":{"i":0.59},"geometry":{"type":"Point","coordinates":[-88.22021,42.95642]}},{"type":"Feature","properties":{"i":0.5},"geometry":{"type":"Point","coordinates":[-88.17627,42.95642]}},{"type":"Feature","properties":{"i":1},"geometry":{"type":"Point","coordinates":[-88.13232,42.95642]}},{"type":"Feature","properties":{"i":1},"geometry":{"type":"Point","coordinates":[-88.08838,42.95642]}},{"type":"Feature","properties":{"i":1},"geometry":{"type":"Point","coordinates":[-88.04443,42.95642]}},{"type":"Feature","properties":{"i":1},"geometry":{"type":"Point","coordinates":[-88.00049,42.95642]}},{"type":"Feature","properties":{"i":1},"geometry":{"type":"Point","coordinates":[-87.95654,42.95642]}},{"type":"Feature","properties":{"i":1},"geometry":{"type":"Point","coordinates":[-87.9126,42.95642]}},{"type":"Feature","properties":{"i":1},"geometry":{"type":"Point","coordinates":[-87.86865,42.95642]}},{"type":"Feature","properties":{"i":0.93},"geometry":{"type":"Point","coordinates":[-87.82471,42.95642]}},{"type":"Feature","properties":{"i":0.25},"geometry":{"type":"Point","coordinates":[-89.53857,42.92425]}},{"type":"Feature","properties":{"i":0.1},"geometry":{"type":"Point","coordinates":[-89.49463,42.92425]}},{"type":"Feature","properties":{"i":0.92},"geometry":{"type":"Point","coordinates":[-89.40674,42.92425]}},{"type":"Feature","properties":{"i":1},"geometry":{"type":"Point","coordinates":[-89.36279,42.92425]}},{"type":"Feature","properties":{"i":0.84},"geometry":{"type":"Point","coordinates":[-89.2749,42.92425]}},{"type":"Feature","properties":{"i":1},"geometry":{"type":"Point","coordinates":[-89.23096,42.92425]}},{"type":"Feature","properties":{"i":0.83},"geometry":{"type":"Point","coordinates":[-89.18701,42.92425]}},{"type":"Feature","properties":{"i":0.05},"geometry":{"type":"Point","coordinates":[-89.09912,42.92425]}},{"type":"Feature","properties":{"i":0.92},"geometry":{"type":"Point","coordinates":[-88.87939,42.92425]}},{"type":"Feature","properties":{"i":1},"geometry":{"type":"Point","coordinates":[-88.83545,42.92425]}},{"type":"Feature","properties":{"i":0.03},"geometry":{"type":"Point","coordinates":[-88.7915,42.92425]}},{"type":"Feature","properties":{"i":0.17},"geometry":{"type":"Point","coordinates":[-88.70361,42.92425]}},{"type":"Feature","properties":{"i":0.02},"geometry":{"type":"Point","coordinates":[-88.65967,42.92425]}},{"type":"Feature","properties":{"i":0.19},"geometry":{"type":"Point","coordinates":[-88.43994,42.92425]}},{"type":"Feature","properties":{"i":0.63},"geometry":{"type":"Point","coordinates":[-88.396,42.92425]}},{"type":"Feature","properties":{"i":0.33},"geometry":{"type":"Point","coordinates":[-88.35205,42.92425]}},{"type":"Feature","properties":{"i":0.13},"geometry":{"type":"Point","coordinates":[-88.26416,42.92425]}},{"type":"Feature","properties":{"i":0.82},"geometry":{"type":"Point","coordinates":[-88.22021,42.92425]}},{"type":"Feature","properties":{"i":0.8},"geometry":{"type":"Point","coordinates":[-88.17627,42.92425]}},{"type":"Feature","properties":{"i":0.91},"geometry":{"type":"Point","coordinates":[-88.13232,42.92425]}},{"type":"Feature","properties":{"i":0.85},"geometry":{"type":"Point","coordinates":[-88.08838,42.92425]}},{"type":"Feature","properties":{"i":1},"geometry":{"type":"Point","coordinates":[-88.04443,42.92425]}},{"type":"Feature","properties":{"i":1},"geometry":{"type":"Point","coordinates":[-88.00049,42.92425]}},{"type":"Feature","properties":{"i":1},"geometry":{"type":"Point","coordinates":[-87.95654,42.92425]}},{"type":"Feature","properties":{"i":1},"geometry":{"type":"Point","coordinates":[-87.9126,42.92425]}},{"type":"Feature","properties":{"i":1},"geometry":{"type":"Point","coordinates":[-87.86865,42.92425]}},{"type":"Feature","properties":{"i":0.6},"geometry":{"type":"Point","coordinates":[-87.82471,42.92425]}},{"type":"Feature","properties":{"i":0.29},"geometry":{"type":"Point","coordinates":[-89.36279,42.89206]}},{"type":"Feature","properties":{"i":0.32},"geometry":{"type":"Point","coordinates":[-89.23096,42.89206]}},{"type":"Feature","properties":{"i":0.44},"geometry":{"type":"Point","coordinates":[-89.18701,42.89206]}},{"type":"Feature","properties":{"i":0.31},"geometry":{"type":"Point","coordinates":[-88.87939,42.89206]}},{"type":"Feature","properties":{"i":1},"geometry":{"type":"Point","coordinates":[-88.83545,42.89206]}},{"type":"Feature","properties":{"i":0.34},"geometry":{"type":"Point","coordinates":[-88.65967,42.89206]}},{"type":"Feature","properties":{"i":0.88},"geometry":{"type":"Point","coordinates":[-88.61572,42.89206]}},{"type":"Feature","properties":{"i":0.44},"geometry":{"type":"Point","coordinates":[-88.57178,42.89206]}},{"type":"Feature","properties":{"i":0.48},"geometry":{"type":"Point","coordinates":[-88.48389,42.89206]}},{"type":"Feature","properties":{"i":0.66},"geometry":{"type":"Point","coordinates":[-88.43994,42.89206]}},{"type":"Feature","properties":{"i":0.3},"geometry":{"type":"Point","coordinates":[-88.396,42.89206]}},{"type":"Feature","properties":{"i":0.98},"geometry":{"type":"Point","coordinates":[-88.35205,42.89206]}},{"type":"Feature","properties":{"i":0.12},"geometry":{"type":"Point","coordinates":[-88.30811,42.89206]}},{"type":"Feature","properties":{"i":0.38},"geometry":{"type":"Point","coordinates":[-88.26416,42.89206]}},{"type":"Feature","properties":{"i":0.57},"geometry":{"type":"Point","coordinates":[-88.22021,42.89206]}},{"type":"Feature","properties":{"i":0.64},"geometry":{"type":"Point","coordinates":[-88.17627,42.89206]}},{"type":"Feature","properties":{"i":1},"geometry":{"type":"Point","coordinates":[-88.13232,42.89206]}},{"type":"Feature","properties":{"i":0.46},"geometry":{"type":"Point","coordinates":[-88.08838,42.89206]}},{"type":"Feature","properties":{"i":0.87},"geometry":{"type":"Point","coordinates":[-88.04443,42.89206]}},{"type":"Feature","properties":{"i":0.95},"geometry":{"type":"Point","coordinates":[-88.00049,42.89206]}},{"type":"Feature","properties":{"i":1},"geometry":{"type":"Point","coordinates":[-87.95654,42.89206]}},{"type":"Feature","properties":{"i":1},"geometry":{"type":"Point","coordinates":[-87.9126,42.89206]}},{"type":"Feature","properties":{"i":1},"geometry":{"type":"Point","coordinates":[-87.86865,42.89206]}},{"type":"Feature","properties":{"i":0.59},"geometry":{"type":"Point","coordinates":[-87.82471,42.89206]}},{"type":"Feature","properties":{"i":0.23},"geometry":{"type":"Point","coordinates":[-89.58252,42.85986]}},{"type":"Feature","properties":{"i":0.7},"geometry":{"type":"Point","coordinates":[-89.53857,42.85986]}},{"type":"Feature","properties":{"i":0.57},"geometry":{"type":"Point","coordinates":[-89.36279,42.85986]}},{"type":"Feature","properties":{"i":0.25},"geometry":{"type":"Point","coordinates":[-89.31885,42.85986]}},{"type":"Feature","properties":{"i":0.6},"geometry":{"type":"Point","coordinates":[-89.05518,42.85986]}},{"type":"Feature","properties":{"i":0.42},"geometry":{"type":"Point","coordinates":[-88.74756,42.85986]}},{"type":"Feature","properties":{"i":0.75},"geometry":{"type":"Point","coordinates":[-88.70361,42.85986]}},{"type":"Feature","properties":{"i":0.47},"geometry":{"type":"Point","coordinates":[-88.61572,42.85986]}},{"type":"Feature","properties":{"i":0.47},"geometry":{"type":"Point","coordinates":[-88.57178,42.85986]}},{"type":"Feature","properties":{"i":0.31},"geometry":{"type":"Point","coordinates":[-88.48389,42.85986]}},{"type":"Feature","properties":{"i":0.21},"geometry":{"type":"Point","coordinates":[-88.43994,42.85986]}},{"type":"Feature","properties":{"i":0.38},"geometry":{"type":"Point","coordinates":[-88.396,42.85986]}},{"type":"Feature","properties":{"i":1},"geometry":{"type":"Point","coordinates":[-88.35205,42.85986]}},{"type":"Feature","properties":{"i":1},"geometry":{"type":"Point","coordinates":[-88.30811,42.85986]}},{"type":"Feature","properties":{"i":0.35},"geometry":{"type":"Point","coordinates":[-88.22021,42.85986]}},{"type":"Feature","properties":{"i":0.19},"geometry":{"type":"Point","coordinates":[-88.17627,42.85986]}},{"type":"Feature","properties":{"i":0.18},"geometry":{"type":"Point","coordinates":[-88.13232,42.85986]}},{"type":"Feature","properties":{"i":0.55},"geometry":{"type":"Point","coordinates":[-88.08838,42.85986]}},{"type":"Feature","properties":{"i":0.42},"geometry":{"type":"Point","coordinates":[-88.04443,42.85986]}},{"type":"Feature","properties":{"i":1},"geometry":{"type":"Point","coordinates":[-88.00049,42.85986]}},{"type":"Feature","properties":{"i":1},"geometry":{"type":"Point","coordinates":[-87.95654,42.85986]}},{"type":"Feature","properties":{"i":1},"geometry":{"type":"Point","coordinates":[-87.9126,42.85986]}},{"type":"Feature","properties":{"i":0.91},"geometry":{"type":"Point","coordinates":[-87.86865,42.85986]}},{"type":"Feature","properties":{"i":0.95},"geometry":{"type":"Point","coordinates":[-87.82471,42.85986]}},{"type":"Feature","properties":{"i":0.9},"geometry":{"type":"Point","coordinates":[-89.62646,42.82764]}},{"type":"Feature","properties":{"i":0.62},"geometry":{"type":"Point","coordinates":[-89.09912,42.82764]}},{"type":"Feature","properties":{"i":0.84},"geometry":{"type":"Point","coordinates":[-89.05518,42.82764]}},{"type":"Feature","properties":{"i":0.78},"geometry":{"type":"Point","coordinates":[-89.01123,42.82764]}},{"type":"Feature","properties":{"i":0.19},"geometry":{"type":"Point","coordinates":[-88.96729,42.82764]}},{"type":"Feature","properties":{"i":0.22},"geometry":{"type":"Point","coordinates":[-88.92334,42.82764]}},{"type":"Feature","properties":{"i":0.24},"geometry":{"type":"Point","coordinates":[-88.7915,42.82764]}},{"type":"Feature","properties":{"i":1},"geometry":{"type":"Point","coordinates":[-88.74756,42.82764]}},{"type":"Feature","properties":{"i":0.78},"geometry":{"type":"Point","coordinates":[-88.70361,42.82764]}},{"type":"Feature","properties":{"i":0.25},"geometry":{"type":"Point","coordinates":[-88.61572,42.82764]}},{"type":"Feature","properties":{"i":0.22},"geometry":{"type":"Point","coordinates":[-88.57178,42.82764]}},{"type":"Feature","properties":{"i":0.07},"geometry":{"type":"Point","coordinates":[-88.52783,42.82764]}},{"type":"Feature","properties":{"i":0.08},"geometry":{"type":"Point","coordinates":[-88.396,42.82764]}},{"type":"Feature","properties":{"i":0.39},"geometry":{"type":"Point","coordinates":[-88.35205,42.82764]}},{"type":"Feature","properties":{"i":0.78},"geometry":{"type":"Point","coordinates":[-88.30811,42.82764]}},{"type":"Feature","properties":{"i":0.15},"geometry":{"type":"Point","coordinates":[-88.26416,42.82764]}},{"type":"Feature","properties":{"i":0.12},"geometry":{"type":"Point","coordinates":[-88.22021,42.82764]}},{"type":"Feature","properties":{"i":0.41},"geometry":{"type":"Point","coordinates":[-88.17627,42.82764]}},{"type":"Feature","properties":{"i":0.08},"geometry":{"type":"Point","coordinates":[-88.13232,42.82764]}},{"type":"Feature","properties":{"i":0.72},"geometry":{"type":"Point","coordinates":[-88.08838,42.82764]}},{"type":"Feature","properties":{"i":0.18},"geometry":{"type":"Point","coordinates":[-88.04443,42.82764]}},{"type":"Feature","properties":{"i":0.21},"geometry":{"type":"Point","coordinates":[-88.00049,42.82764]}},{"type":"Feature","properties":{"i":1},"geometry":{"type":"Point","coordinates":[-87.95654,42.82764]}},{"type":"Feature","properties":{"i":0.64},"geometry":{"type":"Point","coordinates":[-87.9126,42.82764]}},{"type":"Feature","properties":{"i":0.65},"geometry":{"type":"Point","coordinates":[-87.86865,42.82764]}},{"type":"Feature","properties":{"i":0.92},"geometry":{"type":"Point","coordinates":[-87.82471,42.82764]}},{"type":"Feature","properties":{"i":0.14},"geometry":{"type":"Point","coordinates":[-87.78076,42.82764]}},{"type":"Feature","properties":{"i":0.94},"geometry":{"type":"Point","coordinates":[-89.62646,42.7954]}},{"type":"Feature","properties":{"i":0.47},"geometry":{"type":"Point","coordinates":[-89.31885,42.7954]}},{"type":"Feature","properties":{"i":0.84},"geometry":{"type":"Point","coordinates":[-89.2749,42.7954]}},{"type":"Feature","properties":{"i":0.08},"geometry":{"type":"Point","coordinates":[-89.05518,42.7954]}},{"type":"Feature","properties":{"i":0.53},"geometry":{"type":"Point","coordinates":[-88.96729,42.7954]}},{"type":"Feature","properties":{"i":0.51},"geometry":{"type":"Point","coordinates":[-88.92334,42.7954]}},{"type":"Feature","properties":{"i":0.33},"geometry":{"type":"Point","coordinates":[-88.7915,42.7954]}},{"type":"Feature","properties":{"i":0.08},"geometry":{"type":"Point","coordinates":[-88.70361,42.7954]}},{"type":"Feature","properties":{"i":0.27},"geometry":{"type":"Point","coordinates":[-88.61572,42.7954]}},{"type":"Feature","properties":{"i":0.1},"geometry":{"type":"Point","coordinates":[-88.52783,42.7954]}},{"type":"Feature","properties":{"i":0.05},"geometry":{"type":"Point","coordinates":[-88.48389,42.7954]}},{"type":"Feature","properties":{"i":0.71},"geometry":{"type":"Point","coordinates":[-88.43994,42.7954]}},{"type":"Feature","properties":{"i":0.99},"geometry":{"type":"Point","coordinates":[-88.396,42.7954]}},{"type":"Feature","properties":{"i":0.47},"geometry":{"type":"Point","coordinates":[-88.35205,42.7954]}},{"type":"Feature","properties":{"i":0.23},"geometry":{"type":"Point","coordinates":[-88.22021,42.7954]}},{"type":"Feature","properties":{"i":0.38},"geometry":{"type":"Point","coordinates":[-88.17627,42.7954]}},{"type":"Feature","properties":{"i":0.13},"geometry":{"type":"Point","coordinates":[-88.13232,42.7954]}},{"type":"Feature","properties":{"i":0.58},"geometry":{"type":"Point","coordinates":[-88.08838,42.7954]}},{"type":"Feature","properties":{"i":0.02},"geometry":{"type":"Point","coordinates":[-88.04443,42.7954]}},{"type":"Feature","properties":{"i":0.23},"geometry":{"type":"Point","coordinates":[-88.00049,42.7954]}},{"type":"Feature","properties":{"i":0.81},"geometry":{"type":"Point","coordinates":[-87.95654,42.7954]}},{"type":"Feature","properties":{"i":0.27},"geometry":{"type":"Point","coordinates":[-87.9126,42.7954]}},{"type":"Feature","properties":{"i":0.32},"geometry":{"type":"Point","coordinates":[-87.86865,42.7954]}},{"type":"Feature","properties":{"i":1},"geometry":{"type":"Point","coordinates":[-87.82471,42.7954]}},{"type":"Feature","properties":{"i":0.77},"geometry":{"type":"Point","coordinates":[-87.78076,42.7954]}},{"type":"Feature","properties":{"i":0.14},"geometry":{"type":"Point","coordinates":[-89.58252,42.76315]}},{"type":"Feature","properties":{"i":0.42},"geometry":{"type":"Point","coordinates":[-89.31885,42.76315]}},{"type":"Feature","properties":{"i":0.81},"geometry":{"type":"Point","coordinates":[-89.2749,42.76315]}},{"type":"Feature","properties":{"i":0.46},"geometry":{"type":"Point","coordinates":[-89.01123,42.76315]}},{"type":"Feature","properties":{"i":0.67},"geometry":{"type":"Point","coordinates":[-88.96729,42.76315]}},{"type":"Feature","properties":{"i":1},"geometry":{"type":"Point","coordinates":[-88.92334,42.76315]}},{"type":"Feature","properties":{"i":1},"geometry":{"type":"Point","coordinates":[-88.87939,42.76315]}},{"type":"Feature","properties":{"i":0.8},"geometry":{"type":"Point","coordinates":[-88.61572,42.76315]}},{"type":"Feature","properties":{"i":0.14},"geometry":{"type":"Point","coordinates":[-88.57178,42.76315]}},{"type":"Feature","properties":{"i":0.46},"geometry":{"type":"Point","coordinates":[-88.43994,42.76315]}},{"type":"Feature","properties":{"i":0.87},"geometry":{"type":"Point","coordinates":[-88.396,42.76315]}},{"type":"Feature","properties":{"i":0.24},"geometry":{"type":"Point","coordinates":[-88.26416,42.76315]}},{"type":"Feature","properties":{"i":0.96},"geometry":{"type":"Point","coordinates":[-88.22021,42.76315]}},{"type":"Feature","properties":{"i":0.63},"geometry":{"type":"Point","coordinates":[-88.17627,42.76315]}},{"type":"Feature","properties":{"i":0.17},"geometry":{"type":"Point","coordinates":[-88.13232,42.76315]}},{"type":"Feature","properties":{"i":0.24},"geometry":{"type":"Point","coordinates":[-88.08838,42.76315]}},{"type":"Feature","properties":{"i":0.11},"geometry":{"type":"Point","coordinates":[-88.04443,42.76315]}},{"type":"Feature","properties":{"i":0.03},"geometry":{"type":"Point","coordinates":[-88.00049,42.76315]}},{"type":"Feature","properties":{"i":1},"geometry":{"type":"Point","coordinates":[-87.95654,42.76315]}},{"type":"Feature","properties":{"i":0.72},"geometry":{"type":"Point","coordinates":[-87.9126,42.76315]}},{"type":"Feature","properties":{"i":0.64},"geometry":{"type":"Point","coordinates":[-87.86865,42.76315]}},{"type":"Feature","properties":{"i":1},"geometry":{"type":"Point","coordinates":[-87.82471,42.76315]}},{"type":"Feature","properties":{"i":1},"geometry":{"type":"Point","coordinates":[-87.78076,42.76315]}},{"type":"Feature","properties":{"i":0.53},"geometry":{"type":"Point","coordinates":[-89.58252,42.73087]}},{"type":"Feature","properties":{"i":0.35},"geometry":{"type":"Point","coordinates":[-89.36279,42.73087]}},{"type":"Feature","properties":{"i":0.02},"geometry":{"type":"Point","coordinates":[-89.14307,42.73087]}},{"type":"Feature","properties":{"i":0.38},"geometry":{"type":"Point","coordinates":[-89.09912,42.73087]}},{"type":"Feature","properties":{"i":0.4},"geometry":{"type":"Point","coordinates":[-89.05518,42.73087]}},{"type":"Feature","properties":{"i":1},"geometry":{"type":"Point","coordinates":[-89.01123,42.73087]}},{"type":"Feature","properties":{"i":1},"geometry":{"type":"Point","coordinates":[-88.96729,42.73087]}},{"type":"Feature","properties":{"i":0.12},"geometry":{"type":"Point","coordinates":[-88.92334,42.73087]}},{"type":"Feature","properties":{"i":0.22},"geometry":{"type":"Point","coordinates":[-88.65967,42.73087]}},{"type":"Feature","properties":{"i":0.02},"geometry":{"type":"Point","coordinates":[-88.61572,42.73087]}},{"type":"Feature","properties":{"i":0.27},"geometry":{"type":"Point","coordinates":[-88.57178,42.73087]}},{"type":"Feature","properties":{"i":0.61},"geometry":{"type":"Point","coordinates":[-88.52783,42.73087]}},{"type":"Feature","properties":{"i":0.14},"geometry":{"type":"Point","coordinates":[-88.48389,42.73087]}},{"type":"Feature","properties":{"i":0.64},"geometry":{"type":"Point","coordinates":[-88.43994,42.73087]}},{"type":"Feature","properties":{"i":0.18},"geometry":{"type":"Point","coordinates":[-88.30811,42.73087]}},{"type":"Feature","properties":{"i":0.08},"geometry":{"type":"Point","coordinates":[-88.26416,42.73087]}},{"type":"Feature","properties":{"i":0.45},"geometry":{"type":"Point","coordinates":[-88.22021,42.73087]}},{"type":"Feature","properties":{"i":0.34},"geometry":{"type":"Point","coordinates":[-88.13232,42.73087]}},{"type":"Feature","properties":{"i":0.21},"geometry":{"type":"Point","coordinates":[-88.08838,42.73087]}},{"type":"Feature","properties":{"i":0.44},"geometry":{"type":"Point","coordinates":[-88.04443,42.73087]}},{"type":"Feature","properties":{"i":0.64},"geometry":{"type":"Point","coordinates":[-88.00049,42.73087]}},{"type":"Feature","properties":{"i":1},"geometry":{"type":"Point","coordinates":[-87.95654,42.73087]}},{"type":"Feature","properties":{"i":1},"geometry":{"type":"Point","coordinates":[-87.9126,42.73087]}},{"type":"Feature","properties":{"i":1},"geometry":{"type":"Point","coordinates":[-87.86865,42.73087]}},{"type":"Feature","properties":{"i":1},"geometry":{"type":"Point","coordinates":[-87.82471,42.73087]}},{"type":"Feature","properties":{"i":1},"geometry":{"type":"Point","coordinates":[-87.78076,42.73087]}},{"type":"Feature","properties":{"i":0.49},"geometry":{"type":"Point","coordinates":[-89.45068,42.69859]}},{"type":"Feature","properties":{"i":0.05},"geometry":{"type":"Point","coordinates":[-89.09912,42.69859]}},{"type":"Feature","properties":{"i":0.84},"geometry":{"type":"Point","coordinates":[-89.05518,42.69859]}},{"type":"Feature","properties":{"i":1},"geometry":{"type":"Point","coordinates":[-89.01123,42.69859]}},{"type":"Feature","properties":{"i":1},"geometry":{"type":"Point","coordinates":[-88.96729,42.69859]}},{"type":"Feature","properties":{"i":0.11},"geometry":{"type":"Point","coordinates":[-88.92334,42.69859]}},{"type":"Feature","properties":{"i":0.08},"geometry":{"type":"Point","coordinates":[-88.57178,42.69859]}},{"type":"Feature","properties":{"i":0.7},"geometry":{"type":"Point","coordinates":[-88.52783,42.69859]}},{"type":"Feature","properties":{"i":0.45},"geometry":{"type":"Point","coordinates":[-88.48389,42.69859]}},{"type":"Feature","properties":{"i":0.25},"geometry":{"type":"Point","coordinates":[-88.43994,42.69859]}},{"type":"Feature","properties":{"i":0.21},"geometry":{"type":"Point","coordinates":[-88.30811,42.69859]}},{"type":"Feature","properties":{"i":1},"geometry":{"type":"Point","coordinates":[-88.26416,42.69859]}},{"type":"Feature","properties":{"i":1},"geometry":{"type":"Point","coordinates":[-88.22021,42.69859]}},{"type":"Feature","properties":{"i":0.15},"geometry":{"type":"Point","coordinates":[-88.17627,42.69859]}},{"type":"Feature","properties":{"i":0.31},"geometry":{"type":"Point","coordinates":[-88.13232,42.69859]}},{"type":"Feature","properties":{"i":0.6},"geometry":{"type":"Point","coordinates":[-88.08838,42.69859]}},{"type":"Feature","properties":{"i":0.73},"geometry":{"type":"Point","coordinates":[-88.04443,42.69859]}},{"type":"Feature","properties":{"i":0.18},"geometry":{"type":"Point","coordinates":[-88.00049,42.69859]}},{"type":"Feature","properties":{"i":1},"geometry":{"type":"Point","coordinates":[-87.95654,42.69859]}},{"type":"Feature","properties":{"i":1},"geometry":{"type":"Point","coordinates":[-87.9126,42.69859]}},{"type":"Feature","properties":{"i":1},"geometry":{"type":"Point","coordinates":[-87.86865,42.69859]}},{"type":"Feature","properties":{"i":1},"geometry":{"type":"Point","coordinates":[-87.82471,42.69859]}},{"type":"Feature","properties":{"i":1},"geometry":{"type":"Point","coordinates":[-87.78076,42.69859]}},{"type":"Feature","properties":{"i":0.02},"geometry":{"type":"Point","coordinates":[-89.49463,42.66628]}},{"type":"Feature","properties":{"i":0.47},"geometry":{"type":"Point","coordinates":[-89.23096,42.66628]}},{"type":"Feature","properties":{"i":0.51},"geometry":{"type":"Point","coordinates":[-89.18701,42.66628]}},{"type":"Feature","properties":{"i":0.48},"geometry":{"type":"Point","coordinates":[-89.14307,42.66628]}},{"type":"Feature","properties":{"i":0.11},"geometry":{"type":"Point","coordinates":[-89.09912,42.66628]}},{"type":"Feature","properties":{"i":0.98},"geometry":{"type":"Point","coordinates":[-89.05518,42.66628]}},{"type":"Feature","properties":{"i":1},"geometry":{"type":"Point","coordinates":[-89.01123,42.66628]}},{"type":"Feature","properties":{"i":1},"geometry":{"type":"Point","coordinates":[-88.96729,42.66628]}},{"type":"Feature","properties":{"i":0.17},"geometry":{"type":"Point","coordinates":[-88.92334,42.66628]}},{"type":"Feature","properties":{"i":0.05},"geometry":{"type":"Point","coordinates":[-88.7915,42.66628]}},{"type":"Feature","properties":{"i":0.15},"geometry":{"type":"Point","coordinates":[-88.65967,42.66628]}},{"type":"Feature","properties":{"i":0.47},"geometry":{"type":"Point","coordinates":[-88.57178,42.66628]}},{"type":"Feature","properties":{"i":1},"geometry":{"type":"Point","coordinates":[-88.52783,42.66628]}},{"type":"Feature","properties":{"i":0.82},"geometry":{"type":"Point","coordinates":[-88.48389,42.66628]}},{"type":"Feature","properties":{"i":1},"geometry":{"type":"Point","coordinates":[-88.30811,42.66628]}},{"type":"Feature","properties":{"i":1},"geometry":{"type":"Point","coordinates":[-88.26416,42.66628]}},{"type":"Feature","properties":{"i":0.3},"geometry":{"type":"Point","coordinates":[-88.22021,42.66628]}},{"type":"Feature","properties":{"i":0.36},"geometry":{"type":"Point","coordinates":[-88.13232,42.66628]}},{"type":"Feature","properties":{"i":0.88},"geometry":{"type":"Point","coordinates":[-88.08838,42.66628]}},{"type":"Feature","properties":{"i":0.84},"geometry":{"type":"Point","coordinates":[-88.04443,42.66628]}},{"type":"Feature","properties":{"i":0.53},"geometry":{"type":"Point","coordinates":[-88.00049,42.66628]}},{"type":"Feature","properties":{"i":0.36},"geometry":{"type":"Point","coordinates":[-87.95654,42.66628]}},{"type":"Feature","properties":{"i":1},"geometry":{"type":"Point","coordinates":[-87.9126,42.66628]}},{"type":"Feature","properties":{"i":0.7},"geometry":{"type":"Point","coordinates":[-87.86865,42.66628]}},{"type":"Feature","properties":{"i":0.78},"geometry":{"type":"Point","coordinates":[-87.82471,42.66628]}},{"type":"Feature","properties":{"i":0.32},"geometry":{"type":"Point","coordinates":[-87.78076,42.66628]}},{"type":"Feature","properties":{"i":0.15},"geometry":{"type":"Point","coordinates":[-89.67041,42.63396]}},{"type":"Feature","properties":{"i":0.25},"geometry":{"type":"Point","coordinates":[-89.62646,42.63396]}},{"type":"Feature","properties":{"i":0.04},"geometry":{"type":"Point","coordinates":[-89.58252,42.63396]}},{"type":"Feature","properties":{"i":0.51},"geometry":{"type":"Point","coordinates":[-89.36279,42.63396]}},{"type":"Feature","properties":{"i":0.73},"geometry":{"type":"Point","coordinates":[-89.2749,42.63396]}},{"type":"Feature","properties":{"i":0.45},"geometry":{"type":"Point","coordinates":[-89.23096,42.63396]}},{"type":"Feature","properties":{"i":0.08},"geometry":{"type":"Point","coordinates":[-89.14307,42.63396]}},{"type":"Feature","properties":{"i":0.6},"geometry":{"type":"Point","coordinates":[-89.05518,42.63396]}},{"type":"Feature","properties":{"i":1},"geometry":{"type":"Point","coordinates":[-89.01123,42.63396]}},{"type":"Feature","properties":{"i":0.33},"geometry":{"type":"Point","coordinates":[-88.96729,42.63396]}},{"type":"Feature","properties":{"i":0.35},"geometry":{"type":"Point","coordinates":[-88.74756,42.63396]}},{"type":"Feature","properties":{"i":0.41},"geometry":{"type":"Point","coordinates":[-88.70361,42.63396]}},{"type":"Feature","properties":{"i":0.85},"geometry":{"type":"Point","coordinates":[-88.65967,42.63396]}},{"type":"Feature","properties":{"i":1},"geometry":{"type":"Point","coordinates":[-88.61572,42.63396]}},{"type":"Feature","properties":{"i":0.49},"geometry":{"type":"Point","coordinates":[-88.57178,42.63396]}},{"type":"Feature","properties":{"i":0.78},"geometry":{"type":"Point","coordinates":[-88.52783,42.63396]}},{"type":"Feature","properties":{"i":0.21},"geometry":{"type":"Point","coordinates":[-88.48389,42.63396]}},{"type":"Feature","properties":{"i":0.19},"geometry":{"type":"Point","coordinates":[-88.43994,42.63396]}},{"type":"Feature","properties":{"i":0.13},"geometry":{"type":"Point","coordinates":[-88.396,42.63396]}},{"type":"Feature","properties":{"i":0.4},"geometry":{"type":"Point","coordinates":[-88.35205,42.63396]}},{"type":"Feature","properties":{"i":0.33},"geometry":{"type":"Point","coordinates":[-88.30811,42.63396]}},{"type":"Feature","properties":{"i":0.76},"geometry":{"type":"Point","coordinates":[-88.26416,42.63396]}},{"type":"Feature","properties":{"i":0.21},"geometry":{"type":"Point","coordinates":[-88.22021,42.63396]}},{"type":"Feature","properties":{"i":0.41},"geometry":{"type":"Point","coordinates":[-88.17627,42.63396]}},{"type":"Feature","properties":{"i":0.07},"geometry":{"type":"Point","coordinates":[-88.08838,42.63396]}},{"type":"Feature","properties":{"i":0.1},"geometry":{"type":"Point","coordinates":[-88.04443,42.63396]}},{"type":"Feature","properties":{"i":0.16},"geometry":{"type":"Point","coordinates":[-88.00049,42.63396]}},{"type":"Feature","properties":{"i":1},"geometry":{"type":"Point","coordinates":[-87.95654,42.63396]}},{"type":"Feature","properties":{"i":0.68},"geometry":{"type":"Point","coordinates":[-87.9126,42.63396]}},{"type":"Feature","properties":{"i":0.9},"geometry":{"type":"Point","coordinates":[-87.86865,42.63396]}},{"type":"Feature","properties":{"i":1},"geometry":{"type":"Point","coordinates":[-87.82471,42.63396]}},{"type":"Feature","properties":{"i":0.08},"geometry":{"type":"Point","coordinates":[-89.71436,42.60162]}},{"type":"Feature","properties":{"i":1},"geometry":{"type":"Point","coordinates":[-89.67041,42.60162]}},{"type":"Feature","properties":{"i":1},"geometry":{"type":"Point","coordinates":[-89.62646,42.60162]}},{"type":"Feature","properties":{"i":0.33},"geometry":{"type":"Point","coordinates":[-89.58252,42.60162]}},{"type":"Feature","properties":{"i":0.45},"geometry":{"type":"Point","coordinates":[-89.49463,42.60162]}},{"type":"Feature","properties":{"i":0.34},"geometry":{"type":"Point","coordinates":[-89.40674,42.60162]}},{"type":"Feature","properties":{"i":0.78},"geometry":{"type":"Point","coordinates":[-89.36279,42.60162]}},{"type":"Feature","properties":{"i":0.28},"geometry":{"type":"Point","coordinates":[-89.05518,42.60162]}},{"type":"Feature","properties":{"i":0.98},"geometry":{"type":"Point","coordinates":[-89.01123,42.60162]}},{"type":"Feature","properties":{"i":0.14},"geometry":{"type":"Point","coordinates":[-88.96729,42.60162]}},{"type":"Feature","properties":{"i":0.7},"geometry":{"type":"Point","coordinates":[-88.74756,42.60162]}},{"type":"Feature","properties":{"i":0.65},"geometry":{"type":"Point","coordinates":[-88.70361,42.60162]}},{"type":"Feature","properties":{"i":0.19},"geometry":{"type":"Point","coordinates":[-88.65967,42.60162]}},{"type":"Feature","properties":{"i":0.33},"geometry":{"type":"Point","coordinates":[-88.61572,42.60162]}},{"type":"Feature","properties":{"i":0.47},"geometry":{"type":"Point","coordinates":[-88.57178,42.60162]}},{"type":"Feature","properties":{"i":0.68},"geometry":{"type":"Point","coordinates":[-88.52783,42.60162]}},{"type":"Feature","properties":{"i":0.37},"geometry":{"type":"Point","coordinates":[-88.48389,42.60162]}},{"type":"Feature","properties":{"i":1},"geometry":{"type":"Point","coordinates":[-88.43994,42.60162]}},{"type":"Feature","properties":{"i":0.98},"geometry":{"type":"Point","coordinates":[-88.396,42.60162]}},{"type":"Feature","properties":{"i":0.08},"geometry":{"type":"Point","coordinates":[-88.35205,42.60162]}},{"type":"Feature","properties":{"i":0.12},"geometry":{"type":"Point","coordinates":[-88.30811,42.60162]}},{"type":"Feature","properties":{"i":0.13},"geometry":{"type":"Point","coordinates":[-88.26416,42.60162]}},{"type":"Feature","properties":{"i":0.08},"geometry":{"type":"Point","coordinates":[-88.22021,42.60162]}},{"type":"Feature","properties":{"i":0.22},"geometry":{"type":"Point","coordinates":[-88.04443,42.60162]}},{"type":"Feature","properties":{"i":0.34},"geometry":{"type":"Point","coordinates":[-88.00049,42.60162]}},{"type":"Feature","properties":{"i":1},"geometry":{"type":"Point","coordinates":[-87.95654,42.60162]}},{"type":"Feature","properties":{"i":0.96},"geometry":{"type":"Point","coordinates":[-87.9126,42.60162]}},{"type":"Feature","properties":{"i":1},"geometry":{"type":"Point","coordinates":[-87.86865,42.60162]}},{"type":"Feature","properties":{"i":1},"geometry":{"type":"Point","coordinates":[-87.82471,42.60162]}},{"type":"Feature","properties":{"i":0.28},"geometry":{"type":"Point","coordinates":[-89.67041,42.56926]}},{"type":"Feature","properties":{"i":0.35},"geometry":{"type":"Point","coordinates":[-89.62646,42.56926]}},{"type":"Feature","properties":{"i":0.02},"geometry":{"type":"Point","coordinates":[-89.14307,42.56926]}},{"type":"Feature","properties":{"i":1},"geometry":{"type":"Point","coordinates":[-89.05518,42.56926]}},{"type":"Feature","properties":{"i":0.72},"geometry":{"type":"Point","coordinates":[-89.01123,42.56926]}},{"type":"Feature","properties":{"i":0.72},"geometry":{"type":"Point","coordinates":[-88.96729,42.56926]}},{"type":"Feature","properties":{"i":0.14},"geometry":{"type":"Point","coordinates":[-88.92334,42.56926]}},{"type":"Feature","properties":{"i":0.64},"geometry":{"type":"Point","coordinates":[-88.87939,42.56926]}},{"type":"Feature","properties":{"i":0.3},"geometry":{"type":"Point","coordinates":[-88.83545,42.56926]}},{"type":"Feature","properties":{"i":0.02},"geometry":{"type":"Point","coordinates":[-88.74756,42.56926]}},{"type":"Feature","properties":{"i":0.1},"geometry":{"type":"Point","coordinates":[-88.61572,42.56926]}},{"type":"Feature","properties":{"i":0.28},"geometry":{"type":"Point","coordinates":[-88.57178,42.56926]}},{"type":"Feature","properties":{"i":0.41},"geometry":{"type":"Point","coordinates":[-88.52783,42.56926]}},{"type":"Feature","properties":{"i":0.68},"geometry":{"type":"Point","coordinates":[-88.48389,42.56926]}},{"type":"Feature","properties":{"i":0.82},"geometry":{"type":"Point","coordinates":[-88.43994,42.56926]}},{"type":"Feature","properties":{"i":0.78},"geometry":{"type":"Point","coordinates":[-88.396,42.56926]}},{"type":"Feature","properties":{"i":0.04},"geometry":{"type":"Point","coordinates":[-88.35205,42.56926]}},{"type":"Feature","properties":{"i":0.29},"geometry":{"type":"Point","coordinates":[-88.30811,42.56926]}},{"type":"Feature","properties":{"i":0.44},"geometry":{"type":"Point","coordinates":[-88.26416,42.56926]}},{"type":"Feature","properties":{"i":0.38},"geometry":{"type":"Point","coordinates":[-88.22021,42.56926]}},{"type":"Feature","properties":{"i":0.42},"geometry":{"type":"Point","coordinates":[-88.17627,42.56926]}},{"type":"Feature","properties":{"i":0.74},"geometry":{"type":"Point","coordinates":[-88.13232,42.56926]}},{"type":"Feature","properties":{"i":0.72},"geometry":{"type":"Point","coordinates":[-88.08838,42.56926]}},{"type":"Feature","properties":{"i":0.67},"geometry":{"type":"Point","coordinates":[-88.04443,42.56926]}},{"type":"Feature","properties":{"i":0.43},"geometry":{"type":"Point","coordinates":[-88.00049,42.56926]}},{"type":"Feature","properties":{"i":1},"geometry":{"type":"Point","coordinates":[-87.95654,42.56926]}},{"type":"Feature","properties":{"i":1},"geometry":{"type":"Point","coordinates":[-87.9126,42.56926]}},{"type":"Feature","properties":{"i":1},"geometry":{"type":"Point","coordinates":[-87.86865,42.56926]}},{"type":"Feature","properties":{"i":1},"geometry":{"type":"Point","coordinates":[-87.82471,42.56926]}},{"type":"Feature","properties":{"i":0.18},"geometry":{"type":"Point","coordinates":[-87.78076,42.56926]}},{"type":"Feature","properties":{"i":0.02},"geometry":{"type":"Point","coordinates":[-89.49463,42.53689]}},{"type":"Feature","properties":{"i":0.6},"geometry":{"type":"Point","coordinates":[-89.05518,42.53689]}},{"type":"Feature","properties":{"i":1},"geometry":{"type":"Point","coordinates":[-89.01123,42.53689]}},{"type":"Feature","properties":{"i":1},"geometry":{"type":"Point","coordinates":[-88.96729,42.53689]}},{"type":"Feature","properties":{"i":0.41},"geometry":{"type":"Point","coordinates":[-88.92334,42.53689]}},{"type":"Feature","properties":{"i":0.8},"geometry":{"type":"Point","coordinates":[-88.87939,42.53689]}},{"type":"Feature","properties":{"i":0.15},"geometry":{"type":"Point","coordinates":[-88.83545,42.53689]}},{"type":"Feature","properties":{"i":0.82},"geometry":{"type":"Point","coordinates":[-88.61572,42.53689]}},{"type":"Feature","properties":{"i":0.75},"geometry":{"type":"Point","coordinates":[-88.57178,42.53689]}},{"type":"Feature","properties":{"i":0.32},"geometry":{"type":"Point","coordinates":[-88.52783,42.53689]}},{"type":"Feature","properties":{"i":0.38},"geometry":{"type":"Point","coordinates":[-88.48389,42.53689]}},{"type":"Feature","properties":{"i":0.25},"geometry":{"type":"Point","coordinates":[-88.35205,42.53689]}},{"type":"Feature","properties":{"i":0.19},"geometry":{"type":"Point","coordinates":[-88.30811,42.53689]}},{"type":"Feature","properties":{"i":0.74},"geometry":{"type":"Point","coordinates":[-88.26416,42.53689]}},{"type":"Feature","properties":{"i":0.57},"geometry":{"type":"Point","coordinates":[-88.22021,42.53689]}},{"type":"Feature","properties":{"i":0.49},"geometry":{"type":"Point","coordinates":[-88.17627,42.53689]}},{"type":"Feature","properties":{"i":0.39},"geometry":{"type":"Point","coordinates":[-88.13232,42.53689]}},{"type":"Feature","properties":{"i":0.46},"geometry":{"type":"Point","coordinates":[-88.08838,42.53689]}},{"type":"Feature","properties":{"i":0.67},"geometry":{"type":"Point","coordinates":[-88.04443,42.53689]}},{"type":"Feature","properties":{"i":0.91},"geometry":{"type":"Point","coordinates":[-88.00049,42.53689]}},{"type":"Feature","properties":{"i":1},"geometry":{"type":"Point","coordinates":[-87.95654,42.53689]}},{"type":"Feature","properties":{"i":1},"geometry":{"type":"Point","coordinates":[-87.9126,42.53689]}},{"type":"Feature","properties":{"i":1},"geometry":{"type":"Point","coordinates":[-87.86865,42.53689]}},{"type":"Feature","properties":{"i":1},"geometry":{"type":"Point","coordinates":[-87.82471,42.53689]}},{"type":"Feature","properties":{"i":0.09},"geometry":{"type":"Point","coordinates":[-87.78076,42.53689]}},{"type":"Feature","properties":{"i":0.1},"geometry":{"type":"Point","coordinates":[-89.09912,42.5045]}},{"type":"Feature","properties":{"i":1},"geometry":{"type":"Point","coordinates":[-89.05518,42.5045]}},{"type":"Feature","properties":{"i":1},"geometry":{"type":"Point","coordinates":[-89.01123,42.5045]}},{"type":"Feature","properties":{"i":1},"geometry":{"type":"Point","coordinates":[-88.96729,42.5045]}},{"type":"Feature","properties":{"i":0.03},"geometry":{"type":"Point","coordinates":[-88.92334,42.5045]}},{"type":"Feature","properties":{"i":0.58},"geometry":{"type":"Point","coordinates":[-88.74756,42.5045]}},{"type":"Feature","properties":{"i":0.49},"geometry":{"type":"Point","coordinates":[-88.70361,42.5045]}},{"type":"Feature","properties":{"i":0.19},"geometry":{"type":"Point","coordinates":[-88.61572,42.5045]}},{"type":"Feature","properties":{"i":0.12},"geometry":{"type":"Point","coordinates":[-88.57178,42.5045]}},{"type":"Feature","properties":{"i":0.02},"geometry":{"type":"Point","coordinates":[-88.52783,42.5045]}},{"type":"Feature","properties":{"i":0.59},"geometry":{"type":"Point","coordinates":[-88.48389,42.5045]}},{"type":"Feature","properties":{"i":0.42},"geometry":{"type":"Point","coordinates":[-88.35205,42.5045]}},{"type":"Feature","properties":{"i":0.95},"geometry":{"type":"Point","coordinates":[-88.30811,42.5045]}},{"type":"Feature","properties":{"i":0.32},"geometry":{"type":"Point","coordinates":[-88.26416,42.5045]}},{"type":"Feature","properties":{"i":0.57},"geometry":{"type":"Point","coordinates":[-88.22021,42.5045]}},{"type":"Feature","properties":{"i":0.67},"geometry":{"type":"Point","coordinates":[-88.17627,42.5045]}},{"type":"Feature","properties":{"i":0.59},"geometry":{"type":"Point","coordinates":[-88.13232,42.5045]}},{"type":"Feature","properties":{"i":1},"geometry":{"type":"Point","coordinates":[-88.08838,42.5045]}},{"type":"Feature","properties":{"i":0.41},"geometry":{"type":"Point","coordinates":[-88.04443,42.5045]}},{"type":"Feature","properties":{"i":0.52},"geometry":{"type":"Point","coordinates":[-88.00049,42.5045]}},{"type":"Feature","properties":{"i":1},"geometry":{"type":"Point","coordinates":[-87.95654,42.5045]}},{"type":"Feature","properties":{"i":1},"geometry":{"type":"Point","coordinates":[-87.9126,42.5045]}},{"type":"Feature","properties":{"i":0.63},"geometry":{"type":"Point","coordinates":[-87.86865,42.5045]}},{"type":"Feature","properties":{"i":0.41},"geometry":{"type":"Point","coordinates":[-87.82471,42.5045]}},{"type":"Feature","properties":{"i":0.39},"geometry":{"type":"Point","coordinates":[-89.67041,42.4721]}},{"type":"Feature","properties":{"i":0.55},"geometry":{"type":"Point","coordinates":[-89.62646,42.4721]}},{"type":"Feature","properties":{"i":0.28},"geometry":{"type":"Point","coordinates":[-89.09912,42.4721]}},{"type":"Feature","properties":{"i":1},"geometry":{"type":"Point","coordinates":[-89.05518,42.4721]}},{"type":"Feature","properties":{"i":1},"geometry":{"type":"Point","coordinates":[-89.01123,42.4721]}},{"type":"Feature","properties":{"i":0.54},"geometry":{"type":"Point","coordinates":[-88.96729,42.4721]}},{"type":"Feature","properties":{"i":0.48},"geometry":{"type":"Point","coordinates":[-88.43994,42.4721]}},{"type":"Feature","properties":{"i":0.25},"geometry":{"type":"Point","coordinates":[-88.396,42.4721]}},{"type":"Feature","properties":{"i":0.69},"geometry":{"type":"Point","coordinates":[-88.30811,42.4721]}},{"type":"Feature","properties":{"i":0.4},"geometry":{"type":"Point","coordinates":[-88.26416,42.4721]}},{"type":"Feature","properties":{"i":0.74},"geometry":{"type":"Point","coordinates":[-88.22021,42.4721]}},{"type":"Feature","properties":{"i":0.77},"geometry":{"type":"Point","coordinates":[-88.17627,42.4721]}},{"type":"Feature","properties":{"i":0.57},"geometry":{"type":"Point","coordinates":[-88.13232,42.4721]}},{"type":"Feature","properties":{"i":1},"geometry":{"type":"Point","coordinates":[-88.08838,42.4721]}},{"type":"Feature","properties":{"i":1},"geometry":{"type":"Point","coordinates":[-88.04443,42.4721]}},{"type":"Feature","properties":{"i":0.7},"geometry":{"type":"Point","coordinates":[-88.00049,42.4721]}},{"type":"Feature","properties":{"i":1},"geometry":{"type":"Point","coordinates":[-87.95654,42.4721]}},{"type":"Feature","properties":{"i":1},"geometry":{"type":"Point","coordinates":[-87.9126,42.4721]}},{"type":"Feature","properties":{"i":0.94},"geometry":{"type":"Point","coordinates":[-87.86865,42.4721]}},{"type":"Feature","properties":{"i":0.86},"geometry":{"type":"Point","coordinates":[-87.82471,42.4721]}},{"type":"Feature","properties":{"i":0.32},"geometry":{"type":"Point","coordinates":[-87.78076,42.4721]}},{"type":"Feature","properties":{"i":0.08},"geometry":{"type":"Point","coordinates":[-89.58252,42.43967]}},{"type":"Feature","properties":{"i":0.13},"geometry":{"type":"Point","coordinates":[-89.49463,42.43967]}},{"type":"Feature","properties":{"i":0.25},"geometry":{"type":"Point","coordinates":[-89.36279,42.43967]}},{"type":"Feature","properties":{"i":0.36},"geometry":{"type":"Point","coordinates":[-89.31885,42.43967]}},{"type":"Feature","properties":{"i":0.37},"geometry":{"type":"Point","coordinates":[-89.09912,42.43967]}},{"type":"Feature","properties":{"i":0.55},"geometry":{"type":"Point","coordinates":[-89.05518,42.43967]}},{"type":"Feature","properties":{"i":1},"geometry":{"type":"Point","coordinates":[-89.01123,42.43967]}},{"type":"Feature","properties":{"i":0.49},"geometry":{"type":"Point","coordinates":[-88.96729,42.43967]}},{"type":"Feature","properties":{"i":0.08},"geometry":{"type":"Point","coordinates":[-88.92334,42.43967]}},{"type":"Feature","properties":{"i":0.11},"geometry":{"type":"Point","coordinates":[-88.65967,42.43967]}},{"type":"Feature","properties":{"i":0.62},"geometry":{"type":"Point","coordinates":[-88.61572,42.43967]}},{"type":"Feature","properties":{"i":0.55},"geometry":{"type":"Point","coordinates":[-88.30811,42.43967]}},{"type":"Feature","properties":{"i":0.97},"geometry":{"type":"Point","coordinates":[-88.26416,42.43967]}},{"type":"Feature","properties":{"i":1},"geometry":{"type":"Point","coordinates":[-88.22021,42.43967]}},{"type":"Feature","properties":{"i":0.64},"geometry":{"type":"Point","coordinates":[-88.17627,42.43967]}},{"type":"Feature","properties":{"i":0.41},"geometry":{"type":"Point","coordinates":[-88.13232,42.43967]}},{"type":"Feature","properties":{"i":0.72},"geometry":{"type":"Point","coordinates":[-88.08838,42.43967]}},{"type":"Feature","properties":{"i":0.67},"geometry":{"type":"Point","coordinates":[-88.04443,42.43967]}},{"type":"Feature","properties":{"i":0.52},"geometry":{"type":"Point","coordinates":[-88.00049,42.43967]}},{"type":"Feature","properties":{"i":0.86},"geometry":{"type":"Point","coordinates":[-87.95654,42.43967]}},{"type":"Feature","properties":{"i":0.78},"geometry":{"type":"Point","coordinates":[-87.9126,42.43967]}},{"type":"Feature","properties":{"i":0.99},"geometry":{"type":"Point","coordinates":[-87.86865,42.43967]}},{"type":"Feature","properties":{"i":1},"geometry":{"type":"Point","coordinates":[-87.82471,42.43967]}},{"type":"Feature","properties":{"i":0.15},"geometry":{"type":"Point","coordinates":[-87.78076,42.43967]}},{"type":"Feature","properties":{"i":0.07},"geometry":{"type":"Point","coordinates":[-89.49463,42.40723]}},{"type":"Feature","properties":{"i":0.18},"geometry":{"type":"Point","coordinates":[-89.45068,42.40723]}},{"type":"Feature","properties":{"i":0.33},"geometry":{"type":"Point","coordinates":[-89.40674,42.40723]}},{"type":"Feature","properties":{"i":0.02},"geometry":{"type":"Point","coordinates":[-89.31885,42.40723]}},{"type":"Feature","properties":{"i":0.39},"geometry":{"type":"Point","coordinates":[-89.05518,42.40723]}},{"type":"Feature","properties":{"i":0.76},"geometry":{"type":"Point","coordinates":[-89.01123,42.40723]}},{"type":"Feature","properties":{"i":0.3},"geometry":{"type":"Point","coordinates":[-88.96729,42.40723]}},{"type":"Feature","properties":{"i":0.3},"geometry":{"type":"Point","coordinates":[-88.83545,42.40723]}},{"type":"Feature","properties":{"i":0.33},"geometry":{"type":"Point","coordinates":[-88.74756,42.40723]}},{"type":"Feature","properties":{"i":0.08},"geometry":{"type":"Point","coordinates":[-88.65967,42.40723]}},{"type":"Feature","properties":{"i":1},"geometry":{"type":"Point","coordinates":[-88.61572,42.40723]}},{"type":"Feature","properties":{"i":0.07},"geometry":{"type":"Point","coordinates":[-88.57178,42.40723]}},{"type":"Feature","properties":{"i":0.07},"geometry":{"type":"Point","coordinates":[-88.396,42.40723]}},{"type":"Feature","properties":{"i":0.3},"geometry":{"type":"Point","coordinates":[-88.35205,42.40723]}},{"type":"Feature","properties":{"i":0.42},"geometry":{"type":"Point","coordinates":[-88.30811,42.40723]}},{"type":"Feature","properties":{"i":0.27},"geometry":{"type":"Point","coordinates":[-88.26416,42.40723]}},{"type":"Feature","properties":{"i":0.57},"geometry":{"type":"Point","coordinates":[-88.22021,42.40723]}},{"type":"Feature","properties":{"i":1},"geometry":{"type":"Point","coordinates":[-88.17627,42.40723]}},{"type":"Feature","properties":{"i":0.51},"geometry":{"type":"Point","coordinates":[-88.13232,42.40723]}},{"type":"Feature","properties":{"i":0.96},"geometry":{"type":"Point","coordinates":[-88.08838,42.40723]}},{"type":"Feature","properties":{"i":1},"geometry":{"type":"Point","coordinates":[-88.04443,42.40723]}},{"type":"Feature","properties":{"i":0.65},"geometry":{"type":"Point","coordinates":[-88.00049,42.40723]}},{"type":"Feature","properties":{"i":0.64},"geometry":{"type":"Point","coordinates":[-87.95654,42.40723]}},{"type":"Feature","properties":{"i":0.81},"geometry":{"type":"Point","coordinates":[-87.9126,42.40723]}},{"type":"Feature","properties":{"i":1},"geometry":{"type":"Point","coordinates":[-87.86865,42.40723]}},{"type":"Feature","properties":{"i":0.82},"geometry":{"type":"Point","coordinates":[-87.82471,42.40723]}},{"type":"Feature","properties":{"i":0.51},"geometry":{"type":"Point","coordinates":[-89.62646,42.37478]}},{"type":"Feature","properties":{"i":0.35},"geometry":{"type":"Point","coordinates":[-89.53857,42.37478]}},{"type":"Feature","properties":{"i":0.12},"geometry":{"type":"Point","coordinates":[-89.36279,42.37478]}},{"type":"Feature","properties":{"i":0.02},"geometry":{"type":"Point","coordinates":[-89.09912,42.37478]}},{"type":"Feature","properties":{"i":0.72},"geometry":{"type":"Point","coordinates":[-89.05518,42.37478]}},{"type":"Feature","properties":{"i":1},"geometry":{"type":"Point","coordinates":[-89.01123,42.37478]}},{"type":"Feature","properties":{"i":0.86},"geometry":{"type":"Point","coordinates":[-88.96729,42.37478]}},{"type":"Feature","properties":{"i":0.07},"geometry":{"type":"Point","coordinates":[-88.92334,42.37478]}},{"type":"Feature","properties":{"i":0.16},"geometry":{"type":"Point","coordinates":[-88.87939,42.37478]}},{"type":"Feature","properties":{"i":0.42},"geometry":{"type":"Point","coordinates":[-88.83545,42.37478]}},{"type":"Feature","properties":{"i":0.02},"geometry":{"type":"Point","coordinates":[-88.57178,42.37478]}},{"type":"Feature","properties":{"i":0.25},"geometry":{"type":"Point","coordinates":[-88.52783,42.37478]}},{"type":"Feature","properties":{"i":0.08},"geometry":{"type":"Point","coordinates":[-88.48389,42.37478]}},{"type":"Feature","properties":{"i":0.24},"geometry":{"type":"Point","coordinates":[-88.396,42.37478]}},{"type":"Feature","properties":{"i":0.42},"geometry":{"type":"Point","coordinates":[-88.35205,42.37478]}},{"type":"Feature","properties":{"i":0.61},"geometry":{"type":"Point","coordinates":[-88.30811,42.37478]}},{"type":"Feature","properties":{"i":1},"geometry":{"type":"Point","coordinates":[-88.26416,42.37478]}},{"type":"Feature","properties":{"i":0.89},"geometry":{"type":"Point","coordinates":[-88.22021,42.37478]}},{"type":"Feature","properties":{"i":1},"geometry":{"type":"Point","coordinates":[-88.17627,42.37478]}},{"type":"Feature","properties":{"i":0.71},"geometry":{"type":"Point","coordinates":[-88.13232,42.37478]}},{"type":"Feature","properties":{"i":1},"geometry":{"type":"Point","coordinates":[-88.08838,42.37478]}},{"type":"Feature","properties":{"i":1},"geometry":{"type":"Point","coordinates":[-88.04443,42.37478]}},{"type":"Feature","properties":{"i":1},"geometry":{"type":"Point","coordinates":[-88.00049,42.37478]}},{"type":"Feature","properties":{"i":1},"geometry":{"type":"Point","coordinates":[-87.95654,42.37478]}},{"type":"Feature","properties":{"i":1},"geometry":{"type":"Point","coordinates":[-87.9126,42.37478]}},{"type":"Feature","properties":{"i":1},"geometry":{"type":"Point","coordinates":[-87.86865,42.37478]}},{"type":"Feature","properties":{"i":1},"geometry":{"type":"Point","coordinates":[-87.82471,42.37478]}},{"type":"Feature","properties":{"i":0.12},"geometry":{"type":"Point","coordinates":[-87.78076,42.37478]}},{"type":"Feature","properties":{"i":0.41},"geometry":{"type":"Point","coordinates":[-89.62646,42.34231]}},{"type":"Feature","properties":{"i":0.1},"geometry":{"type":"Point","coordinates":[-89.14307,42.34231]}},{"type":"Feature","properties":{"i":0.78},"geometry":{"type":"Point","coordinates":[-89.09912,42.34231]}},{"type":"Feature","properties":{"i":0.91},"geometry":{"type":"Point","coordinates":[-89.05518,42.34231]}},{"type":"Feature","properties":{"i":1},"geometry":{"type":"Point","coordinates":[-89.01123,42.34231]}},{"type":"Feature","properties":{"i":0.94},"geometry":{"type":"Point","coordinates":[-88.96729,42.34231]}},{"type":"Feature","properties":{"i":0.58},"geometry":{"type":"Point","coordinates":[-88.92334,42.34231]}},{"type":"Feature","properties":{"i":0.31},"geometry":{"type":"Point","coordinates":[-88.87939,42.34231]}},{"type":"Feature","properties":{"i":0.27},"geometry":{"type":"Point","coordinates":[-88.83545,42.34231]}},{"type":"Feature","properties":{"i":0.07},"geometry":{"type":"Point","coordinates":[-88.57178,42.34231]}},{"type":"Feature","properties":{"i":0.03},"geometry":{"type":"Point","coordinates":[-88.52783,42.34231]}},{"type":"Feature","properties":{"i":0.59},"geometry":{"type":"Point","coordinates":[-88.48389,42.34231]}},{"type":"Feature","properties":{"i":0.73},"geometry":{"type":"Point","coordinates":[-88.43994,42.34231]}},{"type":"Feature","properties":{"i":0.13},"geometry":{"type":"Point","coordinates":[-88.396,42.34231]}},{"type":"Feature","properties":{"i":0.55},"geometry":{"type":"Point","coordinates":[-88.35205,42.34231]}},{"type":"Feature","properties":{"i":0.97},"geometry":{"type":"Point","coordinates":[-88.30811,42.34231]}},{"type":"Feature","properties":{"i":1},"geometry":{"type":"Point","coordinates":[-88.26416,42.34231]}},{"type":"Feature","properties":{"i":0.72},"geometry":{"type":"Point","coordinates":[-88.22021,42.34231]}},{"type":"Feature","properties":{"i":0.91},"geometry":{"type":"Point","coordinates":[-88.17627,42.34231]}},{"type":"Feature","properties":{"i":0.98},"geometry":{"type":"Point","coordinates":[-88.13232,42.34231]}},{"type":"Feature","properties":{"i":0.84},"geometry":{"type":"Point","coordinates":[-88.08838,42.34231]}},{"type":"Feature","properties":{"i":1},"geometry":{"type":"Point","coordinates":[-88.04443,42.34231]}},{"type":"Feature","properties":{"i":1},"geometry":{"type":"Point","coordinates":[-88.00049,42.34231]}},{"type":"Feature","properties":{"i":0.73},"geometry":{"type":"Point","coordinates":[-87.95654,42.34231]}},{"type":"Feature","properties":{"i":1},"geometry":{"type":"Point","coordinates":[-87.9126,42.34231]}},{"type":"Feature","properties":{"i":1},"geometry":{"type":"Point","coordinates":[-87.86865,42.34231]}},{"type":"Feature","properties":{"i":1},"geometry":{"type":"Point","coordinates":[-87.82471,42.34231]}},{"type":"Feature","properties":{"i":0.76},"geometry":{"type":"Point","coordinates":[-89.67041,42.30982]}},{"type":"Feature","properties":{"i":0.99},"geometry":{"type":"Point","coordinates":[-89.62646,42.30982]}},{"type":"Feature","properties":{"i":0.45},"geometry":{"type":"Point","coordinates":[-89.58252,42.30982]}},{"type":"Feature","properties":{"i":0.77},"geometry":{"type":"Point","coordinates":[-89.36279,42.30982]}},{"type":"Feature","properties":{"i":0.18},"geometry":{"type":"Point","coordinates":[-89.2749,42.30982]}},{"type":"Feature","properties":{"i":0.1},"geometry":{"type":"Point","coordinates":[-89.18701,42.30982]}},{"type":"Feature","properties":{"i":0.46},"geometry":{"type":"Point","coordinates":[-89.14307,42.30982]}},{"type":"Feature","properties":{"i":0.96},"geometry":{"type":"Point","coordinates":[-89.09912,42.30982]}},{"type":"Feature","properties":{"i":1},"geometry":{"type":"Point","coordinates":[-89.05518,42.30982]}},{"type":"Feature","properties":{"i":1},"geometry":{"type":"Point","coordinates":[-89.01123,42.30982]}},{"type":"Feature","properties":{"i":1},"geometry":{"type":"Point","coordinates":[-88.96729,42.30982]}},{"type":"Feature","properties":{"i":0.58},"geometry":{"type":"Point","coordinates":[-88.92334,42.30982]}},{"type":"Feature","properties":{"i":0.24},"geometry":{"type":"Point","coordinates":[-88.87939,42.30982]}},{"type":"Feature","properties":{"i":0.42},"geometry":{"type":"Point","coordinates":[-88.83545,42.30982]}},{"type":"Feature","properties":{"i":0.05},"geometry":{"type":"Point","coordinates":[-88.52783,42.30982]}},{"type":"Feature","properties":{"i":0.63},"geometry":{"type":"Point","coordinates":[-88.48389,42.30982]}},{"type":"Feature","properties":{"i":1},"geometry":{"type":"Point","coordinates":[-88.43994,42.30982]}},{"type":"Feature","properties":{"i":0.73},"geometry":{"type":"Point","coordinates":[-88.396,42.30982]}},{"type":"Feature","properties":{"i":0.34},"geometry":{"type":"Point","coordinates":[-88.35205,42.30982]}},{"type":"Feature","properties":{"i":1},"geometry":{"type":"Point","coordinates":[-88.30811,42.30982]}},{"type":"Feature","properties":{"i":1},"geometry":{"type":"Point","coordinates":[-88.26416,42.30982]}},{"type":"Feature","properties":{"i":0.48},"geometry":{"type":"Point","coordinates":[-88.22021,42.30982]}},{"type":"Feature","properties":{"i":1},"geometry":{"type":"Point","coordinates":[-88.17627,42.30982]}},{"type":"Feature","properties":{"i":0.8},"geometry":{"type":"Point","coordinates":[-88.13232,42.30982]}},{"type":"Feature","properties":{"i":0.71},"geometry":{"type":"Point","coordinates":[-88.08838,42.30982]}},{"type":"Feature","properties":{"i":0.96},"geometry":{"type":"Point","coordinates":[-88.04443,42.30982]}},{"type":"Feature","properties":{"i":1},"geometry":{"type":"Point","coordinates":[-88.00049,42.30982]}},{"type":"Feature","properties":{"i":0.85},"geometry":{"type":"Point","coordinates":[-87.95654,42.30982]}},{"type":"Feature","properties":{"i":1},"geometry":{"type":"Point","coordinates":[-87.9126,42.30982]}},{"type":"Feature","properties":{"i":1},"geometry":{"type":"Point","coordinates":[-87.86865,42.30982]}},{"type":"Feature","properties":{"i":1},"geometry":{"type":"Point","coordinates":[-87.82471,42.30982]}},{"type":"Feature","properties":{"i":0.09},"geometry":{"type":"Point","coordinates":[-89.71436,42.27731]}},{"type":"Feature","properties":{"i":0.61},"geometry":{"type":"Point","coordinates":[-89.67041,42.27731]}},{"type":"Feature","properties":{"i":1},"geometry":{"type":"Point","coordinates":[-89.62646,42.27731]}},{"type":"Feature","properties":{"i":0.85},"geometry":{"type":"Point","coordinates":[-89.58252,42.27731]}},{"type":"Feature","properties":{"i":0.34},"geometry":{"type":"Point","coordinates":[-89.53857,42.27731]}},{"type":"Feature","properties":{"i":0.1},"geometry":{"type":"Point","coordinates":[-89.49463,42.27731]}},{"type":"Feature","properties":{"i":0.25},"geometry":{"type":"Point","coordinates":[-89.45068,42.27731]}},{"type":"Feature","properties":{"i":0.27},"geometry":{"type":"Point","coordinates":[-89.36279,42.27731]}},{"type":"Feature","properties":{"i":0.35},"geometry":{"type":"Point","coordinates":[-89.31885,42.27731]}},{"type":"Feature","properties":{"i":0.53},"geometry":{"type":"Point","coordinates":[-89.23096,42.27731]}},{"type":"Feature","properties":{"i":0.86},"geometry":{"type":"Point","coordinates":[-89.18701,42.27731]}},{"type":"Feature","properties":{"i":0.86},"geometry":{"type":"Point","coordinates":[-89.14307,42.27731]}},{"type":"Feature","properties":{"i":1},"geometry":{"type":"Point","coordinates":[-89.09912,42.27731]}},{"type":"Feature","properties":{"i":1},"geometry":{"type":"Point","coordinates":[-89.05518,42.27731]}},{"type":"Feature","properties":{"i":1},"geometry":{"type":"Point","coordinates":[-89.01123,42.27731]}},{"type":"Feature","properties":{"i":1},"geometry":{"type":"Point","coordinates":[-88.96729,42.27731]}},{"type":"Feature","properties":{"i":0.44},"geometry":{"type":"Point","coordinates":[-88.92334,42.27731]}},{"type":"Feature","properties":{"i":1},"geometry":{"type":"Point","coordinates":[-88.87939,42.27731]}},{"type":"Feature","properties":{"i":0.88},"geometry":{"type":"Point","coordinates":[-88.83545,42.27731]}},{"type":"Feature","properties":{"i":0.22},"geometry":{"type":"Point","coordinates":[-88.7915,42.27731]}},{"type":"Feature","properties":{"i":0.12},"geometry":{"type":"Point","coordinates":[-88.74756,42.27731]}},{"type":"Feature","properties":{"i":0.42},"geometry":{"type":"Point","coordinates":[-88.61572,42.27731]}},{"type":"Feature","properties":{"i":0.02},"geometry":{"type":"Point","coordinates":[-88.52783,42.27731]}},{"type":"Feature","properties":{"i":0.12},"geometry":{"type":"Point","coordinates":[-88.48389,42.27731]}},{"type":"Feature","properties":{"i":1},"geometry":{"type":"Point","coordinates":[-88.43994,42.27731]}},{"type":"Feature","properties":{"i":0.77},"geometry":{"type":"Point","coordinates":[-88.396,42.27731]}},{"type":"Feature","properties":{"i":0.47},"geometry":{"type":"Point","coordinates":[-88.35205,42.27731]}},{"type":"Feature","properties":{"i":0.54},"geometry":{"type":"Point","coordinates":[-88.30811,42.27731]}},{"type":"Feature","properties":{"i":0.45},"geometry":{"type":"Point","coordinates":[-88.26416,42.27731]}},{"type":"Feature","properties":{"i":0.64},"geometry":{"type":"Point","coordinates":[-88.22021,42.27731]}},{"type":"Feature","properties":{"i":0.85},"geometry":{"type":"Point","coordinates":[-88.17627,42.27731]}},{"type":"Feature","properties":{"i":0.99},"geometry":{"type":"Point","coordinates":[-88.13232,42.27731]}},{"type":"Feature","properties":{"i":0.54},"geometry":{"type":"Point","coordinates":[-88.08838,42.27731]}},{"type":"Feature","properties":{"i":1},"geometry":{"type":"Point","coordinates":[-88.04443,42.27731]}},{"type":"Feature","properties":{"i":1},"geometry":{"type":"Point","coordinates":[-88.00049,42.27731]}},{"type":"Feature","properties":{"i":1},"geometry":{"type":"Point","coordinates":[-87.95654,42.27731]}},{"type":"Feature","properties":{"i":1},"geometry":{"type":"Point","coordinates":[-87.9126,42.27731]}},{"type":"Feature","properties":{"i":1},"geometry":{"type":"Point","coordinates":[-87.86865,42.27731]}},{"type":"Feature","properties":{"i":0.75},"geometry":{"type":"Point","coordinates":[-87.82471,42.27731]}},{"type":"Feature","properties":{"i":0.68},"geometry":{"type":"Point","coordinates":[-89.62646,42.24479]}},{"type":"Feature","properties":{"i":0.25},"geometry":{"type":"Point","coordinates":[-89.58252,42.24479]}},{"type":"Feature","properties":{"i":0.08},"geometry":{"type":"Point","coordinates":[-89.36279,42.24479]}},{"type":"Feature","properties":{"i":0.27},"geometry":{"type":"Point","coordinates":[-89.23096,42.24479]}},{"type":"Feature","properties":{"i":0.56},"geometry":{"type":"Point","coordinates":[-89.18701,42.24479]}},{"type":"Feature","properties":{"i":0.87},"geometry":{"type":"Point","coordinates":[-89.14307,42.24479]}},{"type":"Feature","properties":{"i":1},"geometry":{"type":"Point","coordinates":[-89.09912,42.24479]}},{"type":"Feature","properties":{"i":1},"geometry":{"type":"Point","coordinates":[-89.05518,42.24479]}},{"type":"Feature","properties":{"i":1},"geometry":{"type":"Point","coordinates":[-89.01123,42.24479]}},{"type":"Feature","properties":{"i":1},"geometry":{"type":"Point","coordinates":[-88.96729,42.24479]}},{"type":"Feature","properties":{"i":1},"geometry":{"type":"Point","coordinates":[-88.92334,42.24479]}},{"type":"Feature","properties":{"i":1},"geometry":{"type":"Point","coordinates":[-88.87939,42.24479]}},{"type":"Feature","properties":{"i":1},"geometry":{"type":"Point","coordinates":[-88.83545,42.24479]}},{"type":"Feature","properties":{"i":0.88},"geometry":{"type":"Point","coordinates":[-88.7915,42.24479]}},{"type":"Feature","properties":{"i":0.1},"geometry":{"type":"Point","coordinates":[-88.74756,42.24479]}},{"type":"Feature","properties":{"i":0.22},"geometry":{"type":"Point","coordinates":[-88.70361,42.24479]}},{"type":"Feature","properties":{"i":0.04},"geometry":{"type":"Point","coordinates":[-88.65967,42.24479]}},{"type":"Feature","properties":{"i":0.82},"geometry":{"type":"Point","coordinates":[-88.61572,42.24479]}},{"type":"Feature","properties":{"i":0.82},"geometry":{"type":"Point","coordinates":[-88.57178,42.24479]}},{"type":"Feature","properties":{"i":0.53},"geometry":{"type":"Point","coordinates":[-88.52783,42.24479]}},{"type":"Feature","properties":{"i":0.08},"geometry":{"type":"Point","coordinates":[-88.48389,42.24479]}},{"type":"Feature","properties":{"i":0.26},"geometry":{"type":"Point","coordinates":[-88.43994,42.24479]}},{"type":"Feature","properties":{"i":0.47},"geometry":{"type":"Point","coordinates":[-88.396,42.24479]}},{"type":"Feature","properties":{"i":0.98},"geometry":{"type":"Point","coordinates":[-88.35205,42.24479]}},{"type":"Feature","properties":{"i":1},"geometry":{"type":"Point","coordinates":[-88.30811,42.24479]}},{"type":"Feature","properties":{"i":0.92},"geometry":{"type":"Point","coordinates":[-88.26416,42.24479]}},{"type":"Feature","properties":{"i":0.43},"geometry":{"type":"Point","coordinates":[-88.22021,42.24479]}},{"type":"Feature","properties":{"i":0.81},"geometry":{"type":"Point","coordinates":[-88.17627,42.24479]}},{"type":"Feature","properties":{"i":1},"geometry":{"type":"Point","coordinates":[-88.13232,42.24479]}},{"type":"Feature","properties":{"i":0.42},"geometry":{"type":"Point","coordinates":[-88.08838,42.24479]}},{"type":"Feature","properties":{"i":0.56},"geometry":{"type":"Point","coordinates":[-88.04443,42.24479]}},{"type":"Feature","properties":{"i":1},"geometry":{"type":"Point","coordinates":[-88.00049,42.24479]}},{"type":"Feature","properties":{"i":1},"geometry":{"type":"Point","coordinates":[-87.95654,42.24479]}},{"type":"Feature","properties":{"i":1},"geometry":{"type":"Point","coordinates":[-87.9126,42.24479]}},{"type":"Feature","properties":{"i":0.95},"geometry":{"type":"Point","coordinates":[-87.86865,42.24479]}},{"type":"Feature","properties":{"i":0.8},"geometry":{"type":"Point","coordinates":[-87.82471,42.24479]}},{"type":"Feature","properties":{"i":0.07},"geometry":{"type":"Point","coordinates":[-89.18701,42.21225]}},{"type":"Feature","properties":{"i":0.36},"geometry":{"type":"Point","coordinates":[-89.14307,42.21225]}},{"type":"Feature","properties":{"i":1},"geometry":{"type":"Point","coordinates":[-89.09912,42.21225]}},{"type":"Feature","properties":{"i":1},"geometry":{"type":"Point","coordinates":[-89.05518,42.21225]}},{"type":"Feature","properties":{"i":1},"geometry":{"type":"Point","coordinates":[-89.01123,42.21225]}},{"type":"Feature","properties":{"i":0.56},"geometry":{"type":"Point","coordinates":[-88.96729,42.21225]}},{"type":"Feature","properties":{"i":0.31},"geometry":{"type":"Point","coordinates":[-88.92334,42.21225]}},{"type":"Feature","properties":{"i":0.67},"geometry":{"type":"Point","coordinates":[-88.87939,42.21225]}},{"type":"Feature","properties":{"i":0.36},"geometry":{"type":"Point","coordinates":[-88.83545,42.21225]}},{"type":"Feature","properties":{"i":0.33},"geometry":{"type":"Point","coordinates":[-88.7915,42.21225]}},{"type":"Feature","properties":{"i":0.29},"geometry":{"type":"Point","coordinates":[-88.74756,42.21225]}},{"type":"Feature","properties":{"i":0.39},"geometry":{"type":"Point","coordinates":[-88.70361,42.21225]}},{"type":"Feature","properties":{"i":0.27},"geometry":{"type":"Point","coordinates":[-88.65967,42.21225]}},{"type":"Feature","properties":{"i":0.52},"geometry":{"type":"Point","coordinates":[-88.61572,42.21225]}},{"type":"Feature","properties":{"i":0.36},"geometry":{"type":"Point","coordinates":[-88.57178,42.21225]}},{"type":"Feature","properties":{"i":0.47},"geometry":{"type":"Point","coordinates":[-88.52783,42.21225]}},{"type":"Feature","properties":{"i":0.02},"geometry":{"type":"Point","coordinates":[-88.48389,42.21225]}},{"type":"Feature","properties":{"i":0.5},"geometry":{"type":"Point","coordinates":[-88.43994,42.21225]}},{"type":"Feature","properties":{"i":0.56},"geometry":{"type":"Point","coordinates":[-88.396,42.21225]}},{"type":"Feature","properties":{"i":0.91},"geometry":{"type":"Point","coordinates":[-88.35205,42.21225]}},{"type":"Feature","properties":{"i":1},"geometry":{"type":"Point","coordinates":[-88.30811,42.21225]}},{"type":"Feature","properties":{"i":1},"geometry":{"type":"Point","coordinates":[-88.26416,42.21225]}},{"type":"Feature","properties":{"i":0.87},"geometry":{"type":"Point","coordinates":[-88.22021,42.21225]}},{"type":"Feature","properties":{"i":0.4},"geometry":{"type":"Point","coordinates":[-88.17627,42.21225]}},{"type":"Feature","properties":{"i":0.62},"geometry":{"type":"Point","coordinates":[-88.13232,42.21225]}},{"type":"Feature","properties":{"i":0.92},"geometry":{"type":"Point","coordinates":[-88.08838,42.21225]}},{"type":"Feature","properties":{"i":0.98},"geometry":{"type":"Point","coordinates":[-88.04443,42.21225]}},{"type":"Feature","properties":{"i":0.87},"geometry":{"type":"Point","coordinates":[-88.00049,42.21225]}},{"type":"Feature","properties":{"i":1},"geometry":{"type":"Point","coordinates":[-87.95654,42.21225]}},{"type":"Feature","properties":{"i":0.98},"geometry":{"type":"Point","coordinates":[-87.9126,42.21225]}},{"type":"Feature","properties":{"i":0.88},"geometry":{"type":"Point","coordinates":[-87.86865,42.21225]}},{"type":"Feature","properties":{"i":1},"geometry":{"type":"Point","coordinates":[-87.82471,42.21225]}},{"type":"Feature","properties":{"i":0.42},"geometry":{"type":"Point","coordinates":[-87.78076,42.21225]}},{"type":"Feature","properties":{"i":0.28},"geometry":{"type":"Point","coordinates":[-89.14307,42.17969]}},{"type":"Feature","properties":{"i":1},"geometry":{"type":"Point","coordinates":[-89.09912,42.17969]}},{"type":"Feature","properties":{"i":0.9},"geometry":{"type":"Point","coordinates":[-89.05518,42.17969]}},{"type":"Feature","properties":{"i":1},"geometry":{"type":"Point","coordinates":[-89.01123,42.17969]}},{"type":"Feature","properties":{"i":0.19},"geometry":{"type":"Point","coordinates":[-88.70361,42.17969]}},{"type":"Feature","properties":{"i":0.31},"geometry":{"type":"Point","coordinates":[-88.65967,42.17969]}},{"type":"Feature","properties":{"i":0.76},"geometry":{"type":"Point","coordinates":[-88.61572,42.17969]}},{"type":"Feature","properties":{"i":0.49},"geometry":{"type":"Point","coordinates":[-88.57178,42.17969]}},{"type":"Feature","properties":{"i":0.6},"geometry":{"type":"Point","coordinates":[-88.52783,42.17969]}},{"type":"Feature","properties":{"i":0.3},"geometry":{"type":"Point","coordinates":[-88.48389,42.17969]}},{"type":"Feature","properties":{"i":1},"geometry":{"type":"Point","coordinates":[-88.43994,42.17969]}},{"type":"Feature","properties":{"i":0.98},"geometry":{"type":"Point","coordinates":[-88.396,42.17969]}},{"type":"Feature","properties":{"i":1},"geometry":{"type":"Point","coordinates":[-88.35205,42.17969]}},{"type":"Feature","properties":{"i":1},"geometry":{"type":"Point","coordinates":[-88.30811,42.17969]}},{"type":"Feature","properties":{"i":0.68},"geometry":{"type":"Point","coordinates":[-88.26416,42.17969]}},{"type":"Feature","properties":{"i":0.74},"geometry":{"type":"Point","coordinates":[-88.22021,42.17969]}},{"type":"Feature","properties":{"i":0.91},"geometry":{"type":"Point","coordinates":[-88.17627,42.17969]}},{"type":"Feature","properties":{"i":0.67},"geometry":{"type":"Point","coordinates":[-88.13232,42.17969]}},{"type":"Feature","properties":{"i":1},"geometry":{"type":"Point","coordinates":[-88.08838,42.17969]}},{"type":"Feature","properties":{"i":0.97},"geometry":{"type":"Point","coordinates":[-88.04443,42.17969]}},{"type":"Feature","properties":{"i":0.86},"geometry":{"type":"Point","coordinates":[-88.00049,42.17969]}},{"type":"Feature","properties":{"i":1},"geometry":{"type":"Point","coordinates":[-87.95654,42.17969]}},{"type":"Feature","properties":{"i":1},"geometry":{"type":"Point","coordinates":[-87.9126,42.17969]}},{"type":"Feature","properties":{"i":1},"geometry":{"type":"Point","coordinates":[-87.86865,42.17969]}},{"type":"Feature","properties":{"i":1},"geometry":{"type":"Point","coordinates":[-87.82471,42.17969]}},{"type":"Feature","properties":{"i":1},"geometry":{"type":"Point","coordinates":[-87.78076,42.17969]}},{"type":"Feature","properties":{"i":0.43},"geometry":{"type":"Point","coordinates":[-89.71436,42.14711]}},{"type":"Feature","properties":{"i":0.05},"geometry":{"type":"Point","coordinates":[-89.58252,42.14711]}},{"type":"Feature","properties":{"i":0.21},"geometry":{"type":"Point","coordinates":[-89.49463,42.14711]}},{"type":"Feature","properties":{"i":0.3},"geometry":{"type":"Point","coordinates":[-89.2749,42.14711]}},{"type":"Feature","properties":{"i":0.09},"geometry":{"type":"Point","coordinates":[-89.23096,42.14711]}},{"type":"Feature","properties":{"i":0.08},"geometry":{"type":"Point","coordinates":[-89.14307,42.14711]}},{"type":"Feature","properties":{"i":0.75},"geometry":{"type":"Point","coordinates":[-89.09912,42.14711]}},{"type":"Feature","properties":{"i":0.46},"geometry":{"type":"Point","coordinates":[-89.05518,42.14711]}},{"type":"Feature","properties":{"i":0.12},"geometry":{"type":"Point","coordinates":[-89.01123,42.14711]}},{"type":"Feature","properties":{"i":0.3},"geometry":{"type":"Point","coordinates":[-88.57178,42.14711]}},{"type":"Feature","properties":{"i":1},"geometry":{"type":"Point","coordinates":[-88.52783,42.14711]}},{"type":"Feature","properties":{"i":1},"geometry":{"type":"Point","coordinates":[-88.48389,42.14711]}},{"type":"Feature","properties":{"i":1},"geometry":{"type":"Point","coordinates":[-88.43994,42.14711]}},{"type":"Feature","properties":{"i":1},"geometry":{"type":"Point","coordinates":[-88.396,42.14711]}},{"type":"Feature","properties":{"i":1},"geometry":{"type":"Point","coordinates":[-88.35205,42.14711]}},{"type":"Feature","properties":{"i":0.98},"geometry":{"type":"Point","coordinates":[-88.30811,42.14711]}},{"type":"Feature","properties":{"i":1},"geometry":{"type":"Point","coordinates":[-88.26416,42.14711]}},{"type":"Feature","properties":{"i":0.45},"geometry":{"type":"Point","coordinates":[-88.22021,42.14711]}},{"type":"Feature","properties":{"i":0.43},"geometry":{"type":"Point","coordinates":[-88.17627,42.14711]}},{"type":"Feature","properties":{"i":1},"geometry":{"type":"Point","coordinates":[-88.13232,42.14711]}},{"type":"Feature","properties":{"i":0.5},"geometry":{"type":"Point","coordinates":[-88.08838,42.14711]}},{"type":"Feature","properties":{"i":1},"geometry":{"type":"Point","coordinates":[-88.04443,42.14711]}},{"type":"Feature","properties":{"i":1},"geometry":{"type":"Point","coordinates":[-88.00049,42.14711]}},{"type":"Feature","properties":{"i":1},"geometry":{"type":"Point","coordinates":[-87.95654,42.14711]}},{"type":"Feature","properties":{"i":1},"geometry":{"type":"Point","coordinates":[-87.9126,42.14711]}},{"type":"Feature","properties":{"i":1},"geometry":{"type":"Point","coordinates":[-87.86865,42.14711]}},{"type":"Feature","properties":{"i":1},"geometry":{"type":"Point","coordinates":[-87.82471,42.14711]}},{"type":"Feature","properties":{"i":1},"geometry":{"type":"Point","coordinates":[-87.78076,42.14711]}},{"type":"Feature","properties":{"i":0.85},"geometry":{"type":"Point","coordinates":[-87.73682,42.14711]}},{"type":"Feature","properties":{"i":0.64},"geometry":{"type":"Point","coordinates":[-89.58252,42.11452]}},{"type":"Feature","properties":{"i":0.39},"geometry":{"type":"Point","coordinates":[-89.40674,42.11452]}},{"type":"Feature","properties":{"i":0.85},"geometry":{"type":"Point","coordinates":[-89.2749,42.11452]}},{"type":"Feature","properties":{"i":0.45},"geometry":{"type":"Point","coordinates":[-89.23096,42.11452]}},{"type":"Feature","properties":{"i":0.49},"geometry":{"type":"Point","coordinates":[-89.18701,42.11452]}},{"type":"Feature","properties":{"i":0.59},"geometry":{"type":"Point","coordinates":[-89.09912,42.11452]}},{"type":"Feature","properties":{"i":0.6},"geometry":{"type":"Point","coordinates":[-89.05518,42.11452]}},{"type":"Feature","properties":{"i":0.57},"geometry":{"type":"Point","coordinates":[-89.01123,42.11452]}},{"type":"Feature","properties":{"i":0.21},"geometry":{"type":"Point","coordinates":[-88.74756,42.11452]}},{"type":"Feature","properties":{"i":0.72},"geometry":{"type":"Point","coordinates":[-88.70361,42.11452]}},{"type":"Feature","properties":{"i":0.1},"geometry":{"type":"Point","coordinates":[-88.65967,42.11452]}},{"type":"Feature","properties":{"i":1},"geometry":{"type":"Point","coordinates":[-88.52783,42.11452]}},{"type":"Feature","properties":{"i":1},"geometry":{"type":"Point","coordinates":[-88.48389,42.11452]}},{"type":"Feature","properties":{"i":1},"geometry":{"type":"Point","coordinates":[-88.43994,42.11452]}},{"type":"Feature","properties":{"i":0.9},"geometry":{"type":"Point","coordinates":[-88.396,42.11452]}},{"type":"Feature","properties":{"i":1},"geometry":{"type":"Point","coordinates":[-88.35205,42.11452]}},{"type":"Feature","properties":{"i":1},"geometry":{"type":"Point","coordinates":[-88.30811,42.11452]}},{"type":"Feature","properties":{"i":1},"geometry":{"type":"Point","coordinates":[-88.26416,42.11452]}},{"type":"Feature","properties":{"i":0.7},"geometry":{"type":"Point","coordinates":[-88.22021,42.11452]}},{"type":"Feature","properties":{"i":0.64},"geometry":{"type":"Point","coordinates":[-88.17627,42.11452]}},{"type":"Feature","properties":{"i":1},"geometry":{"type":"Point","coordinates":[-88.13232,42.11452]}},{"type":"Feature","properties":{"i":0.84},"geometry":{"type":"Point","coordinates":[-88.08838,42.11452]}},{"type":"Feature","properties":{"i":1},"geometry":{"type":"Point","coordinates":[-88.04443,42.11452]}},{"type":"Feature","properties":{"i":1},"geometry":{"type":"Point","coordinates":[-88.00049,42.11452]}},{"type":"Feature","properties":{"i":1},"geometry":{"type":"Point","coordinates":[-87.95654,42.11452]}},{"type":"Feature","properties":{"i":1},"geometry":{"type":"Point","coordinates":[-87.9126,42.11452]}},{"type":"Feature","properties":{"i":1},"geometry":{"type":"Point","coordinates":[-87.86865,42.11452]}},{"type":"Feature","properties":{"i":1},"geometry":{"type":"Point","coordinates":[-87.82471,42.11452]}},{"type":"Feature","properties":{"i":1},"geometry":{"type":"Point","coordinates":[-87.78076,42.11452]}},{"type":"Feature","properties":{"i":1},"geometry":{"type":"Point","coordinates":[-87.73682,42.11452]}},{"type":"Feature","properties":{"i":0.04},"geometry":{"type":"Point","coordinates":[-87.69287,42.11452]}},{"type":"Feature","properties":{"i":1},"geometry":{"type":"Point","coordinates":[-89.2749,42.08192]}},{"type":"Feature","properties":{"i":0.35},"geometry":{"type":"Point","coordinates":[-89.09912,42.08192]}},{"type":"Feature","properties":{"i":0.12},"geometry":{"type":"Point","coordinates":[-89.05518,42.08192]}},{"type":"Feature","properties":{"i":0.21},"geometry":{"type":"Point","coordinates":[-89.01123,42.08192]}},{"type":"Feature","properties":{"i":0.26},"geometry":{"type":"Point","coordinates":[-88.87939,42.08192]}},{"type":"Feature","properties":{"i":0.6},"geometry":{"type":"Point","coordinates":[-88.83545,42.08192]}},{"type":"Feature","properties":{"i":0.28},"geometry":{"type":"Point","coordinates":[-88.7915,42.08192]}},{"type":"Feature","properties":{"i":0.19},"geometry":{"type":"Point","coordinates":[-88.74756,42.08192]}},{"type":"Feature","properties":{"i":0.73},"geometry":{"type":"Point","coordinates":[-88.70361,42.08192]}},{"type":"Feature","properties":{"i":0.24},"geometry":{"type":"Point","coordinates":[-88.65967,42.08192]}},{"type":"Feature","properties":{"i":0.12},"geometry":{"type":"Point","coordinates":[-88.57178,42.08192]}},{"type":"Feature","properties":{"i":0.72},"geometry":{"type":"Point","coordinates":[-88.52783,42.08192]}},{"type":"Feature","properties":{"i":0.46},"geometry":{"type":"Point","coordinates":[-88.48389,42.08192]}},{"type":"Feature","properties":{"i":0.86},"geometry":{"type":"Point","coordinates":[-88.43994,42.08192]}},{"type":"Feature","properties":{"i":0.52},"geometry":{"type":"Point","coordinates":[-88.396,42.08192]}},{"type":"Feature","properties":{"i":1},"geometry":{"type":"Point","coordinates":[-88.35205,42.08192]}},{"type":"Feature","properties":{"i":1},"geometry":{"type":"Point","coordinates":[-88.30811,42.08192]}},{"type":"Feature","properties":{"i":1},"geometry":{"type":"Point","coordinates":[-88.26416,42.08192]}},{"type":"Feature","properties":{"i":1},"geometry":{"type":"Point","coordinates":[-88.22021,42.08192]}},{"type":"Feature","properties":{"i":1},"geometry":{"type":"Point","coordinates":[-88.17627,42.08192]}},{"type":"Feature","properties":{"i":1},"geometry":{"type":"Point","coordinates":[-88.13232,42.08192]}},{"type":"Feature","properties":{"i":1},"geometry":{"type":"Point","coordinates":[-88.08838,42.08192]}},{"type":"Feature","properties":{"i":1},"geometry":{"type":"Point","coordinates":[-88.04443,42.08192]}},{"type":"Feature","properties":{"i":1},"geometry":{"type":"Point","coordinates":[-88.00049,42.08192]}},{"type":"Feature","properties":{"i":1},"geometry":{"type":"Point","coordinates":[-87.95654,42.08192]}},{"type":"Feature","properties":{"i":1},"geometry":{"type":"Point","coordinates":[-87.9126,42.08192]}},{"type":"Feature","properties":{"i":1},"geometry":{"type":"Point","coordinates":[-87.86865,42.08192]}},{"type":"Feature","properties":{"i":1},"geometry":{"type":"Point","coordinates":[-87.82471,42.08192]}},{"type":"Feature","properties":{"i":1},"geometry":{"type":"Point","coordinates":[-87.78076,42.08192]}},{"type":"Feature","properties":{"i":1},"geometry":{"type":"Point","coordinates":[-87.73682,42.08192]}},{"type":"Feature","properties":{"i":0.96},"geometry":{"type":"Point","coordinates":[-87.69287,42.08192]}},{"type":"Feature","properties":{"i":0.09},"geometry":{"type":"Point","coordinates":[-87.64893,42.08192]}},{"type":"Feature","properties":{"i":0.79},"geometry":{"type":"Point","coordinates":[-89.45068,42.04929]}},{"type":"Feature","properties":{"i":0.53},"geometry":{"type":"Point","coordinates":[-89.40674,42.04929]}},{"type":"Feature","properties":{"i":0.03},"geometry":{"type":"Point","coordinates":[-89.2749,42.04929]}},{"type":"Feature","properties":{"i":0.38},"geometry":{"type":"Point","coordinates":[-89.01123,42.04929]}},{"type":"Feature","properties":{"i":0.03},"geometry":{"type":"Point","coordinates":[-88.87939,42.04929]}},{"type":"Feature","properties":{"i":0.26},"geometry":{"type":"Point","coordinates":[-88.70361,42.04929]}},{"type":"Feature","properties":{"i":0.14},"geometry":{"type":"Point","coordinates":[-88.57178,42.04929]}},{"type":"Feature","properties":{"i":0.33},"geometry":{"type":"Point","coordinates":[-88.52783,42.04929]}},{"type":"Feature","properties":{"i":0.5},"geometry":{"type":"Point","coordinates":[-88.48389,42.04929]}},{"type":"Feature","properties":{"i":0.34},"geometry":{"type":"Point","coordinates":[-88.43994,42.04929]}},{"type":"Feature","properties":{"i":0.84},"geometry":{"type":"Point","coordinates":[-88.396,42.04929]}},{"type":"Feature","properties":{"i":1},"geometry":{"type":"Point","coordinates":[-88.35205,42.04929]}},{"type":"Feature","properties":{"i":1},"geometry":{"type":"Point","coordinates":[-88.30811,42.04929]}},{"type":"Feature","properties":{"i":1},"geometry":{"type":"Point","coordinates":[-88.26416,42.04929]}},{"type":"Feature","properties":{"i":1},"geometry":{"type":"Point","coordinates":[-88.22021,42.04929]}},{"type":"Feature","properties":{"i":1},"geometry":{"type":"Point","coordinates":[-88.17627,42.04929]}},{"type":"Feature","properties":{"i":1},"geometry":{"type":"Point","coordinates":[-88.13232,42.04929]}},{"type":"Feature","properties":{"i":1},"geometry":{"type":"Point","coordinates":[-88.08838,42.04929]}},{"type":"Feature","properties":{"i":1},"geometry":{"type":"Point","coordinates":[-88.04443,42.04929]}},{"type":"Feature","properties":{"i":1},"geometry":{"type":"Point","coordinates":[-88.00049,42.04929]}},{"type":"Feature","properties":{"i":1},"geometry":{"type":"Point","coordinates":[-87.95654,42.04929]}},{"type":"Feature","properties":{"i":1},"geometry":{"type":"Point","coordinates":[-87.9126,42.04929]}},{"type":"Feature","properties":{"i":1},"geometry":{"type":"Point","coordinates":[-87.86865,42.04929]}},{"type":"Feature","properties":{"i":1},"geometry":{"type":"Point","coordinates":[-87.82471,42.04929]}},{"type":"Feature","properties":{"i":1},"geometry":{"type":"Point","coordinates":[-87.78076,42.04929]}},{"type":"Feature","properties":{"i":1},"geometry":{"type":"Point","coordinates":[-87.73682,42.04929]}},{"type":"Feature","properties":{"i":1},"geometry":{"type":"Point","coordinates":[-87.69287,42.04929]}},{"type":"Feature","properties":{"i":0.51},"geometry":{"type":"Point","coordinates":[-87.64893,42.04929]}},{"type":"Feature","properties":{"i":0.07},"geometry":{"type":"Point","coordinates":[-87.60498,42.04929]}},{"type":"Feature","properties":{"i":0.55},"geometry":{"type":"Point","coordinates":[-89.36279,42.01665]}},{"type":"Feature","properties":{"i":0.92},"geometry":{"type":"Point","coordinates":[-89.31885,42.01665]}},{"type":"Feature","properties":{"i":0.02},"geometry":{"type":"Point","coordinates":[-89.2749,42.01665]}},{"type":"Feature","properties":{"i":0.18},"geometry":{"type":"Point","coordinates":[-89.05518,42.01665]}},{"type":"Feature","properties":{"i":0.63},"geometry":{"type":"Point","coordinates":[-88.70361,42.01665]}},{"type":"Feature","properties":{"i":0.89},"geometry":{"type":"Point","coordinates":[-88.65967,42.01665]}},{"type":"Feature","properties":{"i":0.11},"geometry":{"type":"Point","coordinates":[-88.57178,42.01665]}},{"type":"Feature","properties":{"i":0.28},"geometry":{"type":"Point","coordinates":[-88.48389,42.01665]}},{"type":"Feature","properties":{"i":0.52},"geometry":{"type":"Point","coordinates":[-88.43994,42.01665]}},{"type":"Feature","properties":{"i":0.67},"geometry":{"type":"Point","coordinates":[-88.396,42.01665]}},{"type":"Feature","properties":{"i":1},"geometry":{"type":"Point","coordinates":[-88.35205,42.01665]}},{"type":"Feature","properties":{"i":1},"geometry":{"type":"Point","coordinates":[-88.30811,42.01665]}},{"type":"Feature","properties":{"i":1},"geometry":{"type":"Point","coordinates":[-88.26416,42.01665]}},{"type":"Feature","properties":{"i":1},"geometry":{"type":"Point","coordinates":[-88.22021,42.01665]}},{"type":"Feature","properties":{"i":0.98},"geometry":{"type":"Point","coordinates":[-88.17627,42.01665]}},{"type":"Feature","properties":{"i":1},"geometry":{"type":"Point","coordinates":[-88.13232,42.01665]}},{"type":"Feature","properties":{"i":1},"geometry":{"type":"Point","coordinates":[-88.08838,42.01665]}},{"type":"Feature","properties":{"i":1},"geometry":{"type":"Point","coordinates":[-88.04443,42.01665]}},{"type":"Feature","properties":{"i":1},"geometry":{"type":"Point","coordinates":[-88.00049,42.01665]}},{"type":"Feature","properties":{"i":1},"geometry":{"type":"Point","coordinates":[-87.95654,42.01665]}},{"type":"Feature","properties":{"i":1},"geometry":{"type":"Point","coordinates":[-87.9126,42.01665]}},{"type":"Feature","properties":{"i":1},"geometry":{"type":"Point","coordinates":[-87.86865,42.01665]}},{"type":"Feature","properties":{"i":1},"geometry":{"type":"Point","coordinates":[-87.82471,42.01665]}},{"type":"Feature","properties":{"i":1},"geometry":{"type":"Point","coordinates":[-87.78076,42.01665]}},{"type":"Feature","properties":{"i":1},"geometry":{"type":"Point","coordinates":[-87.73682,42.01665]}},{"type":"Feature","properties":{"i":1},"geometry":{"type":"Point","coordinates":[-87.69287,42.01665]}},{"type":"Feature","properties":{"i":1},"geometry":{"type":"Point","coordinates":[-87.64893,42.01665]}},{"type":"Feature","properties":{"i":0.13},"geometry":{"type":"Point","coordinates":[-87.60498,42.01665]}},{"type":"Feature","properties":{"i":0.88},"geometry":{"type":"Point","coordinates":[-89.58252,41.98399]}},{"type":"Feature","properties":{"i":0.08},"geometry":{"type":"Point","coordinates":[-89.45068,41.98399]}},{"type":"Feature","properties":{"i":0.61},"geometry":{"type":"Point","coordinates":[-89.40674,41.98399]}},{"type":"Feature","properties":{"i":0.5},"geometry":{"type":"Point","coordinates":[-89.36279,41.98399]}},{"type":"Feature","properties":{"i":0.64},"geometry":{"type":"Point","coordinates":[-89.31885,41.98399]}},{"type":"Feature","properties":{"i":0.05},"geometry":{"type":"Point","coordinates":[-88.87939,41.98399]}},{"type":"Feature","properties":{"i":0.29},"geometry":{"type":"Point","coordinates":[-88.74756,41.98399]}},{"type":"Feature","properties":{"i":1},"geometry":{"type":"Point","coordinates":[-88.70361,41.98399]}},{"type":"Feature","properties":{"i":0.99},"geometry":{"type":"Point","coordinates":[-88.65967,41.98399]}},{"type":"Feature","properties":{"i":0.09},"geometry":{"type":"Point","coordinates":[-88.61572,41.98399]}},{"type":"Feature","properties":{"i":0.04},"geometry":{"type":"Point","coordinates":[-88.57178,41.98399]}},{"type":"Feature","properties":{"i":0.22},"geometry":{"type":"Point","coordinates":[-88.48389,41.98399]}},{"type":"Feature","properties":{"i":0.28},"geometry":{"type":"Point","coordinates":[-88.43994,41.98399]}},{"type":"Feature","properties":{"i":0.73},"geometry":{"type":"Point","coordinates":[-88.396,41.98399]}},{"type":"Feature","properties":{"i":1},"geometry":{"type":"Point","coordinates":[-88.35205,41.98399]}},{"type":"Feature","properties":{"i":1},"geometry":{"type":"Point","coordinates":[-88.30811,41.98399]}},{"type":"Feature","properties":{"i":1},"geometry":{"type":"Point","coordinates":[-88.26416,41.98399]}},{"type":"Feature","properties":{"i":1},"geometry":{"type":"Point","coordinates":[-88.22021,41.98399]}},{"type":"Feature","properties":{"i":1},"geometry":{"type":"Point","coordinates":[-88.17627,41.98399]}},{"type":"Feature","properties":{"i":1},"geometry":{"type":"Point","coordinates":[-88.13232,41.98399]}},{"type":"Feature","properties":{"i":1},"geometry":{"type":"Point","coordinates":[-88.08838,41.98399]}},{"type":"Feature","properties":{"i":1},"geometry":{"type":"Point","coordinates":[-88.04443,41.98399]}},{"type":"Feature","properties":{"i":1},"geometry":{"type":"Point","coordinates":[-88.00049,41.98399]}},{"type":"Feature","properties":{"i":1},"geometry":{"type":"Point","coordinates":[-87.95654,41.98399]}},{"type":"Feature","properties":{"i":1},"geometry":{"type":"Point","coordinates":[-87.9126,41.98399]}},{"type":"Feature","properties":{"i":1},"geometry":{"type":"Point","coordinates":[-87.86865,41.98399]}},{"type":"Feature","properties":{"i":1},"geometry":{"type":"Point","coordinates":[-87.82471,41.98399]}},{"type":"Feature","properties":{"i":1},"geometry":{"type":"Point","coordinates":[-87.78076,41.98399]}},{"type":"Feature","properties":{"i":1},"geometry":{"type":"Point","coordinates":[-87.73682,41.98399]}},{"type":"Feature","properties":{"i":1},"geometry":{"type":"Point","coordinates":[-87.69287,41.98399]}},{"type":"Feature","properties":{"i":1},"geometry":{"type":"Point","coordinates":[-87.64893,41.98399]}},{"type":"Feature","properties":{"i":0.18},"geometry":{"type":"Point","coordinates":[-87.60498,41.98399]}},{"type":"Feature","properties":{"i":0.25},"geometry":{"type":"Point","coordinates":[-89.58252,41.95132]}},{"type":"Feature","properties":{"i":0.18},"geometry":{"type":"Point","coordinates":[-89.18701,41.95132]}},{"type":"Feature","properties":{"i":0.08},"geometry":{"type":"Point","coordinates":[-89.14307,41.95132]}},{"type":"Feature","properties":{"i":0.85},"geometry":{"type":"Point","coordinates":[-89.09912,41.95132]}},{"type":"Feature","properties":{"i":0.74},"geometry":{"type":"Point","coordinates":[-89.05518,41.95132]}},{"type":"Feature","properties":{"i":0.75},"geometry":{"type":"Point","coordinates":[-89.01123,41.95132]}},{"type":"Feature","properties":{"i":0.31},"geometry":{"type":"Point","coordinates":[-88.96729,41.95132]}},{"type":"Feature","properties":{"i":0.28},"geometry":{"type":"Point","coordinates":[-88.87939,41.95132]}},{"type":"Feature","properties":{"i":0.3},"geometry":{"type":"Point","coordinates":[-88.83545,41.95132]}},{"type":"Feature","properties":{"i":1},"geometry":{"type":"Point","coordinates":[-88.7915,41.95132]}},{"type":"Feature","properties":{"i":1},"geometry":{"type":"Point","coordinates":[-88.74756,41.95132]}},{"type":"Feature","properties":{"i":1},"geometry":{"type":"Point","coordinates":[-88.70361,41.95132]}},{"type":"Feature","properties":{"i":0.48},"geometry":{"type":"Point","coordinates":[-88.65967,41.95132]}},{"type":"Feature","properties":{"i":0.21},"geometry":{"type":"Point","coordinates":[-88.61572,41.95132]}},{"type":"Feature","properties":{"i":0.56},"geometry":{"type":"Point","coordinates":[-88.57178,41.95132]}},{"type":"Feature","properties":{"i":0.4},"geometry":{"type":"Point","coordinates":[-88.52783,41.95132]}},{"type":"Feature","properties":{"i":0.6},"geometry":{"type":"Point","coordinates":[-88.48389,41.95132]}},{"type":"Feature","properties":{"i":0.36},"geometry":{"type":"Point","coordinates":[-88.43994,41.95132]}},{"type":"Feature","properties":{"i":0.71},"geometry":{"type":"Point","coordinates":[-88.396,41.95132]}},{"type":"Feature","properties":{"i":0.85},"geometry":{"type":"Point","coordinates":[-88.35205,41.95132]}},{"type":"Feature","properties":{"i":0.63},"geometry":{"type":"Point","coordinates":[-88.30811,41.95132]}},{"type":"Feature","properties":{"i":0.57},"geometry":{"type":"Point","coordinates":[-88.26416,41.95132]}},{"type":"Feature","properties":{"i":0.9},"geometry":{"type":"Point","coordinates":[-88.22021,41.95132]}},{"type":"Feature","properties":{"i":0.7},"geometry":{"type":"Point","coordinates":[-88.17627,41.95132]}},{"type":"Feature","properties":{"i":1},"geometry":{"type":"Point","coordinates":[-88.13232,41.95132]}},{"type":"Feature","properties":{"i":1},"geometry":{"type":"Point","coordinates":[-88.08838,41.95132]}},{"type":"Feature","properties":{"i":1},"geometry":{"type":"Point","coordinates":[-88.04443,41.95132]}},{"type":"Feature","properties":{"i":1},"geometry":{"type":"Point","coordinates":[-88.00049,41.95132]}},{"type":"Feature","properties":{"i":1},"geometry":{"type":"Point","coordinates":[-87.95654,41.95132]}},{"type":"Feature","properties":{"i":1},"geometry":{"type":"Point","coordinates":[-87.9126,41.95132]}},{"type":"Feature","properties":{"i":1},"geometry":{"type":"Point","coordinates":[-87.86865,41.95132]}},{"type":"Feature","properties":{"i":1},"geometry":{"type":"Point","coordinates":[-87.82471,41.95132]}},{"type":"Feature","properties":{"i":1},"geometry":{"type":"Point","coordinates":[-87.78076,41.95132]}},{"type":"Feature","properties":{"i":1},"geometry":{"type":"Point","coordinates":[-87.73682,41.95132]}},{"type":"Feature","properties":{"i":1},"geometry":{"type":"Point","coordinates":[-87.69287,41.95132]}},{"type":"Feature","properties":{"i":1},"geometry":{"type":"Point","coordinates":[-87.64893,41.95132]}},{"type":"Feature","properties":{"i":0.37},"geometry":{"type":"Point","coordinates":[-87.60498,41.95132]}},{"type":"Feature","properties":{"i":0.18},"geometry":{"type":"Point","coordinates":[-87.56104,41.95132]}},{"type":"Feature","properties":{"i":0.14},"geometry":{"type":"Point","coordinates":[-89.36279,41.91863]}},{"type":"Feature","properties":{"i":0.17},"geometry":{"type":"Point","coordinates":[-89.14307,41.91863]}},{"type":"Feature","properties":{"i":1},"geometry":{"type":"Point","coordinates":[-89.09912,41.91863]}},{"type":"Feature","properties":{"i":1},"geometry":{"type":"Point","coordinates":[-89.05518,41.91863]}},{"type":"Feature","properties":{"i":0.65},"geometry":{"type":"Point","coordinates":[-89.01123,41.91863]}},{"type":"Feature","properties":{"i":0.69},"geometry":{"type":"Point","coordinates":[-88.96729,41.91863]}},{"type":"Feature","properties":{"i":0.03},"geometry":{"type":"Point","coordinates":[-88.92334,41.91863]}},{"type":"Feature","properties":{"i":0.59},"geometry":{"type":"Point","coordinates":[-88.87939,41.91863]}},{"type":"Feature","properties":{"i":0.15},"geometry":{"type":"Point","coordinates":[-88.83545,41.91863]}},{"type":"Feature","properties":{"i":1},"geometry":{"type":"Point","coordinates":[-88.7915,41.91863]}},{"type":"Feature","properties":{"i":1},"geometry":{"type":"Point","coordinates":[-88.74756,41.91863]}},{"type":"Feature","properties":{"i":0.8},"geometry":{"type":"Point","coordinates":[-88.70361,41.91863]}},{"type":"Feature","properties":{"i":0.39},"geometry":{"type":"Point","coordinates":[-88.65967,41.91863]}},{"type":"Feature","properties":{"i":0.23},"geometry":{"type":"Point","coordinates":[-88.61572,41.91863]}},{"type":"Feature","properties":{"i":0.1},"geometry":{"type":"Point","coordinates":[-88.57178,41.91863]}},{"type":"Feature","properties":{"i":0.12},"geometry":{"type":"Point","coordinates":[-88.52783,41.91863]}},{"type":"Feature","properties":{"i":0.21},"geometry":{"type":"Point","coordinates":[-88.48389,41.91863]}},{"type":"Feature","properties":{"i":0.3},"geometry":{"type":"Point","coordinates":[-88.43994,41.91863]}},{"type":"Feature","properties":{"i":0.9},"geometry":{"type":"Point","coordinates":[-88.396,41.91863]}},{"type":"Feature","properties":{"i":1},"geometry":{"type":"Point","coordinates":[-88.35205,41.91863]}},{"type":"Feature","properties":{"i":1},"geometry":{"type":"Point","coordinates":[-88.30811,41.91863]}},{"type":"Feature","properties":{"i":1},"geometry":{"type":"Point","coordinates":[-88.26416,41.91863]}},{"type":"Feature","properties":{"i":1},"geometry":{"type":"Point","coordinates":[-88.22021,41.91863]}},{"type":"Feature","properties":{"i":0.97},"geometry":{"type":"Point","coordinates":[-88.17627,41.91863]}},{"type":"Feature","properties":{"i":1},"geometry":{"type":"Point","coordinates":[-88.13232,41.91863]}},{"type":"Feature","properties":{"i":1},"geometry":{"type":"Point","coordinates":[-88.08838,41.91863]}},{"type":"Feature","properties":{"i":1},"geometry":{"type":"Point","coordinates":[-88.04443,41.91863]}},{"type":"Feature","properties":{"i":1},"geometry":{"type":"Point","coordinates":[-88.00049,41.91863]}},{"type":"Feature","properties":{"i":1},"geometry":{"type":"Point","coordinates":[-87.95654,41.91863]}},{"type":"Feature","properties":{"i":1},"geometry":{"type":"Point","coordinates":[-87.9126,41.91863]}},{"type":"Feature","properties":{"i":1},"geometry":{"type":"Point","coordinates":[-87.86865,41.91863]}},{"type":"Feature","properties":{"i":1},"geometry":{"type":"Point","coordinates":[-87.82471,41.91863]}},{"type":"Feature","properties":{"i":1},"geometry":{"type":"Point","coordinates":[-87.78076,41.91863]}},{"type":"Feature","properties":{"i":1},"geometry":{"type":"Point","coordinates":[-87.73682,41.91863]}},{"type":"Feature","properties":{"i":1},"geometry":{"type":"Point","coordinates":[-87.69287,41.91863]}},{"type":"Feature","properties":{"i":1},"geometry":{"type":"Point","coordinates":[-87.64893,41.91863]}},{"type":"Feature","properties":{"i":1},"geometry":{"type":"Point","coordinates":[-87.60498,41.91863]}},{"type":"Feature","properties":{"i":0.3},"geometry":{"type":"Point","coordinates":[-87.56104,41.91863]}},{"type":"Feature","properties":{"i":0.72},"geometry":{"type":"Point","coordinates":[-89.49463,41.88592]}},{"type":"Feature","properties":{"i":0.3},"geometry":{"type":"Point","coordinates":[-89.45068,41.88592]}},{"type":"Feature","properties":{"i":0.14},"geometry":{"type":"Point","coordinates":[-89.40674,41.88592]}},{"type":"Feature","properties":{"i":0.27},"geometry":{"type":"Point","coordinates":[-89.14307,41.88592]}},{"type":"Feature","properties":{"i":1},"geometry":{"type":"Point","coordinates":[-89.09912,41.88592]}},{"type":"Feature","properties":{"i":1},"geometry":{"type":"Point","coordinates":[-89.05518,41.88592]}},{"type":"Feature","properties":{"i":0.97},"geometry":{"type":"Point","coordinates":[-89.01123,41.88592]}},{"type":"Feature","properties":{"i":0.02},"geometry":{"type":"Point","coordinates":[-88.92334,41.88592]}},{"type":"Feature","properties":{"i":0.76},"geometry":{"type":"Point","coordinates":[-88.87939,41.88592]}},{"type":"Feature","properties":{"i":0.74},"geometry":{"type":"Point","coordinates":[-88.7915,41.88592]}},{"type":"Feature","properties":{"i":1},"geometry":{"type":"Point","coordinates":[-88.74756,41.88592]}},{"type":"Feature","properties":{"i":1},"geometry":{"type":"Point","coordinates":[-88.70361,41.88592]}},{"type":"Feature","properties":{"i":0.76},"geometry":{"type":"Point","coordinates":[-88.65967,41.88592]}},{"type":"Feature","properties":{"i":0.41},"geometry":{"type":"Point","coordinates":[-88.61572,41.88592]}},{"type":"Feature","properties":{"i":0.11},"geometry":{"type":"Point","coordinates":[-88.57178,41.88592]}},{"type":"Feature","properties":{"i":0.8},"geometry":{"type":"Point","coordinates":[-88.52783,41.88592]}},{"type":"Feature","properties":{"i":0.86},"geometry":{"type":"Point","coordinates":[-88.48389,41.88592]}},{"type":"Feature","properties":{"i":0.96},"geometry":{"type":"Point","coordinates":[-88.43994,41.88592]}},{"type":"Feature","properties":{"i":0.9},"geometry":{"type":"Point","coordinates":[-88.396,41.88592]}},{"type":"Feature","properties":{"i":1},"geometry":{"type":"Point","coordinates":[-88.35205,41.88592]}},{"type":"Feature","properties":{"i":1},"geometry":{"type":"Point","coordinates":[-88.30811,41.88592]}},{"type":"Feature","properties":{"i":1},"geometry":{"type":"Point","coordinates":[-88.26416,41.88592]}},{"type":"Feature","properties":{"i":1},"geometry":{"type":"Point","coordinates":[-88.22021,41.88592]}},{"type":"Feature","properties":{"i":0.97},"geometry":{"type":"Point","coordinates":[-88.17627,41.88592]}},{"type":"Feature","properties":{"i":1},"geometry":{"type":"Point","coordinates":[-88.13232,41.88592]}},{"type":"Feature","properties":{"i":1},"geometry":{"type":"Point","coordinates":[-88.08838,41.88592]}},{"type":"Feature","properties":{"i":1},"geometry":{"type":"Point","coordinates":[-88.04443,41.88592]}},{"type":"Feature","properties":{"i":1},"geometry":{"type":"Point","coordinates":[-88.00049,41.88592]}},{"type":"Feature","properties":{"i":1},"geometry":{"type":"Point","coordinates":[-87.95654,41.88592]}},{"type":"Feature","properties":{"i":1},"geometry":{"type":"Point","coordinates":[-87.9126,41.88592]}},{"type":"Feature","properties":{"i":1},"geometry":{"type":"Point","coordinates":[-87.86865,41.88592]}},{"type":"Feature","properties":{"i":1},"geometry":{"type":"Point","coordinates":[-87.82471,41.88592]}},{"type":"Feature","properties":{"i":1},"geometry":{"type":"Point","coordinates":[-87.78076,41.88592]}},{"type":"Feature","properties":{"i":1},"geometry":{"type":"Point","coordinates":[-87.73682,41.88592]}},{"type":"Feature","properties":{"i":1},"geometry":{"type":"Point","coordinates":[-87.69287,41.88592]}},{"type":"Feature","properties":{"i":1},"geometry":{"type":"Point","coordinates":[-87.64893,41.88592]}},{"type":"Feature","properties":{"i":1},"geometry":{"type":"Point","coordinates":[-87.60498,41.88592]}},{"type":"Feature","properties":{"i":0.32},"geometry":{"type":"Point","coordinates":[-87.56104,41.88592]}},{"type":"Feature","properties":{"i":0.13},"geometry":{"type":"Point","coordinates":[-87.51709,41.88592]}},{"type":"Feature","properties":{"i":0.09},"geometry":{"type":"Point","coordinates":[-89.53857,41.8532]}},{"type":"Feature","properties":{"i":1},"geometry":{"type":"Point","coordinates":[-89.49463,41.8532]}},{"type":"Feature","properties":{"i":0.69},"geometry":{"type":"Point","coordinates":[-89.45068,41.8532]}},{"type":"Feature","properties":{"i":0.5},"geometry":{"type":"Point","coordinates":[-89.31885,41.8532]}},{"type":"Feature","properties":{"i":0.47},"geometry":{"type":"Point","coordinates":[-89.2749,41.8532]}},{"type":"Feature","properties":{"i":0.35},"geometry":{"type":"Point","coordinates":[-89.23096,41.8532]}},{"type":"Feature","properties":{"i":0.22},"geometry":{"type":"Point","coordinates":[-89.01123,41.8532]}},{"type":"Feature","properties":{"i":0.04},"geometry":{"type":"Point","coordinates":[-88.74756,41.8532]}},{"type":"Feature","properties":{"i":0.03},"geometry":{"type":"Point","coordinates":[-88.57178,41.8532]}},{"type":"Feature","properties":{"i":0.14},"geometry":{"type":"Point","coordinates":[-88.52783,41.8532]}},{"type":"Feature","properties":{"i":0.52},"geometry":{"type":"Point","coordinates":[-88.48389,41.8532]}},{"type":"Feature","properties":{"i":0.57},"geometry":{"type":"Point","coordinates":[-88.43994,41.8532]}},{"type":"Feature","properties":{"i":0.58},"geometry":{"type":"Point","coordinates":[-88.396,41.8532]}},{"type":"Feature","properties":{"i":1},"geometry":{"type":"Point","coordinates":[-88.35205,41.8532]}},{"type":"Feature","properties":{"i":1},"geometry":{"type":"Point","coordinates":[-88.30811,41.8532]}},{"type":"Feature","properties":{"i":1},"geometry":{"type":"Point","coordinates":[-88.26416,41.8532]}},{"type":"Feature","properties":{"i":0.97},"geometry":{"type":"Point","coordinates":[-88.22021,41.8532]}},{"type":"Feature","properties":{"i":0.86},"geometry":{"type":"Point","coordinates":[-88.17627,41.8532]}},{"type":"Feature","properties":{"i":0.95},"geometry":{"type":"Point","coordinates":[-88.13232,41.8532]}},{"type":"Feature","properties":{"i":1},"geometry":{"type":"Point","coordinates":[-88.08838,41.8532]}},{"type":"Feature","properties":{"i":1},"geometry":{"type":"Point","coordinates":[-88.04443,41.8532]}},{"type":"Feature","properties":{"i":1},"geometry":{"type":"Point","coordinates":[-88.00049,41.8532]}},{"type":"Feature","properties":{"i":1},"geometry":{"type":"Point","coordinates":[-87.95654,41.8532]}},{"type":"Feature","properties":{"i":1},"geometry":{"type":"Point","coordinates":[-87.9126,41.8532]}},{"type":"Feature","properties":{"i":1},"geometry":{"type":"Point","coordinates":[-87.86865,41.8532]}},{"type":"Feature","properties":{"i":1},"geometry":{"type":"Point","coordinates":[-87.82471,41.8532]}},{"type":"Feature","properties":{"i":1},"geometry":{"type":"Point","coordinates":[-87.78076,41.8532]}},{"type":"Feature","properties":{"i":1},"geometry":{"type":"Point","coordinates":[-87.73682,41.8532]}},{"type":"Feature","properties":{"i":1},"geometry":{"type":"Point","coordinates":[-87.69287,41.8532]}},{"type":"Feature","properties":{"i":1},"geometry":{"type":"Point","coordinates":[-87.64893,41.8532]}},{"type":"Feature","properties":{"i":1},"geometry":{"type":"Point","coordinates":[-87.60498,41.8532]}},{"type":"Feature","properties":{"i":0.71},"geometry":{"type":"Point","coordinates":[-87.56104,41.8532]}},{"type":"Feature","properties":{"i":0.55},"geometry":{"type":"Point","coordinates":[-87.51709,41.8532]}},{"type":"Feature","properties":{"i":1},"geometry":{"type":"Point","coordinates":[-89.71436,41.82046]}},{"type":"Feature","properties":{"i":0.77},"geometry":{"type":"Point","coordinates":[-89.67041,41.82046]}},{"type":"Feature","properties":{"i":0.98},"geometry":{"type":"Point","coordinates":[-89.62646,41.82046]}},{"type":"Feature","properties":{"i":0.4},"geometry":{"type":"Point","coordinates":[-89.58252,41.82046]}},{"type":"Feature","properties":{"i":0.55},"geometry":{"type":"Point","coordinates":[-89.53857,41.82046]}},{"type":"Feature","properties":{"i":0.8},"geometry":{"type":"Point","coordinates":[-89.49463,41.82046]}},{"type":"Feature","properties":{"i":1},"geometry":{"type":"Point","coordinates":[-89.45068,41.82046]}},{"type":"Feature","properties":{"i":0.8},"geometry":{"type":"Point","coordinates":[-89.40674,41.82046]}},{"type":"Feature","properties":{"i":0.04},"geometry":{"type":"Point","coordinates":[-89.36279,41.82046]}},{"type":"Feature","properties":{"i":0.19},"geometry":{"type":"Point","coordinates":[-89.31885,41.82046]}},{"type":"Feature","properties":{"i":0.16},"geometry":{"type":"Point","coordinates":[-89.2749,41.82046]}},{"type":"Feature","properties":{"i":0.23},"geometry":{"type":"Point","coordinates":[-88.7915,41.82046]}},{"type":"Feature","properties":{"i":0.38},"geometry":{"type":"Point","coordinates":[-88.74756,41.82046]}},{"type":"Feature","properties":{"i":0.1},"geometry":{"type":"Point","coordinates":[-88.61572,41.82046]}},{"type":"Feature","properties":{"i":0.12},"geometry":{"type":"Point","coordinates":[-88.57178,41.82046]}},{"type":"Feature","properties":{"i":0.1},"geometry":{"type":"Point","coordinates":[-88.52783,41.82046]}},{"type":"Feature","properties":{"i":0.66},"geometry":{"type":"Point","coordinates":[-88.48389,41.82046]}},{"type":"Feature","properties":{"i":0.38},"geometry":{"type":"Point","coordinates":[-88.43994,41.82046]}},{"type":"Feature","properties":{"i":0.74},"geometry":{"type":"Point","coordinates":[-88.396,41.82046]}},{"type":"Feature","properties":{"i":1},"geometry":{"type":"Point","coordinates":[-88.35205,41.82046]}},{"type":"Feature","properties":{"i":0.96},"geometry":{"type":"Point","coordinates":[-88.30811,41.82046]}},{"type":"Feature","properties":{"i":1},"geometry":{"type":"Point","coordinates":[-88.26416,41.82046]}},{"type":"Feature","properties":{"i":1},"geometry":{"type":"Point","coordinates":[-88.22021,41.82046]}},{"type":"Feature","properties":{"i":1},"geometry":{"type":"Point","coordinates":[-88.17627,41.82046]}},{"type":"Feature","properties":{"i":1},"geometry":{"type":"Point","coordinates":[-88.13232,41.82046]}},{"type":"Feature","properties":{"i":1},"geometry":{"type":"Point","coordinates":[-88.08838,41.82046]}},{"type":"Feature","properties":{"i":1},"geometry":{"type":"Point","coordinates":[-88.04443,41.82046]}},{"type":"Feature","properties":{"i":1},"geometry":{"type":"Point","coordinates":[-88.00049,41.82046]}},{"type":"Feature","properties":{"i":1},"geometry":{"type":"Point","coordinates":[-87.95654,41.82046]}},{"type":"Feature","properties":{"i":1},"geometry":{"type":"Point","coordinates":[-87.9126,41.82046]}},{"type":"Feature","properties":{"i":1},"geometry":{"type":"Point","coordinates":[-87.86865,41.82046]}},{"type":"Feature","properties":{"i":1},"geometry":{"type":"Point","coordinates":[-87.82471,41.82046]}},{"type":"Feature","properties":{"i":1},"geometry":{"type":"Point","coordinates":[-87.78076,41.82046]}},{"type":"Feature","properties":{"i":1},"geometry":{"type":"Point","coordinates":[-87.73682,41.82046]}},{"type":"Feature","properties":{"i":1},"geometry":{"type":"Point","coordinates":[-87.69287,41.82046]}},{"type":"Feature","properties":{"i":1},"geometry":{"type":"Point","coordinates":[-87.64893,41.82046]}},{"type":"Feature","properties":{"i":1},"geometry":{"type":"Point","coordinates":[-87.60498,41.82046]}},{"type":"Feature","properties":{"i":0.7},"geometry":{"type":"Point","coordinates":[-87.56104,41.82046]}},{"type":"Feature","properties":{"i":0.58},"geometry":{"type":"Point","coordinates":[-87.51709,41.82046]}},{"type":"Feature","properties":{"i":0.98},"geometry":{"type":"Point","coordinates":[-89.71436,41.7877]}},{"type":"Feature","properties":{"i":1},"geometry":{"type":"Point","coordinates":[-89.67041,41.7877]}},{"type":"Feature","properties":{"i":0.22},"geometry":{"type":"Point","coordinates":[-89.62646,41.7877]}},{"type":"Feature","properties":{"i":0.82},"geometry":{"type":"Point","coordinates":[-89.58252,41.7877]}},{"type":"Feature","properties":{"i":0.34},"geometry":{"type":"Point","coordinates":[-88.92334,41.7877]}},{"type":"Feature","properties":{"i":0.02},"geometry":{"type":"Point","coordinates":[-88.83545,41.7877]}},{"type":"Feature","properties":{"i":0.27},"geometry":{"type":"Point","coordinates":[-88.7915,41.7877]}},{"type":"Feature","properties":{"i":0.31},"geometry":{"type":"Point","coordinates":[-88.65967,41.7877]}},{"type":"Feature","properties":{"i":0.23},"geometry":{"type":"Point","coordinates":[-88.61572,41.7877]}},{"type":"Feature","properties":{"i":0.04},"geometry":{"type":"Point","coordinates":[-88.57178,41.7877]}},{"type":"Feature","properties":{"i":0.05},"geometry":{"type":"Point","coordinates":[-88.52783,41.7877]}},{"type":"Feature","properties":{"i":0.49},"geometry":{"type":"Point","coordinates":[-88.48389,41.7877]}},{"type":"Feature","properties":{"i":0.73},"geometry":{"type":"Point","coordinates":[-88.43994,41.7877]}},{"type":"Feature","properties":{"i":1},"geometry":{"type":"Point","coordinates":[-88.396,41.7877]}},{"type":"Feature","properties":{"i":1},"geometry":{"type":"Point","coordinates":[-88.35205,41.7877]}},{"type":"Feature","properties":{"i":1},"geometry":{"type":"Point","coordinates":[-88.30811,41.7877]}},{"type":"Feature","properties":{"i":1},"geometry":{"type":"Point","coordinates":[-88.26416,41.7877]}},{"type":"Feature","properties":{"i":1},"geometry":{"type":"Point","coordinates":[-88.22021,41.7877]}},{"type":"Feature","properties":{"i":1},"geometry":{"type":"Point","coordinates":[-88.17627,41.7877]}},{"type":"Feature","properties":{"i":1},"geometry":{"type":"Point","coordinates":[-88.13232,41.7877]}},{"type":"Feature","properties":{"i":1},"geometry":{"type":"Point","coordinates":[-88.08838,41.7877]}},{"type":"Feature","properties":{"i":1},"geometry":{"type":"Point","coordinates":[-88.04443,41.7877]}},{"type":"Feature","properties":{"i":1},"geometry":{"type":"Point","coordinates":[-88.00049,41.7877]}},{"type":"Feature","properties":{"i":1},"geometry":{"type":"Point","coordinates":[-87.95654,41.7877]}},{"type":"Feature","properties":{"i":1},"geometry":{"type":"Point","coordinates":[-87.9126,41.7877]}},{"type":"Feature","properties":{"i":1},"geometry":{"type":"Point","coordinates":[-87.86865,41.7877]}},{"type":"Feature","properties":{"i":1},"geometry":{"type":"Point","coordinates":[-87.82471,41.7877]}},{"type":"Feature","properties":{"i":1},"geometry":{"type":"Point","coordinates":[-87.78076,41.7877]}},{"type":"Feature","properties":{"i":1},"geometry":{"type":"Point","coordinates":[-87.73682,41.7877]}},{"type":"Feature","properties":{"i":1},"geometry":{"type":"Point","coordinates":[-87.69287,41.7877]}},{"type":"Feature","properties":{"i":1},"geometry":{"type":"Point","coordinates":[-87.64893,41.7877]}},{"type":"Feature","properties":{"i":1},"geometry":{"type":"Point","coordinates":[-87.60498,41.7877]}},{"type":"Feature","properties":{"i":1},"geometry":{"type":"Point","coordinates":[-87.56104,41.7877]}},{"type":"Feature","properties":{"i":0.28},"geometry":{"type":"Point","coordinates":[-87.51709,41.7877]}},{"type":"Feature","properties":{"i":0.14},"geometry":{"type":"Point","coordinates":[-87.47314,41.7877]}},{"type":"Feature","properties":{"i":0.81},"geometry":{"type":"Point","coordinates":[-89.71436,41.75492]}},{"type":"Feature","properties":{"i":0.96},"geometry":{"type":"Point","coordinates":[-89.67041,41.75492]}},{"type":"Feature","properties":{"i":0.3},"geometry":{"type":"Point","coordinates":[-89.62646,41.75492]}},{"type":"Feature","properties":{"i":0.11},"geometry":{"type":"Point","coordinates":[-89.40674,41.75492]}},{"type":"Feature","properties":{"i":0.73},"geometry":{"type":"Point","coordinates":[-88.87939,41.75492]}},{"type":"Feature","properties":{"i":0.75},"geometry":{"type":"Point","coordinates":[-88.7915,41.75492]}},{"type":"Feature","properties":{"i":0.76},"geometry":{"type":"Point","coordinates":[-88.74756,41.75492]}},{"type":"Feature","properties":{"i":0.61},"geometry":{"type":"Point","coordinates":[-88.65967,41.75492]}},{"type":"Feature","properties":{"i":0.39},"geometry":{"type":"Point","coordinates":[-88.61572,41.75492]}},{"type":"Feature","properties":{"i":0.18},"geometry":{"type":"Point","coordinates":[-88.57178,41.75492]}},{"type":"Feature","properties":{"i":0.4},"geometry":{"type":"Point","coordinates":[-88.52783,41.75492]}},{"type":"Feature","properties":{"i":1},"geometry":{"type":"Point","coordinates":[-88.48389,41.75492]}},{"type":"Feature","properties":{"i":1},"geometry":{"type":"Point","coordinates":[-88.43994,41.75492]}},{"type":"Feature","properties":{"i":0.97},"geometry":{"type":"Point","coordinates":[-88.396,41.75492]}},{"type":"Feature","properties":{"i":1},"geometry":{"type":"Point","coordinates":[-88.35205,41.75492]}},{"type":"Feature","properties":{"i":1},"geometry":{"type":"Point","coordinates":[-88.30811,41.75492]}},{"type":"Feature","properties":{"i":1},"geometry":{"type":"Point","coordinates":[-88.26416,41.75492]}},{"type":"Feature","properties":{"i":1},"geometry":{"type":"Point","coordinates":[-88.22021,41.75492]}},{"type":"Feature","properties":{"i":1},"geometry":{"type":"Point","coordinates":[-88.17627,41.75492]}},{"type":"Feature","properties":{"i":1},"geometry":{"type":"Point","coordinates":[-88.13232,41.75492]}},{"type":"Feature","properties":{"i":1},"geometry":{"type":"Point","coordinates":[-88.08838,41.75492]}},{"type":"Feature","properties":{"i":1},"geometry":{"type":"Point","coordinates":[-88.04443,41.75492]}},{"type":"Feature","properties":{"i":1},"geometry":{"type":"Point","coordinates":[-88.00049,41.75492]}},{"type":"Feature","properties":{"i":1},"geometry":{"type":"Point","coordinates":[-87.95654,41.75492]}},{"type":"Feature","properties":{"i":1},"geometry":{"type":"Point","coordinates":[-87.9126,41.75492]}},{"type":"Feature","properties":{"i":1},"geometry":{"type":"Point","coordinates":[-87.86865,41.75492]}},{"type":"Feature","properties":{"i":1},"geometry":{"type":"Point","coordinates":[-87.82471,41.75492]}},{"type":"Feature","properties":{"i":1},"geometry":{"type":"Point","coordinates":[-87.78076,41.75492]}},{"type":"Feature","properties":{"i":1},"geometry":{"type":"Point","coordinates":[-87.73682,41.75492]}},{"type":"Feature","properties":{"i":1},"geometry":{"type":"Point","coordinates":[-87.69287,41.75492]}},{"type":"Feature","properties":{"i":1},"geometry":{"type":"Point","coordinates":[-87.64893,41.75492]}},{"type":"Feature","properties":{"i":1},"geometry":{"type":"Point","coordinates":[-87.60498,41.75492]}},{"type":"Feature","properties":{"i":1},"geometry":{"type":"Point","coordinates":[-87.56104,41.75492]}},{"type":"Feature","properties":{"i":0.67},"geometry":{"type":"Point","coordinates":[-87.51709,41.75492]}},{"type":"Feature","properties":{"i":0.12},"geometry":{"type":"Point","coordinates":[-87.47314,41.75492]}},{"type":"Feature","properties":{"i":0.13},"geometry":{"type":"Point","coordinates":[-89.71436,41.72213]}},{"type":"Feature","properties":{"i":0.11},"geometry":{"type":"Point","coordinates":[-89.67041,41.72213]}},{"type":"Feature","properties":{"i":0.26},"geometry":{"type":"Point","coordinates":[-89.53857,41.72213]}},{"type":"Feature","properties":{"i":0.3},"geometry":{"type":"Point","coordinates":[-89.45068,41.72213]}},{"type":"Feature","properties":{"i":0.48},"geometry":{"type":"Point","coordinates":[-89.40674,41.72213]}},{"type":"Feature","properties":{"i":0.23},"geometry":{"type":"Point","coordinates":[-89.36279,41.72213]}},{"type":"Feature","properties":{"i":0.7},"geometry":{"type":"Point","coordinates":[-89.31885,41.72213]}},{"type":"Feature","properties":{"i":0.24},"geometry":{"type":"Point","coordinates":[-89.2749,41.72213]}},{"type":"Feature","properties":{"i":0.72},"geometry":{"type":"Point","coordinates":[-89.01123,41.72213]}},{"type":"Feature","properties":{"i":0.05},"geometry":{"type":"Point","coordinates":[-88.65967,41.72213]}},{"type":"Feature","properties":{"i":0.16},"geometry":{"type":"Point","coordinates":[-88.57178,41.72213]}},{"type":"Feature","properties":{"i":0.21},"geometry":{"type":"Point","coordinates":[-88.52783,41.72213]}},{"type":"Feature","properties":{"i":0.25},"geometry":{"type":"Point","coordinates":[-88.48389,41.72213]}},{"type":"Feature","properties":{"i":0.45},"geometry":{"type":"Point","coordinates":[-88.43994,41.72213]}},{"type":"Feature","properties":{"i":0.91},"geometry":{"type":"Point","coordinates":[-88.396,41.72213]}},{"type":"Feature","properties":{"i":1},"geometry":{"type":"Point","coordinates":[-88.35205,41.72213]}},{"type":"Feature","properties":{"i":1},"geometry":{"type":"Point","coordinates":[-88.30811,41.72213]}},{"type":"Feature","properties":{"i":1},"geometry":{"type":"Point","coordinates":[-88.26416,41.72213]}},{"type":"Feature","properties":{"i":1},"geometry":{"type":"Point","coordinates":[-88.22021,41.72213]}},{"type":"Feature","properties":{"i":0.82},"geometry":{"type":"Point","coordinates":[-88.17627,41.72213]}},{"type":"Feature","properties":{"i":0.89},"geometry":{"type":"Point","coordinates":[-88.13232,41.72213]}},{"type":"Feature","properties":{"i":0.99},"geometry":{"type":"Point","coordinates":[-88.08838,41.72213]}},{"type":"Feature","properties":{"i":1},"geometry":{"type":"Point","coordinates":[-88.04443,41.72213]}},{"type":"Feature","properties":{"i":0.93},"geometry":{"type":"Point","coordinates":[-88.00049,41.72213]}},{"type":"Feature","properties":{"i":1},"geometry":{"type":"Point","coordinates":[-87.95654,41.72213]}},{"type":"Feature","properties":{"i":0.88},"geometry":{"type":"Point","coordinates":[-87.9126,41.72213]}},{"type":"Feature","properties":{"i":1},"geometry":{"type":"Point","coordinates":[-87.86865,41.72213]}},{"type":"Feature","properties":{"i":1},"geometry":{"type":"Point","coordinates":[-87.82471,41.72213]}},{"type":"Feature","properties":{"i":1},"geometry":{"type":"Point","coordinates":[-87.78076,41.72213]}},{"type":"Feature","properties":{"i":1},"geometry":{"type":"Point","coordinates":[-87.73682,41.72213]}},{"type":"Feature","properties":{"i":1},"geometry":{"type":"Point","coordinates":[-87.69287,41.72213]}},{"type":"Feature","properties":{"i":1},"geometry":{"type":"Point","coordinates":[-87.64893,41.72213]}},{"type":"Feature","properties":{"i":1},"geometry":{"type":"Point","coordinates":[-87.60498,41.72213]}},{"type":"Feature","properties":{"i":1},"geometry":{"type":"Point","coordinates":[-87.56104,41.72213]}},{"type":"Feature","properties":{"i":1},"geometry":{"type":"Point","coordinates":[-87.51709,41.72213]}},{"type":"Feature","properties":{"i":0.28},"geometry":{"type":"Point","coordinates":[-87.47314,41.72213]}},{"type":"Feature","properties":{"i":0.09},"geometry":{"type":"Point","coordinates":[-87.4292,41.72213]}},{"type":"Feature","properties":{"i":0.12},"geometry":{"type":"Point","coordinates":[-89.14307,41.68932]}},{"type":"Feature","properties":{"i":0.13},"geometry":{"type":"Point","coordinates":[-89.09912,41.68932]}},{"type":"Feature","properties":{"i":0.52},"geometry":{"type":"Point","coordinates":[-88.96729,41.68932]}},{"type":"Feature","properties":{"i":0.12},"geometry":{"type":"Point","coordinates":[-88.61572,41.68932]}},{"type":"Feature","properties":{"i":0.22},"geometry":{"type":"Point","coordinates":[-88.57178,41.68932]}},{"type":"Feature","properties":{"i":0.49},"geometry":{"type":"Point","coordinates":[-88.52783,41.68932]}},{"type":"Feature","properties":{"i":1},"geometry":{"type":"Point","coordinates":[-88.48389,41.68932]}},{"type":"Feature","properties":{"i":0.75},"geometry":{"type":"Point","coordinates":[-88.43994,41.68932]}},{"type":"Feature","properties":{"i":0.9},"geometry":{"type":"Point","coordinates":[-88.396,41.68932]}},{"type":"Feature","properties":{"i":1},"geometry":{"type":"Point","coordinates":[-88.35205,41.68932]}},{"type":"Feature","properties":{"i":1},"geometry":{"type":"Point","coordinates":[-88.30811,41.68932]}},{"type":"Feature","properties":{"i":0.91},"geometry":{"type":"Point","coordinates":[-88.26416,41.68932]}},{"type":"Feature","properties":{"i":0.97},"geometry":{"type":"Point","coordinates":[-88.22021,41.68932]}},{"type":"Feature","properties":{"i":0.75},"geometry":{"type":"Point","coordinates":[-88.17627,41.68932]}},{"type":"Feature","properties":{"i":1},"geometry":{"type":"Point","coordinates":[-88.13232,41.68932]}},{"type":"Feature","properties":{"i":1},"geometry":{"type":"Point","coordinates":[-88.08838,41.68932]}},{"type":"Feature","properties":{"i":1},"geometry":{"type":"Point","coordinates":[-88.04443,41.68932]}},{"type":"Feature","properties":{"i":1},"geometry":{"type":"Point","coordinates":[-88.00049,41.68932]}},{"type":"Feature","properties":{"i":1},"geometry":{"type":"Point","coordinates":[-87.95654,41.68932]}},{"type":"Feature","properties":{"i":1},"geometry":{"type":"Point","coordinates":[-87.9126,41.68932]}},{"type":"Feature","properties":{"i":0.89},"geometry":{"type":"Point","coordinates":[-87.86865,41.68932]}},{"type":"Feature","properties":{"i":1},"geometry":{"type":"Point","coordinates":[-87.82471,41.68932]}},{"type":"Feature","properties":{"i":1},"geometry":{"type":"Point","coordinates":[-87.78076,41.68932]}},{"type":"Feature","properties":{"i":1},"geometry":{"type":"Point","coordinates":[-87.73682,41.68932]}},{"type":"Feature","properties":{"i":1},"geometry":{"type":"Point","coordinates":[-87.69287,41.68932]}},{"type":"Feature","properties":{"i":1},"geometry":{"type":"Point","coordinates":[-87.64893,41.68932]}},{"type":"Feature","properties":{"i":1},"geometry":{"type":"Point","coordinates":[-87.60498,41.68932]}},{"type":"Feature","properties":{"i":1},"geometry":{"type":"Point","coordinates":[-87.56104,41.68932]}},{"type":"Feature","properties":{"i":1},"geometry":{"type":"Point","coordinates":[-87.51709,41.68932]}},{"type":"Feature","properties":{"i":1},"geometry":{"type":"Point","coordinates":[-87.47314,41.68932]}},{"type":"Feature","properties":{"i":1},"geometry":{"type":"Point","coordinates":[-87.4292,41.68932]}},{"type":"Feature","properties":{"i":0.26},"geometry":{"type":"Point","coordinates":[-87.38525,41.68932]}},{"type":"Feature","properties":{"i":0.12},"geometry":{"type":"Point","coordinates":[-89.31885,41.6565]}},{"type":"Feature","properties":{"i":0.18},"geometry":{"type":"Point","coordinates":[-89.2749,41.6565]}},{"type":"Feature","properties":{"i":0.34},"geometry":{"type":"Point","coordinates":[-89.23096,41.6565]}},{"type":"Feature","properties":{"i":0.02},"geometry":{"type":"Point","coordinates":[-88.87939,41.6565]}},{"type":"Feature","properties":{"i":0.49},"geometry":{"type":"Point","coordinates":[-88.65967,41.6565]}},{"type":"Feature","properties":{"i":0.97},"geometry":{"type":"Point","coordinates":[-88.61572,41.6565]}},{"type":"Feature","properties":{"i":0.76},"geometry":{"type":"Point","coordinates":[-88.57178,41.6565]}},{"type":"Feature","properties":{"i":0.7},"geometry":{"type":"Point","coordinates":[-88.52783,41.6565]}},{"type":"Feature","properties":{"i":1},"geometry":{"type":"Point","coordinates":[-88.48389,41.6565]}},{"type":"Feature","properties":{"i":1},"geometry":{"type":"Point","coordinates":[-88.43994,41.6565]}},{"type":"Feature","properties":{"i":0.64},"geometry":{"type":"Point","coordinates":[-88.396,41.6565]}},{"type":"Feature","properties":{"i":0.7},"geometry":{"type":"Point","coordinates":[-88.35205,41.6565]}},{"type":"Feature","properties":{"i":0.83},"geometry":{"type":"Point","coordinates":[-88.30811,41.6565]}},{"type":"Feature","properties":{"i":0.76},"geometry":{"type":"Point","coordinates":[-88.26416,41.6565]}},{"type":"Feature","properties":{"i":1},"geometry":{"type":"Point","coordinates":[-88.22021,41.6565]}},{"type":"Feature","properties":{"i":1},"geometry":{"type":"Point","coordinates":[-88.17627,41.6565]}},{"type":"Feature","properties":{"i":1},"geometry":{"type":"Point","coordinates":[-88.13232,41.6565]}},{"type":"Feature","properties":{"i":1},"geometry":{"type":"Point","coordinates":[-88.08838,41.6565]}},{"type":"Feature","properties":{"i":1},"geometry":{"type":"Point","coordinates":[-88.04443,41.6565]}},{"type":"Feature","properties":{"i":1},"geometry":{"type":"Point","coordinates":[-88.00049,41.6565]}},{"type":"Feature","properties":{"i":0.77},"geometry":{"type":"Point","coordinates":[-87.95654,41.6565]}},{"type":"Feature","properties":{"i":0.87},"geometry":{"type":"Point","coordinates":[-87.9126,41.6565]}},{"type":"Feature","properties":{"i":1},"geometry":{"type":"Point","coordinates":[-87.86865,41.6565]}},{"type":"Feature","properties":{"i":0.94},"geometry":{"type":"Point","coordinates":[-87.82471,41.6565]}},{"type":"Feature","properties":{"i":1},"geometry":{"type":"Point","coordinates":[-87.78076,41.6565]}},{"type":"Feature","properties":{"i":1},"geometry":{"type":"Point","coordinates":[-87.73682,41.6565]}},{"type":"Feature","properties":{"i":1},"geometry":{"type":"Point","coordinates":[-87.69287,41.6565]}},{"type":"Feature","properties":{"i":1},"geometry":{"type":"Point","coordinates":[-87.64893,41.6565]}},{"type":"Feature","properties":{"i":1},"geometry":{"type":"Point","coordinates":[-87.60498,41.6565]}},{"type":"Feature","properties":{"i":1},"geometry":{"type":"Point","coordinates":[-87.56104,41.6565]}},{"type":"Feature","properties":{"i":1},"geometry":{"type":"Point","coordinates":[-87.51709,41.6565]}},{"type":"Feature","properties":{"i":1},"geometry":{"type":"Point","coordinates":[-87.47314,41.6565]}},{"type":"Feature","properties":{"i":1},"geometry":{"type":"Point","coordinates":[-87.4292,41.6565]}},{"type":"Feature","properties":{"i":0.65},"geometry":{"type":"Point","coordinates":[-87.38525,41.6565]}},{"type":"Feature","properties":{"i":0.38},"geometry":{"type":"Point","coordinates":[-87.34131,41.6565]}},{"type":"Feature","properties":{"i":0.05},"geometry":{"type":"Point","coordinates":[-89.67041,41.62366]}},{"type":"Feature","properties":{"i":0.46},"geometry":{"type":"Point","coordinates":[-89.23096,41.62366]}},{"type":"Feature","properties":{"i":0.3},"geometry":{"type":"Point","coordinates":[-88.7915,41.62366]}},{"type":"Feature","properties":{"i":0.64},"geometry":{"type":"Point","coordinates":[-88.70361,41.62366]}},{"type":"Feature","properties":{"i":0.63},"geometry":{"type":"Point","coordinates":[-88.65967,41.62366]}},{"type":"Feature","properties":{"i":0.88},"geometry":{"type":"Point","coordinates":[-88.61572,41.62366]}},{"type":"Feature","properties":{"i":0.42},"geometry":{"type":"Point","coordinates":[-88.57178,41.62366]}},{"type":"Feature","properties":{"i":0.17},"geometry":{"type":"Point","coordinates":[-88.52783,41.62366]}},{"type":"Feature","properties":{"i":0.4},"geometry":{"type":"Point","coordinates":[-88.48389,41.62366]}},{"type":"Feature","properties":{"i":0.84},"geometry":{"type":"Point","coordinates":[-88.43994,41.62366]}},{"type":"Feature","properties":{"i":0.58},"geometry":{"type":"Point","coordinates":[-88.396,41.62366]}},{"type":"Feature","properties":{"i":0.64},"geometry":{"type":"Point","coordinates":[-88.35205,41.62366]}},{"type":"Feature","properties":{"i":0.25},"geometry":{"type":"Point","coordinates":[-88.30811,41.62366]}},{"type":"Feature","properties":{"i":1},"geometry":{"type":"Point","coordinates":[-88.26416,41.62366]}},{"type":"Feature","properties":{"i":1},"geometry":{"type":"Point","coordinates":[-88.22021,41.62366]}},{"type":"Feature","properties":{"i":0.88},"geometry":{"type":"Point","coordinates":[-88.17627,41.62366]}},{"type":"Feature","properties":{"i":1},"geometry":{"type":"Point","coordinates":[-88.13232,41.62366]}},{"type":"Feature","properties":{"i":1},"geometry":{"type":"Point","coordinates":[-88.08838,41.62366]}},{"type":"Feature","properties":{"i":1},"geometry":{"type":"Point","coordinates":[-88.04443,41.62366]}},{"type":"Feature","properties":{"i":1},"geometry":{"type":"Point","coordinates":[-88.00049,41.62366]}},{"type":"Feature","properties":{"i":0.79},"geometry":{"type":"Point","coordinates":[-87.95654,41.62366]}},{"type":"Feature","properties":{"i":1},"geometry":{"type":"Point","coordinates":[-87.9126,41.62366]}},{"type":"Feature","properties":{"i":1},"geometry":{"type":"Point","coordinates":[-87.86865,41.62366]}},{"type":"Feature","properties":{"i":1},"geometry":{"type":"Point","coordinates":[-87.82471,41.62366]}},{"type":"Feature","properties":{"i":0.9},"geometry":{"type":"Point","coordinates":[-87.78076,41.62366]}},{"type":"Feature","properties":{"i":1},"geometry":{"type":"Point","coordinates":[-87.73682,41.62366]}},{"type":"Feature","properties":{"i":1},"geometry":{"type":"Point","coordinates":[-87.69287,41.62366]}},{"type":"Feature","properties":{"i":1},"geometry":{"type":"Point","coordinates":[-87.64893,41.62366]}},{"type":"Feature","properties":{"i":1},"geometry":{"type":"Point","coordinates":[-87.60498,41.62366]}},{"type":"Feature","properties":{"i":1},"geometry":{"type":"Point","coordinates":[-87.56104,41.62366]}},{"type":"Feature","properties":{"i":1},"geometry":{"type":"Point","coordinates":[-87.51709,41.62366]}},{"type":"Feature","properties":{"i":1},"geometry":{"type":"Point","coordinates":[-87.47314,41.62366]}},{"type":"Feature","properties":{"i":1},"geometry":{"type":"Point","coordinates":[-87.4292,41.62366]}},{"type":"Feature","properties":{"i":1},"geometry":{"type":"Point","coordinates":[-87.38525,41.62366]}},{"type":"Feature","properties":{"i":1},"geometry":{"type":"Point","coordinates":[-87.34131,41.62366]}},{"type":"Feature","properties":{"i":1},"geometry":{"type":"Point","coordinates":[-87.29736,41.62366]}},{"type":"Feature","properties":{"i":0.67},"geometry":{"type":"Point","coordinates":[-87.25342,41.62366]}},{"type":"Feature","properties":{"i":0.53},"geometry":{"type":"Point","coordinates":[-87.20947,41.62366]}},{"type":"Feature","properties":{"i":0.15},"geometry":{"type":"Point","coordinates":[-89.67041,41.5908]}},{"type":"Feature","properties":{"i":0.25},"geometry":{"type":"Point","coordinates":[-89.14307,41.5908]}},{"type":"Feature","properties":{"i":0.58},"geometry":{"type":"Point","coordinates":[-88.92334,41.5908]}},{"type":"Feature","properties":{"i":0.16},"geometry":{"type":"Point","coordinates":[-88.87939,41.5908]}},{"type":"Feature","properties":{"i":0.09},"geometry":{"type":"Point","coordinates":[-88.70361,41.5908]}},{"type":"Feature","properties":{"i":0.1},"geometry":{"type":"Point","coordinates":[-88.61572,41.5908]}},{"type":"Feature","properties":{"i":0.31},"geometry":{"type":"Point","coordinates":[-88.57178,41.5908]}},{"type":"Feature","properties":{"i":0.16},"geometry":{"type":"Point","coordinates":[-88.52783,41.5908]}},{"type":"Feature","properties":{"i":0.13},"geometry":{"type":"Point","coordinates":[-88.48389,41.5908]}},{"type":"Feature","properties":{"i":0.49},"geometry":{"type":"Point","coordinates":[-88.43994,41.5908]}},{"type":"Feature","properties":{"i":0.18},"geometry":{"type":"Point","coordinates":[-88.396,41.5908]}},{"type":"Feature","properties":{"i":0.28},"geometry":{"type":"Point","coordinates":[-88.35205,41.5908]}},{"type":"Feature","properties":{"i":0.41},"geometry":{"type":"Point","coordinates":[-88.30811,41.5908]}},{"type":"Feature","properties":{"i":0.53},"geometry":{"type":"Point","coordinates":[-88.26416,41.5908]}},{"type":"Feature","properties":{"i":1},"geometry":{"type":"Point","coordinates":[-88.22021,41.5908]}},{"type":"Feature","properties":{"i":1},"geometry":{"type":"Point","coordinates":[-88.17627,41.5908]}},{"type":"Feature","properties":{"i":1},"geometry":{"type":"Point","coordinates":[-88.13232,41.5908]}},{"type":"Feature","properties":{"i":1},"geometry":{"type":"Point","coordinates":[-88.08838,41.5908]}},{"type":"Feature","properties":{"i":1},"geometry":{"type":"Point","coordinates":[-88.04443,41.5908]}},{"type":"Feature","properties":{"i":1},"geometry":{"type":"Point","coordinates":[-88.00049,41.5908]}},{"type":"Feature","properties":{"i":0.97},"geometry":{"type":"Point","coordinates":[-87.95654,41.5908]}},{"type":"Feature","properties":{"i":1},"geometry":{"type":"Point","coordinates":[-87.9126,41.5908]}},{"type":"Feature","properties":{"i":1},"geometry":{"type":"Point","coordinates":[-87.86865,41.5908]}},{"type":"Feature","properties":{"i":1},"geometry":{"type":"Point","coordinates":[-87.82471,41.5908]}},{"type":"Feature","properties":{"i":1},"geometry":{"type":"Point","coordinates":[-87.78076,41.5908]}},{"type":"Feature","properties":{"i":1},"geometry":{"type":"Point","coordinates":[-87.73682,41.5908]}},{"type":"Feature","properties":{"i":1},"geometry":{"type":"Point","coordinates":[-87.69287,41.5908]}},{"type":"Feature","properties":{"i":1},"geometry":{"type":"Point","coordinates":[-87.64893,41.5908]}},{"type":"Feature","properties":{"i":1},"geometry":{"type":"Point","coordinates":[-87.60498,41.5908]}},{"type":"Feature","properties":{"i":1},"geometry":{"type":"Point","coordinates":[-87.56104,41.5908]}},{"type":"Feature","properties":{"i":1},"geometry":{"type":"Point","coordinates":[-87.51709,41.5908]}},{"type":"Feature","properties":{"i":1},"geometry":{"type":"Point","coordinates":[-87.47314,41.5908]}},{"type":"Feature","properties":{"i":1},"geometry":{"type":"Point","coordinates":[-87.4292,41.5908]}},{"type":"Feature","properties":{"i":0.96},"geometry":{"type":"Point","coordinates":[-87.38525,41.5908]}},{"type":"Feature","properties":{"i":1},"geometry":{"type":"Point","coordinates":[-87.34131,41.5908]}},{"type":"Feature","properties":{"i":0.98},"geometry":{"type":"Point","coordinates":[-87.29736,41.5908]}},{"type":"Feature","properties":{"i":1},"geometry":{"type":"Point","coordinates":[-87.25342,41.5908]}},{"type":"Feature","properties":{"i":0.9},"geometry":{"type":"Point","coordinates":[-87.20947,41.5908]}},{"type":"Feature","properties":{"i":0.65},"geometry":{"type":"Point","coordinates":[-89.58252,41.55792]}},{"type":"Feature","properties":{"i":0.07},"geometry":{"type":"Point","coordinates":[-89.53857,41.55792]}},{"type":"Feature","properties":{"i":0.53},"geometry":{"type":"Point","coordinates":[-89.45068,41.55792]}},{"type":"Feature","properties":{"i":0.79},"geometry":{"type":"Point","coordinates":[-89.14307,41.55792]}},{"type":"Feature","properties":{"i":0.92},"geometry":{"type":"Point","coordinates":[-89.09912,41.55792]}},{"type":"Feature","properties":{"i":0.78},"geometry":{"type":"Point","coordinates":[-89.05518,41.55792]}},{"type":"Feature","properties":{"i":0.1},"geometry":{"type":"Point","coordinates":[-88.70361,41.55792]}},{"type":"Feature","properties":{"i":0.18},"geometry":{"type":"Point","coordinates":[-88.61572,41.55792]}},{"type":"Feature","properties":{"i":0.05},"geometry":{"type":"Point","coordinates":[-88.57178,41.55792]}},{"type":"Feature","properties":{"i":0.03},"geometry":{"type":"Point","coordinates":[-88.48389,41.55792]}},{"type":"Feature","properties":{"i":0.23},"geometry":{"type":"Point","coordinates":[-88.43994,41.55792]}},{"type":"Feature","properties":{"i":0.19},"geometry":{"type":"Point","coordinates":[-88.396,41.55792]}},{"type":"Feature","properties":{"i":0.68},"geometry":{"type":"Point","coordinates":[-88.30811,41.55792]}},{"type":"Feature","properties":{"i":1},"geometry":{"type":"Point","coordinates":[-88.26416,41.55792]}},{"type":"Feature","properties":{"i":1},"geometry":{"type":"Point","coordinates":[-88.22021,41.55792]}},{"type":"Feature","properties":{"i":1},"geometry":{"type":"Point","coordinates":[-88.17627,41.55792]}},{"type":"Feature","properties":{"i":1},"geometry":{"type":"Point","coordinates":[-88.13232,41.55792]}},{"type":"Feature","properties":{"i":0.95},"geometry":{"type":"Point","coordinates":[-88.08838,41.55792]}},{"type":"Feature","properties":{"i":0.75},"geometry":{"type":"Point","coordinates":[-88.04443,41.55792]}},{"type":"Feature","properties":{"i":1},"geometry":{"type":"Point","coordinates":[-88.00049,41.55792]}},{"type":"Feature","properties":{"i":1},"geometry":{"type":"Point","coordinates":[-87.95654,41.55792]}},{"type":"Feature","properties":{"i":0.91},"geometry":{"type":"Point","coordinates":[-87.9126,41.55792]}},{"type":"Feature","properties":{"i":1},"geometry":{"type":"Point","coordinates":[-87.86865,41.55792]}},{"type":"Feature","properties":{"i":1},"geometry":{"type":"Point","coordinates":[-87.82471,41.55792]}},{"type":"Feature","properties":{"i":1},"geometry":{"type":"Point","coordinates":[-87.78076,41.55792]}},{"type":"Feature","properties":{"i":1},"geometry":{"type":"Point","coordinates":[-87.73682,41.55792]}},{"type":"Feature","properties":{"i":1},"geometry":{"type":"Point","coordinates":[-87.69287,41.55792]}},{"type":"Feature","properties":{"i":1},"geometry":{"type":"Point","coordinates":[-87.64893,41.55792]}},{"type":"Feature","properties":{"i":1},"geometry":{"type":"Point","coordinates":[-87.60498,41.55792]}},{"type":"Feature","properties":{"i":1},"geometry":{"type":"Point","coordinates":[-87.56104,41.55792]}},{"type":"Feature","properties":{"i":1},"geometry":{"type":"Point","coordinates":[-87.51709,41.55792]}},{"type":"Feature","properties":{"i":1},"geometry":{"type":"Point","coordinates":[-87.47314,41.55792]}},{"type":"Feature","properties":{"i":1},"geometry":{"type":"Point","coordinates":[-87.4292,41.55792]}},{"type":"Feature","properties":{"i":1},"geometry":{"type":"Point","coordinates":[-87.38525,41.55792]}},{"type":"Feature","properties":{"i":0.99},"geometry":{"type":"Point","coordinates":[-87.34131,41.55792]}},{"type":"Feature","properties":{"i":0.93},"geometry":{"type":"Point","coordinates":[-87.29736,41.55792]}},{"type":"Feature","properties":{"i":0.96},"geometry":{"type":"Point","coordinates":[-87.25342,41.55792]}},{"type":"Feature","properties":{"i":0.72},"geometry":{"type":"Point","coordinates":[-87.20947,41.55792]}},{"type":"Feature","properties":{"i":0.45},"geometry":{"type":"Point","coordinates":[-89.2749,41.52503]}},{"type":"Feature","properties":{"i":0.72},"geometry":{"type":"Point","coordinates":[-89.14307,41.52503]}},{"type":"Feature","properties":{"i":0.47},"geometry":{"type":"Point","coordinates":[-89.09912,41.52503]}},{"type":"Feature","properties":{"i":0.75},"geometry":{"type":"Point","coordinates":[-89.05518,41.52503]}},{"type":"Feature","properties":{"i":0.97},"geometry":{"type":"Point","coordinates":[-88.70361,41.52503]}},{"type":"Feature","properties":{"i":0.86},"geometry":{"type":"Point","coordinates":[-88.65967,41.52503]}},{"type":"Feature","properties":{"i":0.09},"geometry":{"type":"Point","coordinates":[-88.61572,41.52503]}},{"type":"Feature","properties":{"i":0.49},"geometry":{"type":"Point","coordinates":[-88.57178,41.52503]}},{"type":"Feature","properties":{"i":0.14},"geometry":{"type":"Point","coordinates":[-88.43994,41.52503]}},{"type":"Feature","properties":{"i":0.17},"geometry":{"type":"Point","coordinates":[-88.396,41.52503]}},{"type":"Feature","properties":{"i":0.27},"geometry":{"type":"Point","coordinates":[-88.35205,41.52503]}},{"type":"Feature","properties":{"i":0.46},"geometry":{"type":"Point","coordinates":[-88.30811,41.52503]}},{"type":"Feature","properties":{"i":0.6},"geometry":{"type":"Point","coordinates":[-88.26416,41.52503]}},{"type":"Feature","properties":{"i":1},"geometry":{"type":"Point","coordinates":[-88.22021,41.52503]}},{"type":"Feature","properties":{"i":1},"geometry":{"type":"Point","coordinates":[-88.17627,41.52503]}},{"type":"Feature","properties":{"i":1},"geometry":{"type":"Point","coordinates":[-88.13232,41.52503]}},{"type":"Feature","properties":{"i":1},"geometry":{"type":"Point","coordinates":[-88.08838,41.52503]}},{"type":"Feature","properties":{"i":1},"geometry":{"type":"Point","coordinates":[-88.04443,41.52503]}},{"type":"Feature","properties":{"i":1},"geometry":{"type":"Point","coordinates":[-88.00049,41.52503]}},{"type":"Feature","properties":{"i":1},"geometry":{"type":"Point","coordinates":[-87.95654,41.52503]}},{"type":"Feature","properties":{"i":0.96},"geometry":{"type":"Point","coordinates":[-87.9126,41.52503]}},{"type":"Feature","properties":{"i":1},"geometry":{"type":"Point","coordinates":[-87.86865,41.52503]}},{"type":"Feature","properties":{"i":1},"geometry":{"type":"Point","coordinates":[-87.82471,41.52503]}},{"type":"Feature","properties":{"i":1},"geometry":{"type":"Point","coordinates":[-87.78076,41.52503]}},{"type":"Feature","properties":{"i":1},"geometry":{"type":"Point","coordinates":[-87.73682,41.52503]}},{"type":"Feature","properties":{"i":0.86},"geometry":{"type":"Point","coordinates":[-87.69287,41.52503]}},{"type":"Feature","properties":{"i":1},"geometry":{"type":"Point","coordinates":[-87.64893,41.52503]}},{"type":"Feature","properties":{"i":1},"geometry":{"type":"Point","coordinates":[-87.60498,41.52503]}},{"type":"Feature","properties":{"i":0.98},"geometry":{"type":"Point","coordinates":[-87.56104,41.52503]}},{"type":"Feature","properties":{"i":1},"geometry":{"type":"Point","coordinates":[-87.51709,41.52503]}},{"type":"Feature","properties":{"i":1},"geometry":{"type":"Point","coordinates":[-87.47314,41.52503]}},{"type":"Feature","properties":{"i":1},"geometry":{"type":"Point","coordinates":[-87.4292,41.52503]}},{"type":"Feature","properties":{"i":0.84},"geometry":{"type":"Point","coordinates":[-87.38525,41.52503]}},{"type":"Feature","properties":{"i":0.93},"geometry":{"type":"Point","coordinates":[-87.34131,41.52503]}},{"type":"Feature","properties":{"i":0.68},"geometry":{"type":"Point","coordinates":[-87.29736,41.52503]}},{"type":"Feature","properties":{"i":0.87},"geometry":{"type":"Point","coordinates":[-87.25342,41.52503]}},{"type":"Feature","properties":{"i":0.69},"geometry":{"type":"Point","coordinates":[-87.20947,41.52503]}},{"type":"Feature","properties":{"i":0.04},"geometry":{"type":"Point","coordinates":[-89.05518,41.49212]}},{"type":"Feature","properties":{"i":0.45},"geometry":{"type":"Point","coordinates":[-88.74756,41.49212]}},{"type":"Feature","properties":{"i":0.16},"geometry":{"type":"Point","coordinates":[-88.61572,41.49212]}},{"type":"Feature","properties":{"i":0.22},"geometry":{"type":"Point","coordinates":[-88.48389,41.49212]}},{"type":"Feature","properties":{"i":0.46},"geometry":{"type":"Point","coordinates":[-88.43994,41.49212]}},{"type":"Feature","properties":{"i":0.17},"geometry":{"type":"Point","coordinates":[-88.396,41.49212]}},{"type":"Feature","properties":{"i":0.27},"geometry":{"type":"Point","coordinates":[-88.35205,41.49212]}},{"type":"Feature","properties":{"i":0.42},"geometry":{"type":"Point","coordinates":[-88.30811,41.49212]}},{"type":"Feature","properties":{"i":0.63},"geometry":{"type":"Point","coordinates":[-88.26416,41.49212]}},{"type":"Feature","properties":{"i":1},"geometry":{"type":"Point","coordinates":[-88.22021,41.49212]}},{"type":"Feature","properties":{"i":1},"geometry":{"type":"Point","coordinates":[-88.17627,41.49212]}},{"type":"Feature","properties":{"i":1},"geometry":{"type":"Point","coordinates":[-88.13232,41.49212]}},{"type":"Feature","properties":{"i":1},"geometry":{"type":"Point","coordinates":[-88.08838,41.49212]}},{"type":"Feature","properties":{"i":1},"geometry":{"type":"Point","coordinates":[-88.04443,41.49212]}},{"type":"Feature","properties":{"i":1},"geometry":{"type":"Point","coordinates":[-88.00049,41.49212]}},{"type":"Feature","properties":{"i":0.96},"geometry":{"type":"Point","coordinates":[-87.95654,41.49212]}},{"type":"Feature","properties":{"i":1},"geometry":{"type":"Point","coordinates":[-87.9126,41.49212]}},{"type":"Feature","properties":{"i":1},"geometry":{"type":"Point","coordinates":[-87.86865,41.49212]}},{"type":"Feature","properties":{"i":1},"geometry":{"type":"Point","coordinates":[-87.82471,41.49212]}},{"type":"Feature","properties":{"i":0.99},"geometry":{"type":"Point","coordinates":[-87.78076,41.49212]}},{"type":"Feature","properties":{"i":1},"geometry":{"type":"Point","coordinates":[-87.73682,41.49212]}},{"type":"Feature","properties":{"i":1},"geometry":{"type":"Point","coordinates":[-87.69287,41.49212]}},{"type":"Feature","properties":{"i":1},"geometry":{"type":"Point","coordinates":[-87.64893,41.49212]}},{"type":"Feature","properties":{"i":1},"geometry":{"type":"Point","coordinates":[-87.60498,41.49212]}},{"type":"Feature","properties":{"i":1},"geometry":{"type":"Point","coordinates":[-87.56104,41.49212]}},{"type":"Feature","properties":{"i":1},"geometry":{"type":"Point","coordinates":[-87.51709,41.49212]}},{"type":"Feature","properties":{"i":1},"geometry":{"type":"Point","coordinates":[-87.47314,41.49212]}},{"type":"Feature","properties":{"i":1},"geometry":{"type":"Point","coordinates":[-87.4292,41.49212]}},{"type":"Feature","properties":{"i":0.8},"geometry":{"type":"Point","coordinates":[-87.38525,41.49212]}},{"type":"Feature","properties":{"i":1},"geometry":{"type":"Point","coordinates":[-87.34131,41.49212]}},{"type":"Feature","properties":{"i":1},"geometry":{"type":"Point","coordinates":[-87.29736,41.49212]}},{"type":"Feature","properties":{"i":0.56},"geometry":{"type":"Point","coordinates":[-87.25342,41.49212]}},{"type":"Feature","properties":{"i":0.37},"geometry":{"type":"Point","coordinates":[-87.20947,41.49212]}},{"type":"Feature","properties":{"i":0.42},"geometry":{"type":"Point","coordinates":[-89.67041,41.4592]}},{"type":"Feature","properties":{"i":0.86},"geometry":{"type":"Point","coordinates":[-89.14307,41.4592]}},{"type":"Feature","properties":{"i":0.62},"geometry":{"type":"Point","coordinates":[-89.09912,41.4592]}},{"type":"Feature","properties":{"i":0.76},"geometry":{"type":"Point","coordinates":[-89.05518,41.4592]}},{"type":"Feature","properties":{"i":0.1},"geometry":{"type":"Point","coordinates":[-88.74756,41.4592]}},{"type":"Feature","properties":{"i":0.21},"geometry":{"type":"Point","coordinates":[-88.70361,41.4592]}},{"type":"Feature","properties":{"i":0.22},"geometry":{"type":"Point","coordinates":[-88.65967,41.4592]}},{"type":"Feature","properties":{"i":0.28},"geometry":{"type":"Point","coordinates":[-88.48389,41.4592]}},{"type":"Feature","properties":{"i":0.53},"geometry":{"type":"Point","coordinates":[-88.43994,41.4592]}},{"type":"Feature","properties":{"i":0.12},"geometry":{"type":"Point","coordinates":[-88.396,41.4592]}},{"type":"Feature","properties":{"i":0.36},"geometry":{"type":"Point","coordinates":[-88.35205,41.4592]}},{"type":"Feature","properties":{"i":1},"geometry":{"type":"Point","coordinates":[-88.30811,41.4592]}},{"type":"Feature","properties":{"i":1},"geometry":{"type":"Point","coordinates":[-88.26416,41.4592]}},{"type":"Feature","properties":{"i":0.96},"geometry":{"type":"Point","coordinates":[-88.22021,41.4592]}},{"type":"Feature","properties":{"i":1},"geometry":{"type":"Point","coordinates":[-88.17627,41.4592]}},{"type":"Feature","properties":{"i":1},"geometry":{"type":"Point","coordinates":[-88.13232,41.4592]}},{"type":"Feature","properties":{"i":1},"geometry":{"type":"Point","coordinates":[-88.08838,41.4592]}},{"type":"Feature","properties":{"i":0.8},"geometry":{"type":"Point","coordinates":[-88.04443,41.4592]}},{"type":"Feature","properties":{"i":0.76},"geometry":{"type":"Point","coordinates":[-88.00049,41.4592]}},{"type":"Feature","properties":{"i":0.87},"geometry":{"type":"Point","coordinates":[-87.95654,41.4592]}},{"type":"Feature","properties":{"i":0.91},"geometry":{"type":"Point","coordinates":[-87.9126,41.4592]}},{"type":"Feature","properties":{"i":0.93},"geometry":{"type":"Point","coordinates":[-87.86865,41.4592]}},{"type":"Feature","properties":{"i":0.94},"geometry":{"type":"Point","coordinates":[-87.82471,41.4592]}},{"type":"Feature","properties":{"i":0.97},"geometry":{"type":"Point","coordinates":[-87.78076,41.4592]}},{"type":"Feature","properties":{"i":1},"geometry":{"type":"Point","coordinates":[-87.73682,41.4592]}},{"type":"Feature","properties":{"i":0.93},"geometry":{"type":"Point","coordinates":[-87.69287,41.4592]}},{"type":"Feature","properties":{"i":0.97},"geometry":{"type":"Point","coordinates":[-87.64893,41.4592]}},{"type":"Feature","properties":{"i":0.89},"geometry":{"type":"Point","coordinates":[-87.60498,41.4592]}},{"type":"Feature","properties":{"i":0.88},"geometry":{"type":"Point","coordinates":[-87.56104,41.4592]}},{"type":"Feature","properties":{"i":0.76},"geometry":{"type":"Point","coordinates":[-87.51709,41.4592]}},{"type":"Feature","properties":{"i":0.97},"geometry":{"type":"Point","coordinates":[-87.47314,41.4592]}},{"type":"Feature","properties":{"i":0.91},"geometry":{"type":"Point","coordinates":[-87.4292,41.4592]}},{"type":"Feature","properties":{"i":1},"geometry":{"type":"Point","coordinates":[-87.38525,41.4592]}},{"type":"Feature","properties":{"i":1},"geometry":{"type":"Point","coordinates":[-87.34131,41.4592]}},{"type":"Feature","properties":{"i":1},"geometry":{"type":"Point","coordinates":[-87.29736,41.4592]}},{"type":"Feature","properties":{"i":0.85},"geometry":{"type":"Point","coordinates":[-87.25342,41.4592]}},{"type":"Feature","properties":{"i":0.45},"geometry":{"type":"Point","coordinates":[-87.20947,41.4592]}},{"type":"Feature","properties":{"i":0.21},"geometry":{"type":"Point","coordinates":[-89.49463,41.42625]}},{"type":"Feature","properties":{"i":0.19},"geometry":{"type":"Point","coordinates":[-89.36279,41.42625]}},{"type":"Feature","properties":{"i":0.14},"geometry":{"type":"Point","coordinates":[-89.23096,41.42625]}},{"type":"Feature","properties":{"i":0.14},"geometry":{"type":"Point","coordinates":[-89.18701,41.42625]}},{"type":"Feature","properties":{"i":0.81},"geometry":{"type":"Point","coordinates":[-88.7915,41.42625]}},{"type":"Feature","properties":{"i":0.37},"geometry":{"type":"Point","coordinates":[-88.74756,41.42625]}},{"type":"Feature","properties":{"i":1},"geometry":{"type":"Point","coordinates":[-88.43994,41.42625]}},{"type":"Feature","properties":{"i":0.81},"geometry":{"type":"Point","coordinates":[-88.396,41.42625]}},{"type":"Feature","properties":{"i":1},"geometry":{"type":"Point","coordinates":[-88.35205,41.42625]}},{"type":"Feature","properties":{"i":1},"geometry":{"type":"Point","coordinates":[-88.30811,41.42625]}},{"type":"Feature","properties":{"i":0.88},"geometry":{"type":"Point","coordinates":[-88.26416,41.42625]}},{"type":"Feature","properties":{"i":1},"geometry":{"type":"Point","coordinates":[-88.22021,41.42625]}},{"type":"Feature","properties":{"i":1},"geometry":{"type":"Point","coordinates":[-88.17627,41.42625]}},{"type":"Feature","properties":{"i":1},"geometry":{"type":"Point","coordinates":[-88.13232,41.42625]}},{"type":"Feature","properties":{"i":1},"geometry":{"type":"Point","coordinates":[-88.08838,41.42625]}},{"type":"Feature","properties":{"i":0.51},"geometry":{"type":"Point","coordinates":[-88.04443,41.42625]}},{"type":"Feature","properties":{"i":0.9},"geometry":{"type":"Point","coordinates":[-88.00049,41.42625]}},{"type":"Feature","properties":{"i":0.49},"geometry":{"type":"Point","coordinates":[-87.95654,41.42625]}},{"type":"Feature","properties":{"i":0.37},"geometry":{"type":"Point","coordinates":[-87.9126,41.42625]}},{"type":"Feature","properties":{"i":0.62},"geometry":{"type":"Point","coordinates":[-87.86865,41.42625]}},{"type":"Feature","properties":{"i":0.52},"geometry":{"type":"Point","coordinates":[-87.82471,41.42625]}},{"type":"Feature","properties":{"i":1},"geometry":{"type":"Point","coordinates":[-87.78076,41.42625]}},{"type":"Feature","properties":{"i":1},"geometry":{"type":"Point","coordinates":[-87.73682,41.42625]}},{"type":"Feature","properties":{"i":0.64},"geometry":{"type":"Point","coordinates":[-87.69287,41.42625]}},{"type":"Feature","properties":{"i":0.81},"geometry":{"type":"Point","coordinates":[-87.64893,41.42625]}},{"type":"Feature","properties":{"i":0.56},"geometry":{"type":"Point","coordinates":[-87.60498,41.42625]}},{"type":"Feature","properties":{"i":0.58},"geometry":{"type":"Point","coordinates":[-87.56104,41.42625]}},{"type":"Feature","properties":{"i":0.82},"geometry":{"type":"Point","coordinates":[-87.51709,41.42625]}},{"type":"Feature","properties":{"i":0.94},"geometry":{"type":"Point","coordinates":[-87.47314,41.42625]}},{"type":"Feature","properties":{"i":0.83},"geometry":{"type":"Point","coordinates":[-87.4292,41.42625]}},{"type":"Feature","properties":{"i":0.79},"geometry":{"type":"Point","coordinates":[-87.38525,41.42625]}},{"type":"Feature","properties":{"i":1},"geometry":{"type":"Point","coordinates":[-87.34131,41.42625]}},{"type":"Feature","properties":{"i":1},"geometry":{"type":"Point","coordinates":[-87.29736,41.42625]}},{"type":"Feature","properties":{"i":0.85},"geometry":{"type":"Point","coordinates":[-87.25342,41.42625]}},{"type":"Feature","properties":{"i":0.5},"geometry":{"type":"Point","coordinates":[-87.20947,41.42625]}},{"type":"Feature","properties":{"i":0.87},"geometry":{"type":"Point","coordinates":[-89.58252,41.39329]}},{"type":"Feature","properties":{"i":0.79},"geometry":{"type":"Point","coordinates":[-89.53857,41.39329]}},{"type":"Feature","properties":{"i":0.91},"geometry":{"type":"Point","coordinates":[-89.49463,41.39329]}},{"type":"Feature","properties":{"i":1},"geometry":{"type":"Point","coordinates":[-89.45068,41.39329]}},{"type":"Feature","properties":{"i":0.74},"geometry":{"type":"Point","coordinates":[-89.23096,41.39329]}},{"type":"Feature","properties":{"i":0.31},"geometry":{"type":"Point","coordinates":[-89.18701,41.39329]}},{"type":"Feature","properties":{"i":0.66},"geometry":{"type":"Point","coordinates":[-89.14307,41.39329]}},{"type":"Feature","properties":{"i":0.28},"geometry":{"type":"Point","coordinates":[-89.09912,41.39329]}},{"type":"Feature","properties":{"i":0.1},"geometry":{"type":"Point","coordinates":[-89.05518,41.39329]}},{"type":"Feature","properties":{"i":1},"geometry":{"type":"Point","coordinates":[-88.83545,41.39329]}},{"type":"Feature","properties":{"i":0.97},"geometry":{"type":"Point","coordinates":[-88.7915,41.39329]}},{"type":"Feature","properties":{"i":0.08},"geometry":{"type":"Point","coordinates":[-88.74756,41.39329]}},{"type":"Feature","properties":{"i":0.33},"geometry":{"type":"Point","coordinates":[-88.70361,41.39329]}},{"type":"Feature","properties":{"i":0.19},"geometry":{"type":"Point","coordinates":[-88.48389,41.39329]}},{"type":"Feature","properties":{"i":1},"geometry":{"type":"Point","coordinates":[-88.43994,41.39329]}},{"type":"Feature","properties":{"i":1},"geometry":{"type":"Point","coordinates":[-88.396,41.39329]}},{"type":"Feature","properties":{"i":1},"geometry":{"type":"Point","coordinates":[-88.35205,41.39329]}},{"type":"Feature","properties":{"i":1},"geometry":{"type":"Point","coordinates":[-88.30811,41.39329]}},{"type":"Feature","properties":{"i":1},"geometry":{"type":"Point","coordinates":[-88.26416,41.39329]}},{"type":"Feature","properties":{"i":1},"geometry":{"type":"Point","coordinates":[-88.22021,41.39329]}},{"type":"Feature","properties":{"i":1},"geometry":{"type":"Point","coordinates":[-88.17627,41.39329]}},{"type":"Feature","properties":{"i":1},"geometry":{"type":"Point","coordinates":[-88.13232,41.39329]}},{"type":"Feature","properties":{"i":0.78},"geometry":{"type":"Point","coordinates":[-88.08838,41.39329]}},{"type":"Feature","properties":{"i":0.33},"geometry":{"type":"Point","coordinates":[-88.04443,41.39329]}},{"type":"Feature","properties":{"i":0.65},"geometry":{"type":"Point","coordinates":[-88.00049,41.39329]}},{"type":"Feature","properties":{"i":0.87},"geometry":{"type":"Point","coordinates":[-87.95654,41.39329]}},{"type":"Feature","properties":{"i":0.11},"geometry":{"type":"Point","coordinates":[-87.9126,41.39329]}},{"type":"Feature","properties":{"i":0.19},"geometry":{"type":"Point","coordinates":[-87.86865,41.39329]}},{"type":"Feature","properties":{"i":0.4},"geometry":{"type":"Point","coordinates":[-87.82471,41.39329]}},{"type":"Feature","properties":{"i":0.46},"geometry":{"type":"Point","coordinates":[-87.78076,41.39329]}},{"type":"Feature","properties":{"i":0.74},"geometry":{"type":"Point","coordinates":[-87.73682,41.39329]}},{"type":"Feature","properties":{"i":0.3},"geometry":{"type":"Point","coordinates":[-87.69287,41.39329]}},{"type":"Feature","properties":{"i":0.55},"geometry":{"type":"Point","coordinates":[-87.64893,41.39329]}},{"type":"Feature","properties":{"i":0.55},"geometry":{"type":"Point","coordinates":[-87.60498,41.39329]}},{"type":"Feature","properties":{"i":0.31},"geometry":{"type":"Point","coordinates":[-87.56104,41.39329]}},{"type":"Feature","properties":{"i":0.39},"geometry":{"type":"Point","coordinates":[-87.51709,41.39329]}},{"type":"Feature","properties":{"i":0.67},"geometry":{"type":"Point","coordinates":[-87.47314,41.39329]}},{"type":"Feature","properties":{"i":0.65},"geometry":{"type":"Point","coordinates":[-87.4292,41.39329]}},{"type":"Feature","properties":{"i":1},"geometry":{"type":"Point","coordinates":[-87.38525,41.39329]}},{"type":"Feature","properties":{"i":1},"geometry":{"type":"Point","coordinates":[-87.34131,41.39329]}},{"type":"Feature","properties":{"i":0.64},"geometry":{"type":"Point","coordinates":[-87.29736,41.39329]}},{"type":"Feature","properties":{"i":0.51},"geometry":{"type":"Point","coordinates":[-87.25342,41.39329]}},{"type":"Feature","properties":{"i":0.4},"geometry":{"type":"Point","coordinates":[-87.20947,41.39329]}},{"type":"Feature","properties":{"i":0.29},"geometry":{"type":"Point","coordinates":[-89.71436,41.36032]}},{"type":"Feature","properties":{"i":0.64},"geometry":{"type":"Point","coordinates":[-89.58252,41.36032]}},{"type":"Feature","properties":{"i":0.53},"geometry":{"type":"Point","coordinates":[-89.49463,41.36032]}},{"type":"Feature","properties":{"i":0.76},"geometry":{"type":"Point","coordinates":[-89.45068,41.36032]}},{"type":"Feature","properties":{"i":0.22},"geometry":{"type":"Point","coordinates":[-89.36279,41.36032]}},{"type":"Feature","properties":{"i":0.1},"geometry":{"type":"Point","coordinates":[-89.2749,41.36032]}},{"type":"Feature","properties":{"i":0.58},"geometry":{"type":"Point","coordinates":[-89.23096,41.36032]}},{"type":"Feature","properties":{"i":0.75},"geometry":{"type":"Point","coordinates":[-89.18701,41.36032]}},{"type":"Feature","properties":{"i":1},"geometry":{"type":"Point","coordinates":[-89.14307,41.36032]}},{"type":"Feature","properties":{"i":1},"geometry":{"type":"Point","coordinates":[-89.09912,41.36032]}},{"type":"Feature","properties":{"i":0.48},"geometry":{"type":"Point","coordinates":[-89.05518,41.36032]}},{"type":"Feature","properties":{"i":1},"geometry":{"type":"Point","coordinates":[-89.01123,41.36032]}},{"type":"Feature","properties":{"i":0.26},"geometry":{"type":"Point","coordinates":[-88.96729,41.36032]}},{"type":"Feature","properties":{"i":0.5},"geometry":{"type":"Point","coordinates":[-88.92334,41.36032]}},{"type":"Feature","properties":{"i":0.67},"geometry":{"type":"Point","coordinates":[-88.87939,41.36032]}},{"type":"Feature","properties":{"i":1},"geometry":{"type":"Point","coordinates":[-88.83545,41.36032]}},{"type":"Feature","properties":{"i":0.81},"geometry":{"type":"Point","coordinates":[-88.7915,41.36032]}},{"type":"Feature","properties":{"i":0.61},"geometry":{"type":"Point","coordinates":[-88.74756,41.36032]}},{"type":"Feature","properties":{"i":0.34},"geometry":{"type":"Point","coordinates":[-88.70361,41.36032]}},{"type":"Feature","properties":{"i":0.19},"geometry":{"type":"Point","coordinates":[-88.57178,41.36032]}},{"type":"Feature","properties":{"i":0.04},"geometry":{"type":"Point","coordinates":[-88.52783,41.36032]}},{"type":"Feature","properties":{"i":0.28},"geometry":{"type":"Point","coordinates":[-88.48389,41.36032]}},{"type":"Feature","properties":{"i":1},"geometry":{"type":"Point","coordinates":[-88.43994,41.36032]}},{"type":"Feature","properties":{"i":1},"geometry":{"type":"Point","coordinates":[-88.396,41.36032]}},{"type":"Feature","properties":{"i":0.3},"geometry":{"type":"Point","coordinates":[-88.35205,41.36032]}},{"type":"Feature","properties":{"i":0.22},"geometry":{"type":"Point","coordinates":[-88.30811,41.36032]}},{"type":"Feature","properties":{"i":1},"geometry":{"type":"Point","coordinates":[-88.26416,41.36032]}},{"type":"Feature","properties":{"i":0.65},"geometry":{"type":"Point","coordinates":[-88.22021,41.36032]}},{"type":"Feature","properties":{"i":1},"geometry":{"type":"Point","coordinates":[-88.17627,41.36032]}},{"type":"Feature","properties":{"i":0.58},"geometry":{"type":"Point","coordinates":[-88.13232,41.36032]}},{"type":"Feature","properties":{"i":0.29},"geometry":{"type":"Point","coordinates":[-88.08838,41.36032]}},{"type":"Feature","properties":{"i":0.07},"geometry":{"type":"Point","coordinates":[-88.00049,41.36032]}},{"type":"Feature","properties":{"i":0.19},"geometry":{"type":"Point","coordinates":[-87.95654,41.36032]}},{"type":"Feature","properties":{"i":0.18},"geometry":{"type":"Point","coordinates":[-87.9126,41.36032]}},{"type":"Feature","properties":{"i":0.26},"geometry":{"type":"Point","coordinates":[-87.86865,41.36032]}},{"type":"Feature","properties":{"i":0.17},"geometry":{"type":"Point","coordinates":[-87.82471,41.36032]}},{"type":"Feature","properties":{"i":0.41},"geometry":{"type":"Point","coordinates":[-87.78076,41.36032]}},{"type":"Feature","properties":{"i":0.17},"geometry":{"type":"Point","coordinates":[-87.73682,41.36032]}},{"type":"Feature","properties":{"i":0.23},"geometry":{"type":"Point","coordinates":[-87.69287,41.36032]}},{"type":"Feature","properties":{"i":0.53},"geometry":{"type":"Point","coordinates":[-87.64893,41.36032]}},{"type":"Feature","properties":{"i":0.87},"geometry":{"type":"Point","coordinates":[-87.60498,41.36032]}},{"type":"Feature","properties":{"i":0.23},"geometry":{"type":"Point","coordinates":[-87.56104,41.36032]}},{"type":"Feature","properties":{"i":0.22},"geometry":{"type":"Point","coordinates":[-87.51709,41.36032]}},{"type":"Feature","properties":{"i":0.85},"geometry":{"type":"Point","coordinates":[-87.47314,41.36032]}},{"type":"Feature","properties":{"i":0.84},"geometry":{"type":"Point","coordinates":[-87.4292,41.36032]}},{"type":"Feature","properties":{"i":0.51},"geometry":{"type":"Point","coordinates":[-87.38525,41.36032]}},{"type":"Feature","properties":{"i":0.37},"geometry":{"type":"Point","coordinates":[-87.34131,41.36032]}},{"type":"Feature","properties":{"i":0.78},"geometry":{"type":"Point","coordinates":[-87.29736,41.36032]}},{"type":"Feature","properties":{"i":0.1},"geometry":{"type":"Point","coordinates":[-87.25342,41.36032]}},{"type":"Feature","properties":{"i":0.18},"geometry":{"type":"Point","coordinates":[-87.20947,41.36032]}},{"type":"Feature","properties":{"i":0.33},"geometry":{"type":"Point","coordinates":[-89.67041,41.32733]}},{"type":"Feature","properties":{"i":0.1},"geometry":{"type":"Point","coordinates":[-89.40674,41.32733]}},{"type":"Feature","properties":{"i":0.18},"geometry":{"type":"Point","coordinates":[-89.31885,41.32733]}},{"type":"Feature","properties":{"i":0.03},"geometry":{"type":"Point","coordinates":[-89.2749,41.32733]}},{"type":"Feature","properties":{"i":0.46},"geometry":{"type":"Point","coordinates":[-89.23096,41.32733]}},{"type":"Feature","properties":{"i":0.76},"geometry":{"type":"Point","coordinates":[-89.18701,41.32733]}},{"type":"Feature","properties":{"i":1},"geometry":{"type":"Point","coordinates":[-89.14307,41.32733]}},{"type":"Feature","properties":{"i":1},"geometry":{"type":"Point","coordinates":[-89.09912,41.32733]}},{"type":"Feature","properties":{"i":0.68},"geometry":{"type":"Point","coordinates":[-89.05518,41.32733]}},{"type":"Feature","properties":{"i":0.55},"geometry":{"type":"Point","coordinates":[-89.01123,41.32733]}},{"type":"Feature","properties":{"i":0.5},"geometry":{"type":"Point","coordinates":[-88.96729,41.32733]}},{"type":"Feature","properties":{"i":0.21},"geometry":{"type":"Point","coordinates":[-88.92334,41.32733]}},{"type":"Feature","properties":{"i":0.63},"geometry":{"type":"Point","coordinates":[-88.87939,41.32733]}},{"type":"Feature","properties":{"i":0.95},"geometry":{"type":"Point","coordinates":[-88.83545,41.32733]}},{"type":"Feature","properties":{"i":0.42},"geometry":{"type":"Point","coordinates":[-88.7915,41.32733]}},{"type":"Feature","properties":{"i":0.87},"geometry":{"type":"Point","coordinates":[-88.74756,41.32733]}},{"type":"Feature","properties":{"i":0.99},"geometry":{"type":"Point","coordinates":[-88.70361,41.32733]}},{"type":"Feature","properties":{"i":0.96},"geometry":{"type":"Point","coordinates":[-88.65967,41.32733]}},{"type":"Feature","properties":{"i":0.64},"geometry":{"type":"Point","coordinates":[-88.61572,41.32733]}},{"type":"Feature","properties":{"i":0.03},"geometry":{"type":"Point","coordinates":[-88.52783,41.32733]}},{"type":"Feature","properties":{"i":0.49},"geometry":{"type":"Point","coordinates":[-88.43994,41.32733]}},{"type":"Feature","properties":{"i":0.5},"geometry":{"type":"Point","coordinates":[-88.396,41.32733]}},{"type":"Feature","properties":{"i":0.14},"geometry":{"type":"Point","coordinates":[-88.35205,41.32733]}},{"type":"Feature","properties":{"i":0.28},"geometry":{"type":"Point","coordinates":[-88.30811,41.32733]}},{"type":"Feature","properties":{"i":0.14},"geometry":{"type":"Point","coordinates":[-88.26416,41.32733]}},{"type":"Feature","properties":{"i":1},"geometry":{"type":"Point","coordinates":[-88.22021,41.32733]}},{"type":"Feature","properties":{"i":1},"geometry":{"type":"Point","coordinates":[-88.17627,41.32733]}},{"type":"Feature","properties":{"i":0.97},"geometry":{"type":"Point","coordinates":[-88.13232,41.32733]}},{"type":"Feature","properties":{"i":0.93},"geometry":{"type":"Point","coordinates":[-88.08838,41.32733]}},{"type":"Feature","properties":{"i":0.15},"geometry":{"type":"Point","coordinates":[-88.04443,41.32733]}},{"type":"Feature","properties":{"i":0.14},"geometry":{"type":"Point","coordinates":[-88.00049,41.32733]}},{"type":"Feature","properties":{"i":0.05},"geometry":{"type":"Point","coordinates":[-87.9126,41.32733]}},{"type":"Feature","properties":{"i":0.21},"geometry":{"type":"Point","coordinates":[-87.86865,41.32733]}},{"type":"Feature","properties":{"i":0.95},"geometry":{"type":"Point","coordinates":[-87.82471,41.32733]}},{"type":"Feature","properties":{"i":1},"geometry":{"type":"Point","coordinates":[-87.78076,41.32733]}},{"type":"Feature","properties":{"i":0.16},"geometry":{"type":"Point","coordinates":[-87.73682,41.32733]}},{"type":"Feature","properties":{"i":0.65},"geometry":{"type":"Point","coordinates":[-87.64893,41.32733]}},{"type":"Feature","properties":{"i":0.75},"geometry":{"type":"Point","coordinates":[-87.60498,41.32733]}},{"type":"Feature","properties":{"i":0.19},"geometry":{"type":"Point","coordinates":[-87.56104,41.32733]}},{"type":"Feature","properties":{"i":0.17},"geometry":{"type":"Point","coordinates":[-87.51709,41.32733]}},{"type":"Feature","properties":{"i":0.26},"geometry":{"type":"Point","coordinates":[-87.47314,41.32733]}},{"type":"Feature","properties":{"i":0.38},"geometry":{"type":"Point","coordinates":[-87.4292,41.32733]}},{"type":"Feature","properties":{"i":0.22},"geometry":{"type":"Point","coordinates":[-87.38525,41.32733]}},{"type":"Feature","properties":{"i":0.15},"geometry":{"type":"Point","coordinates":[-87.34131,41.32733]}},{"type":"Feature","properties":{"i":0.11},"geometry":{"type":"Point","coordinates":[-87.29736,41.32733]}},{"type":"Feature","properties":{"i":0.69},"geometry":{"type":"Point","coordinates":[-87.20947,41.32733]}},{"type":"Feature","properties":{"i":0.14},"geometry":{"type":"Point","coordinates":[-89.49463,41.29432]}},{"type":"Feature","properties":{"i":0.19},"geometry":{"type":"Point","coordinates":[-89.36279,41.29432]}},{"type":"Feature","properties":{"i":0.48},"geometry":{"type":"Point","coordinates":[-89.31885,41.29432]}},{"type":"Feature","properties":{"i":0.03},"geometry":{"type":"Point","coordinates":[-89.23096,41.29432]}},{"type":"Feature","properties":{"i":1},"geometry":{"type":"Point","coordinates":[-89.18701,41.29432]}},{"type":"Feature","properties":{"i":0.09},"geometry":{"type":"Point","coordinates":[-89.14307,41.29432]}},{"type":"Feature","properties":{"i":0.85},"geometry":{"type":"Point","coordinates":[-89.09912,41.29432]}},{"type":"Feature","properties":{"i":0.96},"geometry":{"type":"Point","coordinates":[-89.05518,41.29432]}},{"type":"Feature","properties":{"i":0.12},"geometry":{"type":"Point","coordinates":[-89.01123,41.29432]}},{"type":"Feature","properties":{"i":0.02},"geometry":{"type":"Point","coordinates":[-88.92334,41.29432]}},{"type":"Feature","properties":{"i":0.33},"geometry":{"type":"Point","coordinates":[-88.87939,41.29432]}},{"type":"Feature","properties":{"i":0.03},"geometry":{"type":"Point","coordinates":[-88.83545,41.29432]}},{"type":"Feature","properties":{"i":0.02},"geometry":{"type":"Point","coordinates":[-88.74756,41.29432]}},{"type":"Feature","properties":{"i":0.02},"geometry":{"type":"Point","coordinates":[-88.70361,41.29432]}},{"type":"Feature","properties":{"i":0.35},"geometry":{"type":"Point","coordinates":[-88.65967,41.29432]}},{"type":"Feature","properties":{"i":0.7},"geometry":{"type":"Point","coordinates":[-88.61572,41.29432]}},{"type":"Feature","properties":{"i":0.93},"geometry":{"type":"Point","coordinates":[-88.57178,41.29432]}},{"type":"Feature","properties":{"i":0.19},"geometry":{"type":"Point","coordinates":[-88.52783,41.29432]}},{"type":"Feature","properties":{"i":0.04},"geometry":{"type":"Point","coordinates":[-88.43994,41.29432]}},{"type":"Feature","properties":{"i":0.07},"geometry":{"type":"Point","coordinates":[-88.396,41.29432]}},{"type":"Feature","properties":{"i":0.88},"geometry":{"type":"Point","coordinates":[-88.30811,41.29432]}},{"type":"Feature","properties":{"i":0.97},"geometry":{"type":"Point","coordinates":[-88.26416,41.29432]}},{"type":"Feature","properties":{"i":0.92},"geometry":{"type":"Point","coordinates":[-88.22021,41.29432]}},{"type":"Feature","properties":{"i":0.55},"geometry":{"type":"Point","coordinates":[-88.17627,41.29432]}},{"type":"Feature","properties":{"i":0.85},"geometry":{"type":"Point","coordinates":[-88.13232,41.29432]}},{"type":"Feature","properties":{"i":0.08},"geometry":{"type":"Point","coordinates":[-87.86865,41.29432]}},{"type":"Feature","properties":{"i":0.3},"geometry":{"type":"Point","coordinates":[-87.82471,41.29432]}},{"type":"Feature","properties":{"i":0.09},"geometry":{"type":"Point","coordinates":[-87.78076,41.29432]}},{"type":"Feature","properties":{"i":0.11},"geometry":{"type":"Point","coordinates":[-87.73682,41.29432]}},{"type":"Feature","properties":{"i":0.15},"geometry":{"type":"Point","coordinates":[-87.64893,41.29432]}},{"type":"Feature","properties":{"i":0.07},"geometry":{"type":"Point","coordinates":[-87.51709,41.29432]}},{"type":"Feature","properties":{"i":0.61},"geometry":{"type":"Point","coordinates":[-87.47314,41.29432]}},{"type":"Feature","properties":{"i":0.69},"geometry":{"type":"Point","coordinates":[-87.4292,41.29432]}},{"type":"Feature","properties":{"i":0.71},"geometry":{"type":"Point","coordinates":[-87.38525,41.29432]}},{"type":"Feature","properties":{"i":0.62},"geometry":{"type":"Point","coordinates":[-87.34131,41.29432]}},{"type":"Feature","properties":{"i":1},"geometry":{"type":"Point","coordinates":[-87.29736,41.29432]}},{"type":"Feature","properties":{"i":0.54},"geometry":{"type":"Point","coordinates":[-87.20947,41.29432]}},{"type":"Feature","properties":{"i":0.39},"geometry":{"type":"Point","coordinates":[-89.36279,41.26129]}},{"type":"Feature","properties":{"i":0.85},"geometry":{"type":"Point","coordinates":[-89.31885,41.26129]}},{"type":"Feature","properties":{"i":0.22},"geometry":{"type":"Point","coordinates":[-89.2749,41.26129]}},{"type":"Feature","properties":{"i":0.63},"geometry":{"type":"Point","coordinates":[-89.23096,41.26129]}},{"type":"Feature","properties":{"i":0.1},"geometry":{"type":"Point","coordinates":[-89.18701,41.26129]}},{"type":"Feature","properties":{"i":0.05},"geometry":{"type":"Point","coordinates":[-89.14307,41.26129]}},{"type":"Feature","properties":{"i":0.34},"geometry":{"type":"Point","coordinates":[-89.09912,41.26129]}},{"type":"Feature","properties":{"i":0.25},"geometry":{"type":"Point","coordinates":[-89.05518,41.26129]}},{"type":"Feature","properties":{"i":0.4},"geometry":{"type":"Point","coordinates":[-89.01123,41.26129]}},{"type":"Feature","properties":{"i":0.05},"geometry":{"type":"Point","coordinates":[-88.70361,41.26129]}},{"type":"Feature","properties":{"i":1},"geometry":{"type":"Point","coordinates":[-88.65967,41.26129]}},{"type":"Feature","properties":{"i":0.56},"geometry":{"type":"Point","coordinates":[-88.30811,41.26129]}},{"type":"Feature","properties":{"i":1},"geometry":{"type":"Point","coordinates":[-88.26416,41.26129]}},{"type":"Feature","properties":{"i":1},"geometry":{"type":"Point","coordinates":[-88.22021,41.26129]}},{"type":"Feature","properties":{"i":0.22},"geometry":{"type":"Point","coordinates":[-88.17627,41.26129]}},{"type":"Feature","properties":{"i":0.15},"geometry":{"type":"Point","coordinates":[-88.13232,41.26129]}},{"type":"Feature","properties":{"i":0.02},"geometry":{"type":"Point","coordinates":[-88.08838,41.26129]}},{"type":"Feature","properties":{"i":0.04},"geometry":{"type":"Point","coordinates":[-87.95654,41.26129]}},{"type":"Feature","properties":{"i":0.76},"geometry":{"type":"Point","coordinates":[-87.86865,41.26129]}},{"type":"Feature","properties":{"i":0.8},"geometry":{"type":"Point","coordinates":[-87.82471,41.26129]}},{"type":"Feature","properties":{"i":0.1},"geometry":{"type":"Point","coordinates":[-87.78076,41.26129]}},{"type":"Feature","properties":{"i":0.09},"geometry":{"type":"Point","coordinates":[-87.69287,41.26129]}},{"type":"Feature","properties":{"i":0.04},"geometry":{"type":"Point","coordinates":[-87.56104,41.26129]}},{"type":"Feature","properties":{"i":0.07},"geometry":{"type":"Point","coordinates":[-87.47314,41.26129]}},{"type":"Feature","properties":{"i":0.23},"geometry":{"type":"Point","coordinates":[-87.4292,41.26129]}},{"type":"Feature","properties":{"i":0.3},"geometry":{"type":"Point","coordinates":[-87.38525,41.26129]}},{"type":"Feature","properties":{"i":0.49},"geometry":{"type":"Point","coordinates":[-87.29736,41.26129]}},{"type":"Feature","properties":{"i":0.38},"geometry":{"type":"Point","coordinates":[-89.05518,41.22825]}},{"type":"Feature","properties":{"i":0.51},"geometry":{"type":"Point","coordinates":[-88.83545,41.22825]}},{"type":"Feature","properties":{"i":1},"geometry":{"type":"Point","coordinates":[-88.65967,41.22825]}},{"type":"Feature","properties":{"i":0.14},"geometry":{"type":"Point","coordinates":[-88.48389,41.22825]}},{"type":"Feature","properties":{"i":0.7},"geometry":{"type":"Point","coordinates":[-88.43994,41.22825]}},{"type":"Feature","properties":{"i":0.39},"geometry":{"type":"Point","coordinates":[-88.396,41.22825]}},{"type":"Feature","properties":{"i":0.03},"geometry":{"type":"Point","coordinates":[-88.30811,41.22825]}},{"type":"Feature","properties":{"i":0.78},"geometry":{"type":"Point","coordinates":[-88.26416,41.22825]}},{"type":"Feature","properties":{"i":0.83},"geometry":{"type":"Point","coordinates":[-88.22021,41.22825]}},{"type":"Feature","properties":{"i":0.12},"geometry":{"type":"Point","coordinates":[-88.17627,41.22825]}},{"type":"Feature","properties":{"i":0.25},"geometry":{"type":"Point","coordinates":[-88.13232,41.22825]}},{"type":"Feature","properties":{"i":0.1},"geometry":{"type":"Point","coordinates":[-88.04443,41.22825]}},{"type":"Feature","properties":{"i":0.05},"geometry":{"type":"Point","coordinates":[-88.00049,41.22825]}},{"type":"Feature","properties":{"i":0.09},"geometry":{"type":"Point","coordinates":[-87.95654,41.22825]}},{"type":"Feature","properties":{"i":0.22},"geometry":{"type":"Point","coordinates":[-87.9126,41.22825]}},{"type":"Feature","properties":{"i":0.83},"geometry":{"type":"Point","coordinates":[-87.86865,41.22825]}},{"type":"Feature","properties":{"i":1},"geometry":{"type":"Point","coordinates":[-87.82471,41.22825]}},{"type":"Feature","properties":{"i":0.67},"geometry":{"type":"Point","coordinates":[-87.78076,41.22825]}},{"type":"Feature","properties":{"i":0.76},"geometry":{"type":"Point","coordinates":[-87.64893,41.22825]}},{"type":"Feature","properties":{"i":0.36},"geometry":{"type":"Point","coordinates":[-87.60498,41.22825]}},{"type":"Feature","properties":{"i":0.05},"geometry":{"type":"Point","coordinates":[-87.56104,41.22825]}},{"type":"Feature","properties":{"i":0.12},"geometry":{"type":"Point","coordinates":[-87.47314,41.22825]}},{"type":"Feature","properties":{"i":0.58},"geometry":{"type":"Point","coordinates":[-87.4292,41.22825]}},{"type":"Feature","properties":{"i":0.11},"geometry":{"type":"Point","coordinates":[-87.20947,41.22825]}},{"type":"Feature","properties":{"i":0.23},"geometry":{"type":"Point","coordinates":[-89.62646,41.19519]}},{"type":"Feature","properties":{"i":0.1},"geometry":{"type":"Point","coordinates":[-89.05518,41.19519]}},{"type":"Feature","properties":{"i":0.19},"geometry":{"type":"Point","coordinates":[-88.57178,41.19519]}},{"type":"Feature","properties":{"i":0.59},"geometry":{"type":"Point","coordinates":[-88.30811,41.19519]}},{"type":"Feature","properties":{"i":0.21},"geometry":{"type":"Point","coordinates":[-88.17627,41.19519]}},{"type":"Feature","properties":{"i":0.08},"geometry":{"type":"Point","coordinates":[-88.00049,41.19519]}},{"type":"Feature","properties":{"i":0.14},"geometry":{"type":"Point","coordinates":[-87.95654,41.19519]}},{"type":"Feature","properties":{"i":0.65},"geometry":{"type":"Point","coordinates":[-87.9126,41.19519]}},{"type":"Feature","properties":{"i":1},"geometry":{"type":"Point","coordinates":[-87.86865,41.19519]}},{"type":"Feature","properties":{"i":1},"geometry":{"type":"Point","coordinates":[-87.82471,41.19519]}},{"type":"Feature","properties":{"i":0.46},"geometry":{"type":"Point","coordinates":[-87.78076,41.19519]}},{"type":"Feature","properties":{"i":0.31},"geometry":{"type":"Point","coordinates":[-87.73682,41.19519]}},{"type":"Feature","properties":{"i":0.28},"geometry":{"type":"Point","coordinates":[-87.64893,41.19519]}},{"type":"Feature","properties":{"i":0.74},"geometry":{"type":"Point","coordinates":[-87.4292,41.19519]}},{"type":"Feature","properties":{"i":0.48},"geometry":{"type":"Point","coordinates":[-87.34131,41.19519]}},{"type":"Feature","properties":{"i":0.02},"geometry":{"type":"Point","coordinates":[-87.29736,41.19519]}},{"type":"Feature","properties":{"i":0.81},"geometry":{"type":"Point","coordinates":[-87.20947,41.19519]}},{"type":"Feature","properties":{"i":0.46},"geometry":{"type":"Point","coordinates":[-89.67041,41.16211]}},{"type":"Feature","properties":{"i":0.08},"geometry":{"type":"Point","coordinates":[-89.62646,41.16211]}},{"type":"Feature","properties":{"i":0.21},"geometry":{"type":"Point","coordinates":[-89.23096,41.16211]}},{"type":"Feature","properties":{"i":0.33},"geometry":{"type":"Point","coordinates":[-89.18701,41.16211]}},{"type":"Feature","properties":{"i":0.96},"geometry":{"type":"Point","coordinates":[-88.83545,41.16211]}},{"type":"Feature","properties":{"i":0.1},"geometry":{"type":"Point","coordinates":[-88.7915,41.16211]}},{"type":"Feature","properties":{"i":0.03},"geometry":{"type":"Point","coordinates":[-88.74756,41.16211]}},{"type":"Feature","properties":{"i":0.23},"geometry":{"type":"Point","coordinates":[-88.65967,41.16211]}},{"type":"Feature","properties":{"i":0.36},"geometry":{"type":"Point","coordinates":[-88.30811,41.16211]}},{"type":"Feature","properties":{"i":0.44},"geometry":{"type":"Point","coordinates":[-88.26416,41.16211]}},{"type":"Feature","properties":{"i":0.28},"geometry":{"type":"Point","coordinates":[-88.17627,41.16211]}},{"type":"Feature","properties":{"i":0.02},"geometry":{"type":"Point","coordinates":[-88.00049,41.16211]}},{"type":"Feature","properties":{"i":0.48},"geometry":{"type":"Point","coordinates":[-87.95654,41.16211]}},{"type":"Feature","properties":{"i":1},"geometry":{"type":"Point","coordinates":[-87.9126,41.16211]}},{"type":"Feature","properties":{"i":1},"geometry":{"type":"Point","coordinates":[-87.86865,41.16211]}},{"type":"Feature","properties":{"i":1},"geometry":{"type":"Point","coordinates":[-87.82471,41.16211]}},{"type":"Feature","properties":{"i":0.15},"geometry":{"type":"Point","coordinates":[-87.78076,41.16211]}},{"type":"Feature","properties":{"i":0.56},"geometry":{"type":"Point","coordinates":[-87.69287,41.16211]}},{"type":"Feature","properties":{"i":0.87},"geometry":{"type":"Point","coordinates":[-87.64893,41.16211]}},{"type":"Feature","properties":{"i":0.1},"geometry":{"type":"Point","coordinates":[-87.60498,41.16211]}},{"type":"Feature","properties":{"i":0.03},"geometry":{"type":"Point","coordinates":[-87.56104,41.16211]}},{"type":"Feature","properties":{"i":0.03},"geometry":{"type":"Point","coordinates":[-87.51709,41.16211]}},{"type":"Feature","properties":{"i":0.02},"geometry":{"type":"Point","coordinates":[-87.47314,41.16211]}},{"type":"Feature","properties":{"i":0.25},"geometry":{"type":"Point","coordinates":[-87.4292,41.16211]}},{"type":"Feature","properties":{"i":0.04},"geometry":{"type":"Point","coordinates":[-87.38525,41.16211]}},{"type":"Feature","properties":{"i":0.05},"geometry":{"type":"Point","coordinates":[-87.34131,41.16211]}},{"type":"Feature","properties":{"i":0.23},"geometry":{"type":"Point","coordinates":[-87.29736,41.16211]}},{"type":"Feature","properties":{"i":0.66},"geometry":{"type":"Point","coordinates":[-87.25342,41.16211]}},{"type":"Feature","properties":{"i":0.09},"geometry":{"type":"Point","coordinates":[-87.20947,41.16211]}},{"type":"Feature","properties":{"i":0.76},"geometry":{"type":"Point","coordinates":[-89.36279,41.12902]}},{"type":"Feature","properties":{"i":0.86},"geometry":{"type":"Point","coordinates":[-89.31885,41.12902]}},{"type":"Feature","properties":{"i":0.44},"geometry":{"type":"Point","coordinates":[-89.05518,41.12902]}},{"type":"Feature","properties":{"i":0.09},"geometry":{"type":"Point","coordinates":[-88.87939,41.12902]}},{"type":"Feature","properties":{"i":1},"geometry":{"type":"Point","coordinates":[-88.83545,41.12902]}},{"type":"Feature","properties":{"i":0.56},"geometry":{"type":"Point","coordinates":[-88.7915,41.12902]}},{"type":"Feature","properties":{"i":0.45},"geometry":{"type":"Point","coordinates":[-88.396,41.12902]}},{"type":"Feature","properties":{"i":0.02},"geometry":{"type":"Point","coordinates":[-88.00049,41.12902]}},{"type":"Feature","properties":{"i":0.48},"geometry":{"type":"Point","coordinates":[-87.95654,41.12902]}},{"type":"Feature","properties":{"i":0.8},"geometry":{"type":"Point","coordinates":[-87.9126,41.12902]}},{"type":"Feature","properties":{"i":1},"geometry":{"type":"Point","coordinates":[-87.86865,41.12902]}},{"type":"Feature","properties":{"i":1},"geometry":{"type":"Point","coordinates":[-87.82471,41.12902]}},{"type":"Feature","properties":{"i":0.27},"geometry":{"type":"Point","coordinates":[-87.78076,41.12902]}},{"type":"Feature","properties":{"i":0.35},"geometry":{"type":"Point","coordinates":[-87.73682,41.12902]}},{"type":"Feature","properties":{"i":0.31},"geometry":{"type":"Point","coordinates":[-87.47314,41.12902]}},{"type":"Feature","properties":{"i":0.5},"geometry":{"type":"Point","coordinates":[-87.4292,41.12902]}},{"type":"Feature","properties":{"i":0.05},"geometry":{"type":"Point","coordinates":[-87.38525,41.12902]}},{"type":"Feature","properties":{"i":0.5},"geometry":{"type":"Point","coordinates":[-87.29736,41.12902]}},{"type":"Feature","properties":{"i":0.82},"geometry":{"type":"Point","coordinates":[-87.25342,41.12902]}},{"type":"Feature","properties":{"i":0.61},"geometry":{"type":"Point","coordinates":[-89.36279,41.09591]}},{"type":"Feature","properties":{"i":0.05},"geometry":{"type":"Point","coordinates":[-89.23096,41.09591]}},{"type":"Feature","properties":{"i":0.92},"geometry":{"type":"Point","coordinates":[-88.83545,41.09591]}},{"type":"Feature","properties":{"i":0.57},"geometry":{"type":"Point","coordinates":[-88.7915,41.09591]}},{"type":"Feature","properties":{"i":0.12},"geometry":{"type":"Point","coordinates":[-88.70361,41.09591]}},{"type":"Feature","properties":{"i":0.04},"geometry":{"type":"Point","coordinates":[-88.65967,41.09591]}},{"type":"Feature","properties":{"i":1},"geometry":{"type":"Point","coordinates":[-88.43994,41.09591]}},{"type":"Feature","properties":{"i":1},"geometry":{"type":"Point","coordinates":[-88.396,41.09591]}},{"type":"Feature","properties":{"i":0.26},"geometry":{"type":"Point","coordinates":[-88.13232,41.09591]}},{"type":"Feature","properties":{"i":0.81},"geometry":{"type":"Point","coordinates":[-88.00049,41.09591]}},{"type":"Feature","properties":{"i":0.25},"geometry":{"type":"Point","coordinates":[-87.95654,41.09591]}},{"type":"Feature","properties":{"i":0.52},"geometry":{"type":"Point","coordinates":[-87.9126,41.09591]}},{"type":"Feature","properties":{"i":1},"geometry":{"type":"Point","coordinates":[-87.86865,41.09591]}},{"type":"Feature","properties":{"i":0.83},"geometry":{"type":"Point","coordinates":[-87.82471,41.09591]}},{"type":"Feature","properties":{"i":0.25},"geometry":{"type":"Point","coordinates":[-87.78076,41.09591]}},{"type":"Feature","properties":{"i":0.21},"geometry":{"type":"Point","coordinates":[-87.73682,41.09591]}},{"type":"Feature","properties":{"i":0.14},"geometry":{"type":"Point","coordinates":[-87.64893,41.09591]}},{"type":"Feature","properties":{"i":0.26},"geometry":{"type":"Point","coordinates":[-87.60498,41.09591]}},{"type":"Feature","properties":{"i":0.24},"geometry":{"type":"Point","coordinates":[-87.25342,41.09591]}},{"type":"Feature","properties":{"i":0.36},"geometry":{"type":"Point","coordinates":[-87.20947,41.09591]}},{"type":"Feature","properties":{"i":0.42},"geometry":{"type":"Point","coordinates":[-89.62646,41.06279]}},{"type":"Feature","properties":{"i":0.56},"geometry":{"type":"Point","coordinates":[-89.05518,41.06279]}},{"type":"Feature","properties":{"i":0.04},"geometry":{"type":"Point","coordinates":[-88.92334,41.06279]}},{"type":"Feature","properties":{"i":0.37},"geometry":{"type":"Point","coordinates":[-88.83545,41.06279]}},{"type":"Feature","properties":{"i":0.24},"geometry":{"type":"Point","coordinates":[-88.7915,41.06279]}},{"type":"Feature","properties":{"i":0.19},"geometry":{"type":"Point","coordinates":[-88.43994,41.06279]}},{"type":"Feature","properties":{"i":0.72},"geometry":{"type":"Point","coordinates":[-88.08838,41.06279]}},{"type":"Feature","properties":{"i":0.49},"geometry":{"type":"Point","coordinates":[-88.04443,41.06279]}},{"type":"Feature","properties":{"i":0.09},"geometry":{"type":"Point","coordinates":[-88.00049,41.06279]}},{"type":"Feature","properties":{"i":1},"geometry":{"type":"Point","coordinates":[-87.86865,41.06279]}},{"type":"Feature","properties":{"i":0.71},"geometry":{"type":"Point","coordinates":[-87.82471,41.06279]}},{"type":"Feature","properties":{"i":0.39},"geometry":{"type":"Point","coordinates":[-87.78076,41.06279]}},{"type":"Feature","properties":{"i":0.29},"geometry":{"type":"Point","coordinates":[-87.69287,41.06279]}},{"type":"Feature","properties":{"i":0.11},"geometry":{"type":"Point","coordinates":[-87.64893,41.06279]}},{"type":"Feature","properties":{"i":0.35},"geometry":{"type":"Point","coordinates":[-87.60498,41.06279]}},{"type":"Feature","properties":{"i":0.02},"geometry":{"type":"Point","coordinates":[-87.56104,41.06279]}},{"type":"Feature","properties":{"i":0.24},"geometry":{"type":"Point","coordinates":[-87.51709,41.06279]}},{"type":"Feature","properties":{"i":0.56},"geometry":{"type":"Point","coordinates":[-87.29736,41.06279]}},{"type":"Feature","properties":{"i":0.02},"geometry":{"type":"Point","coordinates":[-87.25342,41.06279]}},{"type":"Feature","properties":{"i":0.13},"geometry":{"type":"Point","coordinates":[-89.71436,41.02964]}},{"type":"Feature","properties":{"i":0.78},"geometry":{"type":"Point","coordinates":[-89.40674,41.02964]}},{"type":"Feature","properties":{"i":0.34},"geometry":{"type":"Point","coordinates":[-89.36279,41.02964]}},{"type":"Feature","properties":{"i":0.39},"geometry":{"type":"Point","coordinates":[-89.23096,41.02964]}},{"type":"Feature","properties":{"i":0.59},"geometry":{"type":"Point","coordinates":[-89.05518,41.02964]}},{"type":"Feature","properties":{"i":0.99},"geometry":{"type":"Point","coordinates":[-88.92334,41.02964]}},{"type":"Feature","properties":{"i":0.03},"geometry":{"type":"Point","coordinates":[-88.87939,41.02964]}},{"type":"Feature","properties":{"i":0.02},"geometry":{"type":"Point","coordinates":[-88.17627,41.02964]}},{"type":"Feature","properties":{"i":0.72},"geometry":{"type":"Point","coordinates":[-88.08838,41.02964]}},{"type":"Feature","properties":{"i":0.55},"geometry":{"type":"Point","coordinates":[-88.00049,41.02964]}},{"type":"Feature","properties":{"i":0.6},"geometry":{"type":"Point","coordinates":[-87.73682,41.02964]}},{"type":"Feature","properties":{"i":0.38},"geometry":{"type":"Point","coordinates":[-87.69287,41.02964]}},{"type":"Feature","properties":{"i":0.18},"geometry":{"type":"Point","coordinates":[-87.4292,41.02964]}},{"type":"Feature","properties":{"i":0.43},"geometry":{"type":"Point","coordinates":[-87.29736,41.02964]}},{"type":"Feature","properties":{"i":0.9},"geometry":{"type":"Point","coordinates":[-87.25342,41.02964]}},{"type":"Feature","properties":{"i":0.58},"geometry":{"type":"Point","coordinates":[-89.14307,40.99648]}},{"type":"Feature","properties":{"i":0.25},"geometry":{"type":"Point","coordinates":[-89.09912,40.99648]}},{"type":"Feature","properties":{"i":0.17},"geometry":{"type":"Point","coordinates":[-88.87939,40.99648]}},{"type":"Feature","properties":{"i":0.44},"geometry":{"type":"Point","coordinates":[-88.74756,40.99648]}},{"type":"Feature","properties":{"i":0.42},"geometry":{"type":"Point","coordinates":[-88.70361,40.99648]}},{"type":"Feature","properties":{"i":0.45},"geometry":{"type":"Point","coordinates":[-88.52783,40.99648]}},{"type":"Feature","properties":{"i":0.14},"geometry":{"type":"Point","coordinates":[-88.22021,40.99648]}},{"type":"Feature","properties":{"i":0.84},"geometry":{"type":"Point","coordinates":[-87.9126,40.99648]}},{"type":"Feature","properties":{"i":0.19},"geometry":{"type":"Point","coordinates":[-87.82471,40.99648]}},{"type":"Feature","properties":{"i":0.57},"geometry":{"type":"Point","coordinates":[-87.29736,40.99648]}},{"type":"Feature","properties":{"i":0.32},"geometry":{"type":"Point","coordinates":[-87.25342,40.99648]}},{"type":"Feature","properties":{"i":1},"geometry":{"type":"Point","coordinates":[-86.24268,43.05283]}},{"type":"Feature","properties":{"i":1},"geometry":{"type":"Point","coordinates":[-86.19873,43.05283]}},{"type":"Feature","properties":{"i":0.24},"geometry":{"type":"Point","coordinates":[-86.15479,43.05283]}},{"type":"Feature","properties":{"i":0.87},"geometry":{"type":"Point","coordinates":[-85.979,43.05283]}},{"type":"Feature","properties":{"i":1},"geometry":{"type":"Point","coordinates":[-85.93506,43.05283]}},{"type":"Feature","properties":{"i":0.49},"geometry":{"type":"Point","coordinates":[-85.89111,43.05283]}},{"type":"Feature","properties":{"i":0.19},"geometry":{"type":"Point","coordinates":[-85.84717,43.05283]}},{"type":"Feature","properties":{"i":0.49},"geometry":{"type":"Point","coordinates":[-85.80322,43.05283]}},{"type":"Feature","properties":{"i":0.21},"geometry":{"type":"Point","coordinates":[-85.75928,43.05283]}},{"type":"Feature","properties":{"i":0.22},"geometry":{"type":"Point","coordinates":[-86.24268,43.02071]}},{"type":"Feature","properties":{"i":1},"geometry":{"type":"Point","coordinates":[-86.19873,43.02071]}},{"type":"Feature","properties":{"i":0.17},"geometry":{"type":"Point","coordinates":[-86.15479,43.02071]}},{"type":"Feature","properties":{"i":0.08},"geometry":{"type":"Point","coordinates":[-86.11084,43.02071]}},{"type":"Feature","properties":{"i":0.05},"geometry":{"type":"Point","coordinates":[-86.02295,43.02071]}},{"type":"Feature","properties":{"i":0.23},"geometry":{"type":"Point","coordinates":[-85.93506,43.02071]}},{"type":"Feature","properties":{"i":0.13},"geometry":{"type":"Point","coordinates":[-85.89111,43.02071]}},{"type":"Feature","properties":{"i":0.34},"geometry":{"type":"Point","coordinates":[-85.84717,43.02071]}},{"type":"Feature","properties":{"i":0.86},"geometry":{"type":"Point","coordinates":[-85.80322,43.02071]}},{"type":"Feature","properties":{"i":0.98},"geometry":{"type":"Point","coordinates":[-85.75928,43.02071]}},{"type":"Feature","properties":{"i":0.6},"geometry":{"type":"Point","coordinates":[-86.19873,42.98858]}},{"type":"Feature","properties":{"i":0.3},"geometry":{"type":"Point","coordinates":[-86.15479,42.98858]}},{"type":"Feature","properties":{"i":0.11},"geometry":{"type":"Point","coordinates":[-86.06689,42.98858]}},{"type":"Feature","properties":{"i":0.22},"geometry":{"type":"Point","coordinates":[-85.979,42.98858]}},{"type":"Feature","properties":{"i":0.81},"geometry":{"type":"Point","coordinates":[-85.93506,42.98858]}},{"type":"Feature","properties":{"i":0.81},"geometry":{"type":"Point","coordinates":[-85.89111,42.98858]}},{"type":"Feature","properties":{"i":0.13},"geometry":{"type":"Point","coordinates":[-85.84717,42.98858]}},{"type":"Feature","properties":{"i":0.87},"geometry":{"type":"Point","coordinates":[-85.80322,42.98858]}},{"type":"Feature","properties":{"i":0.86},"geometry":{"type":"Point","coordinates":[-85.75928,42.98858]}},{"type":"Feature","properties":{"i":0.37},"geometry":{"type":"Point","coordinates":[-86.19873,42.95642]}},{"type":"Feature","properties":{"i":0.36},"geometry":{"type":"Point","coordinates":[-86.15479,42.95642]}},{"type":"Feature","properties":{"i":0.33},"geometry":{"type":"Point","coordinates":[-86.06689,42.95642]}},{"type":"Feature","properties":{"i":0.51},"geometry":{"type":"Point","coordinates":[-86.02295,42.95642]}},{"type":"Feature","properties":{"i":0.41},"geometry":{"type":"Point","coordinates":[-85.979,42.95642]}},{"type":"Feature","properties":{"i":0.86},"geometry":{"type":"Point","coordinates":[-85.93506,42.95642]}},{"type":"Feature","properties":{"i":1},"geometry":{"type":"Point","coordinates":[-85.89111,42.95642]}},{"type":"Feature","properties":{"i":0.33},"geometry":{"type":"Point","coordinates":[-85.84717,42.95642]}},{"type":"Feature","properties":{"i":0.32},"geometry":{"type":"Point","coordinates":[-85.80322,42.95642]}},{"type":"Feature","properties":{"i":1},"geometry":{"type":"Point","coordinates":[-85.75928,42.95642]}},{"type":"Feature","properties":{"i":1},"geometry":{"type":"Point","coordinates":[-86.19873,42.92425]}},{"type":"Feature","properties":{"i":0.25},"geometry":{"type":"Point","coordinates":[-86.15479,42.92425]}},{"type":"Feature","properties":{"i":0.38},"geometry":{"type":"Point","coordinates":[-86.11084,42.92425]}},{"type":"Feature","properties":{"i":0.4},"geometry":{"type":"Point","coordinates":[-86.06689,42.92425]}},{"type":"Feature","properties":{"i":1},"geometry":{"type":"Point","coordinates":[-86.02295,42.92425]}},{"type":"Feature","properties":{"i":0.17},"geometry":{"type":"Point","coordinates":[-85.93506,42.92425]}},{"type":"Feature","properties":{"i":0.78},"geometry":{"type":"Point","coordinates":[-85.89111,42.92425]}},{"type":"Feature","properties":{"i":0.54},"geometry":{"type":"Point","coordinates":[-85.84717,42.92425]}},{"type":"Feature","properties":{"i":0.62},"geometry":{"type":"Point","coordinates":[-85.80322,42.92425]}},{"type":"Feature","properties":{"i":1},"geometry":{"type":"Point","coordinates":[-85.75928,42.92425]}},{"type":"Feature","properties":{"i":0.69},"geometry":{"type":"Point","coordinates":[-86.19873,42.89206]}},{"type":"Feature","properties":{"i":0.36},"geometry":{"type":"Point","coordinates":[-86.15479,42.89206]}},{"type":"Feature","properties":{"i":0.53},"geometry":{"type":"Point","coordinates":[-86.11084,42.89206]}},{"type":"Feature","properties":{"i":0.37},"geometry":{"type":"Point","coordinates":[-86.02295,42.89206]}},{"type":"Feature","properties":{"i":0.11},"geometry":{"type":"Point","coordinates":[-85.979,42.89206]}},{"type":"Feature","properties":{"i":0.42},"geometry":{"type":"Point","coordinates":[-85.93506,42.89206]}},{"type":"Feature","properties":{"i":0.9},"geometry":{"type":"Point","coordinates":[-85.89111,42.89206]}},{"type":"Feature","properties":{"i":0.95},"geometry":{"type":"Point","coordinates":[-85.84717,42.89206]}},{"type":"Feature","properties":{"i":1},"geometry":{"type":"Point","coordinates":[-85.80322,42.89206]}},{"type":"Feature","properties":{"i":1},"geometry":{"type":"Point","coordinates":[-85.75928,42.89206]}},{"type":"Feature","properties":{"i":0.29},"geometry":{"type":"Point","coordinates":[-86.19873,42.85986]}},{"type":"Feature","properties":{"i":0.49},"geometry":{"type":"Point","coordinates":[-86.15479,42.85986]}},{"type":"Feature","properties":{"i":0.9},"geometry":{"type":"Point","coordinates":[-86.11084,42.85986]}},{"type":"Feature","properties":{"i":0.66},"geometry":{"type":"Point","coordinates":[-86.06689,42.85986]}},{"type":"Feature","properties":{"i":0.35},"geometry":{"type":"Point","coordinates":[-86.02295,42.85986]}},{"type":"Feature","properties":{"i":0.13},"geometry":{"type":"Point","coordinates":[-85.979,42.85986]}},{"type":"Feature","properties":{"i":0.1},"geometry":{"type":"Point","coordinates":[-85.93506,42.85986]}},{"type":"Feature","properties":{"i":0.98},"geometry":{"type":"Point","coordinates":[-85.89111,42.85986]}},{"type":"Feature","properties":{"i":1},"geometry":{"type":"Point","coordinates":[-85.84717,42.85986]}},{"type":"Feature","properties":{"i":0.49},"geometry":{"type":"Point","coordinates":[-85.80322,42.85986]}},{"type":"Feature","properties":{"i":1},"geometry":{"type":"Point","coordinates":[-85.75928,42.85986]}},{"type":"Feature","properties":{"i":0.05},"geometry":{"type":"Point","coordinates":[-86.19873,42.82764]}},{"type":"Feature","properties":{"i":0.67},"geometry":{"type":"Point","coordinates":[-86.15479,42.82764]}},{"type":"Feature","properties":{"i":1},"geometry":{"type":"Point","coordinates":[-86.11084,42.82764]}},{"type":"Feature","properties":{"i":1},"geometry":{"type":"Point","coordinates":[-86.06689,42.82764]}},{"type":"Feature","properties":{"i":1},"geometry":{"type":"Point","coordinates":[-86.02295,42.82764]}},{"type":"Feature","properties":{"i":1},"geometry":{"type":"Point","coordinates":[-85.979,42.82764]}},{"type":"Feature","properties":{"i":0.72},"geometry":{"type":"Point","coordinates":[-85.93506,42.82764]}},{"type":"Feature","properties":{"i":0.52},"geometry":{"type":"Point","coordinates":[-85.89111,42.82764]}},{"type":"Feature","properties":{"i":1},"geometry":{"type":"Point","coordinates":[-85.84717,42.82764]}},{"type":"Feature","properties":{"i":0.22},"geometry":{"type":"Point","coordinates":[-85.80322,42.82764]}},{"type":"Feature","properties":{"i":0.55},"geometry":{"type":"Point","coordinates":[-85.75928,42.82764]}},{"type":"Feature","properties":{"i":0.46},"geometry":{"type":"Point","coordinates":[-86.19873,42.7954]}},{"type":"Feature","properties":{"i":0.4},"geometry":{"type":"Point","coordinates":[-86.15479,42.7954]}},{"type":"Feature","properties":{"i":1},"geometry":{"type":"Point","coordinates":[-86.11084,42.7954]}},{"type":"Feature","properties":{"i":1},"geometry":{"type":"Point","coordinates":[-86.06689,42.7954]}},{"type":"Feature","properties":{"i":1},"geometry":{"type":"Point","coordinates":[-86.02295,42.7954]}},{"type":"Feature","properties":{"i":0.85},"geometry":{"type":"Point","coordinates":[-85.979,42.7954]}},{"type":"Feature","properties":{"i":0.73},"geometry":{"type":"Point","coordinates":[-85.93506,42.7954]}},{"type":"Feature","properties":{"i":0.23},"geometry":{"type":"Point","coordinates":[-85.89111,42.7954]}},{"type":"Feature","properties":{"i":0.23},"geometry":{"type":"Point","coordinates":[-85.84717,42.7954]}},{"type":"Feature","properties":{"i":0.07},"geometry":{"type":"Point","coordinates":[-85.80322,42.7954]}},{"type":"Feature","properties":{"i":0.28},"geometry":{"type":"Point","coordinates":[-85.75928,42.7954]}},{"type":"Feature","properties":{"i":0.27},"geometry":{"type":"Point","coordinates":[-86.19873,42.76315]}},{"type":"Feature","properties":{"i":0.61},"geometry":{"type":"Point","coordinates":[-86.15479,42.76315]}},{"type":"Feature","properties":{"i":0.95},"geometry":{"type":"Point","coordinates":[-86.11084,42.76315]}},{"type":"Feature","properties":{"i":1},"geometry":{"type":"Point","coordinates":[-86.06689,42.76315]}},{"type":"Feature","properties":{"i":0.56},"geometry":{"type":"Point","coordinates":[-86.02295,42.76315]}},{"type":"Feature","properties":{"i":0.51},"geometry":{"type":"Point","coordinates":[-85.979,42.76315]}},{"type":"Feature","properties":{"i":0.26},"geometry":{"type":"Point","coordinates":[-85.93506,42.76315]}},{"type":"Feature","properties":{"i":0.05},"geometry":{"type":"Point","coordinates":[-85.84717,42.76315]}},{"type":"Feature","properties":{"i":0.37},"geometry":{"type":"Point","coordinates":[-85.80322,42.76315]}},{"type":"Feature","properties":{"i":0.16},"geometry":{"type":"Point","coordinates":[-85.75928,42.76315]}},{"type":"Feature","properties":{"i":0.27},"geometry":{"type":"Point","coordinates":[-86.15479,42.73087]}},{"type":"Feature","properties":{"i":0.92},"geometry":{"type":"Point","coordinates":[-86.11084,42.73087]}},{"type":"Feature","properties":{"i":0.98},"geometry":{"type":"Point","coordinates":[-86.06689,42.73087]}},{"type":"Feature","properties":{"i":0.28},"geometry":{"type":"Point","coordinates":[-86.02295,42.73087]}},{"type":"Feature","properties":{"i":0.08},"geometry":{"type":"Point","coordinates":[-85.979,42.73087]}},{"type":"Feature","properties":{"i":0.17},"geometry":{"type":"Point","coordinates":[-85.93506,42.73087]}},{"type":"Feature","properties":{"i":0.1},"geometry":{"type":"Point","coordinates":[-85.89111,42.73087]}},{"type":"Feature","properties":{"i":0.39},"geometry":{"type":"Point","coordinates":[-85.84717,42.73087]}},{"type":"Feature","properties":{"i":0.44},"geometry":{"type":"Point","coordinates":[-85.80322,42.73087]}},{"type":"Feature","properties":{"i":0.16},"geometry":{"type":"Point","coordinates":[-85.75928,42.73087]}},{"type":"Feature","properties":{"i":0.03},"geometry":{"type":"Point","coordinates":[-86.19873,42.69859]}},{"type":"Feature","properties":{"i":0.27},"geometry":{"type":"Point","coordinates":[-86.15479,42.69859]}},{"type":"Feature","properties":{"i":0.51},"geometry":{"type":"Point","coordinates":[-86.11084,42.69859]}},{"type":"Feature","properties":{"i":0.16},"geometry":{"type":"Point","coordinates":[-86.06689,42.69859]}},{"type":"Feature","properties":{"i":0.33},"geometry":{"type":"Point","coordinates":[-86.02295,42.69859]}},{"type":"Feature","properties":{"i":0.17},"geometry":{"type":"Point","coordinates":[-85.93506,42.69859]}},{"type":"Feature","properties":{"i":0.36},"geometry":{"type":"Point","coordinates":[-85.80322,42.69859]}},{"type":"Feature","properties":{"i":0.04},"geometry":{"type":"Point","coordinates":[-85.75928,42.69859]}},{"type":"Feature","properties":{"i":0.52},"geometry":{"type":"Point","coordinates":[-86.19873,42.66628]}},{"type":"Feature","properties":{"i":0.7},"geometry":{"type":"Point","coordinates":[-86.15479,42.66628]}},{"type":"Feature","properties":{"i":0.15},"geometry":{"type":"Point","coordinates":[-86.11084,42.66628]}},{"type":"Feature","properties":{"i":0.52},"geometry":{"type":"Point","coordinates":[-86.02295,42.66628]}},{"type":"Feature","properties":{"i":0.6},"geometry":{"type":"Point","coordinates":[-85.979,42.66628]}},{"type":"Feature","properties":{"i":0.45},"geometry":{"type":"Point","coordinates":[-85.93506,42.66628]}},{"type":"Feature","properties":{"i":0.19},"geometry":{"type":"Point","coordinates":[-85.89111,42.66628]}},{"type":"Feature","properties":{"i":0.02},"geometry":{"type":"Point","coordinates":[-85.84717,42.66628]}},{"type":"Feature","properties":{"i":0.17},"geometry":{"type":"Point","coordinates":[-85.80322,42.66628]}},{"type":"Feature","properties":{"i":0.03},"geometry":{"type":"Point","coordinates":[-86.24268,42.63396]}},{"type":"Feature","properties":{"i":0.62},"geometry":{"type":"Point","coordinates":[-86.19873,42.63396]}},{"type":"Feature","properties":{"i":0.49},"geometry":{"type":"Point","coordinates":[-86.11084,42.63396]}},{"type":"Feature","properties":{"i":0.42},"geometry":{"type":"Point","coordinates":[-85.979,42.63396]}},{"type":"Feature","properties":{"i":0.42},"geometry":{"type":"Point","coordinates":[-85.84717,42.63396]}},{"type":"Feature","properties":{"i":0.22},"geometry":{"type":"Point","coordinates":[-85.80322,42.63396]}},{"type":"Feature","properties":{"i":0.41},"geometry":{"type":"Point","coordinates":[-85.75928,42.63396]}},{"type":"Feature","properties":{"i":0.05},"geometry":{"type":"Point","coordinates":[-86.19873,42.60162]}},{"type":"Feature","properties":{"i":0.31},"geometry":{"type":"Point","coordinates":[-86.11084,42.60162]}},{"type":"Feature","properties":{"i":0.25},"geometry":{"type":"Point","coordinates":[-86.06689,42.60162]}},{"type":"Feature","properties":{"i":0.08},"geometry":{"type":"Point","coordinates":[-85.80322,42.60162]}},{"type":"Feature","properties":{"i":0.07},"geometry":{"type":"Point","coordinates":[-86.15479,42.56926]}},{"type":"Feature","properties":{"i":0.02},"geometry":{"type":"Point","coordinates":[-85.89111,42.56926]}},{"type":"Feature","properties":{"i":0.29},"geometry":{"type":"Point","coordinates":[-85.84717,42.56926]}},{"type":"Feature","properties":{"i":0.05},"geometry":{"type":"Point","coordinates":[-86.15479,42.53689]}},{"type":"Feature","properties":{"i":0.91},"geometry":{"type":"Point","coordinates":[-85.89111,42.53689]}},{"type":"Feature","properties":{"i":1},"geometry":{"type":"Point","coordinates":[-85.84717,42.53689]}},{"type":"Feature","properties":{"i":0.1},"geometry":{"type":"Point","coordinates":[-85.80322,42.53689]}},{"type":"Feature","properties":{"i":0.19},"geometry":{"type":"Point","coordinates":[-85.89111,42.5045]}},{"type":"Feature","properties":{"i":0.66},"geometry":{"type":"Point","coordinates":[-85.84717,42.5045]}},{"type":"Feature","properties":{"i":0.37},"geometry":{"type":"Point","coordinates":[-85.80322,42.5045]}},{"type":"Feature","properties":{"i":0.1},"geometry":{"type":"Point","coordinates":[-85.75928,42.5045]}},{"type":"Feature","properties":{"i":0.08},"geometry":{"type":"Point","coordinates":[-86.24268,42.4721]}},{"type":"Feature","properties":{"i":0.31},"geometry":{"type":"Point","coordinates":[-86.11084,42.4721]}},{"type":"Feature","properties":{"i":0.14},"geometry":{"type":"Point","coordinates":[-86.06689,42.4721]}},{"type":"Feature","properties":{"i":0.03},"geometry":{"type":"Point","coordinates":[-85.84717,42.4721]}},{"type":"Feature","properties":{"i":0.03},"geometry":{"type":"Point","coordinates":[-85.75928,42.4721]}},{"type":"Feature","properties":{"i":0.14},"geometry":{"type":"Point","coordinates":[-86.24268,42.43967]}},{"type":"Feature","properties":{"i":0.91},"geometry":{"type":"Point","coordinates":[-86.28662,42.40723]}},{"type":"Feature","properties":{"i":0.85},"geometry":{"type":"Point","coordinates":[-86.24268,42.40723]}},{"type":"Feature","properties":{"i":0.37},"geometry":{"type":"Point","coordinates":[-86.19873,42.40723]}},{"type":"Feature","properties":{"i":0.76},"geometry":{"type":"Point","coordinates":[-86.28662,42.37478]}},{"type":"Feature","properties":{"i":0.8},"geometry":{"type":"Point","coordinates":[-86.24268,42.37478]}},{"type":"Feature","properties":{"i":0.08},"geometry":{"type":"Point","coordinates":[-86.19873,42.37478]}},{"type":"Feature","properties":{"i":0.04},"geometry":{"type":"Point","coordinates":[-85.979,42.37478]}},{"type":"Feature","properties":{"i":0.1},"geometry":{"type":"Point","coordinates":[-85.93506,42.37478]}},{"type":"Feature","properties":{"i":0.22},"geometry":{"type":"Point","coordinates":[-85.89111,42.37478]}},{"type":"Feature","properties":{"i":0.09},"geometry":{"type":"Point","coordinates":[-85.84717,42.37478]}},{"type":"Feature","properties":{"i":0.63},"geometry":{"type":"Point","coordinates":[-86.28662,42.34231]}},{"type":"Feature","properties":{"i":0.44},"geometry":{"type":"Point","coordinates":[-85.89111,42.34231]}},{"type":"Feature","properties":{"i":0.8},"geometry":{"type":"Point","coordinates":[-86.33057,42.30982]}},{"type":"Feature","properties":{"i":0.73},"geometry":{"type":"Point","coordinates":[-86.28662,42.30982]}},{"type":"Feature","properties":{"i":0.13},"geometry":{"type":"Point","coordinates":[-86.24268,42.30982]}},{"type":"Feature","properties":{"i":0.75},"geometry":{"type":"Point","coordinates":[-86.11084,42.30982]}},{"type":"Feature","properties":{"i":0.08},"geometry":{"type":"Point","coordinates":[-86.06689,42.30982]}},{"type":"Feature","properties":{"i":0.11},"geometry":{"type":"Point","coordinates":[-85.979,42.30982]}},{"type":"Feature","properties":{"i":0.04},"geometry":{"type":"Point","coordinates":[-85.93506,42.30982]}},{"type":"Feature","properties":{"i":0.14},"geometry":{"type":"Point","coordinates":[-85.89111,42.30982]}},{"type":"Feature","properties":{"i":0.09},"geometry":{"type":"Point","coordinates":[-86.28662,42.27731]}},{"type":"Feature","properties":{"i":0.61},"geometry":{"type":"Point","coordinates":[-86.24268,42.27731]}},{"type":"Feature","properties":{"i":0.17},"geometry":{"type":"Point","coordinates":[-86.11084,42.27731]}},{"type":"Feature","properties":{"i":0.11},"geometry":{"type":"Point","coordinates":[-85.80322,42.27731]}},{"type":"Feature","properties":{"i":0.14},"geometry":{"type":"Point","coordinates":[-85.75928,42.27731]}},{"type":"Feature","properties":{"i":0.14},"geometry":{"type":"Point","coordinates":[-85.84717,42.24479]}},{"type":"Feature","properties":{"i":0.4},"geometry":{"type":"Point","coordinates":[-85.80322,42.24479]}},{"type":"Feature","properties":{"i":0.19},"geometry":{"type":"Point","coordinates":[-85.75928,42.24479]}},{"type":"Feature","properties":{"i":0.11},"geometry":{"type":"Point","coordinates":[-86.37451,42.21225]}},{"type":"Feature","properties":{"i":0.14},"geometry":{"type":"Point","coordinates":[-86.33057,42.21225]}},{"type":"Feature","properties":{"i":0.25},"geometry":{"type":"Point","coordinates":[-86.28662,42.21225]}},{"type":"Feature","properties":{"i":0.1},"geometry":{"type":"Point","coordinates":[-86.24268,42.21225]}},{"type":"Feature","properties":{"i":0.75},"geometry":{"type":"Point","coordinates":[-86.19873,42.21225]}},{"type":"Feature","properties":{"i":0.51},"geometry":{"type":"Point","coordinates":[-86.15479,42.21225]}},{"type":"Feature","properties":{"i":0.5},"geometry":{"type":"Point","coordinates":[-86.11084,42.21225]}},{"type":"Feature","properties":{"i":0.53},"geometry":{"type":"Point","coordinates":[-86.06689,42.21225]}},{"type":"Feature","properties":{"i":0.11},"geometry":{"type":"Point","coordinates":[-86.02295,42.21225]}},{"type":"Feature","properties":{"i":0.18},"geometry":{"type":"Point","coordinates":[-85.979,42.21225]}},{"type":"Feature","properties":{"i":0.71},"geometry":{"type":"Point","coordinates":[-85.93506,42.21225]}},{"type":"Feature","properties":{"i":0.8},"geometry":{"type":"Point","coordinates":[-85.89111,42.21225]}},{"type":"Feature","properties":{"i":0.33},"geometry":{"type":"Point","coordinates":[-85.84717,42.21225]}},{"type":"Feature","properties":{"i":0.83},"geometry":{"type":"Point","coordinates":[-85.80322,42.21225]}},{"type":"Feature","properties":{"i":0.73},"geometry":{"type":"Point","coordinates":[-85.75928,42.21225]}},{"type":"Feature","properties":{"i":0.03},"geometry":{"type":"Point","coordinates":[-86.41846,42.17969]}},{"type":"Feature","properties":{"i":0.34},"geometry":{"type":"Point","coordinates":[-86.37451,42.17969]}},{"type":"Feature","properties":{"i":0.36},"geometry":{"type":"Point","coordinates":[-86.33057,42.17969]}},{"type":"Feature","properties":{"i":0.75},"geometry":{"type":"Point","coordinates":[-86.28662,42.17969]}},{"type":"Feature","properties":{"i":0.69},"geometry":{"type":"Point","coordinates":[-86.24268,42.17969]}},{"type":"Feature","properties":{"i":0.65},"geometry":{"type":"Point","coordinates":[-86.19873,42.17969]}},{"type":"Feature","properties":{"i":0.61},"geometry":{"type":"Point","coordinates":[-86.15479,42.17969]}},{"type":"Feature","properties":{"i":0.1},"geometry":{"type":"Point","coordinates":[-86.11084,42.17969]}},{"type":"Feature","properties":{"i":0.44},"geometry":{"type":"Point","coordinates":[-86.06689,42.17969]}},{"type":"Feature","properties":{"i":0.14},"geometry":{"type":"Point","coordinates":[-86.02295,42.17969]}},{"type":"Feature","properties":{"i":0.02},"geometry":{"type":"Point","coordinates":[-85.979,42.17969]}},{"type":"Feature","properties":{"i":0.17},"geometry":{"type":"Point","coordinates":[-85.89111,42.17969]}},{"type":"Feature","properties":{"i":0.43},"geometry":{"type":"Point","coordinates":[-85.84717,42.17969]}},{"type":"Feature","properties":{"i":0.1},"geometry":{"type":"Point","coordinates":[-85.80322,42.17969]}},{"type":"Feature","properties":{"i":0.07},"geometry":{"type":"Point","coordinates":[-85.75928,42.17969]}},{"type":"Feature","properties":{"i":0.42},"geometry":{"type":"Point","coordinates":[-86.4624,42.14711]}},{"type":"Feature","properties":{"i":0.42},"geometry":{"type":"Point","coordinates":[-86.41846,42.14711]}},{"type":"Feature","properties":{"i":0.09},"geometry":{"type":"Point","coordinates":[-86.37451,42.14711]}},{"type":"Feature","properties":{"i":0.07},"geometry":{"type":"Point","coordinates":[-86.24268,42.14711]}},{"type":"Feature","properties":{"i":0.59},"geometry":{"type":"Point","coordinates":[-86.19873,42.14711]}},{"type":"Feature","properties":{"i":0.24},"geometry":{"type":"Point","coordinates":[-86.15479,42.14711]}},{"type":"Feature","properties":{"i":0.19},"geometry":{"type":"Point","coordinates":[-85.84717,42.14711]}},{"type":"Feature","properties":{"i":0.57},"geometry":{"type":"Point","coordinates":[-86.50635,42.11452]}},{"type":"Feature","properties":{"i":0.83},"geometry":{"type":"Point","coordinates":[-86.4624,42.11452]}},{"type":"Feature","properties":{"i":0.7},"geometry":{"type":"Point","coordinates":[-86.41846,42.11452]}},{"type":"Feature","properties":{"i":0.27},"geometry":{"type":"Point","coordinates":[-86.37451,42.11452]}},{"type":"Feature","properties":{"i":0.13},"geometry":{"type":"Point","coordinates":[-86.33057,42.11452]}},{"type":"Feature","properties":{"i":0.33},"geometry":{"type":"Point","coordinates":[-86.24268,42.11452]}},{"type":"Feature","properties":{"i":0.27},"geometry":{"type":"Point","coordinates":[-86.15479,42.11452]}},{"type":"Feature","properties":{"i":0.08},"geometry":{"type":"Point","coordinates":[-86.02295,42.11452]}},{"type":"Feature","properties":{"i":0.35},"geometry":{"type":"Point","coordinates":[-85.979,42.11452]}},{"type":"Feature","properties":{"i":0.88},"geometry":{"type":"Point","coordinates":[-86.50635,42.08192]}},{"type":"Feature","properties":{"i":0.88},"geometry":{"type":"Point","coordinates":[-86.4624,42.08192]}},{"type":"Feature","properties":{"i":1},"geometry":{"type":"Point","coordinates":[-86.41846,42.08192]}},{"type":"Feature","properties":{"i":0.72},"geometry":{"type":"Point","coordinates":[-86.37451,42.08192]}},{"type":"Feature","properties":{"i":0.17},"geometry":{"type":"Point","coordinates":[-86.33057,42.08192]}},{"type":"Feature","properties":{"i":0.28},"geometry":{"type":"Point","coordinates":[-86.19873,42.08192]}},{"type":"Feature","properties":{"i":0.05},"geometry":{"type":"Point","coordinates":[-86.55029,42.04929]}},{"type":"Feature","properties":{"i":0.71},"geometry":{"type":"Point","coordinates":[-86.50635,42.04929]}},{"type":"Feature","properties":{"i":0.75},"geometry":{"type":"Point","coordinates":[-86.4624,42.04929]}},{"type":"Feature","properties":{"i":0.47},"geometry":{"type":"Point","coordinates":[-86.41846,42.04929]}},{"type":"Feature","properties":{"i":0.49},"geometry":{"type":"Point","coordinates":[-86.37451,42.04929]}},{"type":"Feature","properties":{"i":0.02},"geometry":{"type":"Point","coordinates":[-86.33057,42.04929]}},{"type":"Feature","properties":{"i":0.05},"geometry":{"type":"Point","coordinates":[-86.19873,42.04929]}},{"type":"Feature","properties":{"i":0.26},"geometry":{"type":"Point","coordinates":[-86.11084,42.04929]}},{"type":"Feature","properties":{"i":0.04},"geometry":{"type":"Point","coordinates":[-85.84717,42.04929]}},{"type":"Feature","properties":{"i":0.47},"geometry":{"type":"Point","coordinates":[-86.55029,42.01665]}},{"type":"Feature","properties":{"i":0.82},"geometry":{"type":"Point","coordinates":[-86.50635,42.01665]}},{"type":"Feature","properties":{"i":0.37},"geometry":{"type":"Point","coordinates":[-86.4624,42.01665]}},{"type":"Feature","properties":{"i":0.36},"geometry":{"type":"Point","coordinates":[-86.41846,42.01665]}},{"type":"Feature","properties":{"i":0.22},"geometry":{"type":"Point","coordinates":[-86.37451,42.01665]}},{"type":"Feature","properties":{"i":0.08},"geometry":{"type":"Point","coordinates":[-86.06689,42.01665]}},{"type":"Feature","properties":{"i":0.38},"geometry":{"type":"Point","coordinates":[-85.80322,42.01665]}},{"type":"Feature","properties":{"i":1},"geometry":{"type":"Point","coordinates":[-86.55029,41.98399]}},{"type":"Feature","properties":{"i":0.21},"geometry":{"type":"Point","coordinates":[-86.50635,41.98399]}},{"type":"Feature","properties":{"i":0.18},"geometry":{"type":"Point","coordinates":[-86.41846,41.98399]}},{"type":"Feature","properties":{"i":0.07},"geometry":{"type":"Point","coordinates":[-86.37451,41.98399]}},{"type":"Feature","properties":{"i":0.13},"geometry":{"type":"Point","coordinates":[-86.33057,41.98399]}},{"type":"Feature","properties":{"i":0.39},"geometry":{"type":"Point","coordinates":[-86.28662,41.98399]}},{"type":"Feature","properties":{"i":0.27},"geometry":{"type":"Point","coordinates":[-86.24268,41.98399]}},{"type":"Feature","properties":{"i":0.04},"geometry":{"type":"Point","coordinates":[-86.19873,41.98399]}},{"type":"Feature","properties":{"i":0.09},"geometry":{"type":"Point","coordinates":[-86.15479,41.98399]}},{"type":"Feature","properties":{"i":0.86},"geometry":{"type":"Point","coordinates":[-86.11084,41.98399]}},{"type":"Feature","properties":{"i":0.16},"geometry":{"type":"Point","coordinates":[-86.06689,41.98399]}},{"type":"Feature","properties":{"i":0.04},"geometry":{"type":"Point","coordinates":[-85.89111,41.98399]}},{"type":"Feature","properties":{"i":0.02},"geometry":{"type":"Point","coordinates":[-86.59424,41.95132]}},{"type":"Feature","properties":{"i":0.55},"geometry":{"type":"Point","coordinates":[-86.55029,41.95132]}},{"type":"Feature","properties":{"i":0.39},"geometry":{"type":"Point","coordinates":[-86.50635,41.95132]}},{"type":"Feature","properties":{"i":0.44},"geometry":{"type":"Point","coordinates":[-86.4624,41.95132]}},{"type":"Feature","properties":{"i":0.09},"geometry":{"type":"Point","coordinates":[-86.41846,41.95132]}},{"type":"Feature","properties":{"i":0.72},"geometry":{"type":"Point","coordinates":[-86.37451,41.95132]}},{"type":"Feature","properties":{"i":0.75},"geometry":{"type":"Point","coordinates":[-86.33057,41.95132]}},{"type":"Feature","properties":{"i":0.03},"geometry":{"type":"Point","coordinates":[-86.28662,41.95132]}},{"type":"Feature","properties":{"i":0.51},"geometry":{"type":"Point","coordinates":[-86.15479,41.95132]}},{"type":"Feature","properties":{"i":0.39},"geometry":{"type":"Point","coordinates":[-86.11084,41.95132]}},{"type":"Feature","properties":{"i":0.55},"geometry":{"type":"Point","coordinates":[-86.06689,41.95132]}},{"type":"Feature","properties":{"i":0.02},"geometry":{"type":"Point","coordinates":[-86.02295,41.95132]}},{"type":"Feature","properties":{"i":0.28},"geometry":{"type":"Point","coordinates":[-85.84717,41.95132]}},{"type":"Feature","properties":{"i":0.02},"geometry":{"type":"Point","coordinates":[-85.75928,41.95132]}},{"type":"Feature","properties":{"i":0.5},"geometry":{"type":"Point","coordinates":[-86.59424,41.91863]}},{"type":"Feature","properties":{"i":0.6},"geometry":{"type":"Point","coordinates":[-86.55029,41.91863]}},{"type":"Feature","properties":{"i":0.03},"geometry":{"type":"Point","coordinates":[-86.41846,41.91863]}},{"type":"Feature","properties":{"i":0.38},"geometry":{"type":"Point","coordinates":[-86.33057,41.91863]}},{"type":"Feature","properties":{"i":0.26},"geometry":{"type":"Point","coordinates":[-86.19873,41.91863]}},{"type":"Feature","properties":{"i":0.27},"geometry":{"type":"Point","coordinates":[-86.15479,41.91863]}},{"type":"Feature","properties":{"i":0.86},"geometry":{"type":"Point","coordinates":[-86.02295,41.91863]}},{"type":"Feature","properties":{"i":0.48},"geometry":{"type":"Point","coordinates":[-85.979,41.91863]}},{"type":"Feature","properties":{"i":0.07},"geometry":{"type":"Point","coordinates":[-85.89111,41.91863]}},{"type":"Feature","properties":{"i":0.04},"geometry":{"type":"Point","coordinates":[-85.75928,41.91863]}},{"type":"Feature","properties":{"i":0.29},"geometry":{"type":"Point","coordinates":[-86.59424,41.88592]}},{"type":"Feature","properties":{"i":0.22},"geometry":{"type":"Point","coordinates":[-86.55029,41.88592]}},{"type":"Feature","properties":{"i":0.11},"geometry":{"type":"Point","coordinates":[-86.50635,41.88592]}},{"type":"Feature","properties":{"i":0.03},"geometry":{"type":"Point","coordinates":[-86.37451,41.88592]}},{"type":"Feature","properties":{"i":0.1},"geometry":{"type":"Point","coordinates":[-86.28662,41.88592]}},{"type":"Feature","properties":{"i":0.33},"geometry":{"type":"Point","coordinates":[-86.19873,41.88592]}},{"type":"Feature","properties":{"i":0.03},"geometry":{"type":"Point","coordinates":[-86.15479,41.88592]}},{"type":"Feature","properties":{"i":0.04},"geometry":{"type":"Point","coordinates":[-86.06689,41.88592]}},{"type":"Feature","properties":{"i":0.3},"geometry":{"type":"Point","coordinates":[-86.02295,41.88592]}},{"type":"Feature","properties":{"i":0.29},"geometry":{"type":"Point","coordinates":[-85.979,41.88592]}},{"type":"Feature","properties":{"i":0.05},"geometry":{"type":"Point","coordinates":[-85.93506,41.88592]}},{"type":"Feature","properties":{"i":0.25},"geometry":{"type":"Point","coordinates":[-85.89111,41.88592]}},{"type":"Feature","properties":{"i":0.12},"geometry":{"type":"Point","coordinates":[-85.80322,41.88592]}},{"type":"Feature","properties":{"i":0.04},"geometry":{"type":"Point","coordinates":[-85.75928,41.88592]}},{"type":"Feature","properties":{"i":0.08},"geometry":{"type":"Point","coordinates":[-86.68213,41.8532]}},{"type":"Feature","properties":{"i":0.07},"geometry":{"type":"Point","coordinates":[-86.63818,41.8532]}},{"type":"Feature","properties":{"i":0.19},"geometry":{"type":"Point","coordinates":[-86.59424,41.8532]}},{"type":"Feature","properties":{"i":0.07},"geometry":{"type":"Point","coordinates":[-86.41846,41.8532]}},{"type":"Feature","properties":{"i":0.27},"geometry":{"type":"Point","coordinates":[-86.37451,41.8532]}},{"type":"Feature","properties":{"i":0.64},"geometry":{"type":"Point","coordinates":[-86.33057,41.8532]}},{"type":"Feature","properties":{"i":0.18},"geometry":{"type":"Point","coordinates":[-86.28662,41.8532]}},{"type":"Feature","properties":{"i":0.78},"geometry":{"type":"Point","coordinates":[-86.24268,41.8532]}},{"type":"Feature","properties":{"i":0.39},"geometry":{"type":"Point","coordinates":[-86.19873,41.8532]}},{"type":"Feature","properties":{"i":0.16},"geometry":{"type":"Point","coordinates":[-86.15479,41.8532]}},{"type":"Feature","properties":{"i":0.04},"geometry":{"type":"Point","coordinates":[-86.11084,41.8532]}},{"type":"Feature","properties":{"i":0.03},"geometry":{"type":"Point","coordinates":[-86.06689,41.8532]}},{"type":"Feature","properties":{"i":0.02},"geometry":{"type":"Point","coordinates":[-85.93506,41.8532]}},{"type":"Feature","properties":{"i":0.14},"geometry":{"type":"Point","coordinates":[-85.89111,41.8532]}},{"type":"Feature","properties":{"i":0.14},"geometry":{"type":"Point","coordinates":[-85.84717,41.8532]}},{"type":"Feature","properties":{"i":0.14},"geometry":{"type":"Point","coordinates":[-86.72607,41.82046]}},{"type":"Feature","properties":{"i":0.55},"geometry":{"type":"Point","coordinates":[-86.68213,41.82046]}},{"type":"Feature","properties":{"i":0.03},"geometry":{"type":"Point","coordinates":[-86.63818,41.82046]}},{"type":"Feature","properties":{"i":0.1},"geometry":{"type":"Point","coordinates":[-86.41846,41.82046]}},{"type":"Feature","properties":{"i":0.98},"geometry":{"type":"Point","coordinates":[-86.37451,41.82046]}},{"type":"Feature","properties":{"i":0.75},"geometry":{"type":"Point","coordinates":[-86.33057,41.82046]}},{"type":"Feature","properties":{"i":0.39},"geometry":{"type":"Point","coordinates":[-86.28662,41.82046]}},{"type":"Feature","properties":{"i":0.9},"geometry":{"type":"Point","coordinates":[-86.24268,41.82046]}},{"type":"Feature","properties":{"i":0.45},"geometry":{"type":"Point","coordinates":[-86.19873,41.82046]}},{"type":"Feature","properties":{"i":0.12},"geometry":{"type":"Point","coordinates":[-86.15479,41.82046]}},{"type":"Feature","properties":{"i":0.09},"geometry":{"type":"Point","coordinates":[-86.11084,41.82046]}},{"type":"Feature","properties":{"i":0.14},"geometry":{"type":"Point","coordinates":[-86.06689,41.82046]}},{"type":"Feature","properties":{"i":0.09},"geometry":{"type":"Point","coordinates":[-86.02295,41.82046]}},{"type":"Feature","properties":{"i":0.12},"geometry":{"type":"Point","coordinates":[-85.979,41.82046]}},{"type":"Feature","properties":{"i":0.04},"geometry":{"type":"Point","coordinates":[-85.93506,41.82046]}},{"type":"Feature","properties":{"i":0.11},"geometry":{"type":"Point","coordinates":[-85.75928,41.82046]}},{"type":"Feature","properties":{"i":0.02},"geometry":{"type":"Point","coordinates":[-86.81396,41.7877]}},{"type":"Feature","properties":{"i":0.45},"geometry":{"type":"Point","coordinates":[-86.77002,41.7877]}},{"type":"Feature","properties":{"i":0.82},"geometry":{"type":"Point","coordinates":[-86.72607,41.7877]}},{"type":"Feature","properties":{"i":0.41},"geometry":{"type":"Point","coordinates":[-86.68213,41.7877]}},{"type":"Feature","properties":{"i":0.46},"geometry":{"type":"Point","coordinates":[-86.63818,41.7877]}},{"type":"Feature","properties":{"i":0.73},"geometry":{"type":"Point","coordinates":[-86.59424,41.7877]}},{"type":"Feature","properties":{"i":0.32},"geometry":{"type":"Point","coordinates":[-86.50635,41.7877]}},{"type":"Feature","properties":{"i":0.19},"geometry":{"type":"Point","coordinates":[-86.37451,41.7877]}},{"type":"Feature","properties":{"i":0.85},"geometry":{"type":"Point","coordinates":[-86.33057,41.7877]}},{"type":"Feature","properties":{"i":0.34},"geometry":{"type":"Point","coordinates":[-86.28662,41.7877]}},{"type":"Feature","properties":{"i":0.99},"geometry":{"type":"Point","coordinates":[-86.24268,41.7877]}},{"type":"Feature","properties":{"i":0.41},"geometry":{"type":"Point","coordinates":[-86.19873,41.7877]}},{"type":"Feature","properties":{"i":0.19},"geometry":{"type":"Point","coordinates":[-86.15479,41.7877]}},{"type":"Feature","properties":{"i":0.96},"geometry":{"type":"Point","coordinates":[-86.11084,41.7877]}},{"type":"Feature","properties":{"i":0.62},"geometry":{"type":"Point","coordinates":[-86.06689,41.7877]}},{"type":"Feature","properties":{"i":0.31},"geometry":{"type":"Point","coordinates":[-86.02295,41.7877]}},{"type":"Feature","properties":{"i":0.11},"geometry":{"type":"Point","coordinates":[-85.979,41.7877]}},{"type":"Feature","properties":{"i":0.33},"geometry":{"type":"Point","coordinates":[-85.93506,41.7877]}},{"type":"Feature","properties":{"i":0.07},"geometry":{"type":"Point","coordinates":[-85.89111,41.7877]}},{"type":"Feature","properties":{"i":0.22},"geometry":{"type":"Point","coordinates":[-85.84717,41.7877]}},{"type":"Feature","properties":{"i":0.3},"geometry":{"type":"Point","coordinates":[-85.80322,41.7877]}},{"type":"Feature","properties":{"i":0.19},"geometry":{"type":"Point","coordinates":[-85.75928,41.7877]}},{"type":"Feature","properties":{"i":0.47},"geometry":{"type":"Point","coordinates":[-86.85791,41.75492]}},{"type":"Feature","properties":{"i":0.65},"geometry":{"type":"Point","coordinates":[-86.81396,41.75492]}},{"type":"Feature","properties":{"i":0.76},"geometry":{"type":"Point","coordinates":[-86.77002,41.75492]}},{"type":"Feature","properties":{"i":0.73},"geometry":{"type":"Point","coordinates":[-86.72607,41.75492]}},{"type":"Feature","properties":{"i":0.11},"geometry":{"type":"Point","coordinates":[-86.68213,41.75492]}},{"type":"Feature","properties":{"i":0.08},"geometry":{"type":"Point","coordinates":[-86.63818,41.75492]}},{"type":"Feature","properties":{"i":0.02},"geometry":{"type":"Point","coordinates":[-86.59424,41.75492]}},{"type":"Feature","properties":{"i":0.1},"geometry":{"type":"Point","coordinates":[-86.50635,41.75492]}},{"type":"Feature","properties":{"i":0.42},"geometry":{"type":"Point","coordinates":[-86.37451,41.75492]}},{"type":"Feature","properties":{"i":1},"geometry":{"type":"Point","coordinates":[-86.33057,41.75492]}},{"type":"Feature","properties":{"i":0.47},"geometry":{"type":"Point","coordinates":[-86.28662,41.75492]}},{"type":"Feature","properties":{"i":0.87},"geometry":{"type":"Point","coordinates":[-86.24268,41.75492]}},{"type":"Feature","properties":{"i":0.6},"geometry":{"type":"Point","coordinates":[-86.19873,41.75492]}},{"type":"Feature","properties":{"i":0.61},"geometry":{"type":"Point","coordinates":[-86.15479,41.75492]}},{"type":"Feature","properties":{"i":1},"geometry":{"type":"Point","coordinates":[-86.11084,41.75492]}},{"type":"Feature","properties":{"i":0.57},"geometry":{"type":"Point","coordinates":[-86.06689,41.75492]}},{"type":"Feature","properties":{"i":0.4},"geometry":{"type":"Point","coordinates":[-86.02295,41.75492]}},{"type":"Feature","properties":{"i":0.8},"geometry":{"type":"Point","coordinates":[-85.979,41.75492]}},{"type":"Feature","properties":{"i":0.43},"geometry":{"type":"Point","coordinates":[-85.93506,41.75492]}},{"type":"Feature","properties":{"i":0.74},"geometry":{"type":"Point","coordinates":[-85.89111,41.75492]}},{"type":"Feature","properties":{"i":0.33},"geometry":{"type":"Point","coordinates":[-85.84717,41.75492]}},{"type":"Feature","properties":{"i":0.18},"geometry":{"type":"Point","coordinates":[-85.80322,41.75492]}},{"type":"Feature","properties":{"i":0.41},"geometry":{"type":"Point","coordinates":[-85.75928,41.75492]}},{"type":"Feature","properties":{"i":0.22},"geometry":{"type":"Point","coordinates":[-86.9458,41.72213]}},{"type":"Feature","properties":{"i":1},"geometry":{"type":"Point","coordinates":[-86.90186,41.72213]}},{"type":"Feature","properties":{"i":1},"geometry":{"type":"Point","coordinates":[-86.85791,41.72213]}},{"type":"Feature","properties":{"i":0.72},"geometry":{"type":"Point","coordinates":[-86.81396,41.72213]}},{"type":"Feature","properties":{"i":0.34},"geometry":{"type":"Point","coordinates":[-86.77002,41.72213]}},{"type":"Feature","properties":{"i":0.23},"geometry":{"type":"Point","coordinates":[-86.72607,41.72213]}},{"type":"Feature","properties":{"i":0.11},"geometry":{"type":"Point","coordinates":[-86.68213,41.72213]}},{"type":"Feature","properties":{"i":0.02},"geometry":{"type":"Point","coordinates":[-86.63818,41.72213]}},{"type":"Feature","properties":{"i":0.16},"geometry":{"type":"Point","coordinates":[-86.59424,41.72213]}},{"type":"Feature","properties":{"i":0.17},"geometry":{"type":"Point","coordinates":[-86.55029,41.72213]}},{"type":"Feature","properties":{"i":0.13},"geometry":{"type":"Point","coordinates":[-86.50635,41.72213]}},{"type":"Feature","properties":{"i":0.25},"geometry":{"type":"Point","coordinates":[-86.4624,41.72213]}},{"type":"Feature","properties":{"i":0.1},"geometry":{"type":"Point","coordinates":[-86.41846,41.72213]}},{"type":"Feature","properties":{"i":0.79},"geometry":{"type":"Point","coordinates":[-86.37451,41.72213]}},{"type":"Feature","properties":{"i":1},"geometry":{"type":"Point","coordinates":[-86.33057,41.72213]}},{"type":"Feature","properties":{"i":1},"geometry":{"type":"Point","coordinates":[-86.28662,41.72213]}},{"type":"Feature","properties":{"i":1},"geometry":{"type":"Point","coordinates":[-86.24268,41.72213]}},{"type":"Feature","properties":{"i":1},"geometry":{"type":"Point","coordinates":[-86.19873,41.72213]}},{"type":"Feature","properties":{"i":1},"geometry":{"type":"Point","coordinates":[-86.15479,41.72213]}},{"type":"Feature","properties":{"i":0.44},"geometry":{"type":"Point","coordinates":[-86.11084,41.72213]}},{"type":"Feature","properties":{"i":0.68},"geometry":{"type":"Point","coordinates":[-86.06689,41.72213]}},{"type":"Feature","properties":{"i":0.81},"geometry":{"type":"Point","coordinates":[-86.02295,41.72213]}},{"type":"Feature","properties":{"i":1},"geometry":{"type":"Point","coordinates":[-85.979,41.72213]}},{"type":"Feature","properties":{"i":0.95},"geometry":{"type":"Point","coordinates":[-85.93506,41.72213]}},{"type":"Feature","properties":{"i":1},"geometry":{"type":"Point","coordinates":[-85.89111,41.72213]}},{"type":"Feature","properties":{"i":1},"geometry":{"type":"Point","coordinates":[-85.84717,41.72213]}},{"type":"Feature","properties":{"i":1},"geometry":{"type":"Point","coordinates":[-85.80322,41.72213]}},{"type":"Feature","properties":{"i":0.6},"geometry":{"type":"Point","coordinates":[-85.75928,41.72213]}},{"type":"Feature","properties":{"i":0.03},"geometry":{"type":"Point","coordinates":[-87.03369,41.68932]}},{"type":"Feature","properties":{"i":0.21},"geometry":{"type":"Point","coordinates":[-86.98975,41.68932]}},{"type":"Feature","properties":{"i":0.58},"geometry":{"type":"Point","coordinates":[-86.9458,41.68932]}},{"type":"Feature","properties":{"i":0.96},"geometry":{"type":"Point","coordinates":[-86.90186,41.68932]}},{"type":"Feature","properties":{"i":0.93},"geometry":{"type":"Point","coordinates":[-86.85791,41.68932]}},{"type":"Feature","properties":{"i":0.76},"geometry":{"type":"Point","coordinates":[-86.81396,41.68932]}},{"type":"Feature","properties":{"i":0.28},"geometry":{"type":"Point","coordinates":[-86.77002,41.68932]}},{"type":"Feature","properties":{"i":0.78},"geometry":{"type":"Point","coordinates":[-86.72607,41.68932]}},{"type":"Feature","properties":{"i":0.31},"geometry":{"type":"Point","coordinates":[-86.68213,41.68932]}},{"type":"Feature","properties":{"i":0.65},"geometry":{"type":"Point","coordinates":[-86.63818,41.68932]}},{"type":"Feature","properties":{"i":0.58},"geometry":{"type":"Point","coordinates":[-86.59424,41.68932]}},{"type":"Feature","properties":{"i":0.62},"geometry":{"type":"Point","coordinates":[-86.55029,41.68932]}},{"type":"Feature","properties":{"i":0.67},"geometry":{"type":"Point","coordinates":[-86.50635,41.68932]}},{"type":"Feature","properties":{"i":1},"geometry":{"type":"Point","coordinates":[-86.4624,41.68932]}},{"type":"Feature","properties":{"i":0.27},"geometry":{"type":"Point","coordinates":[-86.41846,41.68932]}},{"type":"Feature","properties":{"i":0.46},"geometry":{"type":"Point","coordinates":[-86.37451,41.68932]}},{"type":"Feature","properties":{"i":1},"geometry":{"type":"Point","coordinates":[-86.33057,41.68932]}},{"type":"Feature","properties":{"i":1},"geometry":{"type":"Point","coordinates":[-86.28662,41.68932]}},{"type":"Feature","properties":{"i":1},"geometry":{"type":"Point","coordinates":[-86.24268,41.68932]}},{"type":"Feature","properties":{"i":1},"geometry":{"type":"Point","coordinates":[-86.19873,41.68932]}},{"type":"Feature","properties":{"i":1},"geometry":{"type":"Point","coordinates":[-86.15479,41.68932]}},{"type":"Feature","properties":{"i":1},"geometry":{"type":"Point","coordinates":[-86.11084,41.68932]}},{"type":"Feature","properties":{"i":0.97},"geometry":{"type":"Point","coordinates":[-86.06689,41.68932]}},{"type":"Feature","properties":{"i":1},"geometry":{"type":"Point","coordinates":[-86.02295,41.68932]}},{"type":"Feature","properties":{"i":0.98},"geometry":{"type":"Point","coordinates":[-85.979,41.68932]}},{"type":"Feature","properties":{"i":0.99},"geometry":{"type":"Point","coordinates":[-85.93506,41.68932]}},{"type":"Feature","properties":{"i":1},"geometry":{"type":"Point","coordinates":[-85.89111,41.68932]}},{"type":"Feature","properties":{"i":0.58},"geometry":{"type":"Point","coordinates":[-85.84717,41.68932]}},{"type":"Feature","properties":{"i":1},"geometry":{"type":"Point","coordinates":[-85.80322,41.68932]}},{"type":"Feature","properties":{"i":0.27},"geometry":{"type":"Point","coordinates":[-85.75928,41.68932]}},{"type":"Feature","properties":{"i":0.35},"geometry":{"type":"Point","coordinates":[-87.16553,41.6565]}},{"type":"Feature","properties":{"i":0.57},"geometry":{"type":"Point","coordinates":[-87.12158,41.6565]}},{"type":"Feature","properties":{"i":0.26},"geometry":{"type":"Point","coordinates":[-87.07764,41.6565]}},{"type":"Feature","properties":{"i":0.12},"geometry":{"type":"Point","coordinates":[-87.03369,41.6565]}},{"type":"Feature","properties":{"i":0.32},"geometry":{"type":"Point","coordinates":[-86.98975,41.6565]}},{"type":"Feature","properties":{"i":0.74},"geometry":{"type":"Point","coordinates":[-86.9458,41.6565]}},{"type":"Feature","properties":{"i":1},"geometry":{"type":"Point","coordinates":[-86.90186,41.6565]}},{"type":"Feature","properties":{"i":0.6},"geometry":{"type":"Point","coordinates":[-86.85791,41.6565]}},{"type":"Feature","properties":{"i":0.36},"geometry":{"type":"Point","coordinates":[-86.81396,41.6565]}},{"type":"Feature","properties":{"i":0.23},"geometry":{"type":"Point","coordinates":[-86.77002,41.6565]}},{"type":"Feature","properties":{"i":0.57},"geometry":{"type":"Point","coordinates":[-86.72607,41.6565]}},{"type":"Feature","properties":{"i":0.05},"geometry":{"type":"Point","coordinates":[-86.68213,41.6565]}},{"type":"Feature","properties":{"i":0.55},"geometry":{"type":"Point","coordinates":[-86.63818,41.6565]}},{"type":"Feature","properties":{"i":0.27},"geometry":{"type":"Point","coordinates":[-86.59424,41.6565]}},{"type":"Feature","properties":{"i":0.02},"geometry":{"type":"Point","coordinates":[-86.55029,41.6565]}},{"type":"Feature","properties":{"i":0.97},"geometry":{"type":"Point","coordinates":[-86.50635,41.6565]}},{"type":"Feature","properties":{"i":1},"geometry":{"type":"Point","coordinates":[-86.4624,41.6565]}},{"type":"Feature","properties":{"i":0.22},"geometry":{"type":"Point","coordinates":[-86.41846,41.6565]}},{"type":"Feature","properties":{"i":0.61},"geometry":{"type":"Point","coordinates":[-86.37451,41.6565]}},{"type":"Feature","properties":{"i":0.86},"geometry":{"type":"Point","coordinates":[-86.33057,41.6565]}},{"type":"Feature","properties":{"i":1},"geometry":{"type":"Point","coordinates":[-86.28662,41.6565]}},{"type":"Feature","properties":{"i":1},"geometry":{"type":"Point","coordinates":[-86.24268,41.6565]}},{"type":"Feature","properties":{"i":1},"geometry":{"type":"Point","coordinates":[-86.19873,41.6565]}},{"type":"Feature","properties":{"i":0.98},"geometry":{"type":"Point","coordinates":[-86.15479,41.6565]}},{"type":"Feature","properties":{"i":0.95},"geometry":{"type":"Point","coordinates":[-86.11084,41.6565]}},{"type":"Feature","properties":{"i":0.79},"geometry":{"type":"Point","coordinates":[-86.06689,41.6565]}},{"type":"Feature","properties":{"i":1},"geometry":{"type":"Point","coordinates":[-86.02295,41.6565]}},{"type":"Feature","properties":{"i":1},"geometry":{"type":"Point","coordinates":[-85.979,41.6565]}},{"type":"Feature","properties":{"i":0.93},"geometry":{"type":"Point","coordinates":[-85.93506,41.6565]}},{"type":"Feature","properties":{"i":0.96},"geometry":{"type":"Point","coordinates":[-85.89111,41.6565]}},{"type":"Feature","properties":{"i":0.52},"geometry":{"type":"Point","coordinates":[-85.84717,41.6565]}},{"type":"Feature","properties":{"i":0.84},"geometry":{"type":"Point","coordinates":[-85.80322,41.6565]}},{"type":"Feature","properties":{"i":0.53},"geometry":{"type":"Point","coordinates":[-85.75928,41.6565]}},{"type":"Feature","properties":{"i":1},"geometry":{"type":"Point","coordinates":[-87.16553,41.62366]}},{"type":"Feature","properties":{"i":1},"geometry":{"type":"Point","coordinates":[-87.12158,41.62366]}},{"type":"Feature","properties":{"i":1},"geometry":{"type":"Point","coordinates":[-87.07764,41.62366]}},{"type":"Feature","properties":{"i":0.83},"geometry":{"type":"Point","coordinates":[-87.03369,41.62366]}},{"type":"Feature","properties":{"i":0.77},"geometry":{"type":"Point","coordinates":[-86.98975,41.62366]}},{"type":"Feature","properties":{"i":0.11},"geometry":{"type":"Point","coordinates":[-86.9458,41.62366]}},{"type":"Feature","properties":{"i":0.13},"geometry":{"type":"Point","coordinates":[-86.90186,41.62366]}},{"type":"Feature","properties":{"i":0.12},"geometry":{"type":"Point","coordinates":[-86.85791,41.62366]}},{"type":"Feature","properties":{"i":0.29},"geometry":{"type":"Point","coordinates":[-86.81396,41.62366]}},{"type":"Feature","properties":{"i":0.48},"geometry":{"type":"Point","coordinates":[-86.77002,41.62366]}},{"type":"Feature","properties":{"i":1},"geometry":{"type":"Point","coordinates":[-86.72607,41.62366]}},{"type":"Feature","properties":{"i":1},"geometry":{"type":"Point","coordinates":[-86.68213,41.62366]}},{"type":"Feature","properties":{"i":0.07},"geometry":{"type":"Point","coordinates":[-86.59424,41.62366]}},{"type":"Feature","properties":{"i":0.09},"geometry":{"type":"Point","coordinates":[-86.55029,41.62366]}},{"type":"Feature","properties":{"i":0.12},"geometry":{"type":"Point","coordinates":[-86.41846,41.62366]}},{"type":"Feature","properties":{"i":0.28},"geometry":{"type":"Point","coordinates":[-86.37451,41.62366]}},{"type":"Feature","properties":{"i":0.65},"geometry":{"type":"Point","coordinates":[-86.33057,41.62366]}},{"type":"Feature","properties":{"i":0.89},"geometry":{"type":"Point","coordinates":[-86.28662,41.62366]}},{"type":"Feature","properties":{"i":1},"geometry":{"type":"Point","coordinates":[-86.24268,41.62366]}},{"type":"Feature","properties":{"i":0.77},"geometry":{"type":"Point","coordinates":[-86.19873,41.62366]}},{"type":"Feature","properties":{"i":0.97},"geometry":{"type":"Point","coordinates":[-86.15479,41.62366]}},{"type":"Feature","properties":{"i":0.41},"geometry":{"type":"Point","coordinates":[-86.11084,41.62366]}},{"type":"Feature","properties":{"i":0.28},"geometry":{"type":"Point","coordinates":[-86.06689,41.62366]}},{"type":"Feature","properties":{"i":0.67},"geometry":{"type":"Point","coordinates":[-86.02295,41.62366]}},{"type":"Feature","properties":{"i":0.71},"geometry":{"type":"Point","coordinates":[-85.979,41.62366]}},{"type":"Feature","properties":{"i":0.59},"geometry":{"type":"Point","coordinates":[-85.93506,41.62366]}},{"type":"Feature","properties":{"i":0.92},"geometry":{"type":"Point","coordinates":[-85.89111,41.62366]}},{"type":"Feature","properties":{"i":0.33},"geometry":{"type":"Point","coordinates":[-85.84717,41.62366]}},{"type":"Feature","properties":{"i":0.42},"geometry":{"type":"Point","coordinates":[-85.80322,41.62366]}},{"type":"Feature","properties":{"i":0.14},"geometry":{"type":"Point","coordinates":[-85.75928,41.62366]}},{"type":"Feature","properties":{"i":1},"geometry":{"type":"Point","coordinates":[-87.16553,41.5908]}},{"type":"Feature","properties":{"i":1},"geometry":{"type":"Point","coordinates":[-87.12158,41.5908]}},{"type":"Feature","properties":{"i":0.79},"geometry":{"type":"Point","coordinates":[-87.07764,41.5908]}},{"type":"Feature","properties":{"i":0.88},"geometry":{"type":"Point","coordinates":[-87.03369,41.5908]}},{"type":"Feature","properties":{"i":0.19},"geometry":{"type":"Point","coordinates":[-86.98975,41.5908]}},{"type":"Feature","properties":{"i":0.16},"geometry":{"type":"Point","coordinates":[-86.9458,41.5908]}},{"type":"Feature","properties":{"i":0.7},"geometry":{"type":"Point","coordinates":[-86.90186,41.5908]}},{"type":"Feature","properties":{"i":0.13},"geometry":{"type":"Point","coordinates":[-86.85791,41.5908]}},{"type":"Feature","properties":{"i":0.38},"geometry":{"type":"Point","coordinates":[-86.81396,41.5908]}},{"type":"Feature","properties":{"i":0.98},"geometry":{"type":"Point","coordinates":[-86.77002,41.5908]}},{"type":"Feature","properties":{"i":1},"geometry":{"type":"Point","coordinates":[-86.72607,41.5908]}},{"type":"Feature","properties":{"i":0.7},"geometry":{"type":"Point","coordinates":[-86.68213,41.5908]}},{"type":"Feature","properties":{"i":0.13},"geometry":{"type":"Point","coordinates":[-86.63818,41.5908]}},{"type":"Feature","properties":{"i":0.15},"geometry":{"type":"Point","coordinates":[-86.33057,41.5908]}},{"type":"Feature","properties":{"i":0.39},"geometry":{"type":"Point","coordinates":[-86.28662,41.5908]}},{"type":"Feature","properties":{"i":0.71},"geometry":{"type":"Point","coordinates":[-86.24268,41.5908]}},{"type":"Feature","properties":{"i":0.36},"geometry":{"type":"Point","coordinates":[-86.19873,41.5908]}},{"type":"Feature","properties":{"i":0.42},"geometry":{"type":"Point","coordinates":[-86.15479,41.5908]}},{"type":"Feature","properties":{"i":0.1},"geometry":{"type":"Point","coordinates":[-86.11084,41.5908]}},{"type":"Feature","properties":{"i":0.12},"geometry":{"type":"Point","coordinates":[-86.02295,41.5908]}},{"type":"Feature","properties":{"i":0.09},"geometry":{"type":"Point","coordinates":[-85.979,41.5908]}},{"type":"Feature","properties":{"i":0.36},"geometry":{"type":"Point","coordinates":[-85.93506,41.5908]}},{"type":"Feature","properties":{"i":0.82},"geometry":{"type":"Point","coordinates":[-85.89111,41.5908]}},{"type":"Feature","properties":{"i":1},"geometry":{"type":"Point","coordinates":[-85.84717,41.5908]}},{"type":"Feature","properties":{"i":0.84},"geometry":{"type":"Point","coordinates":[-85.80322,41.5908]}},{"type":"Feature","properties":{"i":0.15},"geometry":{"type":"Point","coordinates":[-85.75928,41.5908]}},{"type":"Feature","properties":{"i":0.98},"geometry":{"type":"Point","coordinates":[-87.16553,41.55792]}},{"type":"Feature","properties":{"i":0.92},"geometry":{"type":"Point","coordinates":[-87.12158,41.55792]}},{"type":"Feature","properties":{"i":0.63},"geometry":{"type":"Point","coordinates":[-87.07764,41.55792]}},{"type":"Feature","properties":{"i":0.83},"geometry":{"type":"Point","coordinates":[-87.03369,41.55792]}},{"type":"Feature","properties":{"i":0.25},"geometry":{"type":"Point","coordinates":[-86.98975,41.55792]}},{"type":"Feature","properties":{"i":0.22},"geometry":{"type":"Point","coordinates":[-86.9458,41.55792]}},{"type":"Feature","properties":{"i":0.47},"geometry":{"type":"Point","coordinates":[-86.90186,41.55792]}},{"type":"Feature","properties":{"i":0.1},"geometry":{"type":"Point","coordinates":[-86.72607,41.55792]}},{"type":"Feature","properties":{"i":0.11},"geometry":{"type":"Point","coordinates":[-86.59424,41.55792]}},{"type":"Feature","properties":{"i":0.08},"geometry":{"type":"Point","coordinates":[-86.55029,41.55792]}},{"type":"Feature","properties":{"i":0.08},"geometry":{"type":"Point","coordinates":[-86.41846,41.55792]}},{"type":"Feature","properties":{"i":0.04},"geometry":{"type":"Point","coordinates":[-86.33057,41.55792]}},{"type":"Feature","properties":{"i":0.22},"geometry":{"type":"Point","coordinates":[-86.28662,41.55792]}},{"type":"Feature","properties":{"i":0.25},"geometry":{"type":"Point","coordinates":[-86.24268,41.55792]}},{"type":"Feature","properties":{"i":0.03},"geometry":{"type":"Point","coordinates":[-86.19873,41.55792]}},{"type":"Feature","properties":{"i":0.1},"geometry":{"type":"Point","coordinates":[-86.06689,41.55792]}},{"type":"Feature","properties":{"i":0.15},"geometry":{"type":"Point","coordinates":[-86.02295,41.55792]}},{"type":"Feature","properties":{"i":0.56},"geometry":{"type":"Point","coordinates":[-85.979,41.55792]}},{"type":"Feature","properties":{"i":0.41},"geometry":{"type":"Point","coordinates":[-85.93506,41.55792]}},{"type":"Feature","properties":{"i":0.41},"geometry":{"type":"Point","coordinates":[-85.89111,41.55792]}},{"type":"Feature","properties":{"i":0.59},"geometry":{"type":"Point","coordinates":[-85.84717,41.55792]}},{"type":"Feature","properties":{"i":1},"geometry":{"type":"Point","coordinates":[-85.80322,41.55792]}},{"type":"Feature","properties":{"i":1},"geometry":{"type":"Point","coordinates":[-85.75928,41.55792]}},{"type":"Feature","properties":{"i":0.88},"geometry":{"type":"Point","coordinates":[-87.16553,41.52503]}},{"type":"Feature","properties":{"i":0.64},"geometry":{"type":"Point","coordinates":[-87.12158,41.52503]}},{"type":"Feature","properties":{"i":0.36},"geometry":{"type":"Point","coordinates":[-87.07764,41.52503]}},{"type":"Feature","properties":{"i":0.5},"geometry":{"type":"Point","coordinates":[-87.03369,41.52503]}},{"type":"Feature","properties":{"i":0.15},"geometry":{"type":"Point","coordinates":[-86.98975,41.52503]}},{"type":"Feature","properties":{"i":0.1},"geometry":{"type":"Point","coordinates":[-86.9458,41.52503]}},{"type":"Feature","properties":{"i":1},"geometry":{"type":"Point","coordinates":[-86.90186,41.52503]}},{"type":"Feature","properties":{"i":0.11},"geometry":{"type":"Point","coordinates":[-86.77002,41.52503]}},{"type":"Feature","properties":{"i":0.57},"geometry":{"type":"Point","coordinates":[-86.68213,41.52503]}},{"type":"Feature","properties":{"i":0.18},"geometry":{"type":"Point","coordinates":[-86.63818,41.52503]}},{"type":"Feature","properties":{"i":0.47},"geometry":{"type":"Point","coordinates":[-86.41846,41.52503]}},{"type":"Feature","properties":{"i":0.72},"geometry":{"type":"Point","coordinates":[-86.37451,41.52503]}},{"type":"Feature","properties":{"i":0.02},"geometry":{"type":"Point","coordinates":[-86.33057,41.52503]}},{"type":"Feature","properties":{"i":0.52},"geometry":{"type":"Point","coordinates":[-86.28662,41.52503]}},{"type":"Feature","properties":{"i":0.94},"geometry":{"type":"Point","coordinates":[-86.02295,41.52503]}},{"type":"Feature","properties":{"i":1},"geometry":{"type":"Point","coordinates":[-85.979,41.52503]}},{"type":"Feature","properties":{"i":0.19},"geometry":{"type":"Point","coordinates":[-85.93506,41.52503]}},{"type":"Feature","properties":{"i":0.09},"geometry":{"type":"Point","coordinates":[-85.89111,41.52503]}},{"type":"Feature","properties":{"i":0.36},"geometry":{"type":"Point","coordinates":[-85.84717,41.52503]}},{"type":"Feature","properties":{"i":0.9},"geometry":{"type":"Point","coordinates":[-85.80322,41.52503]}},{"type":"Feature","properties":{"i":0.88},"geometry":{"type":"Point","coordinates":[-85.75928,41.52503]}},{"type":"Feature","properties":{"i":0.42},"geometry":{"type":"Point","coordinates":[-87.16553,41.49212]}},{"type":"Feature","properties":{"i":0.52},"geometry":{"type":"Point","coordinates":[-87.12158,41.49212]}},{"type":"Feature","properties":{"i":0.65},"geometry":{"type":"Point","coordinates":[-87.07764,41.49212]}},{"type":"Feature","properties":{"i":0.97},"geometry":{"type":"Point","coordinates":[-87.03369,41.49212]}},{"type":"Feature","properties":{"i":0.67},"geometry":{"type":"Point","coordinates":[-86.98975,41.49212]}},{"type":"Feature","properties":{"i":0.03},"geometry":{"type":"Point","coordinates":[-86.90186,41.49212]}},{"type":"Feature","properties":{"i":0.18},"geometry":{"type":"Point","coordinates":[-86.77002,41.49212]}},{"type":"Feature","properties":{"i":0.67},"geometry":{"type":"Point","coordinates":[-86.68213,41.49212]}},{"type":"Feature","properties":{"i":0.18},"geometry":{"type":"Point","coordinates":[-86.63818,41.49212]}},{"type":"Feature","properties":{"i":0.03},"geometry":{"type":"Point","coordinates":[-86.28662,41.49212]}},{"type":"Feature","properties":{"i":0.59},"geometry":{"type":"Point","coordinates":[-86.15479,41.49212]}},{"type":"Feature","properties":{"i":0.08},"geometry":{"type":"Point","coordinates":[-86.11084,41.49212]}},{"type":"Feature","properties":{"i":0.64},"geometry":{"type":"Point","coordinates":[-85.84717,41.49212]}},{"type":"Feature","properties":{"i":0.93},"geometry":{"type":"Point","coordinates":[-85.80322,41.49212]}},{"type":"Feature","properties":{"i":0.28},"geometry":{"type":"Point","coordinates":[-85.75928,41.49212]}},{"type":"Feature","properties":{"i":0.44},"geometry":{"type":"Point","coordinates":[-87.16553,41.4592]}},{"type":"Feature","properties":{"i":0.42},"geometry":{"type":"Point","coordinates":[-87.12158,41.4592]}},{"type":"Feature","properties":{"i":1},"geometry":{"type":"Point","coordinates":[-87.07764,41.4592]}},{"type":"Feature","properties":{"i":1},"geometry":{"type":"Point","coordinates":[-87.03369,41.4592]}},{"type":"Feature","properties":{"i":0.77},"geometry":{"type":"Point","coordinates":[-86.98975,41.4592]}},{"type":"Feature","properties":{"i":0.33},"geometry":{"type":"Point","coordinates":[-86.68213,41.4592]}},{"type":"Feature","properties":{"i":0.37},"geometry":{"type":"Point","coordinates":[-86.55029,41.4592]}},{"type":"Feature","properties":{"i":0.75},"geometry":{"type":"Point","coordinates":[-86.50635,41.4592]}},{"type":"Feature","properties":{"i":0.62},"geometry":{"type":"Point","coordinates":[-86.4624,41.4592]}},{"type":"Feature","properties":{"i":0.49},"geometry":{"type":"Point","coordinates":[-86.33057,41.4592]}},{"type":"Feature","properties":{"i":0.33},"geometry":{"type":"Point","coordinates":[-86.28662,41.4592]}},{"type":"Feature","properties":{"i":0.45},"geometry":{"type":"Point","coordinates":[-86.19873,41.4592]}},{"type":"Feature","properties":{"i":1},"geometry":{"type":"Point","coordinates":[-86.15479,41.4592]}},{"type":"Feature","properties":{"i":0.37},"geometry":{"type":"Point","coordinates":[-86.11084,41.4592]}},{"type":"Feature","properties":{"i":0.35},"geometry":{"type":"Point","coordinates":[-86.06689,41.4592]}},{"type":"Feature","properties":{"i":1},"geometry":{"type":"Point","coordinates":[-86.02295,41.4592]}},{"type":"Feature","properties":{"i":0.75},"geometry":{"type":"Point","coordinates":[-85.979,41.4592]}},{"type":"Feature","properties":{"i":0.19},"geometry":{"type":"Point","coordinates":[-85.93506,41.4592]}},{"type":"Feature","properties":{"i":0.64},"geometry":{"type":"Point","coordinates":[-85.84717,41.4592]}},{"type":"Feature","properties":{"i":0.05},"geometry":{"type":"Point","coordinates":[-85.80322,41.4592]}},{"type":"Feature","properties":{"i":0.54},"geometry":{"type":"Point","coordinates":[-85.75928,41.4592]}},{"type":"Feature","properties":{"i":0.28},"geometry":{"type":"Point","coordinates":[-87.16553,41.42625]}},{"type":"Feature","properties":{"i":0.51},"geometry":{"type":"Point","coordinates":[-87.12158,41.42625]}},{"type":"Feature","properties":{"i":0.37},"geometry":{"type":"Point","coordinates":[-87.07764,41.42625]}},{"type":"Feature","properties":{"i":0.83},"geometry":{"type":"Point","coordinates":[-87.03369,41.42625]}},{"type":"Feature","properties":{"i":0.59},"geometry":{"type":"Point","coordinates":[-86.98975,41.42625]}},{"type":"Feature","properties":{"i":0.03},"geometry":{"type":"Point","coordinates":[-86.9458,41.42625]}},{"type":"Feature","properties":{"i":0.65},"geometry":{"type":"Point","coordinates":[-86.90186,41.42625]}},{"type":"Feature","properties":{"i":0.19},"geometry":{"type":"Point","coordinates":[-86.85791,41.42625]}},{"type":"Feature","properties":{"i":0.1},"geometry":{"type":"Point","coordinates":[-86.77002,41.42625]}},{"type":"Feature","properties":{"i":0.15},"geometry":{"type":"Point","coordinates":[-86.4624,41.42625]}},{"type":"Feature","properties":{"i":0.13},"geometry":{"type":"Point","coordinates":[-86.33057,41.42625]}},{"type":"Feature","properties":{"i":0.08},"geometry":{"type":"Point","coordinates":[-86.28662,41.42625]}},{"type":"Feature","properties":{"i":0.03},"geometry":{"type":"Point","coordinates":[-86.24268,41.42625]}},{"type":"Feature","properties":{"i":0.64},"geometry":{"type":"Point","coordinates":[-86.15479,41.42625]}},{"type":"Feature","properties":{"i":0.16},"geometry":{"type":"Point","coordinates":[-86.11084,41.42625]}},{"type":"Feature","properties":{"i":0.61},"geometry":{"type":"Point","coordinates":[-86.02295,41.42625]}},{"type":"Feature","properties":{"i":1},"geometry":{"type":"Point","coordinates":[-85.979,41.42625]}},{"type":"Feature","properties":{"i":0.62},"geometry":{"type":"Point","coordinates":[-85.93506,41.42625]}},{"type":"Feature","properties":{"i":0.76},"geometry":{"type":"Point","coordinates":[-85.84717,41.42625]}},{"type":"Feature","properties":{"i":0.13},"geometry":{"type":"Point","coordinates":[-85.80322,41.42625]}},{"type":"Feature","properties":{"i":0.64},"geometry":{"type":"Point","coordinates":[-85.75928,41.42625]}},{"type":"Feature","properties":{"i":0.33},"geometry":{"type":"Point","coordinates":[-87.16553,41.39329]}},{"type":"Feature","properties":{"i":0.12},"geometry":{"type":"Point","coordinates":[-87.12158,41.39329]}},{"type":"Feature","properties":{"i":0.02},"geometry":{"type":"Point","coordinates":[-87.07764,41.39329]}},{"type":"Feature","properties":{"i":0.41},"geometry":{"type":"Point","coordinates":[-87.03369,41.39329]}},{"type":"Feature","properties":{"i":0.09},"geometry":{"type":"Point","coordinates":[-86.9458,41.39329]}},{"type":"Feature","properties":{"i":0.08},"geometry":{"type":"Point","coordinates":[-86.85791,41.39329]}},{"type":"Feature","properties":{"i":0.14},"geometry":{"type":"Point","coordinates":[-86.77002,41.39329]}},{"type":"Feature","properties":{"i":0.07},"geometry":{"type":"Point","coordinates":[-86.68213,41.39329]}},{"type":"Feature","properties":{"i":0.27},"geometry":{"type":"Point","coordinates":[-86.63818,41.39329]}},{"type":"Feature","properties":{"i":0.31},"geometry":{"type":"Point","coordinates":[-86.59424,41.39329]}},{"type":"Feature","properties":{"i":0.25},"geometry":{"type":"Point","coordinates":[-86.55029,41.39329]}},{"type":"Feature","properties":{"i":0.13},"geometry":{"type":"Point","coordinates":[-86.50635,41.39329]}},{"type":"Feature","properties":{"i":0.07},"geometry":{"type":"Point","coordinates":[-86.4624,41.39329]}},{"type":"Feature","properties":{"i":0.25},"geometry":{"type":"Point","coordinates":[-86.41846,41.39329]}},{"type":"Feature","properties":{"i":0.03},"geometry":{"type":"Point","coordinates":[-86.33057,41.39329]}},{"type":"Feature","properties":{"i":0.1},"geometry":{"type":"Point","coordinates":[-86.28662,41.39329]}},{"type":"Feature","properties":{"i":0.7},"geometry":{"type":"Point","coordinates":[-85.84717,41.39329]}},{"type":"Feature","properties":{"i":0.14},"geometry":{"type":"Point","coordinates":[-85.80322,41.39329]}},{"type":"Feature","properties":{"i":0.64},"geometry":{"type":"Point","coordinates":[-85.75928,41.39329]}},{"type":"Feature","properties":{"i":0.04},"geometry":{"type":"Point","coordinates":[-87.16553,41.36032]}},{"type":"Feature","properties":{"i":0.21},"geometry":{"type":"Point","coordinates":[-87.12158,41.36032]}},{"type":"Feature","properties":{"i":0.28},"geometry":{"type":"Point","coordinates":[-87.03369,41.36032]}},{"type":"Feature","properties":{"i":0.21},"geometry":{"type":"Point","coordinates":[-86.50635,41.36032]}},{"type":"Feature","properties":{"i":0.3},"geometry":{"type":"Point","coordinates":[-86.4624,41.36032]}},{"type":"Feature","properties":{"i":0.21},"geometry":{"type":"Point","coordinates":[-86.41846,41.36032]}},{"type":"Feature","properties":{"i":0.63},"geometry":{"type":"Point","coordinates":[-86.37451,41.36032]}},{"type":"Feature","properties":{"i":1},"geometry":{"type":"Point","coordinates":[-86.33057,41.36032]}},{"type":"Feature","properties":{"i":0.61},"geometry":{"type":"Point","coordinates":[-86.28662,41.36032]}},{"type":"Feature","properties":{"i":0.23},"geometry":{"type":"Point","coordinates":[-86.24268,41.36032]}},{"type":"Feature","properties":{"i":0.38},"geometry":{"type":"Point","coordinates":[-85.979,41.36032]}},{"type":"Feature","properties":{"i":0.15},"geometry":{"type":"Point","coordinates":[-85.84717,41.36032]}},{"type":"Feature","properties":{"i":0.19},"geometry":{"type":"Point","coordinates":[-85.80322,41.36032]}},{"type":"Feature","properties":{"i":0.05},"geometry":{"type":"Point","coordinates":[-85.75928,41.36032]}},{"type":"Feature","properties":{"i":0.09},"geometry":{"type":"Point","coordinates":[-87.16553,41.32733]}},{"type":"Feature","properties":{"i":0.16},"geometry":{"type":"Point","coordinates":[-87.12158,41.32733]}},{"type":"Feature","properties":{"i":0.62},"geometry":{"type":"Point","coordinates":[-87.03369,41.32733]}},{"type":"Feature","properties":{"i":0.33},"geometry":{"type":"Point","coordinates":[-86.90186,41.32733]}},{"type":"Feature","properties":{"i":0.28},"geometry":{"type":"Point","coordinates":[-86.63818,41.32733]}},{"type":"Feature","properties":{"i":0.35},"geometry":{"type":"Point","coordinates":[-86.4624,41.32733]}},{"type":"Feature","properties":{"i":0.03},"geometry":{"type":"Point","coordinates":[-86.41846,41.32733]}},{"type":"Feature","properties":{"i":0.12},"geometry":{"type":"Point","coordinates":[-86.37451,41.32733]}},{"type":"Feature","properties":{"i":0.95},"geometry":{"type":"Point","coordinates":[-86.33057,41.32733]}},{"type":"Feature","properties":{"i":0.86},"geometry":{"type":"Point","coordinates":[-86.28662,41.32733]}},{"type":"Feature","properties":{"i":0.62},"geometry":{"type":"Point","coordinates":[-86.24268,41.32733]}},{"type":"Feature","properties":{"i":0.07},"geometry":{"type":"Point","coordinates":[-85.93506,41.32733]}},{"type":"Feature","properties":{"i":0.11},"geometry":{"type":"Point","coordinates":[-85.89111,41.32733]}},{"type":"Feature","properties":{"i":0.46},"geometry":{"type":"Point","coordinates":[-85.84717,41.32733]}},{"type":"Feature","properties":{"i":0.13},"geometry":{"type":"Point","coordinates":[-85.80322,41.32733]}},{"type":"Feature","properties":{"i":0.13},"geometry":{"type":"Point","coordinates":[-85.75928,41.32733]}},{"type":"Feature","properties":{"i":0.28},"geometry":{"type":"Point","coordinates":[-87.03369,41.29432]}},{"type":"Feature","properties":{"i":0.95},"geometry":{"type":"Point","coordinates":[-86.63818,41.29432]}},{"type":"Feature","properties":{"i":0.5},"geometry":{"type":"Point","coordinates":[-86.59424,41.29432]}},{"type":"Feature","properties":{"i":0.05},"geometry":{"type":"Point","coordinates":[-86.50635,41.29432]}},{"type":"Feature","properties":{"i":0.03},"geometry":{"type":"Point","coordinates":[-86.33057,41.29432]}},{"type":"Feature","properties":{"i":0.19},"geometry":{"type":"Point","coordinates":[-86.28662,41.29432]}},{"type":"Feature","properties":{"i":0.33},"geometry":{"type":"Point","coordinates":[-86.15479,41.29432]}},{"type":"Feature","properties":{"i":0.56},"geometry":{"type":"Point","coordinates":[-86.11084,41.29432]}},{"type":"Feature","properties":{"i":0.14},"geometry":{"type":"Point","coordinates":[-86.06689,41.29432]}},{"type":"Feature","properties":{"i":0.3},"geometry":{"type":"Point","coordinates":[-86.02295,41.29432]}},{"type":"Feature","properties":{"i":0.3},"geometry":{"type":"Point","coordinates":[-85.89111,41.29432]}},{"type":"Feature","properties":{"i":0.9},"geometry":{"type":"Point","coordinates":[-85.84717,41.29432]}},{"type":"Feature","properties":{"i":0.18},"geometry":{"type":"Point","coordinates":[-85.80322,41.29432]}},{"type":"Feature","properties":{"i":0.1},"geometry":{"type":"Point","coordinates":[-85.75928,41.29432]}},{"type":"Feature","properties":{"i":0.15},"geometry":{"type":"Point","coordinates":[-86.68213,41.26129]}},{"type":"Feature","properties":{"i":0.22},"geometry":{"type":"Point","coordinates":[-86.63818,41.26129]}},{"type":"Feature","properties":{"i":0.07},"geometry":{"type":"Point","coordinates":[-86.59424,41.26129]}},{"type":"Feature","properties":{"i":0.16},"geometry":{"type":"Point","coordinates":[-86.41846,41.26129]}},{"type":"Feature","properties":{"i":0.1},"geometry":{"type":"Point","coordinates":[-86.28662,41.26129]}},{"type":"Feature","properties":{"i":0.36},"geometry":{"type":"Point","coordinates":[-86.06689,41.26129]}},{"type":"Feature","properties":{"i":0.36},"geometry":{"type":"Point","coordinates":[-86.02295,41.26129]}},{"type":"Feature","properties":{"i":0.27},"geometry":{"type":"Point","coordinates":[-85.979,41.26129]}},{"type":"Feature","properties":{"i":0.68},"geometry":{"type":"Point","coordinates":[-85.89111,41.26129]}},{"type":"Feature","properties":{"i":0.9},"geometry":{"type":"Point","coordinates":[-85.84717,41.26129]}},{"type":"Feature","properties":{"i":0.64},"geometry":{"type":"Point","coordinates":[-85.80322,41.26129]}},{"type":"Feature","properties":{"i":0.08},"geometry":{"type":"Point","coordinates":[-85.75928,41.26129]}},{"type":"Feature","properties":{"i":0.29},"geometry":{"type":"Point","coordinates":[-87.03369,41.22825]}},{"type":"Feature","properties":{"i":0.37},"geometry":{"type":"Point","coordinates":[-86.98975,41.22825]}},{"type":"Feature","properties":{"i":0.03},"geometry":{"type":"Point","coordinates":[-86.90186,41.22825]}},{"type":"Feature","properties":{"i":0.17},"geometry":{"type":"Point","coordinates":[-86.81396,41.22825]}},{"type":"Feature","properties":{"i":0.62},"geometry":{"type":"Point","coordinates":[-86.77002,41.22825]}},{"type":"Feature","properties":{"i":0.18},"geometry":{"type":"Point","coordinates":[-86.68213,41.22825]}},{"type":"Feature","properties":{"i":0.09},"geometry":{"type":"Point","coordinates":[-86.59424,41.22825]}},{"type":"Feature","properties":{"i":0.07},"geometry":{"type":"Point","coordinates":[-86.55029,41.22825]}},{"type":"Feature","properties":{"i":0.61},"geometry":{"type":"Point","coordinates":[-86.41846,41.22825]}},{"type":"Feature","properties":{"i":0.18},"geometry":{"type":"Point","coordinates":[-86.33057,41.22825]}},{"type":"Feature","properties":{"i":0.05},"geometry":{"type":"Point","coordinates":[-86.28662,41.22825]}},{"type":"Feature","properties":{"i":0.78},"geometry":{"type":"Point","coordinates":[-86.24268,41.22825]}},{"type":"Feature","properties":{"i":0.09},"geometry":{"type":"Point","coordinates":[-86.11084,41.22825]}},{"type":"Feature","properties":{"i":0.08},"geometry":{"type":"Point","coordinates":[-85.979,41.22825]}},{"type":"Feature","properties":{"i":0.1},"geometry":{"type":"Point","coordinates":[-85.93506,41.22825]}},{"type":"Feature","properties":{"i":0.79},"geometry":{"type":"Point","coordinates":[-85.89111,41.22825]}},{"type":"Feature","properties":{"i":0.88},"geometry":{"type":"Point","coordinates":[-85.84717,41.22825]}},{"type":"Feature","properties":{"i":1},"geometry":{"type":"Point","coordinates":[-85.80322,41.22825]}},{"type":"Feature","properties":{"i":0.22},"geometry":{"type":"Point","coordinates":[-85.75928,41.22825]}},{"type":"Feature","properties":{"i":0.52},"geometry":{"type":"Point","coordinates":[-87.16553,41.19519]}},{"type":"Feature","properties":{"i":0.63},"geometry":{"type":"Point","coordinates":[-87.12158,41.19519]}},{"type":"Feature","properties":{"i":0.46},"geometry":{"type":"Point","coordinates":[-87.03369,41.19519]}},{"type":"Feature","properties":{"i":0.28},"geometry":{"type":"Point","coordinates":[-86.98975,41.19519]}},{"type":"Feature","properties":{"i":0.18},"geometry":{"type":"Point","coordinates":[-86.9458,41.19519]}},{"type":"Feature","properties":{"i":0.42},"geometry":{"type":"Point","coordinates":[-86.90186,41.19519]}},{"type":"Feature","properties":{"i":0.11},"geometry":{"type":"Point","coordinates":[-86.81396,41.19519]}},{"type":"Feature","properties":{"i":0.6},"geometry":{"type":"Point","coordinates":[-86.77002,41.19519]}},{"type":"Feature","properties":{"i":0.27},"geometry":{"type":"Point","coordinates":[-86.68213,41.19519]}},{"type":"Feature","properties":{"i":0.02},"geometry":{"type":"Point","coordinates":[-86.63818,41.19519]}},{"type":"Feature","properties":{"i":0.09},"geometry":{"type":"Point","coordinates":[-86.59424,41.19519]}},{"type":"Feature","properties":{"i":0.51},"geometry":{"type":"Point","coordinates":[-86.41846,41.19519]}},{"type":"Feature","properties":{"i":0.11},"geometry":{"type":"Point","coordinates":[-86.37451,41.19519]}},{"type":"Feature","properties":{"i":0.28},"geometry":{"type":"Point","coordinates":[-86.11084,41.19519]}},{"type":"Feature","properties":{"i":0.1},"geometry":{"type":"Point","coordinates":[-86.06689,41.19519]}},{"type":"Feature","properties":{"i":0.26},"geometry":{"type":"Point","coordinates":[-85.89111,41.19519]}},{"type":"Feature","properties":{"i":0.55},"geometry":{"type":"Point","coordinates":[-85.84717,41.19519]}},{"type":"Feature","properties":{"i":0.32},"geometry":{"type":"Point","coordinates":[-85.80322,41.19519]}},{"type":"Feature","properties":{"i":0.27},"geometry":{"type":"Point","coordinates":[-85.75928,41.19519]}},{"type":"Feature","properties":{"i":0.25},"geometry":{"type":"Point","coordinates":[-87.16553,41.16211]}},{"type":"Feature","properties":{"i":0.29},"geometry":{"type":"Point","coordinates":[-87.12158,41.16211]}},{"type":"Feature","properties":{"i":0.23},"geometry":{"type":"Point","coordinates":[-87.03369,41.16211]}},{"type":"Feature","properties":{"i":0.32},"geometry":{"type":"Point","coordinates":[-86.98975,41.16211]}},{"type":"Feature","properties":{"i":0.03},"geometry":{"type":"Point","coordinates":[-86.77002,41.16211]}},{"type":"Feature","properties":{"i":0.03},"geometry":{"type":"Point","coordinates":[-86.24268,41.16211]}},{"type":"Feature","properties":{"i":0.08},"geometry":{"type":"Point","coordinates":[-86.02295,41.16211]}},{"type":"Feature","properties":{"i":0.37},"geometry":{"type":"Point","coordinates":[-85.979,41.16211]}},{"type":"Feature","properties":{"i":0.11},"geometry":{"type":"Point","coordinates":[-85.89111,41.16211]}},{"type":"Feature","properties":{"i":0.03},"geometry":{"type":"Point","coordinates":[-85.84717,41.16211]}},{"type":"Feature","properties":{"i":0.02},"geometry":{"type":"Point","coordinates":[-87.07764,41.12902]}},{"type":"Feature","properties":{"i":0.03},"geometry":{"type":"Point","coordinates":[-86.55029,41.12902]}},{"type":"Feature","properties":{"i":0.45},"geometry":{"type":"Point","coordinates":[-86.24268,41.12902]}},{"type":"Feature","properties":{"i":0.42},"geometry":{"type":"Point","coordinates":[-85.89111,41.12902]}},{"type":"Feature","properties":{"i":0.29},"geometry":{"type":"Point","coordinates":[-87.07764,41.09591]}},{"type":"Feature","properties":{"i":0.16},"geometry":{"type":"Point","coordinates":[-86.90186,41.09591]}},{"type":"Feature","properties":{"i":0.19},"geometry":{"type":"Point","coordinates":[-86.68213,41.09591]}},{"type":"Feature","properties":{"i":0.09},"geometry":{"type":"Point","coordinates":[-86.59424,41.09591]}},{"type":"Feature","properties":{"i":0.46},"geometry":{"type":"Point","coordinates":[-86.02295,41.09591]}},{"type":"Feature","properties":{"i":0.39},"geometry":{"type":"Point","coordinates":[-85.89111,41.09591]}},{"type":"Feature","properties":{"i":0.07},"geometry":{"type":"Point","coordinates":[-85.75928,41.09591]}},{"type":"Feature","properties":{"i":0.25},"geometry":{"type":"Point","coordinates":[-87.16553,41.06279]}},{"type":"Feature","properties":{"i":0.34},"geometry":{"type":"Point","coordinates":[-86.90186,41.06279]}},{"type":"Feature","properties":{"i":0.35},"geometry":{"type":"Point","coordinates":[-86.72607,41.06279]}},{"type":"Feature","properties":{"i":0.39},"geometry":{"type":"Point","coordinates":[-86.63818,41.06279]}},{"type":"Feature","properties":{"i":0.98},"geometry":{"type":"Point","coordinates":[-86.59424,41.06279]}},{"type":"Feature","properties":{"i":0.56},"geometry":{"type":"Point","coordinates":[-86.24268,41.06279]}},{"type":"Feature","properties":{"i":1},"geometry":{"type":"Point","coordinates":[-86.19873,41.06279]}},{"type":"Feature","properties":{"i":0.16},"geometry":{"type":"Point","coordinates":[-86.15479,41.06279]}},{"type":"Feature","properties":{"i":0.31},"geometry":{"type":"Point","coordinates":[-85.89111,41.06279]}},{"type":"Feature","properties":{"i":0.16},"geometry":{"type":"Point","coordinates":[-87.16553,41.02964]}},{"type":"Feature","properties":{"i":0.24},"geometry":{"type":"Point","coordinates":[-86.98975,41.02964]}},{"type":"Feature","properties":{"i":0.27},"geometry":{"type":"Point","coordinates":[-86.9458,41.02964]}},{"type":"Feature","properties":{"i":0.18},"geometry":{"type":"Point","coordinates":[-86.90186,41.02964]}},{"type":"Feature","properties":{"i":0.59},"geometry":{"type":"Point","coordinates":[-86.59424,41.02964]}},{"type":"Feature","properties":{"i":0.3},"geometry":{"type":"Point","coordinates":[-86.41846,41.02964]}},{"type":"Feature","properties":{"i":0.66},"geometry":{"type":"Point","coordinates":[-86.19873,41.02964]}},{"type":"Feature","properties":{"i":0.65},"geometry":{"type":"Point","coordinates":[-86.02295,41.02964]}},{"type":"Feature","properties":{"i":0.15},"geometry":{"type":"Point","coordinates":[-85.75928,41.02964]}},{"type":"Feature","properties":{"i":0.43},"geometry":{"type":"Point","coordinates":[-86.98975,40.99648]}},{"type":"Feature","properties":{"i":0.47},"geometry":{"type":"Point","coordinates":[-86.90186,40.99648]}},{"type":"Feature","properties":{"i":0.23},"geometry":{"type":"Point","coordinates":[-86.85791,40.99648]}},{"type":"Feature","properties":{"i":0.29},"geometry":{"type":"Point","coordinates":[-85.84717,40.99648]}},{"type":"Feature","properties":{"i":0.76},"geometry":{"type":"Point","coordinates":[-85.80322,40.99648]}},{"type":"Feature","properties":{"i":0.73},"geometry":{"type":"Point","coordinates":[-85.75928,40.99648]}},{"type":"Feature","properties":{"i":0.07},"geometry":{"type":"Point","coordinates":[-89.05518,40.96331]}},{"type":"Feature","properties":{"i":0.04},"geometry":{"type":"Point","coordinates":[-88.96729,40.96331]}},{"type":"Feature","properties":{"i":0.13},"geometry":{"type":"Point","coordinates":[-88.35205,40.96331]}},{"type":"Feature","properties":{"i":0.42},"geometry":{"type":"Point","coordinates":[-87.9126,40.96331]}},{"type":"Feature","properties":{"i":0.11},"geometry":{"type":"Point","coordinates":[-87.73682,40.96331]}},{"type":"Feature","properties":{"i":0.32},"geometry":{"type":"Point","coordinates":[-87.64893,40.96331]}},{"type":"Feature","properties":{"i":0.41},"geometry":{"type":"Point","coordinates":[-87.4292,40.96331]}},{"type":"Feature","properties":{"i":0.78},"geometry":{"type":"Point","coordinates":[-89.49463,40.93012]}},{"type":"Feature","properties":{"i":0.27},"geometry":{"type":"Point","coordinates":[-89.2749,40.93012]}},{"type":"Feature","properties":{"i":0.92},"geometry":{"type":"Point","coordinates":[-88.65967,40.93012]}},{"type":"Feature","properties":{"i":0.28},"geometry":{"type":"Point","coordinates":[-88.61572,40.93012]}},{"type":"Feature","properties":{"i":0.1},"geometry":{"type":"Point","coordinates":[-88.22021,40.93012]}},{"type":"Feature","properties":{"i":0.42},"geometry":{"type":"Point","coordinates":[-87.95654,40.93012]}},{"type":"Feature","properties":{"i":0.57},"geometry":{"type":"Point","coordinates":[-87.9126,40.93012]}},{"type":"Feature","properties":{"i":0.38},"geometry":{"type":"Point","coordinates":[-87.47314,40.93012]}},{"type":"Feature","properties":{"i":0.48},"geometry":{"type":"Point","coordinates":[-87.4292,40.93012]}},{"type":"Feature","properties":{"i":0.84},"geometry":{"type":"Point","coordinates":[-87.34131,40.93012]}},{"type":"Feature","properties":{"i":0.19},"geometry":{"type":"Point","coordinates":[-87.25342,40.93012]}},{"type":"Feature","properties":{"i":0.51},"geometry":{"type":"Point","coordinates":[-87.20947,40.93012]}},{"type":"Feature","properties":{"i":0.28},"geometry":{"type":"Point","coordinates":[-89.53857,40.89691]}},{"type":"Feature","properties":{"i":0.89},"geometry":{"type":"Point","coordinates":[-89.49463,40.89691]}},{"type":"Feature","properties":{"i":0.08},"geometry":{"type":"Point","coordinates":[-89.2749,40.89691]}},{"type":"Feature","properties":{"i":0.91},"geometry":{"type":"Point","coordinates":[-89.05518,40.89691]}},{"type":"Feature","properties":{"i":0.62},"geometry":{"type":"Point","coordinates":[-89.01123,40.89691]}},{"type":"Feature","properties":{"i":0.12},"geometry":{"type":"Point","coordinates":[-88.87939,40.89691]}},{"type":"Feature","properties":{"i":0.81},"geometry":{"type":"Point","coordinates":[-88.65967,40.89691]}},{"type":"Feature","properties":{"i":0.96},"geometry":{"type":"Point","coordinates":[-88.61572,40.89691]}},{"type":"Feature","properties":{"i":0.22},"geometry":{"type":"Point","coordinates":[-88.396,40.89691]}},{"type":"Feature","properties":{"i":0.61},"geometry":{"type":"Point","coordinates":[-88.26416,40.89691]}},{"type":"Feature","properties":{"i":0.48},"geometry":{"type":"Point","coordinates":[-87.95654,40.89691]}},{"type":"Feature","properties":{"i":0.27},"geometry":{"type":"Point","coordinates":[-87.73682,40.89691]}},{"type":"Feature","properties":{"i":0.22},"geometry":{"type":"Point","coordinates":[-87.60498,40.89691]}},{"type":"Feature","properties":{"i":0.52},"geometry":{"type":"Point","coordinates":[-89.67041,40.86368]}},{"type":"Feature","properties":{"i":0.8},"geometry":{"type":"Point","coordinates":[-89.58252,40.86368]}},{"type":"Feature","properties":{"i":0.58},"geometry":{"type":"Point","coordinates":[-89.53857,40.86368]}},{"type":"Feature","properties":{"i":0.41},"geometry":{"type":"Point","coordinates":[-89.49463,40.86368]}},{"type":"Feature","properties":{"i":0.05},"geometry":{"type":"Point","coordinates":[-89.14307,40.86368]}},{"type":"Feature","properties":{"i":0.25},"geometry":{"type":"Point","coordinates":[-89.09912,40.86368]}},{"type":"Feature","properties":{"i":0.3},"geometry":{"type":"Point","coordinates":[-89.05518,40.86368]}},{"type":"Feature","properties":{"i":0.61},"geometry":{"type":"Point","coordinates":[-89.01123,40.86368]}},{"type":"Feature","properties":{"i":0.66},"geometry":{"type":"Point","coordinates":[-88.87939,40.86368]}},{"type":"Feature","properties":{"i":0.39},"geometry":{"type":"Point","coordinates":[-88.83545,40.86368]}},{"type":"Feature","properties":{"i":0.33},"geometry":{"type":"Point","coordinates":[-88.7915,40.86368]}},{"type":"Feature","properties":{"i":0.08},"geometry":{"type":"Point","coordinates":[-88.70361,40.86368]}},{"type":"Feature","properties":{"i":1},"geometry":{"type":"Point","coordinates":[-88.65967,40.86368]}},{"type":"Feature","properties":{"i":0.91},"geometry":{"type":"Point","coordinates":[-88.61572,40.86368]}},{"type":"Feature","properties":{"i":0.12},"geometry":{"type":"Point","coordinates":[-88.57178,40.86368]}},{"type":"Feature","properties":{"i":0.56},"geometry":{"type":"Point","coordinates":[-88.52783,40.86368]}},{"type":"Feature","properties":{"i":0.47},"geometry":{"type":"Point","coordinates":[-88.26416,40.86368]}},{"type":"Feature","properties":{"i":0.08},"geometry":{"type":"Point","coordinates":[-87.95654,40.86368]}},{"type":"Feature","properties":{"i":0.45},"geometry":{"type":"Point","coordinates":[-87.86865,40.86368]}},{"type":"Feature","properties":{"i":0.13},"geometry":{"type":"Point","coordinates":[-87.73682,40.86368]}},{"type":"Feature","properties":{"i":0.12},"geometry":{"type":"Point","coordinates":[-87.34131,40.86368]}},{"type":"Feature","properties":{"i":0.39},"geometry":{"type":"Point","coordinates":[-89.67041,40.83044]}},{"type":"Feature","properties":{"i":0.75},"geometry":{"type":"Point","coordinates":[-89.62646,40.83044]}},{"type":"Feature","properties":{"i":0.78},"geometry":{"type":"Point","coordinates":[-89.58252,40.83044]}},{"type":"Feature","properties":{"i":1},"geometry":{"type":"Point","coordinates":[-89.53857,40.83044]}},{"type":"Feature","properties":{"i":0.17},"geometry":{"type":"Point","coordinates":[-89.2749,40.83044]}},{"type":"Feature","properties":{"i":0.33},"geometry":{"type":"Point","coordinates":[-89.14307,40.83044]}},{"type":"Feature","properties":{"i":0.15},"geometry":{"type":"Point","coordinates":[-89.09912,40.83044]}},{"type":"Feature","properties":{"i":0.68},"geometry":{"type":"Point","coordinates":[-89.01123,40.83044]}},{"type":"Feature","properties":{"i":0.42},"geometry":{"type":"Point","coordinates":[-88.70361,40.83044]}},{"type":"Feature","properties":{"i":0.09},"geometry":{"type":"Point","coordinates":[-88.65967,40.83044]}},{"type":"Feature","properties":{"i":0.51},"geometry":{"type":"Point","coordinates":[-88.00049,40.83044]}},{"type":"Feature","properties":{"i":0.25},"geometry":{"type":"Point","coordinates":[-87.95654,40.83044]}},{"type":"Feature","properties":{"i":0.58},"geometry":{"type":"Point","coordinates":[-89.71436,40.79718]}},{"type":"Feature","properties":{"i":0.98},"geometry":{"type":"Point","coordinates":[-89.67041,40.79718]}},{"type":"Feature","properties":{"i":1},"geometry":{"type":"Point","coordinates":[-89.62646,40.79718]}},{"type":"Feature","properties":{"i":1},"geometry":{"type":"Point","coordinates":[-89.58252,40.79718]}},{"type":"Feature","properties":{"i":0.48},"geometry":{"type":"Point","coordinates":[-89.53857,40.79718]}},{"type":"Feature","properties":{"i":0.04},"geometry":{"type":"Point","coordinates":[-89.49463,40.79718]}},{"type":"Feature","properties":{"i":0.08},"geometry":{"type":"Point","coordinates":[-89.45068,40.79718]}},{"type":"Feature","properties":{"i":0.75},"geometry":{"type":"Point","coordinates":[-89.36279,40.79718]}},{"type":"Feature","properties":{"i":0.71},"geometry":{"type":"Point","coordinates":[-89.2749,40.79718]}},{"type":"Feature","properties":{"i":0.49},"geometry":{"type":"Point","coordinates":[-89.23096,40.79718]}},{"type":"Feature","properties":{"i":0.45},"geometry":{"type":"Point","coordinates":[-89.18701,40.79718]}},{"type":"Feature","properties":{"i":0.25},"geometry":{"type":"Point","coordinates":[-89.14307,40.79718]}},{"type":"Feature","properties":{"i":0.18},"geometry":{"type":"Point","coordinates":[-87.73682,40.79718]}},{"type":"Feature","properties":{"i":0.28},"geometry":{"type":"Point","coordinates":[-87.4292,40.79718]}},{"type":"Feature","properties":{"i":0.09},"geometry":{"type":"Point","coordinates":[-87.38525,40.79718]}},{"type":"Feature","properties":{"i":0.63},"geometry":{"type":"Point","coordinates":[-89.71436,40.7639]}},{"type":"Feature","properties":{"i":1},"geometry":{"type":"Point","coordinates":[-89.67041,40.7639]}},{"type":"Feature","properties":{"i":1},"geometry":{"type":"Point","coordinates":[-89.62646,40.7639]}},{"type":"Feature","properties":{"i":1},"geometry":{"type":"Point","coordinates":[-89.58252,40.7639]}},{"type":"Feature","properties":{"i":0.19},"geometry":{"type":"Point","coordinates":[-89.53857,40.7639]}},{"type":"Feature","properties":{"i":0.74},"geometry":{"type":"Point","coordinates":[-89.49463,40.7639]}},{"type":"Feature","properties":{"i":1},"geometry":{"type":"Point","coordinates":[-89.45068,40.7639]}},{"type":"Feature","properties":{"i":0.33},"geometry":{"type":"Point","coordinates":[-89.40674,40.7639]}},{"type":"Feature","properties":{"i":0.08},"geometry":{"type":"Point","coordinates":[-88.74756,40.7639]}},{"type":"Feature","properties":{"i":1},"geometry":{"type":"Point","coordinates":[-88.52783,40.7639]}},{"type":"Feature","properties":{"i":1},"geometry":{"type":"Point","coordinates":[-88.48389,40.7639]}},{"type":"Feature","properties":{"i":0.49},"geometry":{"type":"Point","coordinates":[-88.396,40.7639]}},{"type":"Feature","properties":{"i":0.51},"geometry":{"type":"Point","coordinates":[-88.30811,40.7639]}},{"type":"Feature","properties":{"i":0.05},"geometry":{"type":"Point","coordinates":[-88.26416,40.7639]}},{"type":"Feature","properties":{"i":0.28},"geometry":{"type":"Point","coordinates":[-88.17627,40.7639]}},{"type":"Feature","properties":{"i":0.93},"geometry":{"type":"Point","coordinates":[-88.00049,40.7639]}},{"type":"Feature","properties":{"i":0.35},"geometry":{"type":"Point","coordinates":[-87.95654,40.7639]}},{"type":"Feature","properties":{"i":0.02},"geometry":{"type":"Point","coordinates":[-87.9126,40.7639]}},{"type":"Feature","properties":{"i":0.39},"geometry":{"type":"Point","coordinates":[-87.86865,40.7639]}},{"type":"Feature","properties":{"i":0.29},"geometry":{"type":"Point","coordinates":[-87.82471,40.7639]}},{"type":"Feature","properties":{"i":0.86},"geometry":{"type":"Point","coordinates":[-87.73682,40.7639]}},{"type":"Feature","properties":{"i":0.95},"geometry":{"type":"Point","coordinates":[-87.69287,40.7639]}},{"type":"Feature","properties":{"i":0.56},"geometry":{"type":"Point","coordinates":[-87.56104,40.7639]}},{"type":"Feature","properties":{"i":0.27},"geometry":{"type":"Point","coordinates":[-87.51709,40.7639]}},{"type":"Feature","properties":{"i":0.49},"geometry":{"type":"Point","coordinates":[-87.47314,40.7639]}},{"type":"Feature","properties":{"i":0.74},"geometry":{"type":"Point","coordinates":[-87.4292,40.7639]}},{"type":"Feature","properties":{"i":0.33},"geometry":{"type":"Point","coordinates":[-87.38525,40.7639]}},{"type":"Feature","properties":{"i":0.4},"geometry":{"type":"Point","coordinates":[-87.34131,40.7639]}},{"type":"Feature","properties":{"i":0.4},"geometry":{"type":"Point","coordinates":[-87.29736,40.7639]}},{"type":"Feature","properties":{"i":0.05},"geometry":{"type":"Point","coordinates":[-89.71436,40.73061]}},{"type":"Feature","properties":{"i":0.7},"geometry":{"type":"Point","coordinates":[-89.67041,40.73061]}},{"type":"Feature","properties":{"i":1},"geometry":{"type":"Point","coordinates":[-89.62646,40.73061]}},{"type":"Feature","properties":{"i":1},"geometry":{"type":"Point","coordinates":[-89.58252,40.73061]}},{"type":"Feature","properties":{"i":0.96},"geometry":{"type":"Point","coordinates":[-89.53857,40.73061]}},{"type":"Feature","properties":{"i":0.67},"geometry":{"type":"Point","coordinates":[-89.49463,40.73061]}},{"type":"Feature","properties":{"i":0.67},"geometry":{"type":"Point","coordinates":[-89.45068,40.73061]}},{"type":"Feature","properties":{"i":0.36},"geometry":{"type":"Point","coordinates":[-89.40674,40.73061]}},{"type":"Feature","properties":{"i":0.62},"geometry":{"type":"Point","coordinates":[-89.31885,40.73061]}},{"type":"Feature","properties":{"i":0.78},"geometry":{"type":"Point","coordinates":[-89.2749,40.73061]}},{"type":"Feature","properties":{"i":0.25},"geometry":{"type":"Point","coordinates":[-89.23096,40.73061]}},{"type":"Feature","properties":{"i":0.78},"geometry":{"type":"Point","coordinates":[-89.05518,40.73061]}},{"type":"Feature","properties":{"i":1},"geometry":{"type":"Point","coordinates":[-89.01123,40.73061]}},{"type":"Feature","properties":{"i":0.78},"geometry":{"type":"Point","coordinates":[-88.96729,40.73061]}},{"type":"Feature","properties":{"i":0.48},"geometry":{"type":"Point","coordinates":[-88.87939,40.73061]}},{"type":"Feature","properties":{"i":0.51},"geometry":{"type":"Point","coordinates":[-88.74756,40.73061]}},{"type":"Feature","properties":{"i":0.58},"geometry":{"type":"Point","coordinates":[-88.70361,40.73061]}},{"type":"Feature","properties":{"i":0.79},"geometry":{"type":"Point","coordinates":[-88.52783,40.73061]}},{"type":"Feature","properties":{"i":0.53},"geometry":{"type":"Point","coordinates":[-88.48389,40.73061]}},{"type":"Feature","properties":{"i":0.77},"geometry":{"type":"Point","coordinates":[-88.396,40.73061]}},{"type":"Feature","properties":{"i":0.67},"geometry":{"type":"Point","coordinates":[-88.30811,40.73061]}},{"type":"Feature","properties":{"i":0.44},"geometry":{"type":"Point","coordinates":[-88.26416,40.73061]}},{"type":"Feature","properties":{"i":0.31},"geometry":{"type":"Point","coordinates":[-88.04443,40.73061]}},{"type":"Feature","properties":{"i":0.9},"geometry":{"type":"Point","coordinates":[-88.00049,40.73061]}},{"type":"Feature","properties":{"i":0.1},"geometry":{"type":"Point","coordinates":[-87.73682,40.73061]}},{"type":"Feature","properties":{"i":0.18},"geometry":{"type":"Point","coordinates":[-87.60498,40.73061]}},{"type":"Feature","properties":{"i":0.13},"geometry":{"type":"Point","coordinates":[-87.25342,40.73061]}},{"type":"Feature","properties":{"i":0.82},"geometry":{"type":"Point","coordinates":[-89.71436,40.6973]}},{"type":"Feature","properties":{"i":0.95},"geometry":{"type":"Point","coordinates":[-89.67041,40.6973]}},{"type":"Feature","properties":{"i":1},"geometry":{"type":"Point","coordinates":[-89.62646,40.6973]}},{"type":"Feature","properties":{"i":1},"geometry":{"type":"Point","coordinates":[-89.58252,40.6973]}},{"type":"Feature","properties":{"i":0.97},"geometry":{"type":"Point","coordinates":[-89.53857,40.6973]}},{"type":"Feature","properties":{"i":1},"geometry":{"type":"Point","coordinates":[-89.49463,40.6973]}},{"type":"Feature","properties":{"i":1},"geometry":{"type":"Point","coordinates":[-89.45068,40.6973]}},{"type":"Feature","properties":{"i":0.98},"geometry":{"type":"Point","coordinates":[-89.40674,40.6973]}},{"type":"Feature","properties":{"i":0.68},"geometry":{"type":"Point","coordinates":[-89.2749,40.6973]}},{"type":"Feature","properties":{"i":0.15},"geometry":{"type":"Point","coordinates":[-88.92334,40.6973]}},{"type":"Feature","properties":{"i":0.21},"geometry":{"type":"Point","coordinates":[-88.04443,40.6973]}},{"type":"Feature","properties":{"i":0.05},"geometry":{"type":"Point","coordinates":[-88.00049,40.6973]}},{"type":"Feature","properties":{"i":0.03},"geometry":{"type":"Point","coordinates":[-87.4292,40.6973]}},{"type":"Feature","properties":{"i":0.94},"geometry":{"type":"Point","coordinates":[-89.71436,40.66397]}},{"type":"Feature","properties":{"i":1},"geometry":{"type":"Point","coordinates":[-89.67041,40.66397]}},{"type":"Feature","properties":{"i":1},"geometry":{"type":"Point","coordinates":[-89.62646,40.66397]}},{"type":"Feature","properties":{"i":1},"geometry":{"type":"Point","coordinates":[-89.58252,40.66397]}},{"type":"Feature","properties":{"i":1},"geometry":{"type":"Point","coordinates":[-89.53857,40.66397]}},{"type":"Feature","properties":{"i":0.55},"geometry":{"type":"Point","coordinates":[-89.49463,40.66397]}},{"type":"Feature","properties":{"i":0.4},"geometry":{"type":"Point","coordinates":[-89.45068,40.66397]}},{"type":"Feature","properties":{"i":0.12},"geometry":{"type":"Point","coordinates":[-89.40674,40.66397]}},{"type":"Feature","properties":{"i":0.22},"geometry":{"type":"Point","coordinates":[-89.01123,40.66397]}},{"type":"Feature","properties":{"i":0.39},"geometry":{"type":"Point","coordinates":[-88.92334,40.66397]}},{"type":"Feature","properties":{"i":0.28},"geometry":{"type":"Point","coordinates":[-88.7915,40.66397]}},{"type":"Feature","properties":{"i":0.19},"geometry":{"type":"Point","coordinates":[-88.13232,40.66397]}},{"type":"Feature","properties":{"i":0.36},"geometry":{"type":"Point","coordinates":[-87.69287,40.66397]}},{"type":"Feature","properties":{"i":0.22},"geometry":{"type":"Point","coordinates":[-87.4292,40.66397]}},{"type":"Feature","properties":{"i":0.15},"geometry":{"type":"Point","coordinates":[-89.71436,40.63063]}},{"type":"Feature","properties":{"i":0.86},"geometry":{"type":"Point","coordinates":[-89.67041,40.63063]}},{"type":"Feature","properties":{"i":1},"geometry":{"type":"Point","coordinates":[-89.62646,40.63063]}},{"type":"Feature","properties":{"i":0.93},"geometry":{"type":"Point","coordinates":[-89.58252,40.63063]}},{"type":"Feature","properties":{"i":0.89},"geometry":{"type":"Point","coordinates":[-89.53857,40.63063]}},{"type":"Feature","properties":{"i":1},"geometry":{"type":"Point","coordinates":[-89.49463,40.63063]}},{"type":"Feature","properties":{"i":1},"geometry":{"type":"Point","coordinates":[-89.45068,40.63063]}},{"type":"Feature","properties":{"i":0.19},"geometry":{"type":"Point","coordinates":[-89.40674,40.63063]}},{"type":"Feature","properties":{"i":0.09},"geometry":{"type":"Point","coordinates":[-89.36279,40.63063]}},{"type":"Feature","properties":{"i":0.65},"geometry":{"type":"Point","coordinates":[-89.31885,40.63063]}},{"type":"Feature","properties":{"i":0.85},"geometry":{"type":"Point","coordinates":[-89.2749,40.63063]}},{"type":"Feature","properties":{"i":0.12},"geometry":{"type":"Point","coordinates":[-89.23096,40.63063]}},{"type":"Feature","properties":{"i":0.38},"geometry":{"type":"Point","coordinates":[-89.18701,40.63063]}},{"type":"Feature","properties":{"i":0.16},"geometry":{"type":"Point","coordinates":[-89.05518,40.63063]}},{"type":"Feature","properties":{"i":0.1},"geometry":{"type":"Point","coordinates":[-88.83545,40.63063]}},{"type":"Feature","properties":{"i":0.61},"geometry":{"type":"Point","coordinates":[-88.7915,40.63063]}},{"type":"Feature","properties":{"i":0.17},"geometry":{"type":"Point","coordinates":[-88.17627,40.63063]}},{"type":"Feature","properties":{"i":0.91},"geometry":{"type":"Point","coordinates":[-87.69287,40.63063]}},{"type":"Feature","properties":{"i":0.09},"geometry":{"type":"Point","coordinates":[-87.47314,40.63063]}},{"type":"Feature","properties":{"i":0.65},"geometry":{"type":"Point","coordinates":[-87.34131,40.63063]}},{"type":"Feature","properties":{"i":0.74},"geometry":{"type":"Point","coordinates":[-87.29736,40.63063]}},{"type":"Feature","properties":{"i":0.12},"geometry":{"type":"Point","coordinates":[-89.71436,40.59727]}},{"type":"Feature","properties":{"i":0.65},"geometry":{"type":"Point","coordinates":[-89.67041,40.59727]}},{"type":"Feature","properties":{"i":1},"geometry":{"type":"Point","coordinates":[-89.62646,40.59727]}},{"type":"Feature","properties":{"i":0.13},"geometry":{"type":"Point","coordinates":[-89.58252,40.59727]}},{"type":"Feature","properties":{"i":0.38},"geometry":{"type":"Point","coordinates":[-89.53857,40.59727]}},{"type":"Feature","properties":{"i":1},"geometry":{"type":"Point","coordinates":[-89.49463,40.59727]}},{"type":"Feature","properties":{"i":1},"geometry":{"type":"Point","coordinates":[-89.45068,40.59727]}},{"type":"Feature","properties":{"i":0.15},"geometry":{"type":"Point","coordinates":[-89.40674,40.59727]}},{"type":"Feature","properties":{"i":0.08},"geometry":{"type":"Point","coordinates":[-89.2749,40.59727]}},{"type":"Feature","properties":{"i":0.36},"geometry":{"type":"Point","coordinates":[-89.23096,40.59727]}},{"type":"Feature","properties":{"i":0.25},"geometry":{"type":"Point","coordinates":[-89.18701,40.59727]}},{"type":"Feature","properties":{"i":0.51},"geometry":{"type":"Point","coordinates":[-89.01123,40.59727]}},{"type":"Feature","properties":{"i":0.32},"geometry":{"type":"Point","coordinates":[-88.96729,40.59727]}},{"type":"Feature","properties":{"i":0.15},"geometry":{"type":"Point","coordinates":[-88.48389,40.59727]}},{"type":"Feature","properties":{"i":0.36},"geometry":{"type":"Point","coordinates":[-88.396,40.59727]}},{"type":"Feature","properties":{"i":0.1},"geometry":{"type":"Point","coordinates":[-88.17627,40.59727]}},{"type":"Feature","properties":{"i":0.63},"geometry":{"type":"Point","coordinates":[-88.04443,40.59727]}},{"type":"Feature","properties":{"i":0.31},"geometry":{"type":"Point","coordinates":[-87.34131,40.59727]}},{"type":"Feature","properties":{"i":0.33},"geometry":{"type":"Point","coordinates":[-87.29736,40.59727]}},{"type":"Feature","properties":{"i":0.68},"geometry":{"type":"Point","coordinates":[-89.71436,40.56389]}},{"type":"Feature","properties":{"i":1},"geometry":{"type":"Point","coordinates":[-89.67041,40.56389]}},{"type":"Feature","properties":{"i":1},"geometry":{"type":"Point","coordinates":[-89.62646,40.56389]}},{"type":"Feature","properties":{"i":0.84},"geometry":{"type":"Point","coordinates":[-89.58252,40.56389]}},{"type":"Feature","properties":{"i":0.29},"geometry":{"type":"Point","coordinates":[-89.53857,40.56389]}},{"type":"Feature","properties":{"i":0.28},"geometry":{"type":"Point","coordinates":[-89.49463,40.56389]}},{"type":"Feature","properties":{"i":0.25},"geometry":{"type":"Point","coordinates":[-89.40674,40.56389]}},{"type":"Feature","properties":{"i":0.04},"geometry":{"type":"Point","coordinates":[-89.31885,40.56389]}},{"type":"Feature","properties":{"i":0.27},"geometry":{"type":"Point","coordinates":[-89.14307,40.56389]}},{"type":"Feature","properties":{"i":1},"geometry":{"type":"Point","coordinates":[-89.01123,40.56389]}},{"type":"Feature","properties":{"i":0.6},"geometry":{"type":"Point","coordinates":[-88.96729,40.56389]}},{"type":"Feature","properties":{"i":0.54},"geometry":{"type":"Point","coordinates":[-88.92334,40.56389]}},{"type":"Feature","properties":{"i":0.88},"geometry":{"type":"Point","coordinates":[-88.87939,40.56389]}},{"type":"Feature","properties":{"i":0.71},"geometry":{"type":"Point","coordinates":[-88.61572,40.56389]}},{"type":"Feature","properties":{"i":0.03},"geometry":{"type":"Point","coordinates":[-88.52783,40.56389]}},{"type":"Feature","properties":{"i":0.32},"geometry":{"type":"Point","coordinates":[-88.35205,40.56389]}},{"type":"Feature","properties":{"i":0.54},"geometry":{"type":"Point","coordinates":[-88.26416,40.56389]}},{"type":"Feature","properties":{"i":0.11},"geometry":{"type":"Point","coordinates":[-88.22021,40.56389]}},{"type":"Feature","properties":{"i":0.4},"geometry":{"type":"Point","coordinates":[-88.04443,40.56389]}},{"type":"Feature","properties":{"i":0.57},"geometry":{"type":"Point","coordinates":[-87.9126,40.56389]}},{"type":"Feature","properties":{"i":0.75},"geometry":{"type":"Point","coordinates":[-87.86865,40.56389]}},{"type":"Feature","properties":{"i":0.09},"geometry":{"type":"Point","coordinates":[-87.4292,40.56389]}},{"type":"Feature","properties":{"i":0.33},"geometry":{"type":"Point","coordinates":[-87.25342,40.56389]}},{"type":"Feature","properties":{"i":0.74},"geometry":{"type":"Point","coordinates":[-89.71436,40.5305]}},{"type":"Feature","properties":{"i":0.85},"geometry":{"type":"Point","coordinates":[-89.67041,40.5305]}},{"type":"Feature","properties":{"i":0.57},"geometry":{"type":"Point","coordinates":[-89.62646,40.5305]}},{"type":"Feature","properties":{"i":1},"geometry":{"type":"Point","coordinates":[-89.58252,40.5305]}},{"type":"Feature","properties":{"i":0.33},"geometry":{"type":"Point","coordinates":[-89.53857,40.5305]}},{"type":"Feature","properties":{"i":0.84},"geometry":{"type":"Point","coordinates":[-89.49463,40.5305]}},{"type":"Feature","properties":{"i":0.58},"geometry":{"type":"Point","coordinates":[-89.45068,40.5305]}},{"type":"Feature","properties":{"i":0.08},"geometry":{"type":"Point","coordinates":[-89.40674,40.5305]}},{"type":"Feature","properties":{"i":0.53},"geometry":{"type":"Point","coordinates":[-89.36279,40.5305]}},{"type":"Feature","properties":{"i":0.22},"geometry":{"type":"Point","coordinates":[-89.31885,40.5305]}},{"type":"Feature","properties":{"i":0.28},"geometry":{"type":"Point","coordinates":[-89.18701,40.5305]}},{"type":"Feature","properties":{"i":1},"geometry":{"type":"Point","coordinates":[-89.05518,40.5305]}},{"type":"Feature","properties":{"i":1},"geometry":{"type":"Point","coordinates":[-89.01123,40.5305]}},{"type":"Feature","properties":{"i":1},"geometry":{"type":"Point","coordinates":[-88.96729,40.5305]}},{"type":"Feature","properties":{"i":0.78},"geometry":{"type":"Point","coordinates":[-88.92334,40.5305]}},{"type":"Feature","properties":{"i":0.19},"geometry":{"type":"Point","coordinates":[-88.87939,40.5305]}},{"type":"Feature","properties":{"i":0.28},"geometry":{"type":"Point","coordinates":[-88.08838,40.5305]}},{"type":"Feature","properties":{"i":0.23},"geometry":{"type":"Point","coordinates":[-88.04443,40.5305]}},{"type":"Feature","properties":{"i":0.19},"geometry":{"type":"Point","coordinates":[-87.9126,40.5305]}},{"type":"Feature","properties":{"i":0.49},"geometry":{"type":"Point","coordinates":[-87.51709,40.5305]}},{"type":"Feature","properties":{"i":0.63},"geometry":{"type":"Point","coordinates":[-87.38525,40.5305]}},{"type":"Feature","properties":{"i":0.74},"geometry":{"type":"Point","coordinates":[-87.25342,40.5305]}},{"type":"Feature","properties":{"i":0.61},"geometry":{"type":"Point","coordinates":[-89.67041,40.49709]}},{"type":"Feature","properties":{"i":0.35},"geometry":{"type":"Point","coordinates":[-89.62646,40.49709]}},{"type":"Feature","properties":{"i":0.25},"geometry":{"type":"Point","coordinates":[-89.49463,40.49709]}},{"type":"Feature","properties":{"i":0.03},"geometry":{"type":"Point","coordinates":[-89.14307,40.49709]}},{"type":"Feature","properties":{"i":0.42},"geometry":{"type":"Point","coordinates":[-89.09912,40.49709]}},{"type":"Feature","properties":{"i":1},"geometry":{"type":"Point","coordinates":[-89.05518,40.49709]}},{"type":"Feature","properties":{"i":1},"geometry":{"type":"Point","coordinates":[-89.01123,40.49709]}},{"type":"Feature","properties":{"i":1},"geometry":{"type":"Point","coordinates":[-88.96729,40.49709]}},{"type":"Feature","properties":{"i":1},"geometry":{"type":"Point","coordinates":[-88.92334,40.49709]}},{"type":"Feature","properties":{"i":0.78},"geometry":{"type":"Point","coordinates":[-88.87939,40.49709]}},{"type":"Feature","properties":{"i":0.46},"geometry":{"type":"Point","coordinates":[-88.08838,40.49709]}},{"type":"Feature","properties":{"i":0.13},"geometry":{"type":"Point","coordinates":[-87.51709,40.49709]}},{"type":"Feature","properties":{"i":0.37},"geometry":{"type":"Point","coordinates":[-87.47314,40.49709]}},{"type":"Feature","properties":{"i":0.5},"geometry":{"type":"Point","coordinates":[-87.38525,40.49709]}},{"type":"Feature","properties":{"i":0.31},"geometry":{"type":"Point","coordinates":[-87.25342,40.49709]}},{"type":"Feature","properties":{"i":0.09},"geometry":{"type":"Point","coordinates":[-89.67041,40.46367]}},{"type":"Feature","properties":{"i":0.24},"geometry":{"type":"Point","coordinates":[-89.45068,40.46367]}},{"type":"Feature","properties":{"i":0.51},"geometry":{"type":"Point","coordinates":[-89.05518,40.46367]}},{"type":"Feature","properties":{"i":1},"geometry":{"type":"Point","coordinates":[-89.01123,40.46367]}},{"type":"Feature","properties":{"i":1},"geometry":{"type":"Point","coordinates":[-88.96729,40.46367]}},{"type":"Feature","properties":{"i":0.9},"geometry":{"type":"Point","coordinates":[-88.92334,40.46367]}},{"type":"Feature","properties":{"i":0.84},"geometry":{"type":"Point","coordinates":[-88.87939,40.46367]}},{"type":"Feature","properties":{"i":0.3},"geometry":{"type":"Point","coordinates":[-88.61572,40.46367]}},{"type":"Feature","properties":{"i":0.89},"geometry":{"type":"Point","coordinates":[-88.396,40.46367]}},{"type":"Feature","properties":{"i":0.95},"geometry":{"type":"Point","coordinates":[-88.35205,40.46367]}},{"type":"Feature","properties":{"i":0.08},"geometry":{"type":"Point","coordinates":[-88.26416,40.46367]}},{"type":"Feature","properties":{"i":0.64},"geometry":{"type":"Point","coordinates":[-88.13232,40.46367]}},{"type":"Feature","properties":{"i":0.99},"geometry":{"type":"Point","coordinates":[-88.08838,40.46367]}},{"type":"Feature","properties":{"i":0.3},"geometry":{"type":"Point","coordinates":[-87.9126,40.46367]}},{"type":"Feature","properties":{"i":0.17},"geometry":{"type":"Point","coordinates":[-87.78076,40.46367]}},{"type":"Feature","properties":{"i":0.84},"geometry":{"type":"Point","coordinates":[-87.69287,40.46367]}},{"type":"Feature","properties":{"i":0.93},"geometry":{"type":"Point","coordinates":[-87.64893,40.46367]}},{"type":"Feature","properties":{"i":0.52},"geometry":{"type":"Point","coordinates":[-87.25342,40.46367]}},{"type":"Feature","properties":{"i":0.47},"geometry":{"type":"Point","coordinates":[-89.45068,40.43022]}},{"type":"Feature","properties":{"i":0.37},"geometry":{"type":"Point","coordinates":[-89.40674,40.43022]}},{"type":"Feature","properties":{"i":0.74},"geometry":{"type":"Point","coordinates":[-89.31885,40.43022]}},{"type":"Feature","properties":{"i":0.44},"geometry":{"type":"Point","coordinates":[-89.23096,40.43022]}},{"type":"Feature","properties":{"i":0.05},"geometry":{"type":"Point","coordinates":[-89.09912,40.43022]}},{"type":"Feature","properties":{"i":0.44},"geometry":{"type":"Point","coordinates":[-89.05518,40.43022]}},{"type":"Feature","properties":{"i":1},"geometry":{"type":"Point","coordinates":[-89.01123,40.43022]}},{"type":"Feature","properties":{"i":0.92},"geometry":{"type":"Point","coordinates":[-88.96729,40.43022]}},{"type":"Feature","properties":{"i":0.36},"geometry":{"type":"Point","coordinates":[-88.92334,40.43022]}},{"type":"Feature","properties":{"i":0.38},"geometry":{"type":"Point","coordinates":[-88.87939,40.43022]}},{"type":"Feature","properties":{"i":0.53},"geometry":{"type":"Point","coordinates":[-88.52783,40.43022]}},{"type":"Feature","properties":{"i":0.47},"geometry":{"type":"Point","coordinates":[-89.62646,40.39676]}},{"type":"Feature","properties":{"i":0.19},"geometry":{"type":"Point","coordinates":[-89.23096,40.39676]}},{"type":"Feature","properties":{"i":0.27},"geometry":{"type":"Point","coordinates":[-89.05518,40.39676]}},{"type":"Feature","properties":{"i":0.03},"geometry":{"type":"Point","coordinates":[-89.01123,40.39676]}},{"type":"Feature","properties":{"i":0.12},"geometry":{"type":"Point","coordinates":[-88.96729,40.39676]}},{"type":"Feature","properties":{"i":0.72},"geometry":{"type":"Point","coordinates":[-88.87939,40.39676]}},{"type":"Feature","properties":{"i":0.25},"geometry":{"type":"Point","coordinates":[-88.43994,40.39676]}},{"type":"Feature","properties":{"i":0.38},"geometry":{"type":"Point","coordinates":[-88.13232,40.39676]}},{"type":"Feature","properties":{"i":0.04},"geometry":{"type":"Point","coordinates":[-87.64893,40.39676]}},{"type":"Feature","properties":{"i":0.03},"geometry":{"type":"Point","coordinates":[-87.38525,40.39676]}},{"type":"Feature","properties":{"i":0.62},"geometry":{"type":"Point","coordinates":[-89.53857,40.36329]}},{"type":"Feature","properties":{"i":0.11},"geometry":{"type":"Point","coordinates":[-89.45068,40.36329]}},{"type":"Feature","properties":{"i":0.69},"geometry":{"type":"Point","coordinates":[-89.09912,40.36329]}},{"type":"Feature","properties":{"i":0.42},"geometry":{"type":"Point","coordinates":[-88.74756,40.36329]}},{"type":"Feature","properties":{"i":0.61},"geometry":{"type":"Point","coordinates":[-87.64893,40.36329]}},{"type":"Feature","properties":{"i":0.42},"geometry":{"type":"Point","coordinates":[-87.47314,40.36329]}},{"type":"Feature","properties":{"i":0.23},"geometry":{"type":"Point","coordinates":[-89.58252,40.3298]}},{"type":"Feature","properties":{"i":0.46},"geometry":{"type":"Point","coordinates":[-89.18701,40.3298]}},{"type":"Feature","properties":{"i":0.37},"geometry":{"type":"Point","coordinates":[-89.14307,40.3298]}},{"type":"Feature","properties":{"i":0.38},"geometry":{"type":"Point","coordinates":[-88.96729,40.3298]}},{"type":"Feature","properties":{"i":0.22},"geometry":{"type":"Point","coordinates":[-88.7915,40.3298]}},{"type":"Feature","properties":{"i":0.84},"geometry":{"type":"Point","coordinates":[-88.74756,40.3298]}},{"type":"Feature","properties":{"i":0.3},"geometry":{"type":"Point","coordinates":[-88.52783,40.3298]}},{"type":"Feature","properties":{"i":0.41},"geometry":{"type":"Point","coordinates":[-88.35205,40.3298]}},{"type":"Feature","properties":{"i":0.39},"geometry":{"type":"Point","coordinates":[-88.26416,40.3298]}},{"type":"Feature","properties":{"i":0.79},"geometry":{"type":"Point","coordinates":[-88.22021,40.3298]}},{"type":"Feature","properties":{"i":0.74},"geometry":{"type":"Point","coordinates":[-88.17627,40.3298]}},{"type":"Feature","properties":{"i":0.85},"geometry":{"type":"Point","coordinates":[-88.13232,40.3298]}},{"type":"Feature","properties":{"i":0.07},"geometry":{"type":"Point","coordinates":[-88.04443,40.3298]}},{"type":"Feature","properties":{"i":0.48},"geometry":{"type":"Point","coordinates":[-87.47314,40.3298]}},{"type":"Feature","properties":{"i":0.64},"geometry":{"type":"Point","coordinates":[-89.62646,40.29629]}},{"type":"Feature","properties":{"i":0.51},"geometry":{"type":"Point","coordinates":[-89.58252,40.29629]}},{"type":"Feature","properties":{"i":0.25},"geometry":{"type":"Point","coordinates":[-89.49463,40.29629]}},{"type":"Feature","properties":{"i":0.9},"geometry":{"type":"Point","coordinates":[-89.18701,40.29629]}},{"type":"Feature","properties":{"i":0.52},"geometry":{"type":"Point","coordinates":[-89.14307,40.29629]}},{"type":"Feature","properties":{"i":0.44},"geometry":{"type":"Point","coordinates":[-89.01123,40.29629]}},{"type":"Feature","properties":{"i":0.71},"geometry":{"type":"Point","coordinates":[-88.96729,40.29629]}},{"type":"Feature","properties":{"i":0.09},"geometry":{"type":"Point","coordinates":[-88.74756,40.29629]}},{"type":"Feature","properties":{"i":0.41},"geometry":{"type":"Point","coordinates":[-88.70361,40.29629]}},{"type":"Feature","properties":{"i":0.42},"geometry":{"type":"Point","coordinates":[-88.52783,40.29629]}},{"type":"Feature","properties":{"i":0.28},"geometry":{"type":"Point","coordinates":[-88.48389,40.29629]}},{"type":"Feature","properties":{"i":0.03},"geometry":{"type":"Point","coordinates":[-88.43994,40.29629]}},{"type":"Feature","properties":{"i":1},"geometry":{"type":"Point","coordinates":[-88.396,40.29629]}},{"type":"Feature","properties":{"i":0.75},"geometry":{"type":"Point","coordinates":[-88.35205,40.29629]}},{"type":"Feature","properties":{"i":0.22},"geometry":{"type":"Point","coordinates":[-88.30811,40.29629]}},{"type":"Feature","properties":{"i":0.18},"geometry":{"type":"Point","coordinates":[-88.26416,40.29629]}},{"type":"Feature","properties":{"i":0.8},"geometry":{"type":"Point","coordinates":[-88.22021,40.29629]}},{"type":"Feature","properties":{"i":1},"geometry":{"type":"Point","coordinates":[-88.17627,40.29629]}},{"type":"Feature","properties":{"i":1},"geometry":{"type":"Point","coordinates":[-88.13232,40.29629]}},{"type":"Feature","properties":{"i":0.11},"geometry":{"type":"Point","coordinates":[-88.08838,40.29629]}},{"type":"Feature","properties":{"i":0.34},"geometry":{"type":"Point","coordinates":[-88.04443,40.29629]}},{"type":"Feature","properties":{"i":0.45},"geometry":{"type":"Point","coordinates":[-88.00049,40.29629]}},{"type":"Feature","properties":{"i":0.15},"geometry":{"type":"Point","coordinates":[-87.86865,40.29629]}},{"type":"Feature","properties":{"i":0.29},"geometry":{"type":"Point","coordinates":[-87.69287,40.29629]}},{"type":"Feature","properties":{"i":0.1},"geometry":{"type":"Point","coordinates":[-87.60498,40.29629]}},{"type":"Feature","properties":{"i":0.47},"geometry":{"type":"Point","coordinates":[-87.51709,40.29629]}},{"type":"Feature","properties":{"i":0.28},"geometry":{"type":"Point","coordinates":[-87.38525,40.29629]}},{"type":"Feature","properties":{"i":0.77},"geometry":{"type":"Point","coordinates":[-87.29736,40.29629]}},{"type":"Feature","properties":{"i":0.79},"geometry":{"type":"Point","coordinates":[-87.25342,40.29629]}},{"type":"Feature","properties":{"i":0.27},"geometry":{"type":"Point","coordinates":[-87.20947,40.29629]}},{"type":"Feature","properties":{"i":0.7},"geometry":{"type":"Point","coordinates":[-89.23096,40.26276]}},{"type":"Feature","properties":{"i":0.7},"geometry":{"type":"Point","coordinates":[-88.65967,40.26276]}},{"type":"Feature","properties":{"i":0.1},"geometry":{"type":"Point","coordinates":[-88.61572,40.26276]}},{"type":"Feature","properties":{"i":0.33},"geometry":{"type":"Point","coordinates":[-88.396,40.26276]}},{"type":"Feature","properties":{"i":0.23},"geometry":{"type":"Point","coordinates":[-87.82471,40.26276]}},{"type":"Feature","properties":{"i":0.04},"geometry":{"type":"Point","coordinates":[-87.69287,40.26276]}},{"type":"Feature","properties":{"i":0.32},"geometry":{"type":"Point","coordinates":[-87.60498,40.26276]}},{"type":"Feature","properties":{"i":0.58},"geometry":{"type":"Point","coordinates":[-87.38525,40.26276]}},{"type":"Feature","properties":{"i":0.43},"geometry":{"type":"Point","coordinates":[-87.29736,40.26276]}},{"type":"Feature","properties":{"i":0.44},"geometry":{"type":"Point","coordinates":[-87.25342,40.26276]}},{"type":"Feature","properties":{"i":0.4},"geometry":{"type":"Point","coordinates":[-89.45068,40.22922]}},{"type":"Feature","properties":{"i":0.08},"geometry":{"type":"Point","coordinates":[-89.14307,40.22922]}},{"type":"Feature","properties":{"i":0.42},"geometry":{"type":"Point","coordinates":[-88.96729,40.22922]}},{"type":"Feature","properties":{"i":0.09},"geometry":{"type":"Point","coordinates":[-88.87939,40.22922]}},{"type":"Feature","properties":{"i":0.63},"geometry":{"type":"Point","coordinates":[-88.65967,40.22922]}},{"type":"Feature","properties":{"i":0.85},"geometry":{"type":"Point","coordinates":[-88.61572,40.22922]}},{"type":"Feature","properties":{"i":0.07},"geometry":{"type":"Point","coordinates":[-88.57178,40.22922]}},{"type":"Feature","properties":{"i":0.22},"geometry":{"type":"Point","coordinates":[-88.52783,40.22922]}},{"type":"Feature","properties":{"i":0.22},"geometry":{"type":"Point","coordinates":[-88.48389,40.22922]}},{"type":"Feature","properties":{"i":0.23},"geometry":{"type":"Point","coordinates":[-88.396,40.22922]}},{"type":"Feature","properties":{"i":0.1},"geometry":{"type":"Point","coordinates":[-88.35205,40.22922]}},{"type":"Feature","properties":{"i":0.59},"geometry":{"type":"Point","coordinates":[-88.17627,40.22922]}},{"type":"Feature","properties":{"i":0.08},"geometry":{"type":"Point","coordinates":[-87.82471,40.22922]}},{"type":"Feature","properties":{"i":0.05},"geometry":{"type":"Point","coordinates":[-87.64893,40.22922]}},{"type":"Feature","properties":{"i":0.18},"geometry":{"type":"Point","coordinates":[-87.60498,40.22922]}},{"type":"Feature","properties":{"i":0.62},"geometry":{"type":"Point","coordinates":[-89.71436,40.19566]}},{"type":"Feature","properties":{"i":0.24},"geometry":{"type":"Point","coordinates":[-89.67041,40.19566]}},{"type":"Feature","properties":{"i":0.45},"geometry":{"type":"Point","coordinates":[-89.58252,40.19566]}},{"type":"Feature","properties":{"i":0.1},"geometry":{"type":"Point","coordinates":[-89.40674,40.19566]}},{"type":"Feature","properties":{"i":0.12},"geometry":{"type":"Point","coordinates":[-89.31885,40.19566]}},{"type":"Feature","properties":{"i":0.05},"geometry":{"type":"Point","coordinates":[-88.96729,40.19566]}},{"type":"Feature","properties":{"i":0.14},"geometry":{"type":"Point","coordinates":[-88.7915,40.19566]}},{"type":"Feature","properties":{"i":0.48},"geometry":{"type":"Point","coordinates":[-88.52783,40.19566]}},{"type":"Feature","properties":{"i":0.33},"geometry":{"type":"Point","coordinates":[-88.48389,40.19566]}},{"type":"Feature","properties":{"i":0.37},"geometry":{"type":"Point","coordinates":[-88.43994,40.19566]}},{"type":"Feature","properties":{"i":0.95},"geometry":{"type":"Point","coordinates":[-88.396,40.19566]}},{"type":"Feature","properties":{"i":0.93},"geometry":{"type":"Point","coordinates":[-88.35205,40.19566]}},{"type":"Feature","properties":{"i":0.36},"geometry":{"type":"Point","coordinates":[-88.26416,40.19566]}},{"type":"Feature","properties":{"i":0.47},"geometry":{"type":"Point","coordinates":[-88.22021,40.19566]}},{"type":"Feature","properties":{"i":0.13},"geometry":{"type":"Point","coordinates":[-88.17627,40.19566]}},{"type":"Feature","properties":{"i":0.28},"geometry":{"type":"Point","coordinates":[-87.95654,40.19566]}},{"type":"Feature","properties":{"i":0.09},"geometry":{"type":"Point","coordinates":[-87.69287,40.19566]}},{"type":"Feature","properties":{"i":0.99},"geometry":{"type":"Point","coordinates":[-87.64893,40.19566]}},{"type":"Feature","properties":{"i":0.42},"geometry":{"type":"Point","coordinates":[-87.60498,40.19566]}},{"type":"Feature","properties":{"i":0.17},"geometry":{"type":"Point","coordinates":[-87.51709,40.19566]}},{"type":"Feature","properties":{"i":0.55},"geometry":{"type":"Point","coordinates":[-89.49463,40.16208]}},{"type":"Feature","properties":{"i":1},"geometry":{"type":"Point","coordinates":[-89.40674,40.16208]}},{"type":"Feature","properties":{"i":0.93},"geometry":{"type":"Point","coordinates":[-89.36279,40.16208]}},{"type":"Feature","properties":{"i":0.25},"geometry":{"type":"Point","coordinates":[-89.31885,40.16208]}},{"type":"Feature","properties":{"i":0.03},"geometry":{"type":"Point","coordinates":[-89.01123,40.16208]}},{"type":"Feature","properties":{"i":1},"geometry":{"type":"Point","coordinates":[-88.96729,40.16208]}},{"type":"Feature","properties":{"i":0.52},"geometry":{"type":"Point","coordinates":[-88.92334,40.16208]}},{"type":"Feature","properties":{"i":1},"geometry":{"type":"Point","coordinates":[-88.83545,40.16208]}},{"type":"Feature","properties":{"i":0.34},"geometry":{"type":"Point","coordinates":[-88.396,40.16208]}},{"type":"Feature","properties":{"i":1},"geometry":{"type":"Point","coordinates":[-88.30811,40.16208]}},{"type":"Feature","properties":{"i":1},"geometry":{"type":"Point","coordinates":[-88.26416,40.16208]}},{"type":"Feature","properties":{"i":1},"geometry":{"type":"Point","coordinates":[-88.22021,40.16208]}},{"type":"Feature","properties":{"i":0.79},"geometry":{"type":"Point","coordinates":[-88.17627,40.16208]}},{"type":"Feature","properties":{"i":0.14},"geometry":{"type":"Point","coordinates":[-87.69287,40.16208]}},{"type":"Feature","properties":{"i":0.89},"geometry":{"type":"Point","coordinates":[-87.64893,40.16208]}},{"type":"Feature","properties":{"i":0.83},"geometry":{"type":"Point","coordinates":[-87.60498,40.16208]}},{"type":"Feature","properties":{"i":0.4},"geometry":{"type":"Point","coordinates":[-87.56104,40.16208]}},{"type":"Feature","properties":{"i":0.28},"geometry":{"type":"Point","coordinates":[-87.4292,40.16208]}},{"type":"Feature","properties":{"i":0.62},"geometry":{"type":"Point","coordinates":[-89.40674,40.12849]}},{"type":"Feature","properties":{"i":1},"geometry":{"type":"Point","coordinates":[-89.36279,40.12849]}},{"type":"Feature","properties":{"i":0.21},"geometry":{"type":"Point","coordinates":[-89.31885,40.12849]}},{"type":"Feature","properties":{"i":0.05},"geometry":{"type":"Point","coordinates":[-89.18701,40.12849]}},{"type":"Feature","properties":{"i":0.25},"geometry":{"type":"Point","coordinates":[-89.01123,40.12849]}},{"type":"Feature","properties":{"i":1},"geometry":{"type":"Point","coordinates":[-88.96729,40.12849]}},{"type":"Feature","properties":{"i":0.53},"geometry":{"type":"Point","coordinates":[-88.92334,40.12849]}},{"type":"Feature","properties":{"i":0.36},"geometry":{"type":"Point","coordinates":[-88.74756,40.12849]}},{"type":"Feature","properties":{"i":0.3},"geometry":{"type":"Point","coordinates":[-88.65967,40.12849]}},{"type":"Feature","properties":{"i":0.15},"geometry":{"type":"Point","coordinates":[-88.35205,40.12849]}},{"type":"Feature","properties":{"i":1},"geometry":{"type":"Point","coordinates":[-88.30811,40.12849]}},{"type":"Feature","properties":{"i":1},"geometry":{"type":"Point","coordinates":[-88.26416,40.12849]}},{"type":"Feature","properties":{"i":1},"geometry":{"type":"Point","coordinates":[-88.22021,40.12849]}},{"type":"Feature","properties":{"i":1},"geometry":{"type":"Point","coordinates":[-88.17627,40.12849]}},{"type":"Feature","properties":{"i":0.16},"geometry":{"type":"Point","coordinates":[-88.13232,40.12849]}},{"type":"Feature","properties":{"i":0.08},"geometry":{"type":"Point","coordinates":[-88.08838,40.12849]}},{"type":"Feature","properties":{"i":0.74},"geometry":{"type":"Point","coordinates":[-88.04443,40.12849]}},{"type":"Feature","properties":{"i":0.18},"geometry":{"type":"Point","coordinates":[-88.00049,40.12849]}},{"type":"Feature","properties":{"i":0.58},"geometry":{"type":"Point","coordinates":[-87.95654,40.12849]}},{"type":"Feature","properties":{"i":0.16},"geometry":{"type":"Point","coordinates":[-87.9126,40.12849]}},{"type":"Feature","properties":{"i":0.1},"geometry":{"type":"Point","coordinates":[-87.86865,40.12849]}},{"type":"Feature","properties":{"i":0.09},"geometry":{"type":"Point","coordinates":[-87.82471,40.12849]}},{"type":"Feature","properties":{"i":1},"geometry":{"type":"Point","coordinates":[-87.78076,40.12849]}},{"type":"Feature","properties":{"i":0.4},"geometry":{"type":"Point","coordinates":[-87.73682,40.12849]}},{"type":"Feature","properties":{"i":0.78},"geometry":{"type":"Point","coordinates":[-87.69287,40.12849]}},{"type":"Feature","properties":{"i":1},"geometry":{"type":"Point","coordinates":[-87.64893,40.12849]}},{"type":"Feature","properties":{"i":1},"geometry":{"type":"Point","coordinates":[-87.60498,40.12849]}},{"type":"Feature","properties":{"i":0.99},"geometry":{"type":"Point","coordinates":[-87.56104,40.12849]}},{"type":"Feature","properties":{"i":0.76},"geometry":{"type":"Point","coordinates":[-87.51709,40.12849]}},{"type":"Feature","properties":{"i":0.64},"geometry":{"type":"Point","coordinates":[-87.47314,40.12849]}},{"type":"Feature","properties":{"i":0.92},"geometry":{"type":"Point","coordinates":[-87.4292,40.12849]}},{"type":"Feature","properties":{"i":0.84},"geometry":{"type":"Point","coordinates":[-87.38525,40.12849]}},{"type":"Feature","properties":{"i":0.67},"geometry":{"type":"Point","coordinates":[-87.25342,40.12849]}},{"type":"Feature","properties":{"i":0.38},"geometry":{"type":"Point","coordinates":[-89.71436,40.09488]}},{"type":"Feature","properties":{"i":0.11},"geometry":{"type":"Point","coordinates":[-89.58252,40.09488]}},{"type":"Feature","properties":{"i":0.42},"geometry":{"type":"Point","coordinates":[-89.40674,40.09488]}},{"type":"Feature","properties":{"i":0.21},"geometry":{"type":"Point","coordinates":[-88.96729,40.09488]}},{"type":"Feature","properties":{"i":0.35},"geometry":{"type":"Point","coordinates":[-88.61572,40.09488]}},{"type":"Feature","properties":{"i":0.15},"geometry":{"type":"Point","coordinates":[-88.52783,40.09488]}},{"type":"Feature","properties":{"i":0.05},"geometry":{"type":"Point","coordinates":[-88.48389,40.09488]}},{"type":"Feature","properties":{"i":0.28},"geometry":{"type":"Point","coordinates":[-88.35205,40.09488]}},{"type":"Feature","properties":{"i":1},"geometry":{"type":"Point","coordinates":[-88.30811,40.09488]}},{"type":"Feature","properties":{"i":1},"geometry":{"type":"Point","coordinates":[-88.26416,40.09488]}},{"type":"Feature","properties":{"i":1},"geometry":{"type":"Point","coordinates":[-88.22021,40.09488]}},{"type":"Feature","properties":{"i":0.96},"geometry":{"type":"Point","coordinates":[-88.17627,40.09488]}},{"type":"Feature","properties":{"i":0.17},"geometry":{"type":"Point","coordinates":[-88.13232,40.09488]}},{"type":"Feature","properties":{"i":0.11},"geometry":{"type":"Point","coordinates":[-88.08838,40.09488]}},{"type":"Feature","properties":{"i":0.78},"geometry":{"type":"Point","coordinates":[-88.04443,40.09488]}},{"type":"Feature","properties":{"i":0.22},"geometry":{"type":"Point","coordinates":[-88.00049,40.09488]}},{"type":"Feature","properties":{"i":0.57},"geometry":{"type":"Point","coordinates":[-87.95654,40.09488]}},{"type":"Feature","properties":{"i":0.28},"geometry":{"type":"Point","coordinates":[-87.86865,40.09488]}},{"type":"Feature","properties":{"i":0.35},"geometry":{"type":"Point","coordinates":[-87.78076,40.09488]}},{"type":"Feature","properties":{"i":0.03},"geometry":{"type":"Point","coordinates":[-87.73682,40.09488]}},{"type":"Feature","properties":{"i":0.95},"geometry":{"type":"Point","coordinates":[-87.64893,40.09488]}},{"type":"Feature","properties":{"i":0.92},"geometry":{"type":"Point","coordinates":[-87.60498,40.09488]}},{"type":"Feature","properties":{"i":0.97},"geometry":{"type":"Point","coordinates":[-87.56104,40.09488]}},{"type":"Feature","properties":{"i":0.89},"geometry":{"type":"Point","coordinates":[-87.51709,40.09488]}},{"type":"Feature","properties":{"i":0.02},"geometry":{"type":"Point","coordinates":[-87.4292,40.09488]}},{"type":"Feature","properties":{"i":0.72},"geometry":{"type":"Point","coordinates":[-87.25342,40.09488]}},{"type":"Feature","properties":{"i":0.49},"geometry":{"type":"Point","coordinates":[-87.20947,40.09488]}},{"type":"Feature","properties":{"i":0.38},"geometry":{"type":"Point","coordinates":[-89.71436,40.06126]}},{"type":"Feature","properties":{"i":0.22},"geometry":{"type":"Point","coordinates":[-89.45068,40.06126]}},{"type":"Feature","properties":{"i":0.12},"geometry":{"type":"Point","coordinates":[-89.18701,40.06126]}},{"type":"Feature","properties":{"i":0.59},"geometry":{"type":"Point","coordinates":[-88.96729,40.06126]}},{"type":"Feature","properties":{"i":0.95},"geometry":{"type":"Point","coordinates":[-88.57178,40.06126]}},{"type":"Feature","properties":{"i":0.34},"geometry":{"type":"Point","coordinates":[-88.43994,40.06126]}},{"type":"Feature","properties":{"i":1},"geometry":{"type":"Point","coordinates":[-88.30811,40.06126]}},{"type":"Feature","properties":{"i":1},"geometry":{"type":"Point","coordinates":[-88.26416,40.06126]}},{"type":"Feature","properties":{"i":0.73},"geometry":{"type":"Point","coordinates":[-88.22021,40.06126]}},{"type":"Feature","properties":{"i":0.37},"geometry":{"type":"Point","coordinates":[-88.17627,40.06126]}},{"type":"Feature","properties":{"i":0.03},"geometry":{"type":"Point","coordinates":[-88.04443,40.06126]}},{"type":"Feature","properties":{"i":0.4},"geometry":{"type":"Point","coordinates":[-87.69287,40.06126]}},{"type":"Feature","properties":{"i":0.76},"geometry":{"type":"Point","coordinates":[-87.64893,40.06126]}},{"type":"Feature","properties":{"i":0.27},"geometry":{"type":"Point","coordinates":[-87.60498,40.06126]}},{"type":"Feature","properties":{"i":0.03},"geometry":{"type":"Point","coordinates":[-87.47314,40.06126]}},{"type":"Feature","properties":{"i":0.37},"geometry":{"type":"Point","coordinates":[-87.4292,40.06126]}},{"type":"Feature","properties":{"i":0.11},"geometry":{"type":"Point","coordinates":[-89.71436,40.02761]}},{"type":"Feature","properties":{"i":0.04},"geometry":{"type":"Point","coordinates":[-89.49463,40.02761]}},{"type":"Feature","properties":{"i":0.42},"geometry":{"type":"Point","coordinates":[-89.2749,40.02761]}},{"type":"Feature","properties":{"i":0.44},"geometry":{"type":"Point","coordinates":[-88.96729,40.02761]}},{"type":"Feature","properties":{"i":0.05},"geometry":{"type":"Point","coordinates":[-88.87939,40.02761]}},{"type":"Feature","properties":{"i":0.29},"geometry":{"type":"Point","coordinates":[-88.74756,40.02761]}},{"type":"Feature","properties":{"i":0.11},"geometry":{"type":"Point","coordinates":[-88.70361,40.02761]}},{"type":"Feature","properties":{"i":0.48},"geometry":{"type":"Point","coordinates":[-88.65967,40.02761]}},{"type":"Feature","properties":{"i":0.42},"geometry":{"type":"Point","coordinates":[-88.61572,40.02761]}},{"type":"Feature","properties":{"i":1},"geometry":{"type":"Point","coordinates":[-88.57178,40.02761]}},{"type":"Feature","properties":{"i":0.28},"geometry":{"type":"Point","coordinates":[-88.396,40.02761]}},{"type":"Feature","properties":{"i":0.15},"geometry":{"type":"Point","coordinates":[-88.30811,40.02761]}},{"type":"Feature","properties":{"i":1},"geometry":{"type":"Point","coordinates":[-88.26416,40.02761]}},{"type":"Feature","properties":{"i":0.38},"geometry":{"type":"Point","coordinates":[-88.22021,40.02761]}},{"type":"Feature","properties":{"i":0.51},"geometry":{"type":"Point","coordinates":[-88.08838,40.02761]}},{"type":"Feature","properties":{"i":0.56},"geometry":{"type":"Point","coordinates":[-88.04443,40.02761]}},{"type":"Feature","properties":{"i":0.64},"geometry":{"type":"Point","coordinates":[-87.95654,40.02761]}},{"type":"Feature","properties":{"i":0.53},"geometry":{"type":"Point","coordinates":[-87.86865,40.02761]}},{"type":"Feature","properties":{"i":0.33},"geometry":{"type":"Point","coordinates":[-87.82471,40.02761]}},{"type":"Feature","properties":{"i":0.78},"geometry":{"type":"Point","coordinates":[-87.64893,40.02761]}},{"type":"Feature","properties":{"i":0.02},"geometry":{"type":"Point","coordinates":[-87.60498,40.02761]}},{"type":"Feature","properties":{"i":0.07},"geometry":{"type":"Point","coordinates":[-87.47314,40.02761]}},{"type":"Feature","properties":{"i":0.43},"geometry":{"type":"Point","coordinates":[-89.71436,39.99396]}},{"type":"Feature","properties":{"i":0.22},"geometry":{"type":"Point","coordinates":[-89.45068,39.99396]}},{"type":"Feature","properties":{"i":0.74},"geometry":{"type":"Point","coordinates":[-89.2749,39.99396]}},{"type":"Feature","properties":{"i":0.72},"geometry":{"type":"Point","coordinates":[-88.83545,39.99396]}},{"type":"Feature","properties":{"i":0.46},"geometry":{"type":"Point","coordinates":[-88.7915,39.99396]}},{"type":"Feature","properties":{"i":0.37},"geometry":{"type":"Point","coordinates":[-88.57178,39.99396]}},{"type":"Feature","properties":{"i":0.25},"geometry":{"type":"Point","coordinates":[-88.30811,39.99396]}},{"type":"Feature","properties":{"i":0.64},"geometry":{"type":"Point","coordinates":[-88.26416,39.99396]}},{"type":"Feature","properties":{"i":0.3},"geometry":{"type":"Point","coordinates":[-88.17627,39.99396]}},{"type":"Feature","properties":{"i":0.11},"geometry":{"type":"Point","coordinates":[-88.13232,39.99396]}},{"type":"Feature","properties":{"i":0.08},"geometry":{"type":"Point","coordinates":[-87.82471,39.99396]}},{"type":"Feature","properties":{"i":0.87},"geometry":{"type":"Point","coordinates":[-87.64893,39.99396]}},{"type":"Feature","properties":{"i":0.32},"geometry":{"type":"Point","coordinates":[-87.60498,39.99396]}},{"type":"Feature","properties":{"i":0.07},"geometry":{"type":"Point","coordinates":[-87.56104,39.99396]}},{"type":"Feature","properties":{"i":0.14},"geometry":{"type":"Point","coordinates":[-87.38525,39.99396]}},{"type":"Feature","properties":{"i":0.52},"geometry":{"type":"Point","coordinates":[-87.25342,39.99396]}},{"type":"Feature","properties":{"i":0.51},"geometry":{"type":"Point","coordinates":[-89.71436,39.96028]}},{"type":"Feature","properties":{"i":0.93},"geometry":{"type":"Point","coordinates":[-89.58252,39.96028]}},{"type":"Feature","properties":{"i":0.56},"geometry":{"type":"Point","coordinates":[-89.53857,39.96028]}},{"type":"Feature","properties":{"i":0.08},"geometry":{"type":"Point","coordinates":[-88.96729,39.96028]}},{"type":"Feature","properties":{"i":0.37},"geometry":{"type":"Point","coordinates":[-88.83545,39.96028]}},{"type":"Feature","properties":{"i":0.38},"geometry":{"type":"Point","coordinates":[-88.35205,39.96028]}},{"type":"Feature","properties":{"i":0.26},"geometry":{"type":"Point","coordinates":[-88.30811,39.96028]}},{"type":"Feature","properties":{"i":0.31},"geometry":{"type":"Point","coordinates":[-88.26416,39.96028]}},{"type":"Feature","properties":{"i":0.28},"geometry":{"type":"Point","coordinates":[-87.82471,39.96028]}},{"type":"Feature","properties":{"i":0.49},"geometry":{"type":"Point","coordinates":[-87.64893,39.96028]}},{"type":"Feature","properties":{"i":0.32},"geometry":{"type":"Point","coordinates":[-87.60498,39.96028]}},{"type":"Feature","properties":{"i":0.07},"geometry":{"type":"Point","coordinates":[-87.56104,39.96028]}},{"type":"Feature","properties":{"i":0.71},"geometry":{"type":"Point","coordinates":[-87.47314,39.96028]}},{"type":"Feature","properties":{"i":0.48},"geometry":{"type":"Point","coordinates":[-87.4292,39.96028]}},{"type":"Feature","properties":{"i":0.24},"geometry":{"type":"Point","coordinates":[-87.29736,39.96028]}},{"type":"Feature","properties":{"i":0.34},"geometry":{"type":"Point","coordinates":[-87.25342,39.96028]}},{"type":"Feature","properties":{"i":0.03},"geometry":{"type":"Point","coordinates":[-89.67041,39.92659]}},{"type":"Feature","properties":{"i":0.35},"geometry":{"type":"Point","coordinates":[-89.58252,39.92659]}},{"type":"Feature","properties":{"i":0.64},"geometry":{"type":"Point","coordinates":[-89.53857,39.92659]}},{"type":"Feature","properties":{"i":0.08},"geometry":{"type":"Point","coordinates":[-89.45068,39.92659]}},{"type":"Feature","properties":{"i":0.08},"geometry":{"type":"Point","coordinates":[-89.09912,39.92659]}},{"type":"Feature","properties":{"i":0.59},"geometry":{"type":"Point","coordinates":[-89.05518,39.92659]}},{"type":"Feature","properties":{"i":1},"geometry":{"type":"Point","coordinates":[-88.96729,39.92659]}},{"type":"Feature","properties":{"i":0.56},"geometry":{"type":"Point","coordinates":[-88.92334,39.92659]}},{"type":"Feature","properties":{"i":0.43},"geometry":{"type":"Point","coordinates":[-88.87939,39.92659]}},{"type":"Feature","properties":{"i":0.62},"geometry":{"type":"Point","coordinates":[-88.57178,39.92659]}},{"type":"Feature","properties":{"i":0.21},"geometry":{"type":"Point","coordinates":[-88.43994,39.92659]}},{"type":"Feature","properties":{"i":0.22},"geometry":{"type":"Point","coordinates":[-88.30811,39.92659]}},{"type":"Feature","properties":{"i":0.35},"geometry":{"type":"Point","coordinates":[-88.26416,39.92659]}},{"type":"Feature","properties":{"i":0.17},"geometry":{"type":"Point","coordinates":[-87.95654,39.92659]}},{"type":"Feature","properties":{"i":0.09},"geometry":{"type":"Point","coordinates":[-87.9126,39.92659]}},{"type":"Feature","properties":{"i":0.38},"geometry":{"type":"Point","coordinates":[-87.82471,39.92659]}},{"type":"Feature","properties":{"i":0.16},"geometry":{"type":"Point","coordinates":[-87.73682,39.92659]}},{"type":"Feature","properties":{"i":0.16},"geometry":{"type":"Point","coordinates":[-87.64893,39.92659]}},{"type":"Feature","properties":{"i":0.39},"geometry":{"type":"Point","coordinates":[-87.47314,39.92659]}},{"type":"Feature","properties":{"i":0.9},"geometry":{"type":"Point","coordinates":[-87.4292,39.92659]}},{"type":"Feature","properties":{"i":0.05},"geometry":{"type":"Point","coordinates":[-89.71436,39.89288]}},{"type":"Feature","properties":{"i":0.19},"geometry":{"type":"Point","coordinates":[-89.67041,39.89288]}},{"type":"Feature","properties":{"i":0.51},"geometry":{"type":"Point","coordinates":[-89.62646,39.89288]}},{"type":"Feature","properties":{"i":0.92},"geometry":{"type":"Point","coordinates":[-89.58252,39.89288]}},{"type":"Feature","properties":{"i":0.07},"geometry":{"type":"Point","coordinates":[-89.53857,39.89288]}},{"type":"Feature","properties":{"i":0.09},"geometry":{"type":"Point","coordinates":[-89.49463,39.89288]}},{"type":"Feature","properties":{"i":0.03},"geometry":{"type":"Point","coordinates":[-89.45068,39.89288]}},{"type":"Feature","properties":{"i":0.03},"geometry":{"type":"Point","coordinates":[-89.09912,39.89288]}},{"type":"Feature","properties":{"i":0.1},"geometry":{"type":"Point","coordinates":[-89.05518,39.89288]}},{"type":"Feature","properties":{"i":0.76},"geometry":{"type":"Point","coordinates":[-89.01123,39.89288]}},{"type":"Feature","properties":{"i":0.91},"geometry":{"type":"Point","coordinates":[-88.96729,39.89288]}},{"type":"Feature","properties":{"i":1},"geometry":{"type":"Point","coordinates":[-88.92334,39.89288]}},{"type":"Feature","properties":{"i":1},"geometry":{"type":"Point","coordinates":[-88.87939,39.89288]}},{"type":"Feature","properties":{"i":0.16},"geometry":{"type":"Point","coordinates":[-88.83545,39.89288]}},{"type":"Feature","properties":{"i":0.58},"geometry":{"type":"Point","coordinates":[-88.74756,39.89288]}},{"type":"Feature","properties":{"i":0.48},"geometry":{"type":"Point","coordinates":[-88.70361,39.89288]}},{"type":"Feature","properties":{"i":0.14},"geometry":{"type":"Point","coordinates":[-88.26416,39.89288]}},{"type":"Feature","properties":{"i":0.21},"geometry":{"type":"Point","coordinates":[-88.00049,39.89288]}},{"type":"Feature","properties":{"i":0.47},"geometry":{"type":"Point","coordinates":[-87.82471,39.89288]}},{"type":"Feature","properties":{"i":0.53},"geometry":{"type":"Point","coordinates":[-87.64893,39.89288]}},{"type":"Feature","properties":{"i":0.6},"geometry":{"type":"Point","coordinates":[-87.4292,39.89288]}},{"type":"Feature","properties":{"i":0.41},"geometry":{"type":"Point","coordinates":[-87.38525,39.89288]}},{"type":"Feature","properties":{"i":0.39},"geometry":{"type":"Point","coordinates":[-87.20947,39.89288]}},{"type":"Feature","properties":{"i":0.14},"geometry":{"type":"Point","coordinates":[-89.71436,39.85915]}},{"type":"Feature","properties":{"i":0.59},"geometry":{"type":"Point","coordinates":[-89.67041,39.85915]}},{"type":"Feature","properties":{"i":0.68},"geometry":{"type":"Point","coordinates":[-89.62646,39.85915]}},{"type":"Feature","properties":{"i":0.9},"geometry":{"type":"Point","coordinates":[-89.58252,39.85915]}},{"type":"Feature","properties":{"i":0.86},"geometry":{"type":"Point","coordinates":[-89.53857,39.85915]}},{"type":"Feature","properties":{"i":0.39},"geometry":{"type":"Point","coordinates":[-89.40674,39.85915]}},{"type":"Feature","properties":{"i":0.25},"geometry":{"type":"Point","coordinates":[-89.36279,39.85915]}},{"type":"Feature","properties":{"i":0.37},"geometry":{"type":"Point","coordinates":[-89.2749,39.85915]}},{"type":"Feature","properties":{"i":0.1},"geometry":{"type":"Point","coordinates":[-89.23096,39.85915]}},{"type":"Feature","properties":{"i":0.05},"geometry":{"type":"Point","coordinates":[-89.14307,39.85915]}},{"type":"Feature","properties":{"i":0.15},"geometry":{"type":"Point","coordinates":[-89.09912,39.85915]}},{"type":"Feature","properties":{"i":0.4},"geometry":{"type":"Point","coordinates":[-89.05518,39.85915]}},{"type":"Feature","properties":{"i":0.86},"geometry":{"type":"Point","coordinates":[-89.01123,39.85915]}},{"type":"Feature","properties":{"i":1},"geometry":{"type":"Point","coordinates":[-88.96729,39.85915]}},{"type":"Feature","properties":{"i":1},"geometry":{"type":"Point","coordinates":[-88.92334,39.85915]}},{"type":"Feature","properties":{"i":1},"geometry":{"type":"Point","coordinates":[-88.87939,39.85915]}},{"type":"Feature","properties":{"i":0.1},"geometry":{"type":"Point","coordinates":[-88.83545,39.85915]}},{"type":"Feature","properties":{"i":0.33},"geometry":{"type":"Point","coordinates":[-88.26416,39.85915]}},{"type":"Feature","properties":{"i":0.83},"geometry":{"type":"Point","coordinates":[-88.17627,39.85915]}},{"type":"Feature","properties":{"i":0.28},"geometry":{"type":"Point","coordinates":[-88.13232,39.85915]}},{"type":"Feature","properties":{"i":0.36},"geometry":{"type":"Point","coordinates":[-88.00049,39.85915]}},{"type":"Feature","properties":{"i":0.19},"geometry":{"type":"Point","coordinates":[-87.4292,39.85915]}},{"type":"Feature","properties":{"i":0.4},"geometry":{"type":"Point","coordinates":[-87.20947,39.85915]}},{"type":"Feature","properties":{"i":0.64},"geometry":{"type":"Point","coordinates":[-89.71436,39.82541]}},{"type":"Feature","properties":{"i":1},"geometry":{"type":"Point","coordinates":[-89.67041,39.82541]}},{"type":"Feature","properties":{"i":1},"geometry":{"type":"Point","coordinates":[-89.62646,39.82541]}},{"type":"Feature","properties":{"i":1},"geometry":{"type":"Point","coordinates":[-89.58252,39.82541]}},{"type":"Feature","properties":{"i":1},"geometry":{"type":"Point","coordinates":[-89.53857,39.82541]}},{"type":"Feature","properties":{"i":0.3},"geometry":{"type":"Point","coordinates":[-89.49463,39.82541]}},{"type":"Feature","properties":{"i":0.15},"geometry":{"type":"Point","coordinates":[-89.14307,39.82541]}},{"type":"Feature","properties":{"i":0.15},"geometry":{"type":"Point","coordinates":[-89.09912,39.82541]}},{"type":"Feature","properties":{"i":0.78},"geometry":{"type":"Point","coordinates":[-89.05518,39.82541]}},{"type":"Feature","properties":{"i":0.84},"geometry":{"type":"Point","coordinates":[-89.01123,39.82541]}},{"type":"Feature","properties":{"i":1},"geometry":{"type":"Point","coordinates":[-88.96729,39.82541]}},{"type":"Feature","properties":{"i":0.97},"geometry":{"type":"Point","coordinates":[-88.92334,39.82541]}},{"type":"Feature","properties":{"i":0.97},"geometry":{"type":"Point","coordinates":[-88.87939,39.82541]}},{"type":"Feature","properties":{"i":0.39},"geometry":{"type":"Point","coordinates":[-88.83545,39.82541]}},{"type":"Feature","properties":{"i":0.14},"geometry":{"type":"Point","coordinates":[-88.35205,39.82541]}},{"type":"Feature","properties":{"i":0.14},"geometry":{"type":"Point","coordinates":[-88.26416,39.82541]}},{"type":"Feature","properties":{"i":0.35},"geometry":{"type":"Point","coordinates":[-88.22021,39.82541]}},{"type":"Feature","properties":{"i":0.03},"geometry":{"type":"Point","coordinates":[-87.4292,39.82541]}},{"type":"Feature","properties":{"i":0.21},"geometry":{"type":"Point","coordinates":[-87.25342,39.82541]}},{"type":"Feature","properties":{"i":0.91},"geometry":{"type":"Point","coordinates":[-89.71436,39.79165]}},{"type":"Feature","properties":{"i":1},"geometry":{"type":"Point","coordinates":[-89.67041,39.79165]}},{"type":"Feature","properties":{"i":1},"geometry":{"type":"Point","coordinates":[-89.62646,39.79165]}},{"type":"Feature","properties":{"i":1},"geometry":{"type":"Point","coordinates":[-89.58252,39.79165]}},{"type":"Feature","properties":{"i":0.24},"geometry":{"type":"Point","coordinates":[-89.53857,39.79165]}},{"type":"Feature","properties":{"i":0.16},"geometry":{"type":"Point","coordinates":[-89.49463,39.79165]}},{"type":"Feature","properties":{"i":0.19},"geometry":{"type":"Point","coordinates":[-89.45068,39.79165]}},{"type":"Feature","properties":{"i":0.38},"geometry":{"type":"Point","coordinates":[-89.40674,39.79165]}},{"type":"Feature","properties":{"i":0.02},"geometry":{"type":"Point","coordinates":[-89.14307,39.79165]}},{"type":"Feature","properties":{"i":0.11},"geometry":{"type":"Point","coordinates":[-89.05518,39.79165]}},{"type":"Feature","properties":{"i":0.12},"geometry":{"type":"Point","coordinates":[-89.01123,39.79165]}},{"type":"Feature","properties":{"i":0.71},"geometry":{"type":"Point","coordinates":[-88.96729,39.79165]}},{"type":"Feature","properties":{"i":0.53},"geometry":{"type":"Point","coordinates":[-88.92334,39.79165]}},{"type":"Feature","properties":{"i":0.87},"geometry":{"type":"Point","coordinates":[-88.87939,39.79165]}},{"type":"Feature","properties":{"i":0.38},"geometry":{"type":"Point","coordinates":[-88.83545,39.79165]}},{"type":"Feature","properties":{"i":0.09},"geometry":{"type":"Point","coordinates":[-88.7915,39.79165]}},{"type":"Feature","properties":{"i":0.19},"geometry":{"type":"Point","coordinates":[-88.61572,39.79165]}},{"type":"Feature","properties":{"i":0.27},"geometry":{"type":"Point","coordinates":[-88.57178,39.79165]}},{"type":"Feature","properties":{"i":0.26},"geometry":{"type":"Point","coordinates":[-88.52783,39.79165]}},{"type":"Feature","properties":{"i":0.44},"geometry":{"type":"Point","coordinates":[-88.48389,39.79165]}},{"type":"Feature","properties":{"i":0.55},"geometry":{"type":"Point","coordinates":[-88.43994,39.79165]}},{"type":"Feature","properties":{"i":0.9},"geometry":{"type":"Point","coordinates":[-88.35205,39.79165]}},{"type":"Feature","properties":{"i":0.84},"geometry":{"type":"Point","coordinates":[-88.30811,39.79165]}},{"type":"Feature","properties":{"i":1},"geometry":{"type":"Point","coordinates":[-88.26416,39.79165]}},{"type":"Feature","properties":{"i":0.63},"geometry":{"type":"Point","coordinates":[-88.22021,39.79165]}},{"type":"Feature","properties":{"i":0.39},"geometry":{"type":"Point","coordinates":[-88.17627,39.79165]}},{"type":"Feature","properties":{"i":0.45},"geometry":{"type":"Point","coordinates":[-88.00049,39.79165]}},{"type":"Feature","properties":{"i":0.27},"geometry":{"type":"Point","coordinates":[-87.86865,39.79165]}},{"type":"Feature","properties":{"i":0.24},"geometry":{"type":"Point","coordinates":[-87.78076,39.79165]}},{"type":"Feature","properties":{"i":0.51},"geometry":{"type":"Point","coordinates":[-87.69287,39.79165]}},{"type":"Feature","properties":{"i":0.28},"geometry":{"type":"Point","coordinates":[-87.64893,39.79165]}},{"type":"Feature","properties":{"i":0.34},"geometry":{"type":"Point","coordinates":[-87.51709,39.79165]}},{"type":"Feature","properties":{"i":0.49},"geometry":{"type":"Point","coordinates":[-87.47314,39.79165]}},{"type":"Feature","properties":{"i":0.58},"geometry":{"type":"Point","coordinates":[-87.38525,39.79165]}},{"type":"Feature","properties":{"i":0.27},"geometry":{"type":"Point","coordinates":[-87.34131,39.79165]}},{"type":"Feature","properties":{"i":0.94},"geometry":{"type":"Point","coordinates":[-87.25342,39.79165]}},{"type":"Feature","properties":{"i":0.36},"geometry":{"type":"Point","coordinates":[-87.20947,39.79165]}},{"type":"Feature","properties":{"i":0.81},"geometry":{"type":"Point","coordinates":[-87.16553,40.96331]}},{"type":"Feature","properties":{"i":0.46},"geometry":{"type":"Point","coordinates":[-87.12158,40.96331]}},{"type":"Feature","properties":{"i":0.69},"geometry":{"type":"Point","coordinates":[-86.90186,40.96331]}},{"type":"Feature","properties":{"i":0.15},"geometry":{"type":"Point","coordinates":[-86.85791,40.96331]}},{"type":"Feature","properties":{"i":0.02},"geometry":{"type":"Point","coordinates":[-86.77002,40.96331]}},{"type":"Feature","properties":{"i":0.17},"geometry":{"type":"Point","coordinates":[-86.55029,40.96331]}},{"type":"Feature","properties":{"i":0.02},"geometry":{"type":"Point","coordinates":[-86.19873,40.96331]}},{"type":"Feature","properties":{"i":0.08},"geometry":{"type":"Point","coordinates":[-86.11084,40.96331]}},{"type":"Feature","properties":{"i":0.12},"geometry":{"type":"Point","coordinates":[-85.84717,40.96331]}},{"type":"Feature","properties":{"i":1},"geometry":{"type":"Point","coordinates":[-87.16553,40.93012]}},{"type":"Feature","properties":{"i":0.93},"geometry":{"type":"Point","coordinates":[-87.12158,40.93012]}},{"type":"Feature","properties":{"i":0.53},"geometry":{"type":"Point","coordinates":[-87.07764,40.93012]}},{"type":"Feature","properties":{"i":0.33},"geometry":{"type":"Point","coordinates":[-86.98975,40.93012]}},{"type":"Feature","properties":{"i":0.35},"geometry":{"type":"Point","coordinates":[-86.24268,40.93012]}},{"type":"Feature","properties":{"i":0.56},"geometry":{"type":"Point","coordinates":[-85.80322,40.93012]}},{"type":"Feature","properties":{"i":0.16},"geometry":{"type":"Point","coordinates":[-85.75928,40.93012]}},{"type":"Feature","properties":{"i":0.22},"geometry":{"type":"Point","coordinates":[-87.16553,40.89691]}},{"type":"Feature","properties":{"i":0.38},"geometry":{"type":"Point","coordinates":[-86.81396,40.89691]}},{"type":"Feature","properties":{"i":0.18},"geometry":{"type":"Point","coordinates":[-86.72607,40.89691]}},{"type":"Feature","properties":{"i":0.37},"geometry":{"type":"Point","coordinates":[-86.68213,40.89691]}},{"type":"Feature","properties":{"i":0.39},"geometry":{"type":"Point","coordinates":[-86.4624,40.89691]}},{"type":"Feature","properties":{"i":0.29},"geometry":{"type":"Point","coordinates":[-86.28662,40.89691]}},{"type":"Feature","properties":{"i":0.02},"geometry":{"type":"Point","coordinates":[-85.93506,40.89691]}},{"type":"Feature","properties":{"i":0.33},"geometry":{"type":"Point","coordinates":[-87.16553,40.86368]}},{"type":"Feature","properties":{"i":0.27},"geometry":{"type":"Point","coordinates":[-86.98975,40.86368]}},{"type":"Feature","properties":{"i":0.41},"geometry":{"type":"Point","coordinates":[-86.90186,40.86368]}},{"type":"Feature","properties":{"i":0.97},"geometry":{"type":"Point","coordinates":[-86.85791,40.86368]}},{"type":"Feature","properties":{"i":0.1},"geometry":{"type":"Point","coordinates":[-86.77002,40.86368]}},{"type":"Feature","properties":{"i":0.55},"geometry":{"type":"Point","coordinates":[-86.50635,40.86368]}},{"type":"Feature","properties":{"i":0.22},"geometry":{"type":"Point","coordinates":[-86.90186,40.83044]}},{"type":"Feature","properties":{"i":0.59},"geometry":{"type":"Point","coordinates":[-86.85791,40.83044]}},{"type":"Feature","properties":{"i":0.07},"geometry":{"type":"Point","coordinates":[-86.81396,40.83044]}},{"type":"Feature","properties":{"i":0.41},"geometry":{"type":"Point","coordinates":[-86.77002,40.83044]}},{"type":"Feature","properties":{"i":0.15},"geometry":{"type":"Point","coordinates":[-86.55029,40.83044]}},{"type":"Feature","properties":{"i":0.16},"geometry":{"type":"Point","coordinates":[-86.11084,40.83044]}},{"type":"Feature","properties":{"i":0.03},"geometry":{"type":"Point","coordinates":[-85.89111,40.83044]}},{"type":"Feature","properties":{"i":0.73},"geometry":{"type":"Point","coordinates":[-85.84717,40.83044]}},{"type":"Feature","properties":{"i":0.69},"geometry":{"type":"Point","coordinates":[-85.80322,40.83044]}},{"type":"Feature","properties":{"i":0.13},"geometry":{"type":"Point","coordinates":[-85.75928,40.83044]}},{"type":"Feature","properties":{"i":0.36},"geometry":{"type":"Point","coordinates":[-87.16553,40.79718]}},{"type":"Feature","properties":{"i":0.16},"geometry":{"type":"Point","coordinates":[-86.81396,40.79718]}},{"type":"Feature","properties":{"i":0.35},"geometry":{"type":"Point","coordinates":[-86.77002,40.79718]}},{"type":"Feature","properties":{"i":0.28},"geometry":{"type":"Point","coordinates":[-86.15479,40.79718]}},{"type":"Feature","properties":{"i":0.85},"geometry":{"type":"Point","coordinates":[-86.11084,40.79718]}},{"type":"Feature","properties":{"i":0.03},"geometry":{"type":"Point","coordinates":[-86.06689,40.79718]}},{"type":"Feature","properties":{"i":0.14},"geometry":{"type":"Point","coordinates":[-86.02295,40.79718]}},{"type":"Feature","properties":{"i":0.07},"geometry":{"type":"Point","coordinates":[-85.93506,40.79718]}},{"type":"Feature","properties":{"i":0.94},"geometry":{"type":"Point","coordinates":[-85.89111,40.79718]}},{"type":"Feature","properties":{"i":0.77},"geometry":{"type":"Point","coordinates":[-85.84717,40.79718]}},{"type":"Feature","properties":{"i":1},"geometry":{"type":"Point","coordinates":[-85.80322,40.79718]}},{"type":"Feature","properties":{"i":0.05},"geometry":{"type":"Point","coordinates":[-85.75928,40.79718]}},{"type":"Feature","properties":{"i":0.7},"geometry":{"type":"Point","coordinates":[-87.16553,40.7639]}},{"type":"Feature","properties":{"i":1},"geometry":{"type":"Point","coordinates":[-87.12158,40.7639]}},{"type":"Feature","properties":{"i":0.53},"geometry":{"type":"Point","coordinates":[-87.07764,40.7639]}},{"type":"Feature","properties":{"i":0.57},"geometry":{"type":"Point","coordinates":[-87.03369,40.7639]}},{"type":"Feature","properties":{"i":0.18},"geometry":{"type":"Point","coordinates":[-86.98975,40.7639]}},{"type":"Feature","properties":{"i":0.52},"geometry":{"type":"Point","coordinates":[-86.85791,40.7639]}},{"type":"Feature","properties":{"i":0.97},"geometry":{"type":"Point","coordinates":[-86.77002,40.7639]}},{"type":"Feature","properties":{"i":0.14},"geometry":{"type":"Point","coordinates":[-86.72607,40.7639]}},{"type":"Feature","properties":{"i":0.27},"geometry":{"type":"Point","coordinates":[-86.68213,40.7639]}},{"type":"Feature","properties":{"i":0.17},"geometry":{"type":"Point","coordinates":[-86.63818,40.7639]}},{"type":"Feature","properties":{"i":0.15},"geometry":{"type":"Point","coordinates":[-86.59424,40.7639]}},{"type":"Feature","properties":{"i":0.12},"geometry":{"type":"Point","coordinates":[-86.4624,40.7639]}},{"type":"Feature","properties":{"i":0.07},"geometry":{"type":"Point","coordinates":[-86.41846,40.7639]}},{"type":"Feature","properties":{"i":0.9},"geometry":{"type":"Point","coordinates":[-86.37451,40.7639]}},{"type":"Feature","properties":{"i":0.92},"geometry":{"type":"Point","coordinates":[-86.33057,40.7639]}},{"type":"Feature","properties":{"i":0.73},"geometry":{"type":"Point","coordinates":[-86.28662,40.7639]}},{"type":"Feature","properties":{"i":0.04},"geometry":{"type":"Point","coordinates":[-86.24268,40.7639]}},{"type":"Feature","properties":{"i":0.33},"geometry":{"type":"Point","coordinates":[-86.15479,40.7639]}},{"type":"Feature","properties":{"i":0.84},"geometry":{"type":"Point","coordinates":[-86.11084,40.7639]}},{"type":"Feature","properties":{"i":1},"geometry":{"type":"Point","coordinates":[-86.06689,40.7639]}},{"type":"Feature","properties":{"i":0.3},"geometry":{"type":"Point","coordinates":[-86.02295,40.7639]}},{"type":"Feature","properties":{"i":0.11},"geometry":{"type":"Point","coordinates":[-85.84717,40.7639]}},{"type":"Feature","properties":{"i":0.79},"geometry":{"type":"Point","coordinates":[-85.80322,40.7639]}},{"type":"Feature","properties":{"i":0.81},"geometry":{"type":"Point","coordinates":[-87.12158,40.73061]}},{"type":"Feature","properties":{"i":0.25},"geometry":{"type":"Point","coordinates":[-87.07764,40.73061]}},{"type":"Feature","properties":{"i":0.09},"geometry":{"type":"Point","coordinates":[-87.03369,40.73061]}},{"type":"Feature","properties":{"i":0.58},"geometry":{"type":"Point","coordinates":[-86.85791,40.73061]}},{"type":"Feature","properties":{"i":0.49},"geometry":{"type":"Point","coordinates":[-86.81396,40.73061]}},{"type":"Feature","properties":{"i":1},"geometry":{"type":"Point","coordinates":[-86.77002,40.73061]}},{"type":"Feature","properties":{"i":0.19},"geometry":{"type":"Point","coordinates":[-86.72607,40.73061]}},{"type":"Feature","properties":{"i":0.52},"geometry":{"type":"Point","coordinates":[-86.4624,40.73061]}},{"type":"Feature","properties":{"i":0.88},"geometry":{"type":"Point","coordinates":[-86.41846,40.73061]}},{"type":"Feature","properties":{"i":0.92},"geometry":{"type":"Point","coordinates":[-86.37451,40.73061]}},{"type":"Feature","properties":{"i":0.86},"geometry":{"type":"Point","coordinates":[-86.33057,40.73061]}},{"type":"Feature","properties":{"i":0.28},"geometry":{"type":"Point","coordinates":[-86.28662,40.73061]}},{"type":"Feature","properties":{"i":1},"geometry":{"type":"Point","coordinates":[-86.11084,40.73061]}},{"type":"Feature","properties":{"i":1},"geometry":{"type":"Point","coordinates":[-86.06689,40.73061]}},{"type":"Feature","properties":{"i":0.83},"geometry":{"type":"Point","coordinates":[-86.02295,40.73061]}},{"type":"Feature","properties":{"i":0.08},"geometry":{"type":"Point","coordinates":[-85.979,40.73061]}},{"type":"Feature","properties":{"i":0.08},"geometry":{"type":"Point","coordinates":[-85.93506,40.73061]}},{"type":"Feature","properties":{"i":0.11},"geometry":{"type":"Point","coordinates":[-85.80322,40.73061]}},{"type":"Feature","properties":{"i":0.33},"geometry":{"type":"Point","coordinates":[-85.75928,40.73061]}},{"type":"Feature","properties":{"i":0.42},"geometry":{"type":"Point","coordinates":[-86.77002,40.6973]}},{"type":"Feature","properties":{"i":0.1},"geometry":{"type":"Point","coordinates":[-86.72607,40.6973]}},{"type":"Feature","properties":{"i":0.35},"geometry":{"type":"Point","coordinates":[-86.4624,40.6973]}},{"type":"Feature","properties":{"i":0.48},"geometry":{"type":"Point","coordinates":[-86.41846,40.6973]}},{"type":"Feature","properties":{"i":0.63},"geometry":{"type":"Point","coordinates":[-86.37451,40.6973]}},{"type":"Feature","properties":{"i":0.16},"geometry":{"type":"Point","coordinates":[-86.15479,40.6973]}},{"type":"Feature","properties":{"i":0.11},"geometry":{"type":"Point","coordinates":[-86.11084,40.6973]}},{"type":"Feature","properties":{"i":0.03},"geometry":{"type":"Point","coordinates":[-85.979,40.6973]}},{"type":"Feature","properties":{"i":0.07},"geometry":{"type":"Point","coordinates":[-85.93506,40.6973]}},{"type":"Feature","properties":{"i":0.15},"geometry":{"type":"Point","coordinates":[-85.75928,40.6973]}},{"type":"Feature","properties":{"i":0.46},"geometry":{"type":"Point","coordinates":[-87.03369,40.66397]}},{"type":"Feature","properties":{"i":0.45},"geometry":{"type":"Point","coordinates":[-86.85791,40.66397]}},{"type":"Feature","properties":{"i":0.32},"geometry":{"type":"Point","coordinates":[-86.77002,40.66397]}},{"type":"Feature","properties":{"i":0.81},"geometry":{"type":"Point","coordinates":[-86.24268,40.66397]}},{"type":"Feature","properties":{"i":1},"geometry":{"type":"Point","coordinates":[-86.15479,40.66397]}},{"type":"Feature","properties":{"i":1},"geometry":{"type":"Point","coordinates":[-86.11084,40.66397]}},{"type":"Feature","properties":{"i":0.6},"geometry":{"type":"Point","coordinates":[-86.06689,40.66397]}},{"type":"Feature","properties":{"i":0.19},"geometry":{"type":"Point","coordinates":[-85.89111,40.66397]}},{"type":"Feature","properties":{"i":0.49},"geometry":{"type":"Point","coordinates":[-86.85791,40.63063]}},{"type":"Feature","properties":{"i":0.53},"geometry":{"type":"Point","coordinates":[-86.24268,40.63063]}},{"type":"Feature","properties":{"i":0.15},"geometry":{"type":"Point","coordinates":[-86.19873,40.63063]}},{"type":"Feature","properties":{"i":1},"geometry":{"type":"Point","coordinates":[-86.15479,40.63063]}},{"type":"Feature","properties":{"i":0.88},"geometry":{"type":"Point","coordinates":[-86.11084,40.63063]}},{"type":"Feature","properties":{"i":0.02},"geometry":{"type":"Point","coordinates":[-87.03369,40.59727]}},{"type":"Feature","properties":{"i":0.64},"geometry":{"type":"Point","coordinates":[-86.85791,40.59727]}},{"type":"Feature","properties":{"i":0.16},"geometry":{"type":"Point","coordinates":[-86.72607,40.59727]}},{"type":"Feature","properties":{"i":0.74},"geometry":{"type":"Point","coordinates":[-86.68213,40.59727]}},{"type":"Feature","properties":{"i":0.64},"geometry":{"type":"Point","coordinates":[-86.63818,40.59727]}},{"type":"Feature","properties":{"i":0.15},"geometry":{"type":"Point","coordinates":[-86.55029,40.59727]}},{"type":"Feature","properties":{"i":0.15},"geometry":{"type":"Point","coordinates":[-85.979,40.59727]}},{"type":"Feature","properties":{"i":0.27},"geometry":{"type":"Point","coordinates":[-85.93506,40.59727]}},{"type":"Feature","properties":{"i":0.46},"geometry":{"type":"Point","coordinates":[-86.9458,40.56389]}},{"type":"Feature","properties":{"i":0.79},"geometry":{"type":"Point","coordinates":[-86.68213,40.56389]}},{"type":"Feature","properties":{"i":0.76},"geometry":{"type":"Point","coordinates":[-86.63818,40.56389]}},{"type":"Feature","properties":{"i":0.21},"geometry":{"type":"Point","coordinates":[-86.55029,40.56389]}},{"type":"Feature","properties":{"i":0.73},"geometry":{"type":"Point","coordinates":[-86.50635,40.56389]}},{"type":"Feature","properties":{"i":0.11},"geometry":{"type":"Point","coordinates":[-86.33057,40.56389]}},{"type":"Feature","properties":{"i":0.51},"geometry":{"type":"Point","coordinates":[-86.19873,40.56389]}},{"type":"Feature","properties":{"i":0.22},"geometry":{"type":"Point","coordinates":[-86.11084,40.56389]}},{"type":"Feature","properties":{"i":0.23},"geometry":{"type":"Point","coordinates":[-85.89111,40.56389]}},{"type":"Feature","properties":{"i":0.24},"geometry":{"type":"Point","coordinates":[-85.84717,40.56389]}},{"type":"Feature","properties":{"i":0.55},"geometry":{"type":"Point","coordinates":[-85.80322,40.56389]}},{"type":"Feature","properties":{"i":0.37},"geometry":{"type":"Point","coordinates":[-85.75928,40.56389]}},{"type":"Feature","properties":{"i":0.02},"geometry":{"type":"Point","coordinates":[-86.90186,40.5305]}},{"type":"Feature","properties":{"i":0.16},"geometry":{"type":"Point","coordinates":[-86.85791,40.5305]}},{"type":"Feature","properties":{"i":0.42},"geometry":{"type":"Point","coordinates":[-86.55029,40.5305]}},{"type":"Feature","properties":{"i":0.57},"geometry":{"type":"Point","coordinates":[-86.50635,40.5305]}},{"type":"Feature","properties":{"i":0.34},"geometry":{"type":"Point","coordinates":[-86.4624,40.5305]}},{"type":"Feature","properties":{"i":0.39},"geometry":{"type":"Point","coordinates":[-86.28662,40.5305]}},{"type":"Feature","properties":{"i":0.72},"geometry":{"type":"Point","coordinates":[-86.19873,40.5305]}},{"type":"Feature","properties":{"i":0.46},"geometry":{"type":"Point","coordinates":[-86.15479,40.5305]}},{"type":"Feature","properties":{"i":0.84},"geometry":{"type":"Point","coordinates":[-86.11084,40.5305]}},{"type":"Feature","properties":{"i":0.17},"geometry":{"type":"Point","coordinates":[-86.06689,40.5305]}},{"type":"Feature","properties":{"i":0.03},"geometry":{"type":"Point","coordinates":[-85.979,40.5305]}},{"type":"Feature","properties":{"i":0.62},"geometry":{"type":"Point","coordinates":[-87.12158,40.49709]}},{"type":"Feature","properties":{"i":0.61},"geometry":{"type":"Point","coordinates":[-87.07764,40.49709]}},{"type":"Feature","properties":{"i":0.26},"geometry":{"type":"Point","coordinates":[-86.9458,40.49709]}},{"type":"Feature","properties":{"i":0.55},"geometry":{"type":"Point","coordinates":[-86.90186,40.49709]}},{"type":"Feature","properties":{"i":0.45},"geometry":{"type":"Point","coordinates":[-86.85791,40.49709]}},{"type":"Feature","properties":{"i":0.22},"geometry":{"type":"Point","coordinates":[-86.81396,40.49709]}},{"type":"Feature","properties":{"i":0.08},"geometry":{"type":"Point","coordinates":[-86.77002,40.49709]}},{"type":"Feature","properties":{"i":0.05},"geometry":{"type":"Point","coordinates":[-86.41846,40.49709]}},{"type":"Feature","properties":{"i":0.42},"geometry":{"type":"Point","coordinates":[-86.37451,40.49709]}},{"type":"Feature","properties":{"i":0.5},"geometry":{"type":"Point","coordinates":[-86.19873,40.49709]}},{"type":"Feature","properties":{"i":1},"geometry":{"type":"Point","coordinates":[-86.15479,40.49709]}},{"type":"Feature","properties":{"i":1},"geometry":{"type":"Point","coordinates":[-86.11084,40.49709]}},{"type":"Feature","properties":{"i":0.53},"geometry":{"type":"Point","coordinates":[-86.06689,40.49709]}},{"type":"Feature","properties":{"i":0.27},"geometry":{"type":"Point","coordinates":[-86.02295,40.49709]}},{"type":"Feature","properties":{"i":0.95},"geometry":{"type":"Point","coordinates":[-85.979,40.49709]}},{"type":"Feature","properties":{"i":0.12},"geometry":{"type":"Point","coordinates":[-85.93506,40.49709]}},{"type":"Feature","properties":{"i":0.3},"geometry":{"type":"Point","coordinates":[-85.80322,40.49709]}},{"type":"Feature","properties":{"i":0.14},"geometry":{"type":"Point","coordinates":[-87.03369,40.46367]}},{"type":"Feature","properties":{"i":0.51},"geometry":{"type":"Point","coordinates":[-86.98975,40.46367]}},{"type":"Feature","properties":{"i":1},"geometry":{"type":"Point","coordinates":[-86.9458,40.46367]}},{"type":"Feature","properties":{"i":1},"geometry":{"type":"Point","coordinates":[-86.90186,40.46367]}},{"type":"Feature","properties":{"i":0.98},"geometry":{"type":"Point","coordinates":[-86.85791,40.46367]}},{"type":"Feature","properties":{"i":0.34},"geometry":{"type":"Point","coordinates":[-86.81396,40.46367]}},{"type":"Feature","properties":{"i":0.07},"geometry":{"type":"Point","coordinates":[-86.77002,40.46367]}},{"type":"Feature","properties":{"i":0.17},"geometry":{"type":"Point","coordinates":[-86.37451,40.46367]}},{"type":"Feature","properties":{"i":0.19},"geometry":{"type":"Point","coordinates":[-86.28662,40.46367]}},{"type":"Feature","properties":{"i":0.16},"geometry":{"type":"Point","coordinates":[-86.24268,40.46367]}},{"type":"Feature","properties":{"i":0.48},"geometry":{"type":"Point","coordinates":[-86.19873,40.46367]}},{"type":"Feature","properties":{"i":1},"geometry":{"type":"Point","coordinates":[-86.15479,40.46367]}},{"type":"Feature","properties":{"i":1},"geometry":{"type":"Point","coordinates":[-86.11084,40.46367]}},{"type":"Feature","properties":{"i":0.74},"geometry":{"type":"Point","coordinates":[-86.06689,40.46367]}},{"type":"Feature","properties":{"i":0.19},"geometry":{"type":"Point","coordinates":[-86.02295,40.46367]}},{"type":"Feature","properties":{"i":0.64},"geometry":{"type":"Point","coordinates":[-85.979,40.46367]}},{"type":"Feature","properties":{"i":0.33},"geometry":{"type":"Point","coordinates":[-85.93506,40.46367]}},{"type":"Feature","properties":{"i":0.19},"geometry":{"type":"Point","coordinates":[-85.89111,40.46367]}},{"type":"Feature","properties":{"i":0.4},"geometry":{"type":"Point","coordinates":[-85.84717,40.46367]}},{"type":"Feature","properties":{"i":0.56},"geometry":{"type":"Point","coordinates":[-85.80322,40.46367]}},{"type":"Feature","properties":{"i":0.27},"geometry":{"type":"Point","coordinates":[-86.98975,40.43022]}},{"type":"Feature","properties":{"i":1},"geometry":{"type":"Point","coordinates":[-86.9458,40.43022]}},{"type":"Feature","properties":{"i":1},"geometry":{"type":"Point","coordinates":[-86.90186,40.43022]}},{"type":"Feature","properties":{"i":1},"geometry":{"type":"Point","coordinates":[-86.85791,40.43022]}},{"type":"Feature","properties":{"i":0.66},"geometry":{"type":"Point","coordinates":[-86.81396,40.43022]}},{"type":"Feature","properties":{"i":0.34},"geometry":{"type":"Point","coordinates":[-86.77002,40.43022]}},{"type":"Feature","properties":{"i":0.11},"geometry":{"type":"Point","coordinates":[-86.72607,40.43022]}},{"type":"Feature","properties":{"i":0.34},"geometry":{"type":"Point","coordinates":[-86.59424,40.43022]}},{"type":"Feature","properties":{"i":0.04},"geometry":{"type":"Point","coordinates":[-86.37451,40.43022]}},{"type":"Feature","properties":{"i":0.41},"geometry":{"type":"Point","coordinates":[-86.28662,40.43022]}},{"type":"Feature","properties":{"i":0.51},"geometry":{"type":"Point","coordinates":[-86.24268,40.43022]}},{"type":"Feature","properties":{"i":0.28},"geometry":{"type":"Point","coordinates":[-86.19873,40.43022]}},{"type":"Feature","properties":{"i":0.92},"geometry":{"type":"Point","coordinates":[-86.15479,40.43022]}},{"type":"Feature","properties":{"i":1},"geometry":{"type":"Point","coordinates":[-86.11084,40.43022]}},{"type":"Feature","properties":{"i":0.42},"geometry":{"type":"Point","coordinates":[-86.06689,40.43022]}},{"type":"Feature","properties":{"i":0.12},"geometry":{"type":"Point","coordinates":[-85.89111,40.43022]}},{"type":"Feature","properties":{"i":0.87},"geometry":{"type":"Point","coordinates":[-86.9458,40.39676]}},{"type":"Feature","properties":{"i":1},"geometry":{"type":"Point","coordinates":[-86.90186,40.39676]}},{"type":"Feature","properties":{"i":1},"geometry":{"type":"Point","coordinates":[-86.85791,40.39676]}},{"type":"Feature","properties":{"i":1},"geometry":{"type":"Point","coordinates":[-86.81396,40.39676]}},{"type":"Feature","properties":{"i":1},"geometry":{"type":"Point","coordinates":[-86.77002,40.39676]}},{"type":"Feature","properties":{"i":0.21},"geometry":{"type":"Point","coordinates":[-86.72607,40.39676]}},{"type":"Feature","properties":{"i":0.39},"geometry":{"type":"Point","coordinates":[-86.59424,40.39676]}},{"type":"Feature","properties":{"i":0.27},"geometry":{"type":"Point","coordinates":[-86.28662,40.39676]}},{"type":"Feature","properties":{"i":0.36},"geometry":{"type":"Point","coordinates":[-86.15479,40.39676]}},{"type":"Feature","properties":{"i":0.45},"geometry":{"type":"Point","coordinates":[-86.11084,40.39676]}},{"type":"Feature","properties":{"i":0.13},"geometry":{"type":"Point","coordinates":[-86.06689,40.39676]}},{"type":"Feature","properties":{"i":0.21},"geometry":{"type":"Point","coordinates":[-86.02295,40.39676]}},{"type":"Feature","properties":{"i":0.45},"geometry":{"type":"Point","coordinates":[-85.979,40.39676]}},{"type":"Feature","properties":{"i":0.13},"geometry":{"type":"Point","coordinates":[-87.03369,40.36329]}},{"type":"Feature","properties":{"i":0.42},"geometry":{"type":"Point","coordinates":[-86.9458,40.36329]}},{"type":"Feature","properties":{"i":0.81},"geometry":{"type":"Point","coordinates":[-86.90186,40.36329]}},{"type":"Feature","properties":{"i":1},"geometry":{"type":"Point","coordinates":[-86.85791,40.36329]}},{"type":"Feature","properties":{"i":1},"geometry":{"type":"Point","coordinates":[-86.81396,40.36329]}},{"type":"Feature","properties":{"i":1},"geometry":{"type":"Point","coordinates":[-86.77002,40.36329]}},{"type":"Feature","properties":{"i":0.3},"geometry":{"type":"Point","coordinates":[-86.72607,40.36329]}},{"type":"Feature","properties":{"i":0.04},"geometry":{"type":"Point","coordinates":[-86.59424,40.36329]}},{"type":"Feature","properties":{"i":0.39},"geometry":{"type":"Point","coordinates":[-86.11084,40.36329]}},{"type":"Feature","properties":{"i":0.51},"geometry":{"type":"Point","coordinates":[-86.06689,40.36329]}},{"type":"Feature","properties":{"i":0.53},"geometry":{"type":"Point","coordinates":[-85.979,40.36329]}},{"type":"Feature","properties":{"i":0.44},"geometry":{"type":"Point","coordinates":[-85.93506,40.36329]}},{"type":"Feature","properties":{"i":0.09},"geometry":{"type":"Point","coordinates":[-86.9458,40.3298]}},{"type":"Feature","properties":{"i":0.41},"geometry":{"type":"Point","coordinates":[-86.90186,40.3298]}},{"type":"Feature","properties":{"i":0.58},"geometry":{"type":"Point","coordinates":[-86.85791,40.3298]}},{"type":"Feature","properties":{"i":0.24},"geometry":{"type":"Point","coordinates":[-86.81396,40.3298]}},{"type":"Feature","properties":{"i":0.09},"geometry":{"type":"Point","coordinates":[-86.77002,40.3298]}},{"type":"Feature","properties":{"i":0.33},"geometry":{"type":"Point","coordinates":[-86.68213,40.3298]}},{"type":"Feature","properties":{"i":0.11},"geometry":{"type":"Point","coordinates":[-86.63818,40.3298]}},{"type":"Feature","properties":{"i":0.16},"geometry":{"type":"Point","coordinates":[-86.55029,40.3298]}},{"type":"Feature","properties":{"i":0.29},"geometry":{"type":"Point","coordinates":[-86.37451,40.3298]}},{"type":"Feature","properties":{"i":0.19},"geometry":{"type":"Point","coordinates":[-86.15479,40.3298]}},{"type":"Feature","properties":{"i":0.21},"geometry":{"type":"Point","coordinates":[-86.9458,40.29629]}},{"type":"Feature","properties":{"i":0.1},"geometry":{"type":"Point","coordinates":[-86.77002,40.29629]}},{"type":"Feature","properties":{"i":1},"geometry":{"type":"Point","coordinates":[-86.59424,40.29629]}},{"type":"Feature","properties":{"i":0.94},"geometry":{"type":"Point","coordinates":[-86.55029,40.29629]}},{"type":"Feature","properties":{"i":0.99},"geometry":{"type":"Point","coordinates":[-86.50635,40.29629]}},{"type":"Feature","properties":{"i":0.82},"geometry":{"type":"Point","coordinates":[-86.4624,40.29629]}},{"type":"Feature","properties":{"i":0.13},"geometry":{"type":"Point","coordinates":[-86.37451,40.29629]}},{"type":"Feature","properties":{"i":0.09},"geometry":{"type":"Point","coordinates":[-86.28662,40.29629]}},{"type":"Feature","properties":{"i":0.14},"geometry":{"type":"Point","coordinates":[-86.24268,40.29629]}},{"type":"Feature","properties":{"i":0.02},"geometry":{"type":"Point","coordinates":[-86.15479,40.29629]}},{"type":"Feature","properties":{"i":1},"geometry":{"type":"Point","coordinates":[-86.11084,40.29629]}},{"type":"Feature","properties":{"i":1},"geometry":{"type":"Point","coordinates":[-86.06689,40.29629]}},{"type":"Feature","properties":{"i":1},"geometry":{"type":"Point","coordinates":[-86.02295,40.29629]}},{"type":"Feature","properties":{"i":0.12},"geometry":{"type":"Point","coordinates":[-85.979,40.29629]}},{"type":"Feature","properties":{"i":0.07},"geometry":{"type":"Point","coordinates":[-85.93506,40.29629]}},{"type":"Feature","properties":{"i":0.78},"geometry":{"type":"Point","coordinates":[-85.84717,40.29629]}},{"type":"Feature","properties":{"i":0.13},"geometry":{"type":"Point","coordinates":[-85.80322,40.29629]}},{"type":"Feature","properties":{"i":0.31},"geometry":{"type":"Point","coordinates":[-86.90186,40.26276]}},{"type":"Feature","properties":{"i":0.11},"geometry":{"type":"Point","coordinates":[-86.72607,40.26276]}},{"type":"Feature","properties":{"i":0.7},"geometry":{"type":"Point","coordinates":[-86.68213,40.26276]}},{"type":"Feature","properties":{"i":0.19},"geometry":{"type":"Point","coordinates":[-86.63818,40.26276]}},{"type":"Feature","properties":{"i":0.34},"geometry":{"type":"Point","coordinates":[-86.59424,40.26276]}},{"type":"Feature","properties":{"i":0.97},"geometry":{"type":"Point","coordinates":[-86.55029,40.26276]}},{"type":"Feature","properties":{"i":1},"geometry":{"type":"Point","coordinates":[-86.50635,40.26276]}},{"type":"Feature","properties":{"i":0.99},"geometry":{"type":"Point","coordinates":[-86.4624,40.26276]}},{"type":"Feature","properties":{"i":0.07},"geometry":{"type":"Point","coordinates":[-86.41846,40.26276]}},{"type":"Feature","properties":{"i":0.78},"geometry":{"type":"Point","coordinates":[-86.15479,40.26276]}},{"type":"Feature","properties":{"i":1},"geometry":{"type":"Point","coordinates":[-86.11084,40.26276]}},{"type":"Feature","properties":{"i":0.8},"geometry":{"type":"Point","coordinates":[-86.06689,40.26276]}},{"type":"Feature","properties":{"i":1},"geometry":{"type":"Point","coordinates":[-86.02295,40.26276]}},{"type":"Feature","properties":{"i":1},"geometry":{"type":"Point","coordinates":[-85.84717,40.26276]}},{"type":"Feature","properties":{"i":0.92},"geometry":{"type":"Point","coordinates":[-85.80322,40.26276]}},{"type":"Feature","properties":{"i":0.21},"geometry":{"type":"Point","coordinates":[-86.72607,40.22922]}},{"type":"Feature","properties":{"i":0.11},"geometry":{"type":"Point","coordinates":[-86.11084,40.22922]}},{"type":"Feature","properties":{"i":0.29},"geometry":{"type":"Point","coordinates":[-86.02295,40.22922]}},{"type":"Feature","properties":{"i":0.22},"geometry":{"type":"Point","coordinates":[-85.84717,40.22922]}},{"type":"Feature","properties":{"i":0.23},"geometry":{"type":"Point","coordinates":[-85.80322,40.22922]}},{"type":"Feature","properties":{"i":0.66},"geometry":{"type":"Point","coordinates":[-85.75928,40.22922]}},{"type":"Feature","properties":{"i":0.13},"geometry":{"type":"Point","coordinates":[-87.16553,40.19566]}},{"type":"Feature","properties":{"i":0.09},"geometry":{"type":"Point","coordinates":[-86.98975,40.19566]}},{"type":"Feature","properties":{"i":0.62},"geometry":{"type":"Point","coordinates":[-86.90186,40.19566]}},{"type":"Feature","properties":{"i":0.39},"geometry":{"type":"Point","coordinates":[-86.68213,40.19566]}},{"type":"Feature","properties":{"i":0.08},"geometry":{"type":"Point","coordinates":[-86.63818,40.19566]}},{"type":"Feature","properties":{"i":0.18},"geometry":{"type":"Point","coordinates":[-86.50635,40.19566]}},{"type":"Feature","properties":{"i":0.42},"geometry":{"type":"Point","coordinates":[-86.37451,40.19566]}},{"type":"Feature","properties":{"i":0.1},"geometry":{"type":"Point","coordinates":[-86.15479,40.19566]}},{"type":"Feature","properties":{"i":0.62},"geometry":{"type":"Point","coordinates":[-86.11084,40.19566]}},{"type":"Feature","properties":{"i":0.87},"geometry":{"type":"Point","coordinates":[-86.06689,40.19566]}},{"type":"Feature","properties":{"i":0.75},"geometry":{"type":"Point","coordinates":[-86.02295,40.19566]}},{"type":"Feature","properties":{"i":0.31},"geometry":{"type":"Point","coordinates":[-85.75928,40.19566]}},{"type":"Feature","properties":{"i":0.12},"geometry":{"type":"Point","coordinates":[-87.16553,40.16208]}},{"type":"Feature","properties":{"i":0.22},"geometry":{"type":"Point","coordinates":[-87.07764,40.16208]}},{"type":"Feature","properties":{"i":0.56},"geometry":{"type":"Point","coordinates":[-86.55029,40.16208]}},{"type":"Feature","properties":{"i":0.04},"geometry":{"type":"Point","coordinates":[-86.15479,40.16208]}},{"type":"Feature","properties":{"i":0.79},"geometry":{"type":"Point","coordinates":[-86.02295,40.16208]}},{"type":"Feature","properties":{"i":0.26},"geometry":{"type":"Point","coordinates":[-85.80322,40.16208]}},{"type":"Feature","properties":{"i":0.84},"geometry":{"type":"Point","coordinates":[-86.90186,40.12849]}},{"type":"Feature","properties":{"i":0.25},"geometry":{"type":"Point","coordinates":[-86.63818,40.12849]}},{"type":"Feature","properties":{"i":0.82},"geometry":{"type":"Point","coordinates":[-86.59424,40.12849]}},{"type":"Feature","properties":{"i":0.49},"geometry":{"type":"Point","coordinates":[-86.55029,40.12849]}},{"type":"Feature","properties":{"i":0.37},"geometry":{"type":"Point","coordinates":[-86.50635,40.12849]}},{"type":"Feature","properties":{"i":0.1},"geometry":{"type":"Point","coordinates":[-86.4624,40.12849]}},{"type":"Feature","properties":{"i":0.04},"geometry":{"type":"Point","coordinates":[-86.37451,40.12849]}},{"type":"Feature","properties":{"i":0.1},"geometry":{"type":"Point","coordinates":[-86.33057,40.12849]}},{"type":"Feature","properties":{"i":0.48},"geometry":{"type":"Point","coordinates":[-86.24268,40.12849]}},{"type":"Feature","properties":{"i":0.71},"geometry":{"type":"Point","coordinates":[-86.19873,40.12849]}},{"type":"Feature","properties":{"i":0.45},"geometry":{"type":"Point","coordinates":[-86.15479,40.12849]}},{"type":"Feature","properties":{"i":1},"geometry":{"type":"Point","coordinates":[-86.11084,40.12849]}},{"type":"Feature","properties":{"i":0.21},"geometry":{"type":"Point","coordinates":[-86.06689,40.12849]}},{"type":"Feature","properties":{"i":0.79},"geometry":{"type":"Point","coordinates":[-86.02295,40.12849]}},{"type":"Feature","properties":{"i":0.11},"geometry":{"type":"Point","coordinates":[-85.93506,40.12849]}},{"type":"Feature","properties":{"i":0.14},"geometry":{"type":"Point","coordinates":[-85.75928,40.12849]}},{"type":"Feature","properties":{"i":0.25},"geometry":{"type":"Point","coordinates":[-87.16553,40.09488]}},{"type":"Feature","properties":{"i":0.32},"geometry":{"type":"Point","coordinates":[-87.07764,40.09488]}},{"type":"Feature","properties":{"i":1},"geometry":{"type":"Point","coordinates":[-86.90186,40.09488]}},{"type":"Feature","properties":{"i":0.17},"geometry":{"type":"Point","coordinates":[-86.81396,40.09488]}},{"type":"Feature","properties":{"i":0.27},"geometry":{"type":"Point","coordinates":[-86.77002,40.09488]}},{"type":"Feature","properties":{"i":0.24},"geometry":{"type":"Point","coordinates":[-86.55029,40.09488]}},{"type":"Feature","properties":{"i":1},"geometry":{"type":"Point","coordinates":[-86.50635,40.09488]}},{"type":"Feature","properties":{"i":0.89},"geometry":{"type":"Point","coordinates":[-86.4624,40.09488]}},{"type":"Feature","properties":{"i":0.17},"geometry":{"type":"Point","coordinates":[-86.41846,40.09488]}},{"type":"Feature","properties":{"i":0.08},"geometry":{"type":"Point","coordinates":[-86.24268,40.09488]}},{"type":"Feature","properties":{"i":0.07},"geometry":{"type":"Point","coordinates":[-86.19873,40.09488]}},{"type":"Feature","properties":{"i":0.73},"geometry":{"type":"Point","coordinates":[-86.15479,40.09488]}},{"type":"Feature","properties":{"i":0.87},"geometry":{"type":"Point","coordinates":[-86.11084,40.09488]}},{"type":"Feature","properties":{"i":0.5},"geometry":{"type":"Point","coordinates":[-86.06689,40.09488]}},{"type":"Feature","properties":{"i":0.45},"geometry":{"type":"Point","coordinates":[-86.02295,40.09488]}},{"type":"Feature","properties":{"i":0.3},"geometry":{"type":"Point","coordinates":[-85.979,40.09488]}},{"type":"Feature","properties":{"i":0.34},"geometry":{"type":"Point","coordinates":[-85.93506,40.09488]}},{"type":"Feature","properties":{"i":0.09},"geometry":{"type":"Point","coordinates":[-85.84717,40.09488]}},{"type":"Feature","properties":{"i":0.33},"geometry":{"type":"Point","coordinates":[-85.75928,40.09488]}},{"type":"Feature","properties":{"i":0.3},"geometry":{"type":"Point","coordinates":[-86.9458,40.06126]}},{"type":"Feature","properties":{"i":1},"geometry":{"type":"Point","coordinates":[-86.90186,40.06126]}},{"type":"Feature","properties":{"i":1},"geometry":{"type":"Point","coordinates":[-86.85791,40.06126]}},{"type":"Feature","properties":{"i":0.04},"geometry":{"type":"Point","coordinates":[-86.81396,40.06126]}},{"type":"Feature","properties":{"i":0.45},"geometry":{"type":"Point","coordinates":[-86.63818,40.06126]}},{"type":"Feature","properties":{"i":0.22},"geometry":{"type":"Point","coordinates":[-86.59424,40.06126]}},{"type":"Feature","properties":{"i":1},"geometry":{"type":"Point","coordinates":[-86.55029,40.06126]}},{"type":"Feature","properties":{"i":1},"geometry":{"type":"Point","coordinates":[-86.50635,40.06126]}},{"type":"Feature","properties":{"i":1},"geometry":{"type":"Point","coordinates":[-86.4624,40.06126]}},{"type":"Feature","properties":{"i":0.15},"geometry":{"type":"Point","coordinates":[-86.41846,40.06126]}},{"type":"Feature","properties":{"i":0.41},"geometry":{"type":"Point","coordinates":[-86.28662,40.06126]}},{"type":"Feature","properties":{"i":0.19},"geometry":{"type":"Point","coordinates":[-86.24268,40.06126]}},{"type":"Feature","properties":{"i":0.65},"geometry":{"type":"Point","coordinates":[-86.19873,40.06126]}},{"type":"Feature","properties":{"i":1},"geometry":{"type":"Point","coordinates":[-86.15479,40.06126]}},{"type":"Feature","properties":{"i":0.83},"geometry":{"type":"Point","coordinates":[-86.11084,40.06126]}},{"type":"Feature","properties":{"i":0.71},"geometry":{"type":"Point","coordinates":[-86.06689,40.06126]}},{"type":"Feature","properties":{"i":0.83},"geometry":{"type":"Point","coordinates":[-86.02295,40.06126]}},{"type":"Feature","properties":{"i":0.8},"geometry":{"type":"Point","coordinates":[-85.979,40.06126]}},{"type":"Feature","properties":{"i":0.21},"geometry":{"type":"Point","coordinates":[-85.93506,40.06126]}},{"type":"Feature","properties":{"i":0.27},"geometry":{"type":"Point","coordinates":[-85.89111,40.06126]}},{"type":"Feature","properties":{"i":0.7},"geometry":{"type":"Point","coordinates":[-85.84717,40.06126]}},{"type":"Feature","properties":{"i":0.6},"geometry":{"type":"Point","coordinates":[-85.75928,40.06126]}},{"type":"Feature","properties":{"i":0.36},"geometry":{"type":"Point","coordinates":[-86.9458,40.02761]}},{"type":"Feature","properties":{"i":1},"geometry":{"type":"Point","coordinates":[-86.90186,40.02761]}},{"type":"Feature","properties":{"i":0.97},"geometry":{"type":"Point","coordinates":[-86.85791,40.02761]}},{"type":"Feature","properties":{"i":0.76},"geometry":{"type":"Point","coordinates":[-86.81396,40.02761]}},{"type":"Feature","properties":{"i":0.42},"geometry":{"type":"Point","coordinates":[-86.63818,40.02761]}},{"type":"Feature","properties":{"i":0.29},"geometry":{"type":"Point","coordinates":[-86.59424,40.02761]}},{"type":"Feature","properties":{"i":0.27},"geometry":{"type":"Point","coordinates":[-86.55029,40.02761]}},{"type":"Feature","properties":{"i":1},"geometry":{"type":"Point","coordinates":[-86.50635,40.02761]}},{"type":"Feature","properties":{"i":1},"geometry":{"type":"Point","coordinates":[-86.4624,40.02761]}},{"type":"Feature","properties":{"i":0.57},"geometry":{"type":"Point","coordinates":[-86.41846,40.02761]}},{"type":"Feature","properties":{"i":0.13},"geometry":{"type":"Point","coordinates":[-86.37451,40.02761]}},{"type":"Feature","properties":{"i":0.08},"geometry":{"type":"Point","coordinates":[-86.33057,40.02761]}},{"type":"Feature","properties":{"i":0.21},"geometry":{"type":"Point","coordinates":[-86.28662,40.02761]}},{"type":"Feature","properties":{"i":0.55},"geometry":{"type":"Point","coordinates":[-86.24268,40.02761]}},{"type":"Feature","properties":{"i":1},"geometry":{"type":"Point","coordinates":[-86.19873,40.02761]}},{"type":"Feature","properties":{"i":1},"geometry":{"type":"Point","coordinates":[-86.15479,40.02761]}},{"type":"Feature","properties":{"i":0.92},"geometry":{"type":"Point","coordinates":[-86.11084,40.02761]}},{"type":"Feature","properties":{"i":1},"geometry":{"type":"Point","coordinates":[-86.06689,40.02761]}},{"type":"Feature","properties":{"i":1},"geometry":{"type":"Point","coordinates":[-86.02295,40.02761]}},{"type":"Feature","properties":{"i":1},"geometry":{"type":"Point","coordinates":[-85.979,40.02761]}},{"type":"Feature","properties":{"i":0.86},"geometry":{"type":"Point","coordinates":[-85.93506,40.02761]}},{"type":"Feature","properties":{"i":0.25},"geometry":{"type":"Point","coordinates":[-85.89111,40.02761]}},{"type":"Feature","properties":{"i":0.22},"geometry":{"type":"Point","coordinates":[-85.84717,40.02761]}},{"type":"Feature","properties":{"i":0.37},"geometry":{"type":"Point","coordinates":[-85.80322,40.02761]}},{"type":"Feature","properties":{"i":1},"geometry":{"type":"Point","coordinates":[-85.75928,40.02761]}},{"type":"Feature","properties":{"i":0.03},"geometry":{"type":"Point","coordinates":[-87.16553,39.99396]}},{"type":"Feature","properties":{"i":0.14},"geometry":{"type":"Point","coordinates":[-87.07764,39.99396]}},{"type":"Feature","properties":{"i":0.1},"geometry":{"type":"Point","coordinates":[-86.9458,39.99396]}},{"type":"Feature","properties":{"i":0.43},"geometry":{"type":"Point","coordinates":[-86.90186,39.99396]}},{"type":"Feature","properties":{"i":0.83},"geometry":{"type":"Point","coordinates":[-86.85791,39.99396]}},{"type":"Feature","properties":{"i":1},"geometry":{"type":"Point","coordinates":[-86.81396,39.99396]}},{"type":"Feature","properties":{"i":0.03},"geometry":{"type":"Point","coordinates":[-86.77002,39.99396]}},{"type":"Feature","properties":{"i":0.14},"geometry":{"type":"Point","coordinates":[-86.72607,39.99396]}},{"type":"Feature","properties":{"i":0.18},"geometry":{"type":"Point","coordinates":[-86.63818,39.99396]}},{"type":"Feature","properties":{"i":0.08},"geometry":{"type":"Point","coordinates":[-86.50635,39.99396]}},{"type":"Feature","properties":{"i":0.64},"geometry":{"type":"Point","coordinates":[-86.41846,39.99396]}},{"type":"Feature","properties":{"i":1},"geometry":{"type":"Point","coordinates":[-86.37451,39.99396]}},{"type":"Feature","properties":{"i":0.79},"geometry":{"type":"Point","coordinates":[-86.33057,39.99396]}},{"type":"Feature","properties":{"i":0.59},"geometry":{"type":"Point","coordinates":[-86.28662,39.99396]}},{"type":"Feature","properties":{"i":0.76},"geometry":{"type":"Point","coordinates":[-86.24268,39.99396]}},{"type":"Feature","properties":{"i":0.95},"geometry":{"type":"Point","coordinates":[-86.19873,39.99396]}},{"type":"Feature","properties":{"i":0.99},"geometry":{"type":"Point","coordinates":[-86.15479,39.99396]}},{"type":"Feature","properties":{"i":1},"geometry":{"type":"Point","coordinates":[-86.11084,39.99396]}},{"type":"Feature","properties":{"i":0.82},"geometry":{"type":"Point","coordinates":[-86.06689,39.99396]}},{"type":"Feature","properties":{"i":1},"geometry":{"type":"Point","coordinates":[-86.02295,39.99396]}},{"type":"Feature","properties":{"i":1},"geometry":{"type":"Point","coordinates":[-85.979,39.99396]}},{"type":"Feature","properties":{"i":1},"geometry":{"type":"Point","coordinates":[-85.93506,39.99396]}},{"type":"Feature","properties":{"i":1},"geometry":{"type":"Point","coordinates":[-85.89111,39.99396]}},{"type":"Feature","properties":{"i":1},"geometry":{"type":"Point","coordinates":[-85.84717,39.99396]}},{"type":"Feature","properties":{"i":0.52},"geometry":{"type":"Point","coordinates":[-85.80322,39.99396]}},{"type":"Feature","properties":{"i":1},"geometry":{"type":"Point","coordinates":[-85.75928,39.99396]}},{"type":"Feature","properties":{"i":0.19},"geometry":{"type":"Point","coordinates":[-86.9458,39.96028]}},{"type":"Feature","properties":{"i":0.47},"geometry":{"type":"Point","coordinates":[-86.90186,39.96028]}},{"type":"Feature","properties":{"i":0.93},"geometry":{"type":"Point","coordinates":[-86.85791,39.96028]}},{"type":"Feature","properties":{"i":1},"geometry":{"type":"Point","coordinates":[-86.81396,39.96028]}},{"type":"Feature","properties":{"i":0.31},"geometry":{"type":"Point","coordinates":[-86.72607,39.96028]}},{"type":"Feature","properties":{"i":0.07},"geometry":{"type":"Point","coordinates":[-86.63818,39.96028]}},{"type":"Feature","properties":{"i":0.07},"geometry":{"type":"Point","coordinates":[-86.50635,39.96028]}},{"type":"Feature","properties":{"i":1},"geometry":{"type":"Point","coordinates":[-86.41846,39.96028]}},{"type":"Feature","properties":{"i":1},"geometry":{"type":"Point","coordinates":[-86.37451,39.96028]}},{"type":"Feature","properties":{"i":1},"geometry":{"type":"Point","coordinates":[-86.33057,39.96028]}},{"type":"Feature","properties":{"i":1},"geometry":{"type":"Point","coordinates":[-86.28662,39.96028]}},{"type":"Feature","properties":{"i":0.98},"geometry":{"type":"Point","coordinates":[-86.24268,39.96028]}},{"type":"Feature","properties":{"i":0.95},"geometry":{"type":"Point","coordinates":[-86.19873,39.96028]}},{"type":"Feature","properties":{"i":1},"geometry":{"type":"Point","coordinates":[-86.15479,39.96028]}},{"type":"Feature","properties":{"i":1},"geometry":{"type":"Point","coordinates":[-86.11084,39.96028]}},{"type":"Feature","properties":{"i":1},"geometry":{"type":"Point","coordinates":[-86.06689,39.96028]}},{"type":"Feature","properties":{"i":1},"geometry":{"type":"Point","coordinates":[-86.02295,39.96028]}},{"type":"Feature","properties":{"i":1},"geometry":{"type":"Point","coordinates":[-85.979,39.96028]}},{"type":"Feature","properties":{"i":1},"geometry":{"type":"Point","coordinates":[-85.93506,39.96028]}},{"type":"Feature","properties":{"i":0.85},"geometry":{"type":"Point","coordinates":[-85.89111,39.96028]}},{"type":"Feature","properties":{"i":0.69},"geometry":{"type":"Point","coordinates":[-85.84717,39.96028]}},{"type":"Feature","properties":{"i":0.5},"geometry":{"type":"Point","coordinates":[-85.80322,39.96028]}},{"type":"Feature","properties":{"i":0.86},"geometry":{"type":"Point","coordinates":[-85.75928,39.96028]}},{"type":"Feature","properties":{"i":0.44},"geometry":{"type":"Point","coordinates":[-86.90186,39.92659]}},{"type":"Feature","properties":{"i":0.36},"geometry":{"type":"Point","coordinates":[-86.81396,39.92659]}},{"type":"Feature","properties":{"i":0.26},"geometry":{"type":"Point","coordinates":[-86.77002,39.92659]}},{"type":"Feature","properties":{"i":0.57},"geometry":{"type":"Point","coordinates":[-86.63818,39.92659]}},{"type":"Feature","properties":{"i":0.04},"geometry":{"type":"Point","coordinates":[-86.55029,39.92659]}},{"type":"Feature","properties":{"i":0.16},"geometry":{"type":"Point","coordinates":[-86.4624,39.92659]}},{"type":"Feature","properties":{"i":0.24},"geometry":{"type":"Point","coordinates":[-86.41846,39.92659]}},{"type":"Feature","properties":{"i":1},"geometry":{"type":"Point","coordinates":[-86.37451,39.92659]}},{"type":"Feature","properties":{"i":1},"geometry":{"type":"Point","coordinates":[-86.33057,39.92659]}},{"type":"Feature","properties":{"i":0.75},"geometry":{"type":"Point","coordinates":[-86.28662,39.92659]}},{"type":"Feature","properties":{"i":1},"geometry":{"type":"Point","coordinates":[-86.24268,39.92659]}},{"type":"Feature","properties":{"i":1},"geometry":{"type":"Point","coordinates":[-86.19873,39.92659]}},{"type":"Feature","properties":{"i":1},"geometry":{"type":"Point","coordinates":[-86.15479,39.92659]}},{"type":"Feature","properties":{"i":1},"geometry":{"type":"Point","coordinates":[-86.11084,39.92659]}},{"type":"Feature","properties":{"i":1},"geometry":{"type":"Point","coordinates":[-86.06689,39.92659]}},{"type":"Feature","properties":{"i":1},"geometry":{"type":"Point","coordinates":[-86.02295,39.92659]}},{"type":"Feature","properties":{"i":0.66},"geometry":{"type":"Point","coordinates":[-85.979,39.92659]}},{"type":"Feature","properties":{"i":0.91},"geometry":{"type":"Point","coordinates":[-85.93506,39.92659]}},{"type":"Feature","properties":{"i":0.8},"geometry":{"type":"Point","coordinates":[-85.89111,39.92659]}},{"type":"Feature","properties":{"i":0.95},"geometry":{"type":"Point","coordinates":[-85.84717,39.92659]}},{"type":"Feature","properties":{"i":0.63},"geometry":{"type":"Point","coordinates":[-85.80322,39.92659]}},{"type":"Feature","properties":{"i":0.39},"geometry":{"type":"Point","coordinates":[-87.16553,39.89288]}},{"type":"Feature","properties":{"i":0.42},"geometry":{"type":"Point","coordinates":[-87.03369,39.89288]}},{"type":"Feature","properties":{"i":0.12},"geometry":{"type":"Point","coordinates":[-86.72607,39.89288]}},{"type":"Feature","properties":{"i":0.1},"geometry":{"type":"Point","coordinates":[-86.59424,39.89288]}},{"type":"Feature","properties":{"i":0.51},"geometry":{"type":"Point","coordinates":[-86.55029,39.89288]}},{"type":"Feature","properties":{"i":0.67},"geometry":{"type":"Point","coordinates":[-86.50635,39.89288]}},{"type":"Feature","properties":{"i":0.98},"geometry":{"type":"Point","coordinates":[-86.4624,39.89288]}},{"type":"Feature","properties":{"i":0.52},"geometry":{"type":"Point","coordinates":[-86.41846,39.89288]}},{"type":"Feature","properties":{"i":0.39},"geometry":{"type":"Point","coordinates":[-86.37451,39.89288]}},{"type":"Feature","properties":{"i":0.49},"geometry":{"type":"Point","coordinates":[-86.33057,39.89288]}},{"type":"Feature","properties":{"i":1},"geometry":{"type":"Point","coordinates":[-86.28662,39.89288]}},{"type":"Feature","properties":{"i":1},"geometry":{"type":"Point","coordinates":[-86.24268,39.89288]}},{"type":"Feature","properties":{"i":1},"geometry":{"type":"Point","coordinates":[-86.19873,39.89288]}},{"type":"Feature","properties":{"i":1},"geometry":{"type":"Point","coordinates":[-86.15479,39.89288]}},{"type":"Feature","properties":{"i":1},"geometry":{"type":"Point","coordinates":[-86.11084,39.89288]}},{"type":"Feature","properties":{"i":1},"geometry":{"type":"Point","coordinates":[-86.06689,39.89288]}},{"type":"Feature","properties":{"i":1},"geometry":{"type":"Point","coordinates":[-86.02295,39.89288]}},{"type":"Feature","properties":{"i":1},"geometry":{"type":"Point","coordinates":[-85.979,39.89288]}},{"type":"Feature","properties":{"i":0.94},"geometry":{"type":"Point","coordinates":[-85.93506,39.89288]}},{"type":"Feature","properties":{"i":0.72},"geometry":{"type":"Point","coordinates":[-85.89111,39.89288]}},{"type":"Feature","properties":{"i":0.51},"geometry":{"type":"Point","coordinates":[-85.84717,39.89288]}},{"type":"Feature","properties":{"i":0.18},"geometry":{"type":"Point","coordinates":[-85.80322,39.89288]}},{"type":"Feature","properties":{"i":0.29},"geometry":{"type":"Point","coordinates":[-85.75928,39.89288]}},{"type":"Feature","properties":{"i":0.25},"geometry":{"type":"Point","coordinates":[-87.16553,39.85915]}},{"type":"Feature","properties":{"i":0.15},"geometry":{"type":"Point","coordinates":[-87.03369,39.85915]}},{"type":"Feature","properties":{"i":0.15},"geometry":{"type":"Point","coordinates":[-86.98975,39.85915]}},{"type":"Feature","properties":{"i":0.04},"geometry":{"type":"Point","coordinates":[-86.9458,39.85915]}},{"type":"Feature","properties":{"i":0.51},"geometry":{"type":"Point","coordinates":[-86.81396,39.85915]}},{"type":"Feature","properties":{"i":0.22},"geometry":{"type":"Point","coordinates":[-86.77002,39.85915]}},{"type":"Feature","properties":{"i":0.6},"geometry":{"type":"Point","coordinates":[-86.63818,39.85915]}},{"type":"Feature","properties":{"i":0.25},"geometry":{"type":"Point","coordinates":[-86.55029,39.85915]}},{"type":"Feature","properties":{"i":1},"geometry":{"type":"Point","coordinates":[-86.50635,39.85915]}},{"type":"Feature","properties":{"i":1},"geometry":{"type":"Point","coordinates":[-86.4624,39.85915]}},{"type":"Feature","properties":{"i":0.92},"geometry":{"type":"Point","coordinates":[-86.41846,39.85915]}},{"type":"Feature","properties":{"i":1},"geometry":{"type":"Point","coordinates":[-86.37451,39.85915]}},{"type":"Feature","properties":{"i":0.83},"geometry":{"type":"Point","coordinates":[-86.33057,39.85915]}},{"type":"Feature","properties":{"i":1},"geometry":{"type":"Point","coordinates":[-86.28662,39.85915]}},{"type":"Feature","properties":{"i":1},"geometry":{"type":"Point","coordinates":[-86.24268,39.85915]}},{"type":"Feature","properties":{"i":1},"geometry":{"type":"Point","coordinates":[-86.19873,39.85915]}},{"type":"Feature","properties":{"i":0.96},"geometry":{"type":"Point","coordinates":[-86.15479,39.85915]}},{"type":"Feature","properties":{"i":1},"geometry":{"type":"Point","coordinates":[-86.11084,39.85915]}},{"type":"Feature","properties":{"i":1},"geometry":{"type":"Point","coordinates":[-86.06689,39.85915]}},{"type":"Feature","properties":{"i":1},"geometry":{"type":"Point","coordinates":[-86.02295,39.85915]}},{"type":"Feature","properties":{"i":1},"geometry":{"type":"Point","coordinates":[-85.979,39.85915]}},{"type":"Feature","properties":{"i":1},"geometry":{"type":"Point","coordinates":[-85.93506,39.85915]}},{"type":"Feature","properties":{"i":0.91},"geometry":{"type":"Point","coordinates":[-85.89111,39.85915]}},{"type":"Feature","properties":{"i":0.17},"geometry":{"type":"Point","coordinates":[-85.84717,39.85915]}},{"type":"Feature","properties":{"i":0.15},"geometry":{"type":"Point","coordinates":[-85.80322,39.85915]}},{"type":"Feature","properties":{"i":0.61},"geometry":{"type":"Point","coordinates":[-85.75928,39.85915]}},{"type":"Feature","properties":{"i":0.13},"geometry":{"type":"Point","coordinates":[-86.9458,39.82541]}},{"type":"Feature","properties":{"i":0.23},"geometry":{"type":"Point","coordinates":[-86.4624,39.82541]}},{"type":"Feature","properties":{"i":0.83},"geometry":{"type":"Point","coordinates":[-86.41846,39.82541]}},{"type":"Feature","properties":{"i":1},"geometry":{"type":"Point","coordinates":[-86.37451,39.82541]}},{"type":"Feature","properties":{"i":1},"geometry":{"type":"Point","coordinates":[-86.33057,39.82541]}},{"type":"Feature","properties":{"i":1},"geometry":{"type":"Point","coordinates":[-86.28662,39.82541]}},{"type":"Feature","properties":{"i":1},"geometry":{"type":"Point","coordinates":[-86.24268,39.82541]}},{"type":"Feature","properties":{"i":1},"geometry":{"type":"Point","coordinates":[-86.19873,39.82541]}},{"type":"Feature","properties":{"i":1},"geometry":{"type":"Point","coordinates":[-86.15479,39.82541]}},{"type":"Feature","properties":{"i":1},"geometry":{"type":"Point","coordinates":[-86.11084,39.82541]}},{"type":"Feature","properties":{"i":1},"geometry":{"type":"Point","coordinates":[-86.06689,39.82541]}},{"type":"Feature","properties":{"i":1},"geometry":{"type":"Point","coordinates":[-86.02295,39.82541]}},{"type":"Feature","properties":{"i":1},"geometry":{"type":"Point","coordinates":[-85.979,39.82541]}},{"type":"Feature","properties":{"i":1},"geometry":{"type":"Point","coordinates":[-85.93506,39.82541]}},{"type":"Feature","properties":{"i":1},"geometry":{"type":"Point","coordinates":[-85.89111,39.82541]}},{"type":"Feature","properties":{"i":0.42},"geometry":{"type":"Point","coordinates":[-85.84717,39.82541]}},{"type":"Feature","properties":{"i":1},"geometry":{"type":"Point","coordinates":[-85.80322,39.82541]}},{"type":"Feature","properties":{"i":1},"geometry":{"type":"Point","coordinates":[-85.75928,39.82541]}},{"type":"Feature","properties":{"i":0.91},"geometry":{"type":"Point","coordinates":[-86.81396,39.79165]}},{"type":"Feature","properties":{"i":0.04},"geometry":{"type":"Point","coordinates":[-86.59424,39.79165]}},{"type":"Feature","properties":{"i":0.23},"geometry":{"type":"Point","coordinates":[-86.55029,39.79165]}},{"type":"Feature","properties":{"i":0.28},"geometry":{"type":"Point","coordinates":[-86.50635,39.79165]}},{"type":"Feature","properties":{"i":0.32},"geometry":{"type":"Point","coordinates":[-86.4624,39.79165]}},{"type":"Feature","properties":{"i":0.78},"geometry":{"type":"Point","coordinates":[-86.41846,39.79165]}},{"type":"Feature","properties":{"i":0.99},"geometry":{"type":"Point","coordinates":[-86.37451,39.79165]}},{"type":"Feature","properties":{"i":0.92},"geometry":{"type":"Point","coordinates":[-86.33057,39.79165]}},{"type":"Feature","properties":{"i":1},"geometry":{"type":"Point","coordinates":[-86.28662,39.79165]}},{"type":"Feature","properties":{"i":1},"geometry":{"type":"Point","coordinates":[-86.24268,39.79165]}},{"type":"Feature","properties":{"i":1},"geometry":{"type":"Point","coordinates":[-86.19873,39.79165]}},{"type":"Feature","properties":{"i":1},"geometry":{"type":"Point","coordinates":[-86.15479,39.79165]}},{"type":"Feature","properties":{"i":1},"geometry":{"type":"Point","coordinates":[-86.11084,39.79165]}},{"type":"Feature","properties":{"i":1},"geometry":{"type":"Point","coordinates":[-86.06689,39.79165]}},{"type":"Feature","properties":{"i":1},"geometry":{"type":"Point","coordinates":[-86.02295,39.79165]}},{"type":"Feature","properties":{"i":1},"geometry":{"type":"Point","coordinates":[-85.979,39.79165]}},{"type":"Feature","properties":{"i":0.85},"geometry":{"type":"Point","coordinates":[-85.93506,39.79165]}},{"type":"Feature","properties":{"i":0.68},"geometry":{"type":"Point","coordinates":[-85.89111,39.79165]}},{"type":"Feature","properties":{"i":0.75},"geometry":{"type":"Point","coordinates":[-85.84717,39.79165]}},{"type":"Feature","properties":{"i":1},"geometry":{"type":"Point","coordinates":[-85.80322,39.79165]}},{"type":"Feature","properties":{"i":1},"geometry":{"type":"Point","coordinates":[-85.75928,39.79165]}}]}