{"type":"FeatureCollection","features":[{"type":"Feature","properties":{"i":0.09},"geometry":{"type":"Point","coordinates":[-98.54736,34.75967]}},{"type":"Feature","properties":{"i":0.33},"geometry":{"type":"Point","coordinates":[-98.50342,34.75967]}},{"type":"Feature","properties":{"i":0.51},"geometry":{"type":"Point","coordinates":[-98.50342,34.72355]}},{"type":"Feature","properties":{"i":0.34},"geometry":{"type":"Point","coordinates":[-98.45947,34.72355]}},{"type":"Feature","properties":{"i":0.02},"geometry":{"type":"Point","coordinates":[-98.54736,34.65129]}},{"type":"Feature","properties":{"i":0.07},"geometry":{"type":"Point","coordinates":[-98.45947,34.65129]}},{"type":"Feature","properties":{"i":0.18},"geometry":{"type":"Point","coordinates":[-98.76709,34.61513]}},{"type":"Feature","properties":{"i":0.15},"geometry":{"type":"Point","coordinates":[-98.6792,34.61513]}},{"type":"Feature","properties":{"i":0.92},"geometry":{"type":"Point","coordinates":[-98.63525,34.61513]}},{"type":"Feature","properties":{"i":0.05},"geometry":{"type":"Point","coordinates":[-98.59131,34.61513]}},{"type":"Feature","properties":{"i":0.45},"geometry":{"type":"Point","coordinates":[-98.54736,34.61513]}},{"type":"Feature","properties":{"i":1},"geometry":{"type":"Point","coordinates":[-98.50342,34.61513]}},{"type":"Feature","properties":{"i":1},"geometry":{"type":"Point","coordinates":[-98.45947,34.61513]}},{"type":"Feature","properties":{"i":0.09},"geometry":{"type":"Point","coordinates":[-98.59131,34.57895]}},{"type":"Feature","properties":{"i":0.33},"geometry":{"type":"Point","coordinates":[-98.54736,34.57895]}},{"type":"Feature","properties":{"i":0.96},"geometry":{"type":"Point","coordinates":[-98.50342,34.57895]}},{"type":"Feature","properties":{"i":1},"geometry":{"type":"Point","coordinates":[-98.45947,34.57895]}},{"type":"Feature","properties":{"i":0.18},"geometry":{"type":"Point","coordinates":[-98.50342,34.54276]}},{"type":"Feature","properties":{"i":0.41},"geometry":{"type":"Point","coordinates":[-98.63525,34.4341]}},{"type":"Feature","properties":{"i":0.24},"geometry":{"type":"Point","coordinates":[-98.63525,34.39784]}},{"type":"Feature","properties":{"i":0.91},"geometry":{"type":"Point","coordinates":[-98.41553,34.75967]}},{"type":"Feature","properties":{"i":0.64},"geometry":{"type":"Point","coordinates":[-98.37158,34.75967]}},{"type":"Feature","properties":{"i":0.65},"geometry":{"type":"Point","coordinates":[-98.32764,34.75967]}},{"type":"Feature","properties":{"i":0.57},"geometry":{"type":"Point","coordinates":[-98.28369,34.75967]}},{"type":"Feature","properties":{"i":0.28},"geometry":{"type":"Point","coordinates":[-98.15186,34.75967]}},{"type":"Feature","properties":{"i":0.22},"geometry":{"type":"Point","coordinates":[-97.97607,34.75967]}},{"type":"Feature","properties":{"i":0.35},"geometry":{"type":"Point","coordinates":[-97.93213,34.75967]}},{"type":"Feature","properties":{"i":0.5},"geometry":{"type":"Point","coordinates":[-97.80029,34.75967]}},{"type":"Feature","properties":{"i":1},"geometry":{"type":"Point","coordinates":[-97.75635,34.75967]}},{"type":"Feature","properties":{"i":0.8},"geometry":{"type":"Point","coordinates":[-97.7124,34.75967]}},{"type":"Feature","properties":{"i":0.13},"geometry":{"type":"Point","coordinates":[-97.62451,34.75967]}},{"type":"Feature","properties":{"i":0.37},"geometry":{"type":"Point","coordinates":[-97.58057,34.75967]}},{"type":"Feature","properties":{"i":0.15},"geometry":{"type":"Point","coordinates":[-97.31689,34.75967]}},{"type":"Feature","properties":{"i":0.39},"geometry":{"type":"Point","coordinates":[-97.27295,34.75967]}},{"type":"Feature","properties":{"i":1},"geometry":{"type":"Point","coordinates":[-97.229,34.75967]}},{"type":"Feature","properties":{"i":0.07},"geometry":{"type":"Point","coordinates":[-97.18506,34.75967]}},{"type":"Feature","properties":{"i":0.23},"geometry":{"type":"Point","coordinates":[-96.87744,34.75967]}},{"type":"Feature","properties":{"i":0.03},"geometry":{"type":"Point","coordinates":[-96.78955,34.75967]}},{"type":"Feature","properties":{"i":0.18},"geometry":{"type":"Point","coordinates":[-96.74561,34.75967]}},{"type":"Feature","properties":{"i":1},"geometry":{"type":"Point","coordinates":[-96.70166,34.75967]}},{"type":"Feature","properties":{"i":1},"geometry":{"type":"Point","coordinates":[-96.65771,34.75967]}},{"type":"Feature","properties":{"i":1},"geometry":{"type":"Point","coordinates":[-96.61377,34.75967]}},{"type":"Feature","properties":{"i":0.22},"geometry":{"type":"Point","coordinates":[-96.56982,34.75967]}},{"type":"Feature","properties":{"i":0.31},"geometry":{"type":"Point","coordinates":[-95.8667,34.75967]}},{"type":"Feature","properties":{"i":0.4},"geometry":{"type":"Point","coordinates":[-98.41553,34.72355]}},{"type":"Feature","properties":{"i":0.47},"geometry":{"type":"Point","coordinates":[-98.37158,34.72355]}},{"type":"Feature","properties":{"i":0.07},"geometry":{"type":"Point","coordinates":[-98.1958,34.72355]}},{"type":"Feature","properties":{"i":0.25},"geometry":{"type":"Point","coordinates":[-98.15186,34.72355]}},{"type":"Feature","properties":{"i":0.7},"geometry":{"type":"Point","coordinates":[-97.80029,34.72355]}},{"type":"Feature","properties":{"i":0.03},"geometry":{"type":"Point","coordinates":[-97.75635,34.72355]}},{"type":"Feature","properties":{"i":0.1},"geometry":{"type":"Point","coordinates":[-97.7124,34.72355]}},{"type":"Feature","properties":{"i":0.57},"geometry":{"type":"Point","coordinates":[-97.66846,34.72355]}},{"type":"Feature","properties":{"i":0.32},"geometry":{"type":"Point","coordinates":[-97.58057,34.72355]}},{"type":"Feature","properties":{"i":0.22},"geometry":{"type":"Point","coordinates":[-97.53662,34.72355]}},{"type":"Feature","properties":{"i":0.13},"geometry":{"type":"Point","coordinates":[-97.31689,34.72355]}},{"type":"Feature","properties":{"i":1},"geometry":{"type":"Point","coordinates":[-97.27295,34.72355]}},{"type":"Feature","properties":{"i":1},"geometry":{"type":"Point","coordinates":[-97.229,34.72355]}},{"type":"Feature","properties":{"i":0.34},"geometry":{"type":"Point","coordinates":[-97.18506,34.72355]}},{"type":"Feature","properties":{"i":0.71},"geometry":{"type":"Point","coordinates":[-96.70166,34.72355]}},{"type":"Feature","properties":{"i":1},"geometry":{"type":"Point","coordinates":[-96.65771,34.72355]}},{"type":"Feature","properties":{"i":0.25},"geometry":{"type":"Point","coordinates":[-96.61377,34.72355]}},{"type":"Feature","properties":{"i":0.88},"geometry":{"type":"Point","coordinates":[-95.91064,34.72355]}},{"type":"Feature","properties":{"i":0.56},"geometry":{"type":"Point","coordinates":[-95.8667,34.72355]}},{"type":"Feature","properties":{"i":0.05},"geometry":{"type":"Point","coordinates":[-95.82275,34.72355]}},{"type":"Feature","properties":{"i":0.61},"geometry":{"type":"Point","coordinates":[-98.41553,34.68743]}},{"type":"Feature","properties":{"i":0.55},"geometry":{"type":"Point","coordinates":[-98.37158,34.68743]}},{"type":"Feature","properties":{"i":0.23},"geometry":{"type":"Point","coordinates":[-97.97607,34.68743]}},{"type":"Feature","properties":{"i":1},"geometry":{"type":"Point","coordinates":[-97.7124,34.68743]}},{"type":"Feature","properties":{"i":0.87},"geometry":{"type":"Point","coordinates":[-97.62451,34.68743]}},{"type":"Feature","properties":{"i":1},"geometry":{"type":"Point","coordinates":[-97.53662,34.68743]}},{"type":"Feature","properties":{"i":0.45},"geometry":{"type":"Point","coordinates":[-97.44873,34.68743]}},{"type":"Feature","properties":{"i":0.39},"geometry":{"type":"Point","coordinates":[-97.40479,34.68743]}},{"type":"Feature","properties":{"i":0.37},"geometry":{"type":"Point","coordinates":[-97.27295,34.68743]}},{"type":"Feature","properties":{"i":0.94},"geometry":{"type":"Point","coordinates":[-97.229,34.68743]}},{"type":"Feature","properties":{"i":0.08},"geometry":{"type":"Point","coordinates":[-97.18506,34.68743]}},{"type":"Feature","properties":{"i":0.16},"geometry":{"type":"Point","coordinates":[-96.74561,34.68743]}},{"type":"Feature","properties":{"i":0.27},"geometry":{"type":"Point","coordinates":[-96.61377,34.68743]}},{"type":"Feature","properties":{"i":0.08},"geometry":{"type":"Point","coordinates":[-96.56982,34.68743]}},{"type":"Feature","properties":{"i":0.34},"geometry":{"type":"Point","coordinates":[-95.95459,34.68743]}},{"type":"Feature","properties":{"i":0.85},"geometry":{"type":"Point","coordinates":[-95.91064,34.68743]}},{"type":"Feature","properties":{"i":1},"geometry":{"type":"Point","coordinates":[-98.41553,34.65129]}},{"type":"Feature","properties":{"i":1},"geometry":{"type":"Point","coordinates":[-98.37158,34.65129]}},{"type":"Feature","properties":{"i":0.11},"geometry":{"type":"Point","coordinates":[-98.28369,34.65129]}},{"type":"Feature","properties":{"i":0.44},"geometry":{"type":"Point","coordinates":[-97.97607,34.65129]}},{"type":"Feature","properties":{"i":0.4},"geometry":{"type":"Point","coordinates":[-97.93213,34.65129]}},{"type":"Feature","properties":{"i":0.02},"geometry":{"type":"Point","coordinates":[-97.66846,34.65129]}},{"type":"Feature","properties":{"i":0.34},"geometry":{"type":"Point","coordinates":[-97.62451,34.65129]}},{"type":"Feature","properties":{"i":0.33},"geometry":{"type":"Point","coordinates":[-97.58057,34.65129]}},{"type":"Feature","properties":{"i":0.24},"geometry":{"type":"Point","coordinates":[-97.36084,34.65129]}},{"type":"Feature","properties":{"i":0.1},"geometry":{"type":"Point","coordinates":[-97.31689,34.65129]}},{"type":"Feature","properties":{"i":0.39},"geometry":{"type":"Point","coordinates":[-97.229,34.65129]}},{"type":"Feature","properties":{"i":0.19},"geometry":{"type":"Point","coordinates":[-97.18506,34.65129]}},{"type":"Feature","properties":{"i":0.55},"geometry":{"type":"Point","coordinates":[-97.14111,34.65129]}},{"type":"Feature","properties":{"i":0.26},"geometry":{"type":"Point","coordinates":[-96.78955,34.65129]}},{"type":"Feature","properties":{"i":0.41},"geometry":{"type":"Point","coordinates":[-96.52588,34.65129]}},{"type":"Feature","properties":{"i":0.03},"geometry":{"type":"Point","coordinates":[-96.48193,34.65129]}},{"type":"Feature","properties":{"i":0.25},"geometry":{"type":"Point","coordinates":[-96.17432,34.65129]}},{"type":"Feature","properties":{"i":1},"geometry":{"type":"Point","coordinates":[-98.41553,34.61513]}},{"type":"Feature","properties":{"i":1},"geometry":{"type":"Point","coordinates":[-98.37158,34.61513]}},{"type":"Feature","properties":{"i":0.7},"geometry":{"type":"Point","coordinates":[-98.32764,34.61513]}},{"type":"Feature","properties":{"i":0.09},"geometry":{"type":"Point","coordinates":[-98.28369,34.61513]}},{"type":"Feature","properties":{"i":0.35},"geometry":{"type":"Point","coordinates":[-98.1958,34.61513]}},{"type":"Feature","properties":{"i":0.39},"geometry":{"type":"Point","coordinates":[-98.10791,34.61513]}},{"type":"Feature","properties":{"i":0.27},"geometry":{"type":"Point","coordinates":[-98.06396,34.61513]}},{"type":"Feature","properties":{"i":0.53},"geometry":{"type":"Point","coordinates":[-97.97607,34.61513]}},{"type":"Feature","properties":{"i":0.16},"geometry":{"type":"Point","coordinates":[-97.93213,34.61513]}},{"type":"Feature","properties":{"i":0.25},"geometry":{"type":"Point","coordinates":[-97.66846,34.61513]}},{"type":"Feature","properties":{"i":0.3},"geometry":{"type":"Point","coordinates":[-97.62451,34.61513]}},{"type":"Feature","properties":{"i":0.72},"geometry":{"type":"Point","coordinates":[-97.53662,34.61513]}},{"type":"Feature","properties":{"i":0.45},"geometry":{"type":"Point","coordinates":[-97.44873,34.61513]}},{"type":"Feature","properties":{"i":0.72},"geometry":{"type":"Point","coordinates":[-97.40479,34.61513]}},{"type":"Feature","properties":{"i":0.55},"geometry":{"type":"Point","coordinates":[-97.229,34.61513]}},{"type":"Feature","properties":{"i":0.69},"geometry":{"type":"Point","coordinates":[-97.18506,34.61513]}},{"type":"Feature","properties":{"i":1},"geometry":{"type":"Point","coordinates":[-97.14111,34.61513]}},{"type":"Feature","properties":{"i":0.1},"geometry":{"type":"Point","coordinates":[-96.87744,34.61513]}},{"type":"Feature","properties":{"i":0.32},"geometry":{"type":"Point","coordinates":[-96.8335,34.61513]}},{"type":"Feature","properties":{"i":0.6},"geometry":{"type":"Point","coordinates":[-96.61377,34.61513]}},{"type":"Feature","properties":{"i":0.18},"geometry":{"type":"Point","coordinates":[-96.56982,34.61513]}},{"type":"Feature","properties":{"i":0.48},"geometry":{"type":"Point","coordinates":[-96.43799,34.61513]}},{"type":"Feature","properties":{"i":0.15},"geometry":{"type":"Point","coordinates":[-96.39404,34.61513]}},{"type":"Feature","properties":{"i":1},"geometry":{"type":"Point","coordinates":[-98.41553,34.57895]}},{"type":"Feature","properties":{"i":1},"geometry":{"type":"Point","coordinates":[-98.37158,34.57895]}},{"type":"Feature","properties":{"i":0.79},"geometry":{"type":"Point","coordinates":[-98.32764,34.57895]}},{"type":"Feature","properties":{"i":0.11},"geometry":{"type":"Point","coordinates":[-98.28369,34.57895]}},{"type":"Feature","properties":{"i":0.12},"geometry":{"type":"Point","coordinates":[-98.23975,34.57895]}},{"type":"Feature","properties":{"i":0.25},"geometry":{"type":"Point","coordinates":[-98.1958,34.57895]}},{"type":"Feature","properties":{"i":0.05},"geometry":{"type":"Point","coordinates":[-98.10791,34.57895]}},{"type":"Feature","properties":{"i":0.86},"geometry":{"type":"Point","coordinates":[-97.97607,34.57895]}},{"type":"Feature","properties":{"i":0.35},"geometry":{"type":"Point","coordinates":[-97.93213,34.57895]}},{"type":"Feature","properties":{"i":0.04},"geometry":{"type":"Point","coordinates":[-97.7124,34.57895]}},{"type":"Feature","properties":{"i":0.07},"geometry":{"type":"Point","coordinates":[-97.62451,34.57895]}},{"type":"Feature","properties":{"i":0.11},"geometry":{"type":"Point","coordinates":[-97.44873,34.57895]}},{"type":"Feature","properties":{"i":0.05},"geometry":{"type":"Point","coordinates":[-97.40479,34.57895]}},{"type":"Feature","properties":{"i":0.3},"geometry":{"type":"Point","coordinates":[-97.18506,34.57895]}},{"type":"Feature","properties":{"i":0.3},"geometry":{"type":"Point","coordinates":[-96.92139,34.57895]}},{"type":"Feature","properties":{"i":0.03},"geometry":{"type":"Point","coordinates":[-96.78955,34.57895]}},{"type":"Feature","properties":{"i":1},"geometry":{"type":"Point","coordinates":[-96.30615,34.57895]}},{"type":"Feature","properties":{"i":0.25},"geometry":{"type":"Point","coordinates":[-96.26221,34.57895]}},{"type":"Feature","properties":{"i":0.21},"geometry":{"type":"Point","coordinates":[-98.41553,34.54276]}},{"type":"Feature","properties":{"i":0.09},"geometry":{"type":"Point","coordinates":[-98.37158,34.54276]}},{"type":"Feature","properties":{"i":0.76},"geometry":{"type":"Point","coordinates":[-98.32764,34.54276]}},{"type":"Feature","properties":{"i":1},"geometry":{"type":"Point","coordinates":[-97.97607,34.54276]}},{"type":"Feature","properties":{"i":0.4},"geometry":{"type":"Point","coordinates":[-97.93213,34.54276]}},{"type":"Feature","properties":{"i":0.11},"geometry":{"type":"Point","coordinates":[-97.88818,34.54276]}},{"type":"Feature","properties":{"i":0.37},"geometry":{"type":"Point","coordinates":[-97.7124,34.54276]}},{"type":"Feature","properties":{"i":0.49},"geometry":{"type":"Point","coordinates":[-97.66846,34.54276]}},{"type":"Feature","properties":{"i":0.49},"geometry":{"type":"Point","coordinates":[-97.62451,34.54276]}},{"type":"Feature","properties":{"i":0.36},"geometry":{"type":"Point","coordinates":[-97.58057,34.54276]}},{"type":"Feature","properties":{"i":0.03},"geometry":{"type":"Point","coordinates":[-97.53662,34.54276]}},{"type":"Feature","properties":{"i":0.14},"geometry":{"type":"Point","coordinates":[-97.44873,34.54276]}},{"type":"Feature","properties":{"i":0.19},"geometry":{"type":"Point","coordinates":[-97.05322,34.54276]}},{"type":"Feature","properties":{"i":0.99},"geometry":{"type":"Point","coordinates":[-96.61377,34.54276]}},{"type":"Feature","properties":{"i":0.27},"geometry":{"type":"Point","coordinates":[-96.26221,34.54276]}},{"type":"Feature","properties":{"i":0.69},"geometry":{"type":"Point","coordinates":[-96.21826,34.54276]}},{"type":"Feature","properties":{"i":0.7},"geometry":{"type":"Point","coordinates":[-98.37158,34.50656]}},{"type":"Feature","properties":{"i":1},"geometry":{"type":"Point","coordinates":[-98.32764,34.50656]}},{"type":"Feature","properties":{"i":0.19},"geometry":{"type":"Point","coordinates":[-98.02002,34.50656]}},{"type":"Feature","properties":{"i":1},"geometry":{"type":"Point","coordinates":[-97.97607,34.50656]}},{"type":"Feature","properties":{"i":0.83},"geometry":{"type":"Point","coordinates":[-97.93213,34.50656]}},{"type":"Feature","properties":{"i":0.02},"geometry":{"type":"Point","coordinates":[-97.66846,34.50656]}},{"type":"Feature","properties":{"i":1},"geometry":{"type":"Point","coordinates":[-97.62451,34.50656]}},{"type":"Feature","properties":{"i":0.15},"geometry":{"type":"Point","coordinates":[-97.58057,34.50656]}},{"type":"Feature","properties":{"i":0.12},"geometry":{"type":"Point","coordinates":[-97.53662,34.50656]}},{"type":"Feature","properties":{"i":0.56},"geometry":{"type":"Point","coordinates":[-97.49268,34.50656]}},{"type":"Feature","properties":{"i":0.25},"geometry":{"type":"Point","coordinates":[-97.31689,34.50656]}},{"type":"Feature","properties":{"i":0.96},"geometry":{"type":"Point","coordinates":[-97.27295,34.50656]}},{"type":"Feature","properties":{"i":0.3},"geometry":{"type":"Point","coordinates":[-97.229,34.50656]}},{"type":"Feature","properties":{"i":1},"geometry":{"type":"Point","coordinates":[-97.18506,34.50656]}},{"type":"Feature","properties":{"i":0.51},"geometry":{"type":"Point","coordinates":[-97.14111,34.50656]}},{"type":"Feature","properties":{"i":0.8},"geometry":{"type":"Point","coordinates":[-97.09717,34.50656]}},{"type":"Feature","properties":{"i":0.3},"geometry":{"type":"Point","coordinates":[-97.05322,34.50656]}},{"type":"Feature","properties":{"i":0.49},"geometry":{"type":"Point","coordinates":[-97.00928,34.50656]}},{"type":"Feature","properties":{"i":0.85},"geometry":{"type":"Point","coordinates":[-96.96533,34.50656]}},{"type":"Feature","properties":{"i":0.03},"geometry":{"type":"Point","coordinates":[-96.87744,34.50656]}},{"type":"Feature","properties":{"i":0.85},"geometry":{"type":"Point","coordinates":[-96.61377,34.50656]}},{"type":"Feature","properties":{"i":0.89},"geometry":{"type":"Point","coordinates":[-96.21826,34.50656]}},{"type":"Feature","properties":{"i":0.83},"geometry":{"type":"Point","coordinates":[-96.04248,34.50656]}},{"type":"Feature","properties":{"i":0.27},"geometry":{"type":"Point","coordinates":[-95.82275,34.50656]}},{"type":"Feature","properties":{"i":0.44},"geometry":{"type":"Point","coordinates":[-98.37158,34.47034]}},{"type":"Feature","properties":{"i":0.67},"geometry":{"type":"Point","coordinates":[-98.06396,34.47034]}},{"type":"Feature","properties":{"i":0.92},"geometry":{"type":"Point","coordinates":[-97.97607,34.47034]}},{"type":"Feature","properties":{"i":1},"geometry":{"type":"Point","coordinates":[-97.93213,34.47034]}},{"type":"Feature","properties":{"i":0.14},"geometry":{"type":"Point","coordinates":[-97.88818,34.47034]}},{"type":"Feature","properties":{"i":0.42},"geometry":{"type":"Point","coordinates":[-97.7124,34.47034]}},{"type":"Feature","properties":{"i":0.75},"geometry":{"type":"Point","coordinates":[-97.66846,34.47034]}},{"type":"Feature","properties":{"i":0.19},"geometry":{"type":"Point","coordinates":[-97.62451,34.47034]}},{"type":"Feature","properties":{"i":0.33},"geometry":{"type":"Point","coordinates":[-97.58057,34.47034]}},{"type":"Feature","properties":{"i":0.45},"geometry":{"type":"Point","coordinates":[-97.53662,34.47034]}},{"type":"Feature","properties":{"i":0.25},"geometry":{"type":"Point","coordinates":[-97.49268,34.47034]}},{"type":"Feature","properties":{"i":0.24},"geometry":{"type":"Point","coordinates":[-97.44873,34.47034]}},{"type":"Feature","properties":{"i":0.09},"geometry":{"type":"Point","coordinates":[-97.31689,34.47034]}},{"type":"Feature","properties":{"i":0.49},"geometry":{"type":"Point","coordinates":[-97.27295,34.47034]}},{"type":"Feature","properties":{"i":0.79},"geometry":{"type":"Point","coordinates":[-97.229,34.47034]}},{"type":"Feature","properties":{"i":0.86},"geometry":{"type":"Point","coordinates":[-97.18506,34.47034]}},{"type":"Feature","properties":{"i":0.68},"geometry":{"type":"Point","coordinates":[-97.14111,34.47034]}},{"type":"Feature","properties":{"i":0.39},"geometry":{"type":"Point","coordinates":[-97.09717,34.47034]}},{"type":"Feature","properties":{"i":0.05},"geometry":{"type":"Point","coordinates":[-97.05322,34.47034]}},{"type":"Feature","properties":{"i":0.22},"geometry":{"type":"Point","coordinates":[-97.00928,34.47034]}},{"type":"Feature","properties":{"i":0.1},"geometry":{"type":"Point","coordinates":[-96.96533,34.47034]}},{"type":"Feature","properties":{"i":0.02},"geometry":{"type":"Point","coordinates":[-96.92139,34.47034]}},{"type":"Feature","properties":{"i":0.56},"geometry":{"type":"Point","coordinates":[-96.87744,34.47034]}},{"type":"Feature","properties":{"i":0.26},"geometry":{"type":"Point","coordinates":[-96.21826,34.47034]}},{"type":"Feature","properties":{"i":0.12},"geometry":{"type":"Point","coordinates":[-96.04248,34.47034]}},{"type":"Feature","properties":{"i":0.04},"geometry":{"type":"Point","coordinates":[-98.02002,34.4341]}},{"type":"Feature","properties":{"i":0.25},"geometry":{"type":"Point","coordinates":[-97.97607,34.4341]}},{"type":"Feature","properties":{"i":0.31},"geometry":{"type":"Point","coordinates":[-97.88818,34.4341]}},{"type":"Feature","properties":{"i":0.5},"geometry":{"type":"Point","coordinates":[-97.7124,34.4341]}},{"type":"Feature","properties":{"i":0.77},"geometry":{"type":"Point","coordinates":[-97.66846,34.4341]}},{"type":"Feature","properties":{"i":0.22},"geometry":{"type":"Point","coordinates":[-97.62451,34.4341]}},{"type":"Feature","properties":{"i":0.02},"geometry":{"type":"Point","coordinates":[-97.58057,34.4341]}},{"type":"Feature","properties":{"i":0.24},"geometry":{"type":"Point","coordinates":[-97.53662,34.4341]}},{"type":"Feature","properties":{"i":0.94},"geometry":{"type":"Point","coordinates":[-97.49268,34.4341]}},{"type":"Feature","properties":{"i":0.44},"geometry":{"type":"Point","coordinates":[-97.44873,34.4341]}},{"type":"Feature","properties":{"i":0.12},"geometry":{"type":"Point","coordinates":[-97.14111,34.4341]}},{"type":"Feature","properties":{"i":0.13},"geometry":{"type":"Point","coordinates":[-97.09717,34.4341]}},{"type":"Feature","properties":{"i":0.14},"geometry":{"type":"Point","coordinates":[-97.05322,34.4341]}},{"type":"Feature","properties":{"i":0.03},"geometry":{"type":"Point","coordinates":[-97.00928,34.4341]}},{"type":"Feature","properties":{"i":0.4},"geometry":{"type":"Point","coordinates":[-96.96533,34.4341]}},{"type":"Feature","properties":{"i":0.09},"geometry":{"type":"Point","coordinates":[-96.8335,34.4341]}},{"type":"Feature","properties":{"i":0.03},"geometry":{"type":"Point","coordinates":[-96.61377,34.4341]}},{"type":"Feature","properties":{"i":0.08},"geometry":{"type":"Point","coordinates":[-96.08643,34.4341]}},{"type":"Feature","properties":{"i":0.53},"geometry":{"type":"Point","coordinates":[-97.97607,34.39784]}},{"type":"Feature","properties":{"i":0.13},"geometry":{"type":"Point","coordinates":[-97.93213,34.39784]}},{"type":"Feature","properties":{"i":0.12},"geometry":{"type":"Point","coordinates":[-97.58057,34.39784]}},{"type":"Feature","properties":{"i":0.36},"geometry":{"type":"Point","coordinates":[-97.53662,34.39784]}},{"type":"Feature","properties":{"i":0.63},"geometry":{"type":"Point","coordinates":[-97.44873,34.39784]}},{"type":"Feature","properties":{"i":0.19},"geometry":{"type":"Point","coordinates":[-96.96533,34.39784]}},{"type":"Feature","properties":{"i":0.51},"geometry":{"type":"Point","coordinates":[-96.8335,34.39784]}},{"type":"Feature","properties":{"i":0.3},"geometry":{"type":"Point","coordinates":[-96.17432,34.39784]}},{"type":"Feature","properties":{"i":0.92},"geometry":{"type":"Point","coordinates":[-96.13037,34.39784]}},{"type":"Feature","properties":{"i":0.51},"geometry":{"type":"Point","coordinates":[-96.08643,34.39784]}},{"type":"Feature","properties":{"i":0.56},"geometry":{"type":"Point","coordinates":[-98.41553,34.36158]}},{"type":"Feature","properties":{"i":0.82},"geometry":{"type":"Point","coordinates":[-98.32764,34.36158]}},{"type":"Feature","properties":{"i":0.63},"geometry":{"type":"Point","coordinates":[-98.28369,34.36158]}},{"type":"Feature","properties":{"i":0.52},"geometry":{"type":"Point","coordinates":[-97.97607,34.36158]}},{"type":"Feature","properties":{"i":0.33},"geometry":{"type":"Point","coordinates":[-97.49268,34.36158]}},{"type":"Feature","properties":{"i":0.14},"geometry":{"type":"Point","coordinates":[-97.05322,34.36158]}},{"type":"Feature","properties":{"i":0.71},"geometry":{"type":"Point","coordinates":[-97.00928,34.36158]}},{"type":"Feature","properties":{"i":0.19},"geometry":{"type":"Point","coordinates":[-96.87744,34.36158]}},{"type":"Feature","properties":{"i":1},"geometry":{"type":"Point","coordinates":[-96.8335,34.36158]}},{"type":"Feature","properties":{"i":0.91},"geometry":{"type":"Point","coordinates":[-96.78955,34.36158]}},{"type":"Feature","properties":{"i":0.4},"geometry":{"type":"Point","coordinates":[-96.43799,34.36158]}},{"type":"Feature","properties":{"i":0.02},"geometry":{"type":"Point","coordinates":[-96.39404,34.36158]}},{"type":"Feature","properties":{"i":0.14},"geometry":{"type":"Point","coordinates":[-96.17432,34.36158]}},{"type":"Feature","properties":{"i":0.93},"geometry":{"type":"Point","coordinates":[-96.13037,34.36158]}},{"type":"Feature","properties":{"i":0.27},"geometry":{"type":"Point","coordinates":[-96.08643,34.36158]}},{"type":"Feature","properties":{"i":0.47},"geometry":{"type":"Point","coordinates":[-98.32764,34.32529]}},{"type":"Feature","properties":{"i":0.43},"geometry":{"type":"Point","coordinates":[-98.28369,34.32529]}},{"type":"Feature","properties":{"i":0.72},"geometry":{"type":"Point","coordinates":[-97.58057,34.32529]}},{"type":"Feature","properties":{"i":0.34},"geometry":{"type":"Point","coordinates":[-97.49268,34.32529]}},{"type":"Feature","properties":{"i":0.79},"geometry":{"type":"Point","coordinates":[-97.31689,34.32529]}},{"type":"Feature","properties":{"i":0.47},"geometry":{"type":"Point","coordinates":[-97.14111,34.32529]}},{"type":"Feature","properties":{"i":0.28},"geometry":{"type":"Point","coordinates":[-97.00928,34.32529]}},{"type":"Feature","properties":{"i":0.71},"geometry":{"type":"Point","coordinates":[-96.78955,34.32529]}},{"type":"Feature","properties":{"i":1},"geometry":{"type":"Point","coordinates":[-96.17432,34.32529]}},{"type":"Feature","properties":{"i":0.47},"geometry":{"type":"Point","coordinates":[-96.13037,34.32529]}},{"type":"Feature","properties":{"i":0.21},"geometry":{"type":"Point","coordinates":[-96.04248,34.32529]}},{"type":"Feature","properties":{"i":0.36},"geometry":{"type":"Point","coordinates":[-95.07568,34.75967]}},{"type":"Feature","properties":{"i":0.69},"geometry":{"type":"Point","coordinates":[-95.03174,34.75967]}},{"type":"Feature","properties":{"i":0.37},"geometry":{"type":"Point","coordinates":[-95.03174,34.72355]}},{"type":"Feature","properties":{"i":0.28},"geometry":{"type":"Point","coordinates":[-94.8999,34.68743]}},{"type":"Feature","properties":{"i":0.69},"geometry":{"type":"Point","coordinates":[-95.33936,34.57895]}},{"type":"Feature","properties":{"i":0.02},"geometry":{"type":"Point","coordinates":[-94.8999,34.39784]}},{"type":"Feature","properties":{"i":0.1},"geometry":{"type":"Point","coordinates":[-98.45947,34.28899]}},{"type":"Feature","properties":{"i":0.29},"geometry":{"type":"Point","coordinates":[-98.6792,34.21634]}},{"type":"Feature","properties":{"i":0.03},"geometry":{"type":"Point","coordinates":[-98.59131,34.18]}},{"type":"Feature","properties":{"i":0.82},"geometry":{"type":"Point","coordinates":[-98.50342,34.18]}},{"type":"Feature","properties":{"i":0.21},"geometry":{"type":"Point","coordinates":[-98.45947,34.18]}},{"type":"Feature","properties":{"i":0.78},"geometry":{"type":"Point","coordinates":[-98.50342,34.14363]}},{"type":"Feature","properties":{"i":0.57},"geometry":{"type":"Point","coordinates":[-98.59131,34.10726]}},{"type":"Feature","properties":{"i":0.67},"geometry":{"type":"Point","coordinates":[-98.54736,34.10726]}},{"type":"Feature","properties":{"i":0.69},"geometry":{"type":"Point","coordinates":[-98.50342,34.10726]}},{"type":"Feature","properties":{"i":0.44},"geometry":{"type":"Point","coordinates":[-98.59131,34.07086]}},{"type":"Feature","properties":{"i":0.96},"geometry":{"type":"Point","coordinates":[-98.54736,34.07086]}},{"type":"Feature","properties":{"i":0.19},"geometry":{"type":"Point","coordinates":[-98.54736,34.03445]}},{"type":"Feature","properties":{"i":0.78},"geometry":{"type":"Point","coordinates":[-98.54736,33.99803]}},{"type":"Feature","properties":{"i":0.62},"geometry":{"type":"Point","coordinates":[-98.50342,33.99803]}},{"type":"Feature","properties":{"i":0.6},"geometry":{"type":"Point","coordinates":[-98.72314,33.96159]}},{"type":"Feature","properties":{"i":0.86},"geometry":{"type":"Point","coordinates":[-98.6792,33.96159]}},{"type":"Feature","properties":{"i":0.71},"geometry":{"type":"Point","coordinates":[-98.63525,33.96159]}},{"type":"Feature","properties":{"i":0.33},"geometry":{"type":"Point","coordinates":[-98.59131,33.96159]}},{"type":"Feature","properties":{"i":0.64},"geometry":{"type":"Point","coordinates":[-98.54736,33.96159]}},{"type":"Feature","properties":{"i":1},"geometry":{"type":"Point","coordinates":[-98.50342,33.96159]}},{"type":"Feature","properties":{"i":0.17},"geometry":{"type":"Point","coordinates":[-98.45947,33.96159]}},{"type":"Feature","properties":{"i":0.46},"geometry":{"type":"Point","coordinates":[-98.6792,33.92513]}},{"type":"Feature","properties":{"i":0.09},"geometry":{"type":"Point","coordinates":[-98.63525,33.92513]}},{"type":"Feature","properties":{"i":0.36},"geometry":{"type":"Point","coordinates":[-98.59131,33.92513]}},{"type":"Feature","properties":{"i":1},"geometry":{"type":"Point","coordinates":[-98.54736,33.92513]}},{"type":"Feature","properties":{"i":1},"geometry":{"type":"Point","coordinates":[-98.50342,33.92513]}},{"type":"Feature","properties":{"i":0.63},"geometry":{"type":"Point","coordinates":[-98.45947,33.92513]}},{"type":"Feature","properties":{"i":0.11},"geometry":{"type":"Point","coordinates":[-98.6792,33.88866]}},{"type":"Feature","properties":{"i":0.14},"geometry":{"type":"Point","coordinates":[-98.63525,33.88866]}},{"type":"Feature","properties":{"i":0.75},"geometry":{"type":"Point","coordinates":[-98.59131,33.88866]}},{"type":"Feature","properties":{"i":1},"geometry":{"type":"Point","coordinates":[-98.54736,33.88866]}},{"type":"Feature","properties":{"i":1},"geometry":{"type":"Point","coordinates":[-98.50342,33.88866]}},{"type":"Feature","properties":{"i":1},"geometry":{"type":"Point","coordinates":[-98.45947,33.88866]}},{"type":"Feature","properties":{"i":0.57},"geometry":{"type":"Point","coordinates":[-98.63525,33.85217]}},{"type":"Feature","properties":{"i":1},"geometry":{"type":"Point","coordinates":[-98.59131,33.85217]}},{"type":"Feature","properties":{"i":1},"geometry":{"type":"Point","coordinates":[-98.54736,33.85217]}},{"type":"Feature","properties":{"i":1},"geometry":{"type":"Point","coordinates":[-98.50342,33.85217]}},{"type":"Feature","properties":{"i":0.84},"geometry":{"type":"Point","coordinates":[-98.45947,33.85217]}},{"type":"Feature","properties":{"i":0.85},"geometry":{"type":"Point","coordinates":[-98.6792,33.81567]}},{"type":"Feature","properties":{"i":0.1},"geometry":{"type":"Point","coordinates":[-98.59131,33.81567]}},{"type":"Feature","properties":{"i":0.35},"geometry":{"type":"Point","coordinates":[-98.54736,33.81567]}},{"type":"Feature","properties":{"i":0.86},"geometry":{"type":"Point","coordinates":[-98.50342,33.81567]}},{"type":"Feature","properties":{"i":0.28},"geometry":{"type":"Point","coordinates":[-98.45947,33.81567]}},{"type":"Feature","properties":{"i":0.15},"geometry":{"type":"Point","coordinates":[-98.6792,33.77915]}},{"type":"Feature","properties":{"i":0.02},"geometry":{"type":"Point","coordinates":[-98.54736,33.77915]}},{"type":"Feature","properties":{"i":0.09},"geometry":{"type":"Point","coordinates":[-98.45947,33.6695]}},{"type":"Feature","properties":{"i":0.08},"geometry":{"type":"Point","coordinates":[-98.50342,33.63292]}},{"type":"Feature","properties":{"i":0.73},"geometry":{"type":"Point","coordinates":[-98.63525,33.59632]}},{"type":"Feature","properties":{"i":0.03},"geometry":{"type":"Point","coordinates":[-98.59131,33.59632]}},{"type":"Feature","properties":{"i":0.05},"geometry":{"type":"Point","coordinates":[-98.45947,33.55971]}},{"type":"Feature","properties":{"i":0.02},"geometry":{"type":"Point","coordinates":[-98.76709,33.52308]}},{"type":"Feature","properties":{"i":1},"geometry":{"type":"Point","coordinates":[-98.63525,33.4131]}},{"type":"Feature","properties":{"i":0.58},"geometry":{"type":"Point","coordinates":[-98.59131,33.4131]}},{"type":"Feature","properties":{"i":0.76},"geometry":{"type":"Point","coordinates":[-98.76709,33.37641]}},{"type":"Feature","properties":{"i":0.49},"geometry":{"type":"Point","coordinates":[-98.72314,33.37641]}},{"type":"Feature","properties":{"i":0.6},"geometry":{"type":"Point","coordinates":[-98.76709,33.33971]}},{"type":"Feature","properties":{"i":0.94},"geometry":{"type":"Point","coordinates":[-98.72314,33.33971]}},{"type":"Feature","properties":{"i":0.07},"geometry":{"type":"Point","coordinates":[-98.59131,33.2295]}},{"type":"Feature","properties":{"i":0.16},"geometry":{"type":"Point","coordinates":[-98.72314,33.19273]}},{"type":"Feature","properties":{"i":0.86},"geometry":{"type":"Point","coordinates":[-98.59131,33.11915]}},{"type":"Feature","properties":{"i":0.64},"geometry":{"type":"Point","coordinates":[-98.54736,33.11915]}},{"type":"Feature","properties":{"i":0.13},"geometry":{"type":"Point","coordinates":[-98.50342,33.11915]}},{"type":"Feature","properties":{"i":0.99},"geometry":{"type":"Point","coordinates":[-98.59131,33.08234]}},{"type":"Feature","properties":{"i":0.52},"geometry":{"type":"Point","coordinates":[-98.54736,33.08234]}},{"type":"Feature","properties":{"i":0.07},"geometry":{"type":"Point","coordinates":[-98.54736,33.04551]}},{"type":"Feature","properties":{"i":0.25},"geometry":{"type":"Point","coordinates":[-98.50342,33.04551]}},{"type":"Feature","properties":{"i":0.23},"geometry":{"type":"Point","coordinates":[-98.76709,32.89804]}},{"type":"Feature","properties":{"i":0.23},"geometry":{"type":"Point","coordinates":[-98.59131,32.89804]}},{"type":"Feature","properties":{"i":0.19},"geometry":{"type":"Point","coordinates":[-98.54736,32.89804]}},{"type":"Feature","properties":{"i":0.13},"geometry":{"type":"Point","coordinates":[-98.50342,32.89804]}},{"type":"Feature","properties":{"i":0.32},"geometry":{"type":"Point","coordinates":[-98.45947,32.89804]}},{"type":"Feature","properties":{"i":0.05},"geometry":{"type":"Point","coordinates":[-98.50342,32.86113]}},{"type":"Feature","properties":{"i":0.29},"geometry":{"type":"Point","coordinates":[-98.45947,32.86113]}},{"type":"Feature","properties":{"i":0.27},"geometry":{"type":"Point","coordinates":[-98.45947,32.78727]}},{"type":"Feature","properties":{"i":0.02},"geometry":{"type":"Point","coordinates":[-98.63525,32.71336]}},{"type":"Feature","properties":{"i":0.98},"geometry":{"type":"Point","coordinates":[-98.50342,32.71336]}},{"type":"Feature","properties":{"i":0.05},"geometry":{"type":"Point","coordinates":[-98.50342,32.56533]}},{"type":"Feature","properties":{"i":0.37},"geometry":{"type":"Point","coordinates":[-98.45947,32.56533]}},{"type":"Feature","properties":{"i":0.29},"geometry":{"type":"Point","coordinates":[-98.50342,32.52829]}},{"type":"Feature","properties":{"i":0.17},"geometry":{"type":"Point","coordinates":[-98.45947,32.52829]}},{"type":"Feature","properties":{"i":0.36},"geometry":{"type":"Point","coordinates":[-98.72314,32.49123]}},{"type":"Feature","properties":{"i":0.12},"geometry":{"type":"Point","coordinates":[-98.54736,32.49123]}},{"type":"Feature","properties":{"i":0.42},"geometry":{"type":"Point","coordinates":[-98.50342,32.49123]}},{"type":"Feature","properties":{"i":1},"geometry":{"type":"Point","coordinates":[-98.6792,32.45416]}},{"type":"Feature","properties":{"i":0.4},"geometry":{"type":"Point","coordinates":[-98.63525,32.45416]}},{"type":"Feature","properties":{"i":1},"geometry":{"type":"Point","coordinates":[-98.76709,32.41707]}},{"type":"Feature","properties":{"i":1},"geometry":{"type":"Point","coordinates":[-98.76709,32.37996]}},{"type":"Feature","properties":{"i":0.05},"geometry":{"type":"Point","coordinates":[-98.72314,32.37996]}},{"type":"Feature","properties":{"i":0.28},"geometry":{"type":"Point","coordinates":[-98.6792,32.23139]}},{"type":"Feature","properties":{"i":0.7},"geometry":{"type":"Point","coordinates":[-98.6792,32.19421]}},{"type":"Feature","properties":{"i":0.12},"geometry":{"type":"Point","coordinates":[-98.63525,32.19421]}},{"type":"Feature","properties":{"i":0.91},"geometry":{"type":"Point","coordinates":[-98.54736,32.1198]}},{"type":"Feature","properties":{"i":0.82},"geometry":{"type":"Point","coordinates":[-98.50342,32.1198]}},{"type":"Feature","properties":{"i":0.04},"geometry":{"type":"Point","coordinates":[-98.54736,32.08257]}},{"type":"Feature","properties":{"i":0.43},"geometry":{"type":"Point","coordinates":[-98.45947,32.08257]}},{"type":"Feature","properties":{"i":0.61},"geometry":{"type":"Point","coordinates":[-98.54736,31.9708]}},{"type":"Feature","properties":{"i":0.13},"geometry":{"type":"Point","coordinates":[-98.23975,34.28899]}},{"type":"Feature","properties":{"i":0.14},"geometry":{"type":"Point","coordinates":[-97.49268,34.28899]}},{"type":"Feature","properties":{"i":0.03},"geometry":{"type":"Point","coordinates":[-97.18506,34.28899]}},{"type":"Feature","properties":{"i":0.96},"geometry":{"type":"Point","coordinates":[-97.14111,34.28899]}},{"type":"Feature","properties":{"i":1},"geometry":{"type":"Point","coordinates":[-97.05322,34.28899]}},{"type":"Feature","properties":{"i":1},"geometry":{"type":"Point","coordinates":[-97.00928,34.28899]}},{"type":"Feature","properties":{"i":0.25},"geometry":{"type":"Point","coordinates":[-96.61377,34.28899]}},{"type":"Feature","properties":{"i":0.03},"geometry":{"type":"Point","coordinates":[-96.52588,34.28899]}},{"type":"Feature","properties":{"i":0.15},"geometry":{"type":"Point","coordinates":[-96.43799,34.28899]}},{"type":"Feature","properties":{"i":0.27},"geometry":{"type":"Point","coordinates":[-96.17432,34.28899]}},{"type":"Feature","properties":{"i":0.19},"geometry":{"type":"Point","coordinates":[-96.08643,34.28899]}},{"type":"Feature","properties":{"i":0.46},"geometry":{"type":"Point","coordinates":[-95.99854,34.28899]}},{"type":"Feature","properties":{"i":0.07},"geometry":{"type":"Point","coordinates":[-98.41553,34.25268]}},{"type":"Feature","properties":{"i":0.45},"geometry":{"type":"Point","coordinates":[-98.23975,34.25268]}},{"type":"Feature","properties":{"i":0.22},"geometry":{"type":"Point","coordinates":[-98.06396,34.25268]}},{"type":"Feature","properties":{"i":0.84},"geometry":{"type":"Point","coordinates":[-97.97607,34.25268]}},{"type":"Feature","properties":{"i":0.14},"geometry":{"type":"Point","coordinates":[-97.93213,34.25268]}},{"type":"Feature","properties":{"i":0.02},"geometry":{"type":"Point","coordinates":[-97.53662,34.25268]}},{"type":"Feature","properties":{"i":0.29},"geometry":{"type":"Point","coordinates":[-97.49268,34.25268]}},{"type":"Feature","properties":{"i":0.15},"geometry":{"type":"Point","coordinates":[-97.229,34.25268]}},{"type":"Feature","properties":{"i":0.15},"geometry":{"type":"Point","coordinates":[-97.05322,34.25268]}},{"type":"Feature","properties":{"i":0.65},"geometry":{"type":"Point","coordinates":[-97.00928,34.25268]}},{"type":"Feature","properties":{"i":0.34},"geometry":{"type":"Point","coordinates":[-96.92139,34.25268]}},{"type":"Feature","properties":{"i":0.19},"geometry":{"type":"Point","coordinates":[-96.74561,34.25268]}},{"type":"Feature","properties":{"i":0.09},"geometry":{"type":"Point","coordinates":[-96.70166,34.25268]}},{"type":"Feature","properties":{"i":0.89},"geometry":{"type":"Point","coordinates":[-96.65771,34.25268]}},{"type":"Feature","properties":{"i":0.42},"geometry":{"type":"Point","coordinates":[-96.52588,34.25268]}},{"type":"Feature","properties":{"i":0.17},"geometry":{"type":"Point","coordinates":[-96.43799,34.25268]}},{"type":"Feature","properties":{"i":0.76},"geometry":{"type":"Point","coordinates":[-96.3501,34.25268]}},{"type":"Feature","properties":{"i":0.02},"geometry":{"type":"Point","coordinates":[-96.30615,34.25268]}},{"type":"Feature","properties":{"i":0.11},"geometry":{"type":"Point","coordinates":[-96.26221,34.25268]}},{"type":"Feature","properties":{"i":0.21},"geometry":{"type":"Point","coordinates":[-96.21826,34.25268]}},{"type":"Feature","properties":{"i":0.13},"geometry":{"type":"Point","coordinates":[-97.97607,34.21634]}},{"type":"Feature","properties":{"i":0.45},"geometry":{"type":"Point","coordinates":[-97.49268,34.21634]}},{"type":"Feature","properties":{"i":0.51},"geometry":{"type":"Point","coordinates":[-97.44873,34.21634]}},{"type":"Feature","properties":{"i":0.09},"geometry":{"type":"Point","coordinates":[-97.40479,34.21634]}},{"type":"Feature","properties":{"i":0.05},"geometry":{"type":"Point","coordinates":[-97.27295,34.21634]}},{"type":"Feature","properties":{"i":0.05},"geometry":{"type":"Point","coordinates":[-97.229,34.21634]}},{"type":"Feature","properties":{"i":0.96},"geometry":{"type":"Point","coordinates":[-97.18506,34.21634]}},{"type":"Feature","properties":{"i":1},"geometry":{"type":"Point","coordinates":[-97.14111,34.21634]}},{"type":"Feature","properties":{"i":0.74},"geometry":{"type":"Point","coordinates":[-97.09717,34.21634]}},{"type":"Feature","properties":{"i":0.13},"geometry":{"type":"Point","coordinates":[-96.92139,34.21634]}},{"type":"Feature","properties":{"i":1},"geometry":{"type":"Point","coordinates":[-96.87744,34.21634]}},{"type":"Feature","properties":{"i":0.07},"geometry":{"type":"Point","coordinates":[-96.74561,34.21634]}},{"type":"Feature","properties":{"i":0.56},"geometry":{"type":"Point","coordinates":[-96.70166,34.21634]}},{"type":"Feature","properties":{"i":0.98},"geometry":{"type":"Point","coordinates":[-96.65771,34.21634]}},{"type":"Feature","properties":{"i":0.08},"geometry":{"type":"Point","coordinates":[-96.56982,34.21634]}},{"type":"Feature","properties":{"i":0.47},"geometry":{"type":"Point","coordinates":[-96.21826,34.21634]}},{"type":"Feature","properties":{"i":0.43},"geometry":{"type":"Point","coordinates":[-95.64697,34.21634]}},{"type":"Feature","properties":{"i":0.59},"geometry":{"type":"Point","coordinates":[-97.97607,34.18]}},{"type":"Feature","properties":{"i":0.58},"geometry":{"type":"Point","coordinates":[-97.58057,34.18]}},{"type":"Feature","properties":{"i":0.78},"geometry":{"type":"Point","coordinates":[-97.49268,34.18]}},{"type":"Feature","properties":{"i":0.42},"geometry":{"type":"Point","coordinates":[-97.44873,34.18]}},{"type":"Feature","properties":{"i":0.33},"geometry":{"type":"Point","coordinates":[-97.40479,34.18]}},{"type":"Feature","properties":{"i":0.49},"geometry":{"type":"Point","coordinates":[-97.36084,34.18]}},{"type":"Feature","properties":{"i":0.05},"geometry":{"type":"Point","coordinates":[-97.31689,34.18]}},{"type":"Feature","properties":{"i":0.97},"geometry":{"type":"Point","coordinates":[-97.27295,34.18]}},{"type":"Feature","properties":{"i":0.92},"geometry":{"type":"Point","coordinates":[-97.229,34.18]}},{"type":"Feature","properties":{"i":1},"geometry":{"type":"Point","coordinates":[-97.18506,34.18]}},{"type":"Feature","properties":{"i":1},"geometry":{"type":"Point","coordinates":[-97.14111,34.18]}},{"type":"Feature","properties":{"i":0.91},"geometry":{"type":"Point","coordinates":[-97.09717,34.18]}},{"type":"Feature","properties":{"i":0.67},"geometry":{"type":"Point","coordinates":[-97.05322,34.18]}},{"type":"Feature","properties":{"i":0.82},"geometry":{"type":"Point","coordinates":[-97.00928,34.18]}},{"type":"Feature","properties":{"i":0.84},"geometry":{"type":"Point","coordinates":[-96.96533,34.18]}},{"type":"Feature","properties":{"i":0.12},"geometry":{"type":"Point","coordinates":[-96.92139,34.18]}},{"type":"Feature","properties":{"i":0.4},"geometry":{"type":"Point","coordinates":[-96.87744,34.18]}},{"type":"Feature","properties":{"i":0.33},"geometry":{"type":"Point","coordinates":[-98.02002,34.14363]}},{"type":"Feature","properties":{"i":0.83},"geometry":{"type":"Point","coordinates":[-97.97607,34.14363]}},{"type":"Feature","properties":{"i":0.02},"geometry":{"type":"Point","coordinates":[-97.58057,34.14363]}},{"type":"Feature","properties":{"i":0.3},"geometry":{"type":"Point","coordinates":[-97.44873,34.14363]}},{"type":"Feature","properties":{"i":0.69},"geometry":{"type":"Point","coordinates":[-97.40479,34.14363]}},{"type":"Feature","properties":{"i":0.61},"geometry":{"type":"Point","coordinates":[-97.36084,34.14363]}},{"type":"Feature","properties":{"i":0.28},"geometry":{"type":"Point","coordinates":[-97.229,34.14363]}},{"type":"Feature","properties":{"i":0.67},"geometry":{"type":"Point","coordinates":[-97.18506,34.14363]}},{"type":"Feature","properties":{"i":0.94},"geometry":{"type":"Point","coordinates":[-97.14111,34.14363]}},{"type":"Feature","properties":{"i":1},"geometry":{"type":"Point","coordinates":[-97.09717,34.14363]}},{"type":"Feature","properties":{"i":0.11},"geometry":{"type":"Point","coordinates":[-97.05322,34.14363]}},{"type":"Feature","properties":{"i":0.71},"geometry":{"type":"Point","coordinates":[-96.48193,34.14363]}},{"type":"Feature","properties":{"i":0.07},"geometry":{"type":"Point","coordinates":[-96.30615,34.14363]}},{"type":"Feature","properties":{"i":0.25},"geometry":{"type":"Point","coordinates":[-95.82275,34.14363]}},{"type":"Feature","properties":{"i":0.02},"geometry":{"type":"Point","coordinates":[-97.31689,34.10726]}},{"type":"Feature","properties":{"i":0.03},"geometry":{"type":"Point","coordinates":[-97.229,34.10726]}},{"type":"Feature","properties":{"i":0.4},"geometry":{"type":"Point","coordinates":[-97.18506,34.10726]}},{"type":"Feature","properties":{"i":0.09},"geometry":{"type":"Point","coordinates":[-97.14111,34.10726]}},{"type":"Feature","properties":{"i":0.63},"geometry":{"type":"Point","coordinates":[-97.09717,34.10726]}},{"type":"Feature","properties":{"i":0.19},"geometry":{"type":"Point","coordinates":[-97.05322,34.10726]}},{"type":"Feature","properties":{"i":0.07},"geometry":{"type":"Point","coordinates":[-97.00928,34.10726]}},{"type":"Feature","properties":{"i":0.03},"geometry":{"type":"Point","coordinates":[-96.92139,34.10726]}},{"type":"Feature","properties":{"i":0.05},"geometry":{"type":"Point","coordinates":[-96.8335,34.10726]}},{"type":"Feature","properties":{"i":0.7},"geometry":{"type":"Point","coordinates":[-96.78955,34.10726]}},{"type":"Feature","properties":{"i":0.63},"geometry":{"type":"Point","coordinates":[-96.74561,34.10726]}},{"type":"Feature","properties":{"i":0.22},"geometry":{"type":"Point","coordinates":[-96.61377,34.10726]}},{"type":"Feature","properties":{"i":0.15},"geometry":{"type":"Point","coordinates":[-96.30615,34.10726]}},{"type":"Feature","properties":{"i":0.15},"geometry":{"type":"Point","coordinates":[-96.26221,34.10726]}},{"type":"Feature","properties":{"i":0.05},"geometry":{"type":"Point","coordinates":[-98.1958,34.07086]}},{"type":"Feature","properties":{"i":0.45},"geometry":{"type":"Point","coordinates":[-97.18506,34.07086]}},{"type":"Feature","properties":{"i":0.18},"geometry":{"type":"Point","coordinates":[-97.09717,34.07086]}},{"type":"Feature","properties":{"i":0.91},"geometry":{"type":"Point","coordinates":[-96.78955,34.07086]}},{"type":"Feature","properties":{"i":0.99},"geometry":{"type":"Point","coordinates":[-96.74561,34.07086]}},{"type":"Feature","properties":{"i":0.07},"geometry":{"type":"Point","coordinates":[-96.70166,34.07086]}},{"type":"Feature","properties":{"i":0.07},"geometry":{"type":"Point","coordinates":[-96.65771,34.07086]}},{"type":"Feature","properties":{"i":0.03},"geometry":{"type":"Point","coordinates":[-96.56982,34.07086]}},{"type":"Feature","properties":{"i":0.23},"geometry":{"type":"Point","coordinates":[-96.48193,34.07086]}},{"type":"Feature","properties":{"i":0.03},"geometry":{"type":"Point","coordinates":[-96.39404,34.07086]}},{"type":"Feature","properties":{"i":0.3},"geometry":{"type":"Point","coordinates":[-98.37158,34.03445]}},{"type":"Feature","properties":{"i":0.44},"geometry":{"type":"Point","coordinates":[-97.93213,34.03445]}},{"type":"Feature","properties":{"i":0.31},"geometry":{"type":"Point","coordinates":[-97.31689,34.03445]}},{"type":"Feature","properties":{"i":0.05},"geometry":{"type":"Point","coordinates":[-97.14111,34.03445]}},{"type":"Feature","properties":{"i":0.14},"geometry":{"type":"Point","coordinates":[-97.00928,34.03445]}},{"type":"Feature","properties":{"i":0.16},"geometry":{"type":"Point","coordinates":[-96.74561,34.03445]}},{"type":"Feature","properties":{"i":0.47},"geometry":{"type":"Point","coordinates":[-96.70166,34.03445]}},{"type":"Feature","properties":{"i":0.08},"geometry":{"type":"Point","coordinates":[-96.61377,34.03445]}},{"type":"Feature","properties":{"i":0.07},"geometry":{"type":"Point","coordinates":[-96.52588,34.03445]}},{"type":"Feature","properties":{"i":0.38},"geometry":{"type":"Point","coordinates":[-96.48193,34.03445]}},{"type":"Feature","properties":{"i":0.29},"geometry":{"type":"Point","coordinates":[-96.43799,34.03445]}},{"type":"Feature","properties":{"i":0.91},"geometry":{"type":"Point","coordinates":[-96.39404,34.03445]}},{"type":"Feature","properties":{"i":0.91},"geometry":{"type":"Point","coordinates":[-96.3501,34.03445]}},{"type":"Feature","properties":{"i":0.44},"geometry":{"type":"Point","coordinates":[-95.8667,34.03445]}},{"type":"Feature","properties":{"i":0.03},"geometry":{"type":"Point","coordinates":[-95.69092,34.03445]}},{"type":"Feature","properties":{"i":0.43},"geometry":{"type":"Point","coordinates":[-98.23975,33.99803]}},{"type":"Feature","properties":{"i":0.11},"geometry":{"type":"Point","coordinates":[-98.1958,33.99803]}},{"type":"Feature","properties":{"i":0.11},"geometry":{"type":"Point","coordinates":[-97.93213,33.99803]}},{"type":"Feature","properties":{"i":0.03},"geometry":{"type":"Point","coordinates":[-97.27295,33.99803]}},{"type":"Feature","properties":{"i":0.19},"geometry":{"type":"Point","coordinates":[-97.14111,33.99803]}},{"type":"Feature","properties":{"i":0.1},"geometry":{"type":"Point","coordinates":[-97.00928,33.99803]}},{"type":"Feature","properties":{"i":0.02},"geometry":{"type":"Point","coordinates":[-96.78955,33.99803]}},{"type":"Feature","properties":{"i":0.25},"geometry":{"type":"Point","coordinates":[-96.74561,33.99803]}},{"type":"Feature","properties":{"i":0.9},"geometry":{"type":"Point","coordinates":[-96.70166,33.99803]}},{"type":"Feature","properties":{"i":0.75},"geometry":{"type":"Point","coordinates":[-96.65771,33.99803]}},{"type":"Feature","properties":{"i":0.86},"geometry":{"type":"Point","coordinates":[-96.61377,33.99803]}},{"type":"Feature","properties":{"i":0.14},"geometry":{"type":"Point","coordinates":[-96.56982,33.99803]}},{"type":"Feature","properties":{"i":0.1},"geometry":{"type":"Point","coordinates":[-96.52588,33.99803]}},{"type":"Feature","properties":{"i":0.69},"geometry":{"type":"Point","coordinates":[-96.48193,33.99803]}},{"type":"Feature","properties":{"i":0.91},"geometry":{"type":"Point","coordinates":[-96.43799,33.99803]}},{"type":"Feature","properties":{"i":1},"geometry":{"type":"Point","coordinates":[-96.39404,33.99803]}},{"type":"Feature","properties":{"i":1},"geometry":{"type":"Point","coordinates":[-96.3501,33.99803]}},{"type":"Feature","properties":{"i":0.08},"geometry":{"type":"Point","coordinates":[-96.30615,33.99803]}},{"type":"Feature","properties":{"i":0.13},"geometry":{"type":"Point","coordinates":[-96.21826,33.99803]}},{"type":"Feature","properties":{"i":0.75},"geometry":{"type":"Point","coordinates":[-96.13037,33.99803]}},{"type":"Feature","properties":{"i":0.51},"geometry":{"type":"Point","coordinates":[-96.04248,33.99803]}},{"type":"Feature","properties":{"i":0.14},"geometry":{"type":"Point","coordinates":[-97.229,33.96159]}},{"type":"Feature","properties":{"i":1},"geometry":{"type":"Point","coordinates":[-97.18506,33.96159]}},{"type":"Feature","properties":{"i":0.37},"geometry":{"type":"Point","coordinates":[-97.14111,33.96159]}},{"type":"Feature","properties":{"i":0.42},"geometry":{"type":"Point","coordinates":[-97.09717,33.96159]}},{"type":"Feature","properties":{"i":0.11},"geometry":{"type":"Point","coordinates":[-96.70166,33.96159]}},{"type":"Feature","properties":{"i":0.05},"geometry":{"type":"Point","coordinates":[-96.65771,33.96159]}},{"type":"Feature","properties":{"i":0.12},"geometry":{"type":"Point","coordinates":[-96.61377,33.96159]}},{"type":"Feature","properties":{"i":0.13},"geometry":{"type":"Point","coordinates":[-96.56982,33.96159]}},{"type":"Feature","properties":{"i":0.05},"geometry":{"type":"Point","coordinates":[-96.52588,33.96159]}},{"type":"Feature","properties":{"i":0.7},"geometry":{"type":"Point","coordinates":[-96.43799,33.96159]}},{"type":"Feature","properties":{"i":1},"geometry":{"type":"Point","coordinates":[-96.39404,33.96159]}},{"type":"Feature","properties":{"i":0.74},"geometry":{"type":"Point","coordinates":[-96.3501,33.96159]}},{"type":"Feature","properties":{"i":0.32},"geometry":{"type":"Point","coordinates":[-96.30615,33.96159]}},{"type":"Feature","properties":{"i":0.38},"geometry":{"type":"Point","coordinates":[-98.41553,33.92513]}},{"type":"Feature","properties":{"i":0.18},"geometry":{"type":"Point","coordinates":[-98.37158,33.92513]}},{"type":"Feature","properties":{"i":0.45},"geometry":{"type":"Point","coordinates":[-97.31689,33.92513]}},{"type":"Feature","properties":{"i":1},"geometry":{"type":"Point","coordinates":[-97.14111,33.92513]}},{"type":"Feature","properties":{"i":0.72},"geometry":{"type":"Point","coordinates":[-97.09717,33.92513]}},{"type":"Feature","properties":{"i":0.13},"geometry":{"type":"Point","coordinates":[-97.05322,33.92513]}},{"type":"Feature","properties":{"i":0.1},"geometry":{"type":"Point","coordinates":[-97.00928,33.92513]}},{"type":"Feature","properties":{"i":0.17},"geometry":{"type":"Point","coordinates":[-96.70166,33.92513]}},{"type":"Feature","properties":{"i":0.26},"geometry":{"type":"Point","coordinates":[-96.61377,33.92513]}},{"type":"Feature","properties":{"i":0.04},"geometry":{"type":"Point","coordinates":[-96.56982,33.92513]}},{"type":"Feature","properties":{"i":0.9},"geometry":{"type":"Point","coordinates":[-96.43799,33.92513]}},{"type":"Feature","properties":{"i":0.99},"geometry":{"type":"Point","coordinates":[-96.39404,33.92513]}},{"type":"Feature","properties":{"i":0.28},"geometry":{"type":"Point","coordinates":[-96.3501,33.92513]}},{"type":"Feature","properties":{"i":0.02},"geometry":{"type":"Point","coordinates":[-95.99854,33.92513]}},{"type":"Feature","properties":{"i":1},"geometry":{"type":"Point","coordinates":[-98.41553,33.88866]}},{"type":"Feature","properties":{"i":0.83},"geometry":{"type":"Point","coordinates":[-97.93213,33.88866]}},{"type":"Feature","properties":{"i":0.22},"geometry":{"type":"Point","coordinates":[-97.40479,33.88866]}},{"type":"Feature","properties":{"i":0.07},"geometry":{"type":"Point","coordinates":[-97.229,33.88866]}},{"type":"Feature","properties":{"i":0.53},"geometry":{"type":"Point","coordinates":[-97.14111,33.88866]}},{"type":"Feature","properties":{"i":0.27},"geometry":{"type":"Point","coordinates":[-97.09717,33.88866]}},{"type":"Feature","properties":{"i":0.27},"geometry":{"type":"Point","coordinates":[-96.87744,33.88866]}},{"type":"Feature","properties":{"i":0.13},"geometry":{"type":"Point","coordinates":[-96.8335,33.88866]}},{"type":"Feature","properties":{"i":0.41},"geometry":{"type":"Point","coordinates":[-96.78955,33.88866]}},{"type":"Feature","properties":{"i":0.08},"geometry":{"type":"Point","coordinates":[-96.74561,33.88866]}},{"type":"Feature","properties":{"i":0.24},"geometry":{"type":"Point","coordinates":[-96.70166,33.88866]}},{"type":"Feature","properties":{"i":0.19},"geometry":{"type":"Point","coordinates":[-96.65771,33.88866]}},{"type":"Feature","properties":{"i":0.05},"geometry":{"type":"Point","coordinates":[-96.56982,33.88866]}},{"type":"Feature","properties":{"i":0.22},"geometry":{"type":"Point","coordinates":[-96.52588,33.88866]}},{"type":"Feature","properties":{"i":0.8},"geometry":{"type":"Point","coordinates":[-96.48193,33.88866]}},{"type":"Feature","properties":{"i":0.04},"geometry":{"type":"Point","coordinates":[-96.43799,33.88866]}},{"type":"Feature","properties":{"i":0.08},"geometry":{"type":"Point","coordinates":[-98.41553,33.85217]}},{"type":"Feature","properties":{"i":0.25},"geometry":{"type":"Point","coordinates":[-98.37158,33.85217]}},{"type":"Feature","properties":{"i":0.9},"geometry":{"type":"Point","coordinates":[-98.32764,33.85217]}},{"type":"Feature","properties":{"i":0.64},"geometry":{"type":"Point","coordinates":[-97.93213,33.85217]}},{"type":"Feature","properties":{"i":0.13},"geometry":{"type":"Point","coordinates":[-97.66846,33.85217]}},{"type":"Feature","properties":{"i":0.1},"geometry":{"type":"Point","coordinates":[-97.40479,33.85217]}},{"type":"Feature","properties":{"i":0.03},"geometry":{"type":"Point","coordinates":[-97.36084,33.85217]}},{"type":"Feature","properties":{"i":0.03},"geometry":{"type":"Point","coordinates":[-96.87744,33.85217]}},{"type":"Feature","properties":{"i":0.15},"geometry":{"type":"Point","coordinates":[-96.8335,33.85217]}},{"type":"Feature","properties":{"i":0.22},"geometry":{"type":"Point","coordinates":[-96.78955,33.85217]}},{"type":"Feature","properties":{"i":0.12},"geometry":{"type":"Point","coordinates":[-96.74561,33.85217]}},{"type":"Feature","properties":{"i":0.21},"geometry":{"type":"Point","coordinates":[-96.70166,33.85217]}},{"type":"Feature","properties":{"i":0.21},"geometry":{"type":"Point","coordinates":[-96.65771,33.85217]}},{"type":"Feature","properties":{"i":0.22},"geometry":{"type":"Point","coordinates":[-96.61377,33.85217]}},{"type":"Feature","properties":{"i":0.27},"geometry":{"type":"Point","coordinates":[-96.56982,33.85217]}},{"type":"Feature","properties":{"i":0.72},"geometry":{"type":"Point","coordinates":[-96.52588,33.85217]}},{"type":"Feature","properties":{"i":0.73},"geometry":{"type":"Point","coordinates":[-96.48193,33.85217]}},{"type":"Feature","properties":{"i":0.33},"geometry":{"type":"Point","coordinates":[-96.43799,33.85217]}},{"type":"Feature","properties":{"i":0.04},"geometry":{"type":"Point","coordinates":[-98.37158,33.81567]}},{"type":"Feature","properties":{"i":0.15},"geometry":{"type":"Point","coordinates":[-98.23975,33.81567]}},{"type":"Feature","properties":{"i":0.9},"geometry":{"type":"Point","coordinates":[-98.1958,33.81567]}},{"type":"Feature","properties":{"i":0.65},"geometry":{"type":"Point","coordinates":[-98.15186,33.81567]}},{"type":"Feature","properties":{"i":0.32},"geometry":{"type":"Point","coordinates":[-97.7124,33.81567]}},{"type":"Feature","properties":{"i":0.04},"geometry":{"type":"Point","coordinates":[-97.62451,33.81567]}},{"type":"Feature","properties":{"i":0.17},"geometry":{"type":"Point","coordinates":[-97.53662,33.81567]}},{"type":"Feature","properties":{"i":0.03},"geometry":{"type":"Point","coordinates":[-97.14111,33.81567]}},{"type":"Feature","properties":{"i":0.04},"geometry":{"type":"Point","coordinates":[-96.74561,33.81567]}},{"type":"Feature","properties":{"i":0.28},"geometry":{"type":"Point","coordinates":[-96.70166,33.81567]}},{"type":"Feature","properties":{"i":0.3},"geometry":{"type":"Point","coordinates":[-96.65771,33.81567]}},{"type":"Feature","properties":{"i":0.46},"geometry":{"type":"Point","coordinates":[-96.61377,33.81567]}},{"type":"Feature","properties":{"i":0.61},"geometry":{"type":"Point","coordinates":[-96.56982,33.81567]}},{"type":"Feature","properties":{"i":0.77},"geometry":{"type":"Point","coordinates":[-96.52588,33.81567]}},{"type":"Feature","properties":{"i":0.17},"geometry":{"type":"Point","coordinates":[-96.43799,33.81567]}},{"type":"Feature","properties":{"i":0.7},"geometry":{"type":"Point","coordinates":[-96.17432,33.81567]}},{"type":"Feature","properties":{"i":0.27},"geometry":{"type":"Point","coordinates":[-98.41553,33.77915]}},{"type":"Feature","properties":{"i":0.73},"geometry":{"type":"Point","coordinates":[-98.1958,33.77915]}},{"type":"Feature","properties":{"i":0.91},"geometry":{"type":"Point","coordinates":[-97.7124,33.77915]}},{"type":"Feature","properties":{"i":0.36},"geometry":{"type":"Point","coordinates":[-97.44873,33.77915]}},{"type":"Feature","properties":{"i":0.1},"geometry":{"type":"Point","coordinates":[-97.229,33.77915]}},{"type":"Feature","properties":{"i":0.84},"geometry":{"type":"Point","coordinates":[-97.14111,33.77915]}},{"type":"Feature","properties":{"i":0.09},"geometry":{"type":"Point","coordinates":[-97.09717,33.77915]}},{"type":"Feature","properties":{"i":0.13},"geometry":{"type":"Point","coordinates":[-96.87744,33.77915]}},{"type":"Feature","properties":{"i":0.02},"geometry":{"type":"Point","coordinates":[-96.78955,33.77915]}},{"type":"Feature","properties":{"i":0.15},"geometry":{"type":"Point","coordinates":[-96.70166,33.77915]}},{"type":"Feature","properties":{"i":0.7},"geometry":{"type":"Point","coordinates":[-96.65771,33.77915]}},{"type":"Feature","properties":{"i":0.27},"geometry":{"type":"Point","coordinates":[-96.61377,33.77915]}},{"type":"Feature","properties":{"i":1},"geometry":{"type":"Point","coordinates":[-96.56982,33.77915]}},{"type":"Feature","properties":{"i":0.89},"geometry":{"type":"Point","coordinates":[-96.52588,33.77915]}},{"type":"Feature","properties":{"i":0.38},"geometry":{"type":"Point","coordinates":[-96.43799,33.77915]}},{"type":"Feature","properties":{"i":0.22},"geometry":{"type":"Point","coordinates":[-96.17432,33.77915]}},{"type":"Feature","properties":{"i":0.03},"geometry":{"type":"Point","coordinates":[-98.37158,33.74261]}},{"type":"Feature","properties":{"i":0.07},"geometry":{"type":"Point","coordinates":[-98.1958,33.74261]}},{"type":"Feature","properties":{"i":0.1},"geometry":{"type":"Point","coordinates":[-97.58057,33.74261]}},{"type":"Feature","properties":{"i":0.08},"geometry":{"type":"Point","coordinates":[-97.229,33.74261]}},{"type":"Feature","properties":{"i":1},"geometry":{"type":"Point","coordinates":[-97.14111,33.74261]}},{"type":"Feature","properties":{"i":0.63},"geometry":{"type":"Point","coordinates":[-97.09717,33.74261]}},{"type":"Feature","properties":{"i":0.02},"geometry":{"type":"Point","coordinates":[-96.87744,33.74261]}},{"type":"Feature","properties":{"i":0.22},"geometry":{"type":"Point","coordinates":[-96.70166,33.74261]}},{"type":"Feature","properties":{"i":0.93},"geometry":{"type":"Point","coordinates":[-96.65771,33.74261]}},{"type":"Feature","properties":{"i":0.35},"geometry":{"type":"Point","coordinates":[-96.61377,33.74261]}},{"type":"Feature","properties":{"i":1},"geometry":{"type":"Point","coordinates":[-96.56982,33.74261]}},{"type":"Feature","properties":{"i":0.93},"geometry":{"type":"Point","coordinates":[-96.52588,33.74261]}},{"type":"Feature","properties":{"i":0.25},"geometry":{"type":"Point","coordinates":[-96.48193,33.74261]}},{"type":"Feature","properties":{"i":0.07},"geometry":{"type":"Point","coordinates":[-96.21826,33.74261]}},{"type":"Feature","properties":{"i":0.14},"geometry":{"type":"Point","coordinates":[-95.69092,33.74261]}},{"type":"Feature","properties":{"i":0.48},"geometry":{"type":"Point","coordinates":[-98.10791,33.70606]}},{"type":"Feature","properties":{"i":0.59},"geometry":{"type":"Point","coordinates":[-98.06396,33.70606]}},{"type":"Feature","properties":{"i":0.35},"geometry":{"type":"Point","coordinates":[-97.53662,33.70606]}},{"type":"Feature","properties":{"i":0.8},"geometry":{"type":"Point","coordinates":[-97.14111,33.70606]}},{"type":"Feature","properties":{"i":0.09},"geometry":{"type":"Point","coordinates":[-97.00928,33.70606]}},{"type":"Feature","properties":{"i":0.23},"geometry":{"type":"Point","coordinates":[-96.92139,33.70606]}},{"type":"Feature","properties":{"i":0.22},"geometry":{"type":"Point","coordinates":[-96.87744,33.70606]}},{"type":"Feature","properties":{"i":0.02},"geometry":{"type":"Point","coordinates":[-96.8335,33.70606]}},{"type":"Feature","properties":{"i":1},"geometry":{"type":"Point","coordinates":[-96.65771,33.70606]}},{"type":"Feature","properties":{"i":0.67},"geometry":{"type":"Point","coordinates":[-96.61377,33.70606]}},{"type":"Feature","properties":{"i":1},"geometry":{"type":"Point","coordinates":[-96.56982,33.70606]}},{"type":"Feature","properties":{"i":0.71},"geometry":{"type":"Point","coordinates":[-96.52588,33.70606]}},{"type":"Feature","properties":{"i":0.39},"geometry":{"type":"Point","coordinates":[-96.48193,33.70606]}},{"type":"Feature","properties":{"i":0.45},"geometry":{"type":"Point","coordinates":[-96.3501,33.70606]}},{"type":"Feature","properties":{"i":0.07},"geometry":{"type":"Point","coordinates":[-96.30615,33.70606]}},{"type":"Feature","properties":{"i":0.11},"geometry":{"type":"Point","coordinates":[-96.13037,33.70606]}},{"type":"Feature","properties":{"i":0.05},"geometry":{"type":"Point","coordinates":[-95.95459,33.70606]}},{"type":"Feature","properties":{"i":0.97},"geometry":{"type":"Point","coordinates":[-95.82275,33.70606]}},{"type":"Feature","properties":{"i":0.49},"geometry":{"type":"Point","coordinates":[-95.73486,33.70606]}},{"type":"Feature","properties":{"i":0.24},"geometry":{"type":"Point","coordinates":[-97.88818,33.6695]}},{"type":"Feature","properties":{"i":0.49},"geometry":{"type":"Point","coordinates":[-97.7124,33.6695]}},{"type":"Feature","properties":{"i":0.68},"geometry":{"type":"Point","coordinates":[-97.53662,33.6695]}},{"type":"Feature","properties":{"i":0.27},"geometry":{"type":"Point","coordinates":[-97.49268,33.6695]}},{"type":"Feature","properties":{"i":0.03},"geometry":{"type":"Point","coordinates":[-97.44873,33.6695]}},{"type":"Feature","properties":{"i":0.25},"geometry":{"type":"Point","coordinates":[-97.36084,33.6695]}},{"type":"Feature","properties":{"i":1},"geometry":{"type":"Point","coordinates":[-97.14111,33.6695]}},{"type":"Feature","properties":{"i":0.05},"geometry":{"type":"Point","coordinates":[-97.09717,33.6695]}},{"type":"Feature","properties":{"i":0.19},"geometry":{"type":"Point","coordinates":[-97.05322,33.6695]}},{"type":"Feature","properties":{"i":0.1},"geometry":{"type":"Point","coordinates":[-97.00928,33.6695]}},{"type":"Feature","properties":{"i":0.19},"geometry":{"type":"Point","coordinates":[-96.96533,33.6695]}},{"type":"Feature","properties":{"i":0.94},"geometry":{"type":"Point","coordinates":[-96.92139,33.6695]}},{"type":"Feature","properties":{"i":0.79},"geometry":{"type":"Point","coordinates":[-96.87744,33.6695]}},{"type":"Feature","properties":{"i":0.18},"geometry":{"type":"Point","coordinates":[-96.8335,33.6695]}},{"type":"Feature","properties":{"i":0.72},"geometry":{"type":"Point","coordinates":[-96.65771,33.6695]}},{"type":"Feature","properties":{"i":1},"geometry":{"type":"Point","coordinates":[-96.61377,33.6695]}},{"type":"Feature","properties":{"i":1},"geometry":{"type":"Point","coordinates":[-96.56982,33.6695]}},{"type":"Feature","properties":{"i":0.15},"geometry":{"type":"Point","coordinates":[-96.52588,33.6695]}},{"type":"Feature","properties":{"i":0.08},"geometry":{"type":"Point","coordinates":[-96.39404,33.6695]}},{"type":"Feature","properties":{"i":0.49},"geometry":{"type":"Point","coordinates":[-96.3501,33.6695]}},{"type":"Feature","properties":{"i":0.36},"geometry":{"type":"Point","coordinates":[-96.30615,33.6695]}},{"type":"Feature","properties":{"i":0.51},"geometry":{"type":"Point","coordinates":[-98.02002,33.63292]}},{"type":"Feature","properties":{"i":0.29},"geometry":{"type":"Point","coordinates":[-97.7124,33.63292]}},{"type":"Feature","properties":{"i":0.42},"geometry":{"type":"Point","coordinates":[-97.58057,33.63292]}},{"type":"Feature","properties":{"i":0.34},"geometry":{"type":"Point","coordinates":[-97.40479,33.63292]}},{"type":"Feature","properties":{"i":0.91},"geometry":{"type":"Point","coordinates":[-97.36084,33.63292]}},{"type":"Feature","properties":{"i":0.3},"geometry":{"type":"Point","coordinates":[-97.31689,33.63292]}},{"type":"Feature","properties":{"i":0.87},"geometry":{"type":"Point","coordinates":[-97.229,33.63292]}},{"type":"Feature","properties":{"i":0.92},"geometry":{"type":"Point","coordinates":[-97.18506,33.63292]}},{"type":"Feature","properties":{"i":1},"geometry":{"type":"Point","coordinates":[-97.14111,33.63292]}},{"type":"Feature","properties":{"i":0.89},"geometry":{"type":"Point","coordinates":[-97.09717,33.63292]}},{"type":"Feature","properties":{"i":0.75},"geometry":{"type":"Point","coordinates":[-97.05322,33.63292]}},{"type":"Feature","properties":{"i":0.22},"geometry":{"type":"Point","coordinates":[-97.00928,33.63292]}},{"type":"Feature","properties":{"i":0.25},"geometry":{"type":"Point","coordinates":[-96.96533,33.63292]}},{"type":"Feature","properties":{"i":0.75},"geometry":{"type":"Point","coordinates":[-96.92139,33.63292]}},{"type":"Feature","properties":{"i":0.56},"geometry":{"type":"Point","coordinates":[-96.87744,33.63292]}},{"type":"Feature","properties":{"i":0.32},"geometry":{"type":"Point","coordinates":[-96.8335,33.63292]}},{"type":"Feature","properties":{"i":0.03},"geometry":{"type":"Point","coordinates":[-96.78955,33.63292]}},{"type":"Feature","properties":{"i":0.34},"geometry":{"type":"Point","coordinates":[-96.74561,33.63292]}},{"type":"Feature","properties":{"i":0.22},"geometry":{"type":"Point","coordinates":[-96.70166,33.63292]}},{"type":"Feature","properties":{"i":1},"geometry":{"type":"Point","coordinates":[-96.65771,33.63292]}},{"type":"Feature","properties":{"i":1},"geometry":{"type":"Point","coordinates":[-96.61377,33.63292]}},{"type":"Feature","properties":{"i":0.83},"geometry":{"type":"Point","coordinates":[-96.56982,33.63292]}},{"type":"Feature","properties":{"i":0.13},"geometry":{"type":"Point","coordinates":[-96.52588,33.63292]}},{"type":"Feature","properties":{"i":0.08},"geometry":{"type":"Point","coordinates":[-96.48193,33.63292]}},{"type":"Feature","properties":{"i":0.27},"geometry":{"type":"Point","coordinates":[-96.43799,33.63292]}},{"type":"Feature","properties":{"i":0.75},"geometry":{"type":"Point","coordinates":[-96.39404,33.63292]}},{"type":"Feature","properties":{"i":0.22},"geometry":{"type":"Point","coordinates":[-96.3501,33.63292]}},{"type":"Feature","properties":{"i":0.57},"geometry":{"type":"Point","coordinates":[-96.17432,33.63292]}},{"type":"Feature","properties":{"i":0.22},"geometry":{"type":"Point","coordinates":[-96.04248,33.63292]}},{"type":"Feature","properties":{"i":0.05},"geometry":{"type":"Point","coordinates":[-95.95459,33.63292]}},{"type":"Feature","properties":{"i":0.24},"geometry":{"type":"Point","coordinates":[-95.73486,33.63292]}},{"type":"Feature","properties":{"i":0.13},"geometry":{"type":"Point","coordinates":[-95.69092,33.63292]}},{"type":"Feature","properties":{"i":0.56},"geometry":{"type":"Point","coordinates":[-95.64697,33.63292]}},{"type":"Feature","properties":{"i":0.45},"geometry":{"type":"Point","coordinates":[-97.88818,33.59632]}},{"type":"Feature","properties":{"i":0.04},"geometry":{"type":"Point","coordinates":[-97.84424,33.59632]}},{"type":"Feature","properties":{"i":0.64},"geometry":{"type":"Point","coordinates":[-97.80029,33.59632]}},{"type":"Feature","properties":{"i":0.87},"geometry":{"type":"Point","coordinates":[-97.75635,33.59632]}},{"type":"Feature","properties":{"i":1},"geometry":{"type":"Point","coordinates":[-97.66846,33.59632]}},{"type":"Feature","properties":{"i":0.79},"geometry":{"type":"Point","coordinates":[-97.18506,33.59632]}},{"type":"Feature","properties":{"i":1},"geometry":{"type":"Point","coordinates":[-97.14111,33.59632]}},{"type":"Feature","properties":{"i":0.39},"geometry":{"type":"Point","coordinates":[-97.09717,33.59632]}},{"type":"Feature","properties":{"i":0.15},"geometry":{"type":"Point","coordinates":[-97.05322,33.59632]}},{"type":"Feature","properties":{"i":0.4},"geometry":{"type":"Point","coordinates":[-96.70166,33.59632]}},{"type":"Feature","properties":{"i":1},"geometry":{"type":"Point","coordinates":[-96.65771,33.59632]}},{"type":"Feature","properties":{"i":1},"geometry":{"type":"Point","coordinates":[-96.61377,33.59632]}},{"type":"Feature","properties":{"i":0.79},"geometry":{"type":"Point","coordinates":[-96.56982,33.59632]}},{"type":"Feature","properties":{"i":0.34},"geometry":{"type":"Point","coordinates":[-96.52588,33.59632]}},{"type":"Feature","properties":{"i":0.04},"geometry":{"type":"Point","coordinates":[-96.48193,33.59632]}},{"type":"Feature","properties":{"i":0.13},"geometry":{"type":"Point","coordinates":[-96.43799,33.59632]}},{"type":"Feature","properties":{"i":0.59},"geometry":{"type":"Point","coordinates":[-96.39404,33.59632]}},{"type":"Feature","properties":{"i":0.15},"geometry":{"type":"Point","coordinates":[-96.3501,33.59632]}},{"type":"Feature","properties":{"i":0.29},"geometry":{"type":"Point","coordinates":[-96.30615,33.59632]}},{"type":"Feature","properties":{"i":0.18},"geometry":{"type":"Point","coordinates":[-96.26221,33.59632]}},{"type":"Feature","properties":{"i":1},"geometry":{"type":"Point","coordinates":[-96.21826,33.59632]}},{"type":"Feature","properties":{"i":0.97},"geometry":{"type":"Point","coordinates":[-96.17432,33.59632]}},{"type":"Feature","properties":{"i":0.05},"geometry":{"type":"Point","coordinates":[-96.13037,33.59632]}},{"type":"Feature","properties":{"i":0.14},"geometry":{"type":"Point","coordinates":[-96.08643,33.59632]}},{"type":"Feature","properties":{"i":0.05},"geometry":{"type":"Point","coordinates":[-95.95459,33.59632]}},{"type":"Feature","properties":{"i":0.7},"geometry":{"type":"Point","coordinates":[-95.91064,33.59632]}},{"type":"Feature","properties":{"i":0.39},"geometry":{"type":"Point","coordinates":[-95.8667,33.59632]}},{"type":"Feature","properties":{"i":0.23},"geometry":{"type":"Point","coordinates":[-95.82275,33.59632]}},{"type":"Feature","properties":{"i":0.4},"geometry":{"type":"Point","coordinates":[-95.77881,33.59632]}},{"type":"Feature","properties":{"i":0.19},"geometry":{"type":"Point","coordinates":[-98.41553,33.55971]}},{"type":"Feature","properties":{"i":0.67},"geometry":{"type":"Point","coordinates":[-97.88818,33.55971]}},{"type":"Feature","properties":{"i":0.98},"geometry":{"type":"Point","coordinates":[-97.84424,33.55971]}},{"type":"Feature","properties":{"i":0.25},"geometry":{"type":"Point","coordinates":[-97.80029,33.55971]}},{"type":"Feature","properties":{"i":0.04},"geometry":{"type":"Point","coordinates":[-97.31689,33.55971]}},{"type":"Feature","properties":{"i":0.1},"geometry":{"type":"Point","coordinates":[-97.18506,33.55971]}},{"type":"Feature","properties":{"i":0.8},"geometry":{"type":"Point","coordinates":[-97.14111,33.55971]}},{"type":"Feature","properties":{"i":0.48},"geometry":{"type":"Point","coordinates":[-97.00928,33.55971]}},{"type":"Feature","properties":{"i":0.19},"geometry":{"type":"Point","coordinates":[-96.96533,33.55971]}},{"type":"Feature","properties":{"i":0.71},"geometry":{"type":"Point","coordinates":[-96.92139,33.55971]}},{"type":"Feature","properties":{"i":0.61},"geometry":{"type":"Point","coordinates":[-96.87744,33.55971]}},{"type":"Feature","properties":{"i":1},"geometry":{"type":"Point","coordinates":[-96.61377,33.55971]}},{"type":"Feature","properties":{"i":0.3},"geometry":{"type":"Point","coordinates":[-96.56982,33.55971]}},{"type":"Feature","properties":{"i":0.13},"geometry":{"type":"Point","coordinates":[-96.52588,33.55971]}},{"type":"Feature","properties":{"i":0.14},"geometry":{"type":"Point","coordinates":[-96.39404,33.55971]}},{"type":"Feature","properties":{"i":0.12},"geometry":{"type":"Point","coordinates":[-96.26221,33.55971]}},{"type":"Feature","properties":{"i":0.32},"geometry":{"type":"Point","coordinates":[-96.21826,33.55971]}},{"type":"Feature","properties":{"i":0.78},"geometry":{"type":"Point","coordinates":[-96.17432,33.55971]}},{"type":"Feature","properties":{"i":0.16},"geometry":{"type":"Point","coordinates":[-96.08643,33.55971]}},{"type":"Feature","properties":{"i":0.42},"geometry":{"type":"Point","coordinates":[-95.99854,33.55971]}},{"type":"Feature","properties":{"i":0.58},"geometry":{"type":"Point","coordinates":[-97.84424,33.52308]}},{"type":"Feature","properties":{"i":0.8},"geometry":{"type":"Point","coordinates":[-97.80029,33.52308]}},{"type":"Feature","properties":{"i":0.04},"geometry":{"type":"Point","coordinates":[-97.53662,33.52308]}},{"type":"Feature","properties":{"i":0.7},"geometry":{"type":"Point","coordinates":[-97.14111,33.52308]}},{"type":"Feature","properties":{"i":0.59},"geometry":{"type":"Point","coordinates":[-96.96533,33.52308]}},{"type":"Feature","properties":{"i":0.25},"geometry":{"type":"Point","coordinates":[-96.65771,33.52308]}},{"type":"Feature","properties":{"i":0.74},"geometry":{"type":"Point","coordinates":[-96.61377,33.52308]}},{"type":"Feature","properties":{"i":0.12},"geometry":{"type":"Point","coordinates":[-96.56982,33.52308]}},{"type":"Feature","properties":{"i":0.18},"geometry":{"type":"Point","coordinates":[-96.52588,33.52308]}},{"type":"Feature","properties":{"i":0.68},"geometry":{"type":"Point","coordinates":[-96.48193,33.52308]}},{"type":"Feature","properties":{"i":0.15},"geometry":{"type":"Point","coordinates":[-96.43799,33.52308]}},{"type":"Feature","properties":{"i":0.3},"geometry":{"type":"Point","coordinates":[-96.39404,33.52308]}},{"type":"Feature","properties":{"i":0.28},"geometry":{"type":"Point","coordinates":[-95.73486,33.52308]}},{"type":"Feature","properties":{"i":0.09},"geometry":{"type":"Point","coordinates":[-97.88818,33.48644]}},{"type":"Feature","properties":{"i":0.11},"geometry":{"type":"Point","coordinates":[-97.80029,33.48644]}},{"type":"Feature","properties":{"i":0.68},"geometry":{"type":"Point","coordinates":[-97.75635,33.48644]}},{"type":"Feature","properties":{"i":0.37},"geometry":{"type":"Point","coordinates":[-97.27295,33.48644]}},{"type":"Feature","properties":{"i":0.14},"geometry":{"type":"Point","coordinates":[-97.18506,33.48644]}},{"type":"Feature","properties":{"i":0.68},"geometry":{"type":"Point","coordinates":[-97.14111,33.48644]}},{"type":"Feature","properties":{"i":0.13},"geometry":{"type":"Point","coordinates":[-97.09717,33.48644]}},{"type":"Feature","properties":{"i":0.13},"geometry":{"type":"Point","coordinates":[-97.05322,33.48644]}},{"type":"Feature","properties":{"i":0.47},"geometry":{"type":"Point","coordinates":[-96.92139,33.48644]}},{"type":"Feature","properties":{"i":1},"geometry":{"type":"Point","coordinates":[-96.78955,33.48644]}},{"type":"Feature","properties":{"i":1},"geometry":{"type":"Point","coordinates":[-96.74561,33.48644]}},{"type":"Feature","properties":{"i":0.11},"geometry":{"type":"Point","coordinates":[-96.70166,33.48644]}},{"type":"Feature","properties":{"i":0.15},"geometry":{"type":"Point","coordinates":[-96.65771,33.48644]}},{"type":"Feature","properties":{"i":0.27},"geometry":{"type":"Point","coordinates":[-96.61377,33.48644]}},{"type":"Feature","properties":{"i":0.1},"geometry":{"type":"Point","coordinates":[-96.56982,33.48644]}},{"type":"Feature","properties":{"i":0.21},"geometry":{"type":"Point","coordinates":[-96.52588,33.48644]}},{"type":"Feature","properties":{"i":0.11},"geometry":{"type":"Point","coordinates":[-96.43799,33.48644]}},{"type":"Feature","properties":{"i":0.16},"geometry":{"type":"Point","coordinates":[-96.39404,33.48644]}},{"type":"Feature","properties":{"i":0.03},"geometry":{"type":"Point","coordinates":[-96.13037,33.48644]}},{"type":"Feature","properties":{"i":0.11},"geometry":{"type":"Point","coordinates":[-95.91064,33.48644]}},{"type":"Feature","properties":{"i":0.02},"geometry":{"type":"Point","coordinates":[-97.88818,33.44978]}},{"type":"Feature","properties":{"i":0.21},"geometry":{"type":"Point","coordinates":[-97.75635,33.44978]}},{"type":"Feature","properties":{"i":0.44},"geometry":{"type":"Point","coordinates":[-97.58057,33.44978]}},{"type":"Feature","properties":{"i":0.22},"geometry":{"type":"Point","coordinates":[-97.27295,33.44978]}},{"type":"Feature","properties":{"i":0.02},"geometry":{"type":"Point","coordinates":[-97.18506,33.44978]}},{"type":"Feature","properties":{"i":0.57},"geometry":{"type":"Point","coordinates":[-97.14111,33.44978]}},{"type":"Feature","properties":{"i":0.14},"geometry":{"type":"Point","coordinates":[-97.05322,33.44978]}},{"type":"Feature","properties":{"i":0.71},"geometry":{"type":"Point","coordinates":[-96.92139,33.44978]}},{"type":"Feature","properties":{"i":0.05},"geometry":{"type":"Point","coordinates":[-96.87744,33.44978]}},{"type":"Feature","properties":{"i":0.03},"geometry":{"type":"Point","coordinates":[-96.8335,33.44978]}},{"type":"Feature","properties":{"i":1},"geometry":{"type":"Point","coordinates":[-96.78955,33.44978]}},{"type":"Feature","properties":{"i":0.75},"geometry":{"type":"Point","coordinates":[-96.74561,33.44978]}},{"type":"Feature","properties":{"i":0.36},"geometry":{"type":"Point","coordinates":[-96.70166,33.44978]}},{"type":"Feature","properties":{"i":0.8},"geometry":{"type":"Point","coordinates":[-96.61377,33.44978]}},{"type":"Feature","properties":{"i":0.3},"geometry":{"type":"Point","coordinates":[-96.56982,33.44978]}},{"type":"Feature","properties":{"i":0.19},"geometry":{"type":"Point","coordinates":[-96.52588,33.44978]}},{"type":"Feature","properties":{"i":0.04},"geometry":{"type":"Point","coordinates":[-96.43799,33.44978]}},{"type":"Feature","properties":{"i":0.21},"geometry":{"type":"Point","coordinates":[-96.39404,33.44978]}},{"type":"Feature","properties":{"i":0.1},"geometry":{"type":"Point","coordinates":[-96.3501,33.44978]}},{"type":"Feature","properties":{"i":0.45},"geometry":{"type":"Point","coordinates":[-96.26221,33.44978]}},{"type":"Feature","properties":{"i":0.08},"geometry":{"type":"Point","coordinates":[-96.21826,33.44978]}},{"type":"Feature","properties":{"i":0.09},"geometry":{"type":"Point","coordinates":[-96.13037,33.44978]}},{"type":"Feature","properties":{"i":0.36},"geometry":{"type":"Point","coordinates":[-95.91064,33.44978]}},{"type":"Feature","properties":{"i":0.37},"geometry":{"type":"Point","coordinates":[-95.64697,33.44978]}},{"type":"Feature","properties":{"i":1},"geometry":{"type":"Point","coordinates":[-97.18506,33.4131]}},{"type":"Feature","properties":{"i":0.76},"geometry":{"type":"Point","coordinates":[-97.14111,33.4131]}},{"type":"Feature","properties":{"i":0.02},"geometry":{"type":"Point","coordinates":[-97.05322,33.4131]}},{"type":"Feature","properties":{"i":0.75},"geometry":{"type":"Point","coordinates":[-97.00928,33.4131]}},{"type":"Feature","properties":{"i":0.29},"geometry":{"type":"Point","coordinates":[-96.96533,33.4131]}},{"type":"Feature","properties":{"i":0.87},"geometry":{"type":"Point","coordinates":[-96.92139,33.4131]}},{"type":"Feature","properties":{"i":0.17},"geometry":{"type":"Point","coordinates":[-96.87744,33.4131]}},{"type":"Feature","properties":{"i":0.36},"geometry":{"type":"Point","coordinates":[-96.74561,33.4131]}},{"type":"Feature","properties":{"i":0.48},"geometry":{"type":"Point","coordinates":[-96.70166,33.4131]}},{"type":"Feature","properties":{"i":0.64},"geometry":{"type":"Point","coordinates":[-96.65771,33.4131]}},{"type":"Feature","properties":{"i":0.7},"geometry":{"type":"Point","coordinates":[-96.61377,33.4131]}},{"type":"Feature","properties":{"i":1},"geometry":{"type":"Point","coordinates":[-96.56982,33.4131]}},{"type":"Feature","properties":{"i":0.25},"geometry":{"type":"Point","coordinates":[-96.52588,33.4131]}},{"type":"Feature","properties":{"i":0.19},"geometry":{"type":"Point","coordinates":[-96.48193,33.4131]}},{"type":"Feature","properties":{"i":0.07},"geometry":{"type":"Point","coordinates":[-96.39404,33.4131]}},{"type":"Feature","properties":{"i":0.91},"geometry":{"type":"Point","coordinates":[-96.3501,33.4131]}},{"type":"Feature","properties":{"i":0.71},"geometry":{"type":"Point","coordinates":[-96.30615,33.4131]}},{"type":"Feature","properties":{"i":0.04},"geometry":{"type":"Point","coordinates":[-96.26221,33.4131]}},{"type":"Feature","properties":{"i":0.03},"geometry":{"type":"Point","coordinates":[-96.21826,33.4131]}},{"type":"Feature","properties":{"i":0.13},"geometry":{"type":"Point","coordinates":[-96.17432,33.4131]}},{"type":"Feature","properties":{"i":0.22},"geometry":{"type":"Point","coordinates":[-96.08643,33.4131]}},{"type":"Feature","properties":{"i":0.4},"geometry":{"type":"Point","coordinates":[-95.95459,33.4131]}},{"type":"Feature","properties":{"i":0.12},"geometry":{"type":"Point","coordinates":[-95.91064,33.4131]}},{"type":"Feature","properties":{"i":0.08},"geometry":{"type":"Point","coordinates":[-95.8667,33.4131]}},{"type":"Feature","properties":{"i":0.1},"geometry":{"type":"Point","coordinates":[-95.82275,33.4131]}},{"type":"Feature","properties":{"i":0.61},"geometry":{"type":"Point","coordinates":[-97.7124,33.37641]}},{"type":"Feature","properties":{"i":0.28},"geometry":{"type":"Point","coordinates":[-97.66846,33.37641]}},{"type":"Feature","properties":{"i":0.19},"geometry":{"type":"Point","coordinates":[-97.49268,33.37641]}},{"type":"Feature","properties":{"i":0.33},"geometry":{"type":"Point","coordinates":[-97.40479,33.37641]}},{"type":"Feature","properties":{"i":0.12},"geometry":{"type":"Point","coordinates":[-97.36084,33.37641]}},{"type":"Feature","properties":{"i":0.19},"geometry":{"type":"Point","coordinates":[-97.229,33.37641]}},{"type":"Feature","properties":{"i":1},"geometry":{"type":"Point","coordinates":[-97.18506,33.37641]}},{"type":"Feature","properties":{"i":1},"geometry":{"type":"Point","coordinates":[-97.14111,33.37641]}},{"type":"Feature","properties":{"i":0.05},"geometry":{"type":"Point","coordinates":[-97.09717,33.37641]}},{"type":"Feature","properties":{"i":0.03},"geometry":{"type":"Point","coordinates":[-97.00928,33.37641]}},{"type":"Feature","properties":{"i":0.86},"geometry":{"type":"Point","coordinates":[-96.96533,33.37641]}},{"type":"Feature","properties":{"i":0.71},"geometry":{"type":"Point","coordinates":[-96.92139,33.37641]}},{"type":"Feature","properties":{"i":0.58},"geometry":{"type":"Point","coordinates":[-96.8335,33.37641]}},{"type":"Feature","properties":{"i":0.45},"geometry":{"type":"Point","coordinates":[-96.78955,33.37641]}},{"type":"Feature","properties":{"i":0.85},"geometry":{"type":"Point","coordinates":[-96.74561,33.37641]}},{"type":"Feature","properties":{"i":0.19},"geometry":{"type":"Point","coordinates":[-96.70166,33.37641]}},{"type":"Feature","properties":{"i":0.28},"geometry":{"type":"Point","coordinates":[-96.65771,33.37641]}},{"type":"Feature","properties":{"i":0.35},"geometry":{"type":"Point","coordinates":[-96.61377,33.37641]}},{"type":"Feature","properties":{"i":0.69},"geometry":{"type":"Point","coordinates":[-96.56982,33.37641]}},{"type":"Feature","properties":{"i":1},"geometry":{"type":"Point","coordinates":[-96.52588,33.37641]}},{"type":"Feature","properties":{"i":0.04},"geometry":{"type":"Point","coordinates":[-96.48193,33.37641]}},{"type":"Feature","properties":{"i":0.46},"geometry":{"type":"Point","coordinates":[-96.43799,33.37641]}},{"type":"Feature","properties":{"i":0.26},"geometry":{"type":"Point","coordinates":[-96.39404,33.37641]}},{"type":"Feature","properties":{"i":0.11},"geometry":{"type":"Point","coordinates":[-96.3501,33.37641]}},{"type":"Feature","properties":{"i":0.49},"geometry":{"type":"Point","coordinates":[-96.30615,33.37641]}},{"type":"Feature","properties":{"i":0.34},"geometry":{"type":"Point","coordinates":[-96.26221,33.37641]}},{"type":"Feature","properties":{"i":0.7},"geometry":{"type":"Point","coordinates":[-96.21826,33.37641]}},{"type":"Feature","properties":{"i":0.65},"geometry":{"type":"Point","coordinates":[-96.08643,33.37641]}},{"type":"Feature","properties":{"i":0.29},"geometry":{"type":"Point","coordinates":[-96.04248,33.37641]}},{"type":"Feature","properties":{"i":0.62},"geometry":{"type":"Point","coordinates":[-95.69092,33.37641]}},{"type":"Feature","properties":{"i":1},"geometry":{"type":"Point","coordinates":[-97.7124,33.33971]}},{"type":"Feature","properties":{"i":0.55},"geometry":{"type":"Point","coordinates":[-97.66846,33.33971]}},{"type":"Feature","properties":{"i":0.42},"geometry":{"type":"Point","coordinates":[-97.58057,33.33971]}},{"type":"Feature","properties":{"i":0.32},"geometry":{"type":"Point","coordinates":[-97.49268,33.33971]}},{"type":"Feature","properties":{"i":0.08},"geometry":{"type":"Point","coordinates":[-97.40479,33.33971]}},{"type":"Feature","properties":{"i":0.1},"geometry":{"type":"Point","coordinates":[-97.36084,33.33971]}},{"type":"Feature","properties":{"i":0.22},"geometry":{"type":"Point","coordinates":[-97.31689,33.33971]}},{"type":"Feature","properties":{"i":0.13},"geometry":{"type":"Point","coordinates":[-97.27295,33.33971]}},{"type":"Feature","properties":{"i":0.11},"geometry":{"type":"Point","coordinates":[-97.229,33.33971]}},{"type":"Feature","properties":{"i":0.91},"geometry":{"type":"Point","coordinates":[-97.18506,33.33971]}},{"type":"Feature","properties":{"i":0.52},"geometry":{"type":"Point","coordinates":[-97.14111,33.33971]}},{"type":"Feature","properties":{"i":0.07},"geometry":{"type":"Point","coordinates":[-97.09717,33.33971]}},{"type":"Feature","properties":{"i":0.29},"geometry":{"type":"Point","coordinates":[-97.05322,33.33971]}},{"type":"Feature","properties":{"i":0.25},"geometry":{"type":"Point","coordinates":[-97.00928,33.33971]}},{"type":"Feature","properties":{"i":0.52},"geometry":{"type":"Point","coordinates":[-96.96533,33.33971]}},{"type":"Feature","properties":{"i":0.34},"geometry":{"type":"Point","coordinates":[-96.92139,33.33971]}},{"type":"Feature","properties":{"i":0.1},"geometry":{"type":"Point","coordinates":[-96.87744,33.33971]}},{"type":"Feature","properties":{"i":0.36},"geometry":{"type":"Point","coordinates":[-96.8335,33.33971]}},{"type":"Feature","properties":{"i":1},"geometry":{"type":"Point","coordinates":[-96.78955,33.33971]}},{"type":"Feature","properties":{"i":0.62},"geometry":{"type":"Point","coordinates":[-96.74561,33.33971]}},{"type":"Feature","properties":{"i":0.07},"geometry":{"type":"Point","coordinates":[-96.70166,33.33971]}},{"type":"Feature","properties":{"i":0.47},"geometry":{"type":"Point","coordinates":[-96.65771,33.33971]}},{"type":"Feature","properties":{"i":0.85},"geometry":{"type":"Point","coordinates":[-96.61377,33.33971]}},{"type":"Feature","properties":{"i":1},"geometry":{"type":"Point","coordinates":[-96.56982,33.33971]}},{"type":"Feature","properties":{"i":1},"geometry":{"type":"Point","coordinates":[-96.52588,33.33971]}},{"type":"Feature","properties":{"i":0.13},"geometry":{"type":"Point","coordinates":[-96.48193,33.33971]}},{"type":"Feature","properties":{"i":0.33},"geometry":{"type":"Point","coordinates":[-96.43799,33.33971]}},{"type":"Feature","properties":{"i":0.03},"geometry":{"type":"Point","coordinates":[-96.3501,33.33971]}},{"type":"Feature","properties":{"i":0.09},"geometry":{"type":"Point","coordinates":[-96.30615,33.33971]}},{"type":"Feature","properties":{"i":0.36},"geometry":{"type":"Point","coordinates":[-96.08643,33.33971]}},{"type":"Feature","properties":{"i":0.05},"geometry":{"type":"Point","coordinates":[-95.95459,33.33971]}},{"type":"Feature","properties":{"i":0.12},"geometry":{"type":"Point","coordinates":[-95.91064,33.33971]}},{"type":"Feature","properties":{"i":0.04},"geometry":{"type":"Point","coordinates":[-95.77881,33.33971]}},{"type":"Feature","properties":{"i":0.03},"geometry":{"type":"Point","coordinates":[-95.64697,33.33971]}},{"type":"Feature","properties":{"i":0.43},"geometry":{"type":"Point","coordinates":[-97.88818,33.30299]}},{"type":"Feature","properties":{"i":0.69},"geometry":{"type":"Point","coordinates":[-97.80029,33.30299]}},{"type":"Feature","properties":{"i":0.83},"geometry":{"type":"Point","coordinates":[-97.75635,33.30299]}},{"type":"Feature","properties":{"i":0.38},"geometry":{"type":"Point","coordinates":[-97.62451,33.30299]}},{"type":"Feature","properties":{"i":0.05},"geometry":{"type":"Point","coordinates":[-97.36084,33.30299]}},{"type":"Feature","properties":{"i":0.27},"geometry":{"type":"Point","coordinates":[-97.27295,33.30299]}},{"type":"Feature","properties":{"i":0.13},"geometry":{"type":"Point","coordinates":[-97.229,33.30299]}},{"type":"Feature","properties":{"i":1},"geometry":{"type":"Point","coordinates":[-97.18506,33.30299]}},{"type":"Feature","properties":{"i":0.13},"geometry":{"type":"Point","coordinates":[-97.14111,33.30299]}},{"type":"Feature","properties":{"i":0.07},"geometry":{"type":"Point","coordinates":[-97.09717,33.30299]}},{"type":"Feature","properties":{"i":0.36},"geometry":{"type":"Point","coordinates":[-97.05322,33.30299]}},{"type":"Feature","properties":{"i":0.23},"geometry":{"type":"Point","coordinates":[-97.00928,33.30299]}},{"type":"Feature","properties":{"i":1},"geometry":{"type":"Point","coordinates":[-96.96533,33.30299]}},{"type":"Feature","properties":{"i":0.51},"geometry":{"type":"Point","coordinates":[-96.92139,33.30299]}},{"type":"Feature","properties":{"i":0.71},"geometry":{"type":"Point","coordinates":[-96.87744,33.30299]}},{"type":"Feature","properties":{"i":0.79},"geometry":{"type":"Point","coordinates":[-96.8335,33.30299]}},{"type":"Feature","properties":{"i":1},"geometry":{"type":"Point","coordinates":[-96.78955,33.30299]}},{"type":"Feature","properties":{"i":0.72},"geometry":{"type":"Point","coordinates":[-96.74561,33.30299]}},{"type":"Feature","properties":{"i":0.61},"geometry":{"type":"Point","coordinates":[-96.70166,33.30299]}},{"type":"Feature","properties":{"i":0.55},"geometry":{"type":"Point","coordinates":[-96.65771,33.30299]}},{"type":"Feature","properties":{"i":0.9},"geometry":{"type":"Point","coordinates":[-96.61377,33.30299]}},{"type":"Feature","properties":{"i":0.95},"geometry":{"type":"Point","coordinates":[-96.56982,33.30299]}},{"type":"Feature","properties":{"i":1},"geometry":{"type":"Point","coordinates":[-96.52588,33.30299]}},{"type":"Feature","properties":{"i":0.3},"geometry":{"type":"Point","coordinates":[-96.48193,33.30299]}},{"type":"Feature","properties":{"i":0.35},"geometry":{"type":"Point","coordinates":[-96.39404,33.30299]}},{"type":"Feature","properties":{"i":0.66},"geometry":{"type":"Point","coordinates":[-96.30615,33.30299]}},{"type":"Feature","properties":{"i":0.1},"geometry":{"type":"Point","coordinates":[-96.26221,33.30299]}},{"type":"Feature","properties":{"i":0.64},"geometry":{"type":"Point","coordinates":[-96.17432,33.30299]}},{"type":"Feature","properties":{"i":0.46},"geometry":{"type":"Point","coordinates":[-97.84424,33.26625]}},{"type":"Feature","properties":{"i":1},"geometry":{"type":"Point","coordinates":[-97.80029,33.26625]}},{"type":"Feature","properties":{"i":0.47},"geometry":{"type":"Point","coordinates":[-97.75635,33.26625]}},{"type":"Feature","properties":{"i":0.39},"geometry":{"type":"Point","coordinates":[-97.66846,33.26625]}},{"type":"Feature","properties":{"i":0.21},"geometry":{"type":"Point","coordinates":[-97.62451,33.26625]}},{"type":"Feature","properties":{"i":0.23},"geometry":{"type":"Point","coordinates":[-97.58057,33.26625]}},{"type":"Feature","properties":{"i":0.1},"geometry":{"type":"Point","coordinates":[-97.53662,33.26625]}},{"type":"Feature","properties":{"i":0.13},"geometry":{"type":"Point","coordinates":[-97.40479,33.26625]}},{"type":"Feature","properties":{"i":0.18},"geometry":{"type":"Point","coordinates":[-97.36084,33.26625]}},{"type":"Feature","properties":{"i":0.04},"geometry":{"type":"Point","coordinates":[-97.31689,33.26625]}},{"type":"Feature","properties":{"i":0.1},"geometry":{"type":"Point","coordinates":[-97.27295,33.26625]}},{"type":"Feature","properties":{"i":1},"geometry":{"type":"Point","coordinates":[-97.229,33.26625]}},{"type":"Feature","properties":{"i":1},"geometry":{"type":"Point","coordinates":[-97.18506,33.26625]}},{"type":"Feature","properties":{"i":0.88},"geometry":{"type":"Point","coordinates":[-97.14111,33.26625]}},{"type":"Feature","properties":{"i":1},"geometry":{"type":"Point","coordinates":[-97.09717,33.26625]}},{"type":"Feature","properties":{"i":0.15},"geometry":{"type":"Point","coordinates":[-97.05322,33.26625]}},{"type":"Feature","properties":{"i":0.31},"geometry":{"type":"Point","coordinates":[-97.00928,33.26625]}},{"type":"Feature","properties":{"i":0.93},"geometry":{"type":"Point","coordinates":[-96.96533,33.26625]}},{"type":"Feature","properties":{"i":0.95},"geometry":{"type":"Point","coordinates":[-96.92139,33.26625]}},{"type":"Feature","properties":{"i":1},"geometry":{"type":"Point","coordinates":[-96.87744,33.26625]}},{"type":"Feature","properties":{"i":1},"geometry":{"type":"Point","coordinates":[-96.8335,33.26625]}},{"type":"Feature","properties":{"i":1},"geometry":{"type":"Point","coordinates":[-96.78955,33.26625]}},{"type":"Feature","properties":{"i":1},"geometry":{"type":"Point","coordinates":[-96.74561,33.26625]}},{"type":"Feature","properties":{"i":0.36},"geometry":{"type":"Point","coordinates":[-96.70166,33.26625]}},{"type":"Feature","properties":{"i":0.53},"geometry":{"type":"Point","coordinates":[-96.65771,33.26625]}},{"type":"Feature","properties":{"i":0.97},"geometry":{"type":"Point","coordinates":[-96.61377,33.26625]}},{"type":"Feature","properties":{"i":1},"geometry":{"type":"Point","coordinates":[-96.56982,33.26625]}},{"type":"Feature","properties":{"i":1},"geometry":{"type":"Point","coordinates":[-96.52588,33.26625]}},{"type":"Feature","properties":{"i":0.58},"geometry":{"type":"Point","coordinates":[-96.48193,33.26625]}},{"type":"Feature","properties":{"i":0.24},"geometry":{"type":"Point","coordinates":[-96.43799,33.26625]}},{"type":"Feature","properties":{"i":0.19},"geometry":{"type":"Point","coordinates":[-96.39404,33.26625]}},{"type":"Feature","properties":{"i":0.41},"geometry":{"type":"Point","coordinates":[-96.17432,33.26625]}},{"type":"Feature","properties":{"i":0.07},"geometry":{"type":"Point","coordinates":[-96.08643,33.26625]}},{"type":"Feature","properties":{"i":0.08},"geometry":{"type":"Point","coordinates":[-96.04248,33.26625]}},{"type":"Feature","properties":{"i":0.73},"geometry":{"type":"Point","coordinates":[-95.91064,33.26625]}},{"type":"Feature","properties":{"i":0.35},"geometry":{"type":"Point","coordinates":[-95.8667,33.26625]}},{"type":"Feature","properties":{"i":0.53},"geometry":{"type":"Point","coordinates":[-98.1958,33.2295]}},{"type":"Feature","properties":{"i":0.74},"geometry":{"type":"Point","coordinates":[-98.15186,33.2295]}},{"type":"Feature","properties":{"i":0.08},"geometry":{"type":"Point","coordinates":[-97.84424,33.2295]}},{"type":"Feature","properties":{"i":0.67},"geometry":{"type":"Point","coordinates":[-97.80029,33.2295]}},{"type":"Feature","properties":{"i":1},"geometry":{"type":"Point","coordinates":[-97.75635,33.2295]}},{"type":"Feature","properties":{"i":0.81},"geometry":{"type":"Point","coordinates":[-97.7124,33.2295]}},{"type":"Feature","properties":{"i":0.18},"geometry":{"type":"Point","coordinates":[-97.66846,33.2295]}},{"type":"Feature","properties":{"i":1},"geometry":{"type":"Point","coordinates":[-97.62451,33.2295]}},{"type":"Feature","properties":{"i":1},"geometry":{"type":"Point","coordinates":[-97.58057,33.2295]}},{"type":"Feature","properties":{"i":0.94},"geometry":{"type":"Point","coordinates":[-97.53662,33.2295]}},{"type":"Feature","properties":{"i":0.33},"geometry":{"type":"Point","coordinates":[-97.40479,33.2295]}},{"type":"Feature","properties":{"i":0.69},"geometry":{"type":"Point","coordinates":[-97.36084,33.2295]}},{"type":"Feature","properties":{"i":0.69},"geometry":{"type":"Point","coordinates":[-97.31689,33.2295]}},{"type":"Feature","properties":{"i":0.79},"geometry":{"type":"Point","coordinates":[-97.27295,33.2295]}},{"type":"Feature","properties":{"i":0.67},"geometry":{"type":"Point","coordinates":[-97.229,33.2295]}},{"type":"Feature","properties":{"i":1},"geometry":{"type":"Point","coordinates":[-97.18506,33.2295]}},{"type":"Feature","properties":{"i":1},"geometry":{"type":"Point","coordinates":[-97.14111,33.2295]}},{"type":"Feature","properties":{"i":1},"geometry":{"type":"Point","coordinates":[-97.09717,33.2295]}},{"type":"Feature","properties":{"i":0.83},"geometry":{"type":"Point","coordinates":[-97.05322,33.2295]}},{"type":"Feature","properties":{"i":0.71},"geometry":{"type":"Point","coordinates":[-97.00928,33.2295]}},{"type":"Feature","properties":{"i":1},"geometry":{"type":"Point","coordinates":[-96.96533,33.2295]}},{"type":"Feature","properties":{"i":1},"geometry":{"type":"Point","coordinates":[-96.92139,33.2295]}},{"type":"Feature","properties":{"i":1},"geometry":{"type":"Point","coordinates":[-96.87744,33.2295]}},{"type":"Feature","properties":{"i":1},"geometry":{"type":"Point","coordinates":[-96.8335,33.2295]}},{"type":"Feature","properties":{"i":1},"geometry":{"type":"Point","coordinates":[-96.78955,33.2295]}},{"type":"Feature","properties":{"i":1},"geometry":{"type":"Point","coordinates":[-96.74561,33.2295]}},{"type":"Feature","properties":{"i":0.94},"geometry":{"type":"Point","coordinates":[-96.70166,33.2295]}},{"type":"Feature","properties":{"i":1},"geometry":{"type":"Point","coordinates":[-96.65771,33.2295]}},{"type":"Feature","properties":{"i":1},"geometry":{"type":"Point","coordinates":[-96.61377,33.2295]}},{"type":"Feature","properties":{"i":0.71},"geometry":{"type":"Point","coordinates":[-96.56982,33.2295]}},{"type":"Feature","properties":{"i":0.78},"geometry":{"type":"Point","coordinates":[-96.52588,33.2295]}},{"type":"Feature","properties":{"i":0.33},"geometry":{"type":"Point","coordinates":[-96.48193,33.2295]}},{"type":"Feature","properties":{"i":0.09},"geometry":{"type":"Point","coordinates":[-96.43799,33.2295]}},{"type":"Feature","properties":{"i":0.05},"geometry":{"type":"Point","coordinates":[-96.26221,33.2295]}},{"type":"Feature","properties":{"i":0.21},"geometry":{"type":"Point","coordinates":[-96.21826,33.2295]}},{"type":"Feature","properties":{"i":0.37},"geometry":{"type":"Point","coordinates":[-96.17432,33.2295]}},{"type":"Feature","properties":{"i":0.98},"geometry":{"type":"Point","coordinates":[-95.91064,33.2295]}},{"type":"Feature","properties":{"i":0.76},"geometry":{"type":"Point","coordinates":[-95.8667,33.2295]}},{"type":"Feature","properties":{"i":0.46},"geometry":{"type":"Point","coordinates":[-98.1958,33.19273]}},{"type":"Feature","properties":{"i":0.71},"geometry":{"type":"Point","coordinates":[-98.15186,33.19273]}},{"type":"Feature","properties":{"i":1},"geometry":{"type":"Point","coordinates":[-97.93213,33.19273]}},{"type":"Feature","properties":{"i":0.23},"geometry":{"type":"Point","coordinates":[-97.88818,33.19273]}},{"type":"Feature","properties":{"i":0.19},"geometry":{"type":"Point","coordinates":[-97.84424,33.19273]}},{"type":"Feature","properties":{"i":0.53},"geometry":{"type":"Point","coordinates":[-97.80029,33.19273]}},{"type":"Feature","properties":{"i":0.87},"geometry":{"type":"Point","coordinates":[-97.75635,33.19273]}},{"type":"Feature","properties":{"i":0.32},"geometry":{"type":"Point","coordinates":[-97.7124,33.19273]}},{"type":"Feature","properties":{"i":0.22},"geometry":{"type":"Point","coordinates":[-97.66846,33.19273]}},{"type":"Feature","properties":{"i":0.42},"geometry":{"type":"Point","coordinates":[-97.62451,33.19273]}},{"type":"Feature","properties":{"i":1},"geometry":{"type":"Point","coordinates":[-97.58057,33.19273]}},{"type":"Feature","properties":{"i":1},"geometry":{"type":"Point","coordinates":[-97.53662,33.19273]}},{"type":"Feature","properties":{"i":0.34},"geometry":{"type":"Point","coordinates":[-97.49268,33.19273]}},{"type":"Feature","properties":{"i":0.63},"geometry":{"type":"Point","coordinates":[-97.31689,33.19273]}},{"type":"Feature","properties":{"i":1},"geometry":{"type":"Point","coordinates":[-97.27295,33.19273]}},{"type":"Feature","properties":{"i":1},"geometry":{"type":"Point","coordinates":[-97.229,33.19273]}},{"type":"Feature","properties":{"i":1},"geometry":{"type":"Point","coordinates":[-97.18506,33.19273]}},{"type":"Feature","properties":{"i":1},"geometry":{"type":"Point","coordinates":[-97.14111,33.19273]}},{"type":"Feature","properties":{"i":1},"geometry":{"type":"Point","coordinates":[-97.09717,33.19273]}},{"type":"Feature","properties":{"i":1},"geometry":{"type":"Point","coordinates":[-97.05322,33.19273]}},{"type":"Feature","properties":{"i":0.56},"geometry":{"type":"Point","coordinates":[-97.00928,33.19273]}},{"type":"Feature","properties":{"i":1},"geometry":{"type":"Point","coordinates":[-96.96533,33.19273]}},{"type":"Feature","properties":{"i":1},"geometry":{"type":"Point","coordinates":[-96.92139,33.19273]}},{"type":"Feature","properties":{"i":1},"geometry":{"type":"Point","coordinates":[-96.87744,33.19273]}},{"type":"Feature","properties":{"i":1},"geometry":{"type":"Point","coordinates":[-96.8335,33.19273]}},{"type":"Feature","properties":{"i":1},"geometry":{"type":"Point","coordinates":[-96.78955,33.19273]}},{"type":"Feature","properties":{"i":1},"geometry":{"type":"Point","coordinates":[-96.74561,33.19273]}},{"type":"Feature","properties":{"i":1},"geometry":{"type":"Point","coordinates":[-96.70166,33.19273]}},{"type":"Feature","properties":{"i":1},"geometry":{"type":"Point","coordinates":[-96.65771,33.19273]}},{"type":"Feature","properties":{"i":1},"geometry":{"type":"Point","coordinates":[-96.61377,33.19273]}},{"type":"Feature","properties":{"i":1},"geometry":{"type":"Point","coordinates":[-96.56982,33.19273]}},{"type":"Feature","properties":{"i":0.71},"geometry":{"type":"Point","coordinates":[-96.52588,33.19273]}},{"type":"Feature","properties":{"i":0.79},"geometry":{"type":"Point","coordinates":[-96.48193,33.19273]}},{"type":"Feature","properties":{"i":0.21},"geometry":{"type":"Point","coordinates":[-96.43799,33.19273]}},{"type":"Feature","properties":{"i":0.19},"geometry":{"type":"Point","coordinates":[-96.3501,33.19273]}},{"type":"Feature","properties":{"i":0.18},"geometry":{"type":"Point","coordinates":[-96.30615,33.19273]}},{"type":"Feature","properties":{"i":0.03},"geometry":{"type":"Point","coordinates":[-96.21826,33.19273]}},{"type":"Feature","properties":{"i":0.08},"geometry":{"type":"Point","coordinates":[-96.13037,33.19273]}},{"type":"Feature","properties":{"i":0.03},"geometry":{"type":"Point","coordinates":[-96.04248,33.19273]}},{"type":"Feature","properties":{"i":0.09},"geometry":{"type":"Point","coordinates":[-95.91064,33.19273]}},{"type":"Feature","properties":{"i":0.22},"geometry":{"type":"Point","coordinates":[-95.73486,33.19273]}},{"type":"Feature","properties":{"i":0.52},"geometry":{"type":"Point","coordinates":[-98.37158,33.15595]}},{"type":"Feature","properties":{"i":0.22},"geometry":{"type":"Point","coordinates":[-97.88818,33.15595]}},{"type":"Feature","properties":{"i":0.46},"geometry":{"type":"Point","coordinates":[-97.84424,33.15595]}},{"type":"Feature","properties":{"i":0.12},"geometry":{"type":"Point","coordinates":[-97.75635,33.15595]}},{"type":"Feature","properties":{"i":0.56},"geometry":{"type":"Point","coordinates":[-97.7124,33.15595]}},{"type":"Feature","properties":{"i":0.33},"geometry":{"type":"Point","coordinates":[-97.66846,33.15595]}},{"type":"Feature","properties":{"i":0.13},"geometry":{"type":"Point","coordinates":[-97.62451,33.15595]}},{"type":"Feature","properties":{"i":0.19},"geometry":{"type":"Point","coordinates":[-97.58057,33.15595]}},{"type":"Feature","properties":{"i":0.23},"geometry":{"type":"Point","coordinates":[-97.53662,33.15595]}},{"type":"Feature","properties":{"i":0.15},"geometry":{"type":"Point","coordinates":[-97.49268,33.15595]}},{"type":"Feature","properties":{"i":0.41},"geometry":{"type":"Point","coordinates":[-97.44873,33.15595]}},{"type":"Feature","properties":{"i":0.3},"geometry":{"type":"Point","coordinates":[-97.40479,33.15595]}},{"type":"Feature","properties":{"i":0.27},"geometry":{"type":"Point","coordinates":[-97.36084,33.15595]}},{"type":"Feature","properties":{"i":0.55},"geometry":{"type":"Point","coordinates":[-97.31689,33.15595]}},{"type":"Feature","properties":{"i":0.44},"geometry":{"type":"Point","coordinates":[-97.27295,33.15595]}},{"type":"Feature","properties":{"i":0.78},"geometry":{"type":"Point","coordinates":[-97.229,33.15595]}},{"type":"Feature","properties":{"i":1},"geometry":{"type":"Point","coordinates":[-97.18506,33.15595]}},{"type":"Feature","properties":{"i":1},"geometry":{"type":"Point","coordinates":[-97.14111,33.15595]}},{"type":"Feature","properties":{"i":1},"geometry":{"type":"Point","coordinates":[-97.09717,33.15595]}},{"type":"Feature","properties":{"i":1},"geometry":{"type":"Point","coordinates":[-97.05322,33.15595]}},{"type":"Feature","properties":{"i":0.72},"geometry":{"type":"Point","coordinates":[-97.00928,33.15595]}},{"type":"Feature","properties":{"i":1},"geometry":{"type":"Point","coordinates":[-96.96533,33.15595]}},{"type":"Feature","properties":{"i":1},"geometry":{"type":"Point","coordinates":[-96.92139,33.15595]}},{"type":"Feature","properties":{"i":1},"geometry":{"type":"Point","coordinates":[-96.87744,33.15595]}},{"type":"Feature","properties":{"i":1},"geometry":{"type":"Point","coordinates":[-96.8335,33.15595]}},{"type":"Feature","properties":{"i":1},"geometry":{"type":"Point","coordinates":[-96.78955,33.15595]}},{"type":"Feature","properties":{"i":1},"geometry":{"type":"Point","coordinates":[-96.74561,33.15595]}},{"type":"Feature","properties":{"i":1},"geometry":{"type":"Point","coordinates":[-96.70166,33.15595]}},{"type":"Feature","properties":{"i":1},"geometry":{"type":"Point","coordinates":[-96.65771,33.15595]}},{"type":"Feature","properties":{"i":1},"geometry":{"type":"Point","coordinates":[-96.61377,33.15595]}},{"type":"Feature","properties":{"i":1},"geometry":{"type":"Point","coordinates":[-96.56982,33.15595]}},{"type":"Feature","properties":{"i":1},"geometry":{"type":"Point","coordinates":[-96.52588,33.15595]}},{"type":"Feature","properties":{"i":1},"geometry":{"type":"Point","coordinates":[-96.48193,33.15595]}},{"type":"Feature","properties":{"i":0.35},"geometry":{"type":"Point","coordinates":[-96.43799,33.15595]}},{"type":"Feature","properties":{"i":1},"geometry":{"type":"Point","coordinates":[-96.39404,33.15595]}},{"type":"Feature","properties":{"i":1},"geometry":{"type":"Point","coordinates":[-96.3501,33.15595]}},{"type":"Feature","properties":{"i":0.84},"geometry":{"type":"Point","coordinates":[-96.30615,33.15595]}},{"type":"Feature","properties":{"i":0.71},"geometry":{"type":"Point","coordinates":[-96.26221,33.15595]}},{"type":"Feature","properties":{"i":0.7},"geometry":{"type":"Point","coordinates":[-96.21826,33.15595]}},{"type":"Feature","properties":{"i":0.22},"geometry":{"type":"Point","coordinates":[-96.17432,33.15595]}},{"type":"Feature","properties":{"i":0.88},"geometry":{"type":"Point","coordinates":[-96.13037,33.15595]}},{"type":"Feature","properties":{"i":0.8},"geometry":{"type":"Point","coordinates":[-96.08643,33.15595]}},{"type":"Feature","properties":{"i":0.5},"geometry":{"type":"Point","coordinates":[-96.04248,33.15595]}},{"type":"Feature","properties":{"i":0.39},"geometry":{"type":"Point","coordinates":[-95.95459,33.15595]}},{"type":"Feature","properties":{"i":0.02},"geometry":{"type":"Point","coordinates":[-95.64697,33.15595]}},{"type":"Feature","properties":{"i":0.22},"geometry":{"type":"Point","coordinates":[-98.02002,33.11915]}},{"type":"Feature","properties":{"i":0.04},"geometry":{"type":"Point","coordinates":[-97.75635,33.11915]}},{"type":"Feature","properties":{"i":0.55},"geometry":{"type":"Point","coordinates":[-97.66846,33.11915]}},{"type":"Feature","properties":{"i":0.1},"geometry":{"type":"Point","coordinates":[-97.62451,33.11915]}},{"type":"Feature","properties":{"i":0.12},"geometry":{"type":"Point","coordinates":[-97.53662,33.11915]}},{"type":"Feature","properties":{"i":0.36},"geometry":{"type":"Point","coordinates":[-97.49268,33.11915]}},{"type":"Feature","properties":{"i":0.09},"geometry":{"type":"Point","coordinates":[-97.44873,33.11915]}},{"type":"Feature","properties":{"i":0.17},"geometry":{"type":"Point","coordinates":[-97.40479,33.11915]}},{"type":"Feature","properties":{"i":0.26},"geometry":{"type":"Point","coordinates":[-97.31689,33.11915]}},{"type":"Feature","properties":{"i":0.8},"geometry":{"type":"Point","coordinates":[-97.27295,33.11915]}},{"type":"Feature","properties":{"i":0.82},"geometry":{"type":"Point","coordinates":[-97.229,33.11915]}},{"type":"Feature","properties":{"i":0.65},"geometry":{"type":"Point","coordinates":[-97.18506,33.11915]}},{"type":"Feature","properties":{"i":0.99},"geometry":{"type":"Point","coordinates":[-97.14111,33.11915]}},{"type":"Feature","properties":{"i":0.67},"geometry":{"type":"Point","coordinates":[-97.09717,33.11915]}},{"type":"Feature","properties":{"i":1},"geometry":{"type":"Point","coordinates":[-97.05322,33.11915]}},{"type":"Feature","properties":{"i":1},"geometry":{"type":"Point","coordinates":[-97.00928,33.11915]}},{"type":"Feature","properties":{"i":0.44},"geometry":{"type":"Point","coordinates":[-96.96533,33.11915]}},{"type":"Feature","properties":{"i":0.83},"geometry":{"type":"Point","coordinates":[-96.92139,33.11915]}},{"type":"Feature","properties":{"i":1},"geometry":{"type":"Point","coordinates":[-96.87744,33.11915]}},{"type":"Feature","properties":{"i":1},"geometry":{"type":"Point","coordinates":[-96.8335,33.11915]}},{"type":"Feature","properties":{"i":1},"geometry":{"type":"Point","coordinates":[-96.78955,33.11915]}},{"type":"Feature","properties":{"i":1},"geometry":{"type":"Point","coordinates":[-96.74561,33.11915]}},{"type":"Feature","properties":{"i":1},"geometry":{"type":"Point","coordinates":[-96.70166,33.11915]}},{"type":"Feature","properties":{"i":1},"geometry":{"type":"Point","coordinates":[-96.65771,33.11915]}},{"type":"Feature","properties":{"i":1},"geometry":{"type":"Point","coordinates":[-96.61377,33.11915]}},{"type":"Feature","properties":{"i":0.95},"geometry":{"type":"Point","coordinates":[-96.56982,33.11915]}},{"type":"Feature","properties":{"i":0.41},"geometry":{"type":"Point","coordinates":[-96.52588,33.11915]}},{"type":"Feature","properties":{"i":0.53},"geometry":{"type":"Point","coordinates":[-96.48193,33.11915]}},{"type":"Feature","properties":{"i":0.91},"geometry":{"type":"Point","coordinates":[-96.43799,33.11915]}},{"type":"Feature","properties":{"i":0.46},"geometry":{"type":"Point","coordinates":[-96.39404,33.11915]}},{"type":"Feature","properties":{"i":0.24},"geometry":{"type":"Point","coordinates":[-96.3501,33.11915]}},{"type":"Feature","properties":{"i":0.04},"geometry":{"type":"Point","coordinates":[-96.30615,33.11915]}},{"type":"Feature","properties":{"i":0.11},"geometry":{"type":"Point","coordinates":[-96.26221,33.11915]}},{"type":"Feature","properties":{"i":0.03},"geometry":{"type":"Point","coordinates":[-96.21826,33.11915]}},{"type":"Feature","properties":{"i":0.85},"geometry":{"type":"Point","coordinates":[-96.17432,33.11915]}},{"type":"Feature","properties":{"i":1},"geometry":{"type":"Point","coordinates":[-96.13037,33.11915]}},{"type":"Feature","properties":{"i":1},"geometry":{"type":"Point","coordinates":[-96.08643,33.11915]}},{"type":"Feature","properties":{"i":1},"geometry":{"type":"Point","coordinates":[-96.04248,33.11915]}},{"type":"Feature","properties":{"i":0.67},"geometry":{"type":"Point","coordinates":[-95.99854,33.11915]}},{"type":"Feature","properties":{"i":0.11},"geometry":{"type":"Point","coordinates":[-95.95459,33.11915]}},{"type":"Feature","properties":{"i":0.5},"geometry":{"type":"Point","coordinates":[-95.8667,33.11915]}},{"type":"Feature","properties":{"i":0.71},"geometry":{"type":"Point","coordinates":[-95.82275,33.11915]}},{"type":"Feature","properties":{"i":0.38},"geometry":{"type":"Point","coordinates":[-95.73486,33.11915]}},{"type":"Feature","properties":{"i":0.25},"geometry":{"type":"Point","coordinates":[-95.69092,33.11915]}},{"type":"Feature","properties":{"i":1},"geometry":{"type":"Point","coordinates":[-95.64697,33.11915]}},{"type":"Feature","properties":{"i":0.04},"geometry":{"type":"Point","coordinates":[-97.93213,33.08234]}},{"type":"Feature","properties":{"i":0.19},"geometry":{"type":"Point","coordinates":[-97.7124,33.08234]}},{"type":"Feature","properties":{"i":0.19},"geometry":{"type":"Point","coordinates":[-97.62451,33.08234]}},{"type":"Feature","properties":{"i":0.93},"geometry":{"type":"Point","coordinates":[-97.58057,33.08234]}},{"type":"Feature","properties":{"i":0.94},"geometry":{"type":"Point","coordinates":[-97.53662,33.08234]}},{"type":"Feature","properties":{"i":0.33},"geometry":{"type":"Point","coordinates":[-97.49268,33.08234]}},{"type":"Feature","properties":{"i":0.66},"geometry":{"type":"Point","coordinates":[-97.44873,33.08234]}},{"type":"Feature","properties":{"i":0.39},"geometry":{"type":"Point","coordinates":[-97.40479,33.08234]}},{"type":"Feature","properties":{"i":0.55},"geometry":{"type":"Point","coordinates":[-97.36084,33.08234]}},{"type":"Feature","properties":{"i":0.8},"geometry":{"type":"Point","coordinates":[-97.31689,33.08234]}},{"type":"Feature","properties":{"i":0.95},"geometry":{"type":"Point","coordinates":[-97.27295,33.08234]}},{"type":"Feature","properties":{"i":0.93},"geometry":{"type":"Point","coordinates":[-97.229,33.08234]}},{"type":"Feature","properties":{"i":0.87},"geometry":{"type":"Point","coordinates":[-97.18506,33.08234]}},{"type":"Feature","properties":{"i":1},"geometry":{"type":"Point","coordinates":[-97.14111,33.08234]}},{"type":"Feature","properties":{"i":1},"geometry":{"type":"Point","coordinates":[-97.09717,33.08234]}},{"type":"Feature","properties":{"i":1},"geometry":{"type":"Point","coordinates":[-97.05322,33.08234]}},{"type":"Feature","properties":{"i":1},"geometry":{"type":"Point","coordinates":[-97.00928,33.08234]}},{"type":"Feature","properties":{"i":0.55},"geometry":{"type":"Point","coordinates":[-96.96533,33.08234]}},{"type":"Feature","properties":{"i":0.68},"geometry":{"type":"Point","coordinates":[-96.92139,33.08234]}},{"type":"Feature","properties":{"i":1},"geometry":{"type":"Point","coordinates":[-96.87744,33.08234]}},{"type":"Feature","properties":{"i":1},"geometry":{"type":"Point","coordinates":[-96.8335,33.08234]}},{"type":"Feature","properties":{"i":1},"geometry":{"type":"Point","coordinates":[-96.78955,33.08234]}},{"type":"Feature","properties":{"i":1},"geometry":{"type":"Point","coordinates":[-96.74561,33.08234]}},{"type":"Feature","properties":{"i":1},"geometry":{"type":"Point","coordinates":[-96.70166,33.08234]}},{"type":"Feature","properties":{"i":1},"geometry":{"type":"Point","coordinates":[-96.65771,33.08234]}},{"type":"Feature","properties":{"i":1},"geometry":{"type":"Point","coordinates":[-96.61377,33.08234]}},{"type":"Feature","properties":{"i":0.9},"geometry":{"type":"Point","coordinates":[-96.56982,33.08234]}},{"type":"Feature","properties":{"i":0.47},"geometry":{"type":"Point","coordinates":[-96.52588,33.08234]}},{"type":"Feature","properties":{"i":0.59},"geometry":{"type":"Point","coordinates":[-96.48193,33.08234]}},{"type":"Feature","properties":{"i":0.57},"geometry":{"type":"Point","coordinates":[-96.43799,33.08234]}},{"type":"Feature","properties":{"i":0.39},"geometry":{"type":"Point","coordinates":[-96.39404,33.08234]}},{"type":"Feature","properties":{"i":0.26},"geometry":{"type":"Point","coordinates":[-96.3501,33.08234]}},{"type":"Feature","properties":{"i":0.22},"geometry":{"type":"Point","coordinates":[-96.26221,33.08234]}},{"type":"Feature","properties":{"i":0.69},"geometry":{"type":"Point","coordinates":[-96.21826,33.08234]}},{"type":"Feature","properties":{"i":0.28},"geometry":{"type":"Point","coordinates":[-96.17432,33.08234]}},{"type":"Feature","properties":{"i":1},"geometry":{"type":"Point","coordinates":[-96.13037,33.08234]}},{"type":"Feature","properties":{"i":1},"geometry":{"type":"Point","coordinates":[-96.08643,33.08234]}},{"type":"Feature","properties":{"i":0.99},"geometry":{"type":"Point","coordinates":[-96.04248,33.08234]}},{"type":"Feature","properties":{"i":0.02},"geometry":{"type":"Point","coordinates":[-95.95459,33.08234]}},{"type":"Feature","properties":{"i":0.14},"geometry":{"type":"Point","coordinates":[-95.8667,33.08234]}},{"type":"Feature","properties":{"i":0.49},"geometry":{"type":"Point","coordinates":[-98.32764,33.04551]}},{"type":"Feature","properties":{"i":0.62},"geometry":{"type":"Point","coordinates":[-97.88818,33.04551]}},{"type":"Feature","properties":{"i":0.02},"geometry":{"type":"Point","coordinates":[-97.84424,33.04551]}},{"type":"Feature","properties":{"i":0.12},"geometry":{"type":"Point","coordinates":[-97.7124,33.04551]}},{"type":"Feature","properties":{"i":0.22},"geometry":{"type":"Point","coordinates":[-97.66846,33.04551]}},{"type":"Feature","properties":{"i":0.22},"geometry":{"type":"Point","coordinates":[-97.62451,33.04551]}},{"type":"Feature","properties":{"i":0.32},"geometry":{"type":"Point","coordinates":[-97.58057,33.04551]}},{"type":"Feature","properties":{"i":0.68},"geometry":{"type":"Point","coordinates":[-97.53662,33.04551]}},{"type":"Feature","properties":{"i":0.88},"geometry":{"type":"Point","coordinates":[-97.49268,33.04551]}},{"type":"Feature","properties":{"i":0.83},"geometry":{"type":"Point","coordinates":[-97.44873,33.04551]}},{"type":"Feature","properties":{"i":1},"geometry":{"type":"Point","coordinates":[-97.40479,33.04551]}},{"type":"Feature","properties":{"i":0.88},"geometry":{"type":"Point","coordinates":[-97.36084,33.04551]}},{"type":"Feature","properties":{"i":1},"geometry":{"type":"Point","coordinates":[-97.31689,33.04551]}},{"type":"Feature","properties":{"i":1},"geometry":{"type":"Point","coordinates":[-97.27295,33.04551]}},{"type":"Feature","properties":{"i":1},"geometry":{"type":"Point","coordinates":[-97.229,33.04551]}},{"type":"Feature","properties":{"i":0.64},"geometry":{"type":"Point","coordinates":[-97.18506,33.04551]}},{"type":"Feature","properties":{"i":0.66},"geometry":{"type":"Point","coordinates":[-97.14111,33.04551]}},{"type":"Feature","properties":{"i":0.94},"geometry":{"type":"Point","coordinates":[-97.09717,33.04551]}},{"type":"Feature","properties":{"i":1},"geometry":{"type":"Point","coordinates":[-97.05322,33.04551]}},{"type":"Feature","properties":{"i":1},"geometry":{"type":"Point","coordinates":[-97.00928,33.04551]}},{"type":"Feature","properties":{"i":1},"geometry":{"type":"Point","coordinates":[-96.96533,33.04551]}},{"type":"Feature","properties":{"i":1},"geometry":{"type":"Point","coordinates":[-96.92139,33.04551]}},{"type":"Feature","properties":{"i":1},"geometry":{"type":"Point","coordinates":[-96.87744,33.04551]}},{"type":"Feature","properties":{"i":1},"geometry":{"type":"Point","coordinates":[-96.8335,33.04551]}},{"type":"Feature","properties":{"i":1},"geometry":{"type":"Point","coordinates":[-96.78955,33.04551]}},{"type":"Feature","properties":{"i":1},"geometry":{"type":"Point","coordinates":[-96.74561,33.04551]}},{"type":"Feature","properties":{"i":1},"geometry":{"type":"Point","coordinates":[-96.70166,33.04551]}},{"type":"Feature","properties":{"i":1},"geometry":{"type":"Point","coordinates":[-96.65771,33.04551]}},{"type":"Feature","properties":{"i":0.71},"geometry":{"type":"Point","coordinates":[-96.61377,33.04551]}},{"type":"Feature","properties":{"i":0.83},"geometry":{"type":"Point","coordinates":[-96.56982,33.04551]}},{"type":"Feature","properties":{"i":0.83},"geometry":{"type":"Point","coordinates":[-96.52588,33.04551]}},{"type":"Feature","properties":{"i":0.33},"geometry":{"type":"Point","coordinates":[-96.48193,33.04551]}},{"type":"Feature","properties":{"i":0.65},"geometry":{"type":"Point","coordinates":[-96.43799,33.04551]}},{"type":"Feature","properties":{"i":0.74},"geometry":{"type":"Point","coordinates":[-96.39404,33.04551]}},{"type":"Feature","properties":{"i":0.82},"geometry":{"type":"Point","coordinates":[-96.3501,33.04551]}},{"type":"Feature","properties":{"i":0.78},"geometry":{"type":"Point","coordinates":[-96.30615,33.04551]}},{"type":"Feature","properties":{"i":0.56},"geometry":{"type":"Point","coordinates":[-96.26221,33.04551]}},{"type":"Feature","properties":{"i":1},"geometry":{"type":"Point","coordinates":[-96.21826,33.04551]}},{"type":"Feature","properties":{"i":0.91},"geometry":{"type":"Point","coordinates":[-96.17432,33.04551]}},{"type":"Feature","properties":{"i":0.83},"geometry":{"type":"Point","coordinates":[-96.13037,33.04551]}},{"type":"Feature","properties":{"i":1},"geometry":{"type":"Point","coordinates":[-96.08643,33.04551]}},{"type":"Feature","properties":{"i":0.25},"geometry":{"type":"Point","coordinates":[-96.04248,33.04551]}},{"type":"Feature","properties":{"i":0.49},"geometry":{"type":"Point","coordinates":[-95.99854,33.04551]}},{"type":"Feature","properties":{"i":0.05},"geometry":{"type":"Point","coordinates":[-95.69092,33.04551]}},{"type":"Feature","properties":{"i":0.12},"geometry":{"type":"Point","coordinates":[-97.93213,33.00866]}},{"type":"Feature","properties":{"i":0.04},"geometry":{"type":"Point","coordinates":[-97.88818,33.00866]}},{"type":"Feature","properties":{"i":0.63},"geometry":{"type":"Point","coordinates":[-97.84424,33.00866]}},{"type":"Feature","properties":{"i":0.27},"geometry":{"type":"Point","coordinates":[-97.75635,33.00866]}},{"type":"Feature","properties":{"i":0.16},"geometry":{"type":"Point","coordinates":[-97.66846,33.00866]}},{"type":"Feature","properties":{"i":0.02},"geometry":{"type":"Point","coordinates":[-97.62451,33.00866]}},{"type":"Feature","properties":{"i":0.32},"geometry":{"type":"Point","coordinates":[-97.58057,33.00866]}},{"type":"Feature","properties":{"i":0.13},"geometry":{"type":"Point","coordinates":[-97.53662,33.00866]}},{"type":"Feature","properties":{"i":0.64},"geometry":{"type":"Point","coordinates":[-97.49268,33.00866]}},{"type":"Feature","properties":{"i":0.94},"geometry":{"type":"Point","coordinates":[-97.44873,33.00866]}},{"type":"Feature","properties":{"i":0.64},"geometry":{"type":"Point","coordinates":[-97.40479,33.00866]}},{"type":"Feature","properties":{"i":1},"geometry":{"type":"Point","coordinates":[-97.36084,33.00866]}},{"type":"Feature","properties":{"i":1},"geometry":{"type":"Point","coordinates":[-97.31689,33.00866]}},{"type":"Feature","properties":{"i":1},"geometry":{"type":"Point","coordinates":[-97.27295,33.00866]}},{"type":"Feature","properties":{"i":1},"geometry":{"type":"Point","coordinates":[-97.229,33.00866]}},{"type":"Feature","properties":{"i":1},"geometry":{"type":"Point","coordinates":[-97.18506,33.00866]}},{"type":"Feature","properties":{"i":0.57},"geometry":{"type":"Point","coordinates":[-97.14111,33.00866]}},{"type":"Feature","properties":{"i":0.81},"geometry":{"type":"Point","coordinates":[-97.09717,33.00866]}},{"type":"Feature","properties":{"i":1},"geometry":{"type":"Point","coordinates":[-97.05322,33.00866]}},{"type":"Feature","properties":{"i":1},"geometry":{"type":"Point","coordinates":[-97.00928,33.00866]}},{"type":"Feature","properties":{"i":1},"geometry":{"type":"Point","coordinates":[-96.96533,33.00866]}},{"type":"Feature","properties":{"i":1},"geometry":{"type":"Point","coordinates":[-96.92139,33.00866]}},{"type":"Feature","properties":{"i":1},"geometry":{"type":"Point","coordinates":[-96.87744,33.00866]}},{"type":"Feature","properties":{"i":1},"geometry":{"type":"Point","coordinates":[-96.8335,33.00866]}},{"type":"Feature","properties":{"i":1},"geometry":{"type":"Point","coordinates":[-96.78955,33.00866]}},{"type":"Feature","properties":{"i":1},"geometry":{"type":"Point","coordinates":[-96.74561,33.00866]}},{"type":"Feature","properties":{"i":1},"geometry":{"type":"Point","coordinates":[-96.70166,33.00866]}},{"type":"Feature","properties":{"i":1},"geometry":{"type":"Point","coordinates":[-96.65771,33.00866]}},{"type":"Feature","properties":{"i":1},"geometry":{"type":"Point","coordinates":[-96.61377,33.00866]}},{"type":"Feature","properties":{"i":1},"geometry":{"type":"Point","coordinates":[-96.56982,33.00866]}},{"type":"Feature","properties":{"i":1},"geometry":{"type":"Point","coordinates":[-96.52588,33.00866]}},{"type":"Feature","properties":{"i":1},"geometry":{"type":"Point","coordinates":[-96.48193,33.00866]}},{"type":"Feature","properties":{"i":0.94},"geometry":{"type":"Point","coordinates":[-96.43799,33.00866]}},{"type":"Feature","properties":{"i":0.77},"geometry":{"type":"Point","coordinates":[-96.39404,33.00866]}},{"type":"Feature","properties":{"i":0.15},"geometry":{"type":"Point","coordinates":[-96.3501,33.00866]}},{"type":"Feature","properties":{"i":0.82},"geometry":{"type":"Point","coordinates":[-96.30615,33.00866]}},{"type":"Feature","properties":{"i":0.67},"geometry":{"type":"Point","coordinates":[-96.26221,33.00866]}},{"type":"Feature","properties":{"i":0.6},"geometry":{"type":"Point","coordinates":[-96.21826,33.00866]}},{"type":"Feature","properties":{"i":0.95},"geometry":{"type":"Point","coordinates":[-96.17432,33.00866]}},{"type":"Feature","properties":{"i":0.12},"geometry":{"type":"Point","coordinates":[-96.13037,33.00866]}},{"type":"Feature","properties":{"i":0.41},"geometry":{"type":"Point","coordinates":[-96.08643,33.00866]}},{"type":"Feature","properties":{"i":0.07},"geometry":{"type":"Point","coordinates":[-96.04248,33.00866]}},{"type":"Feature","properties":{"i":0.35},"geometry":{"type":"Point","coordinates":[-95.99854,33.00866]}},{"type":"Feature","properties":{"i":0.11},"geometry":{"type":"Point","coordinates":[-95.95459,33.00866]}},{"type":"Feature","properties":{"i":0.23},"geometry":{"type":"Point","coordinates":[-95.91064,33.00866]}},{"type":"Feature","properties":{"i":0.36},"geometry":{"type":"Point","coordinates":[-95.77881,33.00866]}},{"type":"Feature","properties":{"i":0.19},"geometry":{"type":"Point","coordinates":[-97.88818,32.9718]}},{"type":"Feature","properties":{"i":0.52},"geometry":{"type":"Point","coordinates":[-97.84424,32.9718]}},{"type":"Feature","properties":{"i":0.33},"geometry":{"type":"Point","coordinates":[-97.80029,32.9718]}},{"type":"Feature","properties":{"i":0.38},"geometry":{"type":"Point","coordinates":[-97.75635,32.9718]}},{"type":"Feature","properties":{"i":0.96},"geometry":{"type":"Point","coordinates":[-97.7124,32.9718]}},{"type":"Feature","properties":{"i":1},"geometry":{"type":"Point","coordinates":[-97.66846,32.9718]}},{"type":"Feature","properties":{"i":0.27},"geometry":{"type":"Point","coordinates":[-97.62451,32.9718]}},{"type":"Feature","properties":{"i":0.42},"geometry":{"type":"Point","coordinates":[-97.58057,32.9718]}},{"type":"Feature","properties":{"i":0.58},"geometry":{"type":"Point","coordinates":[-97.53662,32.9718]}},{"type":"Feature","properties":{"i":0.36},"geometry":{"type":"Point","coordinates":[-97.49268,32.9718]}},{"type":"Feature","properties":{"i":0.48},"geometry":{"type":"Point","coordinates":[-97.44873,32.9718]}},{"type":"Feature","properties":{"i":1},"geometry":{"type":"Point","coordinates":[-97.40479,32.9718]}},{"type":"Feature","properties":{"i":1},"geometry":{"type":"Point","coordinates":[-97.36084,32.9718]}},{"type":"Feature","properties":{"i":1},"geometry":{"type":"Point","coordinates":[-97.31689,32.9718]}},{"type":"Feature","properties":{"i":1},"geometry":{"type":"Point","coordinates":[-97.27295,32.9718]}},{"type":"Feature","properties":{"i":1},"geometry":{"type":"Point","coordinates":[-97.229,32.9718]}},{"type":"Feature","properties":{"i":0.99},"geometry":{"type":"Point","coordinates":[-97.18506,32.9718]}},{"type":"Feature","properties":{"i":0.99},"geometry":{"type":"Point","coordinates":[-97.14111,32.9718]}},{"type":"Feature","properties":{"i":0.84},"geometry":{"type":"Point","coordinates":[-97.09717,32.9718]}},{"type":"Feature","properties":{"i":1},"geometry":{"type":"Point","coordinates":[-97.05322,32.9718]}},{"type":"Feature","properties":{"i":1},"geometry":{"type":"Point","coordinates":[-97.00928,32.9718]}},{"type":"Feature","properties":{"i":1},"geometry":{"type":"Point","coordinates":[-96.96533,32.9718]}},{"type":"Feature","properties":{"i":1},"geometry":{"type":"Point","coordinates":[-96.92139,32.9718]}},{"type":"Feature","properties":{"i":1},"geometry":{"type":"Point","coordinates":[-96.87744,32.9718]}},{"type":"Feature","properties":{"i":1},"geometry":{"type":"Point","coordinates":[-96.8335,32.9718]}},{"type":"Feature","properties":{"i":1},"geometry":{"type":"Point","coordinates":[-96.78955,32.9718]}},{"type":"Feature","properties":{"i":1},"geometry":{"type":"Point","coordinates":[-96.74561,32.9718]}},{"type":"Feature","properties":{"i":1},"geometry":{"type":"Point","coordinates":[-96.70166,32.9718]}},{"type":"Feature","properties":{"i":1},"geometry":{"type":"Point","coordinates":[-96.65771,32.9718]}},{"type":"Feature","properties":{"i":1},"geometry":{"type":"Point","coordinates":[-96.61377,32.9718]}},{"type":"Feature","properties":{"i":0.95},"geometry":{"type":"Point","coordinates":[-96.56982,32.9718]}},{"type":"Feature","properties":{"i":0.84},"geometry":{"type":"Point","coordinates":[-96.52588,32.9718]}},{"type":"Feature","properties":{"i":0.74},"geometry":{"type":"Point","coordinates":[-96.48193,32.9718]}},{"type":"Feature","properties":{"i":0.78},"geometry":{"type":"Point","coordinates":[-96.43799,32.9718]}},{"type":"Feature","properties":{"i":0.59},"geometry":{"type":"Point","coordinates":[-96.39404,32.9718]}},{"type":"Feature","properties":{"i":1},"geometry":{"type":"Point","coordinates":[-96.3501,32.9718]}},{"type":"Feature","properties":{"i":1},"geometry":{"type":"Point","coordinates":[-96.30615,32.9718]}},{"type":"Feature","properties":{"i":0.55},"geometry":{"type":"Point","coordinates":[-96.26221,32.9718]}},{"type":"Feature","properties":{"i":0.4},"geometry":{"type":"Point","coordinates":[-96.21826,32.9718]}},{"type":"Feature","properties":{"i":0.22},"geometry":{"type":"Point","coordinates":[-96.08643,32.9718]}},{"type":"Feature","properties":{"i":0.02},"geometry":{"type":"Point","coordinates":[-96.04248,32.9718]}},{"type":"Feature","properties":{"i":0.67},"geometry":{"type":"Point","coordinates":[-95.95459,32.9718]}},{"type":"Feature","properties":{"i":0.47},"geometry":{"type":"Point","coordinates":[-95.91064,32.9718]}},{"type":"Feature","properties":{"i":0.14},"geometry":{"type":"Point","coordinates":[-98.41553,32.93493]}},{"type":"Feature","properties":{"i":0.55},"geometry":{"type":"Point","coordinates":[-98.23975,32.93493]}},{"type":"Feature","properties":{"i":0.74},"geometry":{"type":"Point","coordinates":[-98.15186,32.93493]}},{"type":"Feature","properties":{"i":0.15},"geometry":{"type":"Point","coordinates":[-98.06396,32.93493]}},{"type":"Feature","properties":{"i":0.05},"geometry":{"type":"Point","coordinates":[-97.97607,32.93493]}},{"type":"Feature","properties":{"i":0.25},"geometry":{"type":"Point","coordinates":[-97.84424,32.93493]}},{"type":"Feature","properties":{"i":0.17},"geometry":{"type":"Point","coordinates":[-97.80029,32.93493]}},{"type":"Feature","properties":{"i":0.14},"geometry":{"type":"Point","coordinates":[-97.75635,32.93493]}},{"type":"Feature","properties":{"i":0.46},"geometry":{"type":"Point","coordinates":[-97.7124,32.93493]}},{"type":"Feature","properties":{"i":0.76},"geometry":{"type":"Point","coordinates":[-97.66846,32.93493]}},{"type":"Feature","properties":{"i":0.42},"geometry":{"type":"Point","coordinates":[-97.62451,32.93493]}},{"type":"Feature","properties":{"i":0.27},"geometry":{"type":"Point","coordinates":[-97.58057,32.93493]}},{"type":"Feature","properties":{"i":1},"geometry":{"type":"Point","coordinates":[-97.53662,32.93493]}},{"type":"Feature","properties":{"i":0.71},"geometry":{"type":"Point","coordinates":[-97.49268,32.93493]}},{"type":"Feature","properties":{"i":1},"geometry":{"type":"Point","coordinates":[-97.44873,32.93493]}},{"type":"Feature","properties":{"i":1},"geometry":{"type":"Point","coordinates":[-97.40479,32.93493]}},{"type":"Feature","properties":{"i":1},"geometry":{"type":"Point","coordinates":[-97.36084,32.93493]}},{"type":"Feature","properties":{"i":1},"geometry":{"type":"Point","coordinates":[-97.31689,32.93493]}},{"type":"Feature","properties":{"i":1},"geometry":{"type":"Point","coordinates":[-97.27295,32.93493]}},{"type":"Feature","properties":{"i":1},"geometry":{"type":"Point","coordinates":[-97.229,32.93493]}},{"type":"Feature","properties":{"i":1},"geometry":{"type":"Point","coordinates":[-97.18506,32.93493]}},{"type":"Feature","properties":{"i":1},"geometry":{"type":"Point","coordinates":[-97.14111,32.93493]}},{"type":"Feature","properties":{"i":1},"geometry":{"type":"Point","coordinates":[-97.09717,32.93493]}},{"type":"Feature","properties":{"i":1},"geometry":{"type":"Point","coordinates":[-97.05322,32.93493]}},{"type":"Feature","properties":{"i":1},"geometry":{"type":"Point","coordinates":[-97.00928,32.93493]}},{"type":"Feature","properties":{"i":1},"geometry":{"type":"Point","coordinates":[-96.96533,32.93493]}},{"type":"Feature","properties":{"i":1},"geometry":{"type":"Point","coordinates":[-96.92139,32.93493]}},{"type":"Feature","properties":{"i":1},"geometry":{"type":"Point","coordinates":[-96.87744,32.93493]}},{"type":"Feature","properties":{"i":1},"geometry":{"type":"Point","coordinates":[-96.8335,32.93493]}},{"type":"Feature","properties":{"i":1},"geometry":{"type":"Point","coordinates":[-96.78955,32.93493]}},{"type":"Feature","properties":{"i":1},"geometry":{"type":"Point","coordinates":[-96.74561,32.93493]}},{"type":"Feature","properties":{"i":1},"geometry":{"type":"Point","coordinates":[-96.70166,32.93493]}},{"type":"Feature","properties":{"i":1},"geometry":{"type":"Point","coordinates":[-96.65771,32.93493]}},{"type":"Feature","properties":{"i":1},"geometry":{"type":"Point","coordinates":[-96.61377,32.93493]}},{"type":"Feature","properties":{"i":1},"geometry":{"type":"Point","coordinates":[-96.56982,32.93493]}},{"type":"Feature","properties":{"i":1},"geometry":{"type":"Point","coordinates":[-96.52588,32.93493]}},{"type":"Feature","properties":{"i":1},"geometry":{"type":"Point","coordinates":[-96.48193,32.93493]}},{"type":"Feature","properties":{"i":1},"geometry":{"type":"Point","coordinates":[-96.43799,32.93493]}},{"type":"Feature","properties":{"i":1},"geometry":{"type":"Point","coordinates":[-96.39404,32.93493]}},{"type":"Feature","properties":{"i":0.85},"geometry":{"type":"Point","coordinates":[-96.3501,32.93493]}},{"type":"Feature","properties":{"i":0.71},"geometry":{"type":"Point","coordinates":[-96.30615,32.93493]}},{"type":"Feature","properties":{"i":0.51},"geometry":{"type":"Point","coordinates":[-96.26221,32.93493]}},{"type":"Feature","properties":{"i":0.31},"geometry":{"type":"Point","coordinates":[-96.21826,32.93493]}},{"type":"Feature","properties":{"i":0.33},"geometry":{"type":"Point","coordinates":[-96.17432,32.93493]}},{"type":"Feature","properties":{"i":0.23},"geometry":{"type":"Point","coordinates":[-96.13037,32.93493]}},{"type":"Feature","properties":{"i":0.12},"geometry":{"type":"Point","coordinates":[-96.08643,32.93493]}},{"type":"Feature","properties":{"i":0.41},"geometry":{"type":"Point","coordinates":[-95.99854,32.93493]}},{"type":"Feature","properties":{"i":0.16},"geometry":{"type":"Point","coordinates":[-95.95459,32.93493]}},{"type":"Feature","properties":{"i":0.14},"geometry":{"type":"Point","coordinates":[-95.8667,32.93493]}},{"type":"Feature","properties":{"i":0.02},"geometry":{"type":"Point","coordinates":[-95.64697,32.93493]}},{"type":"Feature","properties":{"i":0.4},"geometry":{"type":"Point","coordinates":[-98.41553,32.89804]}},{"type":"Feature","properties":{"i":0.08},"geometry":{"type":"Point","coordinates":[-98.32764,32.89804]}},{"type":"Feature","properties":{"i":0.48},"geometry":{"type":"Point","coordinates":[-98.06396,32.89804]}},{"type":"Feature","properties":{"i":0.02},"geometry":{"type":"Point","coordinates":[-97.97607,32.89804]}},{"type":"Feature","properties":{"i":0.21},"geometry":{"type":"Point","coordinates":[-97.93213,32.89804]}},{"type":"Feature","properties":{"i":0.22},"geometry":{"type":"Point","coordinates":[-97.88818,32.89804]}},{"type":"Feature","properties":{"i":0.19},"geometry":{"type":"Point","coordinates":[-97.84424,32.89804]}},{"type":"Feature","properties":{"i":0.25},"geometry":{"type":"Point","coordinates":[-97.80029,32.89804]}},{"type":"Feature","properties":{"i":0.27},"geometry":{"type":"Point","coordinates":[-97.7124,32.89804]}},{"type":"Feature","properties":{"i":0.26},"geometry":{"type":"Point","coordinates":[-97.66846,32.89804]}},{"type":"Feature","properties":{"i":0.3},"geometry":{"type":"Point","coordinates":[-97.62451,32.89804]}},{"type":"Feature","properties":{"i":0.72},"geometry":{"type":"Point","coordinates":[-97.58057,32.89804]}},{"type":"Feature","properties":{"i":1},"geometry":{"type":"Point","coordinates":[-97.53662,32.89804]}},{"type":"Feature","properties":{"i":0.71},"geometry":{"type":"Point","coordinates":[-97.49268,32.89804]}},{"type":"Feature","properties":{"i":0.72},"geometry":{"type":"Point","coordinates":[-97.44873,32.89804]}},{"type":"Feature","properties":{"i":1},"geometry":{"type":"Point","coordinates":[-97.40479,32.89804]}},{"type":"Feature","properties":{"i":1},"geometry":{"type":"Point","coordinates":[-97.36084,32.89804]}},{"type":"Feature","properties":{"i":1},"geometry":{"type":"Point","coordinates":[-97.31689,32.89804]}},{"type":"Feature","properties":{"i":1},"geometry":{"type":"Point","coordinates":[-97.27295,32.89804]}},{"type":"Feature","properties":{"i":1},"geometry":{"type":"Point","coordinates":[-97.229,32.89804]}},{"type":"Feature","properties":{"i":1},"geometry":{"type":"Point","coordinates":[-97.18506,32.89804]}},{"type":"Feature","properties":{"i":0.93},"geometry":{"type":"Point","coordinates":[-97.14111,32.89804]}},{"type":"Feature","properties":{"i":1},"geometry":{"type":"Point","coordinates":[-97.09717,32.89804]}},{"type":"Feature","properties":{"i":1},"geometry":{"type":"Point","coordinates":[-97.05322,32.89804]}},{"type":"Feature","properties":{"i":1},"geometry":{"type":"Point","coordinates":[-97.00928,32.89804]}},{"type":"Feature","properties":{"i":1},"geometry":{"type":"Point","coordinates":[-96.96533,32.89804]}},{"type":"Feature","properties":{"i":1},"geometry":{"type":"Point","coordinates":[-96.92139,32.89804]}},{"type":"Feature","properties":{"i":1},"geometry":{"type":"Point","coordinates":[-96.87744,32.89804]}},{"type":"Feature","properties":{"i":1},"geometry":{"type":"Point","coordinates":[-96.8335,32.89804]}},{"type":"Feature","properties":{"i":1},"geometry":{"type":"Point","coordinates":[-96.78955,32.89804]}},{"type":"Feature","properties":{"i":1},"geometry":{"type":"Point","coordinates":[-96.74561,32.89804]}},{"type":"Feature","properties":{"i":1},"geometry":{"type":"Point","coordinates":[-96.70166,32.89804]}},{"type":"Feature","properties":{"i":1},"geometry":{"type":"Point","coordinates":[-96.65771,32.89804]}},{"type":"Feature","properties":{"i":1},"geometry":{"type":"Point","coordinates":[-96.61377,32.89804]}},{"type":"Feature","properties":{"i":1},"geometry":{"type":"Point","coordinates":[-96.56982,32.89804]}},{"type":"Feature","properties":{"i":1},"geometry":{"type":"Point","coordinates":[-96.52588,32.89804]}},{"type":"Feature","properties":{"i":1},"geometry":{"type":"Point","coordinates":[-96.48193,32.89804]}},{"type":"Feature","properties":{"i":1},"geometry":{"type":"Point","coordinates":[-96.43799,32.89804]}},{"type":"Feature","properties":{"i":1},"geometry":{"type":"Point","coordinates":[-96.39404,32.89804]}},{"type":"Feature","properties":{"i":0.78},"geometry":{"type":"Point","coordinates":[-96.3501,32.89804]}},{"type":"Feature","properties":{"i":0.61},"geometry":{"type":"Point","coordinates":[-96.30615,32.89804]}},{"type":"Feature","properties":{"i":0.67},"geometry":{"type":"Point","coordinates":[-96.26221,32.89804]}},{"type":"Feature","properties":{"i":0.73},"geometry":{"type":"Point","coordinates":[-96.21826,32.89804]}},{"type":"Feature","properties":{"i":0.47},"geometry":{"type":"Point","coordinates":[-96.17432,32.89804]}},{"type":"Feature","properties":{"i":1},"geometry":{"type":"Point","coordinates":[-96.13037,32.89804]}},{"type":"Feature","properties":{"i":0.42},"geometry":{"type":"Point","coordinates":[-96.08643,32.89804]}},{"type":"Feature","properties":{"i":0.44},"geometry":{"type":"Point","coordinates":[-96.04248,32.89804]}},{"type":"Feature","properties":{"i":0.51},"geometry":{"type":"Point","coordinates":[-95.99854,32.89804]}},{"type":"Feature","properties":{"i":0.09},"geometry":{"type":"Point","coordinates":[-95.95459,32.89804]}},{"type":"Feature","properties":{"i":0.09},"geometry":{"type":"Point","coordinates":[-95.91064,32.89804]}},{"type":"Feature","properties":{"i":0.25},"geometry":{"type":"Point","coordinates":[-95.8667,32.89804]}},{"type":"Feature","properties":{"i":0.44},"geometry":{"type":"Point","coordinates":[-95.77881,32.89804]}},{"type":"Feature","properties":{"i":0.02},"geometry":{"type":"Point","coordinates":[-95.73486,32.89804]}},{"type":"Feature","properties":{"i":0.19},"geometry":{"type":"Point","coordinates":[-95.64697,32.89804]}},{"type":"Feature","properties":{"i":0.15},"geometry":{"type":"Point","coordinates":[-98.41553,32.86113]}},{"type":"Feature","properties":{"i":0.34},"geometry":{"type":"Point","coordinates":[-98.10791,32.86113]}},{"type":"Feature","properties":{"i":0.08},"geometry":{"type":"Point","coordinates":[-97.88818,32.86113]}},{"type":"Feature","properties":{"i":0.23},"geometry":{"type":"Point","coordinates":[-97.84424,32.86113]}},{"type":"Feature","properties":{"i":0.24},"geometry":{"type":"Point","coordinates":[-97.80029,32.86113]}},{"type":"Feature","properties":{"i":0.04},"geometry":{"type":"Point","coordinates":[-97.75635,32.86113]}},{"type":"Feature","properties":{"i":0.05},"geometry":{"type":"Point","coordinates":[-97.7124,32.86113]}},{"type":"Feature","properties":{"i":0.19},"geometry":{"type":"Point","coordinates":[-97.66846,32.86113]}},{"type":"Feature","properties":{"i":0.46},"geometry":{"type":"Point","coordinates":[-97.62451,32.86113]}},{"type":"Feature","properties":{"i":0.63},"geometry":{"type":"Point","coordinates":[-97.58057,32.86113]}},{"type":"Feature","properties":{"i":0.93},"geometry":{"type":"Point","coordinates":[-97.53662,32.86113]}},{"type":"Feature","properties":{"i":0.67},"geometry":{"type":"Point","coordinates":[-97.49268,32.86113]}},{"type":"Feature","properties":{"i":0.76},"geometry":{"type":"Point","coordinates":[-97.44873,32.86113]}},{"type":"Feature","properties":{"i":1},"geometry":{"type":"Point","coordinates":[-97.40479,32.86113]}},{"type":"Feature","properties":{"i":1},"geometry":{"type":"Point","coordinates":[-97.36084,32.86113]}},{"type":"Feature","properties":{"i":1},"geometry":{"type":"Point","coordinates":[-97.31689,32.86113]}},{"type":"Feature","properties":{"i":1},"geometry":{"type":"Point","coordinates":[-97.27295,32.86113]}},{"type":"Feature","properties":{"i":1},"geometry":{"type":"Point","coordinates":[-97.229,32.86113]}},{"type":"Feature","properties":{"i":1},"geometry":{"type":"Point","coordinates":[-97.18506,32.86113]}},{"type":"Feature","properties":{"i":1},"geometry":{"type":"Point","coordinates":[-97.14111,32.86113]}},{"type":"Feature","properties":{"i":1},"geometry":{"type":"Point","coordinates":[-97.09717,32.86113]}},{"type":"Feature","properties":{"i":1},"geometry":{"type":"Point","coordinates":[-97.05322,32.86113]}},{"type":"Feature","properties":{"i":1},"geometry":{"type":"Point","coordinates":[-97.00928,32.86113]}},{"type":"Feature","properties":{"i":1},"geometry":{"type":"Point","coordinates":[-96.96533,32.86113]}},{"type":"Feature","properties":{"i":1},"geometry":{"type":"Point","coordinates":[-96.92139,32.86113]}},{"type":"Feature","properties":{"i":1},"geometry":{"type":"Point","coordinates":[-96.87744,32.86113]}},{"type":"Feature","properties":{"i":1},"geometry":{"type":"Point","coordinates":[-96.8335,32.86113]}},{"type":"Feature","properties":{"i":1},"geometry":{"type":"Point","coordinates":[-96.78955,32.86113]}},{"type":"Feature","properties":{"i":1},"geometry":{"type":"Point","coordinates":[-96.74561,32.86113]}},{"type":"Feature","properties":{"i":1},"geometry":{"type":"Point","coordinates":[-96.70166,32.86113]}},{"type":"Feature","properties":{"i":1},"geometry":{"type":"Point","coordinates":[-96.65771,32.86113]}},{"type":"Feature","properties":{"i":1},"geometry":{"type":"Point","coordinates":[-96.61377,32.86113]}},{"type":"Feature","properties":{"i":1},"geometry":{"type":"Point","coordinates":[-96.56982,32.86113]}},{"type":"Feature","properties":{"i":1},"geometry":{"type":"Point","coordinates":[-96.52588,32.86113]}},{"type":"Feature","properties":{"i":1},"geometry":{"type":"Point","coordinates":[-96.48193,32.86113]}},{"type":"Feature","properties":{"i":1},"geometry":{"type":"Point","coordinates":[-96.43799,32.86113]}},{"type":"Feature","properties":{"i":0.7},"geometry":{"type":"Point","coordinates":[-96.39404,32.86113]}},{"type":"Feature","properties":{"i":0.53},"geometry":{"type":"Point","coordinates":[-96.3501,32.86113]}},{"type":"Feature","properties":{"i":0.5},"geometry":{"type":"Point","coordinates":[-96.30615,32.86113]}},{"type":"Feature","properties":{"i":0.24},"geometry":{"type":"Point","coordinates":[-96.26221,32.86113]}},{"type":"Feature","properties":{"i":0.02},"geometry":{"type":"Point","coordinates":[-96.21826,32.86113]}},{"type":"Feature","properties":{"i":0.12},"geometry":{"type":"Point","coordinates":[-96.13037,32.86113]}},{"type":"Feature","properties":{"i":0.27},"geometry":{"type":"Point","coordinates":[-96.08643,32.86113]}},{"type":"Feature","properties":{"i":0.39},"geometry":{"type":"Point","coordinates":[-96.04248,32.86113]}},{"type":"Feature","properties":{"i":0.42},"geometry":{"type":"Point","coordinates":[-95.99854,32.86113]}},{"type":"Feature","properties":{"i":1},"geometry":{"type":"Point","coordinates":[-95.77881,32.86113]}},{"type":"Feature","properties":{"i":0.73},"geometry":{"type":"Point","coordinates":[-95.73486,32.86113]}},{"type":"Feature","properties":{"i":0.27},"geometry":{"type":"Point","coordinates":[-95.69092,32.86113]}},{"type":"Feature","properties":{"i":0.58},"geometry":{"type":"Point","coordinates":[-95.64697,32.86113]}},{"type":"Feature","properties":{"i":0.19},"geometry":{"type":"Point","coordinates":[-98.41553,32.82421]}},{"type":"Feature","properties":{"i":0.19},"geometry":{"type":"Point","coordinates":[-98.10791,32.82421]}},{"type":"Feature","properties":{"i":1},"geometry":{"type":"Point","coordinates":[-98.06396,32.82421]}},{"type":"Feature","properties":{"i":0.12},"geometry":{"type":"Point","coordinates":[-98.02002,32.82421]}},{"type":"Feature","properties":{"i":0.3},"geometry":{"type":"Point","coordinates":[-97.88818,32.82421]}},{"type":"Feature","properties":{"i":0.45},"geometry":{"type":"Point","coordinates":[-97.84424,32.82421]}},{"type":"Feature","properties":{"i":0.09},"geometry":{"type":"Point","coordinates":[-97.80029,32.82421]}},{"type":"Feature","properties":{"i":0.62},"geometry":{"type":"Point","coordinates":[-97.75635,32.82421]}},{"type":"Feature","properties":{"i":0.02},"geometry":{"type":"Point","coordinates":[-97.7124,32.82421]}},{"type":"Feature","properties":{"i":0.27},"geometry":{"type":"Point","coordinates":[-97.66846,32.82421]}},{"type":"Feature","properties":{"i":0.53},"geometry":{"type":"Point","coordinates":[-97.62451,32.82421]}},{"type":"Feature","properties":{"i":0.48},"geometry":{"type":"Point","coordinates":[-97.58057,32.82421]}},{"type":"Feature","properties":{"i":0.4},"geometry":{"type":"Point","coordinates":[-97.53662,32.82421]}},{"type":"Feature","properties":{"i":0.66},"geometry":{"type":"Point","coordinates":[-97.49268,32.82421]}},{"type":"Feature","properties":{"i":0.77},"geometry":{"type":"Point","coordinates":[-97.44873,32.82421]}},{"type":"Feature","properties":{"i":1},"geometry":{"type":"Point","coordinates":[-97.40479,32.82421]}},{"type":"Feature","properties":{"i":1},"geometry":{"type":"Point","coordinates":[-97.36084,32.82421]}},{"type":"Feature","properties":{"i":1},"geometry":{"type":"Point","coordinates":[-97.31689,32.82421]}},{"type":"Feature","properties":{"i":1},"geometry":{"type":"Point","coordinates":[-97.27295,32.82421]}},{"type":"Feature","properties":{"i":1},"geometry":{"type":"Point","coordinates":[-97.229,32.82421]}},{"type":"Feature","properties":{"i":1},"geometry":{"type":"Point","coordinates":[-97.18506,32.82421]}},{"type":"Feature","properties":{"i":1},"geometry":{"type":"Point","coordinates":[-97.14111,32.82421]}},{"type":"Feature","properties":{"i":1},"geometry":{"type":"Point","coordinates":[-97.09717,32.82421]}},{"type":"Feature","properties":{"i":1},"geometry":{"type":"Point","coordinates":[-97.05322,32.82421]}},{"type":"Feature","properties":{"i":1},"geometry":{"type":"Point","coordinates":[-97.00928,32.82421]}},{"type":"Feature","properties":{"i":1},"geometry":{"type":"Point","coordinates":[-96.96533,32.82421]}},{"type":"Feature","properties":{"i":1},"geometry":{"type":"Point","coordinates":[-96.92139,32.82421]}},{"type":"Feature","properties":{"i":1},"geometry":{"type":"Point","coordinates":[-96.87744,32.82421]}},{"type":"Feature","properties":{"i":1},"geometry":{"type":"Point","coordinates":[-96.8335,32.82421]}},{"type":"Feature","properties":{"i":1},"geometry":{"type":"Point","coordinates":[-96.78955,32.82421]}},{"type":"Feature","properties":{"i":1},"geometry":{"type":"Point","coordinates":[-96.74561,32.82421]}},{"type":"Feature","properties":{"i":1},"geometry":{"type":"Point","coordinates":[-96.70166,32.82421]}},{"type":"Feature","properties":{"i":1},"geometry":{"type":"Point","coordinates":[-96.65771,32.82421]}},{"type":"Feature","properties":{"i":1},"geometry":{"type":"Point","coordinates":[-96.61377,32.82421]}},{"type":"Feature","properties":{"i":1},"geometry":{"type":"Point","coordinates":[-96.56982,32.82421]}},{"type":"Feature","properties":{"i":0.93},"geometry":{"type":"Point","coordinates":[-96.52588,32.82421]}},{"type":"Feature","properties":{"i":1},"geometry":{"type":"Point","coordinates":[-96.48193,32.82421]}},{"type":"Feature","properties":{"i":0.67},"geometry":{"type":"Point","coordinates":[-96.43799,32.82421]}},{"type":"Feature","properties":{"i":0.79},"geometry":{"type":"Point","coordinates":[-96.39404,32.82421]}},{"type":"Feature","properties":{"i":0.58},"geometry":{"type":"Point","coordinates":[-96.3501,32.82421]}},{"type":"Feature","properties":{"i":0.42},"geometry":{"type":"Point","coordinates":[-96.30615,32.82421]}},{"type":"Feature","properties":{"i":0.21},"geometry":{"type":"Point","coordinates":[-96.26221,32.82421]}},{"type":"Feature","properties":{"i":0.02},"geometry":{"type":"Point","coordinates":[-96.21826,32.82421]}},{"type":"Feature","properties":{"i":0.6},"geometry":{"type":"Point","coordinates":[-96.17432,32.82421]}},{"type":"Feature","properties":{"i":0.09},"geometry":{"type":"Point","coordinates":[-96.08643,32.82421]}},{"type":"Feature","properties":{"i":0.22},"geometry":{"type":"Point","coordinates":[-96.04248,32.82421]}},{"type":"Feature","properties":{"i":0.08},"geometry":{"type":"Point","coordinates":[-95.99854,32.82421]}},{"type":"Feature","properties":{"i":0.33},"geometry":{"type":"Point","coordinates":[-95.95459,32.82421]}},{"type":"Feature","properties":{"i":0.3},"geometry":{"type":"Point","coordinates":[-95.82275,32.82421]}},{"type":"Feature","properties":{"i":0.07},"geometry":{"type":"Point","coordinates":[-95.64697,32.82421]}},{"type":"Feature","properties":{"i":1},"geometry":{"type":"Point","coordinates":[-98.10791,32.78727]}},{"type":"Feature","properties":{"i":1},"geometry":{"type":"Point","coordinates":[-98.06396,32.78727]}},{"type":"Feature","properties":{"i":0.27},"geometry":{"type":"Point","coordinates":[-98.02002,32.78727]}},{"type":"Feature","properties":{"i":0.3},"geometry":{"type":"Point","coordinates":[-97.97607,32.78727]}},{"type":"Feature","properties":{"i":0.47},"geometry":{"type":"Point","coordinates":[-97.88818,32.78727]}},{"type":"Feature","properties":{"i":0.28},"geometry":{"type":"Point","coordinates":[-97.84424,32.78727]}},{"type":"Feature","properties":{"i":0.81},"geometry":{"type":"Point","coordinates":[-97.80029,32.78727]}},{"type":"Feature","properties":{"i":0.38},"geometry":{"type":"Point","coordinates":[-97.75635,32.78727]}},{"type":"Feature","properties":{"i":0.63},"geometry":{"type":"Point","coordinates":[-97.7124,32.78727]}},{"type":"Feature","properties":{"i":0.56},"geometry":{"type":"Point","coordinates":[-97.66846,32.78727]}},{"type":"Feature","properties":{"i":0.08},"geometry":{"type":"Point","coordinates":[-97.62451,32.78727]}},{"type":"Feature","properties":{"i":0.5},"geometry":{"type":"Point","coordinates":[-97.58057,32.78727]}},{"type":"Feature","properties":{"i":0.49},"geometry":{"type":"Point","coordinates":[-97.53662,32.78727]}},{"type":"Feature","properties":{"i":0.99},"geometry":{"type":"Point","coordinates":[-97.49268,32.78727]}},{"type":"Feature","properties":{"i":1},"geometry":{"type":"Point","coordinates":[-97.44873,32.78727]}},{"type":"Feature","properties":{"i":1},"geometry":{"type":"Point","coordinates":[-97.40479,32.78727]}},{"type":"Feature","properties":{"i":1},"geometry":{"type":"Point","coordinates":[-97.36084,32.78727]}},{"type":"Feature","properties":{"i":1},"geometry":{"type":"Point","coordinates":[-97.31689,32.78727]}},{"type":"Feature","properties":{"i":1},"geometry":{"type":"Point","coordinates":[-97.27295,32.78727]}},{"type":"Feature","properties":{"i":1},"geometry":{"type":"Point","coordinates":[-97.229,32.78727]}},{"type":"Feature","properties":{"i":1},"geometry":{"type":"Point","coordinates":[-97.18506,32.78727]}},{"type":"Feature","properties":{"i":1},"geometry":{"type":"Point","coordinates":[-97.14111,32.78727]}},{"type":"Feature","properties":{"i":1},"geometry":{"type":"Point","coordinates":[-97.09717,32.78727]}},{"type":"Feature","properties":{"i":1},"geometry":{"type":"Point","coordinates":[-97.05322,32.78727]}},{"type":"Feature","properties":{"i":1},"geometry":{"type":"Point","coordinates":[-97.00928,32.78727]}},{"type":"Feature","properties":{"i":1},"geometry":{"type":"Point","coordinates":[-96.96533,32.78727]}},{"type":"Feature","properties":{"i":1},"geometry":{"type":"Point","coordinates":[-96.92139,32.78727]}},{"type":"Feature","properties":{"i":1},"geometry":{"type":"Point","coordinates":[-96.87744,32.78727]}},{"type":"Feature","properties":{"i":1},"geometry":{"type":"Point","coordinates":[-96.8335,32.78727]}},{"type":"Feature","properties":{"i":1},"geometry":{"type":"Point","coordinates":[-96.78955,32.78727]}},{"type":"Feature","properties":{"i":1},"geometry":{"type":"Point","coordinates":[-96.74561,32.78727]}},{"type":"Feature","properties":{"i":1},"geometry":{"type":"Point","coordinates":[-96.70166,32.78727]}},{"type":"Feature","properties":{"i":1},"geometry":{"type":"Point","coordinates":[-96.65771,32.78727]}},{"type":"Feature","properties":{"i":1},"geometry":{"type":"Point","coordinates":[-96.61377,32.78727]}},{"type":"Feature","properties":{"i":1},"geometry":{"type":"Point","coordinates":[-96.56982,32.78727]}},{"type":"Feature","properties":{"i":1},"geometry":{"type":"Point","coordinates":[-96.52588,32.78727]}},{"type":"Feature","properties":{"i":0.86},"geometry":{"type":"Point","coordinates":[-96.48193,32.78727]}},{"type":"Feature","properties":{"i":1},"geometry":{"type":"Point","coordinates":[-96.43799,32.78727]}},{"type":"Feature","properties":{"i":0.84},"geometry":{"type":"Point","coordinates":[-96.39404,32.78727]}},{"type":"Feature","properties":{"i":0.38},"geometry":{"type":"Point","coordinates":[-96.3501,32.78727]}},{"type":"Feature","properties":{"i":0.7},"geometry":{"type":"Point","coordinates":[-96.30615,32.78727]}},{"type":"Feature","properties":{"i":0.3},"geometry":{"type":"Point","coordinates":[-96.26221,32.78727]}},{"type":"Feature","properties":{"i":0.04},"geometry":{"type":"Point","coordinates":[-96.17432,32.78727]}},{"type":"Feature","properties":{"i":0.1},"geometry":{"type":"Point","coordinates":[-96.13037,32.78727]}},{"type":"Feature","properties":{"i":0.14},"geometry":{"type":"Point","coordinates":[-95.99854,32.78727]}},{"type":"Feature","properties":{"i":0.71},"geometry":{"type":"Point","coordinates":[-95.64697,32.78727]}},{"type":"Feature","properties":{"i":0.11},"geometry":{"type":"Point","coordinates":[-98.28369,32.75032]}},{"type":"Feature","properties":{"i":0.31},"geometry":{"type":"Point","coordinates":[-98.15186,32.75032]}},{"type":"Feature","properties":{"i":0.19},"geometry":{"type":"Point","coordinates":[-98.10791,32.75032]}},{"type":"Feature","properties":{"i":0.07},"geometry":{"type":"Point","coordinates":[-98.06396,32.75032]}},{"type":"Feature","properties":{"i":0.25},"geometry":{"type":"Point","coordinates":[-98.02002,32.75032]}},{"type":"Feature","properties":{"i":0.25},"geometry":{"type":"Point","coordinates":[-97.88818,32.75032]}},{"type":"Feature","properties":{"i":0.73},"geometry":{"type":"Point","coordinates":[-97.84424,32.75032]}},{"type":"Feature","properties":{"i":1},"geometry":{"type":"Point","coordinates":[-97.80029,32.75032]}},{"type":"Feature","properties":{"i":0.98},"geometry":{"type":"Point","coordinates":[-97.75635,32.75032]}},{"type":"Feature","properties":{"i":1},"geometry":{"type":"Point","coordinates":[-97.7124,32.75032]}},{"type":"Feature","properties":{"i":1},"geometry":{"type":"Point","coordinates":[-97.66846,32.75032]}},{"type":"Feature","properties":{"i":0.87},"geometry":{"type":"Point","coordinates":[-97.62451,32.75032]}},{"type":"Feature","properties":{"i":0.99},"geometry":{"type":"Point","coordinates":[-97.58057,32.75032]}},{"type":"Feature","properties":{"i":0.71},"geometry":{"type":"Point","coordinates":[-97.53662,32.75032]}},{"type":"Feature","properties":{"i":1},"geometry":{"type":"Point","coordinates":[-97.49268,32.75032]}},{"type":"Feature","properties":{"i":1},"geometry":{"type":"Point","coordinates":[-97.44873,32.75032]}},{"type":"Feature","properties":{"i":1},"geometry":{"type":"Point","coordinates":[-97.40479,32.75032]}},{"type":"Feature","properties":{"i":1},"geometry":{"type":"Point","coordinates":[-97.36084,32.75032]}},{"type":"Feature","properties":{"i":1},"geometry":{"type":"Point","coordinates":[-97.31689,32.75032]}},{"type":"Feature","properties":{"i":1},"geometry":{"type":"Point","coordinates":[-97.27295,32.75032]}},{"type":"Feature","properties":{"i":1},"geometry":{"type":"Point","coordinates":[-97.229,32.75032]}},{"type":"Feature","properties":{"i":1},"geometry":{"type":"Point","coordinates":[-97.18506,32.75032]}},{"type":"Feature","properties":{"i":1},"geometry":{"type":"Point","coordinates":[-97.14111,32.75032]}},{"type":"Feature","properties":{"i":1},"geometry":{"type":"Point","coordinates":[-97.09717,32.75032]}},{"type":"Feature","properties":{"i":1},"geometry":{"type":"Point","coordinates":[-97.05322,32.75032]}},{"type":"Feature","properties":{"i":1},"geometry":{"type":"Point","coordinates":[-97.00928,32.75032]}},{"type":"Feature","properties":{"i":1},"geometry":{"type":"Point","coordinates":[-96.96533,32.75032]}},{"type":"Feature","properties":{"i":1},"geometry":{"type":"Point","coordinates":[-96.92139,32.75032]}},{"type":"Feature","properties":{"i":1},"geometry":{"type":"Point","coordinates":[-96.87744,32.75032]}},{"type":"Feature","properties":{"i":1},"geometry":{"type":"Point","coordinates":[-96.8335,32.75032]}},{"type":"Feature","properties":{"i":1},"geometry":{"type":"Point","coordinates":[-96.78955,32.75032]}},{"type":"Feature","properties":{"i":1},"geometry":{"type":"Point","coordinates":[-96.74561,32.75032]}},{"type":"Feature","properties":{"i":1},"geometry":{"type":"Point","coordinates":[-96.70166,32.75032]}},{"type":"Feature","properties":{"i":1},"geometry":{"type":"Point","coordinates":[-96.65771,32.75032]}},{"type":"Feature","properties":{"i":1},"geometry":{"type":"Point","coordinates":[-96.61377,32.75032]}},{"type":"Feature","properties":{"i":1},"geometry":{"type":"Point","coordinates":[-96.56982,32.75032]}},{"type":"Feature","properties":{"i":1},"geometry":{"type":"Point","coordinates":[-96.52588,32.75032]}},{"type":"Feature","properties":{"i":0.97},"geometry":{"type":"Point","coordinates":[-96.48193,32.75032]}},{"type":"Feature","properties":{"i":1},"geometry":{"type":"Point","coordinates":[-96.43799,32.75032]}},{"type":"Feature","properties":{"i":1},"geometry":{"type":"Point","coordinates":[-96.39404,32.75032]}},{"type":"Feature","properties":{"i":0.55},"geometry":{"type":"Point","coordinates":[-96.3501,32.75032]}},{"type":"Feature","properties":{"i":1},"geometry":{"type":"Point","coordinates":[-96.30615,32.75032]}},{"type":"Feature","properties":{"i":1},"geometry":{"type":"Point","coordinates":[-96.26221,32.75032]}},{"type":"Feature","properties":{"i":0.15},"geometry":{"type":"Point","coordinates":[-96.21826,32.75032]}},{"type":"Feature","properties":{"i":0.03},"geometry":{"type":"Point","coordinates":[-96.13037,32.75032]}},{"type":"Feature","properties":{"i":0.26},"geometry":{"type":"Point","coordinates":[-96.08643,32.75032]}},{"type":"Feature","properties":{"i":0.03},"geometry":{"type":"Point","coordinates":[-95.82275,32.75032]}},{"type":"Feature","properties":{"i":0.34},"geometry":{"type":"Point","coordinates":[-98.37158,32.71336]}},{"type":"Feature","properties":{"i":0.42},"geometry":{"type":"Point","coordinates":[-98.06396,32.71336]}},{"type":"Feature","properties":{"i":0.05},"geometry":{"type":"Point","coordinates":[-98.02002,32.71336]}},{"type":"Feature","properties":{"i":0.25},"geometry":{"type":"Point","coordinates":[-97.97607,32.71336]}},{"type":"Feature","properties":{"i":0.5},"geometry":{"type":"Point","coordinates":[-97.93213,32.71336]}},{"type":"Feature","properties":{"i":0.83},"geometry":{"type":"Point","coordinates":[-97.88818,32.71336]}},{"type":"Feature","properties":{"i":0.51},"geometry":{"type":"Point","coordinates":[-97.84424,32.71336]}},{"type":"Feature","properties":{"i":1},"geometry":{"type":"Point","coordinates":[-97.80029,32.71336]}},{"type":"Feature","properties":{"i":1},"geometry":{"type":"Point","coordinates":[-97.75635,32.71336]}},{"type":"Feature","properties":{"i":0.35},"geometry":{"type":"Point","coordinates":[-97.7124,32.71336]}},{"type":"Feature","properties":{"i":0.53},"geometry":{"type":"Point","coordinates":[-97.66846,32.71336]}},{"type":"Feature","properties":{"i":0.83},"geometry":{"type":"Point","coordinates":[-97.62451,32.71336]}},{"type":"Feature","properties":{"i":0.88},"geometry":{"type":"Point","coordinates":[-97.58057,32.71336]}},{"type":"Feature","properties":{"i":0.64},"geometry":{"type":"Point","coordinates":[-97.53662,32.71336]}},{"type":"Feature","properties":{"i":1},"geometry":{"type":"Point","coordinates":[-97.49268,32.71336]}},{"type":"Feature","properties":{"i":1},"geometry":{"type":"Point","coordinates":[-97.44873,32.71336]}},{"type":"Feature","properties":{"i":1},"geometry":{"type":"Point","coordinates":[-97.40479,32.71336]}},{"type":"Feature","properties":{"i":1},"geometry":{"type":"Point","coordinates":[-97.36084,32.71336]}},{"type":"Feature","properties":{"i":1},"geometry":{"type":"Point","coordinates":[-97.31689,32.71336]}},{"type":"Feature","properties":{"i":1},"geometry":{"type":"Point","coordinates":[-97.27295,32.71336]}},{"type":"Feature","properties":{"i":1},"geometry":{"type":"Point","coordinates":[-97.229,32.71336]}},{"type":"Feature","properties":{"i":1},"geometry":{"type":"Point","coordinates":[-97.18506,32.71336]}},{"type":"Feature","properties":{"i":1},"geometry":{"type":"Point","coordinates":[-97.14111,32.71336]}},{"type":"Feature","properties":{"i":1},"geometry":{"type":"Point","coordinates":[-97.09717,32.71336]}},{"type":"Feature","properties":{"i":1},"geometry":{"type":"Point","coordinates":[-97.05322,32.71336]}},{"type":"Feature","properties":{"i":1},"geometry":{"type":"Point","coordinates":[-97.00928,32.71336]}},{"type":"Feature","properties":{"i":1},"geometry":{"type":"Point","coordinates":[-96.96533,32.71336]}},{"type":"Feature","properties":{"i":1},"geometry":{"type":"Point","coordinates":[-96.92139,32.71336]}},{"type":"Feature","properties":{"i":1},"geometry":{"type":"Point","coordinates":[-96.87744,32.71336]}},{"type":"Feature","properties":{"i":1},"geometry":{"type":"Point","coordinates":[-96.8335,32.71336]}},{"type":"Feature","properties":{"i":1},"geometry":{"type":"Point","coordinates":[-96.78955,32.71336]}},{"type":"Feature","properties":{"i":1},"geometry":{"type":"Point","coordinates":[-96.74561,32.71336]}},{"type":"Feature","properties":{"i":1},"geometry":{"type":"Point","coordinates":[-96.70166,32.71336]}},{"type":"Feature","properties":{"i":1},"geometry":{"type":"Point","coordinates":[-96.65771,32.71336]}},{"type":"Feature","properties":{"i":1},"geometry":{"type":"Point","coordinates":[-96.61377,32.71336]}},{"type":"Feature","properties":{"i":1},"geometry":{"type":"Point","coordinates":[-96.56982,32.71336]}},{"type":"Feature","properties":{"i":0.94},"geometry":{"type":"Point","coordinates":[-96.52588,32.71336]}},{"type":"Feature","properties":{"i":0.9},"geometry":{"type":"Point","coordinates":[-96.48193,32.71336]}},{"type":"Feature","properties":{"i":1},"geometry":{"type":"Point","coordinates":[-96.43799,32.71336]}},{"type":"Feature","properties":{"i":1},"geometry":{"type":"Point","coordinates":[-96.39404,32.71336]}},{"type":"Feature","properties":{"i":1},"geometry":{"type":"Point","coordinates":[-96.3501,32.71336]}},{"type":"Feature","properties":{"i":1},"geometry":{"type":"Point","coordinates":[-96.30615,32.71336]}},{"type":"Feature","properties":{"i":1},"geometry":{"type":"Point","coordinates":[-96.26221,32.71336]}},{"type":"Feature","properties":{"i":0.16},"geometry":{"type":"Point","coordinates":[-96.21826,32.71336]}},{"type":"Feature","properties":{"i":0.1},"geometry":{"type":"Point","coordinates":[-96.17432,32.71336]}},{"type":"Feature","properties":{"i":0.12},"geometry":{"type":"Point","coordinates":[-96.13037,32.71336]}},{"type":"Feature","properties":{"i":0.32},"geometry":{"type":"Point","coordinates":[-96.08643,32.71336]}},{"type":"Feature","properties":{"i":0.57},"geometry":{"type":"Point","coordinates":[-96.04248,32.71336]}},{"type":"Feature","properties":{"i":0.76},"geometry":{"type":"Point","coordinates":[-95.99854,32.71336]}},{"type":"Feature","properties":{"i":0.5},"geometry":{"type":"Point","coordinates":[-95.95459,32.71336]}},{"type":"Feature","properties":{"i":0.59},"geometry":{"type":"Point","coordinates":[-95.8667,32.71336]}},{"type":"Feature","properties":{"i":0.09},"geometry":{"type":"Point","coordinates":[-98.28369,32.67637]}},{"type":"Feature","properties":{"i":0.39},"geometry":{"type":"Point","coordinates":[-98.02002,32.67637]}},{"type":"Feature","properties":{"i":0.22},"geometry":{"type":"Point","coordinates":[-97.97607,32.67637]}},{"type":"Feature","properties":{"i":0.49},"geometry":{"type":"Point","coordinates":[-97.93213,32.67637]}},{"type":"Feature","properties":{"i":0.37},"geometry":{"type":"Point","coordinates":[-97.88818,32.67637]}},{"type":"Feature","properties":{"i":0.22},"geometry":{"type":"Point","coordinates":[-97.84424,32.67637]}},{"type":"Feature","properties":{"i":0.38},"geometry":{"type":"Point","coordinates":[-97.80029,32.67637]}},{"type":"Feature","properties":{"i":0.03},"geometry":{"type":"Point","coordinates":[-97.75635,32.67637]}},{"type":"Feature","properties":{"i":0.15},"geometry":{"type":"Point","coordinates":[-97.7124,32.67637]}},{"type":"Feature","properties":{"i":0.36},"geometry":{"type":"Point","coordinates":[-97.66846,32.67637]}},{"type":"Feature","properties":{"i":0.48},"geometry":{"type":"Point","coordinates":[-97.62451,32.67637]}},{"type":"Feature","properties":{"i":0.73},"geometry":{"type":"Point","coordinates":[-97.58057,32.67637]}},{"type":"Feature","properties":{"i":1},"geometry":{"type":"Point","coordinates":[-97.53662,32.67637]}},{"type":"Feature","properties":{"i":1},"geometry":{"type":"Point","coordinates":[-97.49268,32.67637]}},{"type":"Feature","properties":{"i":1},"geometry":{"type":"Point","coordinates":[-97.44873,32.67637]}},{"type":"Feature","properties":{"i":1},"geometry":{"type":"Point","coordinates":[-97.40479,32.67637]}},{"type":"Feature","properties":{"i":1},"geometry":{"type":"Point","coordinates":[-97.36084,32.67637]}},{"type":"Feature","properties":{"i":1},"geometry":{"type":"Point","coordinates":[-97.31689,32.67637]}},{"type":"Feature","properties":{"i":1},"geometry":{"type":"Point","coordinates":[-97.27295,32.67637]}},{"type":"Feature","properties":{"i":1},"geometry":{"type":"Point","coordinates":[-97.229,32.67637]}},{"type":"Feature","properties":{"i":1},"geometry":{"type":"Point","coordinates":[-97.18506,32.67637]}},{"type":"Feature","properties":{"i":1},"geometry":{"type":"Point","coordinates":[-97.14111,32.67637]}},{"type":"Feature","properties":{"i":1},"geometry":{"type":"Point","coordinates":[-97.09717,32.67637]}},{"type":"Feature","properties":{"i":1},"geometry":{"type":"Point","coordinates":[-97.05322,32.67637]}},{"type":"Feature","properties":{"i":1},"geometry":{"type":"Point","coordinates":[-97.00928,32.67637]}},{"type":"Feature","properties":{"i":1},"geometry":{"type":"Point","coordinates":[-96.96533,32.67637]}},{"type":"Feature","properties":{"i":1},"geometry":{"type":"Point","coordinates":[-96.92139,32.67637]}},{"type":"Feature","properties":{"i":1},"geometry":{"type":"Point","coordinates":[-96.87744,32.67637]}},{"type":"Feature","properties":{"i":1},"geometry":{"type":"Point","coordinates":[-96.8335,32.67637]}},{"type":"Feature","properties":{"i":1},"geometry":{"type":"Point","coordinates":[-96.78955,32.67637]}},{"type":"Feature","properties":{"i":1},"geometry":{"type":"Point","coordinates":[-96.74561,32.67637]}},{"type":"Feature","properties":{"i":0.66},"geometry":{"type":"Point","coordinates":[-96.70166,32.67637]}},{"type":"Feature","properties":{"i":0.98},"geometry":{"type":"Point","coordinates":[-96.65771,32.67637]}},{"type":"Feature","properties":{"i":1},"geometry":{"type":"Point","coordinates":[-96.61377,32.67637]}},{"type":"Feature","properties":{"i":0.95},"geometry":{"type":"Point","coordinates":[-96.56982,32.67637]}},{"type":"Feature","properties":{"i":0.68},"geometry":{"type":"Point","coordinates":[-96.52588,32.67637]}},{"type":"Feature","properties":{"i":0.57},"geometry":{"type":"Point","coordinates":[-96.48193,32.67637]}},{"type":"Feature","properties":{"i":0.97},"geometry":{"type":"Point","coordinates":[-96.43799,32.67637]}},{"type":"Feature","properties":{"i":0.81},"geometry":{"type":"Point","coordinates":[-96.39404,32.67637]}},{"type":"Feature","properties":{"i":0.51},"geometry":{"type":"Point","coordinates":[-96.3501,32.67637]}},{"type":"Feature","properties":{"i":0.24},"geometry":{"type":"Point","coordinates":[-96.30615,32.67637]}},{"type":"Feature","properties":{"i":1},"geometry":{"type":"Point","coordinates":[-96.26221,32.67637]}},{"type":"Feature","properties":{"i":0.16},"geometry":{"type":"Point","coordinates":[-96.21826,32.67637]}},{"type":"Feature","properties":{"i":0.42},"geometry":{"type":"Point","coordinates":[-96.17432,32.67637]}},{"type":"Feature","properties":{"i":0.62},"geometry":{"type":"Point","coordinates":[-96.13037,32.67637]}},{"type":"Feature","properties":{"i":0.25},"geometry":{"type":"Point","coordinates":[-96.08643,32.67637]}},{"type":"Feature","properties":{"i":0.02},"geometry":{"type":"Point","coordinates":[-96.04248,32.67637]}},{"type":"Feature","properties":{"i":0.46},"geometry":{"type":"Point","coordinates":[-95.99854,32.67637]}},{"type":"Feature","properties":{"i":0.33},"geometry":{"type":"Point","coordinates":[-95.95459,32.67637]}},{"type":"Feature","properties":{"i":0.09},"geometry":{"type":"Point","coordinates":[-95.91064,32.67637]}},{"type":"Feature","properties":{"i":0.68},"geometry":{"type":"Point","coordinates":[-95.8667,32.67637]}},{"type":"Feature","properties":{"i":0.03},"geometry":{"type":"Point","coordinates":[-95.82275,32.67637]}},{"type":"Feature","properties":{"i":0.15},"geometry":{"type":"Point","coordinates":[-95.77881,32.67637]}},{"type":"Feature","properties":{"i":0.61},"geometry":{"type":"Point","coordinates":[-95.73486,32.67637]}},{"type":"Feature","properties":{"i":0.76},"geometry":{"type":"Point","coordinates":[-95.69092,32.67637]}},{"type":"Feature","properties":{"i":0.27},"geometry":{"type":"Point","coordinates":[-98.32764,32.63937]}},{"type":"Feature","properties":{"i":0.08},"geometry":{"type":"Point","coordinates":[-98.28369,32.63937]}},{"type":"Feature","properties":{"i":0.22},"geometry":{"type":"Point","coordinates":[-98.06396,32.63937]}},{"type":"Feature","properties":{"i":0.44},"geometry":{"type":"Point","coordinates":[-98.02002,32.63937]}},{"type":"Feature","properties":{"i":0.39},"geometry":{"type":"Point","coordinates":[-97.93213,32.63937]}},{"type":"Feature","properties":{"i":0.36},"geometry":{"type":"Point","coordinates":[-97.88818,32.63937]}},{"type":"Feature","properties":{"i":0.25},"geometry":{"type":"Point","coordinates":[-97.80029,32.63937]}},{"type":"Feature","properties":{"i":0.33},"geometry":{"type":"Point","coordinates":[-97.75635,32.63937]}},{"type":"Feature","properties":{"i":0.12},"geometry":{"type":"Point","coordinates":[-97.7124,32.63937]}},{"type":"Feature","properties":{"i":0.46},"geometry":{"type":"Point","coordinates":[-97.66846,32.63937]}},{"type":"Feature","properties":{"i":0.48},"geometry":{"type":"Point","coordinates":[-97.62451,32.63937]}},{"type":"Feature","properties":{"i":0.33},"geometry":{"type":"Point","coordinates":[-97.58057,32.63937]}},{"type":"Feature","properties":{"i":0.59},"geometry":{"type":"Point","coordinates":[-97.53662,32.63937]}},{"type":"Feature","properties":{"i":0.87},"geometry":{"type":"Point","coordinates":[-97.49268,32.63937]}},{"type":"Feature","properties":{"i":0.83},"geometry":{"type":"Point","coordinates":[-97.44873,32.63937]}},{"type":"Feature","properties":{"i":1},"geometry":{"type":"Point","coordinates":[-97.40479,32.63937]}},{"type":"Feature","properties":{"i":1},"geometry":{"type":"Point","coordinates":[-97.36084,32.63937]}},{"type":"Feature","properties":{"i":1},"geometry":{"type":"Point","coordinates":[-97.31689,32.63937]}},{"type":"Feature","properties":{"i":1},"geometry":{"type":"Point","coordinates":[-97.27295,32.63937]}},{"type":"Feature","properties":{"i":1},"geometry":{"type":"Point","coordinates":[-97.229,32.63937]}},{"type":"Feature","properties":{"i":1},"geometry":{"type":"Point","coordinates":[-97.18506,32.63937]}},{"type":"Feature","properties":{"i":1},"geometry":{"type":"Point","coordinates":[-97.14111,32.63937]}},{"type":"Feature","properties":{"i":1},"geometry":{"type":"Point","coordinates":[-97.09717,32.63937]}},{"type":"Feature","properties":{"i":1},"geometry":{"type":"Point","coordinates":[-97.05322,32.63937]}},{"type":"Feature","properties":{"i":1},"geometry":{"type":"Point","coordinates":[-97.00928,32.63937]}},{"type":"Feature","properties":{"i":0.93},"geometry":{"type":"Point","coordinates":[-96.96533,32.63937]}},{"type":"Feature","properties":{"i":1},"geometry":{"type":"Point","coordinates":[-96.92139,32.63937]}},{"type":"Feature","properties":{"i":1},"geometry":{"type":"Point","coordinates":[-96.87744,32.63937]}},{"type":"Feature","properties":{"i":1},"geometry":{"type":"Point","coordinates":[-96.8335,32.63937]}},{"type":"Feature","properties":{"i":1},"geometry":{"type":"Point","coordinates":[-96.78955,32.63937]}},{"type":"Feature","properties":{"i":1},"geometry":{"type":"Point","coordinates":[-96.74561,32.63937]}},{"type":"Feature","properties":{"i":1},"geometry":{"type":"Point","coordinates":[-96.70166,32.63937]}},{"type":"Feature","properties":{"i":1},"geometry":{"type":"Point","coordinates":[-96.65771,32.63937]}},{"type":"Feature","properties":{"i":0.61},"geometry":{"type":"Point","coordinates":[-96.61377,32.63937]}},{"type":"Feature","properties":{"i":0.99},"geometry":{"type":"Point","coordinates":[-96.56982,32.63937]}},{"type":"Feature","properties":{"i":1},"geometry":{"type":"Point","coordinates":[-96.52588,32.63937]}},{"type":"Feature","properties":{"i":0.58},"geometry":{"type":"Point","coordinates":[-96.48193,32.63937]}},{"type":"Feature","properties":{"i":0.66},"geometry":{"type":"Point","coordinates":[-96.43799,32.63937]}},{"type":"Feature","properties":{"i":0.37},"geometry":{"type":"Point","coordinates":[-96.39404,32.63937]}},{"type":"Feature","properties":{"i":0.23},"geometry":{"type":"Point","coordinates":[-96.3501,32.63937]}},{"type":"Feature","properties":{"i":0.22},"geometry":{"type":"Point","coordinates":[-96.30615,32.63937]}},{"type":"Feature","properties":{"i":0.07},"geometry":{"type":"Point","coordinates":[-96.26221,32.63937]}},{"type":"Feature","properties":{"i":0.11},"geometry":{"type":"Point","coordinates":[-96.21826,32.63937]}},{"type":"Feature","properties":{"i":0.27},"geometry":{"type":"Point","coordinates":[-96.17432,32.63937]}},{"type":"Feature","properties":{"i":0.4},"geometry":{"type":"Point","coordinates":[-96.08643,32.63937]}},{"type":"Feature","properties":{"i":0.1},"geometry":{"type":"Point","coordinates":[-96.04248,32.63937]}},{"type":"Feature","properties":{"i":0.36},"geometry":{"type":"Point","coordinates":[-95.99854,32.63937]}},{"type":"Feature","properties":{"i":0.03},"geometry":{"type":"Point","coordinates":[-95.95459,32.63937]}},{"type":"Feature","properties":{"i":0.07},"geometry":{"type":"Point","coordinates":[-95.82275,32.63937]}},{"type":"Feature","properties":{"i":0.37},"geometry":{"type":"Point","coordinates":[-95.69092,32.63937]}},{"type":"Feature","properties":{"i":0.04},"geometry":{"type":"Point","coordinates":[-98.32764,32.60236]}},{"type":"Feature","properties":{"i":0.12},"geometry":{"type":"Point","coordinates":[-98.1958,32.60236]}},{"type":"Feature","properties":{"i":0.3},"geometry":{"type":"Point","coordinates":[-98.10791,32.60236]}},{"type":"Feature","properties":{"i":0.62},"geometry":{"type":"Point","coordinates":[-98.06396,32.60236]}},{"type":"Feature","properties":{"i":0.03},"geometry":{"type":"Point","coordinates":[-98.02002,32.60236]}},{"type":"Feature","properties":{"i":0.1},"geometry":{"type":"Point","coordinates":[-97.93213,32.60236]}},{"type":"Feature","properties":{"i":0.16},"geometry":{"type":"Point","coordinates":[-97.84424,32.60236]}},{"type":"Feature","properties":{"i":0.28},"geometry":{"type":"Point","coordinates":[-97.80029,32.60236]}},{"type":"Feature","properties":{"i":0.08},"geometry":{"type":"Point","coordinates":[-97.75635,32.60236]}},{"type":"Feature","properties":{"i":0.16},"geometry":{"type":"Point","coordinates":[-97.66846,32.60236]}},{"type":"Feature","properties":{"i":0.74},"geometry":{"type":"Point","coordinates":[-97.58057,32.60236]}},{"type":"Feature","properties":{"i":0.63},"geometry":{"type":"Point","coordinates":[-97.53662,32.60236]}},{"type":"Feature","properties":{"i":0.31},"geometry":{"type":"Point","coordinates":[-97.49268,32.60236]}},{"type":"Feature","properties":{"i":0.9},"geometry":{"type":"Point","coordinates":[-97.44873,32.60236]}},{"type":"Feature","properties":{"i":1},"geometry":{"type":"Point","coordinates":[-97.40479,32.60236]}},{"type":"Feature","properties":{"i":1},"geometry":{"type":"Point","coordinates":[-97.36084,32.60236]}},{"type":"Feature","properties":{"i":1},"geometry":{"type":"Point","coordinates":[-97.31689,32.60236]}},{"type":"Feature","properties":{"i":1},"geometry":{"type":"Point","coordinates":[-97.27295,32.60236]}},{"type":"Feature","properties":{"i":0.63},"geometry":{"type":"Point","coordinates":[-97.229,32.60236]}},{"type":"Feature","properties":{"i":1},"geometry":{"type":"Point","coordinates":[-97.18506,32.60236]}},{"type":"Feature","properties":{"i":1},"geometry":{"type":"Point","coordinates":[-97.14111,32.60236]}},{"type":"Feature","properties":{"i":1},"geometry":{"type":"Point","coordinates":[-97.09717,32.60236]}},{"type":"Feature","properties":{"i":1},"geometry":{"type":"Point","coordinates":[-97.05322,32.60236]}},{"type":"Feature","properties":{"i":0.81},"geometry":{"type":"Point","coordinates":[-97.00928,32.60236]}},{"type":"Feature","properties":{"i":1},"geometry":{"type":"Point","coordinates":[-96.96533,32.60236]}},{"type":"Feature","properties":{"i":1},"geometry":{"type":"Point","coordinates":[-96.92139,32.60236]}},{"type":"Feature","properties":{"i":1},"geometry":{"type":"Point","coordinates":[-96.87744,32.60236]}},{"type":"Feature","properties":{"i":1},"geometry":{"type":"Point","coordinates":[-96.8335,32.60236]}},{"type":"Feature","properties":{"i":1},"geometry":{"type":"Point","coordinates":[-96.78955,32.60236]}},{"type":"Feature","properties":{"i":1},"geometry":{"type":"Point","coordinates":[-96.74561,32.60236]}},{"type":"Feature","properties":{"i":1},"geometry":{"type":"Point","coordinates":[-96.70166,32.60236]}},{"type":"Feature","properties":{"i":1},"geometry":{"type":"Point","coordinates":[-96.65771,32.60236]}},{"type":"Feature","properties":{"i":0.33},"geometry":{"type":"Point","coordinates":[-96.61377,32.60236]}},{"type":"Feature","properties":{"i":0.17},"geometry":{"type":"Point","coordinates":[-96.56982,32.60236]}},{"type":"Feature","properties":{"i":0.34},"geometry":{"type":"Point","coordinates":[-96.52588,32.60236]}},{"type":"Feature","properties":{"i":0.45},"geometry":{"type":"Point","coordinates":[-96.48193,32.60236]}},{"type":"Feature","properties":{"i":0.75},"geometry":{"type":"Point","coordinates":[-96.43799,32.60236]}},{"type":"Feature","properties":{"i":0.27},"geometry":{"type":"Point","coordinates":[-96.39404,32.60236]}},{"type":"Feature","properties":{"i":0.22},"geometry":{"type":"Point","coordinates":[-96.3501,32.60236]}},{"type":"Feature","properties":{"i":0.79},"geometry":{"type":"Point","coordinates":[-96.30615,32.60236]}},{"type":"Feature","properties":{"i":0.71},"geometry":{"type":"Point","coordinates":[-96.26221,32.60236]}},{"type":"Feature","properties":{"i":0.16},"geometry":{"type":"Point","coordinates":[-96.21826,32.60236]}},{"type":"Feature","properties":{"i":0.04},"geometry":{"type":"Point","coordinates":[-96.13037,32.60236]}},{"type":"Feature","properties":{"i":0.38},"geometry":{"type":"Point","coordinates":[-95.99854,32.60236]}},{"type":"Feature","properties":{"i":0.12},"geometry":{"type":"Point","coordinates":[-95.95459,32.60236]}},{"type":"Feature","properties":{"i":0.78},"geometry":{"type":"Point","coordinates":[-95.91064,32.60236]}},{"type":"Feature","properties":{"i":0.46},"geometry":{"type":"Point","coordinates":[-95.8667,32.60236]}},{"type":"Feature","properties":{"i":0.22},"geometry":{"type":"Point","coordinates":[-95.82275,32.60236]}},{"type":"Feature","properties":{"i":0.28},"geometry":{"type":"Point","coordinates":[-97.88818,32.56533]}},{"type":"Feature","properties":{"i":0.15},"geometry":{"type":"Point","coordinates":[-97.84424,32.56533]}},{"type":"Feature","properties":{"i":0.49},"geometry":{"type":"Point","coordinates":[-97.80029,32.56533]}},{"type":"Feature","properties":{"i":0.27},"geometry":{"type":"Point","coordinates":[-97.75635,32.56533]}},{"type":"Feature","properties":{"i":0.13},"geometry":{"type":"Point","coordinates":[-97.7124,32.56533]}},{"type":"Feature","properties":{"i":0.54},"geometry":{"type":"Point","coordinates":[-97.66846,32.56533]}},{"type":"Feature","properties":{"i":0.24},"geometry":{"type":"Point","coordinates":[-97.62451,32.56533]}},{"type":"Feature","properties":{"i":0.47},"geometry":{"type":"Point","coordinates":[-97.58057,32.56533]}},{"type":"Feature","properties":{"i":0.25},"geometry":{"type":"Point","coordinates":[-97.53662,32.56533]}},{"type":"Feature","properties":{"i":0.46},"geometry":{"type":"Point","coordinates":[-97.49268,32.56533]}},{"type":"Feature","properties":{"i":0.8},"geometry":{"type":"Point","coordinates":[-97.44873,32.56533]}},{"type":"Feature","properties":{"i":0.97},"geometry":{"type":"Point","coordinates":[-97.40479,32.56533]}},{"type":"Feature","properties":{"i":1},"geometry":{"type":"Point","coordinates":[-97.36084,32.56533]}},{"type":"Feature","properties":{"i":1},"geometry":{"type":"Point","coordinates":[-97.31689,32.56533]}},{"type":"Feature","properties":{"i":1},"geometry":{"type":"Point","coordinates":[-97.27295,32.56533]}},{"type":"Feature","properties":{"i":0.93},"geometry":{"type":"Point","coordinates":[-97.229,32.56533]}},{"type":"Feature","properties":{"i":0.79},"geometry":{"type":"Point","coordinates":[-97.18506,32.56533]}},{"type":"Feature","properties":{"i":1},"geometry":{"type":"Point","coordinates":[-97.14111,32.56533]}},{"type":"Feature","properties":{"i":1},"geometry":{"type":"Point","coordinates":[-97.09717,32.56533]}},{"type":"Feature","properties":{"i":1},"geometry":{"type":"Point","coordinates":[-97.05322,32.56533]}},{"type":"Feature","properties":{"i":0.64},"geometry":{"type":"Point","coordinates":[-97.00928,32.56533]}},{"type":"Feature","properties":{"i":0.94},"geometry":{"type":"Point","coordinates":[-96.96533,32.56533]}},{"type":"Feature","properties":{"i":1},"geometry":{"type":"Point","coordinates":[-96.92139,32.56533]}},{"type":"Feature","properties":{"i":1},"geometry":{"type":"Point","coordinates":[-96.87744,32.56533]}},{"type":"Feature","properties":{"i":1},"geometry":{"type":"Point","coordinates":[-96.8335,32.56533]}},{"type":"Feature","properties":{"i":0.9},"geometry":{"type":"Point","coordinates":[-96.78955,32.56533]}},{"type":"Feature","properties":{"i":1},"geometry":{"type":"Point","coordinates":[-96.74561,32.56533]}},{"type":"Feature","properties":{"i":1},"geometry":{"type":"Point","coordinates":[-96.70166,32.56533]}},{"type":"Feature","properties":{"i":0.98},"geometry":{"type":"Point","coordinates":[-96.65771,32.56533]}},{"type":"Feature","properties":{"i":1},"geometry":{"type":"Point","coordinates":[-96.61377,32.56533]}},{"type":"Feature","properties":{"i":0.13},"geometry":{"type":"Point","coordinates":[-96.56982,32.56533]}},{"type":"Feature","properties":{"i":0.14},"geometry":{"type":"Point","coordinates":[-96.52588,32.56533]}},{"type":"Feature","properties":{"i":0.41},"geometry":{"type":"Point","coordinates":[-96.48193,32.56533]}},{"type":"Feature","properties":{"i":0.18},"geometry":{"type":"Point","coordinates":[-96.43799,32.56533]}},{"type":"Feature","properties":{"i":0.51},"geometry":{"type":"Point","coordinates":[-96.39404,32.56533]}},{"type":"Feature","properties":{"i":0.02},"geometry":{"type":"Point","coordinates":[-96.3501,32.56533]}},{"type":"Feature","properties":{"i":1},"geometry":{"type":"Point","coordinates":[-96.30615,32.56533]}},{"type":"Feature","properties":{"i":0.58},"geometry":{"type":"Point","coordinates":[-96.26221,32.56533]}},{"type":"Feature","properties":{"i":0.13},"geometry":{"type":"Point","coordinates":[-96.21826,32.56533]}},{"type":"Feature","properties":{"i":1},"geometry":{"type":"Point","coordinates":[-95.8667,32.56533]}},{"type":"Feature","properties":{"i":0.65},"geometry":{"type":"Point","coordinates":[-95.82275,32.56533]}},{"type":"Feature","properties":{"i":0.28},"geometry":{"type":"Point","coordinates":[-95.77881,32.56533]}},{"type":"Feature","properties":{"i":0.69},"geometry":{"type":"Point","coordinates":[-98.37158,32.52829]}},{"type":"Feature","properties":{"i":0.37},"geometry":{"type":"Point","coordinates":[-98.32764,32.52829]}},{"type":"Feature","properties":{"i":0.36},"geometry":{"type":"Point","coordinates":[-98.28369,32.52829]}},{"type":"Feature","properties":{"i":0.05},"geometry":{"type":"Point","coordinates":[-98.10791,32.52829]}},{"type":"Feature","properties":{"i":0.17},"geometry":{"type":"Point","coordinates":[-98.06396,32.52829]}},{"type":"Feature","properties":{"i":0.48},"geometry":{"type":"Point","coordinates":[-98.02002,32.52829]}},{"type":"Feature","properties":{"i":0.08},"geometry":{"type":"Point","coordinates":[-97.84424,32.52829]}},{"type":"Feature","properties":{"i":0.18},"geometry":{"type":"Point","coordinates":[-97.80029,32.52829]}},{"type":"Feature","properties":{"i":0.26},"geometry":{"type":"Point","coordinates":[-97.75635,32.52829]}},{"type":"Feature","properties":{"i":0.24},"geometry":{"type":"Point","coordinates":[-97.7124,32.52829]}},{"type":"Feature","properties":{"i":0.89},"geometry":{"type":"Point","coordinates":[-97.66846,32.52829]}},{"type":"Feature","properties":{"i":1},"geometry":{"type":"Point","coordinates":[-97.62451,32.52829]}},{"type":"Feature","properties":{"i":0.69},"geometry":{"type":"Point","coordinates":[-97.58057,32.52829]}},{"type":"Feature","properties":{"i":0.19},"geometry":{"type":"Point","coordinates":[-97.53662,32.52829]}},{"type":"Feature","properties":{"i":0.3},"geometry":{"type":"Point","coordinates":[-97.49268,32.52829]}},{"type":"Feature","properties":{"i":0.28},"geometry":{"type":"Point","coordinates":[-97.44873,32.52829]}},{"type":"Feature","properties":{"i":0.49},"geometry":{"type":"Point","coordinates":[-97.40479,32.52829]}},{"type":"Feature","properties":{"i":1},"geometry":{"type":"Point","coordinates":[-97.36084,32.52829]}},{"type":"Feature","properties":{"i":1},"geometry":{"type":"Point","coordinates":[-97.31689,32.52829]}},{"type":"Feature","properties":{"i":0.76},"geometry":{"type":"Point","coordinates":[-97.27295,32.52829]}},{"type":"Feature","properties":{"i":0.49},"geometry":{"type":"Point","coordinates":[-97.229,32.52829]}},{"type":"Feature","properties":{"i":0.48},"geometry":{"type":"Point","coordinates":[-97.18506,32.52829]}},{"type":"Feature","properties":{"i":1},"geometry":{"type":"Point","coordinates":[-97.14111,32.52829]}},{"type":"Feature","properties":{"i":1},"geometry":{"type":"Point","coordinates":[-97.09717,32.52829]}},{"type":"Feature","properties":{"i":0.95},"geometry":{"type":"Point","coordinates":[-97.05322,32.52829]}},{"type":"Feature","properties":{"i":0.97},"geometry":{"type":"Point","coordinates":[-97.00928,32.52829]}},{"type":"Feature","properties":{"i":0.91},"geometry":{"type":"Point","coordinates":[-96.96533,32.52829]}},{"type":"Feature","properties":{"i":0.78},"geometry":{"type":"Point","coordinates":[-96.92139,32.52829]}},{"type":"Feature","properties":{"i":0.86},"geometry":{"type":"Point","coordinates":[-96.87744,32.52829]}},{"type":"Feature","properties":{"i":1},"geometry":{"type":"Point","coordinates":[-96.8335,32.52829]}},{"type":"Feature","properties":{"i":1},"geometry":{"type":"Point","coordinates":[-96.78955,32.52829]}},{"type":"Feature","properties":{"i":1},"geometry":{"type":"Point","coordinates":[-96.74561,32.52829]}},{"type":"Feature","properties":{"i":0.36},"geometry":{"type":"Point","coordinates":[-96.70166,32.52829]}},{"type":"Feature","properties":{"i":0.85},"geometry":{"type":"Point","coordinates":[-96.65771,32.52829]}},{"type":"Feature","properties":{"i":0.51},"geometry":{"type":"Point","coordinates":[-96.61377,32.52829]}},{"type":"Feature","properties":{"i":0.26},"geometry":{"type":"Point","coordinates":[-96.56982,32.52829]}},{"type":"Feature","properties":{"i":0.42},"geometry":{"type":"Point","coordinates":[-96.52588,32.52829]}},{"type":"Feature","properties":{"i":0.09},"geometry":{"type":"Point","coordinates":[-96.48193,32.52829]}},{"type":"Feature","properties":{"i":0.54},"geometry":{"type":"Point","coordinates":[-96.43799,32.52829]}},{"type":"Feature","properties":{"i":0.38},"geometry":{"type":"Point","coordinates":[-96.39404,32.52829]}},{"type":"Feature","properties":{"i":0.13},"geometry":{"type":"Point","coordinates":[-96.3501,32.52829]}},{"type":"Feature","properties":{"i":0.13},"geometry":{"type":"Point","coordinates":[-96.30615,32.52829]}},{"type":"Feature","properties":{"i":0.5},"geometry":{"type":"Point","coordinates":[-96.26221,32.52829]}},{"type":"Feature","properties":{"i":0.04},"geometry":{"type":"Point","coordinates":[-96.21826,32.52829]}},{"type":"Feature","properties":{"i":0.12},"geometry":{"type":"Point","coordinates":[-96.13037,32.52829]}},{"type":"Feature","properties":{"i":1},"geometry":{"type":"Point","coordinates":[-95.8667,32.52829]}},{"type":"Feature","properties":{"i":0.5},"geometry":{"type":"Point","coordinates":[-95.82275,32.52829]}},{"type":"Feature","properties":{"i":0.15},"geometry":{"type":"Point","coordinates":[-95.77881,32.52829]}},{"type":"Feature","properties":{"i":0.03},"geometry":{"type":"Point","coordinates":[-95.73486,32.52829]}},{"type":"Feature","properties":{"i":0.48},"geometry":{"type":"Point","coordinates":[-95.69092,32.52829]}},{"type":"Feature","properties":{"i":0.71},"geometry":{"type":"Point","coordinates":[-95.64697,32.52829]}},{"type":"Feature","properties":{"i":0.46},"geometry":{"type":"Point","coordinates":[-98.41553,32.49123]}},{"type":"Feature","properties":{"i":0.75},"geometry":{"type":"Point","coordinates":[-98.37158,32.49123]}},{"type":"Feature","properties":{"i":0.31},"geometry":{"type":"Point","coordinates":[-97.84424,32.49123]}},{"type":"Feature","properties":{"i":0.58},"geometry":{"type":"Point","coordinates":[-97.80029,32.49123]}},{"type":"Feature","properties":{"i":0.28},"geometry":{"type":"Point","coordinates":[-97.75635,32.49123]}},{"type":"Feature","properties":{"i":0.22},"geometry":{"type":"Point","coordinates":[-97.7124,32.49123]}},{"type":"Feature","properties":{"i":0.76},"geometry":{"type":"Point","coordinates":[-97.66846,32.49123]}},{"type":"Feature","properties":{"i":0.23},"geometry":{"type":"Point","coordinates":[-97.62451,32.49123]}},{"type":"Feature","properties":{"i":0.47},"geometry":{"type":"Point","coordinates":[-97.58057,32.49123]}},{"type":"Feature","properties":{"i":0.76},"geometry":{"type":"Point","coordinates":[-97.53662,32.49123]}},{"type":"Feature","properties":{"i":0.58},"geometry":{"type":"Point","coordinates":[-97.49268,32.49123]}},{"type":"Feature","properties":{"i":0.28},"geometry":{"type":"Point","coordinates":[-97.44873,32.49123]}},{"type":"Feature","properties":{"i":0.52},"geometry":{"type":"Point","coordinates":[-97.40479,32.49123]}},{"type":"Feature","properties":{"i":1},"geometry":{"type":"Point","coordinates":[-97.36084,32.49123]}},{"type":"Feature","properties":{"i":0.75},"geometry":{"type":"Point","coordinates":[-97.31689,32.49123]}},{"type":"Feature","properties":{"i":0.92},"geometry":{"type":"Point","coordinates":[-97.27295,32.49123]}},{"type":"Feature","properties":{"i":0.47},"geometry":{"type":"Point","coordinates":[-97.229,32.49123]}},{"type":"Feature","properties":{"i":0.55},"geometry":{"type":"Point","coordinates":[-97.18506,32.49123]}},{"type":"Feature","properties":{"i":0.89},"geometry":{"type":"Point","coordinates":[-97.14111,32.49123]}},{"type":"Feature","properties":{"i":0.71},"geometry":{"type":"Point","coordinates":[-97.09717,32.49123]}},{"type":"Feature","properties":{"i":0.69},"geometry":{"type":"Point","coordinates":[-97.05322,32.49123]}},{"type":"Feature","properties":{"i":1},"geometry":{"type":"Point","coordinates":[-97.00928,32.49123]}},{"type":"Feature","properties":{"i":0.98},"geometry":{"type":"Point","coordinates":[-96.96533,32.49123]}},{"type":"Feature","properties":{"i":1},"geometry":{"type":"Point","coordinates":[-96.92139,32.49123]}},{"type":"Feature","properties":{"i":0.75},"geometry":{"type":"Point","coordinates":[-96.87744,32.49123]}},{"type":"Feature","properties":{"i":0.69},"geometry":{"type":"Point","coordinates":[-96.8335,32.49123]}},{"type":"Feature","properties":{"i":1},"geometry":{"type":"Point","coordinates":[-96.78955,32.49123]}},{"type":"Feature","properties":{"i":0.49},"geometry":{"type":"Point","coordinates":[-96.74561,32.49123]}},{"type":"Feature","properties":{"i":0.49},"geometry":{"type":"Point","coordinates":[-96.70166,32.49123]}},{"type":"Feature","properties":{"i":0.33},"geometry":{"type":"Point","coordinates":[-96.65771,32.49123]}},{"type":"Feature","properties":{"i":0.25},"geometry":{"type":"Point","coordinates":[-96.61377,32.49123]}},{"type":"Feature","properties":{"i":0.51},"geometry":{"type":"Point","coordinates":[-96.56982,32.49123]}},{"type":"Feature","properties":{"i":0.65},"geometry":{"type":"Point","coordinates":[-96.43799,32.49123]}},{"type":"Feature","properties":{"i":0.39},"geometry":{"type":"Point","coordinates":[-96.39404,32.49123]}},{"type":"Feature","properties":{"i":0.32},"geometry":{"type":"Point","coordinates":[-96.3501,32.49123]}},{"type":"Feature","properties":{"i":0.19},"geometry":{"type":"Point","coordinates":[-96.26221,32.49123]}},{"type":"Feature","properties":{"i":0.02},"geometry":{"type":"Point","coordinates":[-96.04248,32.49123]}},{"type":"Feature","properties":{"i":0.11},"geometry":{"type":"Point","coordinates":[-95.8667,32.49123]}},{"type":"Feature","properties":{"i":0.11},"geometry":{"type":"Point","coordinates":[-95.77881,32.49123]}},{"type":"Feature","properties":{"i":0.37},"geometry":{"type":"Point","coordinates":[-95.69092,32.49123]}},{"type":"Feature","properties":{"i":0.88},"geometry":{"type":"Point","coordinates":[-95.64697,32.49123]}},{"type":"Feature","properties":{"i":0.47},"geometry":{"type":"Point","coordinates":[-97.84424,32.45416]}},{"type":"Feature","properties":{"i":1},"geometry":{"type":"Point","coordinates":[-97.80029,32.45416]}},{"type":"Feature","properties":{"i":1},"geometry":{"type":"Point","coordinates":[-97.75635,32.45416]}},{"type":"Feature","properties":{"i":1},"geometry":{"type":"Point","coordinates":[-97.7124,32.45416]}},{"type":"Feature","properties":{"i":0.64},"geometry":{"type":"Point","coordinates":[-97.66846,32.45416]}},{"type":"Feature","properties":{"i":0.84},"geometry":{"type":"Point","coordinates":[-97.53662,32.45416]}},{"type":"Feature","properties":{"i":0.44},"geometry":{"type":"Point","coordinates":[-97.49268,32.45416]}},{"type":"Feature","properties":{"i":0.5},"geometry":{"type":"Point","coordinates":[-97.44873,32.45416]}},{"type":"Feature","properties":{"i":0.8},"geometry":{"type":"Point","coordinates":[-97.40479,32.45416]}},{"type":"Feature","properties":{"i":0.88},"geometry":{"type":"Point","coordinates":[-97.36084,32.45416]}},{"type":"Feature","properties":{"i":0.56},"geometry":{"type":"Point","coordinates":[-97.31689,32.45416]}},{"type":"Feature","properties":{"i":1},"geometry":{"type":"Point","coordinates":[-97.27295,32.45416]}},{"type":"Feature","properties":{"i":1},"geometry":{"type":"Point","coordinates":[-97.229,32.45416]}},{"type":"Feature","properties":{"i":0.67},"geometry":{"type":"Point","coordinates":[-97.18506,32.45416]}},{"type":"Feature","properties":{"i":0.45},"geometry":{"type":"Point","coordinates":[-97.14111,32.45416]}},{"type":"Feature","properties":{"i":0.96},"geometry":{"type":"Point","coordinates":[-97.09717,32.45416]}},{"type":"Feature","properties":{"i":1},"geometry":{"type":"Point","coordinates":[-97.05322,32.45416]}},{"type":"Feature","properties":{"i":1},"geometry":{"type":"Point","coordinates":[-97.00928,32.45416]}},{"type":"Feature","properties":{"i":1},"geometry":{"type":"Point","coordinates":[-96.96533,32.45416]}},{"type":"Feature","properties":{"i":1},"geometry":{"type":"Point","coordinates":[-96.92139,32.45416]}},{"type":"Feature","properties":{"i":1},"geometry":{"type":"Point","coordinates":[-96.87744,32.45416]}},{"type":"Feature","properties":{"i":1},"geometry":{"type":"Point","coordinates":[-96.8335,32.45416]}},{"type":"Feature","properties":{"i":0.67},"geometry":{"type":"Point","coordinates":[-96.78955,32.45416]}},{"type":"Feature","properties":{"i":0.56},"geometry":{"type":"Point","coordinates":[-96.74561,32.45416]}},{"type":"Feature","properties":{"i":0.26},"geometry":{"type":"Point","coordinates":[-96.70166,32.45416]}},{"type":"Feature","properties":{"i":0.32},"geometry":{"type":"Point","coordinates":[-96.65771,32.45416]}},{"type":"Feature","properties":{"i":0.09},"geometry":{"type":"Point","coordinates":[-96.61377,32.45416]}},{"type":"Feature","properties":{"i":0.24},"geometry":{"type":"Point","coordinates":[-96.56982,32.45416]}},{"type":"Feature","properties":{"i":0.56},"geometry":{"type":"Point","coordinates":[-96.48193,32.45416]}},{"type":"Feature","properties":{"i":0.45},"geometry":{"type":"Point","coordinates":[-96.43799,32.45416]}},{"type":"Feature","properties":{"i":0.19},"geometry":{"type":"Point","coordinates":[-96.3501,32.45416]}},{"type":"Feature","properties":{"i":0.09},"geometry":{"type":"Point","coordinates":[-96.30615,32.45416]}},{"type":"Feature","properties":{"i":0.48},"geometry":{"type":"Point","coordinates":[-96.26221,32.45416]}},{"type":"Feature","properties":{"i":0.59},"geometry":{"type":"Point","coordinates":[-96.21826,32.45416]}},{"type":"Feature","properties":{"i":0.03},"geometry":{"type":"Point","coordinates":[-96.08643,32.45416]}},{"type":"Feature","properties":{"i":0.48},"geometry":{"type":"Point","coordinates":[-96.04248,32.45416]}},{"type":"Feature","properties":{"i":0.12},"geometry":{"type":"Point","coordinates":[-95.73486,32.45416]}},{"type":"Feature","properties":{"i":0.08},"geometry":{"type":"Point","coordinates":[-95.69092,32.45416]}},{"type":"Feature","properties":{"i":0.78},"geometry":{"type":"Point","coordinates":[-97.88818,32.41707]}},{"type":"Feature","properties":{"i":0.14},"geometry":{"type":"Point","coordinates":[-97.84424,32.41707]}},{"type":"Feature","properties":{"i":1},"geometry":{"type":"Point","coordinates":[-97.80029,32.41707]}},{"type":"Feature","properties":{"i":0.94},"geometry":{"type":"Point","coordinates":[-97.75635,32.41707]}},{"type":"Feature","properties":{"i":0.38},"geometry":{"type":"Point","coordinates":[-97.7124,32.41707]}},{"type":"Feature","properties":{"i":0.59},"geometry":{"type":"Point","coordinates":[-97.66846,32.41707]}},{"type":"Feature","properties":{"i":0.12},"geometry":{"type":"Point","coordinates":[-97.62451,32.41707]}},{"type":"Feature","properties":{"i":0.19},"geometry":{"type":"Point","coordinates":[-97.53662,32.41707]}},{"type":"Feature","properties":{"i":0.73},"geometry":{"type":"Point","coordinates":[-97.49268,32.41707]}},{"type":"Feature","properties":{"i":0.85},"geometry":{"type":"Point","coordinates":[-97.44873,32.41707]}},{"type":"Feature","properties":{"i":1},"geometry":{"type":"Point","coordinates":[-97.40479,32.41707]}},{"type":"Feature","properties":{"i":0.87},"geometry":{"type":"Point","coordinates":[-97.36084,32.41707]}},{"type":"Feature","properties":{"i":0.29},"geometry":{"type":"Point","coordinates":[-97.31689,32.41707]}},{"type":"Feature","properties":{"i":0.9},"geometry":{"type":"Point","coordinates":[-97.27295,32.41707]}},{"type":"Feature","properties":{"i":1},"geometry":{"type":"Point","coordinates":[-97.229,32.41707]}},{"type":"Feature","properties":{"i":1},"geometry":{"type":"Point","coordinates":[-97.18506,32.41707]}},{"type":"Feature","properties":{"i":0.96},"geometry":{"type":"Point","coordinates":[-97.14111,32.41707]}},{"type":"Feature","properties":{"i":0.92},"geometry":{"type":"Point","coordinates":[-97.09717,32.41707]}},{"type":"Feature","properties":{"i":1},"geometry":{"type":"Point","coordinates":[-97.05322,32.41707]}},{"type":"Feature","properties":{"i":0.93},"geometry":{"type":"Point","coordinates":[-97.00928,32.41707]}},{"type":"Feature","properties":{"i":0.78},"geometry":{"type":"Point","coordinates":[-96.96533,32.41707]}},{"type":"Feature","properties":{"i":0.68},"geometry":{"type":"Point","coordinates":[-96.92139,32.41707]}},{"type":"Feature","properties":{"i":1},"geometry":{"type":"Point","coordinates":[-96.87744,32.41707]}},{"type":"Feature","properties":{"i":1},"geometry":{"type":"Point","coordinates":[-96.8335,32.41707]}},{"type":"Feature","properties":{"i":0.98},"geometry":{"type":"Point","coordinates":[-96.78955,32.41707]}},{"type":"Feature","properties":{"i":0.49},"geometry":{"type":"Point","coordinates":[-96.74561,32.41707]}},{"type":"Feature","properties":{"i":0.35},"geometry":{"type":"Point","coordinates":[-96.70166,32.41707]}},{"type":"Feature","properties":{"i":0.68},"geometry":{"type":"Point","coordinates":[-96.65771,32.41707]}},{"type":"Feature","properties":{"i":0.25},"geometry":{"type":"Point","coordinates":[-96.61377,32.41707]}},{"type":"Feature","properties":{"i":0.38},"geometry":{"type":"Point","coordinates":[-96.43799,32.41707]}},{"type":"Feature","properties":{"i":0.09},"geometry":{"type":"Point","coordinates":[-96.39404,32.41707]}},{"type":"Feature","properties":{"i":0.32},"geometry":{"type":"Point","coordinates":[-96.3501,32.41707]}},{"type":"Feature","properties":{"i":0.12},"geometry":{"type":"Point","coordinates":[-96.30615,32.41707]}},{"type":"Feature","properties":{"i":0.5},"geometry":{"type":"Point","coordinates":[-96.21826,32.41707]}},{"type":"Feature","properties":{"i":0.64},"geometry":{"type":"Point","coordinates":[-96.17432,32.41707]}},{"type":"Feature","properties":{"i":0.19},"geometry":{"type":"Point","coordinates":[-96.08643,32.41707]}},{"type":"Feature","properties":{"i":0.19},"geometry":{"type":"Point","coordinates":[-96.04248,32.41707]}},{"type":"Feature","properties":{"i":0.02},"geometry":{"type":"Point","coordinates":[-95.8667,32.41707]}},{"type":"Feature","properties":{"i":0.21},"geometry":{"type":"Point","coordinates":[-95.77881,32.41707]}},{"type":"Feature","properties":{"i":0.19},"geometry":{"type":"Point","coordinates":[-98.15186,32.37996]}},{"type":"Feature","properties":{"i":0.68},"geometry":{"type":"Point","coordinates":[-97.93213,32.37996]}},{"type":"Feature","properties":{"i":0.27},"geometry":{"type":"Point","coordinates":[-97.88818,32.37996]}},{"type":"Feature","properties":{"i":0.04},"geometry":{"type":"Point","coordinates":[-97.84424,32.37996]}},{"type":"Feature","properties":{"i":0.57},"geometry":{"type":"Point","coordinates":[-97.80029,32.37996]}},{"type":"Feature","properties":{"i":0.41},"geometry":{"type":"Point","coordinates":[-97.75635,32.37996]}},{"type":"Feature","properties":{"i":0.9},"geometry":{"type":"Point","coordinates":[-97.7124,32.37996]}},{"type":"Feature","properties":{"i":0.55},"geometry":{"type":"Point","coordinates":[-97.66846,32.37996]}},{"type":"Feature","properties":{"i":0.33},"geometry":{"type":"Point","coordinates":[-97.62451,32.37996]}},{"type":"Feature","properties":{"i":0.11},"geometry":{"type":"Point","coordinates":[-97.49268,32.37996]}},{"type":"Feature","properties":{"i":0.51},"geometry":{"type":"Point","coordinates":[-97.44873,32.37996]}},{"type":"Feature","properties":{"i":1},"geometry":{"type":"Point","coordinates":[-97.40479,32.37996]}},{"type":"Feature","properties":{"i":0.93},"geometry":{"type":"Point","coordinates":[-97.36084,32.37996]}},{"type":"Feature","properties":{"i":0.9},"geometry":{"type":"Point","coordinates":[-97.31689,32.37996]}},{"type":"Feature","properties":{"i":0.83},"geometry":{"type":"Point","coordinates":[-97.27295,32.37996]}},{"type":"Feature","properties":{"i":0.76},"geometry":{"type":"Point","coordinates":[-97.229,32.37996]}},{"type":"Feature","properties":{"i":1},"geometry":{"type":"Point","coordinates":[-97.18506,32.37996]}},{"type":"Feature","properties":{"i":0.39},"geometry":{"type":"Point","coordinates":[-97.14111,32.37996]}},{"type":"Feature","properties":{"i":0.28},"geometry":{"type":"Point","coordinates":[-97.09717,32.37996]}},{"type":"Feature","properties":{"i":0.37},"geometry":{"type":"Point","coordinates":[-97.05322,32.37996]}},{"type":"Feature","properties":{"i":0.58},"geometry":{"type":"Point","coordinates":[-97.00928,32.37996]}},{"type":"Feature","properties":{"i":0.28},"geometry":{"type":"Point","coordinates":[-96.96533,32.37996]}},{"type":"Feature","properties":{"i":0.52},"geometry":{"type":"Point","coordinates":[-96.92139,32.37996]}},{"type":"Feature","properties":{"i":0.93},"geometry":{"type":"Point","coordinates":[-96.87744,32.37996]}},{"type":"Feature","properties":{"i":1},"geometry":{"type":"Point","coordinates":[-96.8335,32.37996]}},{"type":"Feature","properties":{"i":0.68},"geometry":{"type":"Point","coordinates":[-96.78955,32.37996]}},{"type":"Feature","properties":{"i":0.25},"geometry":{"type":"Point","coordinates":[-96.74561,32.37996]}},{"type":"Feature","properties":{"i":0.18},"geometry":{"type":"Point","coordinates":[-96.70166,32.37996]}},{"type":"Feature","properties":{"i":0.63},"geometry":{"type":"Point","coordinates":[-96.65771,32.37996]}},{"type":"Feature","properties":{"i":0.6},"geometry":{"type":"Point","coordinates":[-96.61377,32.37996]}},{"type":"Feature","properties":{"i":0.08},"geometry":{"type":"Point","coordinates":[-96.56982,32.37996]}},{"type":"Feature","properties":{"i":0.15},"geometry":{"type":"Point","coordinates":[-96.52588,32.37996]}},{"type":"Feature","properties":{"i":0.03},"geometry":{"type":"Point","coordinates":[-96.48193,32.37996]}},{"type":"Feature","properties":{"i":0.13},"geometry":{"type":"Point","coordinates":[-96.43799,32.37996]}},{"type":"Feature","properties":{"i":0.29},"geometry":{"type":"Point","coordinates":[-96.39404,32.37996]}},{"type":"Feature","properties":{"i":0.34},"geometry":{"type":"Point","coordinates":[-96.21826,32.37996]}},{"type":"Feature","properties":{"i":0.81},"geometry":{"type":"Point","coordinates":[-96.17432,32.37996]}},{"type":"Feature","properties":{"i":0.62},"geometry":{"type":"Point","coordinates":[-96.13037,32.37996]}},{"type":"Feature","properties":{"i":1},"geometry":{"type":"Point","coordinates":[-96.08643,32.37996]}},{"type":"Feature","properties":{"i":0.34},"geometry":{"type":"Point","coordinates":[-96.04248,32.37996]}},{"type":"Feature","properties":{"i":0.09},"geometry":{"type":"Point","coordinates":[-95.69092,32.37996]}},{"type":"Feature","properties":{"i":0.26},"geometry":{"type":"Point","coordinates":[-98.28369,32.34284]}},{"type":"Feature","properties":{"i":0.27},"geometry":{"type":"Point","coordinates":[-97.88818,32.34284]}},{"type":"Feature","properties":{"i":0.92},"geometry":{"type":"Point","coordinates":[-97.75635,32.34284]}},{"type":"Feature","properties":{"i":0.96},"geometry":{"type":"Point","coordinates":[-97.7124,32.34284]}},{"type":"Feature","properties":{"i":0.18},"geometry":{"type":"Point","coordinates":[-97.66846,32.34284]}},{"type":"Feature","properties":{"i":0.28},"geometry":{"type":"Point","coordinates":[-97.62451,32.34284]}},{"type":"Feature","properties":{"i":1},"geometry":{"type":"Point","coordinates":[-97.44873,32.34284]}},{"type":"Feature","properties":{"i":1},"geometry":{"type":"Point","coordinates":[-97.40479,32.34284]}},{"type":"Feature","properties":{"i":0.85},"geometry":{"type":"Point","coordinates":[-97.36084,32.34284]}},{"type":"Feature","properties":{"i":0.42},"geometry":{"type":"Point","coordinates":[-97.31689,32.34284]}},{"type":"Feature","properties":{"i":0.13},"geometry":{"type":"Point","coordinates":[-97.27295,32.34284]}},{"type":"Feature","properties":{"i":0.22},"geometry":{"type":"Point","coordinates":[-97.229,32.34284]}},{"type":"Feature","properties":{"i":0.51},"geometry":{"type":"Point","coordinates":[-97.18506,32.34284]}},{"type":"Feature","properties":{"i":0.36},"geometry":{"type":"Point","coordinates":[-97.05322,32.34284]}},{"type":"Feature","properties":{"i":0.16},"geometry":{"type":"Point","coordinates":[-97.00928,32.34284]}},{"type":"Feature","properties":{"i":0.47},"geometry":{"type":"Point","coordinates":[-96.96533,32.34284]}},{"type":"Feature","properties":{"i":0.63},"geometry":{"type":"Point","coordinates":[-96.92139,32.34284]}},{"type":"Feature","properties":{"i":0.38},"geometry":{"type":"Point","coordinates":[-96.87744,32.34284]}},{"type":"Feature","properties":{"i":0.46},"geometry":{"type":"Point","coordinates":[-96.8335,32.34284]}},{"type":"Feature","properties":{"i":0.57},"geometry":{"type":"Point","coordinates":[-96.78955,32.34284]}},{"type":"Feature","properties":{"i":0.78},"geometry":{"type":"Point","coordinates":[-96.74561,32.34284]}},{"type":"Feature","properties":{"i":0.38},"geometry":{"type":"Point","coordinates":[-96.70166,32.34284]}},{"type":"Feature","properties":{"i":1},"geometry":{"type":"Point","coordinates":[-96.65771,32.34284]}},{"type":"Feature","properties":{"i":1},"geometry":{"type":"Point","coordinates":[-96.61377,32.34284]}},{"type":"Feature","properties":{"i":0.52},"geometry":{"type":"Point","coordinates":[-96.56982,32.34284]}},{"type":"Feature","properties":{"i":0.3},"geometry":{"type":"Point","coordinates":[-96.52588,32.34284]}},{"type":"Feature","properties":{"i":0.11},"geometry":{"type":"Point","coordinates":[-96.48193,32.34284]}},{"type":"Feature","properties":{"i":0.02},"geometry":{"type":"Point","coordinates":[-96.3501,32.34284]}},{"type":"Feature","properties":{"i":0.46},"geometry":{"type":"Point","coordinates":[-96.21826,32.34284]}},{"type":"Feature","properties":{"i":0.28},"geometry":{"type":"Point","coordinates":[-96.17432,32.34284]}},{"type":"Feature","properties":{"i":0.59},"geometry":{"type":"Point","coordinates":[-96.13037,32.34284]}},{"type":"Feature","properties":{"i":1},"geometry":{"type":"Point","coordinates":[-96.08643,32.34284]}},{"type":"Feature","properties":{"i":0.15},"geometry":{"type":"Point","coordinates":[-98.1958,32.30571]}},{"type":"Feature","properties":{"i":1},"geometry":{"type":"Point","coordinates":[-97.80029,32.30571]}},{"type":"Feature","properties":{"i":1},"geometry":{"type":"Point","coordinates":[-97.75635,32.30571]}},{"type":"Feature","properties":{"i":0.18},"geometry":{"type":"Point","coordinates":[-97.7124,32.30571]}},{"type":"Feature","properties":{"i":1},"geometry":{"type":"Point","coordinates":[-97.44873,32.30571]}},{"type":"Feature","properties":{"i":0.78},"geometry":{"type":"Point","coordinates":[-97.40479,32.30571]}},{"type":"Feature","properties":{"i":0.84},"geometry":{"type":"Point","coordinates":[-97.36084,32.30571]}},{"type":"Feature","properties":{"i":0.23},"geometry":{"type":"Point","coordinates":[-97.31689,32.30571]}},{"type":"Feature","properties":{"i":0.12},"geometry":{"type":"Point","coordinates":[-97.27295,32.30571]}},{"type":"Feature","properties":{"i":0.1},"geometry":{"type":"Point","coordinates":[-97.229,32.30571]}},{"type":"Feature","properties":{"i":0.15},"geometry":{"type":"Point","coordinates":[-97.18506,32.30571]}},{"type":"Feature","properties":{"i":0.15},"geometry":{"type":"Point","coordinates":[-97.14111,32.30571]}},{"type":"Feature","properties":{"i":0.67},"geometry":{"type":"Point","coordinates":[-97.00928,32.30571]}},{"type":"Feature","properties":{"i":0.3},"geometry":{"type":"Point","coordinates":[-96.96533,32.30571]}},{"type":"Feature","properties":{"i":0.25},"geometry":{"type":"Point","coordinates":[-96.92139,32.30571]}},{"type":"Feature","properties":{"i":0.25},"geometry":{"type":"Point","coordinates":[-96.87744,32.30571]}},{"type":"Feature","properties":{"i":0.64},"geometry":{"type":"Point","coordinates":[-96.8335,32.30571]}},{"type":"Feature","properties":{"i":0.08},"geometry":{"type":"Point","coordinates":[-96.78955,32.30571]}},{"type":"Feature","properties":{"i":0.27},"geometry":{"type":"Point","coordinates":[-96.74561,32.30571]}},{"type":"Feature","properties":{"i":0.82},"geometry":{"type":"Point","coordinates":[-96.70166,32.30571]}},{"type":"Feature","properties":{"i":1},"geometry":{"type":"Point","coordinates":[-96.65771,32.30571]}},{"type":"Feature","properties":{"i":1},"geometry":{"type":"Point","coordinates":[-96.61377,32.30571]}},{"type":"Feature","properties":{"i":1},"geometry":{"type":"Point","coordinates":[-96.56982,32.30571]}},{"type":"Feature","properties":{"i":0.15},"geometry":{"type":"Point","coordinates":[-96.52588,32.30571]}},{"type":"Feature","properties":{"i":0.18},"geometry":{"type":"Point","coordinates":[-96.48193,32.30571]}},{"type":"Feature","properties":{"i":0.12},"geometry":{"type":"Point","coordinates":[-96.43799,32.30571]}},{"type":"Feature","properties":{"i":0.91},"geometry":{"type":"Point","coordinates":[-96.21826,32.30571]}},{"type":"Feature","properties":{"i":0.33},"geometry":{"type":"Point","coordinates":[-96.17432,32.30571]}},{"type":"Feature","properties":{"i":1},"geometry":{"type":"Point","coordinates":[-96.13037,32.30571]}},{"type":"Feature","properties":{"i":1},"geometry":{"type":"Point","coordinates":[-96.08643,32.30571]}},{"type":"Feature","properties":{"i":0.35},"geometry":{"type":"Point","coordinates":[-96.04248,32.30571]}},{"type":"Feature","properties":{"i":0.59},"geometry":{"type":"Point","coordinates":[-95.99854,32.30571]}},{"type":"Feature","properties":{"i":0.28},"geometry":{"type":"Point","coordinates":[-95.82275,32.30571]}},{"type":"Feature","properties":{"i":0.31},"geometry":{"type":"Point","coordinates":[-95.64697,32.30571]}},{"type":"Feature","properties":{"i":0.19},"geometry":{"type":"Point","coordinates":[-98.28369,32.26856]}},{"type":"Feature","properties":{"i":0.07},"geometry":{"type":"Point","coordinates":[-98.23975,32.26856]}},{"type":"Feature","properties":{"i":0.93},"geometry":{"type":"Point","coordinates":[-98.1958,32.26856]}},{"type":"Feature","properties":{"i":0.3},"geometry":{"type":"Point","coordinates":[-98.15186,32.26856]}},{"type":"Feature","properties":{"i":0.26},"geometry":{"type":"Point","coordinates":[-98.10791,32.26856]}},{"type":"Feature","properties":{"i":0.18},"geometry":{"type":"Point","coordinates":[-97.80029,32.26856]}},{"type":"Feature","properties":{"i":0.34},"geometry":{"type":"Point","coordinates":[-97.75635,32.26856]}},{"type":"Feature","properties":{"i":0.47},"geometry":{"type":"Point","coordinates":[-97.7124,32.26856]}},{"type":"Feature","properties":{"i":0.12},"geometry":{"type":"Point","coordinates":[-97.66846,32.26856]}},{"type":"Feature","properties":{"i":0.49},"geometry":{"type":"Point","coordinates":[-97.53662,32.26856]}},{"type":"Feature","properties":{"i":0.34},"geometry":{"type":"Point","coordinates":[-97.44873,32.26856]}},{"type":"Feature","properties":{"i":0.21},"geometry":{"type":"Point","coordinates":[-97.40479,32.26856]}},{"type":"Feature","properties":{"i":0.19},"geometry":{"type":"Point","coordinates":[-97.36084,32.26856]}},{"type":"Feature","properties":{"i":0.05},"geometry":{"type":"Point","coordinates":[-97.229,32.26856]}},{"type":"Feature","properties":{"i":0.84},"geometry":{"type":"Point","coordinates":[-97.18506,32.26856]}},{"type":"Feature","properties":{"i":0.33},"geometry":{"type":"Point","coordinates":[-97.14111,32.26856]}},{"type":"Feature","properties":{"i":0.04},"geometry":{"type":"Point","coordinates":[-97.00928,32.26856]}},{"type":"Feature","properties":{"i":0.22},"geometry":{"type":"Point","coordinates":[-96.87744,32.26856]}},{"type":"Feature","properties":{"i":0.15},"geometry":{"type":"Point","coordinates":[-96.74561,32.26856]}},{"type":"Feature","properties":{"i":0.4},"geometry":{"type":"Point","coordinates":[-96.70166,32.26856]}},{"type":"Feature","properties":{"i":0.22},"geometry":{"type":"Point","coordinates":[-96.65771,32.26856]}},{"type":"Feature","properties":{"i":0.86},"geometry":{"type":"Point","coordinates":[-96.61377,32.26856]}},{"type":"Feature","properties":{"i":1},"geometry":{"type":"Point","coordinates":[-96.56982,32.26856]}},{"type":"Feature","properties":{"i":0.75},"geometry":{"type":"Point","coordinates":[-96.52588,32.26856]}},{"type":"Feature","properties":{"i":0.14},"geometry":{"type":"Point","coordinates":[-96.48193,32.26856]}},{"type":"Feature","properties":{"i":0.18},"geometry":{"type":"Point","coordinates":[-96.43799,32.26856]}},{"type":"Feature","properties":{"i":0.45},"geometry":{"type":"Point","coordinates":[-96.17432,32.26856]}},{"type":"Feature","properties":{"i":0.38},"geometry":{"type":"Point","coordinates":[-96.13037,32.26856]}},{"type":"Feature","properties":{"i":0.33},"geometry":{"type":"Point","coordinates":[-96.08643,32.26856]}},{"type":"Feature","properties":{"i":0.3},"geometry":{"type":"Point","coordinates":[-96.04248,32.26856]}},{"type":"Feature","properties":{"i":0.08},"geometry":{"type":"Point","coordinates":[-95.95459,32.26856]}},{"type":"Feature","properties":{"i":0.09},"geometry":{"type":"Point","coordinates":[-95.73486,32.26856]}},{"type":"Feature","properties":{"i":0.08},"geometry":{"type":"Point","coordinates":[-95.69092,32.26856]}},{"type":"Feature","properties":{"i":0.18},"geometry":{"type":"Point","coordinates":[-95.64697,32.26856]}},{"type":"Feature","properties":{"i":0.02},"geometry":{"type":"Point","coordinates":[-98.41553,32.23139]}},{"type":"Feature","properties":{"i":1},"geometry":{"type":"Point","coordinates":[-98.23975,32.23139]}},{"type":"Feature","properties":{"i":1},"geometry":{"type":"Point","coordinates":[-98.1958,32.23139]}},{"type":"Feature","properties":{"i":0.39},"geometry":{"type":"Point","coordinates":[-98.15186,32.23139]}},{"type":"Feature","properties":{"i":0.93},"geometry":{"type":"Point","coordinates":[-97.75635,32.23139]}},{"type":"Feature","properties":{"i":0.64},"geometry":{"type":"Point","coordinates":[-97.7124,32.23139]}},{"type":"Feature","properties":{"i":0.37},"geometry":{"type":"Point","coordinates":[-97.66846,32.23139]}},{"type":"Feature","properties":{"i":1},"geometry":{"type":"Point","coordinates":[-97.53662,32.23139]}},{"type":"Feature","properties":{"i":0.72},"geometry":{"type":"Point","coordinates":[-97.36084,32.23139]}},{"type":"Feature","properties":{"i":0.25},"geometry":{"type":"Point","coordinates":[-97.27295,32.23139]}},{"type":"Feature","properties":{"i":0.02},"geometry":{"type":"Point","coordinates":[-96.92139,32.23139]}},{"type":"Feature","properties":{"i":0.26},"geometry":{"type":"Point","coordinates":[-96.87744,32.23139]}},{"type":"Feature","properties":{"i":0.44},"geometry":{"type":"Point","coordinates":[-96.70166,32.23139]}},{"type":"Feature","properties":{"i":0.09},"geometry":{"type":"Point","coordinates":[-96.65771,32.23139]}},{"type":"Feature","properties":{"i":0.1},"geometry":{"type":"Point","coordinates":[-96.52588,32.23139]}},{"type":"Feature","properties":{"i":0.69},"geometry":{"type":"Point","coordinates":[-96.48193,32.23139]}},{"type":"Feature","properties":{"i":0.27},"geometry":{"type":"Point","coordinates":[-96.43799,32.23139]}},{"type":"Feature","properties":{"i":0.02},"geometry":{"type":"Point","coordinates":[-96.39404,32.23139]}},{"type":"Feature","properties":{"i":0.28},"geometry":{"type":"Point","coordinates":[-96.3501,32.23139]}},{"type":"Feature","properties":{"i":0.31},"geometry":{"type":"Point","coordinates":[-96.17432,32.23139]}},{"type":"Feature","properties":{"i":1},"geometry":{"type":"Point","coordinates":[-96.13037,32.23139]}},{"type":"Feature","properties":{"i":0.31},"geometry":{"type":"Point","coordinates":[-96.08643,32.23139]}},{"type":"Feature","properties":{"i":0.61},"geometry":{"type":"Point","coordinates":[-96.04248,32.23139]}},{"type":"Feature","properties":{"i":0.34},"geometry":{"type":"Point","coordinates":[-95.99854,32.23139]}},{"type":"Feature","properties":{"i":0.19},"geometry":{"type":"Point","coordinates":[-95.91064,32.23139]}},{"type":"Feature","properties":{"i":0.61},"geometry":{"type":"Point","coordinates":[-95.8667,32.23139]}},{"type":"Feature","properties":{"i":1},"geometry":{"type":"Point","coordinates":[-95.82275,32.23139]}},{"type":"Feature","properties":{"i":0.67},"geometry":{"type":"Point","coordinates":[-95.77881,32.23139]}},{"type":"Feature","properties":{"i":0.08},"geometry":{"type":"Point","coordinates":[-95.73486,32.23139]}},{"type":"Feature","properties":{"i":0.13},"geometry":{"type":"Point","coordinates":[-98.28369,32.19421]}},{"type":"Feature","properties":{"i":1},"geometry":{"type":"Point","coordinates":[-98.23975,32.19421]}},{"type":"Feature","properties":{"i":1},"geometry":{"type":"Point","coordinates":[-98.1958,32.19421]}},{"type":"Feature","properties":{"i":0.3},"geometry":{"type":"Point","coordinates":[-98.15186,32.19421]}},{"type":"Feature","properties":{"i":0.02},"geometry":{"type":"Point","coordinates":[-97.66846,32.19421]}},{"type":"Feature","properties":{"i":0.11},"geometry":{"type":"Point","coordinates":[-97.27295,32.19421]}},{"type":"Feature","properties":{"i":0.45},"geometry":{"type":"Point","coordinates":[-97.09717,32.19421]}},{"type":"Feature","properties":{"i":0.19},"geometry":{"type":"Point","coordinates":[-97.05322,32.19421]}},{"type":"Feature","properties":{"i":0.05},"geometry":{"type":"Point","coordinates":[-96.92139,32.19421]}},{"type":"Feature","properties":{"i":1},"geometry":{"type":"Point","coordinates":[-96.87744,32.19421]}},{"type":"Feature","properties":{"i":0.49},"geometry":{"type":"Point","coordinates":[-96.78955,32.19421]}},{"type":"Feature","properties":{"i":0.6},"geometry":{"type":"Point","coordinates":[-96.48193,32.19421]}},{"type":"Feature","properties":{"i":0.17},"geometry":{"type":"Point","coordinates":[-96.43799,32.19421]}},{"type":"Feature","properties":{"i":0.51},"geometry":{"type":"Point","coordinates":[-96.08643,32.19421]}},{"type":"Feature","properties":{"i":0.19},"geometry":{"type":"Point","coordinates":[-96.04248,32.19421]}},{"type":"Feature","properties":{"i":0.33},"geometry":{"type":"Point","coordinates":[-95.99854,32.19421]}},{"type":"Feature","properties":{"i":0.38},"geometry":{"type":"Point","coordinates":[-95.95459,32.19421]}},{"type":"Feature","properties":{"i":0.33},"geometry":{"type":"Point","coordinates":[-95.91064,32.19421]}},{"type":"Feature","properties":{"i":1},"geometry":{"type":"Point","coordinates":[-95.8667,32.19421]}},{"type":"Feature","properties":{"i":1},"geometry":{"type":"Point","coordinates":[-95.82275,32.19421]}},{"type":"Feature","properties":{"i":0.37},"geometry":{"type":"Point","coordinates":[-95.77881,32.19421]}},{"type":"Feature","properties":{"i":0.09},"geometry":{"type":"Point","coordinates":[-95.73486,32.19421]}},{"type":"Feature","properties":{"i":0.5},"geometry":{"type":"Point","coordinates":[-98.28369,32.15701]}},{"type":"Feature","properties":{"i":0.26},"geometry":{"type":"Point","coordinates":[-98.15186,32.15701]}},{"type":"Feature","properties":{"i":0.11},"geometry":{"type":"Point","coordinates":[-97.49268,32.15701]}},{"type":"Feature","properties":{"i":0.23},"geometry":{"type":"Point","coordinates":[-97.27295,32.15701]}},{"type":"Feature","properties":{"i":0.24},"geometry":{"type":"Point","coordinates":[-97.229,32.15701]}},{"type":"Feature","properties":{"i":0.76},"geometry":{"type":"Point","coordinates":[-97.14111,32.15701]}},{"type":"Feature","properties":{"i":0.07},"geometry":{"type":"Point","coordinates":[-96.92139,32.15701]}},{"type":"Feature","properties":{"i":0.91},"geometry":{"type":"Point","coordinates":[-96.87744,32.15701]}},{"type":"Feature","properties":{"i":0.02},"geometry":{"type":"Point","coordinates":[-96.56982,32.15701]}},{"type":"Feature","properties":{"i":0.19},"geometry":{"type":"Point","coordinates":[-96.48193,32.15701]}},{"type":"Feature","properties":{"i":0.07},"geometry":{"type":"Point","coordinates":[-96.17432,32.15701]}},{"type":"Feature","properties":{"i":0.63},"geometry":{"type":"Point","coordinates":[-96.04248,32.15701]}},{"type":"Feature","properties":{"i":1},"geometry":{"type":"Point","coordinates":[-95.99854,32.15701]}},{"type":"Feature","properties":{"i":0.1},"geometry":{"type":"Point","coordinates":[-95.95459,32.15701]}},{"type":"Feature","properties":{"i":0.12},"geometry":{"type":"Point","coordinates":[-95.91064,32.15701]}},{"type":"Feature","properties":{"i":0.34},"geometry":{"type":"Point","coordinates":[-95.8667,32.15701]}},{"type":"Feature","properties":{"i":1},"geometry":{"type":"Point","coordinates":[-95.82275,32.15701]}},{"type":"Feature","properties":{"i":0.33},"geometry":{"type":"Point","coordinates":[-95.77881,32.15701]}},{"type":"Feature","properties":{"i":0.34},"geometry":{"type":"Point","coordinates":[-98.41553,32.1198]}},{"type":"Feature","properties":{"i":0.45},"geometry":{"type":"Point","coordinates":[-98.32764,32.1198]}},{"type":"Feature","properties":{"i":0.44},"geometry":{"type":"Point","coordinates":[-98.06396,32.1198]}},{"type":"Feature","properties":{"i":0.05},"geometry":{"type":"Point","coordinates":[-97.40479,32.1198]}},{"type":"Feature","properties":{"i":0.7},"geometry":{"type":"Point","coordinates":[-97.36084,32.1198]}},{"type":"Feature","properties":{"i":0.29},"geometry":{"type":"Point","coordinates":[-97.31689,32.1198]}},{"type":"Feature","properties":{"i":0.19},"geometry":{"type":"Point","coordinates":[-97.05322,32.1198]}},{"type":"Feature","properties":{"i":0.1},"geometry":{"type":"Point","coordinates":[-97.00928,32.1198]}},{"type":"Feature","properties":{"i":1},"geometry":{"type":"Point","coordinates":[-96.96533,32.1198]}},{"type":"Feature","properties":{"i":0.33},"geometry":{"type":"Point","coordinates":[-96.92139,32.1198]}},{"type":"Feature","properties":{"i":0.07},"geometry":{"type":"Point","coordinates":[-96.61377,32.1198]}},{"type":"Feature","properties":{"i":0.15},"geometry":{"type":"Point","coordinates":[-96.56982,32.1198]}},{"type":"Feature","properties":{"i":0.77},"geometry":{"type":"Point","coordinates":[-96.48193,32.1198]}},{"type":"Feature","properties":{"i":0.64},"geometry":{"type":"Point","coordinates":[-96.43799,32.1198]}},{"type":"Feature","properties":{"i":0.3},"geometry":{"type":"Point","coordinates":[-96.39404,32.1198]}},{"type":"Feature","properties":{"i":0.15},"geometry":{"type":"Point","coordinates":[-96.30615,32.1198]}},{"type":"Feature","properties":{"i":0.3},"geometry":{"type":"Point","coordinates":[-96.26221,32.1198]}},{"type":"Feature","properties":{"i":0.93},"geometry":{"type":"Point","coordinates":[-96.21826,32.1198]}},{"type":"Feature","properties":{"i":0.41},"geometry":{"type":"Point","coordinates":[-95.95459,32.1198]}},{"type":"Feature","properties":{"i":0.3},"geometry":{"type":"Point","coordinates":[-95.69092,32.1198]}},{"type":"Feature","properties":{"i":0.17},"geometry":{"type":"Point","coordinates":[-98.41553,32.08257]}},{"type":"Feature","properties":{"i":0.52},"geometry":{"type":"Point","coordinates":[-98.37158,32.08257]}},{"type":"Feature","properties":{"i":0.83},"geometry":{"type":"Point","coordinates":[-98.32764,32.08257]}},{"type":"Feature","properties":{"i":0.76},"geometry":{"type":"Point","coordinates":[-97.40479,32.08257]}},{"type":"Feature","properties":{"i":0.14},"geometry":{"type":"Point","coordinates":[-97.36084,32.08257]}},{"type":"Feature","properties":{"i":0.67},"geometry":{"type":"Point","coordinates":[-97.05322,32.08257]}},{"type":"Feature","properties":{"i":0.4},"geometry":{"type":"Point","coordinates":[-97.00928,32.08257]}},{"type":"Feature","properties":{"i":0.69},"geometry":{"type":"Point","coordinates":[-96.78955,32.08257]}},{"type":"Feature","properties":{"i":0.58},"geometry":{"type":"Point","coordinates":[-96.70166,32.08257]}},{"type":"Feature","properties":{"i":0.17},"geometry":{"type":"Point","coordinates":[-96.61377,32.08257]}},{"type":"Feature","properties":{"i":0.91},"geometry":{"type":"Point","coordinates":[-96.52588,32.08257]}},{"type":"Feature","properties":{"i":1},"geometry":{"type":"Point","coordinates":[-96.48193,32.08257]}},{"type":"Feature","properties":{"i":1},"geometry":{"type":"Point","coordinates":[-96.43799,32.08257]}},{"type":"Feature","properties":{"i":0.78},"geometry":{"type":"Point","coordinates":[-96.39404,32.08257]}},{"type":"Feature","properties":{"i":0.11},"geometry":{"type":"Point","coordinates":[-96.3501,32.08257]}},{"type":"Feature","properties":{"i":0.12},"geometry":{"type":"Point","coordinates":[-95.64697,32.08257]}},{"type":"Feature","properties":{"i":0.09},"geometry":{"type":"Point","coordinates":[-98.37158,32.04533]}},{"type":"Feature","properties":{"i":0.25},"geometry":{"type":"Point","coordinates":[-98.28369,32.04533]}},{"type":"Feature","properties":{"i":0.25},"geometry":{"type":"Point","coordinates":[-98.06396,32.04533]}},{"type":"Feature","properties":{"i":0.48},"geometry":{"type":"Point","coordinates":[-97.75635,32.04533]}},{"type":"Feature","properties":{"i":0.13},"geometry":{"type":"Point","coordinates":[-97.36084,32.04533]}},{"type":"Feature","properties":{"i":0.04},"geometry":{"type":"Point","coordinates":[-97.229,32.04533]}},{"type":"Feature","properties":{"i":0.1},"geometry":{"type":"Point","coordinates":[-97.14111,32.04533]}},{"type":"Feature","properties":{"i":1},"geometry":{"type":"Point","coordinates":[-97.09717,32.04533]}},{"type":"Feature","properties":{"i":0.14},"geometry":{"type":"Point","coordinates":[-97.05322,32.04533]}},{"type":"Feature","properties":{"i":0.27},"geometry":{"type":"Point","coordinates":[-96.87744,32.04533]}},{"type":"Feature","properties":{"i":0.66},"geometry":{"type":"Point","coordinates":[-96.52588,32.04533]}},{"type":"Feature","properties":{"i":0.5},"geometry":{"type":"Point","coordinates":[-96.48193,32.04533]}},{"type":"Feature","properties":{"i":0.96},"geometry":{"type":"Point","coordinates":[-96.43799,32.04533]}},{"type":"Feature","properties":{"i":0.37},"geometry":{"type":"Point","coordinates":[-96.39404,32.04533]}},{"type":"Feature","properties":{"i":0.29},"geometry":{"type":"Point","coordinates":[-96.3501,32.04533]}},{"type":"Feature","properties":{"i":0.07},"geometry":{"type":"Point","coordinates":[-95.95459,32.04533]}},{"type":"Feature","properties":{"i":0.44},"geometry":{"type":"Point","coordinates":[-97.62451,32.00808]}},{"type":"Feature","properties":{"i":0.28},"geometry":{"type":"Point","coordinates":[-97.58057,32.00808]}},{"type":"Feature","properties":{"i":0.11},"geometry":{"type":"Point","coordinates":[-97.49268,32.00808]}},{"type":"Feature","properties":{"i":0.12},"geometry":{"type":"Point","coordinates":[-97.40479,32.00808]}},{"type":"Feature","properties":{"i":0.57},"geometry":{"type":"Point","coordinates":[-97.36084,32.00808]}},{"type":"Feature","properties":{"i":1},"geometry":{"type":"Point","coordinates":[-97.14111,32.00808]}},{"type":"Feature","properties":{"i":1},"geometry":{"type":"Point","coordinates":[-97.09717,32.00808]}},{"type":"Feature","properties":{"i":0.6},"geometry":{"type":"Point","coordinates":[-97.05322,32.00808]}},{"type":"Feature","properties":{"i":0.3},"geometry":{"type":"Point","coordinates":[-96.43799,32.00808]}},{"type":"Feature","properties":{"i":0.39},"geometry":{"type":"Point","coordinates":[-96.39404,32.00808]}},{"type":"Feature","properties":{"i":0.15},"geometry":{"type":"Point","coordinates":[-96.3501,32.00808]}},{"type":"Feature","properties":{"i":0.11},"geometry":{"type":"Point","coordinates":[-96.30615,32.00808]}},{"type":"Feature","properties":{"i":0.25},"geometry":{"type":"Point","coordinates":[-96.26221,32.00808]}},{"type":"Feature","properties":{"i":0.13},"geometry":{"type":"Point","coordinates":[-96.21826,32.00808]}},{"type":"Feature","properties":{"i":0.23},"geometry":{"type":"Point","coordinates":[-98.41553,31.9708]}},{"type":"Feature","properties":{"i":0.17},"geometry":{"type":"Point","coordinates":[-98.23975,31.9708]}},{"type":"Feature","properties":{"i":0.69},"geometry":{"type":"Point","coordinates":[-98.02002,31.9708]}},{"type":"Feature","properties":{"i":0.47},"geometry":{"type":"Point","coordinates":[-97.88818,31.9708]}},{"type":"Feature","properties":{"i":0.08},"geometry":{"type":"Point","coordinates":[-97.84424,31.9708]}},{"type":"Feature","properties":{"i":0.05},"geometry":{"type":"Point","coordinates":[-97.40479,31.9708]}},{"type":"Feature","properties":{"i":0.57},"geometry":{"type":"Point","coordinates":[-97.36084,31.9708]}},{"type":"Feature","properties":{"i":0.71},"geometry":{"type":"Point","coordinates":[-97.31689,31.9708]}},{"type":"Feature","properties":{"i":0.33},"geometry":{"type":"Point","coordinates":[-97.27295,31.9708]}},{"type":"Feature","properties":{"i":0.56},"geometry":{"type":"Point","coordinates":[-97.14111,31.9708]}},{"type":"Feature","properties":{"i":0.53},"geometry":{"type":"Point","coordinates":[-97.09717,31.9708]}},{"type":"Feature","properties":{"i":0.08},"geometry":{"type":"Point","coordinates":[-97.00928,31.9708]}},{"type":"Feature","properties":{"i":0.08},"geometry":{"type":"Point","coordinates":[-96.92139,31.9708]}},{"type":"Feature","properties":{"i":0.02},"geometry":{"type":"Point","coordinates":[-96.70166,31.9708]}},{"type":"Feature","properties":{"i":0.14},"geometry":{"type":"Point","coordinates":[-96.65771,31.9708]}},{"type":"Feature","properties":{"i":0.03},"geometry":{"type":"Point","coordinates":[-96.52588,31.9708]}},{"type":"Feature","properties":{"i":0.63},"geometry":{"type":"Point","coordinates":[-96.43799,31.9708]}},{"type":"Feature","properties":{"i":0.27},"geometry":{"type":"Point","coordinates":[-96.21826,31.9708]}},{"type":"Feature","properties":{"i":0.07},"geometry":{"type":"Point","coordinates":[-96.13037,31.9708]}},{"type":"Feature","properties":{"i":0.04},"geometry":{"type":"Point","coordinates":[-95.77881,31.9708]}},{"type":"Feature","properties":{"i":0.1},"geometry":{"type":"Point","coordinates":[-95.60303,34.25268]}},{"type":"Feature","properties":{"i":0.11},"geometry":{"type":"Point","coordinates":[-94.81201,34.25268]}},{"type":"Feature","properties":{"i":0.72},"geometry":{"type":"Point","coordinates":[-95.60303,34.21634]}},{"type":"Feature","properties":{"i":0.68},"geometry":{"type":"Point","coordinates":[-95.60303,34.18]}},{"type":"Feature","properties":{"i":0.19},"geometry":{"type":"Point","coordinates":[-95.55908,34.18]}},{"type":"Feature","properties":{"i":0.29},"geometry":{"type":"Point","coordinates":[-95.47119,34.18]}},{"type":"Feature","properties":{"i":0.28},"geometry":{"type":"Point","coordinates":[-95.42725,34.18]}},{"type":"Feature","properties":{"i":0.31},"geometry":{"type":"Point","coordinates":[-95.3833,34.18]}},{"type":"Feature","properties":{"i":0.81},"geometry":{"type":"Point","coordinates":[-95.3833,34.10726]}},{"type":"Feature","properties":{"i":0.83},"geometry":{"type":"Point","coordinates":[-95.33936,34.10726]}},{"type":"Feature","properties":{"i":0.72},"geometry":{"type":"Point","coordinates":[-94.98779,34.07086]}},{"type":"Feature","properties":{"i":0.09},"geometry":{"type":"Point","coordinates":[-94.94385,34.07086]}},{"type":"Feature","properties":{"i":0.22},"geometry":{"type":"Point","coordinates":[-94.85596,34.07086]}},{"type":"Feature","properties":{"i":0.35},"geometry":{"type":"Point","coordinates":[-95.51514,34.03445]}},{"type":"Feature","properties":{"i":0.16},"geometry":{"type":"Point","coordinates":[-95.3833,34.03445]}},{"type":"Feature","properties":{"i":0.23},"geometry":{"type":"Point","coordinates":[-95.33936,34.03445]}},{"type":"Feature","properties":{"i":0.63},"geometry":{"type":"Point","coordinates":[-95.29541,34.03445]}},{"type":"Feature","properties":{"i":0.42},"geometry":{"type":"Point","coordinates":[-95.25146,34.03445]}},{"type":"Feature","properties":{"i":1},"geometry":{"type":"Point","coordinates":[-95.51514,33.99803]}},{"type":"Feature","properties":{"i":1},"geometry":{"type":"Point","coordinates":[-95.47119,33.99803]}},{"type":"Feature","properties":{"i":0.35},"geometry":{"type":"Point","coordinates":[-95.3833,33.99803]}},{"type":"Feature","properties":{"i":0.13},"geometry":{"type":"Point","coordinates":[-95.33936,33.99803]}},{"type":"Feature","properties":{"i":0.82},"geometry":{"type":"Point","coordinates":[-95.29541,33.99803]}},{"type":"Feature","properties":{"i":0.42},"geometry":{"type":"Point","coordinates":[-95.25146,33.99803]}},{"type":"Feature","properties":{"i":1},"geometry":{"type":"Point","coordinates":[-95.11963,33.99803]}},{"type":"Feature","properties":{"i":0.81},"geometry":{"type":"Point","coordinates":[-95.07568,33.99803]}},{"type":"Feature","properties":{"i":0.32},"geometry":{"type":"Point","coordinates":[-95.03174,33.99803]}},{"type":"Feature","properties":{"i":0.5},"geometry":{"type":"Point","coordinates":[-94.98779,33.99803]}},{"type":"Feature","properties":{"i":0.08},"geometry":{"type":"Point","coordinates":[-95.55908,33.96159]}},{"type":"Feature","properties":{"i":0.15},"geometry":{"type":"Point","coordinates":[-95.51514,33.96159]}},{"type":"Feature","properties":{"i":0.61},"geometry":{"type":"Point","coordinates":[-94.94385,33.96159]}},{"type":"Feature","properties":{"i":1},"geometry":{"type":"Point","coordinates":[-95.51514,33.92513]}},{"type":"Feature","properties":{"i":0.15},"geometry":{"type":"Point","coordinates":[-94.94385,33.92513]}},{"type":"Feature","properties":{"i":0.02},"geometry":{"type":"Point","coordinates":[-94.8999,33.92513]}},{"type":"Feature","properties":{"i":0.74},"geometry":{"type":"Point","coordinates":[-94.85596,33.92513]}},{"type":"Feature","properties":{"i":0.11},"geometry":{"type":"Point","coordinates":[-94.81201,33.92513]}},{"type":"Feature","properties":{"i":0.84},"geometry":{"type":"Point","coordinates":[-94.85596,33.88866]}},{"type":"Feature","properties":{"i":1},"geometry":{"type":"Point","coordinates":[-94.81201,33.88866]}},{"type":"Feature","properties":{"i":0.02},"geometry":{"type":"Point","coordinates":[-95.51514,33.85217]}},{"type":"Feature","properties":{"i":0.08},"geometry":{"type":"Point","coordinates":[-95.20752,33.85217]}},{"type":"Feature","properties":{"i":0.26},"geometry":{"type":"Point","coordinates":[-95.07568,33.85217]}},{"type":"Feature","properties":{"i":0.37},"geometry":{"type":"Point","coordinates":[-95.03174,33.85217]}},{"type":"Feature","properties":{"i":0.38},"geometry":{"type":"Point","coordinates":[-94.81201,33.85217]}},{"type":"Feature","properties":{"i":0.32},"geometry":{"type":"Point","coordinates":[-95.51514,33.81567]}},{"type":"Feature","properties":{"i":0.18},"geometry":{"type":"Point","coordinates":[-94.81201,33.81567]}},{"type":"Feature","properties":{"i":0.03},"geometry":{"type":"Point","coordinates":[-95.55908,33.77915]}},{"type":"Feature","properties":{"i":0.7},"geometry":{"type":"Point","coordinates":[-95.51514,33.77915]}},{"type":"Feature","properties":{"i":0.11},"geometry":{"type":"Point","coordinates":[-95.55908,33.74261]}},{"type":"Feature","properties":{"i":0.22},"geometry":{"type":"Point","coordinates":[-95.51514,33.74261]}},{"type":"Feature","properties":{"i":0.1},"geometry":{"type":"Point","coordinates":[-95.3833,33.74261]}},{"type":"Feature","properties":{"i":0.62},"geometry":{"type":"Point","coordinates":[-95.55908,33.70606]}},{"type":"Feature","properties":{"i":0.21},"geometry":{"type":"Point","coordinates":[-95.51514,33.70606]}},{"type":"Feature","properties":{"i":0.46},"geometry":{"type":"Point","coordinates":[-95.47119,33.70606]}},{"type":"Feature","properties":{"i":0.05},"geometry":{"type":"Point","coordinates":[-95.07568,33.70606]}},{"type":"Feature","properties":{"i":0.85},"geometry":{"type":"Point","coordinates":[-95.60303,33.6695]}},{"type":"Feature","properties":{"i":1},"geometry":{"type":"Point","coordinates":[-95.55908,33.6695]}},{"type":"Feature","properties":{"i":1},"geometry":{"type":"Point","coordinates":[-95.51514,33.6695]}},{"type":"Feature","properties":{"i":0.73},"geometry":{"type":"Point","coordinates":[-95.47119,33.6695]}},{"type":"Feature","properties":{"i":0.8},"geometry":{"type":"Point","coordinates":[-95.42725,33.6695]}},{"type":"Feature","properties":{"i":0.61},"geometry":{"type":"Point","coordinates":[-95.3833,33.6695]}},{"type":"Feature","properties":{"i":0.03},"geometry":{"type":"Point","coordinates":[-95.33936,33.6695]}},{"type":"Feature","properties":{"i":0.22},"geometry":{"type":"Point","coordinates":[-95.29541,33.6695]}},{"type":"Feature","properties":{"i":0.42},"geometry":{"type":"Point","coordinates":[-95.25146,33.6695]}},{"type":"Feature","properties":{"i":1},"geometry":{"type":"Point","coordinates":[-95.60303,33.63292]}},{"type":"Feature","properties":{"i":1},"geometry":{"type":"Point","coordinates":[-95.55908,33.63292]}},{"type":"Feature","properties":{"i":0.91},"geometry":{"type":"Point","coordinates":[-95.51514,33.63292]}},{"type":"Feature","properties":{"i":0.39},"geometry":{"type":"Point","coordinates":[-95.47119,33.63292]}},{"type":"Feature","properties":{"i":0.16},"geometry":{"type":"Point","coordinates":[-95.42725,33.63292]}},{"type":"Feature","properties":{"i":0.04},"geometry":{"type":"Point","coordinates":[-95.3833,33.63292]}},{"type":"Feature","properties":{"i":0.09},"geometry":{"type":"Point","coordinates":[-95.25146,33.63292]}},{"type":"Feature","properties":{"i":0.02},"geometry":{"type":"Point","coordinates":[-95.03174,33.63292]}},{"type":"Feature","properties":{"i":0.05},"geometry":{"type":"Point","coordinates":[-95.55908,33.59632]}},{"type":"Feature","properties":{"i":0.02},"geometry":{"type":"Point","coordinates":[-95.47119,33.59632]}},{"type":"Feature","properties":{"i":0.47},"geometry":{"type":"Point","coordinates":[-95.07568,33.59632]}},{"type":"Feature","properties":{"i":0.91},"geometry":{"type":"Point","coordinates":[-95.03174,33.59632]}},{"type":"Feature","properties":{"i":0.25},"geometry":{"type":"Point","coordinates":[-94.8999,33.59632]}},{"type":"Feature","properties":{"i":0.22},"geometry":{"type":"Point","coordinates":[-95.60303,33.55971]}},{"type":"Feature","properties":{"i":0.52},"geometry":{"type":"Point","coordinates":[-95.55908,33.55971]}},{"type":"Feature","properties":{"i":0.19},"geometry":{"type":"Point","coordinates":[-95.47119,33.52308]}},{"type":"Feature","properties":{"i":0.02},"geometry":{"type":"Point","coordinates":[-95.33936,33.52308]}},{"type":"Feature","properties":{"i":0.51},"geometry":{"type":"Point","coordinates":[-95.29541,33.52308]}},{"type":"Feature","properties":{"i":0.02},"geometry":{"type":"Point","coordinates":[-95.60303,33.48644]}},{"type":"Feature","properties":{"i":0.24},"geometry":{"type":"Point","coordinates":[-95.20752,33.48644]}},{"type":"Feature","properties":{"i":0.71},"geometry":{"type":"Point","coordinates":[-95.20752,33.44978]}},{"type":"Feature","properties":{"i":0.23},"geometry":{"type":"Point","coordinates":[-95.55908,33.4131]}},{"type":"Feature","properties":{"i":0.62},"geometry":{"type":"Point","coordinates":[-95.16357,33.4131]}},{"type":"Feature","properties":{"i":0.34},"geometry":{"type":"Point","coordinates":[-95.11963,33.37641]}},{"type":"Feature","properties":{"i":0.38},"geometry":{"type":"Point","coordinates":[-95.07568,33.37641]}},{"type":"Feature","properties":{"i":0.38},"geometry":{"type":"Point","coordinates":[-95.29541,33.33971]}},{"type":"Feature","properties":{"i":0.34},"geometry":{"type":"Point","coordinates":[-95.11963,33.33971]}},{"type":"Feature","properties":{"i":0.15},"geometry":{"type":"Point","coordinates":[-95.07568,33.33971]}},{"type":"Feature","properties":{"i":0.19},"geometry":{"type":"Point","coordinates":[-95.60303,33.26625]}},{"type":"Feature","properties":{"i":0.16},"geometry":{"type":"Point","coordinates":[-95.55908,33.26625]}},{"type":"Feature","properties":{"i":0.26},"geometry":{"type":"Point","coordinates":[-95.33936,33.2295]}},{"type":"Feature","properties":{"i":0.09},"geometry":{"type":"Point","coordinates":[-94.94385,33.2295]}},{"type":"Feature","properties":{"i":0.02},"geometry":{"type":"Point","coordinates":[-94.8999,33.2295]}},{"type":"Feature","properties":{"i":0.34},"geometry":{"type":"Point","coordinates":[-94.85596,33.2295]}},{"type":"Feature","properties":{"i":0.03},"geometry":{"type":"Point","coordinates":[-95.60303,33.19273]}},{"type":"Feature","properties":{"i":0.51},"geometry":{"type":"Point","coordinates":[-95.33936,33.19273]}},{"type":"Feature","properties":{"i":0.05},"geometry":{"type":"Point","coordinates":[-95.25146,33.19273]}},{"type":"Feature","properties":{"i":1},"geometry":{"type":"Point","coordinates":[-95.20752,33.19273]}},{"type":"Feature","properties":{"i":0.7},"geometry":{"type":"Point","coordinates":[-94.98779,33.19273]}},{"type":"Feature","properties":{"i":0.45},"geometry":{"type":"Point","coordinates":[-94.94385,33.19273]}},{"type":"Feature","properties":{"i":0.54},"geometry":{"type":"Point","coordinates":[-94.8999,33.19273]}},{"type":"Feature","properties":{"i":0.25},"geometry":{"type":"Point","coordinates":[-94.85596,33.19273]}},{"type":"Feature","properties":{"i":1},"geometry":{"type":"Point","coordinates":[-95.60303,33.15595]}},{"type":"Feature","properties":{"i":0.55},"geometry":{"type":"Point","coordinates":[-95.55908,33.15595]}},{"type":"Feature","properties":{"i":0.11},"geometry":{"type":"Point","coordinates":[-95.51514,33.15595]}},{"type":"Feature","properties":{"i":0.02},"geometry":{"type":"Point","coordinates":[-95.33936,33.15595]}},{"type":"Feature","properties":{"i":0.45},"geometry":{"type":"Point","coordinates":[-95.29541,33.15595]}},{"type":"Feature","properties":{"i":0.82},"geometry":{"type":"Point","coordinates":[-95.25146,33.15595]}},{"type":"Feature","properties":{"i":0.95},"geometry":{"type":"Point","coordinates":[-95.20752,33.15595]}},{"type":"Feature","properties":{"i":0.81},"geometry":{"type":"Point","coordinates":[-95.16357,33.15595]}},{"type":"Feature","properties":{"i":0.66},"geometry":{"type":"Point","coordinates":[-95.11963,33.15595]}},{"type":"Feature","properties":{"i":0.94},"geometry":{"type":"Point","coordinates":[-95.07568,33.15595]}},{"type":"Feature","properties":{"i":0.13},"geometry":{"type":"Point","coordinates":[-95.03174,33.15595]}},{"type":"Feature","properties":{"i":1},"geometry":{"type":"Point","coordinates":[-94.98779,33.15595]}},{"type":"Feature","properties":{"i":1},"geometry":{"type":"Point","coordinates":[-94.94385,33.15595]}},{"type":"Feature","properties":{"i":0.18},"geometry":{"type":"Point","coordinates":[-94.8999,33.15595]}},{"type":"Feature","properties":{"i":1},"geometry":{"type":"Point","coordinates":[-95.60303,33.11915]}},{"type":"Feature","properties":{"i":1},"geometry":{"type":"Point","coordinates":[-95.55908,33.11915]}},{"type":"Feature","properties":{"i":0.18},"geometry":{"type":"Point","coordinates":[-95.51514,33.11915]}},{"type":"Feature","properties":{"i":0.53},"geometry":{"type":"Point","coordinates":[-95.20752,33.11915]}},{"type":"Feature","properties":{"i":0.36},"geometry":{"type":"Point","coordinates":[-95.03174,33.11915]}},{"type":"Feature","properties":{"i":1},"geometry":{"type":"Point","coordinates":[-94.98779,33.11915]}},{"type":"Feature","properties":{"i":1},"geometry":{"type":"Point","coordinates":[-94.94385,33.11915]}},{"type":"Feature","properties":{"i":0.88},"geometry":{"type":"Point","coordinates":[-94.8999,33.11915]}},{"type":"Feature","properties":{"i":0.28},"geometry":{"type":"Point","coordinates":[-94.85596,33.11915]}},{"type":"Feature","properties":{"i":0.73},"geometry":{"type":"Point","coordinates":[-95.60303,33.08234]}},{"type":"Feature","properties":{"i":0.38},"geometry":{"type":"Point","coordinates":[-95.55908,33.08234]}},{"type":"Feature","properties":{"i":0.4},"geometry":{"type":"Point","coordinates":[-95.3833,33.08234]}},{"type":"Feature","properties":{"i":0.53},"geometry":{"type":"Point","coordinates":[-95.20752,33.08234]}},{"type":"Feature","properties":{"i":0.05},"geometry":{"type":"Point","coordinates":[-95.11963,33.08234]}},{"type":"Feature","properties":{"i":0.05},"geometry":{"type":"Point","coordinates":[-95.07568,33.08234]}},{"type":"Feature","properties":{"i":0.17},"geometry":{"type":"Point","coordinates":[-95.03174,33.08234]}},{"type":"Feature","properties":{"i":1},"geometry":{"type":"Point","coordinates":[-94.98779,33.08234]}},{"type":"Feature","properties":{"i":1},"geometry":{"type":"Point","coordinates":[-94.94385,33.08234]}},{"type":"Feature","properties":{"i":0.25},"geometry":{"type":"Point","coordinates":[-94.85596,33.08234]}},{"type":"Feature","properties":{"i":0.08},"geometry":{"type":"Point","coordinates":[-94.81201,33.08234]}},{"type":"Feature","properties":{"i":0.09},"geometry":{"type":"Point","coordinates":[-95.60303,33.04551]}},{"type":"Feature","properties":{"i":0.1},"geometry":{"type":"Point","coordinates":[-95.55908,33.04551]}},{"type":"Feature","properties":{"i":0.31},"geometry":{"type":"Point","coordinates":[-95.47119,33.04551]}},{"type":"Feature","properties":{"i":0.13},"geometry":{"type":"Point","coordinates":[-95.42725,33.04551]}},{"type":"Feature","properties":{"i":0.47},"geometry":{"type":"Point","coordinates":[-95.29541,33.04551]}},{"type":"Feature","properties":{"i":0.07},"geometry":{"type":"Point","coordinates":[-95.25146,33.04551]}},{"type":"Feature","properties":{"i":0.48},"geometry":{"type":"Point","coordinates":[-95.20752,33.04551]}},{"type":"Feature","properties":{"i":0.08},"geometry":{"type":"Point","coordinates":[-95.11963,33.04551]}},{"type":"Feature","properties":{"i":0.38},"geometry":{"type":"Point","coordinates":[-95.03174,33.04551]}},{"type":"Feature","properties":{"i":0.22},"geometry":{"type":"Point","coordinates":[-94.98779,33.04551]}},{"type":"Feature","properties":{"i":0.82},"geometry":{"type":"Point","coordinates":[-94.94385,33.04551]}},{"type":"Feature","properties":{"i":0.51},"geometry":{"type":"Point","coordinates":[-94.85596,33.04551]}},{"type":"Feature","properties":{"i":0.45},"geometry":{"type":"Point","coordinates":[-94.81201,33.04551]}},{"type":"Feature","properties":{"i":0.85},"geometry":{"type":"Point","coordinates":[-95.42725,33.00866]}},{"type":"Feature","properties":{"i":0.04},"geometry":{"type":"Point","coordinates":[-95.3833,33.00866]}},{"type":"Feature","properties":{"i":0.29},"geometry":{"type":"Point","coordinates":[-95.33936,33.00866]}},{"type":"Feature","properties":{"i":0.36},"geometry":{"type":"Point","coordinates":[-95.25146,33.00866]}},{"type":"Feature","properties":{"i":0.22},"geometry":{"type":"Point","coordinates":[-95.16357,33.00866]}},{"type":"Feature","properties":{"i":0.09},"geometry":{"type":"Point","coordinates":[-95.07568,33.00866]}},{"type":"Feature","properties":{"i":0.84},"geometry":{"type":"Point","coordinates":[-94.98779,33.00866]}},{"type":"Feature","properties":{"i":1},"geometry":{"type":"Point","coordinates":[-94.94385,33.00866]}},{"type":"Feature","properties":{"i":0.08},"geometry":{"type":"Point","coordinates":[-94.8999,33.00866]}},{"type":"Feature","properties":{"i":0.13},"geometry":{"type":"Point","coordinates":[-94.85596,33.00866]}},{"type":"Feature","properties":{"i":0.1},"geometry":{"type":"Point","coordinates":[-94.81201,33.00866]}},{"type":"Feature","properties":{"i":0.18},"geometry":{"type":"Point","coordinates":[-95.60303,32.9718]}},{"type":"Feature","properties":{"i":0.31},"geometry":{"type":"Point","coordinates":[-95.51514,32.9718]}},{"type":"Feature","properties":{"i":0.59},"geometry":{"type":"Point","coordinates":[-95.29541,32.9718]}},{"type":"Feature","properties":{"i":0.46},"geometry":{"type":"Point","coordinates":[-95.25146,32.9718]}},{"type":"Feature","properties":{"i":0.04},"geometry":{"type":"Point","coordinates":[-95.16357,32.9718]}},{"type":"Feature","properties":{"i":0.16},"geometry":{"type":"Point","coordinates":[-95.11963,32.9718]}},{"type":"Feature","properties":{"i":1},"geometry":{"type":"Point","coordinates":[-94.98779,32.9718]}},{"type":"Feature","properties":{"i":1},"geometry":{"type":"Point","coordinates":[-94.94385,32.9718]}},{"type":"Feature","properties":{"i":0.59},"geometry":{"type":"Point","coordinates":[-95.55908,32.93493]}},{"type":"Feature","properties":{"i":0.07},"geometry":{"type":"Point","coordinates":[-95.47119,32.93493]}},{"type":"Feature","properties":{"i":0.99},"geometry":{"type":"Point","coordinates":[-95.29541,32.93493]}},{"type":"Feature","properties":{"i":0.74},"geometry":{"type":"Point","coordinates":[-95.25146,32.93493]}},{"type":"Feature","properties":{"i":0.3},"geometry":{"type":"Point","coordinates":[-94.94385,32.93493]}},{"type":"Feature","properties":{"i":0.33},"geometry":{"type":"Point","coordinates":[-94.8999,32.93493]}},{"type":"Feature","properties":{"i":0.14},"geometry":{"type":"Point","coordinates":[-95.60303,32.89804]}},{"type":"Feature","properties":{"i":0.3},"geometry":{"type":"Point","coordinates":[-95.55908,32.89804]}},{"type":"Feature","properties":{"i":0.21},"geometry":{"type":"Point","coordinates":[-95.51514,32.89804]}},{"type":"Feature","properties":{"i":0.21},"geometry":{"type":"Point","coordinates":[-95.03174,32.89804]}},{"type":"Feature","properties":{"i":0.08},"geometry":{"type":"Point","coordinates":[-95.60303,32.86113]}},{"type":"Feature","properties":{"i":0.56},"geometry":{"type":"Point","coordinates":[-95.55908,32.86113]}},{"type":"Feature","properties":{"i":0.09},"geometry":{"type":"Point","coordinates":[-95.47119,32.86113]}},{"type":"Feature","properties":{"i":0.08},"geometry":{"type":"Point","coordinates":[-95.3833,32.86113]}},{"type":"Feature","properties":{"i":0.34},"geometry":{"type":"Point","coordinates":[-95.03174,32.86113]}},{"type":"Feature","properties":{"i":0.07},"geometry":{"type":"Point","coordinates":[-95.55908,32.82421]}},{"type":"Feature","properties":{"i":0.33},"geometry":{"type":"Point","coordinates":[-95.51514,32.82421]}},{"type":"Feature","properties":{"i":0.03},"geometry":{"type":"Point","coordinates":[-95.33936,32.82421]}},{"type":"Feature","properties":{"i":0.04},"geometry":{"type":"Point","coordinates":[-95.25146,32.82421]}},{"type":"Feature","properties":{"i":0.02},"geometry":{"type":"Point","coordinates":[-94.98779,32.82421]}},{"type":"Feature","properties":{"i":0.09},"geometry":{"type":"Point","coordinates":[-94.94385,32.82421]}},{"type":"Feature","properties":{"i":0.36},"geometry":{"type":"Point","coordinates":[-94.8999,32.82421]}},{"type":"Feature","properties":{"i":0.17},"geometry":{"type":"Point","coordinates":[-94.81201,32.82421]}},{"type":"Feature","properties":{"i":0.35},"geometry":{"type":"Point","coordinates":[-95.60303,32.78727]}},{"type":"Feature","properties":{"i":0.55},"geometry":{"type":"Point","coordinates":[-95.47119,32.78727]}},{"type":"Feature","properties":{"i":0.86},"geometry":{"type":"Point","coordinates":[-95.42725,32.78727]}},{"type":"Feature","properties":{"i":0.04},"geometry":{"type":"Point","coordinates":[-95.20752,32.78727]}},{"type":"Feature","properties":{"i":0.07},"geometry":{"type":"Point","coordinates":[-95.16357,32.78727]}},{"type":"Feature","properties":{"i":0.11},"geometry":{"type":"Point","coordinates":[-94.94385,32.78727]}},{"type":"Feature","properties":{"i":0.05},"geometry":{"type":"Point","coordinates":[-95.60303,32.75032]}},{"type":"Feature","properties":{"i":0.45},"geometry":{"type":"Point","coordinates":[-95.55908,32.75032]}},{"type":"Feature","properties":{"i":0.19},"geometry":{"type":"Point","coordinates":[-95.47119,32.75032]}},{"type":"Feature","properties":{"i":0.45},"geometry":{"type":"Point","coordinates":[-95.11963,32.75032]}},{"type":"Feature","properties":{"i":0.29},"geometry":{"type":"Point","coordinates":[-95.07568,32.75032]}},{"type":"Feature","properties":{"i":0.22},"geometry":{"type":"Point","coordinates":[-94.98779,32.75032]}},{"type":"Feature","properties":{"i":1},"geometry":{"type":"Point","coordinates":[-94.94385,32.75032]}},{"type":"Feature","properties":{"i":0.32},"geometry":{"type":"Point","coordinates":[-94.8999,32.75032]}},{"type":"Feature","properties":{"i":0.1},"geometry":{"type":"Point","coordinates":[-95.55908,32.71336]}},{"type":"Feature","properties":{"i":0.25},"geometry":{"type":"Point","coordinates":[-95.51514,32.71336]}},{"type":"Feature","properties":{"i":0.33},"geometry":{"type":"Point","coordinates":[-95.47119,32.71336]}},{"type":"Feature","properties":{"i":0.15},"geometry":{"type":"Point","coordinates":[-95.3833,32.71336]}},{"type":"Feature","properties":{"i":0.22},"geometry":{"type":"Point","coordinates":[-95.33936,32.71336]}},{"type":"Feature","properties":{"i":0.39},"geometry":{"type":"Point","coordinates":[-95.20752,32.71336]}},{"type":"Feature","properties":{"i":0.1},"geometry":{"type":"Point","coordinates":[-94.98779,32.71336]}},{"type":"Feature","properties":{"i":1},"geometry":{"type":"Point","coordinates":[-94.94385,32.71336]}},{"type":"Feature","properties":{"i":0.35},"geometry":{"type":"Point","coordinates":[-94.8999,32.71336]}},{"type":"Feature","properties":{"i":0.11},"geometry":{"type":"Point","coordinates":[-94.85596,32.71336]}},{"type":"Feature","properties":{"i":0.35},"geometry":{"type":"Point","coordinates":[-95.55908,32.67637]}},{"type":"Feature","properties":{"i":0.44},"geometry":{"type":"Point","coordinates":[-95.51514,32.67637]}},{"type":"Feature","properties":{"i":0.99},"geometry":{"type":"Point","coordinates":[-95.47119,32.67637]}},{"type":"Feature","properties":{"i":0.13},"geometry":{"type":"Point","coordinates":[-95.42725,32.67637]}},{"type":"Feature","properties":{"i":0.79},"geometry":{"type":"Point","coordinates":[-95.20752,32.67637]}},{"type":"Feature","properties":{"i":0.1},"geometry":{"type":"Point","coordinates":[-95.16357,32.67637]}},{"type":"Feature","properties":{"i":0.03},"geometry":{"type":"Point","coordinates":[-95.07568,32.67637]}},{"type":"Feature","properties":{"i":0.27},"geometry":{"type":"Point","coordinates":[-94.94385,32.67637]}},{"type":"Feature","properties":{"i":0.21},"geometry":{"type":"Point","coordinates":[-94.8999,32.67637]}},{"type":"Feature","properties":{"i":0.05},"geometry":{"type":"Point","coordinates":[-94.81201,32.67637]}},{"type":"Feature","properties":{"i":0.48},"geometry":{"type":"Point","coordinates":[-95.51514,32.63937]}},{"type":"Feature","properties":{"i":0.96},"geometry":{"type":"Point","coordinates":[-95.47119,32.63937]}},{"type":"Feature","properties":{"i":0.28},"geometry":{"type":"Point","coordinates":[-95.42725,32.63937]}},{"type":"Feature","properties":{"i":0.15},"geometry":{"type":"Point","coordinates":[-95.29541,32.63937]}},{"type":"Feature","properties":{"i":0.97},"geometry":{"type":"Point","coordinates":[-95.20752,32.63937]}},{"type":"Feature","properties":{"i":0.13},"geometry":{"type":"Point","coordinates":[-95.16357,32.63937]}},{"type":"Feature","properties":{"i":0.08},"geometry":{"type":"Point","coordinates":[-94.94385,32.63937]}},{"type":"Feature","properties":{"i":0.19},"geometry":{"type":"Point","coordinates":[-94.85596,32.63937]}},{"type":"Feature","properties":{"i":0.33},"geometry":{"type":"Point","coordinates":[-94.81201,32.63937]}},{"type":"Feature","properties":{"i":1},"geometry":{"type":"Point","coordinates":[-95.20752,32.60236]}},{"type":"Feature","properties":{"i":0.84},"geometry":{"type":"Point","coordinates":[-95.16357,32.60236]}},{"type":"Feature","properties":{"i":0.62},"geometry":{"type":"Point","coordinates":[-95.11963,32.60236]}},{"type":"Feature","properties":{"i":0.04},"geometry":{"type":"Point","coordinates":[-94.94385,32.60236]}},{"type":"Feature","properties":{"i":0.21},"geometry":{"type":"Point","coordinates":[-94.8999,32.60236]}},{"type":"Feature","properties":{"i":0.39},"geometry":{"type":"Point","coordinates":[-94.85596,32.60236]}},{"type":"Feature","properties":{"i":0.19},"geometry":{"type":"Point","coordinates":[-94.81201,32.60236]}},{"type":"Feature","properties":{"i":0.25},"geometry":{"type":"Point","coordinates":[-95.55908,32.56533]}},{"type":"Feature","properties":{"i":0.54},"geometry":{"type":"Point","coordinates":[-95.20752,32.56533]}},{"type":"Feature","properties":{"i":0.52},"geometry":{"type":"Point","coordinates":[-95.16357,32.56533]}},{"type":"Feature","properties":{"i":0.64},"geometry":{"type":"Point","coordinates":[-95.11963,32.56533]}},{"type":"Feature","properties":{"i":0.09},"geometry":{"type":"Point","coordinates":[-95.07568,32.56533]}},{"type":"Feature","properties":{"i":0.19},"geometry":{"type":"Point","coordinates":[-95.03174,32.56533]}},{"type":"Feature","properties":{"i":0.08},"geometry":{"type":"Point","coordinates":[-94.98779,32.56533]}},{"type":"Feature","properties":{"i":0.52},"geometry":{"type":"Point","coordinates":[-94.94385,32.56533]}},{"type":"Feature","properties":{"i":0.57},"geometry":{"type":"Point","coordinates":[-94.8999,32.56533]}},{"type":"Feature","properties":{"i":0.3},"geometry":{"type":"Point","coordinates":[-94.85596,32.56533]}},{"type":"Feature","properties":{"i":0.88},"geometry":{"type":"Point","coordinates":[-94.81201,32.56533]}},{"type":"Feature","properties":{"i":0.52},"geometry":{"type":"Point","coordinates":[-95.60303,32.52829]}},{"type":"Feature","properties":{"i":0.04},"geometry":{"type":"Point","coordinates":[-95.55908,32.52829]}},{"type":"Feature","properties":{"i":0.14},"geometry":{"type":"Point","coordinates":[-95.47119,32.52829]}},{"type":"Feature","properties":{"i":0.56},"geometry":{"type":"Point","coordinates":[-95.42725,32.52829]}},{"type":"Feature","properties":{"i":0.98},"geometry":{"type":"Point","coordinates":[-95.3833,32.52829]}},{"type":"Feature","properties":{"i":0.02},"geometry":{"type":"Point","coordinates":[-95.25146,32.52829]}},{"type":"Feature","properties":{"i":0.05},"geometry":{"type":"Point","coordinates":[-95.20752,32.52829]}},{"type":"Feature","properties":{"i":0.52},"geometry":{"type":"Point","coordinates":[-94.98779,32.52829]}},{"type":"Feature","properties":{"i":1},"geometry":{"type":"Point","coordinates":[-94.94385,32.52829]}},{"type":"Feature","properties":{"i":0.55},"geometry":{"type":"Point","coordinates":[-94.8999,32.52829]}},{"type":"Feature","properties":{"i":0.94},"geometry":{"type":"Point","coordinates":[-94.85596,32.52829]}},{"type":"Feature","properties":{"i":0.93},"geometry":{"type":"Point","coordinates":[-94.81201,32.52829]}},{"type":"Feature","properties":{"i":0.56},"geometry":{"type":"Point","coordinates":[-95.60303,32.49123]}},{"type":"Feature","properties":{"i":0.57},"geometry":{"type":"Point","coordinates":[-95.55908,32.49123]}},{"type":"Feature","properties":{"i":0.39},"geometry":{"type":"Point","coordinates":[-95.51514,32.49123]}},{"type":"Feature","properties":{"i":0.12},"geometry":{"type":"Point","coordinates":[-95.47119,32.49123]}},{"type":"Feature","properties":{"i":0.95},"geometry":{"type":"Point","coordinates":[-95.42725,32.49123]}},{"type":"Feature","properties":{"i":1},"geometry":{"type":"Point","coordinates":[-95.3833,32.49123]}},{"type":"Feature","properties":{"i":0.13},"geometry":{"type":"Point","coordinates":[-95.33936,32.49123]}},{"type":"Feature","properties":{"i":0.02},"geometry":{"type":"Point","coordinates":[-95.20752,32.49123]}},{"type":"Feature","properties":{"i":0.8},"geometry":{"type":"Point","coordinates":[-95.16357,32.49123]}},{"type":"Feature","properties":{"i":0.72},"geometry":{"type":"Point","coordinates":[-94.98779,32.49123]}},{"type":"Feature","properties":{"i":0.02},"geometry":{"type":"Point","coordinates":[-94.94385,32.49123]}},{"type":"Feature","properties":{"i":0.07},"geometry":{"type":"Point","coordinates":[-94.8999,32.49123]}},{"type":"Feature","properties":{"i":0.76},"geometry":{"type":"Point","coordinates":[-94.85596,32.49123]}},{"type":"Feature","properties":{"i":1},"geometry":{"type":"Point","coordinates":[-94.81201,32.49123]}},{"type":"Feature","properties":{"i":0.33},"geometry":{"type":"Point","coordinates":[-95.51514,32.45416]}},{"type":"Feature","properties":{"i":0.58},"geometry":{"type":"Point","coordinates":[-95.47119,32.45416]}},{"type":"Feature","properties":{"i":0.71},"geometry":{"type":"Point","coordinates":[-95.42725,32.45416]}},{"type":"Feature","properties":{"i":0.72},"geometry":{"type":"Point","coordinates":[-95.3833,32.45416]}},{"type":"Feature","properties":{"i":0.64},"geometry":{"type":"Point","coordinates":[-95.33936,32.45416]}},{"type":"Feature","properties":{"i":0.77},"geometry":{"type":"Point","coordinates":[-95.29541,32.45416]}},{"type":"Feature","properties":{"i":1},"geometry":{"type":"Point","coordinates":[-95.25146,32.45416]}},{"type":"Feature","properties":{"i":0.69},"geometry":{"type":"Point","coordinates":[-95.20752,32.45416]}},{"type":"Feature","properties":{"i":0.78},"geometry":{"type":"Point","coordinates":[-95.16357,32.45416]}},{"type":"Feature","properties":{"i":1},"geometry":{"type":"Point","coordinates":[-95.11963,32.45416]}},{"type":"Feature","properties":{"i":0.37},"geometry":{"type":"Point","coordinates":[-95.07568,32.45416]}},{"type":"Feature","properties":{"i":0.11},"geometry":{"type":"Point","coordinates":[-94.98779,32.45416]}},{"type":"Feature","properties":{"i":0.75},"geometry":{"type":"Point","coordinates":[-94.94385,32.45416]}},{"type":"Feature","properties":{"i":0.67},"geometry":{"type":"Point","coordinates":[-94.8999,32.45416]}},{"type":"Feature","properties":{"i":0.61},"geometry":{"type":"Point","coordinates":[-94.85596,32.45416]}},{"type":"Feature","properties":{"i":0.86},"geometry":{"type":"Point","coordinates":[-94.81201,32.45416]}},{"type":"Feature","properties":{"i":0.82},"geometry":{"type":"Point","coordinates":[-95.60303,32.41707]}},{"type":"Feature","properties":{"i":0.78},"geometry":{"type":"Point","coordinates":[-95.3833,32.41707]}},{"type":"Feature","properties":{"i":1},"geometry":{"type":"Point","coordinates":[-95.33936,32.41707]}},{"type":"Feature","properties":{"i":0.78},"geometry":{"type":"Point","coordinates":[-95.29541,32.41707]}},{"type":"Feature","properties":{"i":0.82},"geometry":{"type":"Point","coordinates":[-95.25146,32.41707]}},{"type":"Feature","properties":{"i":0.78},"geometry":{"type":"Point","coordinates":[-95.20752,32.41707]}},{"type":"Feature","properties":{"i":0.69},"geometry":{"type":"Point","coordinates":[-95.16357,32.41707]}},{"type":"Feature","properties":{"i":0.27},"geometry":{"type":"Point","coordinates":[-95.11963,32.41707]}},{"type":"Feature","properties":{"i":0.08},"geometry":{"type":"Point","coordinates":[-95.07568,32.41707]}},{"type":"Feature","properties":{"i":0.03},"geometry":{"type":"Point","coordinates":[-95.03174,32.41707]}},{"type":"Feature","properties":{"i":0.07},"geometry":{"type":"Point","coordinates":[-94.98779,32.41707]}},{"type":"Feature","properties":{"i":0.97},"geometry":{"type":"Point","coordinates":[-94.94385,32.41707]}},{"type":"Feature","properties":{"i":0.45},"geometry":{"type":"Point","coordinates":[-94.8999,32.41707]}},{"type":"Feature","properties":{"i":1},"geometry":{"type":"Point","coordinates":[-94.85596,32.41707]}},{"type":"Feature","properties":{"i":1},"geometry":{"type":"Point","coordinates":[-94.81201,32.41707]}},{"type":"Feature","properties":{"i":0.08},"geometry":{"type":"Point","coordinates":[-95.60303,32.37996]}},{"type":"Feature","properties":{"i":0.08},"geometry":{"type":"Point","coordinates":[-95.55908,32.37996]}},{"type":"Feature","properties":{"i":0.04},"geometry":{"type":"Point","coordinates":[-95.47119,32.37996]}},{"type":"Feature","properties":{"i":0.29},"geometry":{"type":"Point","coordinates":[-95.42725,32.37996]}},{"type":"Feature","properties":{"i":0.66},"geometry":{"type":"Point","coordinates":[-95.3833,32.37996]}},{"type":"Feature","properties":{"i":1},"geometry":{"type":"Point","coordinates":[-95.33936,32.37996]}},{"type":"Feature","properties":{"i":1},"geometry":{"type":"Point","coordinates":[-95.29541,32.37996]}},{"type":"Feature","properties":{"i":0.74},"geometry":{"type":"Point","coordinates":[-95.25146,32.37996]}},{"type":"Feature","properties":{"i":0.31},"geometry":{"type":"Point","coordinates":[-95.20752,32.37996]}},{"type":"Feature","properties":{"i":0.11},"geometry":{"type":"Point","coordinates":[-95.16357,32.37996]}},{"type":"Feature","properties":{"i":0.73},"geometry":{"type":"Point","coordinates":[-95.11963,32.37996]}},{"type":"Feature","properties":{"i":0.24},"geometry":{"type":"Point","coordinates":[-95.07568,32.37996]}},{"type":"Feature","properties":{"i":0.38},"geometry":{"type":"Point","coordinates":[-94.98779,32.37996]}},{"type":"Feature","properties":{"i":0.19},"geometry":{"type":"Point","coordinates":[-94.94385,32.37996]}},{"type":"Feature","properties":{"i":0.9},"geometry":{"type":"Point","coordinates":[-94.8999,32.37996]}},{"type":"Feature","properties":{"i":1},"geometry":{"type":"Point","coordinates":[-94.85596,32.37996]}},{"type":"Feature","properties":{"i":0.61},"geometry":{"type":"Point","coordinates":[-94.81201,32.37996]}},{"type":"Feature","properties":{"i":0.03},"geometry":{"type":"Point","coordinates":[-95.47119,32.34284]}},{"type":"Feature","properties":{"i":0.3},"geometry":{"type":"Point","coordinates":[-95.42725,32.34284]}},{"type":"Feature","properties":{"i":0.92},"geometry":{"type":"Point","coordinates":[-95.3833,32.34284]}},{"type":"Feature","properties":{"i":1},"geometry":{"type":"Point","coordinates":[-95.33936,32.34284]}},{"type":"Feature","properties":{"i":1},"geometry":{"type":"Point","coordinates":[-95.29541,32.34284]}},{"type":"Feature","properties":{"i":1},"geometry":{"type":"Point","coordinates":[-95.25146,32.34284]}},{"type":"Feature","properties":{"i":0.28},"geometry":{"type":"Point","coordinates":[-95.20752,32.34284]}},{"type":"Feature","properties":{"i":0.11},"geometry":{"type":"Point","coordinates":[-95.16357,32.34284]}},{"type":"Feature","properties":{"i":0.03},"geometry":{"type":"Point","coordinates":[-95.11963,32.34284]}},{"type":"Feature","properties":{"i":0.05},"geometry":{"type":"Point","coordinates":[-95.07568,32.34284]}},{"type":"Feature","properties":{"i":0.02},"geometry":{"type":"Point","coordinates":[-94.98779,32.34284]}},{"type":"Feature","properties":{"i":0.02},"geometry":{"type":"Point","coordinates":[-94.94385,32.34284]}},{"type":"Feature","properties":{"i":0.53},"geometry":{"type":"Point","coordinates":[-94.8999,32.34284]}},{"type":"Feature","properties":{"i":0.58},"geometry":{"type":"Point","coordinates":[-94.85596,32.34284]}},{"type":"Feature","properties":{"i":0.27},"geometry":{"type":"Point","coordinates":[-94.81201,32.34284]}},{"type":"Feature","properties":{"i":0.95},"geometry":{"type":"Point","coordinates":[-95.60303,32.30571]}},{"type":"Feature","properties":{"i":0.55},"geometry":{"type":"Point","coordinates":[-95.51514,32.30571]}},{"type":"Feature","properties":{"i":0.94},"geometry":{"type":"Point","coordinates":[-95.47119,32.30571]}},{"type":"Feature","properties":{"i":0.99},"geometry":{"type":"Point","coordinates":[-95.42725,32.30571]}},{"type":"Feature","properties":{"i":0.64},"geometry":{"type":"Point","coordinates":[-95.3833,32.30571]}},{"type":"Feature","properties":{"i":1},"geometry":{"type":"Point","coordinates":[-95.33936,32.30571]}},{"type":"Feature","properties":{"i":1},"geometry":{"type":"Point","coordinates":[-95.29541,32.30571]}},{"type":"Feature","properties":{"i":1},"geometry":{"type":"Point","coordinates":[-95.25146,32.30571]}},{"type":"Feature","properties":{"i":0.82},"geometry":{"type":"Point","coordinates":[-95.20752,32.30571]}},{"type":"Feature","properties":{"i":0.96},"geometry":{"type":"Point","coordinates":[-95.16357,32.30571]}},{"type":"Feature","properties":{"i":0.12},"geometry":{"type":"Point","coordinates":[-95.11963,32.30571]}},{"type":"Feature","properties":{"i":0.5},"geometry":{"type":"Point","coordinates":[-94.94385,32.30571]}},{"type":"Feature","properties":{"i":0.19},"geometry":{"type":"Point","coordinates":[-94.8999,32.30571]}},{"type":"Feature","properties":{"i":0.13},"geometry":{"type":"Point","coordinates":[-94.85596,32.30571]}},{"type":"Feature","properties":{"i":0.44},"geometry":{"type":"Point","coordinates":[-94.81201,32.30571]}},{"type":"Feature","properties":{"i":0.15},"geometry":{"type":"Point","coordinates":[-95.60303,32.26856]}},{"type":"Feature","properties":{"i":0.26},"geometry":{"type":"Point","coordinates":[-95.47119,32.26856]}},{"type":"Feature","properties":{"i":0.16},"geometry":{"type":"Point","coordinates":[-95.42725,32.26856]}},{"type":"Feature","properties":{"i":0.57},"geometry":{"type":"Point","coordinates":[-95.3833,32.26856]}},{"type":"Feature","properties":{"i":1},"geometry":{"type":"Point","coordinates":[-95.33936,32.26856]}},{"type":"Feature","properties":{"i":1},"geometry":{"type":"Point","coordinates":[-95.29541,32.26856]}},{"type":"Feature","properties":{"i":0.9},"geometry":{"type":"Point","coordinates":[-95.25146,32.26856]}},{"type":"Feature","properties":{"i":0.63},"geometry":{"type":"Point","coordinates":[-95.20752,32.26856]}},{"type":"Feature","properties":{"i":0.1},"geometry":{"type":"Point","coordinates":[-95.16357,32.26856]}},{"type":"Feature","properties":{"i":0.28},"geometry":{"type":"Point","coordinates":[-95.11963,32.26856]}},{"type":"Feature","properties":{"i":0.17},"geometry":{"type":"Point","coordinates":[-95.07568,32.26856]}},{"type":"Feature","properties":{"i":0.69},"geometry":{"type":"Point","coordinates":[-94.98779,32.26856]}},{"type":"Feature","properties":{"i":0.46},"geometry":{"type":"Point","coordinates":[-94.94385,32.26856]}},{"type":"Feature","properties":{"i":1},"geometry":{"type":"Point","coordinates":[-94.8999,32.26856]}},{"type":"Feature","properties":{"i":0.1},"geometry":{"type":"Point","coordinates":[-94.81201,32.26856]}},{"type":"Feature","properties":{"i":0.51},"geometry":{"type":"Point","coordinates":[-95.51514,32.23139]}},{"type":"Feature","properties":{"i":0.3},"geometry":{"type":"Point","coordinates":[-95.47119,32.23139]}},{"type":"Feature","properties":{"i":0.35},"geometry":{"type":"Point","coordinates":[-95.42725,32.23139]}},{"type":"Feature","properties":{"i":0.76},"geometry":{"type":"Point","coordinates":[-95.3833,32.23139]}},{"type":"Feature","properties":{"i":0.76},"geometry":{"type":"Point","coordinates":[-95.33936,32.23139]}},{"type":"Feature","properties":{"i":0.98},"geometry":{"type":"Point","coordinates":[-95.29541,32.23139]}},{"type":"Feature","properties":{"i":0.48},"geometry":{"type":"Point","coordinates":[-95.25146,32.23139]}},{"type":"Feature","properties":{"i":0.96},"geometry":{"type":"Point","coordinates":[-95.20752,32.23139]}},{"type":"Feature","properties":{"i":0.46},"geometry":{"type":"Point","coordinates":[-95.16357,32.23139]}},{"type":"Feature","properties":{"i":0.07},"geometry":{"type":"Point","coordinates":[-95.11963,32.23139]}},{"type":"Feature","properties":{"i":0.4},"geometry":{"type":"Point","coordinates":[-95.07568,32.23139]}},{"type":"Feature","properties":{"i":0.37},"geometry":{"type":"Point","coordinates":[-95.03174,32.23139]}},{"type":"Feature","properties":{"i":0.66},"geometry":{"type":"Point","coordinates":[-94.94385,32.23139]}},{"type":"Feature","properties":{"i":0.14},"geometry":{"type":"Point","coordinates":[-94.8999,32.23139]}},{"type":"Feature","properties":{"i":0.04},"geometry":{"type":"Point","coordinates":[-94.85596,32.23139]}},{"type":"Feature","properties":{"i":0.22},"geometry":{"type":"Point","coordinates":[-94.81201,32.23139]}},{"type":"Feature","properties":{"i":0.36},"geometry":{"type":"Point","coordinates":[-95.51514,32.19421]}},{"type":"Feature","properties":{"i":0.19},"geometry":{"type":"Point","coordinates":[-95.47119,32.19421]}},{"type":"Feature","properties":{"i":0.73},"geometry":{"type":"Point","coordinates":[-95.42725,32.19421]}},{"type":"Feature","properties":{"i":0.22},"geometry":{"type":"Point","coordinates":[-95.3833,32.19421]}},{"type":"Feature","properties":{"i":0.85},"geometry":{"type":"Point","coordinates":[-95.33936,32.19421]}},{"type":"Feature","properties":{"i":0.59},"geometry":{"type":"Point","coordinates":[-95.29541,32.19421]}},{"type":"Feature","properties":{"i":0.16},"geometry":{"type":"Point","coordinates":[-95.25146,32.19421]}},{"type":"Feature","properties":{"i":0.42},"geometry":{"type":"Point","coordinates":[-95.20752,32.19421]}},{"type":"Feature","properties":{"i":0.09},"geometry":{"type":"Point","coordinates":[-95.16357,32.19421]}},{"type":"Feature","properties":{"i":0.36},"geometry":{"type":"Point","coordinates":[-95.11963,32.19421]}},{"type":"Feature","properties":{"i":0.22},"geometry":{"type":"Point","coordinates":[-95.07568,32.19421]}},{"type":"Feature","properties":{"i":0.04},"geometry":{"type":"Point","coordinates":[-94.94385,32.19421]}},{"type":"Feature","properties":{"i":0.04},"geometry":{"type":"Point","coordinates":[-94.8999,32.19421]}},{"type":"Feature","properties":{"i":0.07},"geometry":{"type":"Point","coordinates":[-94.85596,32.19421]}},{"type":"Feature","properties":{"i":0.69},"geometry":{"type":"Point","coordinates":[-94.81201,32.19421]}},{"type":"Feature","properties":{"i":0.28},"geometry":{"type":"Point","coordinates":[-95.51514,32.15701]}},{"type":"Feature","properties":{"i":0.49},"geometry":{"type":"Point","coordinates":[-95.47119,32.15701]}},{"type":"Feature","properties":{"i":0.42},"geometry":{"type":"Point","coordinates":[-95.42725,32.15701]}},{"type":"Feature","properties":{"i":0.29},"geometry":{"type":"Point","coordinates":[-95.3833,32.15701]}},{"type":"Feature","properties":{"i":0.52},"geometry":{"type":"Point","coordinates":[-95.33936,32.15701]}},{"type":"Feature","properties":{"i":0.58},"geometry":{"type":"Point","coordinates":[-95.29541,32.15701]}},{"type":"Feature","properties":{"i":0.07},"geometry":{"type":"Point","coordinates":[-95.25146,32.15701]}},{"type":"Feature","properties":{"i":0.11},"geometry":{"type":"Point","coordinates":[-95.20752,32.15701]}},{"type":"Feature","properties":{"i":0.21},"geometry":{"type":"Point","coordinates":[-95.16357,32.15701]}},{"type":"Feature","properties":{"i":0.53},"geometry":{"type":"Point","coordinates":[-95.11963,32.15701]}},{"type":"Feature","properties":{"i":0.11},"geometry":{"type":"Point","coordinates":[-94.8999,32.15701]}},{"type":"Feature","properties":{"i":0.67},"geometry":{"type":"Point","coordinates":[-94.85596,32.15701]}},{"type":"Feature","properties":{"i":1},"geometry":{"type":"Point","coordinates":[-94.81201,32.15701]}},{"type":"Feature","properties":{"i":0.3},"geometry":{"type":"Point","coordinates":[-95.47119,32.1198]}},{"type":"Feature","properties":{"i":0.3},"geometry":{"type":"Point","coordinates":[-95.42725,32.1198]}},{"type":"Feature","properties":{"i":0.23},"geometry":{"type":"Point","coordinates":[-95.3833,32.1198]}},{"type":"Feature","properties":{"i":0.67},"geometry":{"type":"Point","coordinates":[-95.33936,32.1198]}},{"type":"Feature","properties":{"i":0.98},"geometry":{"type":"Point","coordinates":[-95.29541,32.1198]}},{"type":"Feature","properties":{"i":0.07},"geometry":{"type":"Point","coordinates":[-95.25146,32.1198]}},{"type":"Feature","properties":{"i":0.53},"geometry":{"type":"Point","coordinates":[-95.11963,32.1198]}},{"type":"Feature","properties":{"i":0.28},"geometry":{"type":"Point","coordinates":[-94.94385,32.1198]}},{"type":"Feature","properties":{"i":0.09},"geometry":{"type":"Point","coordinates":[-94.85596,32.1198]}},{"type":"Feature","properties":{"i":1},"geometry":{"type":"Point","coordinates":[-94.81201,32.1198]}},{"type":"Feature","properties":{"i":0.35},"geometry":{"type":"Point","coordinates":[-95.55908,32.08257]}},{"type":"Feature","properties":{"i":0.27},"geometry":{"type":"Point","coordinates":[-95.47119,32.08257]}},{"type":"Feature","properties":{"i":0.07},"geometry":{"type":"Point","coordinates":[-95.42725,32.08257]}},{"type":"Feature","properties":{"i":0.1},"geometry":{"type":"Point","coordinates":[-95.3833,32.08257]}},{"type":"Feature","properties":{"i":0.34},"geometry":{"type":"Point","coordinates":[-95.29541,32.08257]}},{"type":"Feature","properties":{"i":0.85},"geometry":{"type":"Point","coordinates":[-95.51514,32.04533]}},{"type":"Feature","properties":{"i":0.14},"geometry":{"type":"Point","coordinates":[-95.47119,32.04533]}},{"type":"Feature","properties":{"i":0.42},"geometry":{"type":"Point","coordinates":[-95.42725,32.04533]}},{"type":"Feature","properties":{"i":0.1},"geometry":{"type":"Point","coordinates":[-95.29541,32.04533]}},{"type":"Feature","properties":{"i":0.28},"geometry":{"type":"Point","coordinates":[-94.8999,32.04533]}},{"type":"Feature","properties":{"i":0.18},"geometry":{"type":"Point","coordinates":[-95.42725,32.00808]}},{"type":"Feature","properties":{"i":0.42},"geometry":{"type":"Point","coordinates":[-95.3833,32.00808]}},{"type":"Feature","properties":{"i":0.52},"geometry":{"type":"Point","coordinates":[-95.29541,32.00808]}},{"type":"Feature","properties":{"i":0.61},"geometry":{"type":"Point","coordinates":[-95.25146,32.00808]}},{"type":"Feature","properties":{"i":0.15},"geometry":{"type":"Point","coordinates":[-95.11963,32.00808]}},{"type":"Feature","properties":{"i":0.22},"geometry":{"type":"Point","coordinates":[-95.07568,32.00808]}},{"type":"Feature","properties":{"i":0.41},"geometry":{"type":"Point","coordinates":[-94.94385,32.00808]}},{"type":"Feature","properties":{"i":0.1},"geometry":{"type":"Point","coordinates":[-94.8999,32.00808]}},{"type":"Feature","properties":{"i":0.69},"geometry":{"type":"Point","coordinates":[-95.29541,31.9708]}},{"type":"Feature","properties":{"i":1},"geometry":{"type":"Point","coordinates":[-95.25146,31.9708]}},{"type":"Feature","properties":{"i":0.58},"geometry":{"type":"Point","coordinates":[-95.20752,31.9708]}},{"type":"Feature","properties":{"i":0.35},"geometry":{"type":"Point","coordinates":[-95.16357,31.9708]}},{"type":"Feature","properties":{"i":0.51},"geometry":{"type":"Point","coordinates":[-95.07568,31.9708]}},{"type":"Feature","properties":{"i":0.52},"geometry":{"type":"Point","coordinates":[-98.63525,31.89621]}},{"type":"Feature","properties":{"i":1},"geometry":{"type":"Point","coordinates":[-98.59131,31.89621]}},{"type":"Feature","properties":{"i":0.61},"geometry":{"type":"Point","coordinates":[-98.54736,31.89621]}},{"type":"Feature","properties":{"i":0.29},"geometry":{"type":"Point","coordinates":[-98.59131,31.8589]}},{"type":"Feature","properties":{"i":0.08},"geometry":{"type":"Point","coordinates":[-98.76709,31.82156]}},{"type":"Feature","properties":{"i":0.13},"geometry":{"type":"Point","coordinates":[-98.76709,31.67208]}},{"type":"Feature","properties":{"i":0.56},"geometry":{"type":"Point","coordinates":[-98.54736,31.48489]}},{"type":"Feature","properties":{"i":0.46},"geometry":{"type":"Point","coordinates":[-98.59131,31.44741]}},{"type":"Feature","properties":{"i":0.71},"geometry":{"type":"Point","coordinates":[-98.54736,31.44741]}},{"type":"Feature","properties":{"i":0.44},"geometry":{"type":"Point","coordinates":[-98.76709,31.18461]}},{"type":"Feature","properties":{"i":0.92},"geometry":{"type":"Point","coordinates":[-98.72314,31.18461]}},{"type":"Feature","properties":{"i":0.4},"geometry":{"type":"Point","coordinates":[-98.6792,31.18461]}},{"type":"Feature","properties":{"i":0.08},"geometry":{"type":"Point","coordinates":[-98.72314,31.07176]}},{"type":"Feature","properties":{"i":0.11},"geometry":{"type":"Point","coordinates":[-98.72314,30.95877]}},{"type":"Feature","properties":{"i":0.09},"geometry":{"type":"Point","coordinates":[-98.45947,30.84565]}},{"type":"Feature","properties":{"i":0.21},"geometry":{"type":"Point","coordinates":[-97.7124,31.93352]}},{"type":"Feature","properties":{"i":0.6},"geometry":{"type":"Point","coordinates":[-97.66846,31.93352]}},{"type":"Feature","properties":{"i":0.51},"geometry":{"type":"Point","coordinates":[-97.62451,31.93352]}},{"type":"Feature","properties":{"i":0.59},"geometry":{"type":"Point","coordinates":[-97.31689,31.93352]}},{"type":"Feature","properties":{"i":0.22},"geometry":{"type":"Point","coordinates":[-97.14111,31.93352]}},{"type":"Feature","properties":{"i":0.3},"geometry":{"type":"Point","coordinates":[-97.09717,31.93352]}},{"type":"Feature","properties":{"i":0.25},"geometry":{"type":"Point","coordinates":[-96.65771,31.93352]}},{"type":"Feature","properties":{"i":0.42},"geometry":{"type":"Point","coordinates":[-96.43799,31.93352]}},{"type":"Feature","properties":{"i":0.42},"geometry":{"type":"Point","coordinates":[-96.17432,31.93352]}},{"type":"Feature","properties":{"i":0.12},"geometry":{"type":"Point","coordinates":[-96.13037,31.93352]}},{"type":"Feature","properties":{"i":0.29},"geometry":{"type":"Point","coordinates":[-95.91064,31.93352]}},{"type":"Feature","properties":{"i":0.12},"geometry":{"type":"Point","coordinates":[-95.8667,31.93352]}},{"type":"Feature","properties":{"i":0.8},"geometry":{"type":"Point","coordinates":[-97.66846,31.89621]}},{"type":"Feature","properties":{"i":0.04},"geometry":{"type":"Point","coordinates":[-97.40479,31.89621]}},{"type":"Feature","properties":{"i":0.19},"geometry":{"type":"Point","coordinates":[-97.31689,31.89621]}},{"type":"Feature","properties":{"i":1},"geometry":{"type":"Point","coordinates":[-97.09717,31.89621]}},{"type":"Feature","properties":{"i":0.46},"geometry":{"type":"Point","coordinates":[-97.05322,31.89621]}},{"type":"Feature","properties":{"i":0.5},"geometry":{"type":"Point","coordinates":[-96.87744,31.89621]}},{"type":"Feature","properties":{"i":0.82},"geometry":{"type":"Point","coordinates":[-96.70166,31.89621]}},{"type":"Feature","properties":{"i":0.39},"geometry":{"type":"Point","coordinates":[-96.48193,31.89621]}},{"type":"Feature","properties":{"i":0.44},"geometry":{"type":"Point","coordinates":[-96.39404,31.89621]}},{"type":"Feature","properties":{"i":0.55},"geometry":{"type":"Point","coordinates":[-96.3501,31.89621]}},{"type":"Feature","properties":{"i":1},"geometry":{"type":"Point","coordinates":[-96.21826,31.89621]}},{"type":"Feature","properties":{"i":0.19},"geometry":{"type":"Point","coordinates":[-96.13037,31.89621]}},{"type":"Feature","properties":{"i":1},"geometry":{"type":"Point","coordinates":[-96.08643,31.89621]}},{"type":"Feature","properties":{"i":0.81},"geometry":{"type":"Point","coordinates":[-95.95459,31.89621]}},{"type":"Feature","properties":{"i":1},"geometry":{"type":"Point","coordinates":[-95.91064,31.89621]}},{"type":"Feature","properties":{"i":0.18},"geometry":{"type":"Point","coordinates":[-95.73486,31.89621]}},{"type":"Feature","properties":{"i":0.19},"geometry":{"type":"Point","coordinates":[-97.40479,31.8589]}},{"type":"Feature","properties":{"i":0.47},"geometry":{"type":"Point","coordinates":[-97.36084,31.8589]}},{"type":"Feature","properties":{"i":0.1},"geometry":{"type":"Point","coordinates":[-97.229,31.8589]}},{"type":"Feature","properties":{"i":0.52},"geometry":{"type":"Point","coordinates":[-97.09717,31.8589]}},{"type":"Feature","properties":{"i":0.19},"geometry":{"type":"Point","coordinates":[-97.05322,31.8589]}},{"type":"Feature","properties":{"i":0.37},"geometry":{"type":"Point","coordinates":[-96.78955,31.8589]}},{"type":"Feature","properties":{"i":0.46},"geometry":{"type":"Point","coordinates":[-96.3501,31.8589]}},{"type":"Feature","properties":{"i":0.08},"geometry":{"type":"Point","coordinates":[-96.30615,31.8589]}},{"type":"Feature","properties":{"i":0.48},"geometry":{"type":"Point","coordinates":[-98.41553,31.82156]}},{"type":"Feature","properties":{"i":0.66},"geometry":{"type":"Point","coordinates":[-98.37158,31.82156]}},{"type":"Feature","properties":{"i":0.12},"geometry":{"type":"Point","coordinates":[-97.31689,31.82156]}},{"type":"Feature","properties":{"i":0.82},"geometry":{"type":"Point","coordinates":[-97.09717,31.82156]}},{"type":"Feature","properties":{"i":0.25},"geometry":{"type":"Point","coordinates":[-97.05322,31.82156]}},{"type":"Feature","properties":{"i":1},"geometry":{"type":"Point","coordinates":[-96.78955,31.82156]}},{"type":"Feature","properties":{"i":1},"geometry":{"type":"Point","coordinates":[-96.74561,31.82156]}},{"type":"Feature","properties":{"i":0.14},"geometry":{"type":"Point","coordinates":[-95.91064,31.82156]}},{"type":"Feature","properties":{"i":0.37},"geometry":{"type":"Point","coordinates":[-97.80029,31.78422]}},{"type":"Feature","properties":{"i":0.86},"geometry":{"type":"Point","coordinates":[-97.58057,31.78422]}},{"type":"Feature","properties":{"i":0.07},"geometry":{"type":"Point","coordinates":[-97.14111,31.78422]}},{"type":"Feature","properties":{"i":0.9},"geometry":{"type":"Point","coordinates":[-97.09717,31.78422]}},{"type":"Feature","properties":{"i":0.11},"geometry":{"type":"Point","coordinates":[-97.05322,31.78422]}},{"type":"Feature","properties":{"i":0.18},"geometry":{"type":"Point","coordinates":[-96.87744,31.78422]}},{"type":"Feature","properties":{"i":0.15},"geometry":{"type":"Point","coordinates":[-96.8335,31.78422]}},{"type":"Feature","properties":{"i":0.61},"geometry":{"type":"Point","coordinates":[-96.48193,31.78422]}},{"type":"Feature","properties":{"i":0.63},"geometry":{"type":"Point","coordinates":[-96.43799,31.78422]}},{"type":"Feature","properties":{"i":0.46},"geometry":{"type":"Point","coordinates":[-96.39404,31.78422]}},{"type":"Feature","properties":{"i":1},"geometry":{"type":"Point","coordinates":[-95.91064,31.78422]}},{"type":"Feature","properties":{"i":1},"geometry":{"type":"Point","coordinates":[-95.8667,31.78422]}},{"type":"Feature","properties":{"i":0.5},"geometry":{"type":"Point","coordinates":[-95.69092,31.78422]}},{"type":"Feature","properties":{"i":0.57},"geometry":{"type":"Point","coordinates":[-95.64697,31.78422]}},{"type":"Feature","properties":{"i":0.46},"geometry":{"type":"Point","coordinates":[-98.37158,31.74685]}},{"type":"Feature","properties":{"i":0.04},"geometry":{"type":"Point","coordinates":[-97.58057,31.74685]}},{"type":"Feature","properties":{"i":0.07},"geometry":{"type":"Point","coordinates":[-97.53662,31.74685]}},{"type":"Feature","properties":{"i":0.18},"geometry":{"type":"Point","coordinates":[-97.229,31.74685]}},{"type":"Feature","properties":{"i":0.08},"geometry":{"type":"Point","coordinates":[-97.09717,31.74685]}},{"type":"Feature","properties":{"i":0.48},"geometry":{"type":"Point","coordinates":[-96.65771,31.74685]}},{"type":"Feature","properties":{"i":0.1},"geometry":{"type":"Point","coordinates":[-96.61377,31.74685]}},{"type":"Feature","properties":{"i":0.25},"geometry":{"type":"Point","coordinates":[-96.39404,31.74685]}},{"type":"Feature","properties":{"i":0.19},"geometry":{"type":"Point","coordinates":[-96.3501,31.74685]}},{"type":"Feature","properties":{"i":0.27},"geometry":{"type":"Point","coordinates":[-96.30615,31.74685]}},{"type":"Feature","properties":{"i":0.37},"geometry":{"type":"Point","coordinates":[-96.21826,31.74685]}},{"type":"Feature","properties":{"i":0.23},"geometry":{"type":"Point","coordinates":[-96.17432,31.74685]}},{"type":"Feature","properties":{"i":0.38},"geometry":{"type":"Point","coordinates":[-96.13037,31.74685]}},{"type":"Feature","properties":{"i":0.33},"geometry":{"type":"Point","coordinates":[-96.08643,31.74685]}},{"type":"Feature","properties":{"i":1},"geometry":{"type":"Point","coordinates":[-95.82275,31.74685]}},{"type":"Feature","properties":{"i":0.49},"geometry":{"type":"Point","coordinates":[-95.77881,31.74685]}},{"type":"Feature","properties":{"i":0.54},"geometry":{"type":"Point","coordinates":[-95.69092,31.74685]}},{"type":"Feature","properties":{"i":1},"geometry":{"type":"Point","coordinates":[-95.64697,31.74685]}},{"type":"Feature","properties":{"i":0.23},"geometry":{"type":"Point","coordinates":[-98.15186,31.70948]}},{"type":"Feature","properties":{"i":0.82},"geometry":{"type":"Point","coordinates":[-98.10791,31.70948]}},{"type":"Feature","properties":{"i":1},"geometry":{"type":"Point","coordinates":[-97.58057,31.70948]}},{"type":"Feature","properties":{"i":0.3},"geometry":{"type":"Point","coordinates":[-97.229,31.70948]}},{"type":"Feature","properties":{"i":0.59},"geometry":{"type":"Point","coordinates":[-97.09717,31.70948]}},{"type":"Feature","properties":{"i":0.54},"geometry":{"type":"Point","coordinates":[-96.52588,31.70948]}},{"type":"Feature","properties":{"i":0.22},"geometry":{"type":"Point","coordinates":[-96.48193,31.70948]}},{"type":"Feature","properties":{"i":0.95},"geometry":{"type":"Point","coordinates":[-96.17432,31.70948]}},{"type":"Feature","properties":{"i":0.9},"geometry":{"type":"Point","coordinates":[-96.13037,31.70948]}},{"type":"Feature","properties":{"i":0.4},"geometry":{"type":"Point","coordinates":[-95.77881,31.70948]}},{"type":"Feature","properties":{"i":0.48},"geometry":{"type":"Point","coordinates":[-95.73486,31.70948]}},{"type":"Feature","properties":{"i":1},"geometry":{"type":"Point","coordinates":[-95.69092,31.70948]}},{"type":"Feature","properties":{"i":0.48},"geometry":{"type":"Point","coordinates":[-95.64697,31.70948]}},{"type":"Feature","properties":{"i":0.49},"geometry":{"type":"Point","coordinates":[-98.10791,31.67208]}},{"type":"Feature","properties":{"i":0.05},"geometry":{"type":"Point","coordinates":[-97.49268,31.67208]}},{"type":"Feature","properties":{"i":0.84},"geometry":{"type":"Point","coordinates":[-97.44873,31.67208]}},{"type":"Feature","properties":{"i":0.13},"geometry":{"type":"Point","coordinates":[-97.31689,31.67208]}},{"type":"Feature","properties":{"i":0.14},"geometry":{"type":"Point","coordinates":[-97.14111,31.67208]}},{"type":"Feature","properties":{"i":0.71},"geometry":{"type":"Point","coordinates":[-97.09717,31.67208]}},{"type":"Feature","properties":{"i":0.27},"geometry":{"type":"Point","coordinates":[-97.05322,31.67208]}},{"type":"Feature","properties":{"i":0.18},"geometry":{"type":"Point","coordinates":[-96.96533,31.67208]}},{"type":"Feature","properties":{"i":0.13},"geometry":{"type":"Point","coordinates":[-96.56982,31.67208]}},{"type":"Feature","properties":{"i":0.24},"geometry":{"type":"Point","coordinates":[-96.52588,31.67208]}},{"type":"Feature","properties":{"i":1},"geometry":{"type":"Point","coordinates":[-96.48193,31.67208]}},{"type":"Feature","properties":{"i":1},"geometry":{"type":"Point","coordinates":[-96.43799,31.67208]}},{"type":"Feature","properties":{"i":0.28},"geometry":{"type":"Point","coordinates":[-96.39404,31.67208]}},{"type":"Feature","properties":{"i":0.43},"geometry":{"type":"Point","coordinates":[-96.3501,31.67208]}},{"type":"Feature","properties":{"i":0.22},"geometry":{"type":"Point","coordinates":[-96.21826,31.67208]}},{"type":"Feature","properties":{"i":0.8},"geometry":{"type":"Point","coordinates":[-96.17432,31.67208]}},{"type":"Feature","properties":{"i":0.95},"geometry":{"type":"Point","coordinates":[-95.73486,31.67208]}},{"type":"Feature","properties":{"i":0.17},"geometry":{"type":"Point","coordinates":[-95.69092,31.67208]}},{"type":"Feature","properties":{"i":0.14},"geometry":{"type":"Point","coordinates":[-97.44873,31.63468]}},{"type":"Feature","properties":{"i":0.46},"geometry":{"type":"Point","coordinates":[-97.31689,31.63468]}},{"type":"Feature","properties":{"i":0.69},"geometry":{"type":"Point","coordinates":[-97.27295,31.63468]}},{"type":"Feature","properties":{"i":0.9},"geometry":{"type":"Point","coordinates":[-97.229,31.63468]}},{"type":"Feature","properties":{"i":0.24},"geometry":{"type":"Point","coordinates":[-97.18506,31.63468]}},{"type":"Feature","properties":{"i":0.41},"geometry":{"type":"Point","coordinates":[-97.14111,31.63468]}},{"type":"Feature","properties":{"i":1},"geometry":{"type":"Point","coordinates":[-97.09717,31.63468]}},{"type":"Feature","properties":{"i":1},"geometry":{"type":"Point","coordinates":[-97.05322,31.63468]}},{"type":"Feature","properties":{"i":0.22},"geometry":{"type":"Point","coordinates":[-97.00928,31.63468]}},{"type":"Feature","properties":{"i":0.48},"geometry":{"type":"Point","coordinates":[-96.96533,31.63468]}},{"type":"Feature","properties":{"i":0.11},"geometry":{"type":"Point","coordinates":[-96.78955,31.63468]}},{"type":"Feature","properties":{"i":0.15},"geometry":{"type":"Point","coordinates":[-96.56982,31.63468]}},{"type":"Feature","properties":{"i":0.27},"geometry":{"type":"Point","coordinates":[-96.52588,31.63468]}},{"type":"Feature","properties":{"i":0.7},"geometry":{"type":"Point","coordinates":[-96.30615,31.63468]}},{"type":"Feature","properties":{"i":0.9},"geometry":{"type":"Point","coordinates":[-96.26221,31.63468]}},{"type":"Feature","properties":{"i":0.46},"geometry":{"type":"Point","coordinates":[-96.21826,31.63468]}},{"type":"Feature","properties":{"i":0.05},"geometry":{"type":"Point","coordinates":[-96.17432,31.63468]}},{"type":"Feature","properties":{"i":0.37},"geometry":{"type":"Point","coordinates":[-96.13037,31.63468]}},{"type":"Feature","properties":{"i":0.25},"geometry":{"type":"Point","coordinates":[-95.77881,31.63468]}},{"type":"Feature","properties":{"i":0.25},"geometry":{"type":"Point","coordinates":[-97.88818,31.59725]}},{"type":"Feature","properties":{"i":0.07},"geometry":{"type":"Point","coordinates":[-97.36084,31.59725]}},{"type":"Feature","properties":{"i":0.07},"geometry":{"type":"Point","coordinates":[-97.31689,31.59725]}},{"type":"Feature","properties":{"i":0.22},"geometry":{"type":"Point","coordinates":[-97.27295,31.59725]}},{"type":"Feature","properties":{"i":0.76},"geometry":{"type":"Point","coordinates":[-97.229,31.59725]}},{"type":"Feature","properties":{"i":0.85},"geometry":{"type":"Point","coordinates":[-97.18506,31.59725]}},{"type":"Feature","properties":{"i":1},"geometry":{"type":"Point","coordinates":[-97.14111,31.59725]}},{"type":"Feature","properties":{"i":1},"geometry":{"type":"Point","coordinates":[-97.09717,31.59725]}},{"type":"Feature","properties":{"i":0.7},"geometry":{"type":"Point","coordinates":[-97.05322,31.59725]}},{"type":"Feature","properties":{"i":0.25},"geometry":{"type":"Point","coordinates":[-97.00928,31.59725]}},{"type":"Feature","properties":{"i":0.39},"geometry":{"type":"Point","coordinates":[-96.96533,31.59725]}},{"type":"Feature","properties":{"i":0.19},"geometry":{"type":"Point","coordinates":[-96.61377,31.59725]}},{"type":"Feature","properties":{"i":0.03},"geometry":{"type":"Point","coordinates":[-96.52588,31.59725]}},{"type":"Feature","properties":{"i":0.22},"geometry":{"type":"Point","coordinates":[-96.26221,31.59725]}},{"type":"Feature","properties":{"i":0.1},"geometry":{"type":"Point","coordinates":[-96.21826,31.59725]}},{"type":"Feature","properties":{"i":0.42},"geometry":{"type":"Point","coordinates":[-96.17432,31.59725]}},{"type":"Feature","properties":{"i":1},"geometry":{"type":"Point","coordinates":[-96.13037,31.59725]}},{"type":"Feature","properties":{"i":0.72},"geometry":{"type":"Point","coordinates":[-96.08643,31.59725]}},{"type":"Feature","properties":{"i":0.51},"geometry":{"type":"Point","coordinates":[-95.99854,31.59725]}},{"type":"Feature","properties":{"i":0.55},"geometry":{"type":"Point","coordinates":[-95.95459,31.59725]}},{"type":"Feature","properties":{"i":0.27},"geometry":{"type":"Point","coordinates":[-95.8667,31.59725]}},{"type":"Feature","properties":{"i":0.58},"geometry":{"type":"Point","coordinates":[-95.82275,31.59725]}},{"type":"Feature","properties":{"i":0.55},"geometry":{"type":"Point","coordinates":[-97.66846,31.55981]}},{"type":"Feature","properties":{"i":0.55},"geometry":{"type":"Point","coordinates":[-97.31689,31.55981]}},{"type":"Feature","properties":{"i":0.73},"geometry":{"type":"Point","coordinates":[-97.27295,31.55981]}},{"type":"Feature","properties":{"i":0.21},"geometry":{"type":"Point","coordinates":[-97.229,31.55981]}},{"type":"Feature","properties":{"i":0.98},"geometry":{"type":"Point","coordinates":[-97.18506,31.55981]}},{"type":"Feature","properties":{"i":1},"geometry":{"type":"Point","coordinates":[-97.14111,31.55981]}},{"type":"Feature","properties":{"i":1},"geometry":{"type":"Point","coordinates":[-97.09717,31.55981]}},{"type":"Feature","properties":{"i":0.62},"geometry":{"type":"Point","coordinates":[-97.05322,31.55981]}},{"type":"Feature","properties":{"i":0.69},"geometry":{"type":"Point","coordinates":[-96.8335,31.55981]}},{"type":"Feature","properties":{"i":0.18},"geometry":{"type":"Point","coordinates":[-96.61377,31.55981]}},{"type":"Feature","properties":{"i":0.56},"geometry":{"type":"Point","coordinates":[-96.52588,31.55981]}},{"type":"Feature","properties":{"i":0.16},"geometry":{"type":"Point","coordinates":[-96.13037,31.55981]}},{"type":"Feature","properties":{"i":1},"geometry":{"type":"Point","coordinates":[-96.04248,31.55981]}},{"type":"Feature","properties":{"i":0.3},"geometry":{"type":"Point","coordinates":[-95.91064,31.55981]}},{"type":"Feature","properties":{"i":0.09},"geometry":{"type":"Point","coordinates":[-95.8667,31.55981]}},{"type":"Feature","properties":{"i":0.8},"geometry":{"type":"Point","coordinates":[-97.44873,31.52236]}},{"type":"Feature","properties":{"i":0.24},"geometry":{"type":"Point","coordinates":[-97.40479,31.52236]}},{"type":"Feature","properties":{"i":0.15},"geometry":{"type":"Point","coordinates":[-97.36084,31.52236]}},{"type":"Feature","properties":{"i":0.19},"geometry":{"type":"Point","coordinates":[-97.31689,31.52236]}},{"type":"Feature","properties":{"i":0.46},"geometry":{"type":"Point","coordinates":[-97.27295,31.52236]}},{"type":"Feature","properties":{"i":0.72},"geometry":{"type":"Point","coordinates":[-97.229,31.52236]}},{"type":"Feature","properties":{"i":1},"geometry":{"type":"Point","coordinates":[-97.18506,31.52236]}},{"type":"Feature","properties":{"i":1},"geometry":{"type":"Point","coordinates":[-97.14111,31.52236]}},{"type":"Feature","properties":{"i":1},"geometry":{"type":"Point","coordinates":[-97.09717,31.52236]}},{"type":"Feature","properties":{"i":0.81},"geometry":{"type":"Point","coordinates":[-97.05322,31.52236]}},{"type":"Feature","properties":{"i":0.22},"geometry":{"type":"Point","coordinates":[-96.96533,31.52236]}},{"type":"Feature","properties":{"i":1},"geometry":{"type":"Point","coordinates":[-96.8335,31.52236]}},{"type":"Feature","properties":{"i":0.05},"geometry":{"type":"Point","coordinates":[-96.78955,31.52236]}},{"type":"Feature","properties":{"i":0.79},"geometry":{"type":"Point","coordinates":[-96.52588,31.52236]}},{"type":"Feature","properties":{"i":0.41},"geometry":{"type":"Point","coordinates":[-96.48193,31.52236]}},{"type":"Feature","properties":{"i":0.34},"geometry":{"type":"Point","coordinates":[-96.17432,31.52236]}},{"type":"Feature","properties":{"i":0.65},"geometry":{"type":"Point","coordinates":[-98.15186,31.48489]}},{"type":"Feature","properties":{"i":0.07},"geometry":{"type":"Point","coordinates":[-97.75635,31.48489]}},{"type":"Feature","properties":{"i":0.84},"geometry":{"type":"Point","coordinates":[-97.7124,31.48489]}},{"type":"Feature","properties":{"i":0.1},"geometry":{"type":"Point","coordinates":[-97.66846,31.48489]}},{"type":"Feature","properties":{"i":0.81},"geometry":{"type":"Point","coordinates":[-97.31689,31.48489]}},{"type":"Feature","properties":{"i":0.79},"geometry":{"type":"Point","coordinates":[-97.27295,31.48489]}},{"type":"Feature","properties":{"i":1},"geometry":{"type":"Point","coordinates":[-97.229,31.48489]}},{"type":"Feature","properties":{"i":1},"geometry":{"type":"Point","coordinates":[-97.18506,31.48489]}},{"type":"Feature","properties":{"i":1},"geometry":{"type":"Point","coordinates":[-97.14111,31.48489]}},{"type":"Feature","properties":{"i":0.91},"geometry":{"type":"Point","coordinates":[-97.09717,31.48489]}},{"type":"Feature","properties":{"i":0.38},"geometry":{"type":"Point","coordinates":[-97.05322,31.48489]}},{"type":"Feature","properties":{"i":0.42},"geometry":{"type":"Point","coordinates":[-96.96533,31.48489]}},{"type":"Feature","properties":{"i":0.57},"geometry":{"type":"Point","coordinates":[-96.92139,31.48489]}},{"type":"Feature","properties":{"i":0.25},"geometry":{"type":"Point","coordinates":[-96.78955,31.48489]}},{"type":"Feature","properties":{"i":0.08},"geometry":{"type":"Point","coordinates":[-96.08643,31.48489]}},{"type":"Feature","properties":{"i":0.18},"geometry":{"type":"Point","coordinates":[-96.04248,31.48489]}},{"type":"Feature","properties":{"i":0.18},"geometry":{"type":"Point","coordinates":[-95.95459,31.48489]}},{"type":"Feature","properties":{"i":0.64},"geometry":{"type":"Point","coordinates":[-97.75635,31.44741]}},{"type":"Feature","properties":{"i":0.65},"geometry":{"type":"Point","coordinates":[-97.7124,31.44741]}},{"type":"Feature","properties":{"i":0.38},"geometry":{"type":"Point","coordinates":[-97.44873,31.44741]}},{"type":"Feature","properties":{"i":0.97},"geometry":{"type":"Point","coordinates":[-97.40479,31.44741]}},{"type":"Feature","properties":{"i":0.87},"geometry":{"type":"Point","coordinates":[-97.36084,31.44741]}},{"type":"Feature","properties":{"i":0.3},"geometry":{"type":"Point","coordinates":[-97.31689,31.44741]}},{"type":"Feature","properties":{"i":0.78},"geometry":{"type":"Point","coordinates":[-97.27295,31.44741]}},{"type":"Feature","properties":{"i":0.78},"geometry":{"type":"Point","coordinates":[-97.229,31.44741]}},{"type":"Feature","properties":{"i":1},"geometry":{"type":"Point","coordinates":[-97.18506,31.44741]}},{"type":"Feature","properties":{"i":1},"geometry":{"type":"Point","coordinates":[-97.14111,31.44741]}},{"type":"Feature","properties":{"i":0.87},"geometry":{"type":"Point","coordinates":[-97.09717,31.44741]}},{"type":"Feature","properties":{"i":0.3},"geometry":{"type":"Point","coordinates":[-97.05322,31.44741]}},{"type":"Feature","properties":{"i":0.25},"geometry":{"type":"Point","coordinates":[-96.96533,31.44741]}},{"type":"Feature","properties":{"i":0.17},"geometry":{"type":"Point","coordinates":[-96.26221,31.44741]}},{"type":"Feature","properties":{"i":1},"geometry":{"type":"Point","coordinates":[-96.08643,31.44741]}},{"type":"Feature","properties":{"i":0.79},"geometry":{"type":"Point","coordinates":[-96.04248,31.44741]}},{"type":"Feature","properties":{"i":0.45},"geometry":{"type":"Point","coordinates":[-97.80029,31.40991]}},{"type":"Feature","properties":{"i":0.72},"geometry":{"type":"Point","coordinates":[-97.75635,31.40991]}},{"type":"Feature","properties":{"i":1},"geometry":{"type":"Point","coordinates":[-97.7124,31.40991]}},{"type":"Feature","properties":{"i":0.33},"geometry":{"type":"Point","coordinates":[-97.66846,31.40991]}},{"type":"Feature","properties":{"i":0.28},"geometry":{"type":"Point","coordinates":[-97.49268,31.40991]}},{"type":"Feature","properties":{"i":1},"geometry":{"type":"Point","coordinates":[-97.44873,31.40991]}},{"type":"Feature","properties":{"i":0.8},"geometry":{"type":"Point","coordinates":[-97.40479,31.40991]}},{"type":"Feature","properties":{"i":0.11},"geometry":{"type":"Point","coordinates":[-97.36084,31.40991]}},{"type":"Feature","properties":{"i":0.21},"geometry":{"type":"Point","coordinates":[-97.27295,31.40991]}},{"type":"Feature","properties":{"i":0.4},"geometry":{"type":"Point","coordinates":[-97.229,31.40991]}},{"type":"Feature","properties":{"i":0.91},"geometry":{"type":"Point","coordinates":[-97.18506,31.40991]}},{"type":"Feature","properties":{"i":0.18},"geometry":{"type":"Point","coordinates":[-97.14111,31.40991]}},{"type":"Feature","properties":{"i":0.16},"geometry":{"type":"Point","coordinates":[-97.09717,31.40991]}},{"type":"Feature","properties":{"i":0.07},"geometry":{"type":"Point","coordinates":[-96.56982,31.40991]}},{"type":"Feature","properties":{"i":1},"geometry":{"type":"Point","coordinates":[-96.26221,31.40991]}},{"type":"Feature","properties":{"i":0.76},"geometry":{"type":"Point","coordinates":[-96.21826,31.40991]}},{"type":"Feature","properties":{"i":0.33},"geometry":{"type":"Point","coordinates":[-96.08643,31.40991]}},{"type":"Feature","properties":{"i":0.22},"geometry":{"type":"Point","coordinates":[-97.84424,31.3724]}},{"type":"Feature","properties":{"i":0.94},"geometry":{"type":"Point","coordinates":[-97.7124,31.3724]}},{"type":"Feature","properties":{"i":1},"geometry":{"type":"Point","coordinates":[-97.66846,31.3724]}},{"type":"Feature","properties":{"i":0.9},"geometry":{"type":"Point","coordinates":[-97.44873,31.3724]}},{"type":"Feature","properties":{"i":0.33},"geometry":{"type":"Point","coordinates":[-97.40479,31.3724]}},{"type":"Feature","properties":{"i":0.71},"geometry":{"type":"Point","coordinates":[-97.229,31.3724]}},{"type":"Feature","properties":{"i":0.94},"geometry":{"type":"Point","coordinates":[-97.18506,31.3724]}},{"type":"Feature","properties":{"i":0.3},"geometry":{"type":"Point","coordinates":[-97.09717,31.3724]}},{"type":"Feature","properties":{"i":0.25},"geometry":{"type":"Point","coordinates":[-97.05322,31.3724]}},{"type":"Feature","properties":{"i":0.16},"geometry":{"type":"Point","coordinates":[-96.21826,31.3724]}},{"type":"Feature","properties":{"i":0.62},"geometry":{"type":"Point","coordinates":[-96.17432,31.3724]}},{"type":"Feature","properties":{"i":0.59},"geometry":{"type":"Point","coordinates":[-96.13037,31.3724]}},{"type":"Feature","properties":{"i":0.37},"geometry":{"type":"Point","coordinates":[-95.99854,31.3724]}},{"type":"Feature","properties":{"i":0.3},"geometry":{"type":"Point","coordinates":[-97.66846,31.33487]}},{"type":"Feature","properties":{"i":0.3},"geometry":{"type":"Point","coordinates":[-97.27295,31.33487]}},{"type":"Feature","properties":{"i":0.71},"geometry":{"type":"Point","coordinates":[-97.229,31.33487]}},{"type":"Feature","properties":{"i":0.23},"geometry":{"type":"Point","coordinates":[-97.09717,31.33487]}},{"type":"Feature","properties":{"i":0.25},"geometry":{"type":"Point","coordinates":[-97.05322,31.33487]}},{"type":"Feature","properties":{"i":0.11},"geometry":{"type":"Point","coordinates":[-96.92139,31.33487]}},{"type":"Feature","properties":{"i":0.8},"geometry":{"type":"Point","coordinates":[-96.87744,31.33487]}},{"type":"Feature","properties":{"i":0.08},"geometry":{"type":"Point","coordinates":[-96.39404,31.33487]}},{"type":"Feature","properties":{"i":0.32},"geometry":{"type":"Point","coordinates":[-96.21826,31.33487]}},{"type":"Feature","properties":{"i":1},"geometry":{"type":"Point","coordinates":[-96.17432,31.33487]}},{"type":"Feature","properties":{"i":0.58},"geometry":{"type":"Point","coordinates":[-96.13037,31.33487]}},{"type":"Feature","properties":{"i":0.57},"geometry":{"type":"Point","coordinates":[-96.08643,31.33487]}},{"type":"Feature","properties":{"i":0.47},"geometry":{"type":"Point","coordinates":[-97.36084,31.29733]}},{"type":"Feature","properties":{"i":0.27},"geometry":{"type":"Point","coordinates":[-97.27295,31.29733]}},{"type":"Feature","properties":{"i":0.48},"geometry":{"type":"Point","coordinates":[-97.229,31.29733]}},{"type":"Feature","properties":{"i":0.11},"geometry":{"type":"Point","coordinates":[-97.05322,31.29733]}},{"type":"Feature","properties":{"i":0.49},"geometry":{"type":"Point","coordinates":[-96.92139,31.29733]}},{"type":"Feature","properties":{"i":1},"geometry":{"type":"Point","coordinates":[-96.87744,31.29733]}},{"type":"Feature","properties":{"i":0.32},"geometry":{"type":"Point","coordinates":[-96.8335,31.29733]}},{"type":"Feature","properties":{"i":0.28},"geometry":{"type":"Point","coordinates":[-96.61377,31.29733]}},{"type":"Feature","properties":{"i":0.51},"geometry":{"type":"Point","coordinates":[-96.48193,31.29733]}},{"type":"Feature","properties":{"i":0.19},"geometry":{"type":"Point","coordinates":[-96.21826,31.29733]}},{"type":"Feature","properties":{"i":0.19},"geometry":{"type":"Point","coordinates":[-96.17432,31.29733]}},{"type":"Feature","properties":{"i":0.33},"geometry":{"type":"Point","coordinates":[-96.13037,31.29733]}},{"type":"Feature","properties":{"i":0.4},"geometry":{"type":"Point","coordinates":[-96.08643,31.29733]}},{"type":"Feature","properties":{"i":0.16},"geometry":{"type":"Point","coordinates":[-97.36084,31.25977]}},{"type":"Feature","properties":{"i":1},"geometry":{"type":"Point","coordinates":[-97.27295,31.25977]}},{"type":"Feature","properties":{"i":0.64},"geometry":{"type":"Point","coordinates":[-97.229,31.25977]}},{"type":"Feature","properties":{"i":0.04},"geometry":{"type":"Point","coordinates":[-97.05322,31.25977]}},{"type":"Feature","properties":{"i":0.47},"geometry":{"type":"Point","coordinates":[-96.92139,31.25977]}},{"type":"Feature","properties":{"i":1},"geometry":{"type":"Point","coordinates":[-96.48193,31.25977]}},{"type":"Feature","properties":{"i":0.31},"geometry":{"type":"Point","coordinates":[-96.43799,31.25977]}},{"type":"Feature","properties":{"i":0.19},"geometry":{"type":"Point","coordinates":[-96.26221,31.25977]}},{"type":"Feature","properties":{"i":0.18},"geometry":{"type":"Point","coordinates":[-96.21826,31.25977]}},{"type":"Feature","properties":{"i":0.27},"geometry":{"type":"Point","coordinates":[-96.17432,31.25977]}},{"type":"Feature","properties":{"i":0.08},"geometry":{"type":"Point","coordinates":[-96.13037,31.25977]}},{"type":"Feature","properties":{"i":0.69},"geometry":{"type":"Point","coordinates":[-96.08643,31.25977]}},{"type":"Feature","properties":{"i":0.86},"geometry":{"type":"Point","coordinates":[-95.99854,31.25977]}},{"type":"Feature","properties":{"i":0.86},"geometry":{"type":"Point","coordinates":[-95.95459,31.25977]}},{"type":"Feature","properties":{"i":0.46},"geometry":{"type":"Point","coordinates":[-98.37158,31.2222]}},{"type":"Feature","properties":{"i":0.83},"geometry":{"type":"Point","coordinates":[-97.31689,31.2222]}},{"type":"Feature","properties":{"i":0.56},"geometry":{"type":"Point","coordinates":[-97.27295,31.2222]}},{"type":"Feature","properties":{"i":0.25},"geometry":{"type":"Point","coordinates":[-97.09717,31.2222]}},{"type":"Feature","properties":{"i":0.22},"geometry":{"type":"Point","coordinates":[-97.05322,31.2222]}},{"type":"Feature","properties":{"i":0.18},"geometry":{"type":"Point","coordinates":[-97.00928,31.2222]}},{"type":"Feature","properties":{"i":0.33},"geometry":{"type":"Point","coordinates":[-96.78955,31.2222]}},{"type":"Feature","properties":{"i":0.73},"geometry":{"type":"Point","coordinates":[-96.3501,31.2222]}},{"type":"Feature","properties":{"i":0.04},"geometry":{"type":"Point","coordinates":[-96.26221,31.2222]}},{"type":"Feature","properties":{"i":0.1},"geometry":{"type":"Point","coordinates":[-96.21826,31.2222]}},{"type":"Feature","properties":{"i":0.32},"geometry":{"type":"Point","coordinates":[-97.93213,31.18461]}},{"type":"Feature","properties":{"i":0.33},"geometry":{"type":"Point","coordinates":[-97.88818,31.18461]}},{"type":"Feature","properties":{"i":0.12},"geometry":{"type":"Point","coordinates":[-97.84424,31.18461]}},{"type":"Feature","properties":{"i":0.23},"geometry":{"type":"Point","coordinates":[-97.80029,31.18461]}},{"type":"Feature","properties":{"i":0.22},"geometry":{"type":"Point","coordinates":[-97.75635,31.18461]}},{"type":"Feature","properties":{"i":0.16},"geometry":{"type":"Point","coordinates":[-97.7124,31.18461]}},{"type":"Feature","properties":{"i":0.03},"geometry":{"type":"Point","coordinates":[-97.66846,31.18461]}},{"type":"Feature","properties":{"i":0.25},"geometry":{"type":"Point","coordinates":[-97.49268,31.18461]}},{"type":"Feature","properties":{"i":0.53},"geometry":{"type":"Point","coordinates":[-97.44873,31.18461]}},{"type":"Feature","properties":{"i":0.22},"geometry":{"type":"Point","coordinates":[-97.40479,31.18461]}},{"type":"Feature","properties":{"i":0.1},"geometry":{"type":"Point","coordinates":[-97.36084,31.18461]}},{"type":"Feature","properties":{"i":0.83},"geometry":{"type":"Point","coordinates":[-97.31689,31.18461]}},{"type":"Feature","properties":{"i":0.3},"geometry":{"type":"Point","coordinates":[-97.27295,31.18461]}},{"type":"Feature","properties":{"i":0.47},"geometry":{"type":"Point","coordinates":[-97.05322,31.18461]}},{"type":"Feature","properties":{"i":0.33},"geometry":{"type":"Point","coordinates":[-97.00928,31.18461]}},{"type":"Feature","properties":{"i":0.3},"geometry":{"type":"Point","coordinates":[-96.65771,31.18461]}},{"type":"Feature","properties":{"i":0.1},"geometry":{"type":"Point","coordinates":[-96.56982,31.18461]}},{"type":"Feature","properties":{"i":0.69},"geometry":{"type":"Point","coordinates":[-96.48193,31.18461]}},{"type":"Feature","properties":{"i":0.4},"geometry":{"type":"Point","coordinates":[-96.30615,31.18461]}},{"type":"Feature","properties":{"i":0.13},"geometry":{"type":"Point","coordinates":[-97.97607,31.14701]}},{"type":"Feature","properties":{"i":0.6},"geometry":{"type":"Point","coordinates":[-97.93213,31.14701]}},{"type":"Feature","properties":{"i":0.97},"geometry":{"type":"Point","coordinates":[-97.88818,31.14701]}},{"type":"Feature","properties":{"i":0.78},"geometry":{"type":"Point","coordinates":[-97.84424,31.14701]}},{"type":"Feature","properties":{"i":1},"geometry":{"type":"Point","coordinates":[-97.80029,31.14701]}},{"type":"Feature","properties":{"i":1},"geometry":{"type":"Point","coordinates":[-97.75635,31.14701]}},{"type":"Feature","properties":{"i":1},"geometry":{"type":"Point","coordinates":[-97.7124,31.14701]}},{"type":"Feature","properties":{"i":0.98},"geometry":{"type":"Point","coordinates":[-97.66846,31.14701]}},{"type":"Feature","properties":{"i":0.36},"geometry":{"type":"Point","coordinates":[-97.53662,31.14701]}},{"type":"Feature","properties":{"i":0.38},"geometry":{"type":"Point","coordinates":[-97.49268,31.14701]}},{"type":"Feature","properties":{"i":0.92},"geometry":{"type":"Point","coordinates":[-97.44873,31.14701]}},{"type":"Feature","properties":{"i":0.92},"geometry":{"type":"Point","coordinates":[-97.40479,31.14701]}},{"type":"Feature","properties":{"i":1},"geometry":{"type":"Point","coordinates":[-97.36084,31.14701]}},{"type":"Feature","properties":{"i":1},"geometry":{"type":"Point","coordinates":[-97.31689,31.14701]}},{"type":"Feature","properties":{"i":0.16},"geometry":{"type":"Point","coordinates":[-97.27295,31.14701]}},{"type":"Feature","properties":{"i":0.47},"geometry":{"type":"Point","coordinates":[-97.00928,31.14701]}},{"type":"Feature","properties":{"i":0.75},"geometry":{"type":"Point","coordinates":[-96.65771,31.14701]}},{"type":"Feature","properties":{"i":0.63},"geometry":{"type":"Point","coordinates":[-96.56982,31.14701]}},{"type":"Feature","properties":{"i":0.4},"geometry":{"type":"Point","coordinates":[-96.3501,31.14701]}},{"type":"Feature","properties":{"i":0.08},"geometry":{"type":"Point","coordinates":[-97.97607,31.10939]}},{"type":"Feature","properties":{"i":0.61},"geometry":{"type":"Point","coordinates":[-97.93213,31.10939]}},{"type":"Feature","properties":{"i":1},"geometry":{"type":"Point","coordinates":[-97.88818,31.10939]}},{"type":"Feature","properties":{"i":1},"geometry":{"type":"Point","coordinates":[-97.84424,31.10939]}},{"type":"Feature","properties":{"i":1},"geometry":{"type":"Point","coordinates":[-97.80029,31.10939]}},{"type":"Feature","properties":{"i":1},"geometry":{"type":"Point","coordinates":[-97.75635,31.10939]}},{"type":"Feature","properties":{"i":1},"geometry":{"type":"Point","coordinates":[-97.7124,31.10939]}},{"type":"Feature","properties":{"i":1},"geometry":{"type":"Point","coordinates":[-97.66846,31.10939]}},{"type":"Feature","properties":{"i":0.49},"geometry":{"type":"Point","coordinates":[-97.62451,31.10939]}},{"type":"Feature","properties":{"i":0.25},"geometry":{"type":"Point","coordinates":[-97.58057,31.10939]}},{"type":"Feature","properties":{"i":0.35},"geometry":{"type":"Point","coordinates":[-97.53662,31.10939]}},{"type":"Feature","properties":{"i":0.58},"geometry":{"type":"Point","coordinates":[-97.49268,31.10939]}},{"type":"Feature","properties":{"i":1},"geometry":{"type":"Point","coordinates":[-97.44873,31.10939]}},{"type":"Feature","properties":{"i":1},"geometry":{"type":"Point","coordinates":[-97.40479,31.10939]}},{"type":"Feature","properties":{"i":1},"geometry":{"type":"Point","coordinates":[-97.36084,31.10939]}},{"type":"Feature","properties":{"i":1},"geometry":{"type":"Point","coordinates":[-97.31689,31.10939]}},{"type":"Feature","properties":{"i":0.27},"geometry":{"type":"Point","coordinates":[-97.27295,31.10939]}},{"type":"Feature","properties":{"i":0.1},"geometry":{"type":"Point","coordinates":[-97.09717,31.10939]}},{"type":"Feature","properties":{"i":0.12},"geometry":{"type":"Point","coordinates":[-97.00928,31.10939]}},{"type":"Feature","properties":{"i":0.63},"geometry":{"type":"Point","coordinates":[-96.70166,31.10939]}},{"type":"Feature","properties":{"i":0.38},"geometry":{"type":"Point","coordinates":[-96.65771,31.10939]}},{"type":"Feature","properties":{"i":0.37},"geometry":{"type":"Point","coordinates":[-96.30615,31.10939]}},{"type":"Feature","properties":{"i":0.19},"geometry":{"type":"Point","coordinates":[-95.95459,31.10939]}},{"type":"Feature","properties":{"i":0.79},"geometry":{"type":"Point","coordinates":[-98.1958,31.07176]}},{"type":"Feature","properties":{"i":0.71},"geometry":{"type":"Point","coordinates":[-98.15186,31.07176]}},{"type":"Feature","properties":{"i":0.19},"geometry":{"type":"Point","coordinates":[-98.06396,31.07176]}},{"type":"Feature","properties":{"i":0.1},"geometry":{"type":"Point","coordinates":[-98.02002,31.07176]}},{"type":"Feature","properties":{"i":0.56},"geometry":{"type":"Point","coordinates":[-97.97607,31.07176]}},{"type":"Feature","properties":{"i":0.45},"geometry":{"type":"Point","coordinates":[-97.93213,31.07176]}},{"type":"Feature","properties":{"i":0.3},"geometry":{"type":"Point","coordinates":[-97.88818,31.07176]}},{"type":"Feature","properties":{"i":0.98},"geometry":{"type":"Point","coordinates":[-97.84424,31.07176]}},{"type":"Feature","properties":{"i":1},"geometry":{"type":"Point","coordinates":[-97.80029,31.07176]}},{"type":"Feature","properties":{"i":1},"geometry":{"type":"Point","coordinates":[-97.75635,31.07176]}},{"type":"Feature","properties":{"i":1},"geometry":{"type":"Point","coordinates":[-97.7124,31.07176]}},{"type":"Feature","properties":{"i":1},"geometry":{"type":"Point","coordinates":[-97.66846,31.07176]}},{"type":"Feature","properties":{"i":0.92},"geometry":{"type":"Point","coordinates":[-97.62451,31.07176]}},{"type":"Feature","properties":{"i":0.79},"geometry":{"type":"Point","coordinates":[-97.58057,31.07176]}},{"type":"Feature","properties":{"i":0.72},"geometry":{"type":"Point","coordinates":[-97.53662,31.07176]}},{"type":"Feature","properties":{"i":0.77},"geometry":{"type":"Point","coordinates":[-97.49268,31.07176]}},{"type":"Feature","properties":{"i":1},"geometry":{"type":"Point","coordinates":[-97.44873,31.07176]}},{"type":"Feature","properties":{"i":0.97},"geometry":{"type":"Point","coordinates":[-97.40479,31.07176]}},{"type":"Feature","properties":{"i":1},"geometry":{"type":"Point","coordinates":[-97.36084,31.07176]}},{"type":"Feature","properties":{"i":1},"geometry":{"type":"Point","coordinates":[-97.31689,31.07176]}},{"type":"Feature","properties":{"i":1},"geometry":{"type":"Point","coordinates":[-97.27295,31.07176]}},{"type":"Feature","properties":{"i":0.57},"geometry":{"type":"Point","coordinates":[-96.96533,31.07176]}},{"type":"Feature","properties":{"i":0.09},"geometry":{"type":"Point","coordinates":[-96.74561,31.07176]}},{"type":"Feature","properties":{"i":0.59},"geometry":{"type":"Point","coordinates":[-96.70166,31.07176]}},{"type":"Feature","properties":{"i":0.33},"geometry":{"type":"Point","coordinates":[-96.65771,31.07176]}},{"type":"Feature","properties":{"i":0.53},"geometry":{"type":"Point","coordinates":[-96.61377,31.07176]}},{"type":"Feature","properties":{"i":0.34},"geometry":{"type":"Point","coordinates":[-96.21826,31.07176]}},{"type":"Feature","properties":{"i":0.91},"geometry":{"type":"Point","coordinates":[-98.1958,31.03411]}},{"type":"Feature","properties":{"i":0.89},"geometry":{"type":"Point","coordinates":[-98.15186,31.03411]}},{"type":"Feature","properties":{"i":0.3},"geometry":{"type":"Point","coordinates":[-98.10791,31.03411]}},{"type":"Feature","properties":{"i":0.17},"geometry":{"type":"Point","coordinates":[-97.93213,31.03411]}},{"type":"Feature","properties":{"i":0.22},"geometry":{"type":"Point","coordinates":[-97.88818,31.03411]}},{"type":"Feature","properties":{"i":0.33},"geometry":{"type":"Point","coordinates":[-97.80029,31.03411]}},{"type":"Feature","properties":{"i":0.86},"geometry":{"type":"Point","coordinates":[-97.75635,31.03411]}},{"type":"Feature","properties":{"i":1},"geometry":{"type":"Point","coordinates":[-97.7124,31.03411]}},{"type":"Feature","properties":{"i":1},"geometry":{"type":"Point","coordinates":[-97.66846,31.03411]}},{"type":"Feature","properties":{"i":1},"geometry":{"type":"Point","coordinates":[-97.62451,31.03411]}},{"type":"Feature","properties":{"i":0.32},"geometry":{"type":"Point","coordinates":[-97.58057,31.03411]}},{"type":"Feature","properties":{"i":1},"geometry":{"type":"Point","coordinates":[-97.53662,31.03411]}},{"type":"Feature","properties":{"i":0.97},"geometry":{"type":"Point","coordinates":[-97.49268,31.03411]}},{"type":"Feature","properties":{"i":1},"geometry":{"type":"Point","coordinates":[-97.44873,31.03411]}},{"type":"Feature","properties":{"i":0.79},"geometry":{"type":"Point","coordinates":[-97.40479,31.03411]}},{"type":"Feature","properties":{"i":0.98},"geometry":{"type":"Point","coordinates":[-97.36084,31.03411]}},{"type":"Feature","properties":{"i":0.69},"geometry":{"type":"Point","coordinates":[-97.31689,31.03411]}},{"type":"Feature","properties":{"i":0.22},"geometry":{"type":"Point","coordinates":[-97.27295,31.03411]}},{"type":"Feature","properties":{"i":0.17},"geometry":{"type":"Point","coordinates":[-97.229,31.03411]}},{"type":"Feature","properties":{"i":0.07},"geometry":{"type":"Point","coordinates":[-97.18506,31.03411]}},{"type":"Feature","properties":{"i":0.09},"geometry":{"type":"Point","coordinates":[-96.92139,31.03411]}},{"type":"Feature","properties":{"i":0.34},"geometry":{"type":"Point","coordinates":[-96.87744,31.03411]}},{"type":"Feature","properties":{"i":0.45},"geometry":{"type":"Point","coordinates":[-96.48193,31.03411]}},{"type":"Feature","properties":{"i":0.85},"geometry":{"type":"Point","coordinates":[-96.13037,31.03411]}},{"type":"Feature","properties":{"i":0.65},"geometry":{"type":"Point","coordinates":[-96.08643,31.03411]}},{"type":"Feature","properties":{"i":0.62},"geometry":{"type":"Point","coordinates":[-95.91064,31.03411]}},{"type":"Feature","properties":{"i":0.36},"geometry":{"type":"Point","coordinates":[-95.73486,31.03411]}},{"type":"Feature","properties":{"i":0.11},"geometry":{"type":"Point","coordinates":[-97.80029,30.99645]}},{"type":"Feature","properties":{"i":0.43},"geometry":{"type":"Point","coordinates":[-97.75635,30.99645]}},{"type":"Feature","properties":{"i":0.4},"geometry":{"type":"Point","coordinates":[-97.7124,30.99645]}},{"type":"Feature","properties":{"i":0.28},"geometry":{"type":"Point","coordinates":[-97.66846,30.99645]}},{"type":"Feature","properties":{"i":0.25},"geometry":{"type":"Point","coordinates":[-97.62451,30.99645]}},{"type":"Feature","properties":{"i":0.25},"geometry":{"type":"Point","coordinates":[-97.58057,30.99645]}},{"type":"Feature","properties":{"i":0.24},"geometry":{"type":"Point","coordinates":[-97.53662,30.99645]}},{"type":"Feature","properties":{"i":0.35},"geometry":{"type":"Point","coordinates":[-97.49268,30.99645]}},{"type":"Feature","properties":{"i":0.37},"geometry":{"type":"Point","coordinates":[-97.44873,30.99645]}},{"type":"Feature","properties":{"i":0.08},"geometry":{"type":"Point","coordinates":[-97.40479,30.99645]}},{"type":"Feature","properties":{"i":0.47},"geometry":{"type":"Point","coordinates":[-97.36084,30.99645]}},{"type":"Feature","properties":{"i":0.71},"geometry":{"type":"Point","coordinates":[-97.31689,30.99645]}},{"type":"Feature","properties":{"i":0.16},"geometry":{"type":"Point","coordinates":[-97.27295,30.99645]}},{"type":"Feature","properties":{"i":0.17},"geometry":{"type":"Point","coordinates":[-97.229,30.99645]}},{"type":"Feature","properties":{"i":0.63},"geometry":{"type":"Point","coordinates":[-97.00928,30.99645]}},{"type":"Feature","properties":{"i":0.23},"geometry":{"type":"Point","coordinates":[-96.78955,30.99645]}},{"type":"Feature","properties":{"i":0.53},"geometry":{"type":"Point","coordinates":[-96.48193,30.99645]}},{"type":"Feature","properties":{"i":0.93},"geometry":{"type":"Point","coordinates":[-96.08643,30.99645]}},{"type":"Feature","properties":{"i":0.36},"geometry":{"type":"Point","coordinates":[-95.91064,30.99645]}},{"type":"Feature","properties":{"i":0.09},"geometry":{"type":"Point","coordinates":[-95.77881,30.99645]}},{"type":"Feature","properties":{"i":0.63},"geometry":{"type":"Point","coordinates":[-97.75635,30.95877]}},{"type":"Feature","properties":{"i":0.21},"geometry":{"type":"Point","coordinates":[-97.58057,30.95877]}},{"type":"Feature","properties":{"i":0.76},"geometry":{"type":"Point","coordinates":[-97.53662,30.95877]}},{"type":"Feature","properties":{"i":0.7},"geometry":{"type":"Point","coordinates":[-97.49268,30.95877]}},{"type":"Feature","properties":{"i":0.12},"geometry":{"type":"Point","coordinates":[-97.44873,30.95877]}},{"type":"Feature","properties":{"i":0.81},"geometry":{"type":"Point","coordinates":[-97.36084,30.95877]}},{"type":"Feature","properties":{"i":1},"geometry":{"type":"Point","coordinates":[-97.31689,30.95877]}},{"type":"Feature","properties":{"i":0.32},"geometry":{"type":"Point","coordinates":[-97.14111,30.95877]}},{"type":"Feature","properties":{"i":0.41},"geometry":{"type":"Point","coordinates":[-97.05322,30.95877]}},{"type":"Feature","properties":{"i":0.57},"geometry":{"type":"Point","coordinates":[-97.00928,30.95877]}},{"type":"Feature","properties":{"i":0.79},"geometry":{"type":"Point","coordinates":[-96.65771,30.95877]}},{"type":"Feature","properties":{"i":0.97},"geometry":{"type":"Point","coordinates":[-95.91064,30.95877]}},{"type":"Feature","properties":{"i":1},"geometry":{"type":"Point","coordinates":[-95.8667,30.95877]}},{"type":"Feature","properties":{"i":0.26},"geometry":{"type":"Point","coordinates":[-95.82275,30.95877]}},{"type":"Feature","properties":{"i":1},"geometry":{"type":"Point","coordinates":[-95.69092,30.95877]}},{"type":"Feature","properties":{"i":0.23},"geometry":{"type":"Point","coordinates":[-95.64697,30.95877]}},{"type":"Feature","properties":{"i":0.14},"geometry":{"type":"Point","coordinates":[-98.02002,30.92108]}},{"type":"Feature","properties":{"i":0.07},"geometry":{"type":"Point","coordinates":[-97.66846,30.92108]}},{"type":"Feature","properties":{"i":0.13},"geometry":{"type":"Point","coordinates":[-97.58057,30.92108]}},{"type":"Feature","properties":{"i":0.53},"geometry":{"type":"Point","coordinates":[-97.53662,30.92108]}},{"type":"Feature","properties":{"i":0.19},"geometry":{"type":"Point","coordinates":[-97.49268,30.92108]}},{"type":"Feature","properties":{"i":0.35},"geometry":{"type":"Point","coordinates":[-97.229,30.92108]}},{"type":"Feature","properties":{"i":0.46},"geometry":{"type":"Point","coordinates":[-96.30615,30.92108]}},{"type":"Feature","properties":{"i":0.22},"geometry":{"type":"Point","coordinates":[-96.08643,30.92108]}},{"type":"Feature","properties":{"i":0.44},"geometry":{"type":"Point","coordinates":[-95.91064,30.92108]}},{"type":"Feature","properties":{"i":0.18},"geometry":{"type":"Point","coordinates":[-95.8667,30.92108]}},{"type":"Feature","properties":{"i":0.46},"geometry":{"type":"Point","coordinates":[-95.82275,30.92108]}},{"type":"Feature","properties":{"i":0.84},"geometry":{"type":"Point","coordinates":[-97.93213,30.88337]}},{"type":"Feature","properties":{"i":0.49},"geometry":{"type":"Point","coordinates":[-97.7124,30.88337]}},{"type":"Feature","properties":{"i":0.12},"geometry":{"type":"Point","coordinates":[-97.62451,30.88337]}},{"type":"Feature","properties":{"i":0.24},"geometry":{"type":"Point","coordinates":[-97.58057,30.88337]}},{"type":"Feature","properties":{"i":0.87},"geometry":{"type":"Point","coordinates":[-97.53662,30.88337]}},{"type":"Feature","properties":{"i":0.57},"geometry":{"type":"Point","coordinates":[-97.40479,30.88337]}},{"type":"Feature","properties":{"i":0.49},"geometry":{"type":"Point","coordinates":[-97.18506,30.88337]}},{"type":"Feature","properties":{"i":0.23},"geometry":{"type":"Point","coordinates":[-97.14111,30.88337]}},{"type":"Feature","properties":{"i":0.82},"geometry":{"type":"Point","coordinates":[-96.96533,30.88337]}},{"type":"Feature","properties":{"i":0.07},"geometry":{"type":"Point","coordinates":[-96.87744,30.88337]}},{"type":"Feature","properties":{"i":1},"geometry":{"type":"Point","coordinates":[-96.61377,30.88337]}},{"type":"Feature","properties":{"i":1},"geometry":{"type":"Point","coordinates":[-96.56982,30.88337]}},{"type":"Feature","properties":{"i":0.39},"geometry":{"type":"Point","coordinates":[-96.17432,30.88337]}},{"type":"Feature","properties":{"i":0.1},"geometry":{"type":"Point","coordinates":[-95.77881,30.88337]}},{"type":"Feature","properties":{"i":0.47},"geometry":{"type":"Point","coordinates":[-97.80029,30.84565]}},{"type":"Feature","properties":{"i":0.13},"geometry":{"type":"Point","coordinates":[-97.75635,30.84565]}},{"type":"Feature","properties":{"i":0.59},"geometry":{"type":"Point","coordinates":[-97.62451,30.84565]}},{"type":"Feature","properties":{"i":0.6},"geometry":{"type":"Point","coordinates":[-97.58057,30.84565]}},{"type":"Feature","properties":{"i":0.12},"geometry":{"type":"Point","coordinates":[-97.14111,30.84565]}},{"type":"Feature","properties":{"i":0.27},"geometry":{"type":"Point","coordinates":[-97.09717,30.84565]}},{"type":"Feature","properties":{"i":0.62},"geometry":{"type":"Point","coordinates":[-96.96533,30.84565]}},{"type":"Feature","properties":{"i":1},"geometry":{"type":"Point","coordinates":[-96.61377,30.84565]}},{"type":"Feature","properties":{"i":0.91},"geometry":{"type":"Point","coordinates":[-96.56982,30.84565]}},{"type":"Feature","properties":{"i":0.07},"geometry":{"type":"Point","coordinates":[-96.52588,30.84565]}},{"type":"Feature","properties":{"i":0.78},"geometry":{"type":"Point","coordinates":[-96.43799,30.84565]}},{"type":"Feature","properties":{"i":0.4},"geometry":{"type":"Point","coordinates":[-96.26221,30.84565]}},{"type":"Feature","properties":{"i":0.13},"geometry":{"type":"Point","coordinates":[-95.73486,30.84565]}},{"type":"Feature","properties":{"i":0.16},"geometry":{"type":"Point","coordinates":[-95.64697,30.84565]}},{"type":"Feature","properties":{"i":0.33},"geometry":{"type":"Point","coordinates":[-97.80029,30.80791]}},{"type":"Feature","properties":{"i":0.63},"geometry":{"type":"Point","coordinates":[-97.75635,30.80791]}},{"type":"Feature","properties":{"i":0.12},"geometry":{"type":"Point","coordinates":[-97.7124,30.80791]}},{"type":"Feature","properties":{"i":0.6},"geometry":{"type":"Point","coordinates":[-97.66846,30.80791]}},{"type":"Feature","properties":{"i":1},"geometry":{"type":"Point","coordinates":[-97.62451,30.80791]}},{"type":"Feature","properties":{"i":0.97},"geometry":{"type":"Point","coordinates":[-97.58057,30.80791]}},{"type":"Feature","properties":{"i":0.35},"geometry":{"type":"Point","coordinates":[-97.53662,30.80791]}},{"type":"Feature","properties":{"i":0.65},"geometry":{"type":"Point","coordinates":[-97.44873,30.80791]}},{"type":"Feature","properties":{"i":0.72},"geometry":{"type":"Point","coordinates":[-97.40479,30.80791]}},{"type":"Feature","properties":{"i":0.26},"geometry":{"type":"Point","coordinates":[-96.65771,30.80791]}},{"type":"Feature","properties":{"i":0.27},"geometry":{"type":"Point","coordinates":[-96.61377,30.80791]}},{"type":"Feature","properties":{"i":0.42},"geometry":{"type":"Point","coordinates":[-96.48193,30.80791]}},{"type":"Feature","properties":{"i":0.58},"geometry":{"type":"Point","coordinates":[-96.26221,30.80791]}},{"type":"Feature","properties":{"i":0.08},"geometry":{"type":"Point","coordinates":[-96.21826,30.80791]}},{"type":"Feature","properties":{"i":0.23},"geometry":{"type":"Point","coordinates":[-95.69092,30.80791]}},{"type":"Feature","properties":{"i":0.08},"geometry":{"type":"Point","coordinates":[-95.33936,31.93352]}},{"type":"Feature","properties":{"i":0.45},"geometry":{"type":"Point","coordinates":[-95.29541,31.93352]}},{"type":"Feature","properties":{"i":1},"geometry":{"type":"Point","coordinates":[-95.25146,31.93352]}},{"type":"Feature","properties":{"i":0.27},"geometry":{"type":"Point","coordinates":[-95.20752,31.93352]}},{"type":"Feature","properties":{"i":0.26},"geometry":{"type":"Point","coordinates":[-94.98779,31.93352]}},{"type":"Feature","properties":{"i":0.23},"geometry":{"type":"Point","coordinates":[-95.47119,31.8589]}},{"type":"Feature","properties":{"i":0.37},"geometry":{"type":"Point","coordinates":[-95.29541,31.8589]}},{"type":"Feature","properties":{"i":0.38},"geometry":{"type":"Point","coordinates":[-95.20752,31.8589]}},{"type":"Feature","properties":{"i":0.15},"geometry":{"type":"Point","coordinates":[-94.98779,31.8589]}},{"type":"Feature","properties":{"i":0.26},"geometry":{"type":"Point","coordinates":[-95.60303,31.82156]}},{"type":"Feature","properties":{"i":1},"geometry":{"type":"Point","coordinates":[-95.16357,31.82156]}},{"type":"Feature","properties":{"i":0.17},"geometry":{"type":"Point","coordinates":[-95.11963,31.82156]}},{"type":"Feature","properties":{"i":1},"geometry":{"type":"Point","coordinates":[-95.60303,31.78422]}},{"type":"Feature","properties":{"i":0.84},"geometry":{"type":"Point","coordinates":[-95.16357,31.78422]}},{"type":"Feature","properties":{"i":0.75},"geometry":{"type":"Point","coordinates":[-95.11963,31.78422]}},{"type":"Feature","properties":{"i":1},"geometry":{"type":"Point","coordinates":[-95.60303,31.74685]}},{"type":"Feature","properties":{"i":0.44},"geometry":{"type":"Point","coordinates":[-95.55908,31.74685]}},{"type":"Feature","properties":{"i":0.73},"geometry":{"type":"Point","coordinates":[-95.60303,31.70948]}},{"type":"Feature","properties":{"i":0.24},"geometry":{"type":"Point","coordinates":[-95.55908,31.70948]}},{"type":"Feature","properties":{"i":0.57},"geometry":{"type":"Point","coordinates":[-95.55908,31.67208]}},{"type":"Feature","properties":{"i":0.72},"geometry":{"type":"Point","coordinates":[-95.07568,31.67208]}},{"type":"Feature","properties":{"i":0.62},"geometry":{"type":"Point","coordinates":[-95.55908,31.63468]}},{"type":"Feature","properties":{"i":0.11},"geometry":{"type":"Point","coordinates":[-95.47119,31.63468]}},{"type":"Feature","properties":{"i":0.98},"geometry":{"type":"Point","coordinates":[-95.07568,31.63468]}},{"type":"Feature","properties":{"i":0.1},"geometry":{"type":"Point","coordinates":[-95.55908,31.59725]}},{"type":"Feature","properties":{"i":0.03},"geometry":{"type":"Point","coordinates":[-94.81201,31.59725]}},{"type":"Feature","properties":{"i":0.18},"geometry":{"type":"Point","coordinates":[-95.51514,31.52236]}},{"type":"Feature","properties":{"i":0.35},"geometry":{"type":"Point","coordinates":[-95.47119,31.52236]}},{"type":"Feature","properties":{"i":0.64},"geometry":{"type":"Point","coordinates":[-95.60303,31.48489]}},{"type":"Feature","properties":{"i":0.57},"geometry":{"type":"Point","coordinates":[-95.47119,31.48489]}},{"type":"Feature","properties":{"i":0.53},"geometry":{"type":"Point","coordinates":[-94.94385,31.48489]}},{"type":"Feature","properties":{"i":0.1},"geometry":{"type":"Point","coordinates":[-94.8999,31.48489]}},{"type":"Feature","properties":{"i":0.38},"geometry":{"type":"Point","coordinates":[-94.85596,31.44741]}},{"type":"Feature","properties":{"i":0.24},"geometry":{"type":"Point","coordinates":[-94.81201,31.44741]}},{"type":"Feature","properties":{"i":0.51},"geometry":{"type":"Point","coordinates":[-94.81201,31.40991]}},{"type":"Feature","properties":{"i":0.32},"geometry":{"type":"Point","coordinates":[-95.47119,31.3724]}},{"type":"Feature","properties":{"i":0.37},"geometry":{"type":"Point","coordinates":[-95.16357,31.3724]}},{"type":"Feature","properties":{"i":0.04},"geometry":{"type":"Point","coordinates":[-95.11963,31.3724]}},{"type":"Feature","properties":{"i":0.27},"geometry":{"type":"Point","coordinates":[-94.85596,31.3724]}},{"type":"Feature","properties":{"i":0.15},"geometry":{"type":"Point","coordinates":[-94.81201,31.3724]}},{"type":"Feature","properties":{"i":0.82},"geometry":{"type":"Point","coordinates":[-95.47119,31.33487]}},{"type":"Feature","properties":{"i":0.98},"geometry":{"type":"Point","coordinates":[-95.42725,31.33487]}},{"type":"Feature","properties":{"i":0.07},"geometry":{"type":"Point","coordinates":[-94.85596,31.33487]}},{"type":"Feature","properties":{"i":0.79},"geometry":{"type":"Point","coordinates":[-94.81201,31.33487]}},{"type":"Feature","properties":{"i":0.52},"geometry":{"type":"Point","coordinates":[-95.51514,31.29733]}},{"type":"Feature","properties":{"i":0.91},"geometry":{"type":"Point","coordinates":[-95.47119,31.29733]}},{"type":"Feature","properties":{"i":0.98},"geometry":{"type":"Point","coordinates":[-95.42725,31.29733]}},{"type":"Feature","properties":{"i":0.12},"geometry":{"type":"Point","coordinates":[-94.85596,31.29733]}},{"type":"Feature","properties":{"i":0.73},"geometry":{"type":"Point","coordinates":[-94.81201,31.29733]}},{"type":"Feature","properties":{"i":0.3},"geometry":{"type":"Point","coordinates":[-94.98779,31.2222]}},{"type":"Feature","properties":{"i":0.02},"geometry":{"type":"Point","coordinates":[-94.94385,31.2222]}},{"type":"Feature","properties":{"i":0.04},"geometry":{"type":"Point","coordinates":[-94.81201,31.2222]}},{"type":"Feature","properties":{"i":0.84},"geometry":{"type":"Point","coordinates":[-94.81201,31.18461]}},{"type":"Feature","properties":{"i":0.23},"geometry":{"type":"Point","coordinates":[-95.42725,31.14701]}},{"type":"Feature","properties":{"i":0.33},"geometry":{"type":"Point","coordinates":[-94.81201,31.14701]}},{"type":"Feature","properties":{"i":0.36},"geometry":{"type":"Point","coordinates":[-95.42725,31.10939]}},{"type":"Feature","properties":{"i":0.6},"geometry":{"type":"Point","coordinates":[-95.11963,31.07176]}},{"type":"Feature","properties":{"i":0.38},"geometry":{"type":"Point","coordinates":[-95.11963,31.03411]}},{"type":"Feature","properties":{"i":0.21},"geometry":{"type":"Point","coordinates":[-95.03174,30.99645]}},{"type":"Feature","properties":{"i":0.15},"geometry":{"type":"Point","coordinates":[-94.85596,30.99645]}},{"type":"Feature","properties":{"i":0.88},"geometry":{"type":"Point","coordinates":[-94.81201,30.99645]}},{"type":"Feature","properties":{"i":0.75},"geometry":{"type":"Point","coordinates":[-95.3833,30.95877]}},{"type":"Feature","properties":{"i":0.47},"geometry":{"type":"Point","coordinates":[-95.33936,30.95877]}},{"type":"Feature","properties":{"i":0.74},"geometry":{"type":"Point","coordinates":[-94.85596,30.95877]}},{"type":"Feature","properties":{"i":0.45},"geometry":{"type":"Point","coordinates":[-94.81201,30.95877]}},{"type":"Feature","properties":{"i":0.81},"geometry":{"type":"Point","coordinates":[-95.3833,30.92108]}},{"type":"Feature","properties":{"i":0.27},"geometry":{"type":"Point","coordinates":[-95.33936,30.92108]}},{"type":"Feature","properties":{"i":0.39},"geometry":{"type":"Point","coordinates":[-95.29541,30.92108]}},{"type":"Feature","properties":{"i":0.64},"geometry":{"type":"Point","coordinates":[-95.25146,30.92108]}},{"type":"Feature","properties":{"i":0.02},"geometry":{"type":"Point","coordinates":[-95.20752,30.92108]}},{"type":"Feature","properties":{"i":0.28},"geometry":{"type":"Point","coordinates":[-94.81201,30.92108]}},{"type":"Feature","properties":{"i":1},"geometry":{"type":"Point","coordinates":[-95.47119,30.88337]}},{"type":"Feature","properties":{"i":0.52},"geometry":{"type":"Point","coordinates":[-95.42725,30.88337]}},{"type":"Feature","properties":{"i":0.12},"geometry":{"type":"Point","coordinates":[-95.33936,30.88337]}},{"type":"Feature","properties":{"i":0.21},"geometry":{"type":"Point","coordinates":[-95.55908,30.84565]}},{"type":"Feature","properties":{"i":0.5},"geometry":{"type":"Point","coordinates":[-95.51514,30.84565]}},{"type":"Feature","properties":{"i":0.62},"geometry":{"type":"Point","coordinates":[-95.47119,30.84565]}},{"type":"Feature","properties":{"i":0.23},"geometry":{"type":"Point","coordinates":[-95.42725,30.84565]}},{"type":"Feature","properties":{"i":0.84},"geometry":{"type":"Point","coordinates":[-95.3833,30.84565]}},{"type":"Feature","properties":{"i":0.08},"geometry":{"type":"Point","coordinates":[-95.16357,30.84565]}},{"type":"Feature","properties":{"i":0.16},"geometry":{"type":"Point","coordinates":[-95.11963,30.84565]}},{"type":"Feature","properties":{"i":0.18},"geometry":{"type":"Point","coordinates":[-95.07568,30.84565]}},{"type":"Feature","properties":{"i":0.27},"geometry":{"type":"Point","coordinates":[-94.8999,30.84565]}},{"type":"Feature","properties":{"i":0.57},"geometry":{"type":"Point","coordinates":[-94.85596,30.84565]}},{"type":"Feature","properties":{"i":0.4},"geometry":{"type":"Point","coordinates":[-95.60303,30.80791]}},{"type":"Feature","properties":{"i":0.07},"geometry":{"type":"Point","coordinates":[-95.55908,30.80791]}},{"type":"Feature","properties":{"i":1},"geometry":{"type":"Point","coordinates":[-95.47119,30.80791]}},{"type":"Feature","properties":{"i":0.52},"geometry":{"type":"Point","coordinates":[-95.42725,30.80791]}},{"type":"Feature","properties":{"i":0.14},"geometry":{"type":"Point","coordinates":[-95.25146,30.80791]}},{"type":"Feature","properties":{"i":0.23},"geometry":{"type":"Point","coordinates":[-95.16357,30.80791]}},{"type":"Feature","properties":{"i":0.88},"geometry":{"type":"Point","coordinates":[-95.11963,30.80791]}},{"type":"Feature","properties":{"i":0.63},"geometry":{"type":"Point","coordinates":[-95.07568,30.80791]}},{"type":"Feature","properties":{"i":0.49},"geometry":{"type":"Point","coordinates":[-94.85596,30.80791]}}]}