{"type":"FeatureCollection","features":[{"type":"Feature","properties":{"i":0.28},"geometry":{"type":"Point","coordinates":[53.29468,27.14714]}},{"type":"Feature","properties":{"i":0.16},"geometry":{"type":"Point","coordinates":[53.31665,27.14714]}},{"type":"Feature","properties":{"i":0.55},"geometry":{"type":"Point","coordinates":[53.42651,27.14714]}},{"type":"Feature","properties":{"i":0.05},"geometry":{"type":"Point","coordinates":[53.27271,27.12759]}},{"type":"Feature","properties":{"i":0.77},"geometry":{"type":"Point","coordinates":[53.29468,27.12759]}},{"type":"Feature","properties":{"i":0.82},"geometry":{"type":"Point","coordinates":[53.31665,27.12759]}},{"type":"Feature","properties":{"i":0.12},"geometry":{"type":"Point","coordinates":[53.33862,27.12759]}},{"type":"Feature","properties":{"i":0.02},"geometry":{"type":"Point","coordinates":[53.3606,27.12759]}},{"type":"Feature","properties":{"i":0.74},"geometry":{"type":"Point","coordinates":[53.31665,27.10803]}},{"type":"Feature","properties":{"i":0.11},"geometry":{"type":"Point","coordinates":[53.33862,27.10803]}},{"type":"Feature","properties":{"i":1},"geometry":{"type":"Point","coordinates":[53.3606,27.10803]}},{"type":"Feature","properties":{"i":0.8},"geometry":{"type":"Point","coordinates":[53.38257,27.10803]}},{"type":"Feature","properties":{"i":0.8},"geometry":{"type":"Point","coordinates":[53.3606,27.08847]}},{"type":"Feature","properties":{"i":0.8},"geometry":{"type":"Point","coordinates":[53.38257,27.08847]}},{"type":"Feature","properties":{"i":0.97},"geometry":{"type":"Point","coordinates":[53.40454,27.08847]}},{"type":"Feature","properties":{"i":0.75},"geometry":{"type":"Point","coordinates":[53.42651,27.08847]}},{"type":"Feature","properties":{"i":0.04},"geometry":{"type":"Point","coordinates":[53.64624,27.18624]}},{"type":"Feature","properties":{"i":0.67},"geometry":{"type":"Point","coordinates":[53.66821,27.18624]}},{"type":"Feature","properties":{"i":0.02},"geometry":{"type":"Point","coordinates":[53.69019,27.18624]}},{"type":"Feature","properties":{"i":0.33},"geometry":{"type":"Point","coordinates":[53.9978,27.18624]}},{"type":"Feature","properties":{"i":0.04},"geometry":{"type":"Point","coordinates":[54.08569,27.18624]}},{"type":"Feature","properties":{"i":0.04},"geometry":{"type":"Point","coordinates":[54.10767,27.18624]}},{"type":"Feature","properties":{"i":0.85},"geometry":{"type":"Point","coordinates":[54.12964,27.18624]}},{"type":"Feature","properties":{"i":1},"geometry":{"type":"Point","coordinates":[54.15161,27.18624]}},{"type":"Feature","properties":{"i":1},"geometry":{"type":"Point","coordinates":[54.17358,27.18624]}},{"type":"Feature","properties":{"i":0.71},"geometry":{"type":"Point","coordinates":[54.19556,27.18624]}},{"type":"Feature","properties":{"i":0.13},"geometry":{"type":"Point","coordinates":[54.21753,27.18624]}},{"type":"Feature","properties":{"i":0.11},"geometry":{"type":"Point","coordinates":[54.2395,27.18624]}},{"type":"Feature","properties":{"i":0.88},"geometry":{"type":"Point","coordinates":[54.32739,27.18624]}},{"type":"Feature","properties":{"i":1},"geometry":{"type":"Point","coordinates":[54.34937,27.18624]}},{"type":"Feature","properties":{"i":1},"geometry":{"type":"Point","coordinates":[54.37134,27.18624]}},{"type":"Feature","properties":{"i":0.77},"geometry":{"type":"Point","coordinates":[54.39331,27.18624]}},{"type":"Feature","properties":{"i":0.03},"geometry":{"type":"Point","coordinates":[54.41528,27.18624]}},{"type":"Feature","properties":{"i":0.04},"geometry":{"type":"Point","coordinates":[54.7229,27.18624]}},{"type":"Feature","properties":{"i":0.08},"geometry":{"type":"Point","coordinates":[54.76685,27.18624]}},{"type":"Feature","properties":{"i":0.04},"geometry":{"type":"Point","coordinates":[54.78882,27.18624]}},{"type":"Feature","properties":{"i":0.7},"geometry":{"type":"Point","coordinates":[53.7561,27.1667]}},{"type":"Feature","properties":{"i":0.26},"geometry":{"type":"Point","coordinates":[53.77808,27.1667]}},{"type":"Feature","properties":{"i":0.85},"geometry":{"type":"Point","coordinates":[54.12964,27.1667]}},{"type":"Feature","properties":{"i":0.35},"geometry":{"type":"Point","coordinates":[54.15161,27.1667]}},{"type":"Feature","properties":{"i":0.34},"geometry":{"type":"Point","coordinates":[54.17358,27.1667]}},{"type":"Feature","properties":{"i":0.04},"geometry":{"type":"Point","coordinates":[54.19556,27.1667]}},{"type":"Feature","properties":{"i":0.03},"geometry":{"type":"Point","coordinates":[54.32739,27.1667]}},{"type":"Feature","properties":{"i":0.28},"geometry":{"type":"Point","coordinates":[54.34937,27.1667]}},{"type":"Feature","properties":{"i":0.65},"geometry":{"type":"Point","coordinates":[54.37134,27.1667]}},{"type":"Feature","properties":{"i":0.67},"geometry":{"type":"Point","coordinates":[54.39331,27.1667]}},{"type":"Feature","properties":{"i":0.03},"geometry":{"type":"Point","coordinates":[54.41528,27.1667]}},{"type":"Feature","properties":{"i":0.05},"geometry":{"type":"Point","coordinates":[54.78882,27.1667]}},{"type":"Feature","properties":{"i":0.97},"geometry":{"type":"Point","coordinates":[53.44849,27.14714]}},{"type":"Feature","properties":{"i":0.71},"geometry":{"type":"Point","coordinates":[53.47046,27.14714]}},{"type":"Feature","properties":{"i":0.21},"geometry":{"type":"Point","coordinates":[53.77808,27.14714]}},{"type":"Feature","properties":{"i":0.65},"geometry":{"type":"Point","coordinates":[53.80005,27.14714]}},{"type":"Feature","properties":{"i":0.71},"geometry":{"type":"Point","coordinates":[53.86597,27.14714]}},{"type":"Feature","properties":{"i":1},"geometry":{"type":"Point","coordinates":[54.19556,27.14714]}},{"type":"Feature","properties":{"i":1},"geometry":{"type":"Point","coordinates":[54.21753,27.14714]}},{"type":"Feature","properties":{"i":0.08},"geometry":{"type":"Point","coordinates":[54.2395,27.14714]}},{"type":"Feature","properties":{"i":0.3},"geometry":{"type":"Point","coordinates":[54.26147,27.14714]}},{"type":"Feature","properties":{"i":0.19},"geometry":{"type":"Point","coordinates":[54.41528,27.14714]}},{"type":"Feature","properties":{"i":0.28},"geometry":{"type":"Point","coordinates":[53.44849,27.12759]}},{"type":"Feature","properties":{"i":0.7},"geometry":{"type":"Point","coordinates":[53.47046,27.12759]}},{"type":"Feature","properties":{"i":0.54},"geometry":{"type":"Point","coordinates":[53.82202,27.12759]}},{"type":"Feature","properties":{"i":0.24},"geometry":{"type":"Point","coordinates":[53.84399,27.12759]}},{"type":"Feature","properties":{"i":0.71},"geometry":{"type":"Point","coordinates":[53.86597,27.12759]}},{"type":"Feature","properties":{"i":0.19},"geometry":{"type":"Point","coordinates":[53.90991,27.12759]}},{"type":"Feature","properties":{"i":0.96},"geometry":{"type":"Point","coordinates":[54.19556,27.12759]}},{"type":"Feature","properties":{"i":0.17},"geometry":{"type":"Point","coordinates":[54.21753,27.12759]}},{"type":"Feature","properties":{"i":0.25},"geometry":{"type":"Point","coordinates":[54.2395,27.12759]}},{"type":"Feature","properties":{"i":0.91},"geometry":{"type":"Point","coordinates":[54.26147,27.12759]}},{"type":"Feature","properties":{"i":0.74},"geometry":{"type":"Point","coordinates":[54.28345,27.12759]}},{"type":"Feature","properties":{"i":0.27},"geometry":{"type":"Point","coordinates":[54.43726,27.12759]}},{"type":"Feature","properties":{"i":0.04},"geometry":{"type":"Point","coordinates":[54.45923,27.12759]}},{"type":"Feature","properties":{"i":0.11},"geometry":{"type":"Point","coordinates":[54.4812,27.12759]}},{"type":"Feature","properties":{"i":0.86},"geometry":{"type":"Point","coordinates":[54.30542,27.10803]}},{"type":"Feature","properties":{"i":0.86},"geometry":{"type":"Point","coordinates":[54.32739,27.10803]}},{"type":"Feature","properties":{"i":0.27},"geometry":{"type":"Point","coordinates":[54.37134,27.10803]}},{"type":"Feature","properties":{"i":0.09},"geometry":{"type":"Point","coordinates":[54.41528,27.10803]}},{"type":"Feature","properties":{"i":1},"geometry":{"type":"Point","coordinates":[54.43726,27.10803]}},{"type":"Feature","properties":{"i":1},"geometry":{"type":"Point","coordinates":[54.45923,27.10803]}},{"type":"Feature","properties":{"i":0.47},"geometry":{"type":"Point","coordinates":[54.4812,27.10803]}},{"type":"Feature","properties":{"i":0.17},"geometry":{"type":"Point","coordinates":[54.50317,27.10803]}},{"type":"Feature","properties":{"i":0.1},"geometry":{"type":"Point","coordinates":[54.52515,27.10803]}},{"type":"Feature","properties":{"i":0.78},"geometry":{"type":"Point","coordinates":[54.56909,27.10803]}},{"type":"Feature","properties":{"i":0.03},"geometry":{"type":"Point","coordinates":[54.59106,27.10803]}},{"type":"Feature","properties":{"i":0.37},"geometry":{"type":"Point","coordinates":[54.67896,27.10803]}},{"type":"Feature","properties":{"i":0.67},"geometry":{"type":"Point","coordinates":[54.70093,27.10803]}},{"type":"Feature","properties":{"i":0.08},"geometry":{"type":"Point","coordinates":[54.81079,27.10803]}},{"type":"Feature","properties":{"i":0.12},"geometry":{"type":"Point","coordinates":[53.97583,27.08847]}},{"type":"Feature","properties":{"i":0.1},"geometry":{"type":"Point","coordinates":[53.9978,27.08847]}},{"type":"Feature","properties":{"i":0.15},"geometry":{"type":"Point","coordinates":[54.28345,27.08847]}},{"type":"Feature","properties":{"i":0.26},"geometry":{"type":"Point","coordinates":[54.37134,27.08847]}},{"type":"Feature","properties":{"i":0.92},"geometry":{"type":"Point","coordinates":[54.43726,27.08847]}},{"type":"Feature","properties":{"i":0.94},"geometry":{"type":"Point","coordinates":[54.45923,27.08847]}},{"type":"Feature","properties":{"i":1},"geometry":{"type":"Point","coordinates":[54.4812,27.08847]}},{"type":"Feature","properties":{"i":1},"geometry":{"type":"Point","coordinates":[54.50317,27.08847]}},{"type":"Feature","properties":{"i":1},"geometry":{"type":"Point","coordinates":[54.52515,27.08847]}},{"type":"Feature","properties":{"i":0.26},"geometry":{"type":"Point","coordinates":[54.54712,27.08847]}},{"type":"Feature","properties":{"i":0.08},"geometry":{"type":"Point","coordinates":[54.56909,27.08847]}},{"type":"Feature","properties":{"i":0.53},"geometry":{"type":"Point","coordinates":[54.59106,27.08847]}},{"type":"Feature","properties":{"i":0.36},"geometry":{"type":"Point","coordinates":[54.61304,27.08847]}},{"type":"Feature","properties":{"i":0.36},"geometry":{"type":"Point","coordinates":[54.63501,27.08847]}},{"type":"Feature","properties":{"i":0.48},"geometry":{"type":"Point","coordinates":[54.78882,27.08847]}},{"type":"Feature","properties":{"i":0.33},"geometry":{"type":"Point","coordinates":[53.49243,27.06891]}},{"type":"Feature","properties":{"i":1},"geometry":{"type":"Point","coordinates":[53.5144,27.06891]}},{"type":"Feature","properties":{"i":1},"geometry":{"type":"Point","coordinates":[53.53638,27.06891]}},{"type":"Feature","properties":{"i":0.17},"geometry":{"type":"Point","coordinates":[53.58032,27.06891]}},{"type":"Feature","properties":{"i":0.72},"geometry":{"type":"Point","coordinates":[53.60229,27.06891]}},{"type":"Feature","properties":{"i":0.85},"geometry":{"type":"Point","coordinates":[53.62427,27.06891]}},{"type":"Feature","properties":{"i":0.18},"geometry":{"type":"Point","coordinates":[53.64624,27.06891]}},{"type":"Feature","properties":{"i":0.16},"geometry":{"type":"Point","coordinates":[53.7561,27.06891]}},{"type":"Feature","properties":{"i":0.36},"geometry":{"type":"Point","coordinates":[53.86597,27.06891]}},{"type":"Feature","properties":{"i":1},"geometry":{"type":"Point","coordinates":[53.88794,27.06891]}},{"type":"Feature","properties":{"i":1},"geometry":{"type":"Point","coordinates":[53.90991,27.06891]}},{"type":"Feature","properties":{"i":0.98},"geometry":{"type":"Point","coordinates":[53.93188,27.06891]}},{"type":"Feature","properties":{"i":0.19},"geometry":{"type":"Point","coordinates":[53.95386,27.06891]}},{"type":"Feature","properties":{"i":1},"geometry":{"type":"Point","coordinates":[53.97583,27.06891]}},{"type":"Feature","properties":{"i":1},"geometry":{"type":"Point","coordinates":[53.9978,27.06891]}},{"type":"Feature","properties":{"i":1},"geometry":{"type":"Point","coordinates":[54.01978,27.06891]}},{"type":"Feature","properties":{"i":0.11},"geometry":{"type":"Point","coordinates":[54.04175,27.06891]}},{"type":"Feature","properties":{"i":0.16},"geometry":{"type":"Point","coordinates":[54.06372,27.06891]}},{"type":"Feature","properties":{"i":0.25},"geometry":{"type":"Point","coordinates":[54.08569,27.06891]}},{"type":"Feature","properties":{"i":0.07},"geometry":{"type":"Point","coordinates":[54.30542,27.06891]}},{"type":"Feature","properties":{"i":0.13},"geometry":{"type":"Point","coordinates":[54.34937,27.06891]}},{"type":"Feature","properties":{"i":0.04},"geometry":{"type":"Point","coordinates":[54.41528,27.06891]}},{"type":"Feature","properties":{"i":0.14},"geometry":{"type":"Point","coordinates":[54.43726,27.06891]}},{"type":"Feature","properties":{"i":0.04},"geometry":{"type":"Point","coordinates":[54.45923,27.06891]}},{"type":"Feature","properties":{"i":0.44},"geometry":{"type":"Point","coordinates":[54.4812,27.06891]}},{"type":"Feature","properties":{"i":0.44},"geometry":{"type":"Point","coordinates":[54.50317,27.06891]}},{"type":"Feature","properties":{"i":0.35},"geometry":{"type":"Point","coordinates":[54.52515,27.06891]}},{"type":"Feature","properties":{"i":1},"geometry":{"type":"Point","coordinates":[54.54712,27.06891]}},{"type":"Feature","properties":{"i":1},"geometry":{"type":"Point","coordinates":[54.56909,27.06891]}},{"type":"Feature","properties":{"i":0.12},"geometry":{"type":"Point","coordinates":[54.59106,27.06891]}},{"type":"Feature","properties":{"i":0.14},"geometry":{"type":"Point","coordinates":[54.87671,27.18624]}},{"type":"Feature","properties":{"i":0.09},"geometry":{"type":"Point","coordinates":[54.89868,27.18624]}},{"type":"Feature","properties":{"i":0.7},"geometry":{"type":"Point","coordinates":[55.07446,27.18624]}},{"type":"Feature","properties":{"i":0.7},"geometry":{"type":"Point","coordinates":[55.55786,27.18624]}},{"type":"Feature","properties":{"i":0.75},"geometry":{"type":"Point","coordinates":[55.57983,27.18624]}},{"type":"Feature","properties":{"i":0.75},"geometry":{"type":"Point","coordinates":[55.60181,27.18624]}},{"type":"Feature","properties":{"i":1},"geometry":{"type":"Point","coordinates":[55.62378,27.18624]}},{"type":"Feature","properties":{"i":0.18},"geometry":{"type":"Point","coordinates":[55.64575,27.18624]}},{"type":"Feature","properties":{"i":0.74},"geometry":{"type":"Point","coordinates":[55.6897,27.18624]}},{"type":"Feature","properties":{"i":0.57},"geometry":{"type":"Point","coordinates":[55.82153,27.18624]}},{"type":"Feature","properties":{"i":0.57},"geometry":{"type":"Point","coordinates":[55.84351,27.18624]}},{"type":"Feature","properties":{"i":0.02},"geometry":{"type":"Point","coordinates":[55.86548,27.18624]}},{"type":"Feature","properties":{"i":0.05},"geometry":{"type":"Point","coordinates":[55.88745,27.18624]}},{"type":"Feature","properties":{"i":0.13},"geometry":{"type":"Point","coordinates":[55.90942,27.18624]}},{"type":"Feature","properties":{"i":0.26},"geometry":{"type":"Point","coordinates":[55.9314,27.18624]}},{"type":"Feature","properties":{"i":0.91},"geometry":{"type":"Point","coordinates":[55.95337,27.18624]}},{"type":"Feature","properties":{"i":0.93},"geometry":{"type":"Point","coordinates":[55.97534,27.18624]}},{"type":"Feature","properties":{"i":0.8},"geometry":{"type":"Point","coordinates":[55.99731,27.18624]}},{"type":"Feature","properties":{"i":1},"geometry":{"type":"Point","coordinates":[56.01929,27.18624]}},{"type":"Feature","properties":{"i":1},"geometry":{"type":"Point","coordinates":[56.04126,27.18624]}},{"type":"Feature","properties":{"i":1},"geometry":{"type":"Point","coordinates":[56.06323,27.18624]}},{"type":"Feature","properties":{"i":1},"geometry":{"type":"Point","coordinates":[56.08521,27.18624]}},{"type":"Feature","properties":{"i":1},"geometry":{"type":"Point","coordinates":[56.10718,27.18624]}},{"type":"Feature","properties":{"i":0.84},"geometry":{"type":"Point","coordinates":[56.12915,27.18624]}},{"type":"Feature","properties":{"i":0.54},"geometry":{"type":"Point","coordinates":[56.15112,27.18624]}},{"type":"Feature","properties":{"i":0.38},"geometry":{"type":"Point","coordinates":[56.1731,27.18624]}},{"type":"Feature","properties":{"i":0.7},"geometry":{"type":"Point","coordinates":[56.19507,27.18624]}},{"type":"Feature","properties":{"i":0.85},"geometry":{"type":"Point","coordinates":[56.21704,27.18624]}},{"type":"Feature","properties":{"i":1},"geometry":{"type":"Point","coordinates":[56.23901,27.18624]}},{"type":"Feature","properties":{"i":0.74},"geometry":{"type":"Point","coordinates":[55.05249,27.1667]}},{"type":"Feature","properties":{"i":0.73},"geometry":{"type":"Point","coordinates":[55.07446,27.1667]}},{"type":"Feature","properties":{"i":0.05},"geometry":{"type":"Point","coordinates":[55.60181,27.1667]}},{"type":"Feature","properties":{"i":1},"geometry":{"type":"Point","coordinates":[55.62378,27.1667]}},{"type":"Feature","properties":{"i":0.86},"geometry":{"type":"Point","coordinates":[55.64575,27.1667]}},{"type":"Feature","properties":{"i":0.1},"geometry":{"type":"Point","coordinates":[55.66772,27.1667]}},{"type":"Feature","properties":{"i":0.6},"geometry":{"type":"Point","coordinates":[55.82153,27.1667]}},{"type":"Feature","properties":{"i":0.45},"geometry":{"type":"Point","coordinates":[55.84351,27.1667]}},{"type":"Feature","properties":{"i":0.04},"geometry":{"type":"Point","coordinates":[55.86548,27.1667]}},{"type":"Feature","properties":{"i":0.11},"geometry":{"type":"Point","coordinates":[55.88745,27.1667]}},{"type":"Feature","properties":{"i":0.14},"geometry":{"type":"Point","coordinates":[55.90942,27.1667]}},{"type":"Feature","properties":{"i":0.27},"geometry":{"type":"Point","coordinates":[55.9314,27.1667]}},{"type":"Feature","properties":{"i":0.37},"geometry":{"type":"Point","coordinates":[55.95337,27.1667]}},{"type":"Feature","properties":{"i":0.62},"geometry":{"type":"Point","coordinates":[55.97534,27.1667]}},{"type":"Feature","properties":{"i":0.96},"geometry":{"type":"Point","coordinates":[55.99731,27.1667]}},{"type":"Feature","properties":{"i":1},"geometry":{"type":"Point","coordinates":[56.01929,27.1667]}},{"type":"Feature","properties":{"i":1},"geometry":{"type":"Point","coordinates":[56.04126,27.1667]}},{"type":"Feature","properties":{"i":1},"geometry":{"type":"Point","coordinates":[56.06323,27.1667]}},{"type":"Feature","properties":{"i":1},"geometry":{"type":"Point","coordinates":[56.08521,27.1667]}},{"type":"Feature","properties":{"i":1},"geometry":{"type":"Point","coordinates":[56.10718,27.1667]}},{"type":"Feature","properties":{"i":1},"geometry":{"type":"Point","coordinates":[56.12915,27.1667]}},{"type":"Feature","properties":{"i":0.64},"geometry":{"type":"Point","coordinates":[56.15112,27.1667]}},{"type":"Feature","properties":{"i":0.58},"geometry":{"type":"Point","coordinates":[56.1731,27.1667]}},{"type":"Feature","properties":{"i":0.73},"geometry":{"type":"Point","coordinates":[56.19507,27.1667]}},{"type":"Feature","properties":{"i":1},"geometry":{"type":"Point","coordinates":[56.21704,27.1667]}},{"type":"Feature","properties":{"i":1},"geometry":{"type":"Point","coordinates":[56.23901,27.1667]}},{"type":"Feature","properties":{"i":0.03},"geometry":{"type":"Point","coordinates":[55.29419,27.14714]}},{"type":"Feature","properties":{"i":0.88},"geometry":{"type":"Point","coordinates":[55.64575,27.14714]}},{"type":"Feature","properties":{"i":0.81},"geometry":{"type":"Point","coordinates":[55.66772,27.14714]}},{"type":"Feature","properties":{"i":0.54},"geometry":{"type":"Point","coordinates":[55.6897,27.14714]}},{"type":"Feature","properties":{"i":0.17},"geometry":{"type":"Point","coordinates":[55.71167,27.14714]}},{"type":"Feature","properties":{"i":0.4},"geometry":{"type":"Point","coordinates":[55.77759,27.14714]}},{"type":"Feature","properties":{"i":0.8},"geometry":{"type":"Point","coordinates":[55.79956,27.14714]}},{"type":"Feature","properties":{"i":0.02},"geometry":{"type":"Point","coordinates":[55.82153,27.14714]}},{"type":"Feature","properties":{"i":0.03},"geometry":{"type":"Point","coordinates":[55.84351,27.14714]}},{"type":"Feature","properties":{"i":0.59},"geometry":{"type":"Point","coordinates":[55.86548,27.14714]}},{"type":"Feature","properties":{"i":0.72},"geometry":{"type":"Point","coordinates":[55.88745,27.14714]}},{"type":"Feature","properties":{"i":0.17},"geometry":{"type":"Point","coordinates":[55.90942,27.14714]}},{"type":"Feature","properties":{"i":0.25},"geometry":{"type":"Point","coordinates":[55.9314,27.14714]}},{"type":"Feature","properties":{"i":0.39},"geometry":{"type":"Point","coordinates":[55.95337,27.14714]}},{"type":"Feature","properties":{"i":0.6},"geometry":{"type":"Point","coordinates":[55.97534,27.14714]}},{"type":"Feature","properties":{"i":0.83},"geometry":{"type":"Point","coordinates":[55.99731,27.14714]}},{"type":"Feature","properties":{"i":1},"geometry":{"type":"Point","coordinates":[56.01929,27.14714]}},{"type":"Feature","properties":{"i":1},"geometry":{"type":"Point","coordinates":[56.04126,27.14714]}},{"type":"Feature","properties":{"i":1},"geometry":{"type":"Point","coordinates":[56.06323,27.14714]}},{"type":"Feature","properties":{"i":1},"geometry":{"type":"Point","coordinates":[56.08521,27.14714]}},{"type":"Feature","properties":{"i":1},"geometry":{"type":"Point","coordinates":[56.10718,27.14714]}},{"type":"Feature","properties":{"i":1},"geometry":{"type":"Point","coordinates":[56.12915,27.14714]}},{"type":"Feature","properties":{"i":0.98},"geometry":{"type":"Point","coordinates":[56.15112,27.14714]}},{"type":"Feature","properties":{"i":0.57},"geometry":{"type":"Point","coordinates":[56.1731,27.14714]}},{"type":"Feature","properties":{"i":1},"geometry":{"type":"Point","coordinates":[56.19507,27.14714]}},{"type":"Feature","properties":{"i":0.99},"geometry":{"type":"Point","coordinates":[56.21704,27.14714]}},{"type":"Feature","properties":{"i":0.74},"geometry":{"type":"Point","coordinates":[56.23901,27.14714]}},{"type":"Feature","properties":{"i":0.38},"geometry":{"type":"Point","coordinates":[55.29419,27.12759]}},{"type":"Feature","properties":{"i":0.08},"geometry":{"type":"Point","coordinates":[55.36011,27.12759]}},{"type":"Feature","properties":{"i":0.48},"geometry":{"type":"Point","coordinates":[55.38208,27.12759]}},{"type":"Feature","properties":{"i":0.25},"geometry":{"type":"Point","coordinates":[55.66772,27.12759]}},{"type":"Feature","properties":{"i":0.6},"geometry":{"type":"Point","coordinates":[55.6897,27.12759]}},{"type":"Feature","properties":{"i":0.84},"geometry":{"type":"Point","coordinates":[55.71167,27.12759]}},{"type":"Feature","properties":{"i":0.14},"geometry":{"type":"Point","coordinates":[55.73364,27.12759]}},{"type":"Feature","properties":{"i":0.08},"geometry":{"type":"Point","coordinates":[55.77759,27.12759]}},{"type":"Feature","properties":{"i":0.55},"geometry":{"type":"Point","coordinates":[55.79956,27.12759]}},{"type":"Feature","properties":{"i":0.02},"geometry":{"type":"Point","coordinates":[55.82153,27.12759]}},{"type":"Feature","properties":{"i":0.08},"geometry":{"type":"Point","coordinates":[55.84351,27.12759]}},{"type":"Feature","properties":{"i":1},"geometry":{"type":"Point","coordinates":[55.86548,27.12759]}},{"type":"Feature","properties":{"i":0.45},"geometry":{"type":"Point","coordinates":[55.88745,27.12759]}},{"type":"Feature","properties":{"i":0.22},"geometry":{"type":"Point","coordinates":[55.90942,27.12759]}},{"type":"Feature","properties":{"i":0.22},"geometry":{"type":"Point","coordinates":[55.9314,27.12759]}},{"type":"Feature","properties":{"i":0.36},"geometry":{"type":"Point","coordinates":[55.95337,27.12759]}},{"type":"Feature","properties":{"i":0.48},"geometry":{"type":"Point","coordinates":[55.97534,27.12759]}},{"type":"Feature","properties":{"i":0.72},"geometry":{"type":"Point","coordinates":[55.99731,27.12759]}},{"type":"Feature","properties":{"i":1},"geometry":{"type":"Point","coordinates":[56.01929,27.12759]}},{"type":"Feature","properties":{"i":1},"geometry":{"type":"Point","coordinates":[56.04126,27.12759]}},{"type":"Feature","properties":{"i":1},"geometry":{"type":"Point","coordinates":[56.06323,27.12759]}},{"type":"Feature","properties":{"i":1},"geometry":{"type":"Point","coordinates":[56.08521,27.12759]}},{"type":"Feature","properties":{"i":1},"geometry":{"type":"Point","coordinates":[56.10718,27.12759]}},{"type":"Feature","properties":{"i":0.63},"geometry":{"type":"Point","coordinates":[56.12915,27.12759]}},{"type":"Feature","properties":{"i":0.5},"geometry":{"type":"Point","coordinates":[56.15112,27.12759]}},{"type":"Feature","properties":{"i":0.67},"geometry":{"type":"Point","coordinates":[56.1731,27.12759]}},{"type":"Feature","properties":{"i":0.9},"geometry":{"type":"Point","coordinates":[56.19507,27.12759]}},{"type":"Feature","properties":{"i":0.42},"geometry":{"type":"Point","coordinates":[56.21704,27.12759]}},{"type":"Feature","properties":{"i":0.28},"geometry":{"type":"Point","coordinates":[56.23901,27.12759]}},{"type":"Feature","properties":{"i":0.05},"geometry":{"type":"Point","coordinates":[55.66772,27.10803]}},{"type":"Feature","properties":{"i":0.14},"geometry":{"type":"Point","coordinates":[55.71167,27.10803]}},{"type":"Feature","properties":{"i":0.21},"geometry":{"type":"Point","coordinates":[55.73364,27.10803]}},{"type":"Feature","properties":{"i":0.71},"geometry":{"type":"Point","coordinates":[55.75562,27.10803]}},{"type":"Feature","properties":{"i":0.11},"geometry":{"type":"Point","coordinates":[55.84351,27.10803]}},{"type":"Feature","properties":{"i":1},"geometry":{"type":"Point","coordinates":[55.86548,27.10803]}},{"type":"Feature","properties":{"i":0.62},"geometry":{"type":"Point","coordinates":[55.88745,27.10803]}},{"type":"Feature","properties":{"i":0.24},"geometry":{"type":"Point","coordinates":[55.90942,27.10803]}},{"type":"Feature","properties":{"i":0.19},"geometry":{"type":"Point","coordinates":[55.9314,27.10803]}},{"type":"Feature","properties":{"i":0.28},"geometry":{"type":"Point","coordinates":[55.95337,27.10803]}},{"type":"Feature","properties":{"i":0.55},"geometry":{"type":"Point","coordinates":[55.97534,27.10803]}},{"type":"Feature","properties":{"i":0.67},"geometry":{"type":"Point","coordinates":[55.99731,27.10803]}},{"type":"Feature","properties":{"i":1},"geometry":{"type":"Point","coordinates":[56.01929,27.10803]}},{"type":"Feature","properties":{"i":1},"geometry":{"type":"Point","coordinates":[56.04126,27.10803]}},{"type":"Feature","properties":{"i":1},"geometry":{"type":"Point","coordinates":[56.06323,27.10803]}},{"type":"Feature","properties":{"i":1},"geometry":{"type":"Point","coordinates":[56.08521,27.10803]}},{"type":"Feature","properties":{"i":0.68},"geometry":{"type":"Point","coordinates":[56.10718,27.10803]}},{"type":"Feature","properties":{"i":0.52},"geometry":{"type":"Point","coordinates":[56.12915,27.10803]}},{"type":"Feature","properties":{"i":0.36},"geometry":{"type":"Point","coordinates":[56.15112,27.10803]}},{"type":"Feature","properties":{"i":0.19},"geometry":{"type":"Point","coordinates":[56.1731,27.10803]}},{"type":"Feature","properties":{"i":0.19},"geometry":{"type":"Point","coordinates":[56.19507,27.10803]}},{"type":"Feature","properties":{"i":0.16},"geometry":{"type":"Point","coordinates":[56.21704,27.10803]}},{"type":"Feature","properties":{"i":0.17},"geometry":{"type":"Point","coordinates":[56.23901,27.10803]}},{"type":"Feature","properties":{"i":0.03},"geometry":{"type":"Point","coordinates":[55.75562,27.08847]}},{"type":"Feature","properties":{"i":0.15},"geometry":{"type":"Point","coordinates":[55.86548,27.08847]}},{"type":"Feature","properties":{"i":1},"geometry":{"type":"Point","coordinates":[55.88745,27.08847]}},{"type":"Feature","properties":{"i":0.69},"geometry":{"type":"Point","coordinates":[55.90942,27.08847]}},{"type":"Feature","properties":{"i":0.19},"geometry":{"type":"Point","coordinates":[55.9314,27.08847]}},{"type":"Feature","properties":{"i":0.54},"geometry":{"type":"Point","coordinates":[55.95337,27.08847]}},{"type":"Feature","properties":{"i":0.37},"geometry":{"type":"Point","coordinates":[55.97534,27.08847]}},{"type":"Feature","properties":{"i":0.93},"geometry":{"type":"Point","coordinates":[55.99731,27.08847]}},{"type":"Feature","properties":{"i":1},"geometry":{"type":"Point","coordinates":[56.01929,27.08847]}},{"type":"Feature","properties":{"i":1},"geometry":{"type":"Point","coordinates":[56.04126,27.08847]}},{"type":"Feature","properties":{"i":1},"geometry":{"type":"Point","coordinates":[56.06323,27.08847]}},{"type":"Feature","properties":{"i":1},"geometry":{"type":"Point","coordinates":[56.08521,27.08847]}},{"type":"Feature","properties":{"i":0.52},"geometry":{"type":"Point","coordinates":[56.10718,27.08847]}},{"type":"Feature","properties":{"i":0.38},"geometry":{"type":"Point","coordinates":[56.12915,27.08847]}},{"type":"Feature","properties":{"i":0.25},"geometry":{"type":"Point","coordinates":[56.15112,27.08847]}},{"type":"Feature","properties":{"i":0.19},"geometry":{"type":"Point","coordinates":[56.1731,27.08847]}},{"type":"Feature","properties":{"i":0.15},"geometry":{"type":"Point","coordinates":[56.19507,27.08847]}},{"type":"Feature","properties":{"i":0.1},"geometry":{"type":"Point","coordinates":[56.21704,27.08847]}},{"type":"Feature","properties":{"i":0.18},"geometry":{"type":"Point","coordinates":[54.85474,27.06891]}},{"type":"Feature","properties":{"i":0.18},"geometry":{"type":"Point","coordinates":[54.87671,27.06891]}},{"type":"Feature","properties":{"i":0.14},"geometry":{"type":"Point","coordinates":[55.75562,27.06891]}},{"type":"Feature","properties":{"i":0.12},"geometry":{"type":"Point","coordinates":[55.86548,27.06891]}},{"type":"Feature","properties":{"i":0.7},"geometry":{"type":"Point","coordinates":[55.88745,27.06891]}},{"type":"Feature","properties":{"i":0.69},"geometry":{"type":"Point","coordinates":[55.90942,27.06891]}},{"type":"Feature","properties":{"i":0.58},"geometry":{"type":"Point","coordinates":[55.9314,27.06891]}},{"type":"Feature","properties":{"i":0.63},"geometry":{"type":"Point","coordinates":[55.95337,27.06891]}},{"type":"Feature","properties":{"i":0.64},"geometry":{"type":"Point","coordinates":[55.97534,27.06891]}},{"type":"Feature","properties":{"i":0.81},"geometry":{"type":"Point","coordinates":[55.99731,27.06891]}},{"type":"Feature","properties":{"i":0.5},"geometry":{"type":"Point","coordinates":[56.01929,27.06891]}},{"type":"Feature","properties":{"i":0.43},"geometry":{"type":"Point","coordinates":[56.04126,27.06891]}},{"type":"Feature","properties":{"i":0.41},"geometry":{"type":"Point","coordinates":[56.06323,27.06891]}},{"type":"Feature","properties":{"i":0.34},"geometry":{"type":"Point","coordinates":[56.08521,27.06891]}},{"type":"Feature","properties":{"i":0.29},"geometry":{"type":"Point","coordinates":[56.10718,27.06891]}},{"type":"Feature","properties":{"i":0.24},"geometry":{"type":"Point","coordinates":[56.12915,27.06891]}},{"type":"Feature","properties":{"i":0.19},"geometry":{"type":"Point","coordinates":[56.15112,27.06891]}},{"type":"Feature","properties":{"i":0.13},"geometry":{"type":"Point","coordinates":[56.1731,27.06891]}},{"type":"Feature","properties":{"i":0.12},"geometry":{"type":"Point","coordinates":[56.19507,27.06891]}},{"type":"Feature","properties":{"i":0.17},"geometry":{"type":"Point","coordinates":[56.21704,27.06891]}},{"type":"Feature","properties":{"i":0.17},"geometry":{"type":"Point","coordinates":[56.23901,27.06891]}},{"type":"Feature","properties":{"i":1},"geometry":{"type":"Point","coordinates":[56.26099,27.18624]}},{"type":"Feature","properties":{"i":1},"geometry":{"type":"Point","coordinates":[56.28296,27.18624]}},{"type":"Feature","properties":{"i":1},"geometry":{"type":"Point","coordinates":[56.30493,27.18624]}},{"type":"Feature","properties":{"i":1},"geometry":{"type":"Point","coordinates":[56.3269,27.18624]}},{"type":"Feature","properties":{"i":1},"geometry":{"type":"Point","coordinates":[56.34888,27.18624]}},{"type":"Feature","properties":{"i":0.94},"geometry":{"type":"Point","coordinates":[56.37085,27.18624]}},{"type":"Feature","properties":{"i":0.27},"geometry":{"type":"Point","coordinates":[56.39282,27.18624]}},{"type":"Feature","properties":{"i":0.14},"geometry":{"type":"Point","coordinates":[56.41479,27.18624]}},{"type":"Feature","properties":{"i":0.26},"geometry":{"type":"Point","coordinates":[56.43677,27.18624]}},{"type":"Feature","properties":{"i":0.19},"geometry":{"type":"Point","coordinates":[56.74438,27.18624]}},{"type":"Feature","properties":{"i":0.11},"geometry":{"type":"Point","coordinates":[56.92017,27.18624]}},{"type":"Feature","properties":{"i":0.5},"geometry":{"type":"Point","coordinates":[56.94214,27.18624]}},{"type":"Feature","properties":{"i":0.59},"geometry":{"type":"Point","coordinates":[56.96411,27.18624]}},{"type":"Feature","properties":{"i":0.56},"geometry":{"type":"Point","coordinates":[56.98608,27.18624]}},{"type":"Feature","properties":{"i":0.89},"geometry":{"type":"Point","coordinates":[57.00806,27.18624]}},{"type":"Feature","properties":{"i":0.82},"geometry":{"type":"Point","coordinates":[57.03003,27.18624]}},{"type":"Feature","properties":{"i":0.93},"geometry":{"type":"Point","coordinates":[57.052,27.18624]}},{"type":"Feature","properties":{"i":0.79},"geometry":{"type":"Point","coordinates":[57.07397,27.18624]}},{"type":"Feature","properties":{"i":0.25},"geometry":{"type":"Point","coordinates":[57.09595,27.18624]}},{"type":"Feature","properties":{"i":0.04},"geometry":{"type":"Point","coordinates":[57.11792,27.18624]}},{"type":"Feature","properties":{"i":1},"geometry":{"type":"Point","coordinates":[56.26099,27.1667]}},{"type":"Feature","properties":{"i":1},"geometry":{"type":"Point","coordinates":[56.28296,27.1667]}},{"type":"Feature","properties":{"i":1},"geometry":{"type":"Point","coordinates":[56.30493,27.1667]}},{"type":"Feature","properties":{"i":0.9},"geometry":{"type":"Point","coordinates":[56.3269,27.1667]}},{"type":"Feature","properties":{"i":0.51},"geometry":{"type":"Point","coordinates":[56.34888,27.1667]}},{"type":"Feature","properties":{"i":0.44},"geometry":{"type":"Point","coordinates":[56.37085,27.1667]}},{"type":"Feature","properties":{"i":0.27},"geometry":{"type":"Point","coordinates":[56.39282,27.1667]}},{"type":"Feature","properties":{"i":0.07},"geometry":{"type":"Point","coordinates":[56.41479,27.1667]}},{"type":"Feature","properties":{"i":0.03},"geometry":{"type":"Point","coordinates":[56.43677,27.1667]}},{"type":"Feature","properties":{"i":0.34},"geometry":{"type":"Point","coordinates":[56.92017,27.1667]}},{"type":"Feature","properties":{"i":0.57},"geometry":{"type":"Point","coordinates":[56.94214,27.1667]}},{"type":"Feature","properties":{"i":0.55},"geometry":{"type":"Point","coordinates":[56.96411,27.1667]}},{"type":"Feature","properties":{"i":0.42},"geometry":{"type":"Point","coordinates":[56.98608,27.1667]}},{"type":"Feature","properties":{"i":0.93},"geometry":{"type":"Point","coordinates":[57.00806,27.1667]}},{"type":"Feature","properties":{"i":1},"geometry":{"type":"Point","coordinates":[57.03003,27.1667]}},{"type":"Feature","properties":{"i":0.92},"geometry":{"type":"Point","coordinates":[57.052,27.1667]}},{"type":"Feature","properties":{"i":0.85},"geometry":{"type":"Point","coordinates":[57.07397,27.1667]}},{"type":"Feature","properties":{"i":0.62},"geometry":{"type":"Point","coordinates":[57.09595,27.1667]}},{"type":"Feature","properties":{"i":0.11},"geometry":{"type":"Point","coordinates":[57.11792,27.1667]}},{"type":"Feature","properties":{"i":0.4},"geometry":{"type":"Point","coordinates":[56.26099,27.14714]}},{"type":"Feature","properties":{"i":0.41},"geometry":{"type":"Point","coordinates":[56.28296,27.14714]}},{"type":"Feature","properties":{"i":0.3},"geometry":{"type":"Point","coordinates":[56.30493,27.14714]}},{"type":"Feature","properties":{"i":0.35},"geometry":{"type":"Point","coordinates":[56.3269,27.14714]}},{"type":"Feature","properties":{"i":0.23},"geometry":{"type":"Point","coordinates":[56.34888,27.14714]}},{"type":"Feature","properties":{"i":0.15},"geometry":{"type":"Point","coordinates":[56.37085,27.14714]}},{"type":"Feature","properties":{"i":0.05},"geometry":{"type":"Point","coordinates":[56.39282,27.14714]}},{"type":"Feature","properties":{"i":0.03},"geometry":{"type":"Point","coordinates":[56.87622,27.14714]}},{"type":"Feature","properties":{"i":0.09},"geometry":{"type":"Point","coordinates":[56.89819,27.14714]}},{"type":"Feature","properties":{"i":0.45},"geometry":{"type":"Point","coordinates":[56.92017,27.14714]}},{"type":"Feature","properties":{"i":0.33},"geometry":{"type":"Point","coordinates":[56.94214,27.14714]}},{"type":"Feature","properties":{"i":0.58},"geometry":{"type":"Point","coordinates":[56.96411,27.14714]}},{"type":"Feature","properties":{"i":0.33},"geometry":{"type":"Point","coordinates":[56.98608,27.14714]}},{"type":"Feature","properties":{"i":0.65},"geometry":{"type":"Point","coordinates":[57.00806,27.14714]}},{"type":"Feature","properties":{"i":0.73},"geometry":{"type":"Point","coordinates":[57.03003,27.14714]}},{"type":"Feature","properties":{"i":0.85},"geometry":{"type":"Point","coordinates":[57.052,27.14714]}},{"type":"Feature","properties":{"i":1},"geometry":{"type":"Point","coordinates":[57.07397,27.14714]}},{"type":"Feature","properties":{"i":0.96},"geometry":{"type":"Point","coordinates":[57.09595,27.14714]}},{"type":"Feature","properties":{"i":0.17},"geometry":{"type":"Point","coordinates":[57.11792,27.14714]}},{"type":"Feature","properties":{"i":0.02},"geometry":{"type":"Point","coordinates":[57.13989,27.14714]}},{"type":"Feature","properties":{"i":0.28},"geometry":{"type":"Point","coordinates":[56.26099,27.12759]}},{"type":"Feature","properties":{"i":0.19},"geometry":{"type":"Point","coordinates":[56.28296,27.12759]}},{"type":"Feature","properties":{"i":0.14},"geometry":{"type":"Point","coordinates":[56.30493,27.12759]}},{"type":"Feature","properties":{"i":0.09},"geometry":{"type":"Point","coordinates":[56.3269,27.12759]}},{"type":"Feature","properties":{"i":0.02},"geometry":{"type":"Point","coordinates":[56.85425,27.12759]}},{"type":"Feature","properties":{"i":0.05},"geometry":{"type":"Point","coordinates":[56.87622,27.12759]}},{"type":"Feature","properties":{"i":0.42},"geometry":{"type":"Point","coordinates":[56.89819,27.12759]}},{"type":"Feature","properties":{"i":0.9},"geometry":{"type":"Point","coordinates":[56.92017,27.12759]}},{"type":"Feature","properties":{"i":0.88},"geometry":{"type":"Point","coordinates":[56.94214,27.12759]}},{"type":"Feature","properties":{"i":0.22},"geometry":{"type":"Point","coordinates":[56.96411,27.12759]}},{"type":"Feature","properties":{"i":0.34},"geometry":{"type":"Point","coordinates":[56.98608,27.12759]}},{"type":"Feature","properties":{"i":0.46},"geometry":{"type":"Point","coordinates":[57.00806,27.12759]}},{"type":"Feature","properties":{"i":0.78},"geometry":{"type":"Point","coordinates":[57.03003,27.12759]}},{"type":"Feature","properties":{"i":0.91},"geometry":{"type":"Point","coordinates":[57.052,27.12759]}},{"type":"Feature","properties":{"i":1},"geometry":{"type":"Point","coordinates":[57.07397,27.12759]}},{"type":"Feature","properties":{"i":1},"geometry":{"type":"Point","coordinates":[57.09595,27.12759]}},{"type":"Feature","properties":{"i":0.22},"geometry":{"type":"Point","coordinates":[57.11792,27.12759]}},{"type":"Feature","properties":{"i":0.03},"geometry":{"type":"Point","coordinates":[57.13989,27.12759]}},{"type":"Feature","properties":{"i":0.03},"geometry":{"type":"Point","coordinates":[56.30493,27.10803]}},{"type":"Feature","properties":{"i":0.02},"geometry":{"type":"Point","coordinates":[56.3269,27.10803]}},{"type":"Feature","properties":{"i":0.04},"geometry":{"type":"Point","coordinates":[56.43677,27.10803]}},{"type":"Feature","properties":{"i":0.44},"geometry":{"type":"Point","coordinates":[56.45874,27.10803]}},{"type":"Feature","properties":{"i":0.02},"geometry":{"type":"Point","coordinates":[56.48071,27.10803]}},{"type":"Feature","properties":{"i":0.56},"geometry":{"type":"Point","coordinates":[56.85425,27.10803]}},{"type":"Feature","properties":{"i":0.69},"geometry":{"type":"Point","coordinates":[56.87622,27.10803]}},{"type":"Feature","properties":{"i":0.68},"geometry":{"type":"Point","coordinates":[56.89819,27.10803]}},{"type":"Feature","properties":{"i":0.58},"geometry":{"type":"Point","coordinates":[56.92017,27.10803]}},{"type":"Feature","properties":{"i":0.63},"geometry":{"type":"Point","coordinates":[56.94214,27.10803]}},{"type":"Feature","properties":{"i":0.41},"geometry":{"type":"Point","coordinates":[56.96411,27.10803]}},{"type":"Feature","properties":{"i":0.33},"geometry":{"type":"Point","coordinates":[56.98608,27.10803]}},{"type":"Feature","properties":{"i":0.72},"geometry":{"type":"Point","coordinates":[57.00806,27.10803]}},{"type":"Feature","properties":{"i":0.73},"geometry":{"type":"Point","coordinates":[57.03003,27.10803]}},{"type":"Feature","properties":{"i":0.97},"geometry":{"type":"Point","coordinates":[57.052,27.10803]}},{"type":"Feature","properties":{"i":1},"geometry":{"type":"Point","coordinates":[57.07397,27.10803]}},{"type":"Feature","properties":{"i":1},"geometry":{"type":"Point","coordinates":[57.09595,27.10803]}},{"type":"Feature","properties":{"i":0.57},"geometry":{"type":"Point","coordinates":[57.11792,27.10803]}},{"type":"Feature","properties":{"i":0.07},"geometry":{"type":"Point","coordinates":[57.13989,27.10803]}},{"type":"Feature","properties":{"i":0.11},"geometry":{"type":"Point","coordinates":[57.16187,27.10803]}},{"type":"Feature","properties":{"i":0.05},"geometry":{"type":"Point","coordinates":[56.26099,27.08847]}},{"type":"Feature","properties":{"i":0.19},"geometry":{"type":"Point","coordinates":[56.28296,27.08847]}},{"type":"Feature","properties":{"i":0.95},"geometry":{"type":"Point","coordinates":[56.43677,27.08847]}},{"type":"Feature","properties":{"i":1},"geometry":{"type":"Point","coordinates":[56.45874,27.08847]}},{"type":"Feature","properties":{"i":0.3},"geometry":{"type":"Point","coordinates":[56.48071,27.08847]}},{"type":"Feature","properties":{"i":0.11},"geometry":{"type":"Point","coordinates":[56.85425,27.08847]}},{"type":"Feature","properties":{"i":0.16},"geometry":{"type":"Point","coordinates":[56.87622,27.08847]}},{"type":"Feature","properties":{"i":0.63},"geometry":{"type":"Point","coordinates":[56.89819,27.08847]}},{"type":"Feature","properties":{"i":0.5},"geometry":{"type":"Point","coordinates":[56.92017,27.08847]}},{"type":"Feature","properties":{"i":0.07},"geometry":{"type":"Point","coordinates":[56.94214,27.08847]}},{"type":"Feature","properties":{"i":0.41},"geometry":{"type":"Point","coordinates":[56.96411,27.08847]}},{"type":"Feature","properties":{"i":0.27},"geometry":{"type":"Point","coordinates":[56.98608,27.08847]}},{"type":"Feature","properties":{"i":0.72},"geometry":{"type":"Point","coordinates":[57.00806,27.08847]}},{"type":"Feature","properties":{"i":1},"geometry":{"type":"Point","coordinates":[57.03003,27.08847]}},{"type":"Feature","properties":{"i":0.96},"geometry":{"type":"Point","coordinates":[57.052,27.08847]}},{"type":"Feature","properties":{"i":0.96},"geometry":{"type":"Point","coordinates":[57.07397,27.08847]}},{"type":"Feature","properties":{"i":1},"geometry":{"type":"Point","coordinates":[57.09595,27.08847]}},{"type":"Feature","properties":{"i":0.82},"geometry":{"type":"Point","coordinates":[57.11792,27.08847]}},{"type":"Feature","properties":{"i":0.09},"geometry":{"type":"Point","coordinates":[57.13989,27.08847]}},{"type":"Feature","properties":{"i":0.07},"geometry":{"type":"Point","coordinates":[57.16187,27.08847]}},{"type":"Feature","properties":{"i":0.16},"geometry":{"type":"Point","coordinates":[56.28296,27.06891]}},{"type":"Feature","properties":{"i":0.17},"geometry":{"type":"Point","coordinates":[56.30493,27.06891]}},{"type":"Feature","properties":{"i":0.16},"geometry":{"type":"Point","coordinates":[56.41479,27.06891]}},{"type":"Feature","properties":{"i":0.12},"geometry":{"type":"Point","coordinates":[56.43677,27.06891]}},{"type":"Feature","properties":{"i":0.13},"geometry":{"type":"Point","coordinates":[56.45874,27.06891]}},{"type":"Feature","properties":{"i":0.04},"geometry":{"type":"Point","coordinates":[56.48071,27.06891]}},{"type":"Feature","properties":{"i":0.14},"geometry":{"type":"Point","coordinates":[56.85425,27.06891]}},{"type":"Feature","properties":{"i":1},"geometry":{"type":"Point","coordinates":[56.87622,27.06891]}},{"type":"Feature","properties":{"i":0.88},"geometry":{"type":"Point","coordinates":[56.89819,27.06891]}},{"type":"Feature","properties":{"i":0.24},"geometry":{"type":"Point","coordinates":[56.94214,27.06891]}},{"type":"Feature","properties":{"i":1},"geometry":{"type":"Point","coordinates":[56.96411,27.06891]}},{"type":"Feature","properties":{"i":1},"geometry":{"type":"Point","coordinates":[56.98608,27.06891]}},{"type":"Feature","properties":{"i":0.33},"geometry":{"type":"Point","coordinates":[57.00806,27.06891]}},{"type":"Feature","properties":{"i":0.88},"geometry":{"type":"Point","coordinates":[57.03003,27.06891]}},{"type":"Feature","properties":{"i":1},"geometry":{"type":"Point","coordinates":[57.052,27.06891]}},{"type":"Feature","properties":{"i":0.97},"geometry":{"type":"Point","coordinates":[57.07397,27.06891]}},{"type":"Feature","properties":{"i":0.36},"geometry":{"type":"Point","coordinates":[57.09595,27.06891]}},{"type":"Feature","properties":{"i":0.36},"geometry":{"type":"Point","coordinates":[57.11792,27.06891]}},{"type":"Feature","properties":{"i":0.02},"geometry":{"type":"Point","coordinates":[57.13989,27.06891]}},{"type":"Feature","properties":{"i":0.52},"geometry":{"type":"Point","coordinates":[57.18384,27.06891]}},{"type":"Feature","properties":{"i":0.58},"geometry":{"type":"Point","coordinates":[57.20581,27.06891]}},{"type":"Feature","properties":{"i":0.07},"geometry":{"type":"Point","coordinates":[53.31665,26.83387]}},{"type":"Feature","properties":{"i":0.13},"geometry":{"type":"Point","coordinates":[53.33862,26.83387]}},{"type":"Feature","properties":{"i":0.03},"geometry":{"type":"Point","coordinates":[53.3606,26.83387]}},{"type":"Feature","properties":{"i":0.05},"geometry":{"type":"Point","coordinates":[53.29468,26.81427]}},{"type":"Feature","properties":{"i":1},"geometry":{"type":"Point","coordinates":[53.31665,26.81427]}},{"type":"Feature","properties":{"i":0.55},"geometry":{"type":"Point","coordinates":[53.33862,26.81427]}},{"type":"Feature","properties":{"i":0.77},"geometry":{"type":"Point","coordinates":[53.3606,26.81427]}},{"type":"Feature","properties":{"i":0.24},"geometry":{"type":"Point","coordinates":[53.38257,26.81427]}},{"type":"Feature","properties":{"i":0.07},"geometry":{"type":"Point","coordinates":[53.29468,26.79465]}},{"type":"Feature","properties":{"i":1},"geometry":{"type":"Point","coordinates":[53.31665,26.79465]}},{"type":"Feature","properties":{"i":1},"geometry":{"type":"Point","coordinates":[53.33862,26.79465]}},{"type":"Feature","properties":{"i":1},"geometry":{"type":"Point","coordinates":[53.3606,26.79465]}},{"type":"Feature","properties":{"i":1},"geometry":{"type":"Point","coordinates":[53.38257,26.79465]}},{"type":"Feature","properties":{"i":0.04},"geometry":{"type":"Point","coordinates":[53.40454,26.79465]}},{"type":"Feature","properties":{"i":0.09},"geometry":{"type":"Point","coordinates":[53.42651,26.79465]}},{"type":"Feature","properties":{"i":0.3},"geometry":{"type":"Point","coordinates":[53.31665,26.77504]}},{"type":"Feature","properties":{"i":0.76},"geometry":{"type":"Point","coordinates":[53.33862,26.77504]}},{"type":"Feature","properties":{"i":0.62},"geometry":{"type":"Point","coordinates":[53.3606,26.77504]}},{"type":"Feature","properties":{"i":0.16},"geometry":{"type":"Point","coordinates":[53.38257,26.77504]}},{"type":"Feature","properties":{"i":0.04},"geometry":{"type":"Point","coordinates":[53.40454,26.77504]}},{"type":"Feature","properties":{"i":0.02},"geometry":{"type":"Point","coordinates":[53.31665,26.75542]}},{"type":"Feature","properties":{"i":0.13},"geometry":{"type":"Point","coordinates":[53.33862,26.75542]}},{"type":"Feature","properties":{"i":0.1},"geometry":{"type":"Point","coordinates":[53.3606,26.75542]}},{"type":"Feature","properties":{"i":0.51},"geometry":{"type":"Point","coordinates":[53.53638,27.04934]}},{"type":"Feature","properties":{"i":0.1},"geometry":{"type":"Point","coordinates":[53.58032,27.04934]}},{"type":"Feature","properties":{"i":0.87},"geometry":{"type":"Point","coordinates":[53.60229,27.04934]}},{"type":"Feature","properties":{"i":1},"geometry":{"type":"Point","coordinates":[53.62427,27.04934]}},{"type":"Feature","properties":{"i":0.03},"geometry":{"type":"Point","coordinates":[53.64624,27.04934]}},{"type":"Feature","properties":{"i":0.34},"geometry":{"type":"Point","coordinates":[53.84399,27.04934]}},{"type":"Feature","properties":{"i":0.34},"geometry":{"type":"Point","coordinates":[53.86597,27.04934]}},{"type":"Feature","properties":{"i":1},"geometry":{"type":"Point","coordinates":[53.88794,27.04934]}},{"type":"Feature","properties":{"i":1},"geometry":{"type":"Point","coordinates":[53.90991,27.04934]}},{"type":"Feature","properties":{"i":0.1},"geometry":{"type":"Point","coordinates":[53.93188,27.04934]}},{"type":"Feature","properties":{"i":0.03},"geometry":{"type":"Point","coordinates":[53.97583,27.04934]}},{"type":"Feature","properties":{"i":0.29},"geometry":{"type":"Point","coordinates":[53.9978,27.04934]}},{"type":"Feature","properties":{"i":0.39},"geometry":{"type":"Point","coordinates":[54.01978,27.04934]}},{"type":"Feature","properties":{"i":0.95},"geometry":{"type":"Point","coordinates":[54.04175,27.04934]}},{"type":"Feature","properties":{"i":1},"geometry":{"type":"Point","coordinates":[54.06372,27.04934]}},{"type":"Feature","properties":{"i":0.07},"geometry":{"type":"Point","coordinates":[54.08569,27.04934]}},{"type":"Feature","properties":{"i":0.48},"geometry":{"type":"Point","coordinates":[54.15161,27.04934]}},{"type":"Feature","properties":{"i":0.35},"geometry":{"type":"Point","coordinates":[54.17358,27.04934]}},{"type":"Feature","properties":{"i":0.1},"geometry":{"type":"Point","coordinates":[54.26147,27.04934]}},{"type":"Feature","properties":{"i":0.49},"geometry":{"type":"Point","coordinates":[54.28345,27.04934]}},{"type":"Feature","properties":{"i":0.34},"geometry":{"type":"Point","coordinates":[54.30542,27.04934]}},{"type":"Feature","properties":{"i":0.75},"geometry":{"type":"Point","coordinates":[54.67896,27.04934]}},{"type":"Feature","properties":{"i":0.58},"geometry":{"type":"Point","coordinates":[54.7229,27.04934]}},{"type":"Feature","properties":{"i":0.31},"geometry":{"type":"Point","coordinates":[54.76685,27.04934]}},{"type":"Feature","properties":{"i":0.22},"geometry":{"type":"Point","coordinates":[54.81079,27.04934]}},{"type":"Feature","properties":{"i":0.29},"geometry":{"type":"Point","coordinates":[53.66821,27.02977]}},{"type":"Feature","properties":{"i":0.86},"geometry":{"type":"Point","coordinates":[53.69019,27.02977]}},{"type":"Feature","properties":{"i":0.03},"geometry":{"type":"Point","coordinates":[53.90991,27.02977]}},{"type":"Feature","properties":{"i":0.14},"geometry":{"type":"Point","coordinates":[53.93188,27.02977]}},{"type":"Feature","properties":{"i":0.48},"geometry":{"type":"Point","coordinates":[54.15161,27.02977]}},{"type":"Feature","properties":{"i":0.02},"geometry":{"type":"Point","coordinates":[54.17358,27.02977]}},{"type":"Feature","properties":{"i":0.05},"geometry":{"type":"Point","coordinates":[54.2395,27.02977]}},{"type":"Feature","properties":{"i":0.83},"geometry":{"type":"Point","coordinates":[54.26147,27.02977]}},{"type":"Feature","properties":{"i":1},"geometry":{"type":"Point","coordinates":[54.28345,27.02977]}},{"type":"Feature","properties":{"i":1},"geometry":{"type":"Point","coordinates":[54.30542,27.02977]}},{"type":"Feature","properties":{"i":0.15},"geometry":{"type":"Point","coordinates":[54.32739,27.02977]}},{"type":"Feature","properties":{"i":0.07},"geometry":{"type":"Point","coordinates":[54.83276,27.02977]}},{"type":"Feature","properties":{"i":0.27},"geometry":{"type":"Point","coordinates":[53.95386,27.0102]}},{"type":"Feature","properties":{"i":0.93},"geometry":{"type":"Point","coordinates":[53.97583,27.0102]}},{"type":"Feature","properties":{"i":1},"geometry":{"type":"Point","coordinates":[53.9978,27.0102]}},{"type":"Feature","properties":{"i":0.03},"geometry":{"type":"Point","coordinates":[54.01978,27.0102]}},{"type":"Feature","properties":{"i":0.05},"geometry":{"type":"Point","coordinates":[54.04175,27.0102]}},{"type":"Feature","properties":{"i":0.05},"geometry":{"type":"Point","coordinates":[54.06372,27.0102]}},{"type":"Feature","properties":{"i":0.36},"geometry":{"type":"Point","coordinates":[54.08569,27.0102]}},{"type":"Feature","properties":{"i":0.19},"geometry":{"type":"Point","coordinates":[54.19556,27.0102]}},{"type":"Feature","properties":{"i":0.27},"geometry":{"type":"Point","coordinates":[54.21753,27.0102]}},{"type":"Feature","properties":{"i":0.82},"geometry":{"type":"Point","coordinates":[54.2395,27.0102]}},{"type":"Feature","properties":{"i":1},"geometry":{"type":"Point","coordinates":[54.26147,27.0102]}},{"type":"Feature","properties":{"i":1},"geometry":{"type":"Point","coordinates":[54.28345,27.0102]}},{"type":"Feature","properties":{"i":1},"geometry":{"type":"Point","coordinates":[54.30542,27.0102]}},{"type":"Feature","properties":{"i":0.14},"geometry":{"type":"Point","coordinates":[54.32739,27.0102]}},{"type":"Feature","properties":{"i":0.14},"geometry":{"type":"Point","coordinates":[54.65698,27.0102]}},{"type":"Feature","properties":{"i":0.65},"geometry":{"type":"Point","coordinates":[54.70093,27.0102]}},{"type":"Feature","properties":{"i":0.65},"geometry":{"type":"Point","coordinates":[54.7229,27.0102]}},{"type":"Feature","properties":{"i":0.34},"geometry":{"type":"Point","coordinates":[54.81079,27.0102]}},{"type":"Feature","properties":{"i":0.79},"geometry":{"type":"Point","coordinates":[54.83276,27.0102]}},{"type":"Feature","properties":{"i":1},"geometry":{"type":"Point","coordinates":[54.06372,26.99062]}},{"type":"Feature","properties":{"i":0.09},"geometry":{"type":"Point","coordinates":[54.08569,26.99062]}},{"type":"Feature","properties":{"i":1},"geometry":{"type":"Point","coordinates":[54.15161,26.99062]}},{"type":"Feature","properties":{"i":0.61},"geometry":{"type":"Point","coordinates":[54.17358,26.99062]}},{"type":"Feature","properties":{"i":1},"geometry":{"type":"Point","coordinates":[54.19556,26.99062]}},{"type":"Feature","properties":{"i":1},"geometry":{"type":"Point","coordinates":[54.21753,26.99062]}},{"type":"Feature","properties":{"i":1},"geometry":{"type":"Point","coordinates":[54.2395,26.99062]}},{"type":"Feature","properties":{"i":0.37},"geometry":{"type":"Point","coordinates":[54.26147,26.99062]}},{"type":"Feature","properties":{"i":0.63},"geometry":{"type":"Point","coordinates":[54.28345,26.99062]}},{"type":"Feature","properties":{"i":0.19},"geometry":{"type":"Point","coordinates":[54.30542,26.99062]}},{"type":"Feature","properties":{"i":0.03},"geometry":{"type":"Point","coordinates":[54.32739,26.99062]}},{"type":"Feature","properties":{"i":0.65},"geometry":{"type":"Point","coordinates":[54.78882,26.99062]}},{"type":"Feature","properties":{"i":0.96},"geometry":{"type":"Point","coordinates":[54.81079,26.99062]}},{"type":"Feature","properties":{"i":1},"geometry":{"type":"Point","coordinates":[53.47046,26.97104]}},{"type":"Feature","properties":{"i":1},"geometry":{"type":"Point","coordinates":[53.49243,26.97104]}},{"type":"Feature","properties":{"i":0.22},"geometry":{"type":"Point","coordinates":[54.19556,26.97104]}},{"type":"Feature","properties":{"i":0.36},"geometry":{"type":"Point","coordinates":[54.21753,26.97104]}},{"type":"Feature","properties":{"i":0.19},"geometry":{"type":"Point","coordinates":[54.2395,26.97104]}},{"type":"Feature","properties":{"i":0.02},"geometry":{"type":"Point","coordinates":[54.26147,26.97104]}},{"type":"Feature","properties":{"i":0.04},"geometry":{"type":"Point","coordinates":[54.28345,26.97104]}},{"type":"Feature","properties":{"i":0.13},"geometry":{"type":"Point","coordinates":[54.56909,26.97104]}},{"type":"Feature","properties":{"i":0.57},"geometry":{"type":"Point","coordinates":[54.74487,26.97104]}},{"type":"Feature","properties":{"i":0.83},"geometry":{"type":"Point","coordinates":[53.47046,26.95145]}},{"type":"Feature","properties":{"i":0.83},"geometry":{"type":"Point","coordinates":[53.49243,26.95145]}},{"type":"Feature","properties":{"i":0.1},"geometry":{"type":"Point","coordinates":[53.5144,26.95145]}},{"type":"Feature","properties":{"i":0.5},"geometry":{"type":"Point","coordinates":[53.53638,26.95145]}},{"type":"Feature","properties":{"i":0.17},"geometry":{"type":"Point","coordinates":[54.56909,26.95145]}},{"type":"Feature","properties":{"i":0.79},"geometry":{"type":"Point","coordinates":[54.7229,26.95145]}},{"type":"Feature","properties":{"i":0.57},"geometry":{"type":"Point","coordinates":[54.74487,26.95145]}},{"type":"Feature","properties":{"i":0.82},"geometry":{"type":"Point","coordinates":[53.55835,26.93187]}},{"type":"Feature","properties":{"i":0.21},"geometry":{"type":"Point","coordinates":[54.39331,26.93187]}},{"type":"Feature","properties":{"i":0.32},"geometry":{"type":"Point","coordinates":[53.49243,26.91227]}},{"type":"Feature","properties":{"i":0.82},"geometry":{"type":"Point","coordinates":[53.55835,26.91227]}},{"type":"Feature","properties":{"i":1},"geometry":{"type":"Point","coordinates":[53.60229,26.91227]}},{"type":"Feature","properties":{"i":0.14},"geometry":{"type":"Point","coordinates":[53.62427,26.91227]}},{"type":"Feature","properties":{"i":0.03},"geometry":{"type":"Point","coordinates":[53.84399,26.91227]}},{"type":"Feature","properties":{"i":0.07},"geometry":{"type":"Point","coordinates":[53.86597,26.91227]}},{"type":"Feature","properties":{"i":0.19},"geometry":{"type":"Point","coordinates":[53.47046,26.89268]}},{"type":"Feature","properties":{"i":0.83},"geometry":{"type":"Point","coordinates":[53.49243,26.89268]}},{"type":"Feature","properties":{"i":0.67},"geometry":{"type":"Point","coordinates":[53.55835,26.89268]}},{"type":"Feature","properties":{"i":0.47},"geometry":{"type":"Point","coordinates":[53.58032,26.89268]}},{"type":"Feature","properties":{"i":0.48},"geometry":{"type":"Point","coordinates":[53.60229,26.89268]}},{"type":"Feature","properties":{"i":0.78},"geometry":{"type":"Point","coordinates":[53.69019,26.89268]}},{"type":"Feature","properties":{"i":0.07},"geometry":{"type":"Point","coordinates":[53.84399,26.89268]}},{"type":"Feature","properties":{"i":0.97},"geometry":{"type":"Point","coordinates":[53.86597,26.89268]}},{"type":"Feature","properties":{"i":0.96},"geometry":{"type":"Point","coordinates":[53.88794,26.89268]}},{"type":"Feature","properties":{"i":0.96},"geometry":{"type":"Point","coordinates":[53.90991,26.89268]}},{"type":"Feature","properties":{"i":0.14},"geometry":{"type":"Point","coordinates":[53.95386,26.89268]}},{"type":"Feature","properties":{"i":0.14},"geometry":{"type":"Point","coordinates":[53.97583,26.89268]}},{"type":"Feature","properties":{"i":0.17},"geometry":{"type":"Point","coordinates":[53.49243,26.87308]}},{"type":"Feature","properties":{"i":0.71},"geometry":{"type":"Point","coordinates":[53.58032,26.87308]}},{"type":"Feature","properties":{"i":0.7},"geometry":{"type":"Point","coordinates":[53.60229,26.87308]}},{"type":"Feature","properties":{"i":0.71},"geometry":{"type":"Point","coordinates":[53.71216,26.87308]}},{"type":"Feature","properties":{"i":0.71},"geometry":{"type":"Point","coordinates":[53.77808,26.87308]}},{"type":"Feature","properties":{"i":0.78},"geometry":{"type":"Point","coordinates":[53.86597,26.87308]}},{"type":"Feature","properties":{"i":0.22},"geometry":{"type":"Point","coordinates":[53.88794,26.87308]}},{"type":"Feature","properties":{"i":0.53},"geometry":{"type":"Point","coordinates":[53.95386,26.87308]}},{"type":"Feature","properties":{"i":0.49},"geometry":{"type":"Point","coordinates":[53.97583,26.87308]}},{"type":"Feature","properties":{"i":0.53},"geometry":{"type":"Point","coordinates":[53.9978,26.87308]}},{"type":"Feature","properties":{"i":0.44},"geometry":{"type":"Point","coordinates":[54.01978,26.87308]}},{"type":"Feature","properties":{"i":0.56},"geometry":{"type":"Point","coordinates":[54.06372,26.87308]}},{"type":"Feature","properties":{"i":0.46},"geometry":{"type":"Point","coordinates":[54.32739,26.87308]}},{"type":"Feature","properties":{"i":0.27},"geometry":{"type":"Point","coordinates":[53.66821,26.85348]}},{"type":"Feature","properties":{"i":0.71},"geometry":{"type":"Point","coordinates":[53.77808,26.85348]}},{"type":"Feature","properties":{"i":0.57},"geometry":{"type":"Point","coordinates":[53.88794,26.85348]}},{"type":"Feature","properties":{"i":0.44},"geometry":{"type":"Point","coordinates":[53.95386,26.85348]}},{"type":"Feature","properties":{"i":0.68},"geometry":{"type":"Point","coordinates":[53.9978,26.85348]}},{"type":"Feature","properties":{"i":0.22},"geometry":{"type":"Point","coordinates":[54.01978,26.85348]}},{"type":"Feature","properties":{"i":0.56},"geometry":{"type":"Point","coordinates":[54.06372,26.85348]}},{"type":"Feature","properties":{"i":0.51},"geometry":{"type":"Point","coordinates":[54.08569,26.85348]}},{"type":"Feature","properties":{"i":0.51},"geometry":{"type":"Point","coordinates":[54.10767,26.85348]}},{"type":"Feature","properties":{"i":0.41},"geometry":{"type":"Point","coordinates":[54.26147,26.85348]}},{"type":"Feature","properties":{"i":0.24},"geometry":{"type":"Point","coordinates":[54.28345,26.85348]}},{"type":"Feature","properties":{"i":0.68},"geometry":{"type":"Point","coordinates":[54.30542,26.85348]}},{"type":"Feature","properties":{"i":0.85},"geometry":{"type":"Point","coordinates":[54.32739,26.85348]}},{"type":"Feature","properties":{"i":0.08},"geometry":{"type":"Point","coordinates":[54.34937,26.85348]}},{"type":"Feature","properties":{"i":0.02},"geometry":{"type":"Point","coordinates":[53.53638,26.83387]}},{"type":"Feature","properties":{"i":0.83},"geometry":{"type":"Point","coordinates":[53.82202,26.83387]}},{"type":"Feature","properties":{"i":0.32},"geometry":{"type":"Point","coordinates":[53.84399,26.83387]}},{"type":"Feature","properties":{"i":0.51},"geometry":{"type":"Point","coordinates":[54.08569,26.83387]}},{"type":"Feature","properties":{"i":0.81},"geometry":{"type":"Point","coordinates":[54.12964,26.83387]}},{"type":"Feature","properties":{"i":0.81},"geometry":{"type":"Point","coordinates":[54.15161,26.83387]}},{"type":"Feature","properties":{"i":0.34},"geometry":{"type":"Point","coordinates":[54.17358,26.83387]}},{"type":"Feature","properties":{"i":0.04},"geometry":{"type":"Point","coordinates":[54.19556,26.83387]}},{"type":"Feature","properties":{"i":0.66},"geometry":{"type":"Point","coordinates":[54.21753,26.83387]}},{"type":"Feature","properties":{"i":0.46},"geometry":{"type":"Point","coordinates":[54.2395,26.83387]}},{"type":"Feature","properties":{"i":0.24},"geometry":{"type":"Point","coordinates":[54.28345,26.83387]}},{"type":"Feature","properties":{"i":0.67},"geometry":{"type":"Point","coordinates":[54.30542,26.83387]}},{"type":"Feature","properties":{"i":1},"geometry":{"type":"Point","coordinates":[54.43726,26.83387]}},{"type":"Feature","properties":{"i":0.99},"geometry":{"type":"Point","coordinates":[54.45923,26.83387]}},{"type":"Feature","properties":{"i":0.28},"geometry":{"type":"Point","coordinates":[53.53638,26.81427]}},{"type":"Feature","properties":{"i":0.66},"geometry":{"type":"Point","coordinates":[54.21753,26.81427]}},{"type":"Feature","properties":{"i":0.51},"geometry":{"type":"Point","coordinates":[54.28345,26.81427]}},{"type":"Feature","properties":{"i":0.85},"geometry":{"type":"Point","coordinates":[54.43726,26.81427]}},{"type":"Feature","properties":{"i":0.52},"geometry":{"type":"Point","coordinates":[54.45923,26.81427]}},{"type":"Feature","properties":{"i":0.12},"geometry":{"type":"Point","coordinates":[53.84399,26.79465]}},{"type":"Feature","properties":{"i":0.12},"geometry":{"type":"Point","coordinates":[53.86597,26.79465]}},{"type":"Feature","properties":{"i":0.17},"geometry":{"type":"Point","coordinates":[54.30542,26.79465]}},{"type":"Feature","properties":{"i":0.16},"geometry":{"type":"Point","coordinates":[54.39331,26.79465]}},{"type":"Feature","properties":{"i":0.07},"geometry":{"type":"Point","coordinates":[54.74487,26.79465]}},{"type":"Feature","properties":{"i":0.18},"geometry":{"type":"Point","coordinates":[54.30542,26.77504]}},{"type":"Feature","properties":{"i":0.37},"geometry":{"type":"Point","coordinates":[54.34937,26.77504]}},{"type":"Feature","properties":{"i":0.37},"geometry":{"type":"Point","coordinates":[54.37134,26.77504]}},{"type":"Feature","properties":{"i":0.41},"geometry":{"type":"Point","coordinates":[54.39331,26.77504]}},{"type":"Feature","properties":{"i":0.72},"geometry":{"type":"Point","coordinates":[54.50317,26.77504]}},{"type":"Feature","properties":{"i":0.72},"geometry":{"type":"Point","coordinates":[54.52515,26.77504]}},{"type":"Feature","properties":{"i":0.22},"geometry":{"type":"Point","coordinates":[54.74487,26.77504]}},{"type":"Feature","properties":{"i":0.14},"geometry":{"type":"Point","coordinates":[54.81079,26.77504]}},{"type":"Feature","properties":{"i":0.48},"geometry":{"type":"Point","coordinates":[53.95386,26.75542]}},{"type":"Feature","properties":{"i":0.42},"geometry":{"type":"Point","coordinates":[53.97583,26.75542]}},{"type":"Feature","properties":{"i":0.25},"geometry":{"type":"Point","coordinates":[54.26147,26.75542]}},{"type":"Feature","properties":{"i":0.04},"geometry":{"type":"Point","coordinates":[54.28345,26.75542]}},{"type":"Feature","properties":{"i":0.36},"geometry":{"type":"Point","coordinates":[54.34937,26.75542]}},{"type":"Feature","properties":{"i":0.37},"geometry":{"type":"Point","coordinates":[54.37134,26.75542]}},{"type":"Feature","properties":{"i":0.57},"geometry":{"type":"Point","coordinates":[54.45923,26.75542]}},{"type":"Feature","properties":{"i":0.07},"geometry":{"type":"Point","coordinates":[54.50317,26.75542]}},{"type":"Feature","properties":{"i":0.7},"geometry":{"type":"Point","coordinates":[54.52515,26.75542]}},{"type":"Feature","properties":{"i":1},"geometry":{"type":"Point","coordinates":[54.54712,26.75542]}},{"type":"Feature","properties":{"i":0.03},"geometry":{"type":"Point","coordinates":[54.56909,26.75542]}},{"type":"Feature","properties":{"i":0.13},"geometry":{"type":"Point","coordinates":[54.65698,26.75542]}},{"type":"Feature","properties":{"i":0.8},"geometry":{"type":"Point","coordinates":[54.67896,26.75542]}},{"type":"Feature","properties":{"i":0.05},"geometry":{"type":"Point","coordinates":[54.70093,26.75542]}},{"type":"Feature","properties":{"i":0.95},"geometry":{"type":"Point","coordinates":[54.83276,26.75542]}},{"type":"Feature","properties":{"i":0.54},"geometry":{"type":"Point","coordinates":[53.95386,26.7358]}},{"type":"Feature","properties":{"i":0.42},"geometry":{"type":"Point","coordinates":[53.97583,26.7358]}},{"type":"Feature","properties":{"i":1},"geometry":{"type":"Point","coordinates":[54.26147,26.7358]}},{"type":"Feature","properties":{"i":1},"geometry":{"type":"Point","coordinates":[54.28345,26.7358]}},{"type":"Feature","properties":{"i":0.05},"geometry":{"type":"Point","coordinates":[54.30542,26.7358]}},{"type":"Feature","properties":{"i":0.03},"geometry":{"type":"Point","coordinates":[54.32739,26.7358]}},{"type":"Feature","properties":{"i":0.03},"geometry":{"type":"Point","coordinates":[54.34937,26.7358]}},{"type":"Feature","properties":{"i":1},"geometry":{"type":"Point","coordinates":[54.54712,26.7358]}},{"type":"Feature","properties":{"i":1},"geometry":{"type":"Point","coordinates":[54.56909,26.7358]}},{"type":"Feature","properties":{"i":0.28},"geometry":{"type":"Point","coordinates":[54.59106,26.7358]}},{"type":"Feature","properties":{"i":0.26},"geometry":{"type":"Point","coordinates":[53.71216,26.71617]}},{"type":"Feature","properties":{"i":0.78},"geometry":{"type":"Point","coordinates":[53.73413,26.71617]}},{"type":"Feature","properties":{"i":0.47},"geometry":{"type":"Point","coordinates":[53.7561,26.71617]}},{"type":"Feature","properties":{"i":0.07},"geometry":{"type":"Point","coordinates":[53.88794,26.71617]}},{"type":"Feature","properties":{"i":0.33},"geometry":{"type":"Point","coordinates":[53.90991,26.71617]}},{"type":"Feature","properties":{"i":0.4},"geometry":{"type":"Point","coordinates":[53.93188,26.71617]}},{"type":"Feature","properties":{"i":0.42},"geometry":{"type":"Point","coordinates":[54.08569,26.71617]}},{"type":"Feature","properties":{"i":0.15},"geometry":{"type":"Point","coordinates":[54.12964,26.71617]}},{"type":"Feature","properties":{"i":0.42},"geometry":{"type":"Point","coordinates":[54.19556,26.71617]}},{"type":"Feature","properties":{"i":0.37},"geometry":{"type":"Point","coordinates":[54.21753,26.71617]}},{"type":"Feature","properties":{"i":0.96},"geometry":{"type":"Point","coordinates":[54.26147,26.71617]}},{"type":"Feature","properties":{"i":1},"geometry":{"type":"Point","coordinates":[54.28345,26.71617]}},{"type":"Feature","properties":{"i":0.04},"geometry":{"type":"Point","coordinates":[54.30542,26.71617]}},{"type":"Feature","properties":{"i":0.34},"geometry":{"type":"Point","coordinates":[54.32739,26.71617]}},{"type":"Feature","properties":{"i":0.02},"geometry":{"type":"Point","coordinates":[54.56909,26.71617]}},{"type":"Feature","properties":{"i":0.6},"geometry":{"type":"Point","coordinates":[53.71216,26.69655]}},{"type":"Feature","properties":{"i":0.6},"geometry":{"type":"Point","coordinates":[53.73413,26.69655]}},{"type":"Feature","properties":{"i":0.02},"geometry":{"type":"Point","coordinates":[53.88794,26.69655]}},{"type":"Feature","properties":{"i":0.5},"geometry":{"type":"Point","coordinates":[54.19556,26.69655]}},{"type":"Feature","properties":{"i":0.25},"geometry":{"type":"Point","coordinates":[54.21753,26.69655]}},{"type":"Feature","properties":{"i":0.05},"geometry":{"type":"Point","coordinates":[53.62427,26.67691]}},{"type":"Feature","properties":{"i":0.27},"geometry":{"type":"Point","coordinates":[54.43726,26.67691]}},{"type":"Feature","properties":{"i":0.27},"geometry":{"type":"Point","coordinates":[54.45923,26.67691]}},{"type":"Feature","properties":{"i":0.84},"geometry":{"type":"Point","coordinates":[54.34937,26.65728]}},{"type":"Feature","properties":{"i":0.96},"geometry":{"type":"Point","coordinates":[54.37134,26.65728]}},{"type":"Feature","properties":{"i":0.03},"geometry":{"type":"Point","coordinates":[54.45923,26.65728]}},{"type":"Feature","properties":{"i":0.25},"geometry":{"type":"Point","coordinates":[54.34937,26.63764]}},{"type":"Feature","properties":{"i":0.46},"geometry":{"type":"Point","coordinates":[54.37134,26.63764]}},{"type":"Feature","properties":{"i":0.04},"geometry":{"type":"Point","coordinates":[53.93188,26.59835]}},{"type":"Feature","properties":{"i":0.15},"geometry":{"type":"Point","coordinates":[53.95386,26.59835]}},{"type":"Feature","properties":{"i":0.19},"geometry":{"type":"Point","coordinates":[53.97583,26.59835]}},{"type":"Feature","properties":{"i":0.95},"geometry":{"type":"Point","coordinates":[54.50317,26.59835]}},{"type":"Feature","properties":{"i":0.1},"geometry":{"type":"Point","coordinates":[54.52515,26.59835]}},{"type":"Feature","properties":{"i":0.05},"geometry":{"type":"Point","coordinates":[54.59106,26.59835]}},{"type":"Feature","properties":{"i":0.04},"geometry":{"type":"Point","coordinates":[54.63501,26.59835]}},{"type":"Feature","properties":{"i":0.04},"geometry":{"type":"Point","coordinates":[54.65698,26.59835]}},{"type":"Feature","properties":{"i":0.11},"geometry":{"type":"Point","coordinates":[53.90991,26.5787]}},{"type":"Feature","properties":{"i":0.98},"geometry":{"type":"Point","coordinates":[53.93188,26.5787]}},{"type":"Feature","properties":{"i":1},"geometry":{"type":"Point","coordinates":[53.95386,26.5787]}},{"type":"Feature","properties":{"i":0.37},"geometry":{"type":"Point","coordinates":[53.97583,26.5787]}},{"type":"Feature","properties":{"i":0.34},"geometry":{"type":"Point","coordinates":[53.9978,26.5787]}},{"type":"Feature","properties":{"i":0.15},"geometry":{"type":"Point","coordinates":[54.01978,26.5787]}},{"type":"Feature","properties":{"i":0.07},"geometry":{"type":"Point","coordinates":[54.04175,26.5787]}},{"type":"Feature","properties":{"i":1},"geometry":{"type":"Point","coordinates":[54.56909,26.5787]}},{"type":"Feature","properties":{"i":1},"geometry":{"type":"Point","coordinates":[54.59106,26.5787]}},{"type":"Feature","properties":{"i":0.02},"geometry":{"type":"Point","coordinates":[53.88794,26.55905]}},{"type":"Feature","properties":{"i":0.69},"geometry":{"type":"Point","coordinates":[53.90991,26.55905]}},{"type":"Feature","properties":{"i":1},"geometry":{"type":"Point","coordinates":[53.93188,26.55905]}},{"type":"Feature","properties":{"i":1},"geometry":{"type":"Point","coordinates":[53.95386,26.55905]}},{"type":"Feature","properties":{"i":1},"geometry":{"type":"Point","coordinates":[53.97583,26.55905]}},{"type":"Feature","properties":{"i":1},"geometry":{"type":"Point","coordinates":[53.9978,26.55905]}},{"type":"Feature","properties":{"i":1},"geometry":{"type":"Point","coordinates":[54.01978,26.55905]}},{"type":"Feature","properties":{"i":0.36},"geometry":{"type":"Point","coordinates":[54.04175,26.55905]}},{"type":"Feature","properties":{"i":0.03},"geometry":{"type":"Point","coordinates":[54.06372,26.55905]}},{"type":"Feature","properties":{"i":0.49},"geometry":{"type":"Point","coordinates":[54.56909,26.55905]}},{"type":"Feature","properties":{"i":0.17},"geometry":{"type":"Point","coordinates":[54.59106,26.55905]}},{"type":"Feature","properties":{"i":0.53},"geometry":{"type":"Point","coordinates":[53.88794,26.53939]}},{"type":"Feature","properties":{"i":1},"geometry":{"type":"Point","coordinates":[53.90991,26.53939]}},{"type":"Feature","properties":{"i":0.88},"geometry":{"type":"Point","coordinates":[53.93188,26.53939]}},{"type":"Feature","properties":{"i":0.92},"geometry":{"type":"Point","coordinates":[53.95386,26.53939]}},{"type":"Feature","properties":{"i":1},"geometry":{"type":"Point","coordinates":[53.97583,26.53939]}},{"type":"Feature","properties":{"i":1},"geometry":{"type":"Point","coordinates":[53.9978,26.53939]}},{"type":"Feature","properties":{"i":1},"geometry":{"type":"Point","coordinates":[54.01978,26.53939]}},{"type":"Feature","properties":{"i":0.91},"geometry":{"type":"Point","coordinates":[54.04175,26.53939]}},{"type":"Feature","properties":{"i":0.19},"geometry":{"type":"Point","coordinates":[54.06372,26.53939]}},{"type":"Feature","properties":{"i":0.55},"geometry":{"type":"Point","coordinates":[54.78882,26.53939]}},{"type":"Feature","properties":{"i":0.02},"geometry":{"type":"Point","coordinates":[54.81079,26.53939]}},{"type":"Feature","properties":{"i":0.04},"geometry":{"type":"Point","coordinates":[54.83276,26.53939]}},{"type":"Feature","properties":{"i":0.04},"geometry":{"type":"Point","coordinates":[53.88794,26.51974]}},{"type":"Feature","properties":{"i":1},"geometry":{"type":"Point","coordinates":[53.90991,26.51974]}},{"type":"Feature","properties":{"i":0.92},"geometry":{"type":"Point","coordinates":[53.93188,26.51974]}},{"type":"Feature","properties":{"i":0.86},"geometry":{"type":"Point","coordinates":[53.95386,26.51974]}},{"type":"Feature","properties":{"i":1},"geometry":{"type":"Point","coordinates":[53.97583,26.51974]}},{"type":"Feature","properties":{"i":1},"geometry":{"type":"Point","coordinates":[53.9978,26.51974]}},{"type":"Feature","properties":{"i":1},"geometry":{"type":"Point","coordinates":[54.01978,26.51974]}},{"type":"Feature","properties":{"i":1},"geometry":{"type":"Point","coordinates":[54.04175,26.51974]}},{"type":"Feature","properties":{"i":0.3},"geometry":{"type":"Point","coordinates":[54.06372,26.51974]}},{"type":"Feature","properties":{"i":0.1},"geometry":{"type":"Point","coordinates":[54.61304,26.51974]}},{"type":"Feature","properties":{"i":0.47},"geometry":{"type":"Point","coordinates":[54.63501,26.51974]}},{"type":"Feature","properties":{"i":1},"geometry":{"type":"Point","coordinates":[54.65698,26.51974]}},{"type":"Feature","properties":{"i":0.33},"geometry":{"type":"Point","coordinates":[54.67896,26.51974]}},{"type":"Feature","properties":{"i":1},"geometry":{"type":"Point","coordinates":[54.7229,26.51974]}},{"type":"Feature","properties":{"i":0.55},"geometry":{"type":"Point","coordinates":[54.74487,26.51974]}},{"type":"Feature","properties":{"i":0.4},"geometry":{"type":"Point","coordinates":[54.76685,26.51974]}},{"type":"Feature","properties":{"i":1},"geometry":{"type":"Point","coordinates":[54.78882,26.51974]}},{"type":"Feature","properties":{"i":0.88},"geometry":{"type":"Point","coordinates":[54.81079,26.51974]}},{"type":"Feature","properties":{"i":0.59},"geometry":{"type":"Point","coordinates":[54.83276,26.51974]}},{"type":"Feature","properties":{"i":0.26},"geometry":{"type":"Point","coordinates":[53.93188,26.50007]}},{"type":"Feature","properties":{"i":0.5},"geometry":{"type":"Point","coordinates":[53.95386,26.50007]}},{"type":"Feature","properties":{"i":0.78},"geometry":{"type":"Point","coordinates":[53.97583,26.50007]}},{"type":"Feature","properties":{"i":1},"geometry":{"type":"Point","coordinates":[53.9978,26.50007]}},{"type":"Feature","properties":{"i":1},"geometry":{"type":"Point","coordinates":[54.01978,26.50007]}},{"type":"Feature","properties":{"i":0.86},"geometry":{"type":"Point","coordinates":[54.04175,26.50007]}},{"type":"Feature","properties":{"i":0.13},"geometry":{"type":"Point","coordinates":[54.06372,26.50007]}},{"type":"Feature","properties":{"i":0.55},"geometry":{"type":"Point","coordinates":[54.63501,26.50007]}},{"type":"Feature","properties":{"i":1},"geometry":{"type":"Point","coordinates":[54.65698,26.50007]}},{"type":"Feature","properties":{"i":0.05},"geometry":{"type":"Point","coordinates":[54.67896,26.50007]}},{"type":"Feature","properties":{"i":0.09},"geometry":{"type":"Point","coordinates":[54.7229,26.50007]}},{"type":"Feature","properties":{"i":0.1},"geometry":{"type":"Point","coordinates":[54.76685,26.50007]}},{"type":"Feature","properties":{"i":0.51},"geometry":{"type":"Point","coordinates":[54.78882,26.50007]}},{"type":"Feature","properties":{"i":0.12},"geometry":{"type":"Point","coordinates":[53.97583,26.48041]}},{"type":"Feature","properties":{"i":0.28},"geometry":{"type":"Point","coordinates":[53.9978,26.48041]}},{"type":"Feature","properties":{"i":0.17},"geometry":{"type":"Point","coordinates":[54.01978,26.48041]}},{"type":"Feature","properties":{"i":0.02},"geometry":{"type":"Point","coordinates":[53.93188,26.26386]}},{"type":"Feature","properties":{"i":0.02},"geometry":{"type":"Point","coordinates":[53.93188,26.24416]}},{"type":"Feature","properties":{"i":0.04},"geometry":{"type":"Point","coordinates":[53.64624,26.06665]}},{"type":"Feature","properties":{"i":0.02},"geometry":{"type":"Point","coordinates":[53.69019,26.06665]}},{"type":"Feature","properties":{"i":0.03},"geometry":{"type":"Point","coordinates":[54.63501,26.02717]}},{"type":"Feature","properties":{"i":0.03},"geometry":{"type":"Point","coordinates":[54.65698,26.02717]}},{"type":"Feature","properties":{"i":0.03},"geometry":{"type":"Point","coordinates":[54.63501,26.00742]}},{"type":"Feature","properties":{"i":0.82},"geometry":{"type":"Point","coordinates":[54.52515,25.92841]}},{"type":"Feature","properties":{"i":0.45},"geometry":{"type":"Point","coordinates":[54.54712,25.92841]}},{"type":"Feature","properties":{"i":0.14},"geometry":{"type":"Point","coordinates":[54.56909,25.92841]}},{"type":"Feature","properties":{"i":0.28},"geometry":{"type":"Point","coordinates":[54.50317,25.90864]}},{"type":"Feature","properties":{"i":1},"geometry":{"type":"Point","coordinates":[54.52515,25.90864]}},{"type":"Feature","properties":{"i":1},"geometry":{"type":"Point","coordinates":[54.54712,25.90864]}},{"type":"Feature","properties":{"i":0.19},"geometry":{"type":"Point","coordinates":[54.56909,25.90864]}},{"type":"Feature","properties":{"i":0.35},"geometry":{"type":"Point","coordinates":[54.50317,25.88888]}},{"type":"Feature","properties":{"i":1},"geometry":{"type":"Point","coordinates":[54.52515,25.88888]}},{"type":"Feature","properties":{"i":1},"geometry":{"type":"Point","coordinates":[54.54712,25.88888]}},{"type":"Feature","properties":{"i":0.27},"geometry":{"type":"Point","coordinates":[54.56909,25.88888]}},{"type":"Feature","properties":{"i":0.04},"geometry":{"type":"Point","coordinates":[54.52515,25.86911]}},{"type":"Feature","properties":{"i":0.1},"geometry":{"type":"Point","coordinates":[54.54712,25.86911]}},{"type":"Feature","properties":{"i":1},"geometry":{"type":"Point","coordinates":[54.87671,27.04934]}},{"type":"Feature","properties":{"i":1},"geometry":{"type":"Point","coordinates":[54.89868,27.04934]}},{"type":"Feature","properties":{"i":0.08},"geometry":{"type":"Point","coordinates":[54.92065,27.04934]}},{"type":"Feature","properties":{"i":0.13},"geometry":{"type":"Point","coordinates":[54.9646,27.04934]}},{"type":"Feature","properties":{"i":0.03},"geometry":{"type":"Point","coordinates":[55.05249,27.04934]}},{"type":"Feature","properties":{"i":0.72},"geometry":{"type":"Point","coordinates":[55.07446,27.04934]}},{"type":"Feature","properties":{"i":0.52},"geometry":{"type":"Point","coordinates":[55.2063,27.04934]}},{"type":"Feature","properties":{"i":0.02},"geometry":{"type":"Point","coordinates":[55.75562,27.04934]}},{"type":"Feature","properties":{"i":0.02},"geometry":{"type":"Point","coordinates":[55.86548,27.04934]}},{"type":"Feature","properties":{"i":0.08},"geometry":{"type":"Point","coordinates":[55.88745,27.04934]}},{"type":"Feature","properties":{"i":0.25},"geometry":{"type":"Point","coordinates":[55.90942,27.04934]}},{"type":"Feature","properties":{"i":1},"geometry":{"type":"Point","coordinates":[55.9314,27.04934]}},{"type":"Feature","properties":{"i":0.62},"geometry":{"type":"Point","coordinates":[55.95337,27.04934]}},{"type":"Feature","properties":{"i":0.62},"geometry":{"type":"Point","coordinates":[55.97534,27.04934]}},{"type":"Feature","properties":{"i":0.19},"geometry":{"type":"Point","coordinates":[55.99731,27.04934]}},{"type":"Feature","properties":{"i":0.24},"geometry":{"type":"Point","coordinates":[56.01929,27.04934]}},{"type":"Feature","properties":{"i":0.24},"geometry":{"type":"Point","coordinates":[56.04126,27.04934]}},{"type":"Feature","properties":{"i":0.24},"geometry":{"type":"Point","coordinates":[56.06323,27.04934]}},{"type":"Feature","properties":{"i":0.21},"geometry":{"type":"Point","coordinates":[56.08521,27.04934]}},{"type":"Feature","properties":{"i":0.11},"geometry":{"type":"Point","coordinates":[56.10718,27.04934]}},{"type":"Feature","properties":{"i":0.14},"geometry":{"type":"Point","coordinates":[56.12915,27.04934]}},{"type":"Feature","properties":{"i":0.08},"geometry":{"type":"Point","coordinates":[56.15112,27.04934]}},{"type":"Feature","properties":{"i":0.05},"geometry":{"type":"Point","coordinates":[56.1731,27.04934]}},{"type":"Feature","properties":{"i":0.3},"geometry":{"type":"Point","coordinates":[56.19507,27.04934]}},{"type":"Feature","properties":{"i":0.04},"geometry":{"type":"Point","coordinates":[56.21704,27.04934]}},{"type":"Feature","properties":{"i":0.08},"geometry":{"type":"Point","coordinates":[56.23901,27.04934]}},{"type":"Feature","properties":{"i":1},"geometry":{"type":"Point","coordinates":[54.87671,27.02977]}},{"type":"Feature","properties":{"i":1},"geometry":{"type":"Point","coordinates":[54.89868,27.02977]}},{"type":"Feature","properties":{"i":0.8},"geometry":{"type":"Point","coordinates":[54.92065,27.02977]}},{"type":"Feature","properties":{"i":0.41},"geometry":{"type":"Point","coordinates":[54.94263,27.02977]}},{"type":"Feature","properties":{"i":0.13},"geometry":{"type":"Point","coordinates":[54.9646,27.02977]}},{"type":"Feature","properties":{"i":0.1},"geometry":{"type":"Point","coordinates":[55.00854,27.02977]}},{"type":"Feature","properties":{"i":0.03},"geometry":{"type":"Point","coordinates":[55.05249,27.02977]}},{"type":"Feature","properties":{"i":0.1},"geometry":{"type":"Point","coordinates":[55.07446,27.02977]}},{"type":"Feature","properties":{"i":0.34},"geometry":{"type":"Point","coordinates":[55.18433,27.02977]}},{"type":"Feature","properties":{"i":0.34},"geometry":{"type":"Point","coordinates":[55.6897,27.02977]}},{"type":"Feature","properties":{"i":0.62},"geometry":{"type":"Point","coordinates":[55.71167,27.02977]}},{"type":"Feature","properties":{"i":0.62},"geometry":{"type":"Point","coordinates":[55.73364,27.02977]}},{"type":"Feature","properties":{"i":0.09},"geometry":{"type":"Point","coordinates":[55.75562,27.02977]}},{"type":"Feature","properties":{"i":0.04},"geometry":{"type":"Point","coordinates":[55.88745,27.02977]}},{"type":"Feature","properties":{"i":0.23},"geometry":{"type":"Point","coordinates":[55.90942,27.02977]}},{"type":"Feature","properties":{"i":1},"geometry":{"type":"Point","coordinates":[55.9314,27.02977]}},{"type":"Feature","properties":{"i":0.95},"geometry":{"type":"Point","coordinates":[55.95337,27.02977]}},{"type":"Feature","properties":{"i":0.28},"geometry":{"type":"Point","coordinates":[55.97534,27.02977]}},{"type":"Feature","properties":{"i":0.09},"geometry":{"type":"Point","coordinates":[55.99731,27.02977]}},{"type":"Feature","properties":{"i":0.09},"geometry":{"type":"Point","coordinates":[56.01929,27.02977]}},{"type":"Feature","properties":{"i":0.13},"geometry":{"type":"Point","coordinates":[56.04126,27.02977]}},{"type":"Feature","properties":{"i":0.11},"geometry":{"type":"Point","coordinates":[56.06323,27.02977]}},{"type":"Feature","properties":{"i":0.14},"geometry":{"type":"Point","coordinates":[56.08521,27.02977]}},{"type":"Feature","properties":{"i":0.11},"geometry":{"type":"Point","coordinates":[56.10718,27.02977]}},{"type":"Feature","properties":{"i":0.23},"geometry":{"type":"Point","coordinates":[56.12915,27.02977]}},{"type":"Feature","properties":{"i":0.07},"geometry":{"type":"Point","coordinates":[56.15112,27.02977]}},{"type":"Feature","properties":{"i":0.03},"geometry":{"type":"Point","coordinates":[56.1731,27.02977]}},{"type":"Feature","properties":{"i":0.05},"geometry":{"type":"Point","coordinates":[56.19507,27.02977]}},{"type":"Feature","properties":{"i":0.07},"geometry":{"type":"Point","coordinates":[56.21704,27.02977]}},{"type":"Feature","properties":{"i":0.02},"geometry":{"type":"Point","coordinates":[56.23901,27.02977]}},{"type":"Feature","properties":{"i":0.79},"geometry":{"type":"Point","coordinates":[54.85474,27.0102]}},{"type":"Feature","properties":{"i":0.03},"geometry":{"type":"Point","coordinates":[54.89868,27.0102]}},{"type":"Feature","properties":{"i":0.34},"geometry":{"type":"Point","coordinates":[54.92065,27.0102]}},{"type":"Feature","properties":{"i":0.87},"geometry":{"type":"Point","coordinates":[54.94263,27.0102]}},{"type":"Feature","properties":{"i":1},"geometry":{"type":"Point","coordinates":[54.9646,27.0102]}},{"type":"Feature","properties":{"i":0.65},"geometry":{"type":"Point","coordinates":[54.98657,27.0102]}},{"type":"Feature","properties":{"i":0.02},"geometry":{"type":"Point","coordinates":[55.03052,27.0102]}},{"type":"Feature","properties":{"i":0.42},"geometry":{"type":"Point","coordinates":[55.42603,27.0102]}},{"type":"Feature","properties":{"i":0.05},"geometry":{"type":"Point","coordinates":[55.64575,27.0102]}},{"type":"Feature","properties":{"i":0.42},"geometry":{"type":"Point","coordinates":[55.66772,27.0102]}},{"type":"Feature","properties":{"i":0.3},"geometry":{"type":"Point","coordinates":[55.6897,27.0102]}},{"type":"Feature","properties":{"i":0.74},"geometry":{"type":"Point","coordinates":[55.71167,27.0102]}},{"type":"Feature","properties":{"i":1},"geometry":{"type":"Point","coordinates":[55.73364,27.0102]}},{"type":"Feature","properties":{"i":0.82},"geometry":{"type":"Point","coordinates":[55.75562,27.0102]}},{"type":"Feature","properties":{"i":0.09},"geometry":{"type":"Point","coordinates":[55.90942,27.0102]}},{"type":"Feature","properties":{"i":0.4},"geometry":{"type":"Point","coordinates":[55.9314,27.0102]}},{"type":"Feature","properties":{"i":0.19},"geometry":{"type":"Point","coordinates":[55.95337,27.0102]}},{"type":"Feature","properties":{"i":0.15},"geometry":{"type":"Point","coordinates":[55.97534,27.0102]}},{"type":"Feature","properties":{"i":0.08},"geometry":{"type":"Point","coordinates":[55.99731,27.0102]}},{"type":"Feature","properties":{"i":0.05},"geometry":{"type":"Point","coordinates":[56.01929,27.0102]}},{"type":"Feature","properties":{"i":0.04},"geometry":{"type":"Point","coordinates":[56.04126,27.0102]}},{"type":"Feature","properties":{"i":0.07},"geometry":{"type":"Point","coordinates":[56.06323,27.0102]}},{"type":"Feature","properties":{"i":0.07},"geometry":{"type":"Point","coordinates":[56.08521,27.0102]}},{"type":"Feature","properties":{"i":0.05},"geometry":{"type":"Point","coordinates":[56.10718,27.0102]}},{"type":"Feature","properties":{"i":0.05},"geometry":{"type":"Point","coordinates":[56.12915,27.0102]}},{"type":"Feature","properties":{"i":0.05},"geometry":{"type":"Point","coordinates":[56.15112,27.0102]}},{"type":"Feature","properties":{"i":0.05},"geometry":{"type":"Point","coordinates":[56.1731,27.0102]}},{"type":"Feature","properties":{"i":0.05},"geometry":{"type":"Point","coordinates":[56.19507,27.0102]}},{"type":"Feature","properties":{"i":0.05},"geometry":{"type":"Point","coordinates":[56.21704,27.0102]}},{"type":"Feature","properties":{"i":0.04},"geometry":{"type":"Point","coordinates":[56.23901,27.0102]}},{"type":"Feature","properties":{"i":0.6},"geometry":{"type":"Point","coordinates":[54.9646,26.99062]}},{"type":"Feature","properties":{"i":0.58},"geometry":{"type":"Point","coordinates":[55.03052,26.99062]}},{"type":"Feature","properties":{"i":0.34},"geometry":{"type":"Point","coordinates":[55.05249,26.99062]}},{"type":"Feature","properties":{"i":0.08},"geometry":{"type":"Point","coordinates":[55.22827,26.99062]}},{"type":"Feature","properties":{"i":0.08},"geometry":{"type":"Point","coordinates":[55.25024,26.99062]}},{"type":"Feature","properties":{"i":0.61},"geometry":{"type":"Point","coordinates":[55.64575,26.99062]}},{"type":"Feature","properties":{"i":0.76},"geometry":{"type":"Point","coordinates":[55.66772,26.99062]}},{"type":"Feature","properties":{"i":0.33},"geometry":{"type":"Point","coordinates":[55.6897,26.99062]}},{"type":"Feature","properties":{"i":0.74},"geometry":{"type":"Point","coordinates":[55.71167,26.99062]}},{"type":"Feature","properties":{"i":0.8},"geometry":{"type":"Point","coordinates":[55.73364,26.99062]}},{"type":"Feature","properties":{"i":0.55},"geometry":{"type":"Point","coordinates":[55.75562,26.99062]}},{"type":"Feature","properties":{"i":0.02},"geometry":{"type":"Point","coordinates":[55.99731,26.99062]}},{"type":"Feature","properties":{"i":0.04},"geometry":{"type":"Point","coordinates":[56.01929,26.99062]}},{"type":"Feature","properties":{"i":0.13},"geometry":{"type":"Point","coordinates":[56.04126,26.99062]}},{"type":"Feature","properties":{"i":0.22},"geometry":{"type":"Point","coordinates":[56.06323,26.99062]}},{"type":"Feature","properties":{"i":0.23},"geometry":{"type":"Point","coordinates":[56.08521,26.99062]}},{"type":"Feature","properties":{"i":0.13},"geometry":{"type":"Point","coordinates":[56.10718,26.99062]}},{"type":"Feature","properties":{"i":0.17},"geometry":{"type":"Point","coordinates":[56.12915,26.99062]}},{"type":"Feature","properties":{"i":0.48},"geometry":{"type":"Point","coordinates":[56.15112,26.99062]}},{"type":"Feature","properties":{"i":0.56},"geometry":{"type":"Point","coordinates":[56.1731,26.99062]}},{"type":"Feature","properties":{"i":0.59},"geometry":{"type":"Point","coordinates":[56.19507,26.99062]}},{"type":"Feature","properties":{"i":0.8},"geometry":{"type":"Point","coordinates":[56.21704,26.99062]}},{"type":"Feature","properties":{"i":0.55},"geometry":{"type":"Point","coordinates":[56.23901,26.99062]}},{"type":"Feature","properties":{"i":0.34},"geometry":{"type":"Point","coordinates":[55.05249,26.97104]}},{"type":"Feature","properties":{"i":0.41},"geometry":{"type":"Point","coordinates":[55.18433,26.97104]}},{"type":"Feature","properties":{"i":0.76},"geometry":{"type":"Point","coordinates":[55.2063,26.97104]}},{"type":"Feature","properties":{"i":0.02},"geometry":{"type":"Point","coordinates":[55.22827,26.97104]}},{"type":"Feature","properties":{"i":0.32},"geometry":{"type":"Point","coordinates":[55.27222,26.97104]}},{"type":"Feature","properties":{"i":0.03},"geometry":{"type":"Point","coordinates":[55.46997,26.97104]}},{"type":"Feature","properties":{"i":0.57},"geometry":{"type":"Point","coordinates":[55.53589,26.97104]}},{"type":"Feature","properties":{"i":0.24},"geometry":{"type":"Point","coordinates":[55.55786,26.97104]}},{"type":"Feature","properties":{"i":0.25},"geometry":{"type":"Point","coordinates":[55.57983,26.97104]}},{"type":"Feature","properties":{"i":1},"geometry":{"type":"Point","coordinates":[55.60181,26.97104]}},{"type":"Feature","properties":{"i":0.68},"geometry":{"type":"Point","coordinates":[55.62378,26.97104]}},{"type":"Feature","properties":{"i":0.68},"geometry":{"type":"Point","coordinates":[55.64575,26.97104]}},{"type":"Feature","properties":{"i":0.42},"geometry":{"type":"Point","coordinates":[55.73364,26.97104]}},{"type":"Feature","properties":{"i":0.57},"geometry":{"type":"Point","coordinates":[55.75562,26.97104]}},{"type":"Feature","properties":{"i":0.02},"geometry":{"type":"Point","coordinates":[55.95337,26.97104]}},{"type":"Feature","properties":{"i":0.03},"geometry":{"type":"Point","coordinates":[55.97534,26.97104]}},{"type":"Feature","properties":{"i":0.1},"geometry":{"type":"Point","coordinates":[55.99731,26.97104]}},{"type":"Feature","properties":{"i":0.13},"geometry":{"type":"Point","coordinates":[56.01929,26.97104]}},{"type":"Feature","properties":{"i":1},"geometry":{"type":"Point","coordinates":[56.04126,26.97104]}},{"type":"Feature","properties":{"i":1},"geometry":{"type":"Point","coordinates":[56.06323,26.97104]}},{"type":"Feature","properties":{"i":1},"geometry":{"type":"Point","coordinates":[56.08521,26.97104]}},{"type":"Feature","properties":{"i":0.75},"geometry":{"type":"Point","coordinates":[56.10718,26.97104]}},{"type":"Feature","properties":{"i":0.44},"geometry":{"type":"Point","coordinates":[56.12915,26.97104]}},{"type":"Feature","properties":{"i":0.51},"geometry":{"type":"Point","coordinates":[56.15112,26.97104]}},{"type":"Feature","properties":{"i":0.87},"geometry":{"type":"Point","coordinates":[56.1731,26.97104]}},{"type":"Feature","properties":{"i":0.91},"geometry":{"type":"Point","coordinates":[56.19507,26.97104]}},{"type":"Feature","properties":{"i":1},"geometry":{"type":"Point","coordinates":[56.21704,26.97104]}},{"type":"Feature","properties":{"i":1},"geometry":{"type":"Point","coordinates":[56.23901,26.97104]}},{"type":"Feature","properties":{"i":0.47},"geometry":{"type":"Point","coordinates":[55.00854,26.95145]}},{"type":"Feature","properties":{"i":0.47},"geometry":{"type":"Point","coordinates":[55.03052,26.95145]}},{"type":"Feature","properties":{"i":0.76},"geometry":{"type":"Point","coordinates":[55.2063,26.95145]}},{"type":"Feature","properties":{"i":0.27},"geometry":{"type":"Point","coordinates":[55.27222,26.95145]}},{"type":"Feature","properties":{"i":0.22},"geometry":{"type":"Point","coordinates":[55.42603,26.95145]}},{"type":"Feature","properties":{"i":0.61},"geometry":{"type":"Point","coordinates":[55.448,26.95145]}},{"type":"Feature","properties":{"i":0.19},"geometry":{"type":"Point","coordinates":[55.46997,26.95145]}},{"type":"Feature","properties":{"i":0.3},"geometry":{"type":"Point","coordinates":[55.49194,26.95145]}},{"type":"Feature","properties":{"i":0.91},"geometry":{"type":"Point","coordinates":[55.51392,26.95145]}},{"type":"Feature","properties":{"i":0.94},"geometry":{"type":"Point","coordinates":[55.53589,26.95145]}},{"type":"Feature","properties":{"i":1},"geometry":{"type":"Point","coordinates":[55.55786,26.95145]}},{"type":"Feature","properties":{"i":1},"geometry":{"type":"Point","coordinates":[55.57983,26.95145]}},{"type":"Feature","properties":{"i":1},"geometry":{"type":"Point","coordinates":[55.60181,26.95145]}},{"type":"Feature","properties":{"i":0.44},"geometry":{"type":"Point","coordinates":[55.62378,26.95145]}},{"type":"Feature","properties":{"i":0.02},"geometry":{"type":"Point","coordinates":[55.64575,26.95145]}},{"type":"Feature","properties":{"i":0.38},"geometry":{"type":"Point","coordinates":[55.73364,26.95145]}},{"type":"Feature","properties":{"i":0.54},"geometry":{"type":"Point","coordinates":[55.75562,26.95145]}},{"type":"Feature","properties":{"i":0.07},"geometry":{"type":"Point","coordinates":[55.77759,26.95145]}},{"type":"Feature","properties":{"i":0.03},"geometry":{"type":"Point","coordinates":[55.9314,26.95145]}},{"type":"Feature","properties":{"i":0.11},"geometry":{"type":"Point","coordinates":[55.95337,26.95145]}},{"type":"Feature","properties":{"i":0.56},"geometry":{"type":"Point","coordinates":[55.97534,26.95145]}},{"type":"Feature","properties":{"i":0.91},"geometry":{"type":"Point","coordinates":[55.99731,26.95145]}},{"type":"Feature","properties":{"i":0.97},"geometry":{"type":"Point","coordinates":[56.01929,26.95145]}},{"type":"Feature","properties":{"i":1},"geometry":{"type":"Point","coordinates":[56.04126,26.95145]}},{"type":"Feature","properties":{"i":1},"geometry":{"type":"Point","coordinates":[56.06323,26.95145]}},{"type":"Feature","properties":{"i":1},"geometry":{"type":"Point","coordinates":[56.08521,26.95145]}},{"type":"Feature","properties":{"i":0.48},"geometry":{"type":"Point","coordinates":[56.10718,26.95145]}},{"type":"Feature","properties":{"i":0.17},"geometry":{"type":"Point","coordinates":[56.12915,26.95145]}},{"type":"Feature","properties":{"i":0.14},"geometry":{"type":"Point","coordinates":[56.15112,26.95145]}},{"type":"Feature","properties":{"i":0.28},"geometry":{"type":"Point","coordinates":[56.1731,26.95145]}},{"type":"Feature","properties":{"i":0.96},"geometry":{"type":"Point","coordinates":[56.19507,26.95145]}},{"type":"Feature","properties":{"i":0.96},"geometry":{"type":"Point","coordinates":[56.21704,26.95145]}},{"type":"Feature","properties":{"i":0.48},"geometry":{"type":"Point","coordinates":[56.23901,26.95145]}},{"type":"Feature","properties":{"i":0.35},"geometry":{"type":"Point","coordinates":[55.14038,26.93187]}},{"type":"Feature","properties":{"i":0.35},"geometry":{"type":"Point","coordinates":[55.16235,26.93187]}},{"type":"Feature","properties":{"i":0.66},"geometry":{"type":"Point","coordinates":[55.18433,26.93187]}},{"type":"Feature","properties":{"i":0.25},"geometry":{"type":"Point","coordinates":[55.2063,26.93187]}},{"type":"Feature","properties":{"i":0.15},"geometry":{"type":"Point","coordinates":[55.27222,26.93187]}},{"type":"Feature","properties":{"i":0.02},"geometry":{"type":"Point","coordinates":[55.40405,26.93187]}},{"type":"Feature","properties":{"i":0.4},"geometry":{"type":"Point","coordinates":[55.42603,26.93187]}},{"type":"Feature","properties":{"i":0.61},"geometry":{"type":"Point","coordinates":[55.448,26.93187]}},{"type":"Feature","properties":{"i":0.3},"geometry":{"type":"Point","coordinates":[55.49194,26.93187]}},{"type":"Feature","properties":{"i":0.5},"geometry":{"type":"Point","coordinates":[55.51392,26.93187]}},{"type":"Feature","properties":{"i":0.27},"geometry":{"type":"Point","coordinates":[55.53589,26.93187]}},{"type":"Feature","properties":{"i":1},"geometry":{"type":"Point","coordinates":[55.55786,26.93187]}},{"type":"Feature","properties":{"i":0.92},"geometry":{"type":"Point","coordinates":[55.57983,26.93187]}},{"type":"Feature","properties":{"i":1},"geometry":{"type":"Point","coordinates":[55.60181,26.93187]}},{"type":"Feature","properties":{"i":0.14},"geometry":{"type":"Point","coordinates":[55.62378,26.93187]}},{"type":"Feature","properties":{"i":0.37},"geometry":{"type":"Point","coordinates":[55.73364,26.93187]}},{"type":"Feature","properties":{"i":0.47},"geometry":{"type":"Point","coordinates":[55.75562,26.93187]}},{"type":"Feature","properties":{"i":0.09},"geometry":{"type":"Point","coordinates":[55.77759,26.93187]}},{"type":"Feature","properties":{"i":0.08},"geometry":{"type":"Point","coordinates":[55.90942,26.93187]}},{"type":"Feature","properties":{"i":0.15},"geometry":{"type":"Point","coordinates":[55.9314,26.93187]}},{"type":"Feature","properties":{"i":0.74},"geometry":{"type":"Point","coordinates":[55.95337,26.93187]}},{"type":"Feature","properties":{"i":0.7},"geometry":{"type":"Point","coordinates":[55.97534,26.93187]}},{"type":"Feature","properties":{"i":1},"geometry":{"type":"Point","coordinates":[55.99731,26.93187]}},{"type":"Feature","properties":{"i":0.56},"geometry":{"type":"Point","coordinates":[56.01929,26.93187]}},{"type":"Feature","properties":{"i":0.38},"geometry":{"type":"Point","coordinates":[56.04126,26.93187]}},{"type":"Feature","properties":{"i":0.74},"geometry":{"type":"Point","coordinates":[56.06323,26.93187]}},{"type":"Feature","properties":{"i":0.37},"geometry":{"type":"Point","coordinates":[56.08521,26.93187]}},{"type":"Feature","properties":{"i":0.26},"geometry":{"type":"Point","coordinates":[56.10718,26.93187]}},{"type":"Feature","properties":{"i":0.26},"geometry":{"type":"Point","coordinates":[56.12915,26.93187]}},{"type":"Feature","properties":{"i":0.36},"geometry":{"type":"Point","coordinates":[56.15112,26.93187]}},{"type":"Feature","properties":{"i":0.23},"geometry":{"type":"Point","coordinates":[56.1731,26.93187]}},{"type":"Feature","properties":{"i":0.88},"geometry":{"type":"Point","coordinates":[56.19507,26.93187]}},{"type":"Feature","properties":{"i":1},"geometry":{"type":"Point","coordinates":[56.21704,26.93187]}},{"type":"Feature","properties":{"i":0.95},"geometry":{"type":"Point","coordinates":[56.23901,26.93187]}},{"type":"Feature","properties":{"i":0.79},"geometry":{"type":"Point","coordinates":[54.94263,26.91227]}},{"type":"Feature","properties":{"i":0.21},"geometry":{"type":"Point","coordinates":[55.05249,26.91227]}},{"type":"Feature","properties":{"i":0.5},"geometry":{"type":"Point","coordinates":[55.16235,26.91227]}},{"type":"Feature","properties":{"i":0.5},"geometry":{"type":"Point","coordinates":[55.18433,26.91227]}},{"type":"Feature","properties":{"i":0.36},"geometry":{"type":"Point","coordinates":[55.2063,26.91227]}},{"type":"Feature","properties":{"i":0.22},"geometry":{"type":"Point","coordinates":[55.27222,26.91227]}},{"type":"Feature","properties":{"i":0.94},"geometry":{"type":"Point","coordinates":[55.38208,26.91227]}},{"type":"Feature","properties":{"i":0.74},"geometry":{"type":"Point","coordinates":[55.40405,26.91227]}},{"type":"Feature","properties":{"i":0.05},"geometry":{"type":"Point","coordinates":[55.42603,26.91227]}},{"type":"Feature","properties":{"i":0.05},"geometry":{"type":"Point","coordinates":[55.73364,26.91227]}},{"type":"Feature","properties":{"i":0.84},"geometry":{"type":"Point","coordinates":[55.75562,26.91227]}},{"type":"Feature","properties":{"i":0.12},"geometry":{"type":"Point","coordinates":[55.77759,26.91227]}},{"type":"Feature","properties":{"i":0.19},"geometry":{"type":"Point","coordinates":[55.84351,26.91227]}},{"type":"Feature","properties":{"i":0.05},"geometry":{"type":"Point","coordinates":[55.86548,26.91227]}},{"type":"Feature","properties":{"i":0.05},"geometry":{"type":"Point","coordinates":[55.88745,26.91227]}},{"type":"Feature","properties":{"i":0.82},"geometry":{"type":"Point","coordinates":[55.90942,26.91227]}},{"type":"Feature","properties":{"i":1},"geometry":{"type":"Point","coordinates":[55.9314,26.91227]}},{"type":"Feature","properties":{"i":0.76},"geometry":{"type":"Point","coordinates":[55.95337,26.91227]}},{"type":"Feature","properties":{"i":0.75},"geometry":{"type":"Point","coordinates":[55.97534,26.91227]}},{"type":"Feature","properties":{"i":0.41},"geometry":{"type":"Point","coordinates":[55.99731,26.91227]}},{"type":"Feature","properties":{"i":0.76},"geometry":{"type":"Point","coordinates":[56.01929,26.91227]}},{"type":"Feature","properties":{"i":0.75},"geometry":{"type":"Point","coordinates":[56.04126,26.91227]}},{"type":"Feature","properties":{"i":1},"geometry":{"type":"Point","coordinates":[56.06323,26.91227]}},{"type":"Feature","properties":{"i":0.5},"geometry":{"type":"Point","coordinates":[56.08521,26.91227]}},{"type":"Feature","properties":{"i":0.24},"geometry":{"type":"Point","coordinates":[56.10718,26.91227]}},{"type":"Feature","properties":{"i":0.96},"geometry":{"type":"Point","coordinates":[56.12915,26.91227]}},{"type":"Feature","properties":{"i":0.96},"geometry":{"type":"Point","coordinates":[56.15112,26.91227]}},{"type":"Feature","properties":{"i":0.43},"geometry":{"type":"Point","coordinates":[56.1731,26.91227]}},{"type":"Feature","properties":{"i":0.77},"geometry":{"type":"Point","coordinates":[56.19507,26.91227]}},{"type":"Feature","properties":{"i":0.64},"geometry":{"type":"Point","coordinates":[56.21704,26.91227]}},{"type":"Feature","properties":{"i":0.81},"geometry":{"type":"Point","coordinates":[56.23901,26.91227]}},{"type":"Feature","properties":{"i":0.13},"geometry":{"type":"Point","coordinates":[54.94263,26.89268]}},{"type":"Feature","properties":{"i":0.28},"geometry":{"type":"Point","coordinates":[54.9646,26.89268]}},{"type":"Feature","properties":{"i":0.13},"geometry":{"type":"Point","coordinates":[55.18433,26.89268]}},{"type":"Feature","properties":{"i":0.49},"geometry":{"type":"Point","coordinates":[55.2063,26.89268]}},{"type":"Feature","properties":{"i":0.31},"geometry":{"type":"Point","coordinates":[55.22827,26.89268]}},{"type":"Feature","properties":{"i":0.31},"geometry":{"type":"Point","coordinates":[55.25024,26.89268]}},{"type":"Feature","properties":{"i":1},"geometry":{"type":"Point","coordinates":[55.27222,26.89268]}},{"type":"Feature","properties":{"i":0.38},"geometry":{"type":"Point","coordinates":[55.29419,26.89268]}},{"type":"Feature","properties":{"i":0.86},"geometry":{"type":"Point","coordinates":[55.31616,26.89268]}},{"type":"Feature","properties":{"i":0.86},"geometry":{"type":"Point","coordinates":[55.33813,26.89268]}},{"type":"Feature","properties":{"i":0.86},"geometry":{"type":"Point","coordinates":[55.36011,26.89268]}},{"type":"Feature","properties":{"i":0.79},"geometry":{"type":"Point","coordinates":[55.38208,26.89268]}},{"type":"Feature","properties":{"i":0.79},"geometry":{"type":"Point","coordinates":[55.40405,26.89268]}},{"type":"Feature","properties":{"i":0.35},"geometry":{"type":"Point","coordinates":[55.448,26.89268]}},{"type":"Feature","properties":{"i":0.07},"geometry":{"type":"Point","coordinates":[55.73364,26.89268]}},{"type":"Feature","properties":{"i":1},"geometry":{"type":"Point","coordinates":[55.75562,26.89268]}},{"type":"Feature","properties":{"i":1},"geometry":{"type":"Point","coordinates":[55.77759,26.89268]}},{"type":"Feature","properties":{"i":0.12},"geometry":{"type":"Point","coordinates":[55.79956,26.89268]}},{"type":"Feature","properties":{"i":0.73},"geometry":{"type":"Point","coordinates":[55.84351,26.89268]}},{"type":"Feature","properties":{"i":0.43},"geometry":{"type":"Point","coordinates":[55.86548,26.89268]}},{"type":"Feature","properties":{"i":0.87},"geometry":{"type":"Point","coordinates":[55.88745,26.89268]}},{"type":"Feature","properties":{"i":1},"geometry":{"type":"Point","coordinates":[55.90942,26.89268]}},{"type":"Feature","properties":{"i":0.84},"geometry":{"type":"Point","coordinates":[55.9314,26.89268]}},{"type":"Feature","properties":{"i":1},"geometry":{"type":"Point","coordinates":[55.95337,26.89268]}},{"type":"Feature","properties":{"i":0.75},"geometry":{"type":"Point","coordinates":[55.97534,26.89268]}},{"type":"Feature","properties":{"i":0.27},"geometry":{"type":"Point","coordinates":[55.99731,26.89268]}},{"type":"Feature","properties":{"i":0.75},"geometry":{"type":"Point","coordinates":[56.01929,26.89268]}},{"type":"Feature","properties":{"i":0.9},"geometry":{"type":"Point","coordinates":[56.04126,26.89268]}},{"type":"Feature","properties":{"i":0.25},"geometry":{"type":"Point","coordinates":[56.06323,26.89268]}},{"type":"Feature","properties":{"i":0.15},"geometry":{"type":"Point","coordinates":[56.08521,26.89268]}},{"type":"Feature","properties":{"i":0.12},"geometry":{"type":"Point","coordinates":[56.10718,26.89268]}},{"type":"Feature","properties":{"i":0.88},"geometry":{"type":"Point","coordinates":[56.12915,26.89268]}},{"type":"Feature","properties":{"i":0.88},"geometry":{"type":"Point","coordinates":[56.15112,26.89268]}},{"type":"Feature","properties":{"i":0.56},"geometry":{"type":"Point","coordinates":[56.1731,26.89268]}},{"type":"Feature","properties":{"i":0.03},"geometry":{"type":"Point","coordinates":[56.19507,26.89268]}},{"type":"Feature","properties":{"i":0.17},"geometry":{"type":"Point","coordinates":[55.22827,26.87308]}},{"type":"Feature","properties":{"i":0.17},"geometry":{"type":"Point","coordinates":[55.25024,26.87308]}},{"type":"Feature","properties":{"i":0.04},"geometry":{"type":"Point","coordinates":[55.75562,26.87308]}},{"type":"Feature","properties":{"i":0.24},"geometry":{"type":"Point","coordinates":[55.84351,26.87308]}},{"type":"Feature","properties":{"i":0.08},"geometry":{"type":"Point","coordinates":[55.88745,26.87308]}},{"type":"Feature","properties":{"i":0.25},"geometry":{"type":"Point","coordinates":[55.90942,26.87308]}},{"type":"Feature","properties":{"i":0.84},"geometry":{"type":"Point","coordinates":[55.9314,26.87308]}},{"type":"Feature","properties":{"i":0.72},"geometry":{"type":"Point","coordinates":[55.95337,26.87308]}},{"type":"Feature","properties":{"i":0.74},"geometry":{"type":"Point","coordinates":[55.97534,26.87308]}},{"type":"Feature","properties":{"i":0.75},"geometry":{"type":"Point","coordinates":[55.99731,26.87308]}},{"type":"Feature","properties":{"i":1},"geometry":{"type":"Point","coordinates":[56.01929,26.87308]}},{"type":"Feature","properties":{"i":1},"geometry":{"type":"Point","coordinates":[56.04126,26.87308]}},{"type":"Feature","properties":{"i":0.44},"geometry":{"type":"Point","coordinates":[56.06323,26.87308]}},{"type":"Feature","properties":{"i":0.13},"geometry":{"type":"Point","coordinates":[56.08521,26.87308]}},{"type":"Feature","properties":{"i":0.03},"geometry":{"type":"Point","coordinates":[56.10718,26.87308]}},{"type":"Feature","properties":{"i":0.04},"geometry":{"type":"Point","coordinates":[56.12915,26.87308]}},{"type":"Feature","properties":{"i":0.27},"geometry":{"type":"Point","coordinates":[56.15112,26.87308]}},{"type":"Feature","properties":{"i":0.12},"geometry":{"type":"Point","coordinates":[55.36011,26.85348]}},{"type":"Feature","properties":{"i":0.65},"geometry":{"type":"Point","coordinates":[55.84351,26.85348]}},{"type":"Feature","properties":{"i":0.71},"geometry":{"type":"Point","coordinates":[55.86548,26.85348]}},{"type":"Feature","properties":{"i":0.19},"geometry":{"type":"Point","coordinates":[55.90942,26.85348]}},{"type":"Feature","properties":{"i":0.07},"geometry":{"type":"Point","coordinates":[55.9314,26.85348]}},{"type":"Feature","properties":{"i":0.13},"geometry":{"type":"Point","coordinates":[55.95337,26.85348]}},{"type":"Feature","properties":{"i":0.94},"geometry":{"type":"Point","coordinates":[55.97534,26.85348]}},{"type":"Feature","properties":{"i":1},"geometry":{"type":"Point","coordinates":[55.99731,26.85348]}},{"type":"Feature","properties":{"i":1},"geometry":{"type":"Point","coordinates":[56.01929,26.85348]}},{"type":"Feature","properties":{"i":1},"geometry":{"type":"Point","coordinates":[56.04126,26.85348]}},{"type":"Feature","properties":{"i":0.75},"geometry":{"type":"Point","coordinates":[56.06323,26.85348]}},{"type":"Feature","properties":{"i":0.29},"geometry":{"type":"Point","coordinates":[56.08521,26.85348]}},{"type":"Feature","properties":{"i":0.67},"geometry":{"type":"Point","coordinates":[56.10718,26.85348]}},{"type":"Feature","properties":{"i":0.96},"geometry":{"type":"Point","coordinates":[56.12915,26.85348]}},{"type":"Feature","properties":{"i":0.53},"geometry":{"type":"Point","coordinates":[56.15112,26.85348]}},{"type":"Feature","properties":{"i":0.04},"geometry":{"type":"Point","coordinates":[56.19507,26.85348]}},{"type":"Feature","properties":{"i":0.61},"geometry":{"type":"Point","coordinates":[55.36011,26.83387]}},{"type":"Feature","properties":{"i":0.61},"geometry":{"type":"Point","coordinates":[55.38208,26.83387]}},{"type":"Feature","properties":{"i":0.65},"geometry":{"type":"Point","coordinates":[55.84351,26.83387]}},{"type":"Feature","properties":{"i":0.63},"geometry":{"type":"Point","coordinates":[55.86548,26.83387]}},{"type":"Feature","properties":{"i":0.27},"geometry":{"type":"Point","coordinates":[55.88745,26.83387]}},{"type":"Feature","properties":{"i":0.27},"geometry":{"type":"Point","coordinates":[55.90942,26.83387]}},{"type":"Feature","properties":{"i":0.24},"geometry":{"type":"Point","coordinates":[55.97534,26.83387]}},{"type":"Feature","properties":{"i":0.44},"geometry":{"type":"Point","coordinates":[55.99731,26.83387]}},{"type":"Feature","properties":{"i":0.73},"geometry":{"type":"Point","coordinates":[56.01929,26.83387]}},{"type":"Feature","properties":{"i":0.23},"geometry":{"type":"Point","coordinates":[56.04126,26.83387]}},{"type":"Feature","properties":{"i":0.24},"geometry":{"type":"Point","coordinates":[56.06323,26.83387]}},{"type":"Feature","properties":{"i":0.09},"geometry":{"type":"Point","coordinates":[56.08521,26.83387]}},{"type":"Feature","properties":{"i":0.5},"geometry":{"type":"Point","coordinates":[56.10718,26.83387]}},{"type":"Feature","properties":{"i":0.96},"geometry":{"type":"Point","coordinates":[56.12915,26.83387]}},{"type":"Feature","properties":{"i":0.36},"geometry":{"type":"Point","coordinates":[56.15112,26.83387]}},{"type":"Feature","properties":{"i":0.04},"geometry":{"type":"Point","coordinates":[56.19507,26.83387]}},{"type":"Feature","properties":{"i":0.53},"geometry":{"type":"Point","coordinates":[55.77759,26.81427]}},{"type":"Feature","properties":{"i":0.53},"geometry":{"type":"Point","coordinates":[55.79956,26.81427]}},{"type":"Feature","properties":{"i":0.28},"geometry":{"type":"Point","coordinates":[55.82153,26.81427]}},{"type":"Feature","properties":{"i":0.42},"geometry":{"type":"Point","coordinates":[55.84351,26.81427]}},{"type":"Feature","properties":{"i":0.24},"geometry":{"type":"Point","coordinates":[55.9314,26.81427]}},{"type":"Feature","properties":{"i":0.03},"geometry":{"type":"Point","coordinates":[55.95337,26.81427]}},{"type":"Feature","properties":{"i":0.26},"geometry":{"type":"Point","coordinates":[55.97534,26.81427]}},{"type":"Feature","properties":{"i":0.02},"geometry":{"type":"Point","coordinates":[55.99731,26.81427]}},{"type":"Feature","properties":{"i":0.02},"geometry":{"type":"Point","coordinates":[56.01929,26.81427]}},{"type":"Feature","properties":{"i":0.02},"geometry":{"type":"Point","coordinates":[56.04126,26.81427]}},{"type":"Feature","properties":{"i":0.18},"geometry":{"type":"Point","coordinates":[56.06323,26.81427]}},{"type":"Feature","properties":{"i":0.19},"geometry":{"type":"Point","coordinates":[56.08521,26.81427]}},{"type":"Feature","properties":{"i":0.84},"geometry":{"type":"Point","coordinates":[56.10718,26.81427]}},{"type":"Feature","properties":{"i":0.27},"geometry":{"type":"Point","coordinates":[56.12915,26.81427]}},{"type":"Feature","properties":{"i":0.04},"geometry":{"type":"Point","coordinates":[55.33813,26.79465]}},{"type":"Feature","properties":{"i":0.44},"geometry":{"type":"Point","coordinates":[55.77759,26.79465]}},{"type":"Feature","properties":{"i":0.34},"geometry":{"type":"Point","coordinates":[55.79956,26.79465]}},{"type":"Feature","properties":{"i":0.69},"geometry":{"type":"Point","coordinates":[55.82153,26.79465]}},{"type":"Feature","properties":{"i":1},"geometry":{"type":"Point","coordinates":[55.84351,26.79465]}},{"type":"Feature","properties":{"i":0.08},"geometry":{"type":"Point","coordinates":[55.86548,26.79465]}},{"type":"Feature","properties":{"i":0.03},"geometry":{"type":"Point","coordinates":[55.9314,26.79465]}},{"type":"Feature","properties":{"i":0.75},"geometry":{"type":"Point","coordinates":[55.95337,26.79465]}},{"type":"Feature","properties":{"i":0.53},"geometry":{"type":"Point","coordinates":[55.97534,26.79465]}},{"type":"Feature","properties":{"i":0.04},"geometry":{"type":"Point","coordinates":[55.99731,26.79465]}},{"type":"Feature","properties":{"i":0.05},"geometry":{"type":"Point","coordinates":[56.04126,26.79465]}},{"type":"Feature","properties":{"i":0.45},"geometry":{"type":"Point","coordinates":[56.06323,26.79465]}},{"type":"Feature","properties":{"i":0.45},"geometry":{"type":"Point","coordinates":[56.08521,26.79465]}},{"type":"Feature","properties":{"i":0.1},"geometry":{"type":"Point","coordinates":[55.00854,26.77504]}},{"type":"Feature","properties":{"i":0.24},"geometry":{"type":"Point","coordinates":[55.22827,26.77504]}},{"type":"Feature","properties":{"i":0.04},"geometry":{"type":"Point","coordinates":[55.33813,26.77504]}},{"type":"Feature","properties":{"i":0.45},"geometry":{"type":"Point","coordinates":[55.71167,26.77504]}},{"type":"Feature","properties":{"i":0.39},"geometry":{"type":"Point","coordinates":[55.73364,26.77504]}},{"type":"Feature","properties":{"i":0.53},"geometry":{"type":"Point","coordinates":[55.75562,26.77504]}},{"type":"Feature","properties":{"i":0.51},"geometry":{"type":"Point","coordinates":[55.77759,26.77504]}},{"type":"Feature","properties":{"i":0.85},"geometry":{"type":"Point","coordinates":[55.79956,26.77504]}},{"type":"Feature","properties":{"i":1},"geometry":{"type":"Point","coordinates":[55.82153,26.77504]}},{"type":"Feature","properties":{"i":0.68},"geometry":{"type":"Point","coordinates":[55.84351,26.77504]}},{"type":"Feature","properties":{"i":0.81},"geometry":{"type":"Point","coordinates":[55.86548,26.77504]}},{"type":"Feature","properties":{"i":0.11},"geometry":{"type":"Point","coordinates":[55.88745,26.77504]}},{"type":"Feature","properties":{"i":0.76},"geometry":{"type":"Point","coordinates":[55.90942,26.77504]}},{"type":"Feature","properties":{"i":0.76},"geometry":{"type":"Point","coordinates":[55.9314,26.77504]}},{"type":"Feature","properties":{"i":0.58},"geometry":{"type":"Point","coordinates":[55.95337,26.77504]}},{"type":"Feature","properties":{"i":0.07},"geometry":{"type":"Point","coordinates":[55.97534,26.77504]}},{"type":"Feature","properties":{"i":0.38},"geometry":{"type":"Point","coordinates":[56.04126,26.77504]}},{"type":"Feature","properties":{"i":1},"geometry":{"type":"Point","coordinates":[56.06323,26.77504]}},{"type":"Feature","properties":{"i":0.87},"geometry":{"type":"Point","coordinates":[56.08521,26.77504]}},{"type":"Feature","properties":{"i":0.62},"geometry":{"type":"Point","coordinates":[54.85474,26.75542]}},{"type":"Feature","properties":{"i":0.03},"geometry":{"type":"Point","coordinates":[54.87671,26.75542]}},{"type":"Feature","properties":{"i":0.04},"geometry":{"type":"Point","coordinates":[54.89868,26.75542]}},{"type":"Feature","properties":{"i":0.78},"geometry":{"type":"Point","coordinates":[55.00854,26.75542]}},{"type":"Feature","properties":{"i":0.07},"geometry":{"type":"Point","coordinates":[55.03052,26.75542]}},{"type":"Feature","properties":{"i":0.78},"geometry":{"type":"Point","coordinates":[55.2063,26.75542]}},{"type":"Feature","properties":{"i":0.77},"geometry":{"type":"Point","coordinates":[55.22827,26.75542]}},{"type":"Feature","properties":{"i":0.02},"geometry":{"type":"Point","coordinates":[55.6897,26.75542]}},{"type":"Feature","properties":{"i":1},"geometry":{"type":"Point","coordinates":[55.71167,26.75542]}},{"type":"Feature","properties":{"i":1},"geometry":{"type":"Point","coordinates":[55.73364,26.75542]}},{"type":"Feature","properties":{"i":0.89},"geometry":{"type":"Point","coordinates":[55.75562,26.75542]}},{"type":"Feature","properties":{"i":1},"geometry":{"type":"Point","coordinates":[55.77759,26.75542]}},{"type":"Feature","properties":{"i":1},"geometry":{"type":"Point","coordinates":[55.79956,26.75542]}},{"type":"Feature","properties":{"i":0.12},"geometry":{"type":"Point","coordinates":[55.82153,26.75542]}},{"type":"Feature","properties":{"i":0.09},"geometry":{"type":"Point","coordinates":[55.84351,26.75542]}},{"type":"Feature","properties":{"i":0.81},"geometry":{"type":"Point","coordinates":[55.86548,26.75542]}},{"type":"Feature","properties":{"i":0.55},"geometry":{"type":"Point","coordinates":[55.88745,26.75542]}},{"type":"Feature","properties":{"i":0.75},"geometry":{"type":"Point","coordinates":[55.90942,26.75542]}},{"type":"Feature","properties":{"i":0.88},"geometry":{"type":"Point","coordinates":[55.9314,26.75542]}},{"type":"Feature","properties":{"i":0.56},"geometry":{"type":"Point","coordinates":[55.99731,26.75542]}},{"type":"Feature","properties":{"i":0.88},"geometry":{"type":"Point","coordinates":[56.01929,26.75542]}},{"type":"Feature","properties":{"i":0.39},"geometry":{"type":"Point","coordinates":[56.04126,26.75542]}},{"type":"Feature","properties":{"i":0.76},"geometry":{"type":"Point","coordinates":[56.06323,26.75542]}},{"type":"Feature","properties":{"i":0.15},"geometry":{"type":"Point","coordinates":[56.08521,26.75542]}},{"type":"Feature","properties":{"i":0.08},"geometry":{"type":"Point","coordinates":[54.92065,26.7358]}},{"type":"Feature","properties":{"i":0.99},"geometry":{"type":"Point","coordinates":[54.94263,26.7358]}},{"type":"Feature","properties":{"i":0.36},"geometry":{"type":"Point","coordinates":[54.9646,26.7358]}},{"type":"Feature","properties":{"i":0.17},"geometry":{"type":"Point","coordinates":[54.98657,26.7358]}},{"type":"Feature","properties":{"i":0.05},"geometry":{"type":"Point","coordinates":[55.00854,26.7358]}},{"type":"Feature","properties":{"i":0.67},"geometry":{"type":"Point","coordinates":[55.18433,26.7358]}},{"type":"Feature","properties":{"i":0.15},"geometry":{"type":"Point","coordinates":[55.71167,26.7358]}},{"type":"Feature","properties":{"i":0.81},"geometry":{"type":"Point","coordinates":[55.73364,26.7358]}},{"type":"Feature","properties":{"i":0.6},"geometry":{"type":"Point","coordinates":[55.75562,26.7358]}},{"type":"Feature","properties":{"i":0.6},"geometry":{"type":"Point","coordinates":[55.77759,26.7358]}},{"type":"Feature","properties":{"i":0.1},"geometry":{"type":"Point","coordinates":[55.79956,26.7358]}},{"type":"Feature","properties":{"i":0.62},"geometry":{"type":"Point","coordinates":[55.84351,26.7358]}},{"type":"Feature","properties":{"i":0.29},"geometry":{"type":"Point","coordinates":[55.88745,26.7358]}},{"type":"Feature","properties":{"i":0.87},"geometry":{"type":"Point","coordinates":[55.9314,26.7358]}},{"type":"Feature","properties":{"i":0.07},"geometry":{"type":"Point","coordinates":[55.95337,26.7358]}},{"type":"Feature","properties":{"i":0.96},"geometry":{"type":"Point","coordinates":[55.99731,26.7358]}},{"type":"Feature","properties":{"i":0.88},"geometry":{"type":"Point","coordinates":[56.01929,26.7358]}},{"type":"Feature","properties":{"i":1},"geometry":{"type":"Point","coordinates":[54.87671,26.71617]}},{"type":"Feature","properties":{"i":1},"geometry":{"type":"Point","coordinates":[54.89868,26.71617]}},{"type":"Feature","properties":{"i":0.84},"geometry":{"type":"Point","coordinates":[54.92065,26.71617]}},{"type":"Feature","properties":{"i":1},"geometry":{"type":"Point","coordinates":[54.94263,26.71617]}},{"type":"Feature","properties":{"i":1},"geometry":{"type":"Point","coordinates":[54.9646,26.71617]}},{"type":"Feature","properties":{"i":0.17},"geometry":{"type":"Point","coordinates":[54.98657,26.71617]}},{"type":"Feature","properties":{"i":0.47},"geometry":{"type":"Point","coordinates":[55.00854,26.71617]}},{"type":"Feature","properties":{"i":0.13},"geometry":{"type":"Point","coordinates":[55.82153,26.71617]}},{"type":"Feature","properties":{"i":0.36},"geometry":{"type":"Point","coordinates":[55.84351,26.71617]}},{"type":"Feature","properties":{"i":0.02},"geometry":{"type":"Point","coordinates":[55.97534,26.71617]}},{"type":"Feature","properties":{"i":0.28},"geometry":{"type":"Point","coordinates":[54.87671,26.69655]}},{"type":"Feature","properties":{"i":0.45},"geometry":{"type":"Point","coordinates":[54.89868,26.69655]}},{"type":"Feature","properties":{"i":0.04},"geometry":{"type":"Point","coordinates":[54.92065,26.69655]}},{"type":"Feature","properties":{"i":0.22},"geometry":{"type":"Point","coordinates":[54.94263,26.69655]}},{"type":"Feature","properties":{"i":0.11},"geometry":{"type":"Point","coordinates":[54.9646,26.69655]}},{"type":"Feature","properties":{"i":1},"geometry":{"type":"Point","coordinates":[55.07446,26.69655]}},{"type":"Feature","properties":{"i":1},"geometry":{"type":"Point","coordinates":[55.09644,26.69655]}},{"type":"Feature","properties":{"i":0.4},"geometry":{"type":"Point","coordinates":[55.11841,26.69655]}},{"type":"Feature","properties":{"i":0.61},"geometry":{"type":"Point","coordinates":[55.46997,26.69655]}},{"type":"Feature","properties":{"i":0.6},"geometry":{"type":"Point","coordinates":[55.6897,26.69655]}},{"type":"Feature","properties":{"i":1},"geometry":{"type":"Point","coordinates":[55.71167,26.69655]}},{"type":"Feature","properties":{"i":0.08},"geometry":{"type":"Point","coordinates":[55.73364,26.69655]}},{"type":"Feature","properties":{"i":0.79},"geometry":{"type":"Point","coordinates":[55.90942,26.69655]}},{"type":"Feature","properties":{"i":0.42},"geometry":{"type":"Point","coordinates":[55.9314,26.69655]}},{"type":"Feature","properties":{"i":0.3},"geometry":{"type":"Point","coordinates":[55.05249,26.67691]}},{"type":"Feature","properties":{"i":0.25},"geometry":{"type":"Point","coordinates":[55.07446,26.67691]}},{"type":"Feature","properties":{"i":0.02},"geometry":{"type":"Point","coordinates":[55.09644,26.67691]}},{"type":"Feature","properties":{"i":0.29},"geometry":{"type":"Point","coordinates":[55.42603,26.67691]}},{"type":"Feature","properties":{"i":1},"geometry":{"type":"Point","coordinates":[55.448,26.67691]}},{"type":"Feature","properties":{"i":1},"geometry":{"type":"Point","coordinates":[55.46997,26.67691]}},{"type":"Feature","properties":{"i":0.03},"geometry":{"type":"Point","coordinates":[55.49194,26.67691]}},{"type":"Feature","properties":{"i":1},"geometry":{"type":"Point","coordinates":[55.6897,26.67691]}},{"type":"Feature","properties":{"i":1},"geometry":{"type":"Point","coordinates":[55.71167,26.67691]}},{"type":"Feature","properties":{"i":0.47},"geometry":{"type":"Point","coordinates":[55.73364,26.67691]}},{"type":"Feature","properties":{"i":0.58},"geometry":{"type":"Point","coordinates":[55.88745,26.67691]}},{"type":"Feature","properties":{"i":0.72},"geometry":{"type":"Point","coordinates":[55.90942,26.67691]}},{"type":"Feature","properties":{"i":0.42},"geometry":{"type":"Point","coordinates":[55.9314,26.67691]}},{"type":"Feature","properties":{"i":0.33},"geometry":{"type":"Point","coordinates":[54.87671,26.65728]}},{"type":"Feature","properties":{"i":0.33},"geometry":{"type":"Point","coordinates":[54.89868,26.65728]}},{"type":"Feature","properties":{"i":0.11},"geometry":{"type":"Point","coordinates":[55.03052,26.65728]}},{"type":"Feature","properties":{"i":1},"geometry":{"type":"Point","coordinates":[55.05249,26.65728]}},{"type":"Feature","properties":{"i":0.3},"geometry":{"type":"Point","coordinates":[55.07446,26.65728]}},{"type":"Feature","properties":{"i":0.74},"geometry":{"type":"Point","coordinates":[55.27222,26.65728]}},{"type":"Feature","properties":{"i":0.81},"geometry":{"type":"Point","coordinates":[55.29419,26.65728]}},{"type":"Feature","properties":{"i":0.57},"geometry":{"type":"Point","coordinates":[55.38208,26.65728]}},{"type":"Feature","properties":{"i":0.11},"geometry":{"type":"Point","coordinates":[55.40405,26.65728]}},{"type":"Feature","properties":{"i":0.76},"geometry":{"type":"Point","coordinates":[55.42603,26.65728]}},{"type":"Feature","properties":{"i":0.08},"geometry":{"type":"Point","coordinates":[55.448,26.65728]}},{"type":"Feature","properties":{"i":0.13},"geometry":{"type":"Point","coordinates":[55.46997,26.65728]}},{"type":"Feature","properties":{"i":0.67},"geometry":{"type":"Point","coordinates":[54.87671,26.63764]}},{"type":"Feature","properties":{"i":0.38},"geometry":{"type":"Point","coordinates":[54.89868,26.63764]}},{"type":"Feature","properties":{"i":0.02},"geometry":{"type":"Point","coordinates":[54.92065,26.63764]}},{"type":"Feature","properties":{"i":0.1},"geometry":{"type":"Point","coordinates":[54.9646,26.63764]}},{"type":"Feature","properties":{"i":0.5},"geometry":{"type":"Point","coordinates":[55.03052,26.63764]}},{"type":"Feature","properties":{"i":0.26},"geometry":{"type":"Point","coordinates":[55.05249,26.63764]}},{"type":"Feature","properties":{"i":0.16},"geometry":{"type":"Point","coordinates":[55.27222,26.63764]}},{"type":"Feature","properties":{"i":1},"geometry":{"type":"Point","coordinates":[55.29419,26.63764]}},{"type":"Feature","properties":{"i":0.53},"geometry":{"type":"Point","coordinates":[55.33813,26.63764]}},{"type":"Feature","properties":{"i":0.71},"geometry":{"type":"Point","coordinates":[55.36011,26.63764]}},{"type":"Feature","properties":{"i":0.96},"geometry":{"type":"Point","coordinates":[55.38208,26.63764]}},{"type":"Feature","properties":{"i":0.21},"geometry":{"type":"Point","coordinates":[55.40405,26.63764]}},{"type":"Feature","properties":{"i":0.33},"geometry":{"type":"Point","coordinates":[55.84351,26.63764]}},{"type":"Feature","properties":{"i":0.33},"geometry":{"type":"Point","coordinates":[55.86548,26.63764]}},{"type":"Feature","properties":{"i":0.27},"geometry":{"type":"Point","coordinates":[54.89868,26.618]}},{"type":"Feature","properties":{"i":0.38},"geometry":{"type":"Point","coordinates":[54.92065,26.618]}},{"type":"Feature","properties":{"i":0.33},"geometry":{"type":"Point","coordinates":[54.94263,26.618]}},{"type":"Feature","properties":{"i":0.56},"geometry":{"type":"Point","coordinates":[54.9646,26.618]}},{"type":"Feature","properties":{"i":0.56},"geometry":{"type":"Point","coordinates":[54.98657,26.618]}},{"type":"Feature","properties":{"i":0.33},"geometry":{"type":"Point","coordinates":[55.33813,26.618]}},{"type":"Feature","properties":{"i":0.44},"geometry":{"type":"Point","coordinates":[55.36011,26.618]}},{"type":"Feature","properties":{"i":0.23},"geometry":{"type":"Point","coordinates":[55.38208,26.618]}},{"type":"Feature","properties":{"i":0.08},"geometry":{"type":"Point","coordinates":[55.86548,26.618]}},{"type":"Feature","properties":{"i":0.12},"geometry":{"type":"Point","coordinates":[54.87671,26.59835]}},{"type":"Feature","properties":{"i":0.4},"geometry":{"type":"Point","coordinates":[54.89868,26.59835]}},{"type":"Feature","properties":{"i":1},"geometry":{"type":"Point","coordinates":[54.92065,26.59835]}},{"type":"Feature","properties":{"i":1},"geometry":{"type":"Point","coordinates":[54.94263,26.59835]}},{"type":"Feature","properties":{"i":0.41},"geometry":{"type":"Point","coordinates":[54.9646,26.59835]}},{"type":"Feature","properties":{"i":0.1},"geometry":{"type":"Point","coordinates":[54.98657,26.59835]}},{"type":"Feature","properties":{"i":0.35},"geometry":{"type":"Point","coordinates":[55.40405,26.59835]}},{"type":"Feature","properties":{"i":0.15},"geometry":{"type":"Point","coordinates":[54.85474,26.5787]}},{"type":"Feature","properties":{"i":0.74},"geometry":{"type":"Point","coordinates":[54.87671,26.5787]}},{"type":"Feature","properties":{"i":1},"geometry":{"type":"Point","coordinates":[54.89868,26.5787]}},{"type":"Feature","properties":{"i":1},"geometry":{"type":"Point","coordinates":[54.92065,26.5787]}},{"type":"Feature","properties":{"i":1},"geometry":{"type":"Point","coordinates":[54.94263,26.5787]}},{"type":"Feature","properties":{"i":0.19},"geometry":{"type":"Point","coordinates":[54.9646,26.5787]}},{"type":"Feature","properties":{"i":0.79},"geometry":{"type":"Point","coordinates":[55.33813,26.5787]}},{"type":"Feature","properties":{"i":0.42},"geometry":{"type":"Point","coordinates":[55.36011,26.5787]}},{"type":"Feature","properties":{"i":0.19},"geometry":{"type":"Point","coordinates":[55.40405,26.5787]}},{"type":"Feature","properties":{"i":0.61},"geometry":{"type":"Point","coordinates":[54.85474,26.55905]}},{"type":"Feature","properties":{"i":1},"geometry":{"type":"Point","coordinates":[54.87671,26.55905]}},{"type":"Feature","properties":{"i":1},"geometry":{"type":"Point","coordinates":[54.89868,26.55905]}},{"type":"Feature","properties":{"i":0.39},"geometry":{"type":"Point","coordinates":[54.92065,26.55905]}},{"type":"Feature","properties":{"i":0.15},"geometry":{"type":"Point","coordinates":[54.94263,26.55905]}},{"type":"Feature","properties":{"i":0.08},"geometry":{"type":"Point","coordinates":[54.9646,26.55905]}},{"type":"Feature","properties":{"i":0.3},"geometry":{"type":"Point","coordinates":[55.33813,26.55905]}},{"type":"Feature","properties":{"i":0.42},"geometry":{"type":"Point","coordinates":[55.36011,26.55905]}},{"type":"Feature","properties":{"i":0.03},"geometry":{"type":"Point","coordinates":[55.38208,26.55905]}},{"type":"Feature","properties":{"i":0.68},"geometry":{"type":"Point","coordinates":[54.85474,26.53939]}},{"type":"Feature","properties":{"i":1},"geometry":{"type":"Point","coordinates":[54.87671,26.53939]}},{"type":"Feature","properties":{"i":0.42},"geometry":{"type":"Point","coordinates":[54.89868,26.53939]}},{"type":"Feature","properties":{"i":0.16},"geometry":{"type":"Point","coordinates":[54.92065,26.53939]}},{"type":"Feature","properties":{"i":0.03},"geometry":{"type":"Point","coordinates":[54.94263,26.53939]}},{"type":"Feature","properties":{"i":0.36},"geometry":{"type":"Point","coordinates":[54.85474,26.51974]}},{"type":"Feature","properties":{"i":0.28},"geometry":{"type":"Point","coordinates":[54.87671,26.51974]}},{"type":"Feature","properties":{"i":0.17},"geometry":{"type":"Point","coordinates":[54.89868,26.51974]}},{"type":"Feature","properties":{"i":0.04},"geometry":{"type":"Point","coordinates":[54.92065,26.51974]}},{"type":"Feature","properties":{"i":0.09},"geometry":{"type":"Point","coordinates":[54.87671,26.50007]}},{"type":"Feature","properties":{"i":0.11},"geometry":{"type":"Point","coordinates":[55.27222,26.38203]}},{"type":"Feature","properties":{"i":0.07},"geometry":{"type":"Point","coordinates":[55.25024,26.36234]}},{"type":"Feature","properties":{"i":0.07},"geometry":{"type":"Point","coordinates":[55.27222,26.36234]}},{"type":"Feature","properties":{"i":0.04},"geometry":{"type":"Point","coordinates":[55.79956,26.24416]}},{"type":"Feature","properties":{"i":0.22},"geometry":{"type":"Point","coordinates":[56.19507,26.24416]}},{"type":"Feature","properties":{"i":0.35},"geometry":{"type":"Point","coordinates":[56.21704,26.24416]}},{"type":"Feature","properties":{"i":0.04},"geometry":{"type":"Point","coordinates":[55.79956,26.22445]}},{"type":"Feature","properties":{"i":0.74},"geometry":{"type":"Point","coordinates":[56.1731,26.22445]}},{"type":"Feature","properties":{"i":0.83},"geometry":{"type":"Point","coordinates":[56.19507,26.22445]}},{"type":"Feature","properties":{"i":0.65},"geometry":{"type":"Point","coordinates":[56.21704,26.22445]}},{"type":"Feature","properties":{"i":0.12},"geometry":{"type":"Point","coordinates":[56.23901,26.22445]}},{"type":"Feature","properties":{"i":0.71},"geometry":{"type":"Point","coordinates":[56.1731,26.20473]}},{"type":"Feature","properties":{"i":0.74},"geometry":{"type":"Point","coordinates":[56.19507,26.20473]}},{"type":"Feature","properties":{"i":0.49},"geometry":{"type":"Point","coordinates":[56.21704,26.20473]}},{"type":"Feature","properties":{"i":1},"geometry":{"type":"Point","coordinates":[56.23901,26.20473]}},{"type":"Feature","properties":{"i":0.53},"geometry":{"type":"Point","coordinates":[56.1731,26.18502]}},{"type":"Feature","properties":{"i":0.45},"geometry":{"type":"Point","coordinates":[56.21704,26.18502]}},{"type":"Feature","properties":{"i":1},"geometry":{"type":"Point","coordinates":[56.23901,26.18502]}},{"type":"Feature","properties":{"i":0.77},"geometry":{"type":"Point","coordinates":[56.1731,26.1653]}},{"type":"Feature","properties":{"i":0.09},"geometry":{"type":"Point","coordinates":[56.19507,26.1653]}},{"type":"Feature","properties":{"i":0.19},"geometry":{"type":"Point","coordinates":[56.21704,26.1653]}},{"type":"Feature","properties":{"i":1},"geometry":{"type":"Point","coordinates":[56.23901,26.1653]}},{"type":"Feature","properties":{"i":0.8},"geometry":{"type":"Point","coordinates":[56.12915,26.14558]}},{"type":"Feature","properties":{"i":1},"geometry":{"type":"Point","coordinates":[56.15112,26.14558]}},{"type":"Feature","properties":{"i":0.58},"geometry":{"type":"Point","coordinates":[56.1731,26.14558]}},{"type":"Feature","properties":{"i":0.44},"geometry":{"type":"Point","coordinates":[56.21704,26.14558]}},{"type":"Feature","properties":{"i":0.92},"geometry":{"type":"Point","coordinates":[56.23901,26.14558]}},{"type":"Feature","properties":{"i":0.56},"geometry":{"type":"Point","coordinates":[55.86548,26.12585]}},{"type":"Feature","properties":{"i":0.8},"geometry":{"type":"Point","coordinates":[56.12915,26.12585]}},{"type":"Feature","properties":{"i":1},"geometry":{"type":"Point","coordinates":[56.15112,26.12585]}},{"type":"Feature","properties":{"i":0.09},"geometry":{"type":"Point","coordinates":[56.1731,26.12585]}},{"type":"Feature","properties":{"i":0.44},"geometry":{"type":"Point","coordinates":[56.21704,26.12585]}},{"type":"Feature","properties":{"i":0.58},"geometry":{"type":"Point","coordinates":[56.23901,26.12585]}},{"type":"Feature","properties":{"i":0.52},"geometry":{"type":"Point","coordinates":[55.82153,26.10612]}},{"type":"Feature","properties":{"i":0.04},"geometry":{"type":"Point","coordinates":[55.84351,26.10612]}},{"type":"Feature","properties":{"i":0.19},"geometry":{"type":"Point","coordinates":[55.86548,26.10612]}},{"type":"Feature","properties":{"i":0.14},"geometry":{"type":"Point","coordinates":[56.10718,26.10612]}},{"type":"Feature","properties":{"i":0.78},"geometry":{"type":"Point","coordinates":[56.12915,26.10612]}},{"type":"Feature","properties":{"i":0.9},"geometry":{"type":"Point","coordinates":[56.15112,26.10612]}},{"type":"Feature","properties":{"i":0.39},"geometry":{"type":"Point","coordinates":[56.23901,26.10612]}},{"type":"Feature","properties":{"i":0.18},"geometry":{"type":"Point","coordinates":[55.73364,26.08639]}},{"type":"Feature","properties":{"i":0.16},"geometry":{"type":"Point","coordinates":[55.84351,26.08639]}},{"type":"Feature","properties":{"i":0.26},"geometry":{"type":"Point","coordinates":[55.97534,26.08639]}},{"type":"Feature","properties":{"i":0.21},"geometry":{"type":"Point","coordinates":[56.10718,26.08639]}},{"type":"Feature","properties":{"i":0.05},"geometry":{"type":"Point","coordinates":[56.12915,26.08639]}},{"type":"Feature","properties":{"i":0.05},"geometry":{"type":"Point","coordinates":[56.15112,26.08639]}},{"type":"Feature","properties":{"i":0.45},"geometry":{"type":"Point","coordinates":[56.21704,26.08639]}},{"type":"Feature","properties":{"i":0.91},"geometry":{"type":"Point","coordinates":[56.23901,26.08639]}},{"type":"Feature","properties":{"i":0.3},"geometry":{"type":"Point","coordinates":[55.82153,26.06665]}},{"type":"Feature","properties":{"i":0.12},"geometry":{"type":"Point","coordinates":[56.06323,26.06665]}},{"type":"Feature","properties":{"i":0.48},"geometry":{"type":"Point","coordinates":[56.08521,26.06665]}},{"type":"Feature","properties":{"i":0.87},"geometry":{"type":"Point","coordinates":[56.10718,26.06665]}},{"type":"Feature","properties":{"i":0.3},"geometry":{"type":"Point","coordinates":[56.12915,26.06665]}},{"type":"Feature","properties":{"i":0.02},"geometry":{"type":"Point","coordinates":[56.19507,26.06665]}},{"type":"Feature","properties":{"i":0.1},"geometry":{"type":"Point","coordinates":[56.21704,26.06665]}},{"type":"Feature","properties":{"i":0.12},"geometry":{"type":"Point","coordinates":[56.06323,26.04691]}},{"type":"Feature","properties":{"i":1},"geometry":{"type":"Point","coordinates":[56.08521,26.04691]}},{"type":"Feature","properties":{"i":0.72},"geometry":{"type":"Point","coordinates":[56.10718,26.04691]}},{"type":"Feature","properties":{"i":0.21},"geometry":{"type":"Point","coordinates":[56.12915,26.04691]}},{"type":"Feature","properties":{"i":0.42},"geometry":{"type":"Point","coordinates":[56.15112,26.04691]}},{"type":"Feature","properties":{"i":0.1},"geometry":{"type":"Point","coordinates":[55.27222,26.02717]}},{"type":"Feature","properties":{"i":0.56},"geometry":{"type":"Point","coordinates":[55.62378,26.02717]}},{"type":"Feature","properties":{"i":0.03},"geometry":{"type":"Point","coordinates":[55.97534,26.02717]}},{"type":"Feature","properties":{"i":0.03},"geometry":{"type":"Point","coordinates":[56.04126,26.02717]}},{"type":"Feature","properties":{"i":0.24},"geometry":{"type":"Point","coordinates":[56.06323,26.02717]}},{"type":"Feature","properties":{"i":1},"geometry":{"type":"Point","coordinates":[56.08521,26.02717]}},{"type":"Feature","properties":{"i":1},"geometry":{"type":"Point","coordinates":[56.10718,26.02717]}},{"type":"Feature","properties":{"i":0.97},"geometry":{"type":"Point","coordinates":[56.12915,26.02717]}},{"type":"Feature","properties":{"i":0.72},"geometry":{"type":"Point","coordinates":[56.15112,26.02717]}},{"type":"Feature","properties":{"i":0.03},"geometry":{"type":"Point","coordinates":[55.97534,26.00742]}},{"type":"Feature","properties":{"i":0.04},"geometry":{"type":"Point","coordinates":[56.04126,26.00742]}},{"type":"Feature","properties":{"i":0.34},"geometry":{"type":"Point","coordinates":[56.06323,26.00742]}},{"type":"Feature","properties":{"i":1},"geometry":{"type":"Point","coordinates":[56.08521,26.00742]}},{"type":"Feature","properties":{"i":0.27},"geometry":{"type":"Point","coordinates":[56.10718,26.00742]}},{"type":"Feature","properties":{"i":0.6},"geometry":{"type":"Point","coordinates":[56.12915,26.00742]}},{"type":"Feature","properties":{"i":0.03},"geometry":{"type":"Point","coordinates":[56.15112,26.00742]}},{"type":"Feature","properties":{"i":0.02},"geometry":{"type":"Point","coordinates":[56.01929,25.98767]}},{"type":"Feature","properties":{"i":0.35},"geometry":{"type":"Point","coordinates":[56.04126,25.98767]}},{"type":"Feature","properties":{"i":1},"geometry":{"type":"Point","coordinates":[56.06323,25.98767]}},{"type":"Feature","properties":{"i":1},"geometry":{"type":"Point","coordinates":[56.08521,25.98767]}},{"type":"Feature","properties":{"i":0.92},"geometry":{"type":"Point","coordinates":[56.10718,25.98767]}},{"type":"Feature","properties":{"i":0.78},"geometry":{"type":"Point","coordinates":[56.12915,25.98767]}},{"type":"Feature","properties":{"i":0.39},"geometry":{"type":"Point","coordinates":[56.15112,25.98767]}},{"type":"Feature","properties":{"i":0.08},"geometry":{"type":"Point","coordinates":[55.16235,25.96792]}},{"type":"Feature","properties":{"i":0.08},"geometry":{"type":"Point","coordinates":[55.18433,25.96792]}},{"type":"Feature","properties":{"i":0.12},"geometry":{"type":"Point","coordinates":[56.01929,25.96792]}},{"type":"Feature","properties":{"i":1},"geometry":{"type":"Point","coordinates":[56.04126,25.96792]}},{"type":"Feature","properties":{"i":1},"geometry":{"type":"Point","coordinates":[56.06323,25.96792]}},{"type":"Feature","properties":{"i":1},"geometry":{"type":"Point","coordinates":[56.08521,25.96792]}},{"type":"Feature","properties":{"i":0.92},"geometry":{"type":"Point","coordinates":[56.10718,25.96792]}},{"type":"Feature","properties":{"i":0.64},"geometry":{"type":"Point","coordinates":[56.12915,25.96792]}},{"type":"Feature","properties":{"i":0.05},"geometry":{"type":"Point","coordinates":[56.15112,25.96792]}},{"type":"Feature","properties":{"i":0.1},"geometry":{"type":"Point","coordinates":[56.23901,25.96792]}},{"type":"Feature","properties":{"i":0.04},"geometry":{"type":"Point","coordinates":[55.448,25.94817]}},{"type":"Feature","properties":{"i":0.12},"geometry":{"type":"Point","coordinates":[55.6897,25.94817]}},{"type":"Feature","properties":{"i":0.33},"geometry":{"type":"Point","coordinates":[55.82153,25.94817]}},{"type":"Feature","properties":{"i":0.14},"geometry":{"type":"Point","coordinates":[56.01929,25.94817]}},{"type":"Feature","properties":{"i":1},"geometry":{"type":"Point","coordinates":[56.04126,25.94817]}},{"type":"Feature","properties":{"i":1},"geometry":{"type":"Point","coordinates":[56.06323,25.94817]}},{"type":"Feature","properties":{"i":0.87},"geometry":{"type":"Point","coordinates":[56.08521,25.94817]}},{"type":"Feature","properties":{"i":0.9},"geometry":{"type":"Point","coordinates":[56.10718,25.94817]}},{"type":"Feature","properties":{"i":0.11},"geometry":{"type":"Point","coordinates":[56.12915,25.94817]}},{"type":"Feature","properties":{"i":0.08},"geometry":{"type":"Point","coordinates":[56.15112,25.94817]}},{"type":"Feature","properties":{"i":0.19},"geometry":{"type":"Point","coordinates":[56.21704,25.94817]}},{"type":"Feature","properties":{"i":0.11},"geometry":{"type":"Point","coordinates":[56.01929,25.92841]}},{"type":"Feature","properties":{"i":1},"geometry":{"type":"Point","coordinates":[56.04126,25.92841]}},{"type":"Feature","properties":{"i":1},"geometry":{"type":"Point","coordinates":[56.06323,25.92841]}},{"type":"Feature","properties":{"i":0.73},"geometry":{"type":"Point","coordinates":[56.08521,25.92841]}},{"type":"Feature","properties":{"i":0.1},"geometry":{"type":"Point","coordinates":[56.10718,25.92841]}},{"type":"Feature","properties":{"i":0.25},"geometry":{"type":"Point","coordinates":[56.12915,25.92841]}},{"type":"Feature","properties":{"i":0.07},"geometry":{"type":"Point","coordinates":[56.15112,25.92841]}},{"type":"Feature","properties":{"i":0.12},"geometry":{"type":"Point","coordinates":[55.42603,25.90864]}},{"type":"Feature","properties":{"i":0.08},"geometry":{"type":"Point","coordinates":[55.66772,25.90864]}},{"type":"Feature","properties":{"i":0.03},"geometry":{"type":"Point","coordinates":[55.99731,25.90864]}},{"type":"Feature","properties":{"i":0.19},"geometry":{"type":"Point","coordinates":[56.01929,25.90864]}},{"type":"Feature","properties":{"i":1},"geometry":{"type":"Point","coordinates":[56.04126,25.90864]}},{"type":"Feature","properties":{"i":1},"geometry":{"type":"Point","coordinates":[56.06323,25.90864]}},{"type":"Feature","properties":{"i":0.33},"geometry":{"type":"Point","coordinates":[56.08521,25.90864]}},{"type":"Feature","properties":{"i":0.07},"geometry":{"type":"Point","coordinates":[56.10718,25.90864]}},{"type":"Feature","properties":{"i":0.12},"geometry":{"type":"Point","coordinates":[56.12915,25.90864]}},{"type":"Feature","properties":{"i":0.03},"geometry":{"type":"Point","coordinates":[55.97534,25.88888]}},{"type":"Feature","properties":{"i":0.27},"geometry":{"type":"Point","coordinates":[55.99731,25.88888]}},{"type":"Feature","properties":{"i":0.82},"geometry":{"type":"Point","coordinates":[56.01929,25.88888]}},{"type":"Feature","properties":{"i":1},"geometry":{"type":"Point","coordinates":[56.04126,25.88888]}},{"type":"Feature","properties":{"i":1},"geometry":{"type":"Point","coordinates":[56.06323,25.88888]}},{"type":"Feature","properties":{"i":0.3},"geometry":{"type":"Point","coordinates":[56.08521,25.88888]}},{"type":"Feature","properties":{"i":0.02},"geometry":{"type":"Point","coordinates":[56.10718,25.88888]}},{"type":"Feature","properties":{"i":0.12},"geometry":{"type":"Point","coordinates":[56.12915,25.88888]}},{"type":"Feature","properties":{"i":0.05},"geometry":{"type":"Point","coordinates":[56.15112,25.88888]}},{"type":"Feature","properties":{"i":0.42},"geometry":{"type":"Point","coordinates":[55.00854,25.86911]}},{"type":"Feature","properties":{"i":1},"geometry":{"type":"Point","coordinates":[55.03052,25.86911]}},{"type":"Feature","properties":{"i":0.05},"geometry":{"type":"Point","coordinates":[55.95337,25.86911]}},{"type":"Feature","properties":{"i":0.21},"geometry":{"type":"Point","coordinates":[55.97534,25.86911]}},{"type":"Feature","properties":{"i":1},"geometry":{"type":"Point","coordinates":[55.99731,25.86911]}},{"type":"Feature","properties":{"i":1},"geometry":{"type":"Point","coordinates":[56.01929,25.86911]}},{"type":"Feature","properties":{"i":1},"geometry":{"type":"Point","coordinates":[56.04126,25.86911]}},{"type":"Feature","properties":{"i":0.9},"geometry":{"type":"Point","coordinates":[56.06323,25.86911]}},{"type":"Feature","properties":{"i":0.19},"geometry":{"type":"Point","coordinates":[56.08521,25.86911]}},{"type":"Feature","properties":{"i":0.05},"geometry":{"type":"Point","coordinates":[56.10718,25.86911]}},{"type":"Feature","properties":{"i":0.1},"geometry":{"type":"Point","coordinates":[56.21704,25.86911]}},{"type":"Feature","properties":{"i":0.02},"geometry":{"type":"Point","coordinates":[55.90942,25.84934]}},{"type":"Feature","properties":{"i":0.05},"geometry":{"type":"Point","coordinates":[55.9314,25.84934]}},{"type":"Feature","properties":{"i":0.17},"geometry":{"type":"Point","coordinates":[55.95337,25.84934]}},{"type":"Feature","properties":{"i":0.42},"geometry":{"type":"Point","coordinates":[55.97534,25.84934]}},{"type":"Feature","properties":{"i":1},"geometry":{"type":"Point","coordinates":[55.99731,25.84934]}},{"type":"Feature","properties":{"i":1},"geometry":{"type":"Point","coordinates":[56.01929,25.84934]}},{"type":"Feature","properties":{"i":0.52},"geometry":{"type":"Point","coordinates":[56.04126,25.84934]}},{"type":"Feature","properties":{"i":0.7},"geometry":{"type":"Point","coordinates":[56.06323,25.84934]}},{"type":"Feature","properties":{"i":0.7},"geometry":{"type":"Point","coordinates":[56.08521,25.84934]}},{"type":"Feature","properties":{"i":0.68},"geometry":{"type":"Point","coordinates":[56.10718,25.84934]}},{"type":"Feature","properties":{"i":0.04},"geometry":{"type":"Point","coordinates":[55.90942,25.82956]}},{"type":"Feature","properties":{"i":0.18},"geometry":{"type":"Point","coordinates":[55.9314,25.82956]}},{"type":"Feature","properties":{"i":0.48},"geometry":{"type":"Point","coordinates":[55.95337,25.82956]}},{"type":"Feature","properties":{"i":1},"geometry":{"type":"Point","coordinates":[55.97534,25.82956]}},{"type":"Feature","properties":{"i":1},"geometry":{"type":"Point","coordinates":[55.99731,25.82956]}},{"type":"Feature","properties":{"i":1},"geometry":{"type":"Point","coordinates":[56.01929,25.82956]}},{"type":"Feature","properties":{"i":0.57},"geometry":{"type":"Point","coordinates":[56.04126,25.82956]}},{"type":"Feature","properties":{"i":0.91},"geometry":{"type":"Point","coordinates":[56.06323,25.82956]}},{"type":"Feature","properties":{"i":0.71},"geometry":{"type":"Point","coordinates":[56.08521,25.82956]}},{"type":"Feature","properties":{"i":0.68},"geometry":{"type":"Point","coordinates":[56.10718,25.82956]}},{"type":"Feature","properties":{"i":0.09},"geometry":{"type":"Point","coordinates":[56.12915,25.82956]}},{"type":"Feature","properties":{"i":0.24},"geometry":{"type":"Point","coordinates":[56.15112,25.82956]}},{"type":"Feature","properties":{"i":0.05},"geometry":{"type":"Point","coordinates":[55.88745,25.80978]}},{"type":"Feature","properties":{"i":0.16},"geometry":{"type":"Point","coordinates":[55.90942,25.80978]}},{"type":"Feature","properties":{"i":0.36},"geometry":{"type":"Point","coordinates":[55.9314,25.80978]}},{"type":"Feature","properties":{"i":1},"geometry":{"type":"Point","coordinates":[55.95337,25.80978]}},{"type":"Feature","properties":{"i":1},"geometry":{"type":"Point","coordinates":[55.97534,25.80978]}},{"type":"Feature","properties":{"i":1},"geometry":{"type":"Point","coordinates":[55.99731,25.80978]}},{"type":"Feature","properties":{"i":1},"geometry":{"type":"Point","coordinates":[56.01929,25.80978]}},{"type":"Feature","properties":{"i":1},"geometry":{"type":"Point","coordinates":[56.04126,25.80978]}},{"type":"Feature","properties":{"i":0.91},"geometry":{"type":"Point","coordinates":[56.06323,25.80978]}},{"type":"Feature","properties":{"i":0.22},"geometry":{"type":"Point","coordinates":[56.08521,25.80978]}},{"type":"Feature","properties":{"i":0.11},"geometry":{"type":"Point","coordinates":[56.10718,25.80978]}},{"type":"Feature","properties":{"i":0.25},"geometry":{"type":"Point","coordinates":[56.15112,25.80978]}},{"type":"Feature","properties":{"i":0.46},"geometry":{"type":"Point","coordinates":[56.19507,25.80978]}},{"type":"Feature","properties":{"i":0.46},"geometry":{"type":"Point","coordinates":[56.21704,25.80978]}},{"type":"Feature","properties":{"i":0.18},"geometry":{"type":"Point","coordinates":[56.26099,27.04934]}},{"type":"Feature","properties":{"i":0.13},"geometry":{"type":"Point","coordinates":[56.28296,27.04934]}},{"type":"Feature","properties":{"i":0.83},"geometry":{"type":"Point","coordinates":[56.85425,27.04934]}},{"type":"Feature","properties":{"i":1},"geometry":{"type":"Point","coordinates":[56.87622,27.04934]}},{"type":"Feature","properties":{"i":0.29},"geometry":{"type":"Point","coordinates":[56.89819,27.04934]}},{"type":"Feature","properties":{"i":0.03},"geometry":{"type":"Point","coordinates":[56.92017,27.04934]}},{"type":"Feature","properties":{"i":0.03},"geometry":{"type":"Point","coordinates":[56.94214,27.04934]}},{"type":"Feature","properties":{"i":0.67},"geometry":{"type":"Point","coordinates":[56.96411,27.04934]}},{"type":"Feature","properties":{"i":0.79},"geometry":{"type":"Point","coordinates":[56.98608,27.04934]}},{"type":"Feature","properties":{"i":0.66},"geometry":{"type":"Point","coordinates":[57.00806,27.04934]}},{"type":"Feature","properties":{"i":0.11},"geometry":{"type":"Point","coordinates":[57.03003,27.04934]}},{"type":"Feature","properties":{"i":0.83},"geometry":{"type":"Point","coordinates":[57.052,27.04934]}},{"type":"Feature","properties":{"i":0.84},"geometry":{"type":"Point","coordinates":[57.07397,27.04934]}},{"type":"Feature","properties":{"i":0.1},"geometry":{"type":"Point","coordinates":[57.09595,27.04934]}},{"type":"Feature","properties":{"i":0.34},"geometry":{"type":"Point","coordinates":[57.18384,27.04934]}},{"type":"Feature","properties":{"i":0.5},"geometry":{"type":"Point","coordinates":[57.20581,27.04934]}},{"type":"Feature","properties":{"i":0.11},"geometry":{"type":"Point","coordinates":[57.22778,27.04934]}},{"type":"Feature","properties":{"i":0.11},"geometry":{"type":"Point","coordinates":[57.24976,27.04934]}},{"type":"Feature","properties":{"i":0.09},"geometry":{"type":"Point","coordinates":[56.28296,27.02977]}},{"type":"Feature","properties":{"i":0.14},"geometry":{"type":"Point","coordinates":[56.85425,27.02977]}},{"type":"Feature","properties":{"i":0.03},"geometry":{"type":"Point","coordinates":[56.87622,27.02977]}},{"type":"Feature","properties":{"i":0.05},"geometry":{"type":"Point","coordinates":[56.89819,27.02977]}},{"type":"Feature","properties":{"i":0.62},"geometry":{"type":"Point","coordinates":[56.98608,27.02977]}},{"type":"Feature","properties":{"i":0.61},"geometry":{"type":"Point","coordinates":[57.00806,27.02977]}},{"type":"Feature","properties":{"i":0.59},"geometry":{"type":"Point","coordinates":[57.03003,27.02977]}},{"type":"Feature","properties":{"i":0.51},"geometry":{"type":"Point","coordinates":[57.052,27.02977]}},{"type":"Feature","properties":{"i":0.85},"geometry":{"type":"Point","coordinates":[57.07397,27.02977]}},{"type":"Feature","properties":{"i":0.14},"geometry":{"type":"Point","coordinates":[57.09595,27.02977]}},{"type":"Feature","properties":{"i":0.04},"geometry":{"type":"Point","coordinates":[57.11792,27.02977]}},{"type":"Feature","properties":{"i":0.46},"geometry":{"type":"Point","coordinates":[57.20581,27.02977]}},{"type":"Feature","properties":{"i":0.46},"geometry":{"type":"Point","coordinates":[57.22778,27.02977]}},{"type":"Feature","properties":{"i":0.55},"geometry":{"type":"Point","coordinates":[56.98608,27.0102]}},{"type":"Feature","properties":{"i":0.68},"geometry":{"type":"Point","coordinates":[57.00806,27.0102]}},{"type":"Feature","properties":{"i":0.51},"geometry":{"type":"Point","coordinates":[57.03003,27.0102]}},{"type":"Feature","properties":{"i":0.77},"geometry":{"type":"Point","coordinates":[57.052,27.0102]}},{"type":"Feature","properties":{"i":0.91},"geometry":{"type":"Point","coordinates":[57.07397,27.0102]}},{"type":"Feature","properties":{"i":0.96},"geometry":{"type":"Point","coordinates":[57.09595,27.0102]}},{"type":"Feature","properties":{"i":0.02},"geometry":{"type":"Point","coordinates":[57.11792,27.0102]}},{"type":"Feature","properties":{"i":0.04},"geometry":{"type":"Point","coordinates":[57.13989,27.0102]}},{"type":"Feature","properties":{"i":0.04},"geometry":{"type":"Point","coordinates":[57.16187,27.0102]}},{"type":"Feature","properties":{"i":0.1},"geometry":{"type":"Point","coordinates":[57.18384,27.0102]}},{"type":"Feature","properties":{"i":0.19},"geometry":{"type":"Point","coordinates":[56.26099,26.99062]}},{"type":"Feature","properties":{"i":0.05},"geometry":{"type":"Point","coordinates":[56.28296,26.99062]}},{"type":"Feature","properties":{"i":0.07},"geometry":{"type":"Point","coordinates":[56.52466,26.99062]}},{"type":"Feature","properties":{"i":0.07},"geometry":{"type":"Point","coordinates":[56.54663,26.99062]}},{"type":"Feature","properties":{"i":0.63},"geometry":{"type":"Point","coordinates":[57.00806,26.99062]}},{"type":"Feature","properties":{"i":0.73},"geometry":{"type":"Point","coordinates":[57.03003,26.99062]}},{"type":"Feature","properties":{"i":0.03},"geometry":{"type":"Point","coordinates":[57.052,26.99062]}},{"type":"Feature","properties":{"i":0.41},"geometry":{"type":"Point","coordinates":[57.07397,26.99062]}},{"type":"Feature","properties":{"i":0.74},"geometry":{"type":"Point","coordinates":[57.09595,26.99062]}},{"type":"Feature","properties":{"i":0.83},"geometry":{"type":"Point","coordinates":[57.11792,26.99062]}},{"type":"Feature","properties":{"i":0.05},"geometry":{"type":"Point","coordinates":[57.13989,26.99062]}},{"type":"Feature","properties":{"i":0.39},"geometry":{"type":"Point","coordinates":[57.16187,26.99062]}},{"type":"Feature","properties":{"i":0.6},"geometry":{"type":"Point","coordinates":[57.18384,26.99062]}},{"type":"Feature","properties":{"i":0.03},"geometry":{"type":"Point","coordinates":[57.22778,26.99062]}},{"type":"Feature","properties":{"i":1},"geometry":{"type":"Point","coordinates":[56.26099,26.97104]}},{"type":"Feature","properties":{"i":1},"geometry":{"type":"Point","coordinates":[56.28296,26.97104]}},{"type":"Feature","properties":{"i":0.14},"geometry":{"type":"Point","coordinates":[56.30493,26.97104]}},{"type":"Feature","properties":{"i":0.03},"geometry":{"type":"Point","coordinates":[56.3269,26.97104]}},{"type":"Feature","properties":{"i":0.02},"geometry":{"type":"Point","coordinates":[56.34888,26.97104]}},{"type":"Feature","properties":{"i":0.12},"geometry":{"type":"Point","coordinates":[56.54663,26.97104]}},{"type":"Feature","properties":{"i":0.28},"geometry":{"type":"Point","coordinates":[56.89819,26.97104]}},{"type":"Feature","properties":{"i":0.4},"geometry":{"type":"Point","coordinates":[56.92017,26.97104]}},{"type":"Feature","properties":{"i":0.76},"geometry":{"type":"Point","coordinates":[56.94214,26.97104]}},{"type":"Feature","properties":{"i":0.1},"geometry":{"type":"Point","coordinates":[56.96411,26.97104]}},{"type":"Feature","properties":{"i":0.15},"geometry":{"type":"Point","coordinates":[56.98608,26.97104]}},{"type":"Feature","properties":{"i":0.35},"geometry":{"type":"Point","coordinates":[57.00806,26.97104]}},{"type":"Feature","properties":{"i":0.73},"geometry":{"type":"Point","coordinates":[57.03003,26.97104]}},{"type":"Feature","properties":{"i":0.47},"geometry":{"type":"Point","coordinates":[57.052,26.97104]}},{"type":"Feature","properties":{"i":0.56},"geometry":{"type":"Point","coordinates":[57.09595,26.97104]}},{"type":"Feature","properties":{"i":0.83},"geometry":{"type":"Point","coordinates":[57.11792,26.97104]}},{"type":"Feature","properties":{"i":0.17},"geometry":{"type":"Point","coordinates":[57.13989,26.97104]}},{"type":"Feature","properties":{"i":0.3},"geometry":{"type":"Point","coordinates":[57.16187,26.97104]}},{"type":"Feature","properties":{"i":0.6},"geometry":{"type":"Point","coordinates":[57.18384,26.97104]}},{"type":"Feature","properties":{"i":0.56},"geometry":{"type":"Point","coordinates":[57.20581,26.97104]}},{"type":"Feature","properties":{"i":0.56},"geometry":{"type":"Point","coordinates":[57.22778,26.97104]}},{"type":"Feature","properties":{"i":0.02},"geometry":{"type":"Point","coordinates":[57.24976,26.97104]}},{"type":"Feature","properties":{"i":1},"geometry":{"type":"Point","coordinates":[56.26099,26.95145]}},{"type":"Feature","properties":{"i":1},"geometry":{"type":"Point","coordinates":[56.28296,26.95145]}},{"type":"Feature","properties":{"i":0.38},"geometry":{"type":"Point","coordinates":[56.30493,26.95145]}},{"type":"Feature","properties":{"i":0.07},"geometry":{"type":"Point","coordinates":[56.3269,26.95145]}},{"type":"Feature","properties":{"i":0.1},"geometry":{"type":"Point","coordinates":[56.48071,26.95145]}},{"type":"Feature","properties":{"i":0.12},"geometry":{"type":"Point","coordinates":[56.54663,26.95145]}},{"type":"Feature","properties":{"i":0.28},"geometry":{"type":"Point","coordinates":[56.89819,26.95145]}},{"type":"Feature","properties":{"i":0.27},"geometry":{"type":"Point","coordinates":[56.92017,26.95145]}},{"type":"Feature","properties":{"i":1},"geometry":{"type":"Point","coordinates":[56.94214,26.95145]}},{"type":"Feature","properties":{"i":1},"geometry":{"type":"Point","coordinates":[56.96411,26.95145]}},{"type":"Feature","properties":{"i":0.25},"geometry":{"type":"Point","coordinates":[56.98608,26.95145]}},{"type":"Feature","properties":{"i":0.46},"geometry":{"type":"Point","coordinates":[57.00806,26.95145]}},{"type":"Feature","properties":{"i":0.48},"geometry":{"type":"Point","coordinates":[57.052,26.95145]}},{"type":"Feature","properties":{"i":0.67},"geometry":{"type":"Point","coordinates":[57.11792,26.95145]}},{"type":"Feature","properties":{"i":0.49},"geometry":{"type":"Point","coordinates":[57.13989,26.95145]}},{"type":"Feature","properties":{"i":0.52},"geometry":{"type":"Point","coordinates":[57.16187,26.95145]}},{"type":"Feature","properties":{"i":0.73},"geometry":{"type":"Point","coordinates":[57.20581,26.95145]}},{"type":"Feature","properties":{"i":0.65},"geometry":{"type":"Point","coordinates":[57.22778,26.95145]}},{"type":"Feature","properties":{"i":1},"geometry":{"type":"Point","coordinates":[56.26099,26.93187]}},{"type":"Feature","properties":{"i":1},"geometry":{"type":"Point","coordinates":[56.28296,26.93187]}},{"type":"Feature","properties":{"i":0.4},"geometry":{"type":"Point","coordinates":[56.30493,26.93187]}},{"type":"Feature","properties":{"i":0.03},"geometry":{"type":"Point","coordinates":[56.3269,26.93187]}},{"type":"Feature","properties":{"i":0.17},"geometry":{"type":"Point","coordinates":[56.94214,26.93187]}},{"type":"Feature","properties":{"i":1},"geometry":{"type":"Point","coordinates":[56.96411,26.93187]}},{"type":"Feature","properties":{"i":0.16},"geometry":{"type":"Point","coordinates":[56.98608,26.93187]}},{"type":"Feature","properties":{"i":0.02},"geometry":{"type":"Point","coordinates":[57.00806,26.93187]}},{"type":"Feature","properties":{"i":0.26},"geometry":{"type":"Point","coordinates":[57.13989,26.93187]}},{"type":"Feature","properties":{"i":0.04},"geometry":{"type":"Point","coordinates":[57.20581,26.93187]}},{"type":"Feature","properties":{"i":0.02},"geometry":{"type":"Point","coordinates":[57.22778,26.93187]}},{"type":"Feature","properties":{"i":0.39},"geometry":{"type":"Point","coordinates":[57.24976,26.93187]}},{"type":"Feature","properties":{"i":0.67},"geometry":{"type":"Point","coordinates":[56.26099,26.91227]}},{"type":"Feature","properties":{"i":0.39},"geometry":{"type":"Point","coordinates":[56.28296,26.91227]}},{"type":"Feature","properties":{"i":0.03},"geometry":{"type":"Point","coordinates":[56.30493,26.91227]}},{"type":"Feature","properties":{"i":0.03},"geometry":{"type":"Point","coordinates":[56.3269,26.91227]}},{"type":"Feature","properties":{"i":0.14},"geometry":{"type":"Point","coordinates":[57.11792,26.91227]}},{"type":"Feature","properties":{"i":0.26},"geometry":{"type":"Point","coordinates":[57.13989,26.91227]}},{"type":"Feature","properties":{"i":0.02},"geometry":{"type":"Point","coordinates":[57.22778,26.91227]}},{"type":"Feature","properties":{"i":0.38},"geometry":{"type":"Point","coordinates":[57.24976,26.91227]}},{"type":"Feature","properties":{"i":0.69},"geometry":{"type":"Point","coordinates":[56.39282,26.89268]}},{"type":"Feature","properties":{"i":0.04},"geometry":{"type":"Point","coordinates":[56.41479,26.89268]}},{"type":"Feature","properties":{"i":0.33},"geometry":{"type":"Point","coordinates":[57.03003,26.89268]}},{"type":"Feature","properties":{"i":0.52},"geometry":{"type":"Point","coordinates":[57.16187,26.89268]}},{"type":"Feature","properties":{"i":0.4},"geometry":{"type":"Point","coordinates":[57.18384,26.89268]}},{"type":"Feature","properties":{"i":0.38},"geometry":{"type":"Point","coordinates":[57.20581,26.89268]}},{"type":"Feature","properties":{"i":0.02},"geometry":{"type":"Point","coordinates":[57.22778,26.89268]}},{"type":"Feature","properties":{"i":0.07},"geometry":{"type":"Point","coordinates":[56.37085,26.87308]}},{"type":"Feature","properties":{"i":0.49},"geometry":{"type":"Point","coordinates":[56.39282,26.87308]}},{"type":"Feature","properties":{"i":0.04},"geometry":{"type":"Point","coordinates":[56.41479,26.87308]}},{"type":"Feature","properties":{"i":0.07},"geometry":{"type":"Point","coordinates":[56.98608,26.87308]}},{"type":"Feature","properties":{"i":0.23},"geometry":{"type":"Point","coordinates":[57.00806,26.87308]}},{"type":"Feature","properties":{"i":0.75},"geometry":{"type":"Point","coordinates":[57.03003,26.87308]}},{"type":"Feature","properties":{"i":0.05},"geometry":{"type":"Point","coordinates":[57.052,26.87308]}},{"type":"Feature","properties":{"i":0.26},"geometry":{"type":"Point","coordinates":[57.07397,26.87308]}},{"type":"Feature","properties":{"i":0.11},"geometry":{"type":"Point","coordinates":[57.09595,26.87308]}},{"type":"Feature","properties":{"i":0.46},"geometry":{"type":"Point","coordinates":[57.16187,26.87308]}},{"type":"Feature","properties":{"i":0.22},"geometry":{"type":"Point","coordinates":[57.18384,26.87308]}},{"type":"Feature","properties":{"i":0.08},"geometry":{"type":"Point","coordinates":[57.20581,26.87308]}},{"type":"Feature","properties":{"i":0.25},"geometry":{"type":"Point","coordinates":[57.22778,26.87308]}},{"type":"Feature","properties":{"i":0.24},"geometry":{"type":"Point","coordinates":[57.24976,26.87308]}},{"type":"Feature","properties":{"i":0.35},"geometry":{"type":"Point","coordinates":[56.98608,26.85348]}},{"type":"Feature","properties":{"i":0.35},"geometry":{"type":"Point","coordinates":[57.00806,26.85348]}},{"type":"Feature","properties":{"i":0.9},"geometry":{"type":"Point","coordinates":[57.03003,26.85348]}},{"type":"Feature","properties":{"i":0.42},"geometry":{"type":"Point","coordinates":[57.052,26.85348]}},{"type":"Feature","properties":{"i":0.58},"geometry":{"type":"Point","coordinates":[57.07397,26.85348]}},{"type":"Feature","properties":{"i":0.27},"geometry":{"type":"Point","coordinates":[57.09595,26.85348]}},{"type":"Feature","properties":{"i":0.57},"geometry":{"type":"Point","coordinates":[57.16187,26.85348]}},{"type":"Feature","properties":{"i":0.57},"geometry":{"type":"Point","coordinates":[57.18384,26.85348]}},{"type":"Feature","properties":{"i":0.37},"geometry":{"type":"Point","coordinates":[57.20581,26.85348]}},{"type":"Feature","properties":{"i":0.1},"geometry":{"type":"Point","coordinates":[57.22778,26.85348]}},{"type":"Feature","properties":{"i":0.05},"geometry":{"type":"Point","coordinates":[57.24976,26.85348]}},{"type":"Feature","properties":{"i":0.7},"geometry":{"type":"Point","coordinates":[57.00806,26.83387]}},{"type":"Feature","properties":{"i":0.71},"geometry":{"type":"Point","coordinates":[57.03003,26.83387]}},{"type":"Feature","properties":{"i":0.81},"geometry":{"type":"Point","coordinates":[57.052,26.83387]}},{"type":"Feature","properties":{"i":0.61},"geometry":{"type":"Point","coordinates":[57.07397,26.83387]}},{"type":"Feature","properties":{"i":0.37},"geometry":{"type":"Point","coordinates":[57.20581,26.83387]}},{"type":"Feature","properties":{"i":0.1},"geometry":{"type":"Point","coordinates":[57.22778,26.83387]}},{"type":"Feature","properties":{"i":0.53},"geometry":{"type":"Point","coordinates":[57.00806,26.81427]}},{"type":"Feature","properties":{"i":0.73},"geometry":{"type":"Point","coordinates":[57.03003,26.81427]}},{"type":"Feature","properties":{"i":0.81},"geometry":{"type":"Point","coordinates":[57.052,26.81427]}},{"type":"Feature","properties":{"i":0.32},"geometry":{"type":"Point","coordinates":[57.07397,26.81427]}},{"type":"Feature","properties":{"i":0.37},"geometry":{"type":"Point","coordinates":[57.00806,26.79465]}},{"type":"Feature","properties":{"i":1},"geometry":{"type":"Point","coordinates":[57.03003,26.79465]}},{"type":"Feature","properties":{"i":0.69},"geometry":{"type":"Point","coordinates":[57.052,26.79465]}},{"type":"Feature","properties":{"i":0.5},"geometry":{"type":"Point","coordinates":[57.07397,26.79465]}},{"type":"Feature","properties":{"i":0.03},"geometry":{"type":"Point","coordinates":[57.09595,26.79465]}},{"type":"Feature","properties":{"i":0.45},"geometry":{"type":"Point","coordinates":[57.052,26.77504]}},{"type":"Feature","properties":{"i":0.76},"geometry":{"type":"Point","coordinates":[57.07397,26.77504]}},{"type":"Feature","properties":{"i":0.1},"geometry":{"type":"Point","coordinates":[57.09595,26.77504]}},{"type":"Feature","properties":{"i":0.51},"geometry":{"type":"Point","coordinates":[57.052,26.75542]}},{"type":"Feature","properties":{"i":0.61},"geometry":{"type":"Point","coordinates":[57.07397,26.75542]}},{"type":"Feature","properties":{"i":0.53},"geometry":{"type":"Point","coordinates":[57.09595,26.75542]}},{"type":"Feature","properties":{"i":0.33},"geometry":{"type":"Point","coordinates":[57.11792,26.75542]}},{"type":"Feature","properties":{"i":0.09},"geometry":{"type":"Point","coordinates":[57.052,26.7358]}},{"type":"Feature","properties":{"i":0.79},"geometry":{"type":"Point","coordinates":[57.09595,26.7358]}},{"type":"Feature","properties":{"i":0.48},"geometry":{"type":"Point","coordinates":[57.11792,26.7358]}},{"type":"Feature","properties":{"i":0.5},"geometry":{"type":"Point","coordinates":[57.07397,26.69655]}},{"type":"Feature","properties":{"i":0.24},"geometry":{"type":"Point","coordinates":[57.11792,26.69655]}},{"type":"Feature","properties":{"i":0.08},"geometry":{"type":"Point","coordinates":[57.13989,26.69655]}},{"type":"Feature","properties":{"i":0.05},"geometry":{"type":"Point","coordinates":[57.052,26.67691]}},{"type":"Feature","properties":{"i":0.58},"geometry":{"type":"Point","coordinates":[57.07397,26.67691]}},{"type":"Feature","properties":{"i":0.08},"geometry":{"type":"Point","coordinates":[57.13989,26.67691]}},{"type":"Feature","properties":{"i":0.09},"geometry":{"type":"Point","coordinates":[57.07397,26.65728]}},{"type":"Feature","properties":{"i":0.42},"geometry":{"type":"Point","coordinates":[57.13989,26.65728]}},{"type":"Feature","properties":{"i":0.39},"geometry":{"type":"Point","coordinates":[57.07397,26.63764]}},{"type":"Feature","properties":{"i":0.42},"geometry":{"type":"Point","coordinates":[57.13989,26.63764]}},{"type":"Feature","properties":{"i":0.35},"geometry":{"type":"Point","coordinates":[57.16187,26.63764]}},{"type":"Feature","properties":{"i":0.13},"geometry":{"type":"Point","coordinates":[57.07397,26.618]}},{"type":"Feature","properties":{"i":0.93},"geometry":{"type":"Point","coordinates":[57.09595,26.618]}},{"type":"Feature","properties":{"i":0.09},"geometry":{"type":"Point","coordinates":[57.11792,26.618]}},{"type":"Feature","properties":{"i":0.68},"geometry":{"type":"Point","coordinates":[57.16187,26.618]}},{"type":"Feature","properties":{"i":0.58},"geometry":{"type":"Point","coordinates":[57.07397,26.59835]}},{"type":"Feature","properties":{"i":1},"geometry":{"type":"Point","coordinates":[57.09595,26.59835]}},{"type":"Feature","properties":{"i":0.37},"geometry":{"type":"Point","coordinates":[57.11792,26.59835]}},{"type":"Feature","properties":{"i":0.68},"geometry":{"type":"Point","coordinates":[57.16187,26.59835]}},{"type":"Feature","properties":{"i":0.53},"geometry":{"type":"Point","coordinates":[57.07397,26.5787]}},{"type":"Feature","properties":{"i":0.87},"geometry":{"type":"Point","coordinates":[57.09595,26.5787]}},{"type":"Feature","properties":{"i":0.37},"geometry":{"type":"Point","coordinates":[57.11792,26.5787]}},{"type":"Feature","properties":{"i":0.25},"geometry":{"type":"Point","coordinates":[57.09595,26.55905]}},{"type":"Feature","properties":{"i":0.42},"geometry":{"type":"Point","coordinates":[57.11792,26.55905]}},{"type":"Feature","properties":{"i":0.1},"geometry":{"type":"Point","coordinates":[57.13989,26.55905]}},{"type":"Feature","properties":{"i":0.53},"geometry":{"type":"Point","coordinates":[57.07397,26.53939]}},{"type":"Feature","properties":{"i":0.78},"geometry":{"type":"Point","coordinates":[57.09595,26.53939]}},{"type":"Feature","properties":{"i":0.3},"geometry":{"type":"Point","coordinates":[57.11792,26.53939]}},{"type":"Feature","properties":{"i":0.49},"geometry":{"type":"Point","coordinates":[57.13989,26.53939]}},{"type":"Feature","properties":{"i":0.04},"geometry":{"type":"Point","coordinates":[57.20581,26.53939]}},{"type":"Feature","properties":{"i":0.29},"geometry":{"type":"Point","coordinates":[57.07397,26.51974]}},{"type":"Feature","properties":{"i":0.98},"geometry":{"type":"Point","coordinates":[57.09595,26.51974]}},{"type":"Feature","properties":{"i":0.85},"geometry":{"type":"Point","coordinates":[57.11792,26.51974]}},{"type":"Feature","properties":{"i":0.82},"geometry":{"type":"Point","coordinates":[57.13989,26.51974]}},{"type":"Feature","properties":{"i":0.04},"geometry":{"type":"Point","coordinates":[57.20581,26.51974]}},{"type":"Feature","properties":{"i":0.25},"geometry":{"type":"Point","coordinates":[57.22778,26.51974]}},{"type":"Feature","properties":{"i":0.16},"geometry":{"type":"Point","coordinates":[57.24976,26.51974]}},{"type":"Feature","properties":{"i":0.03},"geometry":{"type":"Point","coordinates":[57.07397,26.50007]}},{"type":"Feature","properties":{"i":0.25},"geometry":{"type":"Point","coordinates":[57.09595,26.50007]}},{"type":"Feature","properties":{"i":0.84},"geometry":{"type":"Point","coordinates":[57.11792,26.50007]}},{"type":"Feature","properties":{"i":0.83},"geometry":{"type":"Point","coordinates":[57.13989,26.50007]}},{"type":"Feature","properties":{"i":0.09},"geometry":{"type":"Point","coordinates":[57.16187,26.50007]}},{"type":"Feature","properties":{"i":0.18},"geometry":{"type":"Point","coordinates":[57.22778,26.50007]}},{"type":"Feature","properties":{"i":0.18},"geometry":{"type":"Point","coordinates":[57.24976,26.50007]}},{"type":"Feature","properties":{"i":0.88},"geometry":{"type":"Point","coordinates":[57.11792,26.48041]}},{"type":"Feature","properties":{"i":0.88},"geometry":{"type":"Point","coordinates":[57.13989,26.48041]}},{"type":"Feature","properties":{"i":0.84},"geometry":{"type":"Point","coordinates":[57.16187,26.48041]}},{"type":"Feature","properties":{"i":0.18},"geometry":{"type":"Point","coordinates":[57.24976,26.48041]}},{"type":"Feature","properties":{"i":0.19},"geometry":{"type":"Point","coordinates":[57.09595,26.46074]}},{"type":"Feature","properties":{"i":0.22},"geometry":{"type":"Point","coordinates":[57.11792,26.46074]}},{"type":"Feature","properties":{"i":0.63},"geometry":{"type":"Point","coordinates":[57.13989,26.46074]}},{"type":"Feature","properties":{"i":0.47},"geometry":{"type":"Point","coordinates":[57.16187,26.46074]}},{"type":"Feature","properties":{"i":0.23},"geometry":{"type":"Point","coordinates":[57.18384,26.46074]}},{"type":"Feature","properties":{"i":0.07},"geometry":{"type":"Point","coordinates":[57.20581,26.46074]}},{"type":"Feature","properties":{"i":0.28},"geometry":{"type":"Point","coordinates":[57.24976,26.46074]}},{"type":"Feature","properties":{"i":0.66},"geometry":{"type":"Point","coordinates":[57.16187,26.44107]}},{"type":"Feature","properties":{"i":0.51},"geometry":{"type":"Point","coordinates":[57.18384,26.44107]}},{"type":"Feature","properties":{"i":0.56},"geometry":{"type":"Point","coordinates":[57.20581,26.44107]}},{"type":"Feature","properties":{"i":0.56},"geometry":{"type":"Point","coordinates":[57.22778,26.44107]}},{"type":"Feature","properties":{"i":0.61},"geometry":{"type":"Point","coordinates":[57.24976,26.44107]}},{"type":"Feature","properties":{"i":0.45},"geometry":{"type":"Point","coordinates":[57.18384,26.42139]}},{"type":"Feature","properties":{"i":0.45},"geometry":{"type":"Point","coordinates":[57.20581,26.42139]}},{"type":"Feature","properties":{"i":0.38},"geometry":{"type":"Point","coordinates":[57.22778,26.42139]}},{"type":"Feature","properties":{"i":0.69},"geometry":{"type":"Point","coordinates":[57.24976,26.42139]}},{"type":"Feature","properties":{"i":0.36},"geometry":{"type":"Point","coordinates":[57.13989,26.40171]}},{"type":"Feature","properties":{"i":0.19},"geometry":{"type":"Point","coordinates":[57.16187,26.40171]}},{"type":"Feature","properties":{"i":0.56},"geometry":{"type":"Point","coordinates":[57.18384,26.40171]}},{"type":"Feature","properties":{"i":0.39},"geometry":{"type":"Point","coordinates":[57.20581,26.40171]}},{"type":"Feature","properties":{"i":0.37},"geometry":{"type":"Point","coordinates":[57.22778,26.40171]}},{"type":"Feature","properties":{"i":0.02},"geometry":{"type":"Point","coordinates":[57.18384,26.38203]}},{"type":"Feature","properties":{"i":0.68},"geometry":{"type":"Point","coordinates":[56.34888,26.36234]}},{"type":"Feature","properties":{"i":0.3},"geometry":{"type":"Point","coordinates":[56.37085,26.36234]}},{"type":"Feature","properties":{"i":0.28},"geometry":{"type":"Point","coordinates":[57.16187,26.36234]}},{"type":"Feature","properties":{"i":0.11},"geometry":{"type":"Point","coordinates":[57.18384,26.36234]}},{"type":"Feature","properties":{"i":0.44},"geometry":{"type":"Point","coordinates":[57.20581,26.36234]}},{"type":"Feature","properties":{"i":0.72},"geometry":{"type":"Point","coordinates":[57.22778,26.36234]}},{"type":"Feature","properties":{"i":0.64},"geometry":{"type":"Point","coordinates":[57.24976,26.36234]}},{"type":"Feature","properties":{"i":0.09},"geometry":{"type":"Point","coordinates":[56.37085,26.34265]}},{"type":"Feature","properties":{"i":0.52},"geometry":{"type":"Point","coordinates":[56.41479,26.34265]}},{"type":"Feature","properties":{"i":0.38},"geometry":{"type":"Point","coordinates":[57.18384,26.34265]}},{"type":"Feature","properties":{"i":0.41},"geometry":{"type":"Point","coordinates":[57.20581,26.34265]}},{"type":"Feature","properties":{"i":0.1},"geometry":{"type":"Point","coordinates":[57.22778,26.34265]}},{"type":"Feature","properties":{"i":0.19},"geometry":{"type":"Point","coordinates":[57.24976,26.34265]}},{"type":"Feature","properties":{"i":0.09},"geometry":{"type":"Point","coordinates":[56.37085,26.32296]}},{"type":"Feature","properties":{"i":0.17},"geometry":{"type":"Point","coordinates":[56.41479,26.32296]}},{"type":"Feature","properties":{"i":0.37},"geometry":{"type":"Point","coordinates":[57.16187,26.32296]}},{"type":"Feature","properties":{"i":0.55},"geometry":{"type":"Point","coordinates":[57.18384,26.32296]}},{"type":"Feature","properties":{"i":0.63},"geometry":{"type":"Point","coordinates":[57.22778,26.32296]}},{"type":"Feature","properties":{"i":0.09},"geometry":{"type":"Point","coordinates":[57.24976,26.32296]}},{"type":"Feature","properties":{"i":0.32},"geometry":{"type":"Point","coordinates":[56.34888,26.30326]}},{"type":"Feature","properties":{"i":0.15},"geometry":{"type":"Point","coordinates":[57.22778,26.30326]}},{"type":"Feature","properties":{"i":0.46},"geometry":{"type":"Point","coordinates":[57.16187,26.28356]}},{"type":"Feature","properties":{"i":0.51},"geometry":{"type":"Point","coordinates":[57.20581,26.28356]}},{"type":"Feature","properties":{"i":0.51},"geometry":{"type":"Point","coordinates":[57.22778,26.28356]}},{"type":"Feature","properties":{"i":0.4},"geometry":{"type":"Point","coordinates":[56.39282,26.26386]}},{"type":"Feature","properties":{"i":0.69},"geometry":{"type":"Point","coordinates":[57.22778,26.26386]}},{"type":"Feature","properties":{"i":0.64},"geometry":{"type":"Point","coordinates":[56.30493,26.24416]}},{"type":"Feature","properties":{"i":0.64},"geometry":{"type":"Point","coordinates":[56.3269,26.24416]}},{"type":"Feature","properties":{"i":0.4},"geometry":{"type":"Point","coordinates":[56.37085,26.24416]}},{"type":"Feature","properties":{"i":0.24},"geometry":{"type":"Point","coordinates":[57.22778,26.24416]}},{"type":"Feature","properties":{"i":0.03},"geometry":{"type":"Point","coordinates":[56.26099,26.22445]}},{"type":"Feature","properties":{"i":0.02},"geometry":{"type":"Point","coordinates":[56.3269,26.22445]}},{"type":"Feature","properties":{"i":0.02},"geometry":{"type":"Point","coordinates":[56.34888,26.22445]}},{"type":"Feature","properties":{"i":1},"geometry":{"type":"Point","coordinates":[56.26099,26.20473]}},{"type":"Feature","properties":{"i":0.07},"geometry":{"type":"Point","coordinates":[56.28296,26.20473]}},{"type":"Feature","properties":{"i":0.08},"geometry":{"type":"Point","coordinates":[56.3269,26.20473]}},{"type":"Feature","properties":{"i":0.15},"geometry":{"type":"Point","coordinates":[56.45874,26.20473]}},{"type":"Feature","properties":{"i":1},"geometry":{"type":"Point","coordinates":[56.26099,26.18502]}},{"type":"Feature","properties":{"i":0.05},"geometry":{"type":"Point","coordinates":[56.28296,26.18502]}},{"type":"Feature","properties":{"i":0.02},"geometry":{"type":"Point","coordinates":[56.30493,26.18502]}},{"type":"Feature","properties":{"i":0.5},"geometry":{"type":"Point","coordinates":[57.22778,26.18502]}},{"type":"Feature","properties":{"i":0.5},"geometry":{"type":"Point","coordinates":[57.24976,26.18502]}},{"type":"Feature","properties":{"i":1},"geometry":{"type":"Point","coordinates":[56.26099,26.1653]}},{"type":"Feature","properties":{"i":0.07},"geometry":{"type":"Point","coordinates":[56.28296,26.1653]}},{"type":"Feature","properties":{"i":0.47},"geometry":{"type":"Point","coordinates":[56.26099,26.14558]}},{"type":"Feature","properties":{"i":0.16},"geometry":{"type":"Point","coordinates":[56.28296,26.14558]}},{"type":"Feature","properties":{"i":0.36},"geometry":{"type":"Point","coordinates":[56.30493,26.14558]}},{"type":"Feature","properties":{"i":0.16},"geometry":{"type":"Point","coordinates":[56.3269,26.14558]}},{"type":"Feature","properties":{"i":0.69},"geometry":{"type":"Point","coordinates":[57.24976,26.14558]}},{"type":"Feature","properties":{"i":0.66},"geometry":{"type":"Point","coordinates":[56.26099,26.12585]}},{"type":"Feature","properties":{"i":0.25},"geometry":{"type":"Point","coordinates":[56.3269,26.12585]}},{"type":"Feature","properties":{"i":0.25},"geometry":{"type":"Point","coordinates":[56.34888,26.12585]}},{"type":"Feature","properties":{"i":0.17},"geometry":{"type":"Point","coordinates":[57.22778,26.12585]}},{"type":"Feature","properties":{"i":0.39},"geometry":{"type":"Point","coordinates":[57.24976,26.12585]}},{"type":"Feature","properties":{"i":0.79},"geometry":{"type":"Point","coordinates":[56.26099,26.10612]}},{"type":"Feature","properties":{"i":0.25},"geometry":{"type":"Point","coordinates":[56.3269,26.10612]}},{"type":"Feature","properties":{"i":0.25},"geometry":{"type":"Point","coordinates":[56.34888,26.10612]}},{"type":"Feature","properties":{"i":0.25},"geometry":{"type":"Point","coordinates":[56.37085,26.10612]}},{"type":"Feature","properties":{"i":0.29},"geometry":{"type":"Point","coordinates":[57.22778,26.10612]}},{"type":"Feature","properties":{"i":0.29},"geometry":{"type":"Point","coordinates":[57.24976,26.10612]}},{"type":"Feature","properties":{"i":0.79},"geometry":{"type":"Point","coordinates":[56.26099,26.08639]}},{"type":"Feature","properties":{"i":0.55},"geometry":{"type":"Point","coordinates":[56.28296,26.08639]}},{"type":"Feature","properties":{"i":0.18},"geometry":{"type":"Point","coordinates":[56.30493,26.08639]}},{"type":"Feature","properties":{"i":0.5},"geometry":{"type":"Point","coordinates":[56.3269,26.08639]}},{"type":"Feature","properties":{"i":0.13},"geometry":{"type":"Point","coordinates":[56.34888,26.08639]}},{"type":"Feature","properties":{"i":0.25},"geometry":{"type":"Point","coordinates":[56.37085,26.08639]}},{"type":"Feature","properties":{"i":0.05},"geometry":{"type":"Point","coordinates":[56.26099,26.06665]}},{"type":"Feature","properties":{"i":0.42},"geometry":{"type":"Point","coordinates":[56.28296,26.06665]}},{"type":"Feature","properties":{"i":1},"geometry":{"type":"Point","coordinates":[56.30493,26.06665]}},{"type":"Feature","properties":{"i":0.91},"geometry":{"type":"Point","coordinates":[56.3269,26.06665]}},{"type":"Feature","properties":{"i":0.6},"geometry":{"type":"Point","coordinates":[56.34888,26.06665]}},{"type":"Feature","properties":{"i":0.72},"geometry":{"type":"Point","coordinates":[57.22778,26.06665]}},{"type":"Feature","properties":{"i":0.64},"geometry":{"type":"Point","coordinates":[57.24976,26.06665]}},{"type":"Feature","properties":{"i":0.02},"geometry":{"type":"Point","coordinates":[56.30493,26.04691]}},{"type":"Feature","properties":{"i":0.62},"geometry":{"type":"Point","coordinates":[56.3269,26.04691]}},{"type":"Feature","properties":{"i":0.72},"geometry":{"type":"Point","coordinates":[56.34888,26.04691]}},{"type":"Feature","properties":{"i":0.75},"geometry":{"type":"Point","coordinates":[56.37085,26.04691]}},{"type":"Feature","properties":{"i":0.09},"geometry":{"type":"Point","coordinates":[57.24976,26.04691]}},{"type":"Feature","properties":{"i":0.25},"geometry":{"type":"Point","coordinates":[56.30493,26.02717]}},{"type":"Feature","properties":{"i":0.27},"geometry":{"type":"Point","coordinates":[56.3269,26.02717]}},{"type":"Feature","properties":{"i":0.46},"geometry":{"type":"Point","coordinates":[56.34888,26.02717]}},{"type":"Feature","properties":{"i":0.21},"geometry":{"type":"Point","coordinates":[56.37085,26.02717]}},{"type":"Feature","properties":{"i":0.07},"geometry":{"type":"Point","coordinates":[56.39282,25.98767]}},{"type":"Feature","properties":{"i":0.07},"geometry":{"type":"Point","coordinates":[56.39282,25.96792]}},{"type":"Feature","properties":{"i":0.07},"geometry":{"type":"Point","coordinates":[56.41479,25.96792]}},{"type":"Feature","properties":{"i":0.29},"geometry":{"type":"Point","coordinates":[56.37085,25.94817]}},{"type":"Feature","properties":{"i":0.52},"geometry":{"type":"Point","coordinates":[56.39282,25.94817]}},{"type":"Feature","properties":{"i":0.73},"geometry":{"type":"Point","coordinates":[56.41479,25.94817]}},{"type":"Feature","properties":{"i":0.62},"geometry":{"type":"Point","coordinates":[56.43677,25.94817]}},{"type":"Feature","properties":{"i":0.28},"geometry":{"type":"Point","coordinates":[56.26099,25.92841]}},{"type":"Feature","properties":{"i":0.28},"geometry":{"type":"Point","coordinates":[56.28296,25.92841]}},{"type":"Feature","properties":{"i":0.21},"geometry":{"type":"Point","coordinates":[56.41479,25.92841]}},{"type":"Feature","properties":{"i":0.62},"geometry":{"type":"Point","coordinates":[56.43677,25.92841]}},{"type":"Feature","properties":{"i":0.28},"geometry":{"type":"Point","coordinates":[56.26099,25.90864]}},{"type":"Feature","properties":{"i":0.28},"geometry":{"type":"Point","coordinates":[56.28296,25.90864]}},{"type":"Feature","properties":{"i":0.33},"geometry":{"type":"Point","coordinates":[56.30493,25.84934]}},{"type":"Feature","properties":{"i":0.1},"geometry":{"type":"Point","coordinates":[57.16187,25.84934]}},{"type":"Feature","properties":{"i":0.45},"geometry":{"type":"Point","coordinates":[57.24976,25.84934]}},{"type":"Feature","properties":{"i":0.35},"geometry":{"type":"Point","coordinates":[57.16187,25.82956]}},{"type":"Feature","properties":{"i":0.45},"geometry":{"type":"Point","coordinates":[57.22778,25.82956]}},{"type":"Feature","properties":{"i":0.45},"geometry":{"type":"Point","coordinates":[57.24976,25.82956]}},{"type":"Feature","properties":{"i":0.03},"geometry":{"type":"Point","coordinates":[53.27271,25.61181]}},{"type":"Feature","properties":{"i":0.04},"geometry":{"type":"Point","coordinates":[53.27271,25.59199]}},{"type":"Feature","properties":{"i":0.07},"geometry":{"type":"Point","coordinates":[53.27271,25.57218]}},{"type":"Feature","properties":{"i":0.11},"geometry":{"type":"Point","coordinates":[53.27271,25.55235]}},{"type":"Feature","properties":{"i":0.02},"geometry":{"type":"Point","coordinates":[53.29468,25.55235]}},{"type":"Feature","properties":{"i":0.12},"geometry":{"type":"Point","coordinates":[53.27271,25.53253]}},{"type":"Feature","properties":{"i":0.11},"geometry":{"type":"Point","coordinates":[53.27271,25.5127]}},{"type":"Feature","properties":{"i":0.04},"geometry":{"type":"Point","coordinates":[53.29468,25.5127]}},{"type":"Feature","properties":{"i":0.11},"geometry":{"type":"Point","coordinates":[53.27271,25.49287]}},{"type":"Feature","properties":{"i":0.09},"geometry":{"type":"Point","coordinates":[53.27271,25.47303]}},{"type":"Feature","properties":{"i":0.03},"geometry":{"type":"Point","coordinates":[53.27271,25.45319]}},{"type":"Feature","properties":{"i":0.29},"geometry":{"type":"Point","coordinates":[53.27271,25.25463]}},{"type":"Feature","properties":{"i":0.16},"geometry":{"type":"Point","coordinates":[53.29468,25.25463]}},{"type":"Feature","properties":{"i":0.42},"geometry":{"type":"Point","coordinates":[53.42651,25.25463]}},{"type":"Feature","properties":{"i":0.09},"geometry":{"type":"Point","coordinates":[53.29468,25.23476]}},{"type":"Feature","properties":{"i":0.02},"geometry":{"type":"Point","coordinates":[53.27271,25.21488]}},{"type":"Feature","properties":{"i":0.11},"geometry":{"type":"Point","coordinates":[53.27271,25.195]}},{"type":"Feature","properties":{"i":0.42},"geometry":{"type":"Point","coordinates":[53.27271,25.17512]}},{"type":"Feature","properties":{"i":0.05},"geometry":{"type":"Point","coordinates":[53.29468,25.17512]}},{"type":"Feature","properties":{"i":0.05},"geometry":{"type":"Point","coordinates":[53.3606,25.17512]}},{"type":"Feature","properties":{"i":0.04},"geometry":{"type":"Point","coordinates":[53.27271,25.15523]}},{"type":"Feature","properties":{"i":0.02},"geometry":{"type":"Point","coordinates":[53.33862,25.15523]}},{"type":"Feature","properties":{"i":0.03},"geometry":{"type":"Point","coordinates":[53.3606,25.15523]}},{"type":"Feature","properties":{"i":0.66},"geometry":{"type":"Point","coordinates":[53.33862,25.09555]}},{"type":"Feature","properties":{"i":0.07},"geometry":{"type":"Point","coordinates":[53.27271,25.07565]}},{"type":"Feature","properties":{"i":0.05},"geometry":{"type":"Point","coordinates":[53.3606,24.91633]}},{"type":"Feature","properties":{"i":0.03},"geometry":{"type":"Point","coordinates":[53.42651,24.91633]}},{"type":"Feature","properties":{"i":0.02},"geometry":{"type":"Point","coordinates":[53.40454,24.8964]}},{"type":"Feature","properties":{"i":0.07},"geometry":{"type":"Point","coordinates":[53.42651,24.8964]}},{"type":"Feature","properties":{"i":0.04},"geometry":{"type":"Point","coordinates":[53.40454,24.87647]}},{"type":"Feature","properties":{"i":0.15},"geometry":{"type":"Point","coordinates":[53.42651,24.87647]}},{"type":"Feature","properties":{"i":0.07},"geometry":{"type":"Point","coordinates":[53.40454,24.85653]}},{"type":"Feature","properties":{"i":0.18},"geometry":{"type":"Point","coordinates":[53.42651,24.85653]}},{"type":"Feature","properties":{"i":0.07},"geometry":{"type":"Point","coordinates":[53.40454,24.8366]}},{"type":"Feature","properties":{"i":0.27},"geometry":{"type":"Point","coordinates":[53.42651,24.8366]}},{"type":"Feature","properties":{"i":0.05},"geometry":{"type":"Point","coordinates":[53.40454,24.81665]}},{"type":"Feature","properties":{"i":0.16},"geometry":{"type":"Point","coordinates":[53.42651,24.81665]}},{"type":"Feature","properties":{"i":0.02},"geometry":{"type":"Point","coordinates":[53.40454,24.79671]}},{"type":"Feature","properties":{"i":0.16},"geometry":{"type":"Point","coordinates":[53.42651,24.79671]}},{"type":"Feature","properties":{"i":0.05},"geometry":{"type":"Point","coordinates":[53.42651,24.77676]}},{"type":"Feature","properties":{"i":0.37},"geometry":{"type":"Point","coordinates":[53.31665,24.5771]}},{"type":"Feature","properties":{"i":0.49},"geometry":{"type":"Point","coordinates":[53.7561,25.79]}},{"type":"Feature","properties":{"i":0.67},"geometry":{"type":"Point","coordinates":[54.63501,25.75042]}},{"type":"Feature","properties":{"i":0.65},"geometry":{"type":"Point","coordinates":[54.28345,25.71084]}},{"type":"Feature","properties":{"i":1},"geometry":{"type":"Point","coordinates":[54.30542,25.71084]}},{"type":"Feature","properties":{"i":0.36},"geometry":{"type":"Point","coordinates":[54.32739,25.71084]}},{"type":"Feature","properties":{"i":0.33},"geometry":{"type":"Point","coordinates":[54.28345,25.69104]}},{"type":"Feature","properties":{"i":0.63},"geometry":{"type":"Point","coordinates":[54.30542,25.69104]}},{"type":"Feature","properties":{"i":0.36},"geometry":{"type":"Point","coordinates":[54.32739,25.69104]}},{"type":"Feature","properties":{"i":0.04},"geometry":{"type":"Point","coordinates":[54.34937,25.69104]}},{"type":"Feature","properties":{"i":0.28},"geometry":{"type":"Point","coordinates":[53.69019,25.65143]}},{"type":"Feature","properties":{"i":0.24},"geometry":{"type":"Point","coordinates":[53.5144,25.63162]}},{"type":"Feature","properties":{"i":0.02},"geometry":{"type":"Point","coordinates":[54.19556,25.63162]}},{"type":"Feature","properties":{"i":0.12},"geometry":{"type":"Point","coordinates":[54.39331,25.63162]}},{"type":"Feature","properties":{"i":0.22},"geometry":{"type":"Point","coordinates":[54.41528,25.63162]}},{"type":"Feature","properties":{"i":0.16},"geometry":{"type":"Point","coordinates":[54.43726,25.63162]}},{"type":"Feature","properties":{"i":0.04},"geometry":{"type":"Point","coordinates":[54.45923,25.63162]}},{"type":"Feature","properties":{"i":0.26},"geometry":{"type":"Point","coordinates":[54.39331,25.61181]}},{"type":"Feature","properties":{"i":1},"geometry":{"type":"Point","coordinates":[54.41528,25.61181]}},{"type":"Feature","properties":{"i":1},"geometry":{"type":"Point","coordinates":[54.43726,25.61181]}},{"type":"Feature","properties":{"i":0.21},"geometry":{"type":"Point","coordinates":[54.45923,25.61181]}},{"type":"Feature","properties":{"i":0.45},"geometry":{"type":"Point","coordinates":[54.39331,25.59199]}},{"type":"Feature","properties":{"i":1},"geometry":{"type":"Point","coordinates":[54.41528,25.59199]}},{"type":"Feature","properties":{"i":1},"geometry":{"type":"Point","coordinates":[54.43726,25.59199]}},{"type":"Feature","properties":{"i":0.45},"geometry":{"type":"Point","coordinates":[54.45923,25.59199]}},{"type":"Feature","properties":{"i":0.14},"geometry":{"type":"Point","coordinates":[54.4812,25.59199]}},{"type":"Feature","properties":{"i":0.13},"geometry":{"type":"Point","coordinates":[54.19556,25.57218]}},{"type":"Feature","properties":{"i":0.11},"geometry":{"type":"Point","coordinates":[54.39331,25.57218]}},{"type":"Feature","properties":{"i":0.18},"geometry":{"type":"Point","coordinates":[54.41528,25.57218]}},{"type":"Feature","properties":{"i":0.39},"geometry":{"type":"Point","coordinates":[54.43726,25.57218]}},{"type":"Feature","properties":{"i":0.08},"geometry":{"type":"Point","coordinates":[54.45923,25.57218]}},{"type":"Feature","properties":{"i":0.13},"geometry":{"type":"Point","coordinates":[54.19556,25.55235]}},{"type":"Feature","properties":{"i":0.14},"geometry":{"type":"Point","coordinates":[54.76685,25.55235]}},{"type":"Feature","properties":{"i":0.71},"geometry":{"type":"Point","coordinates":[54.30542,25.5127]}},{"type":"Feature","properties":{"i":0.03},"geometry":{"type":"Point","coordinates":[54.32739,25.5127]}},{"type":"Feature","properties":{"i":0.34},"geometry":{"type":"Point","coordinates":[53.82202,25.49287]}},{"type":"Feature","properties":{"i":0.19},"geometry":{"type":"Point","coordinates":[54.12964,25.49287]}},{"type":"Feature","properties":{"i":0.1},"geometry":{"type":"Point","coordinates":[54.15161,25.49287]}},{"type":"Feature","properties":{"i":0.03},"geometry":{"type":"Point","coordinates":[54.28345,25.49287]}},{"type":"Feature","properties":{"i":1},"geometry":{"type":"Point","coordinates":[54.30542,25.49287]}},{"type":"Feature","properties":{"i":0.16},"geometry":{"type":"Point","coordinates":[54.32739,25.49287]}},{"type":"Feature","properties":{"i":0.19},"geometry":{"type":"Point","coordinates":[54.12964,25.47303]}},{"type":"Feature","properties":{"i":0.14},"geometry":{"type":"Point","coordinates":[54.30542,25.47303]}},{"type":"Feature","properties":{"i":0.07},"geometry":{"type":"Point","coordinates":[53.9978,25.39366]}},{"type":"Feature","properties":{"i":0.47},"geometry":{"type":"Point","coordinates":[53.49243,25.37381]}},{"type":"Feature","properties":{"i":0.49},"geometry":{"type":"Point","coordinates":[54.4812,25.35395]}},{"type":"Feature","properties":{"i":0.08},"geometry":{"type":"Point","coordinates":[53.5144,25.3341]}},{"type":"Feature","properties":{"i":0.55},"geometry":{"type":"Point","coordinates":[53.44849,25.31424]}},{"type":"Feature","properties":{"i":0.46},"geometry":{"type":"Point","coordinates":[53.47046,25.31424]}},{"type":"Feature","properties":{"i":0.28},"geometry":{"type":"Point","coordinates":[54.78882,25.31424]}},{"type":"Feature","properties":{"i":0.24},"geometry":{"type":"Point","coordinates":[53.49243,25.2745]}},{"type":"Feature","properties":{"i":0.6},"geometry":{"type":"Point","coordinates":[54.65698,25.21488]}},{"type":"Feature","properties":{"i":0.6},"geometry":{"type":"Point","coordinates":[54.67896,25.21488]}},{"type":"Feature","properties":{"i":0.41},"geometry":{"type":"Point","coordinates":[54.70093,25.21488]}},{"type":"Feature","properties":{"i":0.14},"geometry":{"type":"Point","coordinates":[54.43726,25.01593]}},{"type":"Feature","properties":{"i":0.02},"geometry":{"type":"Point","coordinates":[53.60229,24.99602]}},{"type":"Feature","properties":{"i":0.05},"geometry":{"type":"Point","coordinates":[53.62427,24.99602]}},{"type":"Feature","properties":{"i":0.07},"geometry":{"type":"Point","coordinates":[53.64624,24.99602]}},{"type":"Feature","properties":{"i":0.1},"geometry":{"type":"Point","coordinates":[53.66821,24.99602]}},{"type":"Feature","properties":{"i":0.1},"geometry":{"type":"Point","coordinates":[53.69019,24.99602]}},{"type":"Feature","properties":{"i":0.08},"geometry":{"type":"Point","coordinates":[53.71216,24.99602]}},{"type":"Feature","properties":{"i":0.05},"geometry":{"type":"Point","coordinates":[53.73413,24.99602]}},{"type":"Feature","properties":{"i":0.04},"geometry":{"type":"Point","coordinates":[53.7561,24.99602]}},{"type":"Feature","properties":{"i":0.14},"geometry":{"type":"Point","coordinates":[54.43726,24.99602]}},{"type":"Feature","properties":{"i":0.04},"geometry":{"type":"Point","coordinates":[53.55835,24.9761]}},{"type":"Feature","properties":{"i":0.08},"geometry":{"type":"Point","coordinates":[53.58032,24.9761]}},{"type":"Feature","properties":{"i":0.1},"geometry":{"type":"Point","coordinates":[53.60229,24.9761]}},{"type":"Feature","properties":{"i":0.14},"geometry":{"type":"Point","coordinates":[53.62427,24.9761]}},{"type":"Feature","properties":{"i":0.17},"geometry":{"type":"Point","coordinates":[53.64624,24.9761]}},{"type":"Feature","properties":{"i":0.22},"geometry":{"type":"Point","coordinates":[53.66821,24.9761]}},{"type":"Feature","properties":{"i":0.26},"geometry":{"type":"Point","coordinates":[53.69019,24.9761]}},{"type":"Feature","properties":{"i":0.28},"geometry":{"type":"Point","coordinates":[53.71216,24.9761]}},{"type":"Feature","properties":{"i":0.24},"geometry":{"type":"Point","coordinates":[53.73413,24.9761]}},{"type":"Feature","properties":{"i":0.22},"geometry":{"type":"Point","coordinates":[53.7561,24.9761]}},{"type":"Feature","properties":{"i":0.12},"geometry":{"type":"Point","coordinates":[53.77808,24.9761]}},{"type":"Feature","properties":{"i":0.08},"geometry":{"type":"Point","coordinates":[53.80005,24.9761]}},{"type":"Feature","properties":{"i":0.04},"geometry":{"type":"Point","coordinates":[53.5144,24.95618]}},{"type":"Feature","properties":{"i":0.07},"geometry":{"type":"Point","coordinates":[53.53638,24.95618]}},{"type":"Feature","properties":{"i":0.11},"geometry":{"type":"Point","coordinates":[53.55835,24.95618]}},{"type":"Feature","properties":{"i":0.12},"geometry":{"type":"Point","coordinates":[53.58032,24.95618]}},{"type":"Feature","properties":{"i":0.17},"geometry":{"type":"Point","coordinates":[53.60229,24.95618]}},{"type":"Feature","properties":{"i":0.23},"geometry":{"type":"Point","coordinates":[53.62427,24.95618]}},{"type":"Feature","properties":{"i":0.26},"geometry":{"type":"Point","coordinates":[53.64624,24.95618]}},{"type":"Feature","properties":{"i":0.34},"geometry":{"type":"Point","coordinates":[53.66821,24.95618]}},{"type":"Feature","properties":{"i":0.41},"geometry":{"type":"Point","coordinates":[53.69019,24.95618]}},{"type":"Feature","properties":{"i":0.42},"geometry":{"type":"Point","coordinates":[53.71216,24.95618]}},{"type":"Feature","properties":{"i":0.44},"geometry":{"type":"Point","coordinates":[53.73413,24.95618]}},{"type":"Feature","properties":{"i":0.33},"geometry":{"type":"Point","coordinates":[53.7561,24.95618]}},{"type":"Feature","properties":{"i":0.24},"geometry":{"type":"Point","coordinates":[53.77808,24.95618]}},{"type":"Feature","properties":{"i":0.11},"geometry":{"type":"Point","coordinates":[53.80005,24.95618]}},{"type":"Feature","properties":{"i":0.03},"geometry":{"type":"Point","coordinates":[53.82202,24.95618]}},{"type":"Feature","properties":{"i":0.02},"geometry":{"type":"Point","coordinates":[53.44849,24.93626]}},{"type":"Feature","properties":{"i":0.03},"geometry":{"type":"Point","coordinates":[53.47046,24.93626]}},{"type":"Feature","properties":{"i":0.04},"geometry":{"type":"Point","coordinates":[53.49243,24.93626]}},{"type":"Feature","properties":{"i":0.1},"geometry":{"type":"Point","coordinates":[53.5144,24.93626]}},{"type":"Feature","properties":{"i":0.14},"geometry":{"type":"Point","coordinates":[53.53638,24.93626]}},{"type":"Feature","properties":{"i":0.21},"geometry":{"type":"Point","coordinates":[53.55835,24.93626]}},{"type":"Feature","properties":{"i":0.23},"geometry":{"type":"Point","coordinates":[53.58032,24.93626]}},{"type":"Feature","properties":{"i":0.3},"geometry":{"type":"Point","coordinates":[53.60229,24.93626]}},{"type":"Feature","properties":{"i":0.34},"geometry":{"type":"Point","coordinates":[53.62427,24.93626]}},{"type":"Feature","properties":{"i":0.37},"geometry":{"type":"Point","coordinates":[53.64624,24.93626]}},{"type":"Feature","properties":{"i":0.5},"geometry":{"type":"Point","coordinates":[53.66821,24.93626]}},{"type":"Feature","properties":{"i":0.57},"geometry":{"type":"Point","coordinates":[53.69019,24.93626]}},{"type":"Feature","properties":{"i":0.77},"geometry":{"type":"Point","coordinates":[53.71216,24.93626]}},{"type":"Feature","properties":{"i":0.82},"geometry":{"type":"Point","coordinates":[53.73413,24.93626]}},{"type":"Feature","properties":{"i":0.63},"geometry":{"type":"Point","coordinates":[53.7561,24.93626]}},{"type":"Feature","properties":{"i":0.36},"geometry":{"type":"Point","coordinates":[53.77808,24.93626]}},{"type":"Feature","properties":{"i":0.22},"geometry":{"type":"Point","coordinates":[53.80005,24.93626]}},{"type":"Feature","properties":{"i":0.07},"geometry":{"type":"Point","coordinates":[53.82202,24.93626]}},{"type":"Feature","properties":{"i":0.09},"geometry":{"type":"Point","coordinates":[53.44849,24.91633]}},{"type":"Feature","properties":{"i":0.13},"geometry":{"type":"Point","coordinates":[53.47046,24.91633]}},{"type":"Feature","properties":{"i":0.19},"geometry":{"type":"Point","coordinates":[53.49243,24.91633]}},{"type":"Feature","properties":{"i":0.22},"geometry":{"type":"Point","coordinates":[53.5144,24.91633]}},{"type":"Feature","properties":{"i":0.22},"geometry":{"type":"Point","coordinates":[53.53638,24.91633]}},{"type":"Feature","properties":{"i":0.25},"geometry":{"type":"Point","coordinates":[53.55835,24.91633]}},{"type":"Feature","properties":{"i":0.33},"geometry":{"type":"Point","coordinates":[53.58032,24.91633]}},{"type":"Feature","properties":{"i":0.38},"geometry":{"type":"Point","coordinates":[53.60229,24.91633]}},{"type":"Feature","properties":{"i":0.43},"geometry":{"type":"Point","coordinates":[53.62427,24.91633]}},{"type":"Feature","properties":{"i":0.51},"geometry":{"type":"Point","coordinates":[53.64624,24.91633]}},{"type":"Feature","properties":{"i":0.58},"geometry":{"type":"Point","coordinates":[53.66821,24.91633]}},{"type":"Feature","properties":{"i":0.82},"geometry":{"type":"Point","coordinates":[53.69019,24.91633]}},{"type":"Feature","properties":{"i":1},"geometry":{"type":"Point","coordinates":[53.71216,24.91633]}},{"type":"Feature","properties":{"i":1},"geometry":{"type":"Point","coordinates":[53.73413,24.91633]}},{"type":"Feature","properties":{"i":1},"geometry":{"type":"Point","coordinates":[53.7561,24.91633]}},{"type":"Feature","properties":{"i":0.48},"geometry":{"type":"Point","coordinates":[53.77808,24.91633]}},{"type":"Feature","properties":{"i":0.25},"geometry":{"type":"Point","coordinates":[53.80005,24.91633]}},{"type":"Feature","properties":{"i":0.13},"geometry":{"type":"Point","coordinates":[53.82202,24.91633]}},{"type":"Feature","properties":{"i":0.02},"geometry":{"type":"Point","coordinates":[53.84399,24.91633]}},{"type":"Feature","properties":{"i":0.24},"geometry":{"type":"Point","coordinates":[53.44849,24.8964]}},{"type":"Feature","properties":{"i":0.3},"geometry":{"type":"Point","coordinates":[53.47046,24.8964]}},{"type":"Feature","properties":{"i":0.4},"geometry":{"type":"Point","coordinates":[53.49243,24.8964]}},{"type":"Feature","properties":{"i":0.4},"geometry":{"type":"Point","coordinates":[53.5144,24.8964]}},{"type":"Feature","properties":{"i":0.4},"geometry":{"type":"Point","coordinates":[53.53638,24.8964]}},{"type":"Feature","properties":{"i":0.4},"geometry":{"type":"Point","coordinates":[53.55835,24.8964]}},{"type":"Feature","properties":{"i":0.46},"geometry":{"type":"Point","coordinates":[53.58032,24.8964]}},{"type":"Feature","properties":{"i":0.58},"geometry":{"type":"Point","coordinates":[53.60229,24.8964]}},{"type":"Feature","properties":{"i":0.64},"geometry":{"type":"Point","coordinates":[53.62427,24.8964]}},{"type":"Feature","properties":{"i":0.71},"geometry":{"type":"Point","coordinates":[53.64624,24.8964]}},{"type":"Feature","properties":{"i":0.81},"geometry":{"type":"Point","coordinates":[53.66821,24.8964]}},{"type":"Feature","properties":{"i":1},"geometry":{"type":"Point","coordinates":[53.69019,24.8964]}},{"type":"Feature","properties":{"i":1},"geometry":{"type":"Point","coordinates":[53.71216,24.8964]}},{"type":"Feature","properties":{"i":1},"geometry":{"type":"Point","coordinates":[53.73413,24.8964]}},{"type":"Feature","properties":{"i":1},"geometry":{"type":"Point","coordinates":[53.7561,24.8964]}},{"type":"Feature","properties":{"i":0.61},"geometry":{"type":"Point","coordinates":[53.77808,24.8964]}},{"type":"Feature","properties":{"i":0.36},"geometry":{"type":"Point","coordinates":[53.80005,24.8964]}},{"type":"Feature","properties":{"i":0.16},"geometry":{"type":"Point","coordinates":[53.82202,24.8964]}},{"type":"Feature","properties":{"i":0.05},"geometry":{"type":"Point","coordinates":[53.84399,24.8964]}},{"type":"Feature","properties":{"i":0.12},"geometry":{"type":"Point","coordinates":[54.83276,24.8964]}},{"type":"Feature","properties":{"i":0.33},"geometry":{"type":"Point","coordinates":[53.44849,24.87647]}},{"type":"Feature","properties":{"i":0.53},"geometry":{"type":"Point","coordinates":[53.47046,24.87647]}},{"type":"Feature","properties":{"i":0.62},"geometry":{"type":"Point","coordinates":[53.49243,24.87647]}},{"type":"Feature","properties":{"i":0.64},"geometry":{"type":"Point","coordinates":[53.5144,24.87647]}},{"type":"Feature","properties":{"i":0.54},"geometry":{"type":"Point","coordinates":[53.53638,24.87647]}},{"type":"Feature","properties":{"i":0.49},"geometry":{"type":"Point","coordinates":[53.55835,24.87647]}},{"type":"Feature","properties":{"i":0.61},"geometry":{"type":"Point","coordinates":[53.58032,24.87647]}},{"type":"Feature","properties":{"i":0.72},"geometry":{"type":"Point","coordinates":[53.60229,24.87647]}},{"type":"Feature","properties":{"i":0.89},"geometry":{"type":"Point","coordinates":[53.62427,24.87647]}},{"type":"Feature","properties":{"i":0.94},"geometry":{"type":"Point","coordinates":[53.64624,24.87647]}},{"type":"Feature","properties":{"i":0.98},"geometry":{"type":"Point","coordinates":[53.66821,24.87647]}},{"type":"Feature","properties":{"i":1},"geometry":{"type":"Point","coordinates":[53.69019,24.87647]}},{"type":"Feature","properties":{"i":0.84},"geometry":{"type":"Point","coordinates":[53.71216,24.87647]}},{"type":"Feature","properties":{"i":0.88},"geometry":{"type":"Point","coordinates":[53.73413,24.87647]}},{"type":"Feature","properties":{"i":0.69},"geometry":{"type":"Point","coordinates":[53.7561,24.87647]}},{"type":"Feature","properties":{"i":0.72},"geometry":{"type":"Point","coordinates":[53.77808,24.87647]}},{"type":"Feature","properties":{"i":0.31},"geometry":{"type":"Point","coordinates":[53.80005,24.87647]}},{"type":"Feature","properties":{"i":0.19},"geometry":{"type":"Point","coordinates":[53.82202,24.87647]}},{"type":"Feature","properties":{"i":0.08},"geometry":{"type":"Point","coordinates":[53.84399,24.87647]}},{"type":"Feature","properties":{"i":0.78},"geometry":{"type":"Point","coordinates":[54.83276,24.87647]}},{"type":"Feature","properties":{"i":0.48},"geometry":{"type":"Point","coordinates":[53.44849,24.85653]}},{"type":"Feature","properties":{"i":0.74},"geometry":{"type":"Point","coordinates":[53.47046,24.85653]}},{"type":"Feature","properties":{"i":1},"geometry":{"type":"Point","coordinates":[53.49243,24.85653]}},{"type":"Feature","properties":{"i":1},"geometry":{"type":"Point","coordinates":[53.5144,24.85653]}},{"type":"Feature","properties":{"i":0.79},"geometry":{"type":"Point","coordinates":[53.53638,24.85653]}},{"type":"Feature","properties":{"i":0.59},"geometry":{"type":"Point","coordinates":[53.55835,24.85653]}},{"type":"Feature","properties":{"i":0.75},"geometry":{"type":"Point","coordinates":[53.58032,24.85653]}},{"type":"Feature","properties":{"i":1},"geometry":{"type":"Point","coordinates":[53.60229,24.85653]}},{"type":"Feature","properties":{"i":1},"geometry":{"type":"Point","coordinates":[53.62427,24.85653]}},{"type":"Feature","properties":{"i":1},"geometry":{"type":"Point","coordinates":[53.64624,24.85653]}},{"type":"Feature","properties":{"i":1},"geometry":{"type":"Point","coordinates":[53.66821,24.85653]}},{"type":"Feature","properties":{"i":1},"geometry":{"type":"Point","coordinates":[53.69019,24.85653]}},{"type":"Feature","properties":{"i":0.8},"geometry":{"type":"Point","coordinates":[53.71216,24.85653]}},{"type":"Feature","properties":{"i":0.52},"geometry":{"type":"Point","coordinates":[53.73413,24.85653]}},{"type":"Feature","properties":{"i":0.42},"geometry":{"type":"Point","coordinates":[53.7561,24.85653]}},{"type":"Feature","properties":{"i":0.31},"geometry":{"type":"Point","coordinates":[53.77808,24.85653]}},{"type":"Feature","properties":{"i":0.17},"geometry":{"type":"Point","coordinates":[53.80005,24.85653]}},{"type":"Feature","properties":{"i":0.09},"geometry":{"type":"Point","coordinates":[53.82202,24.85653]}},{"type":"Feature","properties":{"i":0.03},"geometry":{"type":"Point","coordinates":[53.84399,24.85653]}},{"type":"Feature","properties":{"i":0.03},"geometry":{"type":"Point","coordinates":[54.61304,24.85653]}},{"type":"Feature","properties":{"i":0.1},"geometry":{"type":"Point","coordinates":[54.63501,24.85653]}},{"type":"Feature","properties":{"i":0.17},"geometry":{"type":"Point","coordinates":[54.65698,24.85653]}},{"type":"Feature","properties":{"i":0.16},"geometry":{"type":"Point","coordinates":[54.67896,24.85653]}},{"type":"Feature","properties":{"i":0.05},"geometry":{"type":"Point","coordinates":[54.70093,24.85653]}},{"type":"Feature","properties":{"i":0.04},"geometry":{"type":"Point","coordinates":[54.7229,24.85653]}},{"type":"Feature","properties":{"i":0.11},"geometry":{"type":"Point","coordinates":[54.74487,24.85653]}},{"type":"Feature","properties":{"i":0.19},"geometry":{"type":"Point","coordinates":[54.76685,24.85653]}},{"type":"Feature","properties":{"i":0.42},"geometry":{"type":"Point","coordinates":[54.78882,24.85653]}},{"type":"Feature","properties":{"i":1},"geometry":{"type":"Point","coordinates":[54.81079,24.85653]}},{"type":"Feature","properties":{"i":0.33},"geometry":{"type":"Point","coordinates":[54.83276,24.85653]}},{"type":"Feature","properties":{"i":0.57},"geometry":{"type":"Point","coordinates":[53.44849,24.8366]}},{"type":"Feature","properties":{"i":0.98},"geometry":{"type":"Point","coordinates":[53.47046,24.8366]}},{"type":"Feature","properties":{"i":1},"geometry":{"type":"Point","coordinates":[53.49243,24.8366]}},{"type":"Feature","properties":{"i":1},"geometry":{"type":"Point","coordinates":[53.5144,24.8366]}},{"type":"Feature","properties":{"i":0.99},"geometry":{"type":"Point","coordinates":[53.53638,24.8366]}},{"type":"Feature","properties":{"i":0.63},"geometry":{"type":"Point","coordinates":[53.55835,24.8366]}},{"type":"Feature","properties":{"i":0.78},"geometry":{"type":"Point","coordinates":[53.58032,24.8366]}},{"type":"Feature","properties":{"i":1},"geometry":{"type":"Point","coordinates":[53.60229,24.8366]}},{"type":"Feature","properties":{"i":1},"geometry":{"type":"Point","coordinates":[53.62427,24.8366]}},{"type":"Feature","properties":{"i":1},"geometry":{"type":"Point","coordinates":[53.64624,24.8366]}},{"type":"Feature","properties":{"i":1},"geometry":{"type":"Point","coordinates":[53.66821,24.8366]}},{"type":"Feature","properties":{"i":1},"geometry":{"type":"Point","coordinates":[53.69019,24.8366]}},{"type":"Feature","properties":{"i":0.9},"geometry":{"type":"Point","coordinates":[53.71216,24.8366]}},{"type":"Feature","properties":{"i":0.58},"geometry":{"type":"Point","coordinates":[53.73413,24.8366]}},{"type":"Feature","properties":{"i":0.33},"geometry":{"type":"Point","coordinates":[53.7561,24.8366]}},{"type":"Feature","properties":{"i":0.4},"geometry":{"type":"Point","coordinates":[53.77808,24.8366]}},{"type":"Feature","properties":{"i":0.16},"geometry":{"type":"Point","coordinates":[53.80005,24.8366]}},{"type":"Feature","properties":{"i":0.05},"geometry":{"type":"Point","coordinates":[53.82202,24.8366]}},{"type":"Feature","properties":{"i":0.09},"geometry":{"type":"Point","coordinates":[54.61304,24.8366]}},{"type":"Feature","properties":{"i":0.64},"geometry":{"type":"Point","coordinates":[54.63501,24.8366]}},{"type":"Feature","properties":{"i":0.65},"geometry":{"type":"Point","coordinates":[54.65698,24.8366]}},{"type":"Feature","properties":{"i":0.42},"geometry":{"type":"Point","coordinates":[54.67896,24.8366]}},{"type":"Feature","properties":{"i":0.26},"geometry":{"type":"Point","coordinates":[54.70093,24.8366]}},{"type":"Feature","properties":{"i":0.13},"geometry":{"type":"Point","coordinates":[54.7229,24.8366]}},{"type":"Feature","properties":{"i":0.22},"geometry":{"type":"Point","coordinates":[54.74487,24.8366]}},{"type":"Feature","properties":{"i":0.61},"geometry":{"type":"Point","coordinates":[54.76685,24.8366]}},{"type":"Feature","properties":{"i":0.63},"geometry":{"type":"Point","coordinates":[54.78882,24.8366]}},{"type":"Feature","properties":{"i":0.53},"geometry":{"type":"Point","coordinates":[54.81079,24.8366]}},{"type":"Feature","properties":{"i":0.09},"geometry":{"type":"Point","coordinates":[54.83276,24.8366]}},{"type":"Feature","properties":{"i":0.46},"geometry":{"type":"Point","coordinates":[53.44849,24.81665]}},{"type":"Feature","properties":{"i":0.65},"geometry":{"type":"Point","coordinates":[53.47046,24.81665]}},{"type":"Feature","properties":{"i":1},"geometry":{"type":"Point","coordinates":[53.49243,24.81665]}},{"type":"Feature","properties":{"i":1},"geometry":{"type":"Point","coordinates":[53.5144,24.81665]}},{"type":"Feature","properties":{"i":0.86},"geometry":{"type":"Point","coordinates":[53.53638,24.81665]}},{"type":"Feature","properties":{"i":0.59},"geometry":{"type":"Point","coordinates":[53.55835,24.81665]}},{"type":"Feature","properties":{"i":0.84},"geometry":{"type":"Point","coordinates":[53.58032,24.81665]}},{"type":"Feature","properties":{"i":1},"geometry":{"type":"Point","coordinates":[53.60229,24.81665]}},{"type":"Feature","properties":{"i":1},"geometry":{"type":"Point","coordinates":[53.62427,24.81665]}},{"type":"Feature","properties":{"i":1},"geometry":{"type":"Point","coordinates":[53.64624,24.81665]}},{"type":"Feature","properties":{"i":1},"geometry":{"type":"Point","coordinates":[53.66821,24.81665]}},{"type":"Feature","properties":{"i":0.83},"geometry":{"type":"Point","coordinates":[53.69019,24.81665]}},{"type":"Feature","properties":{"i":0.63},"geometry":{"type":"Point","coordinates":[53.71216,24.81665]}},{"type":"Feature","properties":{"i":0.45},"geometry":{"type":"Point","coordinates":[53.73413,24.81665]}},{"type":"Feature","properties":{"i":0.3},"geometry":{"type":"Point","coordinates":[53.7561,24.81665]}},{"type":"Feature","properties":{"i":0.27},"geometry":{"type":"Point","coordinates":[53.77808,24.81665]}},{"type":"Feature","properties":{"i":0.17},"geometry":{"type":"Point","coordinates":[53.80005,24.81665]}},{"type":"Feature","properties":{"i":0.09},"geometry":{"type":"Point","coordinates":[53.82202,24.81665]}},{"type":"Feature","properties":{"i":0.05},"geometry":{"type":"Point","coordinates":[53.84399,24.81665]}},{"type":"Feature","properties":{"i":0.02},"geometry":{"type":"Point","coordinates":[53.86597,24.81665]}},{"type":"Feature","properties":{"i":0.03},"geometry":{"type":"Point","coordinates":[54.59106,24.81665]}},{"type":"Feature","properties":{"i":0.28},"geometry":{"type":"Point","coordinates":[54.61304,24.81665]}},{"type":"Feature","properties":{"i":1},"geometry":{"type":"Point","coordinates":[54.63501,24.81665]}},{"type":"Feature","properties":{"i":1},"geometry":{"type":"Point","coordinates":[54.65698,24.81665]}},{"type":"Feature","properties":{"i":1},"geometry":{"type":"Point","coordinates":[54.67896,24.81665]}},{"type":"Feature","properties":{"i":0.47},"geometry":{"type":"Point","coordinates":[54.70093,24.81665]}},{"type":"Feature","properties":{"i":0.49},"geometry":{"type":"Point","coordinates":[54.7229,24.81665]}},{"type":"Feature","properties":{"i":0.28},"geometry":{"type":"Point","coordinates":[54.74487,24.81665]}},{"type":"Feature","properties":{"i":0.13},"geometry":{"type":"Point","coordinates":[54.76685,24.81665]}},{"type":"Feature","properties":{"i":0.49},"geometry":{"type":"Point","coordinates":[54.78882,24.81665]}},{"type":"Feature","properties":{"i":0.64},"geometry":{"type":"Point","coordinates":[54.81079,24.81665]}},{"type":"Feature","properties":{"i":0.49},"geometry":{"type":"Point","coordinates":[54.83276,24.81665]}},{"type":"Feature","properties":{"i":0.27},"geometry":{"type":"Point","coordinates":[53.44849,24.79671]}},{"type":"Feature","properties":{"i":0.44},"geometry":{"type":"Point","coordinates":[53.47046,24.79671]}},{"type":"Feature","properties":{"i":0.44},"geometry":{"type":"Point","coordinates":[53.49243,24.79671]}},{"type":"Feature","properties":{"i":0.6},"geometry":{"type":"Point","coordinates":[53.5144,24.79671]}},{"type":"Feature","properties":{"i":0.53},"geometry":{"type":"Point","coordinates":[53.53638,24.79671]}},{"type":"Feature","properties":{"i":0.46},"geometry":{"type":"Point","coordinates":[53.55835,24.79671]}},{"type":"Feature","properties":{"i":0.53},"geometry":{"type":"Point","coordinates":[53.58032,24.79671]}},{"type":"Feature","properties":{"i":0.61},"geometry":{"type":"Point","coordinates":[53.60229,24.79671]}},{"type":"Feature","properties":{"i":0.82},"geometry":{"type":"Point","coordinates":[53.62427,24.79671]}},{"type":"Feature","properties":{"i":0.76},"geometry":{"type":"Point","coordinates":[53.64624,24.79671]}},{"type":"Feature","properties":{"i":0.69},"geometry":{"type":"Point","coordinates":[53.66821,24.79671]}},{"type":"Feature","properties":{"i":0.6},"geometry":{"type":"Point","coordinates":[53.69019,24.79671]}},{"type":"Feature","properties":{"i":1},"geometry":{"type":"Point","coordinates":[53.71216,24.79671]}},{"type":"Feature","properties":{"i":1},"geometry":{"type":"Point","coordinates":[53.73413,24.79671]}},{"type":"Feature","properties":{"i":0.28},"geometry":{"type":"Point","coordinates":[53.7561,24.79671]}},{"type":"Feature","properties":{"i":0.13},"geometry":{"type":"Point","coordinates":[53.77808,24.79671]}},{"type":"Feature","properties":{"i":0.04},"geometry":{"type":"Point","coordinates":[53.80005,24.79671]}},{"type":"Feature","properties":{"i":0.08},"geometry":{"type":"Point","coordinates":[54.59106,24.79671]}},{"type":"Feature","properties":{"i":0.38},"geometry":{"type":"Point","coordinates":[54.61304,24.79671]}},{"type":"Feature","properties":{"i":1},"geometry":{"type":"Point","coordinates":[54.63501,24.79671]}},{"type":"Feature","properties":{"i":1},"geometry":{"type":"Point","coordinates":[54.65698,24.79671]}},{"type":"Feature","properties":{"i":1},"geometry":{"type":"Point","coordinates":[54.67896,24.79671]}},{"type":"Feature","properties":{"i":1},"geometry":{"type":"Point","coordinates":[54.70093,24.79671]}},{"type":"Feature","properties":{"i":1},"geometry":{"type":"Point","coordinates":[54.7229,24.79671]}},{"type":"Feature","properties":{"i":0.61},"geometry":{"type":"Point","coordinates":[54.74487,24.79671]}},{"type":"Feature","properties":{"i":0.34},"geometry":{"type":"Point","coordinates":[54.76685,24.79671]}},{"type":"Feature","properties":{"i":0.52},"geometry":{"type":"Point","coordinates":[54.78882,24.79671]}},{"type":"Feature","properties":{"i":0.13},"geometry":{"type":"Point","coordinates":[54.81079,24.79671]}},{"type":"Feature","properties":{"i":0.48},"geometry":{"type":"Point","coordinates":[54.83276,24.79671]}},{"type":"Feature","properties":{"i":0.1},"geometry":{"type":"Point","coordinates":[53.44849,24.77676]}},{"type":"Feature","properties":{"i":0.18},"geometry":{"type":"Point","coordinates":[53.47046,24.77676]}},{"type":"Feature","properties":{"i":0.18},"geometry":{"type":"Point","coordinates":[53.49243,24.77676]}},{"type":"Feature","properties":{"i":0.29},"geometry":{"type":"Point","coordinates":[53.5144,24.77676]}},{"type":"Feature","properties":{"i":0.28},"geometry":{"type":"Point","coordinates":[53.53638,24.77676]}},{"type":"Feature","properties":{"i":0.28},"geometry":{"type":"Point","coordinates":[53.55835,24.77676]}},{"type":"Feature","properties":{"i":0.29},"geometry":{"type":"Point","coordinates":[53.58032,24.77676]}},{"type":"Feature","properties":{"i":0.35},"geometry":{"type":"Point","coordinates":[53.60229,24.77676]}},{"type":"Feature","properties":{"i":0.45},"geometry":{"type":"Point","coordinates":[53.62427,24.77676]}},{"type":"Feature","properties":{"i":0.45},"geometry":{"type":"Point","coordinates":[53.64624,24.77676]}},{"type":"Feature","properties":{"i":0.41},"geometry":{"type":"Point","coordinates":[53.66821,24.77676]}},{"type":"Feature","properties":{"i":0.36},"geometry":{"type":"Point","coordinates":[53.69019,24.77676]}},{"type":"Feature","properties":{"i":0.3},"geometry":{"type":"Point","coordinates":[53.71216,24.77676]}},{"type":"Feature","properties":{"i":0.26},"geometry":{"type":"Point","coordinates":[53.73413,24.77676]}},{"type":"Feature","properties":{"i":0.23},"geometry":{"type":"Point","coordinates":[53.7561,24.77676]}},{"type":"Feature","properties":{"i":0.05},"geometry":{"type":"Point","coordinates":[53.77808,24.77676]}},{"type":"Feature","properties":{"i":0.03},"geometry":{"type":"Point","coordinates":[53.80005,24.77676]}},{"type":"Feature","properties":{"i":0.04},"geometry":{"type":"Point","coordinates":[54.59106,24.77676]}},{"type":"Feature","properties":{"i":0.17},"geometry":{"type":"Point","coordinates":[54.61304,24.77676]}},{"type":"Feature","properties":{"i":0.45},"geometry":{"type":"Point","coordinates":[54.63501,24.77676]}},{"type":"Feature","properties":{"i":0.52},"geometry":{"type":"Point","coordinates":[54.65698,24.77676]}},{"type":"Feature","properties":{"i":1},"geometry":{"type":"Point","coordinates":[54.67896,24.77676]}},{"type":"Feature","properties":{"i":1},"geometry":{"type":"Point","coordinates":[54.70093,24.77676]}},{"type":"Feature","properties":{"i":1},"geometry":{"type":"Point","coordinates":[54.7229,24.77676]}},{"type":"Feature","properties":{"i":1},"geometry":{"type":"Point","coordinates":[54.74487,24.77676]}},{"type":"Feature","properties":{"i":0.78},"geometry":{"type":"Point","coordinates":[54.76685,24.77676]}},{"type":"Feature","properties":{"i":0.59},"geometry":{"type":"Point","coordinates":[54.78882,24.77676]}},{"type":"Feature","properties":{"i":0.18},"geometry":{"type":"Point","coordinates":[54.81079,24.77676]}},{"type":"Feature","properties":{"i":0.19},"geometry":{"type":"Point","coordinates":[54.83276,24.77676]}},{"type":"Feature","properties":{"i":0.02},"geometry":{"type":"Point","coordinates":[53.44849,24.75681]}},{"type":"Feature","properties":{"i":0.04},"geometry":{"type":"Point","coordinates":[53.47046,24.75681]}},{"type":"Feature","properties":{"i":0.09},"geometry":{"type":"Point","coordinates":[53.49243,24.75681]}},{"type":"Feature","properties":{"i":0.11},"geometry":{"type":"Point","coordinates":[53.5144,24.75681]}},{"type":"Feature","properties":{"i":0.17},"geometry":{"type":"Point","coordinates":[53.53638,24.75681]}},{"type":"Feature","properties":{"i":0.16},"geometry":{"type":"Point","coordinates":[53.55835,24.75681]}},{"type":"Feature","properties":{"i":0.19},"geometry":{"type":"Point","coordinates":[53.58032,24.75681]}},{"type":"Feature","properties":{"i":0.25},"geometry":{"type":"Point","coordinates":[53.60229,24.75681]}},{"type":"Feature","properties":{"i":0.26},"geometry":{"type":"Point","coordinates":[53.62427,24.75681]}},{"type":"Feature","properties":{"i":0.28},"geometry":{"type":"Point","coordinates":[53.64624,24.75681]}},{"type":"Feature","properties":{"i":0.28},"geometry":{"type":"Point","coordinates":[53.66821,24.75681]}},{"type":"Feature","properties":{"i":0.25},"geometry":{"type":"Point","coordinates":[53.69019,24.75681]}},{"type":"Feature","properties":{"i":0.24},"geometry":{"type":"Point","coordinates":[53.71216,24.75681]}},{"type":"Feature","properties":{"i":0.18},"geometry":{"type":"Point","coordinates":[53.73413,24.75681]}},{"type":"Feature","properties":{"i":0.1},"geometry":{"type":"Point","coordinates":[53.7561,24.75681]}},{"type":"Feature","properties":{"i":0.02},"geometry":{"type":"Point","coordinates":[53.77808,24.75681]}},{"type":"Feature","properties":{"i":0.15},"geometry":{"type":"Point","coordinates":[54.56909,24.75681]}},{"type":"Feature","properties":{"i":0.15},"geometry":{"type":"Point","coordinates":[54.59106,24.75681]}},{"type":"Feature","properties":{"i":0.11},"geometry":{"type":"Point","coordinates":[54.61304,24.75681]}},{"type":"Feature","properties":{"i":0.26},"geometry":{"type":"Point","coordinates":[54.63501,24.75681]}},{"type":"Feature","properties":{"i":0.5},"geometry":{"type":"Point","coordinates":[54.65698,24.75681]}},{"type":"Feature","properties":{"i":1},"geometry":{"type":"Point","coordinates":[54.67896,24.75681]}},{"type":"Feature","properties":{"i":1},"geometry":{"type":"Point","coordinates":[54.70093,24.75681]}},{"type":"Feature","properties":{"i":1},"geometry":{"type":"Point","coordinates":[54.7229,24.75681]}},{"type":"Feature","properties":{"i":1},"geometry":{"type":"Point","coordinates":[54.74487,24.75681]}},{"type":"Feature","properties":{"i":0.78},"geometry":{"type":"Point","coordinates":[54.76685,24.75681]}},{"type":"Feature","properties":{"i":0.63},"geometry":{"type":"Point","coordinates":[54.78882,24.75681]}},{"type":"Feature","properties":{"i":0.22},"geometry":{"type":"Point","coordinates":[54.81079,24.75681]}},{"type":"Feature","properties":{"i":0.82},"geometry":{"type":"Point","coordinates":[54.83276,24.75681]}},{"type":"Feature","properties":{"i":0.03},"geometry":{"type":"Point","coordinates":[53.53638,24.73685]}},{"type":"Feature","properties":{"i":0.05},"geometry":{"type":"Point","coordinates":[53.55835,24.73685]}},{"type":"Feature","properties":{"i":0.04},"geometry":{"type":"Point","coordinates":[53.58032,24.73685]}},{"type":"Feature","properties":{"i":0.09},"geometry":{"type":"Point","coordinates":[53.60229,24.73685]}},{"type":"Feature","properties":{"i":0.09},"geometry":{"type":"Point","coordinates":[53.62427,24.73685]}},{"type":"Feature","properties":{"i":0.19},"geometry":{"type":"Point","coordinates":[53.64624,24.73685]}},{"type":"Feature","properties":{"i":0.1},"geometry":{"type":"Point","coordinates":[53.66821,24.73685]}},{"type":"Feature","properties":{"i":0.11},"geometry":{"type":"Point","coordinates":[53.69019,24.73685]}},{"type":"Feature","properties":{"i":0.08},"geometry":{"type":"Point","coordinates":[53.71216,24.73685]}},{"type":"Feature","properties":{"i":0.07},"geometry":{"type":"Point","coordinates":[53.73413,24.73685]}},{"type":"Feature","properties":{"i":0.04},"geometry":{"type":"Point","coordinates":[53.7561,24.73685]}},{"type":"Feature","properties":{"i":0.14},"geometry":{"type":"Point","coordinates":[54.54712,24.73685]}},{"type":"Feature","properties":{"i":0.25},"geometry":{"type":"Point","coordinates":[54.56909,24.73685]}},{"type":"Feature","properties":{"i":0.17},"geometry":{"type":"Point","coordinates":[54.59106,24.73685]}},{"type":"Feature","properties":{"i":0.07},"geometry":{"type":"Point","coordinates":[54.61304,24.73685]}},{"type":"Feature","properties":{"i":0.18},"geometry":{"type":"Point","coordinates":[54.63501,24.73685]}},{"type":"Feature","properties":{"i":0.3},"geometry":{"type":"Point","coordinates":[54.65698,24.73685]}},{"type":"Feature","properties":{"i":0.99},"geometry":{"type":"Point","coordinates":[54.67896,24.73685]}},{"type":"Feature","properties":{"i":0.84},"geometry":{"type":"Point","coordinates":[54.70093,24.73685]}},{"type":"Feature","properties":{"i":1},"geometry":{"type":"Point","coordinates":[54.7229,24.73685]}},{"type":"Feature","properties":{"i":1},"geometry":{"type":"Point","coordinates":[54.74487,24.73685]}},{"type":"Feature","properties":{"i":0.68},"geometry":{"type":"Point","coordinates":[54.76685,24.73685]}},{"type":"Feature","properties":{"i":0.6},"geometry":{"type":"Point","coordinates":[54.78882,24.73685]}},{"type":"Feature","properties":{"i":0.74},"geometry":{"type":"Point","coordinates":[54.81079,24.73685]}},{"type":"Feature","properties":{"i":0.99},"geometry":{"type":"Point","coordinates":[54.83276,24.73685]}},{"type":"Feature","properties":{"i":0.03},"geometry":{"type":"Point","coordinates":[53.62427,24.7169]}},{"type":"Feature","properties":{"i":0.04},"geometry":{"type":"Point","coordinates":[53.64624,24.7169]}},{"type":"Feature","properties":{"i":0.04},"geometry":{"type":"Point","coordinates":[53.66821,24.7169]}},{"type":"Feature","properties":{"i":0.03},"geometry":{"type":"Point","coordinates":[53.69019,24.7169]}},{"type":"Feature","properties":{"i":0.02},"geometry":{"type":"Point","coordinates":[53.71216,24.7169]}},{"type":"Feature","properties":{"i":0.11},"geometry":{"type":"Point","coordinates":[54.15161,24.7169]}},{"type":"Feature","properties":{"i":0.11},"geometry":{"type":"Point","coordinates":[54.17358,24.7169]}},{"type":"Feature","properties":{"i":0.11},"geometry":{"type":"Point","coordinates":[54.19556,24.7169]}},{"type":"Feature","properties":{"i":0.45},"geometry":{"type":"Point","coordinates":[54.21753,24.7169]}},{"type":"Feature","properties":{"i":0.16},"geometry":{"type":"Point","coordinates":[54.52515,24.7169]}},{"type":"Feature","properties":{"i":0.48},"geometry":{"type":"Point","coordinates":[54.54712,24.7169]}},{"type":"Feature","properties":{"i":0.63},"geometry":{"type":"Point","coordinates":[54.56909,24.7169]}},{"type":"Feature","properties":{"i":0.25},"geometry":{"type":"Point","coordinates":[54.59106,24.7169]}},{"type":"Feature","properties":{"i":0.18},"geometry":{"type":"Point","coordinates":[54.61304,24.7169]}},{"type":"Feature","properties":{"i":0.38},"geometry":{"type":"Point","coordinates":[54.63501,24.7169]}},{"type":"Feature","properties":{"i":0.7},"geometry":{"type":"Point","coordinates":[54.65698,24.7169]}},{"type":"Feature","properties":{"i":0.77},"geometry":{"type":"Point","coordinates":[54.67896,24.7169]}},{"type":"Feature","properties":{"i":1},"geometry":{"type":"Point","coordinates":[54.70093,24.7169]}},{"type":"Feature","properties":{"i":1},"geometry":{"type":"Point","coordinates":[54.7229,24.7169]}},{"type":"Feature","properties":{"i":1},"geometry":{"type":"Point","coordinates":[54.74487,24.7169]}},{"type":"Feature","properties":{"i":0.75},"geometry":{"type":"Point","coordinates":[54.76685,24.7169]}},{"type":"Feature","properties":{"i":0.84},"geometry":{"type":"Point","coordinates":[54.78882,24.7169]}},{"type":"Feature","properties":{"i":1},"geometry":{"type":"Point","coordinates":[54.81079,24.7169]}},{"type":"Feature","properties":{"i":0.89},"geometry":{"type":"Point","coordinates":[54.83276,24.7169]}},{"type":"Feature","properties":{"i":0.27},"geometry":{"type":"Point","coordinates":[53.55835,24.69693]}},{"type":"Feature","properties":{"i":0.34},"geometry":{"type":"Point","coordinates":[53.64624,24.69693]}},{"type":"Feature","properties":{"i":0.34},"geometry":{"type":"Point","coordinates":[53.66821,24.69693]}},{"type":"Feature","properties":{"i":0.57},"geometry":{"type":"Point","coordinates":[54.52515,24.69693]}},{"type":"Feature","properties":{"i":0.11},"geometry":{"type":"Point","coordinates":[54.54712,24.69693]}},{"type":"Feature","properties":{"i":0.05},"geometry":{"type":"Point","coordinates":[54.61304,24.69693]}},{"type":"Feature","properties":{"i":0.65},"geometry":{"type":"Point","coordinates":[54.63501,24.69693]}},{"type":"Feature","properties":{"i":1},"geometry":{"type":"Point","coordinates":[54.65698,24.69693]}},{"type":"Feature","properties":{"i":1},"geometry":{"type":"Point","coordinates":[54.67896,24.69693]}},{"type":"Feature","properties":{"i":0.52},"geometry":{"type":"Point","coordinates":[54.70093,24.69693]}},{"type":"Feature","properties":{"i":1},"geometry":{"type":"Point","coordinates":[54.7229,24.69693]}},{"type":"Feature","properties":{"i":1},"geometry":{"type":"Point","coordinates":[54.74487,24.69693]}},{"type":"Feature","properties":{"i":1},"geometry":{"type":"Point","coordinates":[54.76685,24.69693]}},{"type":"Feature","properties":{"i":1},"geometry":{"type":"Point","coordinates":[54.78882,24.69693]}},{"type":"Feature","properties":{"i":0.49},"geometry":{"type":"Point","coordinates":[54.81079,24.69693]}},{"type":"Feature","properties":{"i":1},"geometry":{"type":"Point","coordinates":[54.83276,24.69693]}},{"type":"Feature","properties":{"i":0.27},"geometry":{"type":"Point","coordinates":[53.55835,24.67697]}},{"type":"Feature","properties":{"i":0.1},"geometry":{"type":"Point","coordinates":[54.59106,24.67697]}},{"type":"Feature","properties":{"i":0.47},"geometry":{"type":"Point","coordinates":[54.61304,24.67697]}},{"type":"Feature","properties":{"i":0.26},"geometry":{"type":"Point","coordinates":[54.63501,24.67697]}},{"type":"Feature","properties":{"i":0.52},"geometry":{"type":"Point","coordinates":[54.65698,24.67697]}},{"type":"Feature","properties":{"i":1},"geometry":{"type":"Point","coordinates":[54.67896,24.67697]}},{"type":"Feature","properties":{"i":1},"geometry":{"type":"Point","coordinates":[54.70093,24.67697]}},{"type":"Feature","properties":{"i":1},"geometry":{"type":"Point","coordinates":[54.7229,24.67697]}},{"type":"Feature","properties":{"i":1},"geometry":{"type":"Point","coordinates":[54.74487,24.67697]}},{"type":"Feature","properties":{"i":1},"geometry":{"type":"Point","coordinates":[54.76685,24.67697]}},{"type":"Feature","properties":{"i":1},"geometry":{"type":"Point","coordinates":[54.78882,24.67697]}},{"type":"Feature","properties":{"i":1},"geometry":{"type":"Point","coordinates":[54.81079,24.67697]}},{"type":"Feature","properties":{"i":1},"geometry":{"type":"Point","coordinates":[54.83276,24.67697]}},{"type":"Feature","properties":{"i":0.19},"geometry":{"type":"Point","coordinates":[54.50317,24.657]}},{"type":"Feature","properties":{"i":0.37},"geometry":{"type":"Point","coordinates":[54.56909,24.657]}},{"type":"Feature","properties":{"i":0.03},"geometry":{"type":"Point","coordinates":[54.59106,24.657]}},{"type":"Feature","properties":{"i":0.09},"geometry":{"type":"Point","coordinates":[54.61304,24.657]}},{"type":"Feature","properties":{"i":0.22},"geometry":{"type":"Point","coordinates":[54.63501,24.657]}},{"type":"Feature","properties":{"i":0.73},"geometry":{"type":"Point","coordinates":[54.65698,24.657]}},{"type":"Feature","properties":{"i":1},"geometry":{"type":"Point","coordinates":[54.67896,24.657]}},{"type":"Feature","properties":{"i":1},"geometry":{"type":"Point","coordinates":[54.70093,24.657]}},{"type":"Feature","properties":{"i":1},"geometry":{"type":"Point","coordinates":[54.7229,24.657]}},{"type":"Feature","properties":{"i":1},"geometry":{"type":"Point","coordinates":[54.74487,24.657]}},{"type":"Feature","properties":{"i":1},"geometry":{"type":"Point","coordinates":[54.76685,24.657]}},{"type":"Feature","properties":{"i":1},"geometry":{"type":"Point","coordinates":[54.78882,24.657]}},{"type":"Feature","properties":{"i":1},"geometry":{"type":"Point","coordinates":[54.81079,24.657]}},{"type":"Feature","properties":{"i":0.47},"geometry":{"type":"Point","coordinates":[54.83276,24.657]}},{"type":"Feature","properties":{"i":0.1},"geometry":{"type":"Point","coordinates":[54.52515,24.63703]}},{"type":"Feature","properties":{"i":0.04},"geometry":{"type":"Point","coordinates":[54.54712,24.63703]}},{"type":"Feature","properties":{"i":0.02},"geometry":{"type":"Point","coordinates":[54.56909,24.63703]}},{"type":"Feature","properties":{"i":0.08},"geometry":{"type":"Point","coordinates":[54.59106,24.63703]}},{"type":"Feature","properties":{"i":0.13},"geometry":{"type":"Point","coordinates":[54.61304,24.63703]}},{"type":"Feature","properties":{"i":0.53},"geometry":{"type":"Point","coordinates":[54.63501,24.63703]}},{"type":"Feature","properties":{"i":1},"geometry":{"type":"Point","coordinates":[54.65698,24.63703]}},{"type":"Feature","properties":{"i":1},"geometry":{"type":"Point","coordinates":[54.67896,24.63703]}},{"type":"Feature","properties":{"i":1},"geometry":{"type":"Point","coordinates":[54.70093,24.63703]}},{"type":"Feature","properties":{"i":1},"geometry":{"type":"Point","coordinates":[54.7229,24.63703]}},{"type":"Feature","properties":{"i":1},"geometry":{"type":"Point","coordinates":[54.74487,24.63703]}},{"type":"Feature","properties":{"i":0.99},"geometry":{"type":"Point","coordinates":[54.76685,24.63703]}},{"type":"Feature","properties":{"i":1},"geometry":{"type":"Point","coordinates":[54.78882,24.63703]}},{"type":"Feature","properties":{"i":0.83},"geometry":{"type":"Point","coordinates":[54.81079,24.63703]}},{"type":"Feature","properties":{"i":0.4},"geometry":{"type":"Point","coordinates":[54.83276,24.63703]}},{"type":"Feature","properties":{"i":0.26},"geometry":{"type":"Point","coordinates":[54.4812,24.61706]}},{"type":"Feature","properties":{"i":0.29},"geometry":{"type":"Point","coordinates":[54.50317,24.61706]}},{"type":"Feature","properties":{"i":0.35},"geometry":{"type":"Point","coordinates":[54.52515,24.61706]}},{"type":"Feature","properties":{"i":0.17},"geometry":{"type":"Point","coordinates":[54.54712,24.61706]}},{"type":"Feature","properties":{"i":0.05},"geometry":{"type":"Point","coordinates":[54.56909,24.61706]}},{"type":"Feature","properties":{"i":0.07},"geometry":{"type":"Point","coordinates":[54.59106,24.61706]}},{"type":"Feature","properties":{"i":0.18},"geometry":{"type":"Point","coordinates":[54.61304,24.61706]}},{"type":"Feature","properties":{"i":0.88},"geometry":{"type":"Point","coordinates":[54.63501,24.61706]}},{"type":"Feature","properties":{"i":0.94},"geometry":{"type":"Point","coordinates":[54.65698,24.61706]}},{"type":"Feature","properties":{"i":0.95},"geometry":{"type":"Point","coordinates":[54.67896,24.61706]}},{"type":"Feature","properties":{"i":1},"geometry":{"type":"Point","coordinates":[54.70093,24.61706]}},{"type":"Feature","properties":{"i":1},"geometry":{"type":"Point","coordinates":[54.7229,24.61706]}},{"type":"Feature","properties":{"i":0.84},"geometry":{"type":"Point","coordinates":[54.74487,24.61706]}},{"type":"Feature","properties":{"i":1},"geometry":{"type":"Point","coordinates":[54.76685,24.61706]}},{"type":"Feature","properties":{"i":0.49},"geometry":{"type":"Point","coordinates":[54.78882,24.61706]}},{"type":"Feature","properties":{"i":0.58},"geometry":{"type":"Point","coordinates":[54.81079,24.61706]}},{"type":"Feature","properties":{"i":0.58},"geometry":{"type":"Point","coordinates":[54.83276,24.61706]}},{"type":"Feature","properties":{"i":0.03},"geometry":{"type":"Point","coordinates":[53.97583,24.59708]}},{"type":"Feature","properties":{"i":0.92},"geometry":{"type":"Point","coordinates":[54.15161,24.59708]}},{"type":"Feature","properties":{"i":0.12},"geometry":{"type":"Point","coordinates":[54.21753,24.59708]}},{"type":"Feature","properties":{"i":0.02},"geometry":{"type":"Point","coordinates":[54.37134,24.59708]}},{"type":"Feature","properties":{"i":0.03},"geometry":{"type":"Point","coordinates":[54.39331,24.59708]}},{"type":"Feature","properties":{"i":0.04},"geometry":{"type":"Point","coordinates":[54.41528,24.59708]}},{"type":"Feature","properties":{"i":0.08},"geometry":{"type":"Point","coordinates":[54.43726,24.59708]}},{"type":"Feature","properties":{"i":0.24},"geometry":{"type":"Point","coordinates":[54.45923,24.59708]}},{"type":"Feature","properties":{"i":0.37},"geometry":{"type":"Point","coordinates":[54.4812,24.59708]}},{"type":"Feature","properties":{"i":0.22},"geometry":{"type":"Point","coordinates":[54.50317,24.59708]}},{"type":"Feature","properties":{"i":0.58},"geometry":{"type":"Point","coordinates":[54.52515,24.59708]}},{"type":"Feature","properties":{"i":0.15},"geometry":{"type":"Point","coordinates":[54.54712,24.59708]}},{"type":"Feature","properties":{"i":0.28},"geometry":{"type":"Point","coordinates":[54.56909,24.59708]}},{"type":"Feature","properties":{"i":0.17},"geometry":{"type":"Point","coordinates":[54.59106,24.59708]}},{"type":"Feature","properties":{"i":0.23},"geometry":{"type":"Point","coordinates":[54.61304,24.59708]}},{"type":"Feature","properties":{"i":1},"geometry":{"type":"Point","coordinates":[54.63501,24.59708]}},{"type":"Feature","properties":{"i":1},"geometry":{"type":"Point","coordinates":[54.65698,24.59708]}},{"type":"Feature","properties":{"i":1},"geometry":{"type":"Point","coordinates":[54.67896,24.59708]}},{"type":"Feature","properties":{"i":1},"geometry":{"type":"Point","coordinates":[54.70093,24.59708]}},{"type":"Feature","properties":{"i":0.63},"geometry":{"type":"Point","coordinates":[54.7229,24.59708]}},{"type":"Feature","properties":{"i":1},"geometry":{"type":"Point","coordinates":[54.74487,24.59708]}},{"type":"Feature","properties":{"i":1},"geometry":{"type":"Point","coordinates":[54.76685,24.59708]}},{"type":"Feature","properties":{"i":0.8},"geometry":{"type":"Point","coordinates":[54.78882,24.59708]}},{"type":"Feature","properties":{"i":0.68},"geometry":{"type":"Point","coordinates":[54.81079,24.59708]}},{"type":"Feature","properties":{"i":0.7},"geometry":{"type":"Point","coordinates":[54.83276,24.59708]}},{"type":"Feature","properties":{"i":0.02},"geometry":{"type":"Point","coordinates":[53.97583,24.5771]}},{"type":"Feature","properties":{"i":0.09},"geometry":{"type":"Point","coordinates":[53.9978,24.5771]}},{"type":"Feature","properties":{"i":0.08},"geometry":{"type":"Point","coordinates":[54.01978,24.5771]}},{"type":"Feature","properties":{"i":0.08},"geometry":{"type":"Point","coordinates":[54.04175,24.5771]}},{"type":"Feature","properties":{"i":0.02},"geometry":{"type":"Point","coordinates":[54.06372,24.5771]}},{"type":"Feature","properties":{"i":0.13},"geometry":{"type":"Point","coordinates":[54.21753,24.5771]}},{"type":"Feature","properties":{"i":0.05},"geometry":{"type":"Point","coordinates":[54.32739,24.5771]}},{"type":"Feature","properties":{"i":0.11},"geometry":{"type":"Point","coordinates":[54.34937,24.5771]}},{"type":"Feature","properties":{"i":0.17},"geometry":{"type":"Point","coordinates":[54.37134,24.5771]}},{"type":"Feature","properties":{"i":0.21},"geometry":{"type":"Point","coordinates":[54.39331,24.5771]}},{"type":"Feature","properties":{"i":0.22},"geometry":{"type":"Point","coordinates":[54.41528,24.5771]}},{"type":"Feature","properties":{"i":0.33},"geometry":{"type":"Point","coordinates":[54.43726,24.5771]}},{"type":"Feature","properties":{"i":1},"geometry":{"type":"Point","coordinates":[54.45923,24.5771]}},{"type":"Feature","properties":{"i":0.87},"geometry":{"type":"Point","coordinates":[54.4812,24.5771]}},{"type":"Feature","properties":{"i":0.25},"geometry":{"type":"Point","coordinates":[54.50317,24.5771]}},{"type":"Feature","properties":{"i":0.7},"geometry":{"type":"Point","coordinates":[54.52515,24.5771]}},{"type":"Feature","properties":{"i":0.65},"geometry":{"type":"Point","coordinates":[54.54712,24.5771]}},{"type":"Feature","properties":{"i":0.41},"geometry":{"type":"Point","coordinates":[54.56909,24.5771]}},{"type":"Feature","properties":{"i":0.36},"geometry":{"type":"Point","coordinates":[54.59106,24.5771]}},{"type":"Feature","properties":{"i":0.67},"geometry":{"type":"Point","coordinates":[54.61304,24.5771]}},{"type":"Feature","properties":{"i":1},"geometry":{"type":"Point","coordinates":[54.63501,24.5771]}},{"type":"Feature","properties":{"i":1},"geometry":{"type":"Point","coordinates":[54.65698,24.5771]}},{"type":"Feature","properties":{"i":1},"geometry":{"type":"Point","coordinates":[54.67896,24.5771]}},{"type":"Feature","properties":{"i":1},"geometry":{"type":"Point","coordinates":[54.70093,24.5771]}},{"type":"Feature","properties":{"i":0.85},"geometry":{"type":"Point","coordinates":[54.7229,24.5771]}},{"type":"Feature","properties":{"i":1},"geometry":{"type":"Point","coordinates":[54.74487,24.5771]}},{"type":"Feature","properties":{"i":0.91},"geometry":{"type":"Point","coordinates":[54.76685,24.5771]}},{"type":"Feature","properties":{"i":0.61},"geometry":{"type":"Point","coordinates":[54.78882,24.5771]}},{"type":"Feature","properties":{"i":0.34},"geometry":{"type":"Point","coordinates":[54.81079,24.5771]}},{"type":"Feature","properties":{"i":0.8},"geometry":{"type":"Point","coordinates":[54.83276,24.5771]}},{"type":"Feature","properties":{"i":0.03},"geometry":{"type":"Point","coordinates":[53.95386,24.55712]}},{"type":"Feature","properties":{"i":0.19},"geometry":{"type":"Point","coordinates":[53.97583,24.55712]}},{"type":"Feature","properties":{"i":0.27},"geometry":{"type":"Point","coordinates":[53.9978,24.55712]}},{"type":"Feature","properties":{"i":0.33},"geometry":{"type":"Point","coordinates":[54.01978,24.55712]}},{"type":"Feature","properties":{"i":0.23},"geometry":{"type":"Point","coordinates":[54.04175,24.55712]}},{"type":"Feature","properties":{"i":0.19},"geometry":{"type":"Point","coordinates":[54.06372,24.55712]}},{"type":"Feature","properties":{"i":0.05},"geometry":{"type":"Point","coordinates":[54.08569,24.55712]}},{"type":"Feature","properties":{"i":0.07},"geometry":{"type":"Point","coordinates":[54.30542,24.55712]}},{"type":"Feature","properties":{"i":0.13},"geometry":{"type":"Point","coordinates":[54.32739,24.55712]}},{"type":"Feature","properties":{"i":0.28},"geometry":{"type":"Point","coordinates":[54.34937,24.55712]}},{"type":"Feature","properties":{"i":0.33},"geometry":{"type":"Point","coordinates":[54.37134,24.55712]}},{"type":"Feature","properties":{"i":0.45},"geometry":{"type":"Point","coordinates":[54.39331,24.55712]}},{"type":"Feature","properties":{"i":0.39},"geometry":{"type":"Point","coordinates":[54.41528,24.55712]}},{"type":"Feature","properties":{"i":0.97},"geometry":{"type":"Point","coordinates":[54.43726,24.55712]}},{"type":"Feature","properties":{"i":1},"geometry":{"type":"Point","coordinates":[54.45923,24.55712]}},{"type":"Feature","properties":{"i":0.53},"geometry":{"type":"Point","coordinates":[54.4812,24.55712]}},{"type":"Feature","properties":{"i":0.34},"geometry":{"type":"Point","coordinates":[54.50317,24.55712]}},{"type":"Feature","properties":{"i":0.38},"geometry":{"type":"Point","coordinates":[54.52515,24.55712]}},{"type":"Feature","properties":{"i":0.34},"geometry":{"type":"Point","coordinates":[54.54712,24.55712]}},{"type":"Feature","properties":{"i":0.41},"geometry":{"type":"Point","coordinates":[54.56909,24.55712]}},{"type":"Feature","properties":{"i":0.59},"geometry":{"type":"Point","coordinates":[54.59106,24.55712]}},{"type":"Feature","properties":{"i":0.72},"geometry":{"type":"Point","coordinates":[54.61304,24.55712]}},{"type":"Feature","properties":{"i":1},"geometry":{"type":"Point","coordinates":[54.63501,24.55712]}},{"type":"Feature","properties":{"i":0.99},"geometry":{"type":"Point","coordinates":[54.65698,24.55712]}},{"type":"Feature","properties":{"i":1},"geometry":{"type":"Point","coordinates":[54.67896,24.55712]}},{"type":"Feature","properties":{"i":1},"geometry":{"type":"Point","coordinates":[54.70093,24.55712]}},{"type":"Feature","properties":{"i":0.76},"geometry":{"type":"Point","coordinates":[54.7229,24.55712]}},{"type":"Feature","properties":{"i":1},"geometry":{"type":"Point","coordinates":[54.74487,24.55712]}},{"type":"Feature","properties":{"i":1},"geometry":{"type":"Point","coordinates":[54.76685,24.55712]}},{"type":"Feature","properties":{"i":0.92},"geometry":{"type":"Point","coordinates":[54.78882,24.55712]}},{"type":"Feature","properties":{"i":1},"geometry":{"type":"Point","coordinates":[54.81079,24.55712]}},{"type":"Feature","properties":{"i":1},"geometry":{"type":"Point","coordinates":[54.83276,24.55712]}},{"type":"Feature","properties":{"i":0.21},"geometry":{"type":"Point","coordinates":[53.82202,24.53713]}},{"type":"Feature","properties":{"i":0.15},"geometry":{"type":"Point","coordinates":[53.95386,24.53713]}},{"type":"Feature","properties":{"i":0.45},"geometry":{"type":"Point","coordinates":[53.97583,24.53713]}},{"type":"Feature","properties":{"i":0.72},"geometry":{"type":"Point","coordinates":[53.9978,24.53713]}},{"type":"Feature","properties":{"i":0.84},"geometry":{"type":"Point","coordinates":[54.01978,24.53713]}},{"type":"Feature","properties":{"i":0.6},"geometry":{"type":"Point","coordinates":[54.04175,24.53713]}},{"type":"Feature","properties":{"i":0.39},"geometry":{"type":"Point","coordinates":[54.06372,24.53713]}},{"type":"Feature","properties":{"i":0.14},"geometry":{"type":"Point","coordinates":[54.08569,24.53713]}},{"type":"Feature","properties":{"i":0.03},"geometry":{"type":"Point","coordinates":[54.10767,24.53713]}},{"type":"Feature","properties":{"i":0.5},"geometry":{"type":"Point","coordinates":[54.12964,24.53713]}},{"type":"Feature","properties":{"i":0.5},"geometry":{"type":"Point","coordinates":[54.15161,24.53713]}},{"type":"Feature","properties":{"i":0.07},"geometry":{"type":"Point","coordinates":[54.28345,24.53713]}},{"type":"Feature","properties":{"i":0.18},"geometry":{"type":"Point","coordinates":[54.30542,24.53713]}},{"type":"Feature","properties":{"i":0.3},"geometry":{"type":"Point","coordinates":[54.32739,24.53713]}},{"type":"Feature","properties":{"i":1},"geometry":{"type":"Point","coordinates":[54.34937,24.53713]}},{"type":"Feature","properties":{"i":1},"geometry":{"type":"Point","coordinates":[54.37134,24.53713]}},{"type":"Feature","properties":{"i":1},"geometry":{"type":"Point","coordinates":[54.39331,24.53713]}},{"type":"Feature","properties":{"i":1},"geometry":{"type":"Point","coordinates":[54.41528,24.53713]}},{"type":"Feature","properties":{"i":1},"geometry":{"type":"Point","coordinates":[54.43726,24.53713]}},{"type":"Feature","properties":{"i":1},"geometry":{"type":"Point","coordinates":[54.45923,24.53713]}},{"type":"Feature","properties":{"i":1},"geometry":{"type":"Point","coordinates":[54.4812,24.53713]}},{"type":"Feature","properties":{"i":1},"geometry":{"type":"Point","coordinates":[54.50317,24.53713]}},{"type":"Feature","properties":{"i":1},"geometry":{"type":"Point","coordinates":[54.52515,24.53713]}},{"type":"Feature","properties":{"i":0.92},"geometry":{"type":"Point","coordinates":[54.54712,24.53713]}},{"type":"Feature","properties":{"i":0.37},"geometry":{"type":"Point","coordinates":[54.56909,24.53713]}},{"type":"Feature","properties":{"i":0.38},"geometry":{"type":"Point","coordinates":[54.59106,24.53713]}},{"type":"Feature","properties":{"i":0.98},"geometry":{"type":"Point","coordinates":[54.61304,24.53713]}},{"type":"Feature","properties":{"i":1},"geometry":{"type":"Point","coordinates":[54.63501,24.53713]}},{"type":"Feature","properties":{"i":1},"geometry":{"type":"Point","coordinates":[54.65698,24.53713]}},{"type":"Feature","properties":{"i":1},"geometry":{"type":"Point","coordinates":[54.67896,24.53713]}},{"type":"Feature","properties":{"i":1},"geometry":{"type":"Point","coordinates":[54.70093,24.53713]}},{"type":"Feature","properties":{"i":0.74},"geometry":{"type":"Point","coordinates":[54.7229,24.53713]}},{"type":"Feature","properties":{"i":1},"geometry":{"type":"Point","coordinates":[54.74487,24.53713]}},{"type":"Feature","properties":{"i":1},"geometry":{"type":"Point","coordinates":[54.76685,24.53713]}},{"type":"Feature","properties":{"i":1},"geometry":{"type":"Point","coordinates":[54.78882,24.53713]}},{"type":"Feature","properties":{"i":0.88},"geometry":{"type":"Point","coordinates":[54.81079,24.53713]}},{"type":"Feature","properties":{"i":1},"geometry":{"type":"Point","coordinates":[54.83276,24.53713]}},{"type":"Feature","properties":{"i":0.02},"geometry":{"type":"Point","coordinates":[55.84351,25.79]}},{"type":"Feature","properties":{"i":0.05},"geometry":{"type":"Point","coordinates":[55.86548,25.79]}},{"type":"Feature","properties":{"i":0.17},"geometry":{"type":"Point","coordinates":[55.88745,25.79]}},{"type":"Feature","properties":{"i":0.28},"geometry":{"type":"Point","coordinates":[55.90942,25.79]}},{"type":"Feature","properties":{"i":1},"geometry":{"type":"Point","coordinates":[55.9314,25.79]}},{"type":"Feature","properties":{"i":1},"geometry":{"type":"Point","coordinates":[55.95337,25.79]}},{"type":"Feature","properties":{"i":1},"geometry":{"type":"Point","coordinates":[55.97534,25.79]}},{"type":"Feature","properties":{"i":1},"geometry":{"type":"Point","coordinates":[55.99731,25.79]}},{"type":"Feature","properties":{"i":1},"geometry":{"type":"Point","coordinates":[56.01929,25.79]}},{"type":"Feature","properties":{"i":1},"geometry":{"type":"Point","coordinates":[56.04126,25.79]}},{"type":"Feature","properties":{"i":0.35},"geometry":{"type":"Point","coordinates":[56.06323,25.79]}},{"type":"Feature","properties":{"i":0.16},"geometry":{"type":"Point","coordinates":[56.08521,25.79]}},{"type":"Feature","properties":{"i":0.14},"geometry":{"type":"Point","coordinates":[56.10718,25.79]}},{"type":"Feature","properties":{"i":0.02},"geometry":{"type":"Point","coordinates":[55.82153,25.77021]}},{"type":"Feature","properties":{"i":0.05},"geometry":{"type":"Point","coordinates":[55.84351,25.77021]}},{"type":"Feature","properties":{"i":0.13},"geometry":{"type":"Point","coordinates":[55.86548,25.77021]}},{"type":"Feature","properties":{"i":0.25},"geometry":{"type":"Point","coordinates":[55.88745,25.77021]}},{"type":"Feature","properties":{"i":1},"geometry":{"type":"Point","coordinates":[55.90942,25.77021]}},{"type":"Feature","properties":{"i":1},"geometry":{"type":"Point","coordinates":[55.9314,25.77021]}},{"type":"Feature","properties":{"i":1},"geometry":{"type":"Point","coordinates":[55.95337,25.77021]}},{"type":"Feature","properties":{"i":1},"geometry":{"type":"Point","coordinates":[55.97534,25.77021]}},{"type":"Feature","properties":{"i":1},"geometry":{"type":"Point","coordinates":[55.99731,25.77021]}},{"type":"Feature","properties":{"i":1},"geometry":{"type":"Point","coordinates":[56.01929,25.77021]}},{"type":"Feature","properties":{"i":1},"geometry":{"type":"Point","coordinates":[56.04126,25.77021]}},{"type":"Feature","properties":{"i":0.45},"geometry":{"type":"Point","coordinates":[56.06323,25.77021]}},{"type":"Feature","properties":{"i":0.11},"geometry":{"type":"Point","coordinates":[56.08521,25.77021]}},{"type":"Feature","properties":{"i":0.02},"geometry":{"type":"Point","coordinates":[56.10718,25.77021]}},{"type":"Feature","properties":{"i":0.03},"geometry":{"type":"Point","coordinates":[55.75562,25.75042]}},{"type":"Feature","properties":{"i":0.05},"geometry":{"type":"Point","coordinates":[55.77759,25.75042]}},{"type":"Feature","properties":{"i":0.1},"geometry":{"type":"Point","coordinates":[55.79956,25.75042]}},{"type":"Feature","properties":{"i":0.12},"geometry":{"type":"Point","coordinates":[55.82153,25.75042]}},{"type":"Feature","properties":{"i":0.17},"geometry":{"type":"Point","coordinates":[55.84351,25.75042]}},{"type":"Feature","properties":{"i":0.26},"geometry":{"type":"Point","coordinates":[55.86548,25.75042]}},{"type":"Feature","properties":{"i":1},"geometry":{"type":"Point","coordinates":[55.88745,25.75042]}},{"type":"Feature","properties":{"i":1},"geometry":{"type":"Point","coordinates":[55.90942,25.75042]}},{"type":"Feature","properties":{"i":1},"geometry":{"type":"Point","coordinates":[55.9314,25.75042]}},{"type":"Feature","properties":{"i":1},"geometry":{"type":"Point","coordinates":[55.95337,25.75042]}},{"type":"Feature","properties":{"i":1},"geometry":{"type":"Point","coordinates":[55.97534,25.75042]}},{"type":"Feature","properties":{"i":1},"geometry":{"type":"Point","coordinates":[55.99731,25.75042]}},{"type":"Feature","properties":{"i":1},"geometry":{"type":"Point","coordinates":[56.01929,25.75042]}},{"type":"Feature","properties":{"i":0.39},"geometry":{"type":"Point","coordinates":[56.04126,25.75042]}},{"type":"Feature","properties":{"i":0.18},"geometry":{"type":"Point","coordinates":[56.06323,25.75042]}},{"type":"Feature","properties":{"i":0.05},"geometry":{"type":"Point","coordinates":[56.08521,25.75042]}},{"type":"Feature","properties":{"i":0.05},"geometry":{"type":"Point","coordinates":[54.87671,25.73063]}},{"type":"Feature","properties":{"i":0.08},"geometry":{"type":"Point","coordinates":[55.73364,25.73063]}},{"type":"Feature","properties":{"i":0.11},"geometry":{"type":"Point","coordinates":[55.75562,25.73063]}},{"type":"Feature","properties":{"i":0.19},"geometry":{"type":"Point","coordinates":[55.77759,25.73063]}},{"type":"Feature","properties":{"i":0.23},"geometry":{"type":"Point","coordinates":[55.79956,25.73063]}},{"type":"Feature","properties":{"i":0.27},"geometry":{"type":"Point","coordinates":[55.82153,25.73063]}},{"type":"Feature","properties":{"i":0.92},"geometry":{"type":"Point","coordinates":[55.84351,25.73063]}},{"type":"Feature","properties":{"i":0.52},"geometry":{"type":"Point","coordinates":[55.86548,25.73063]}},{"type":"Feature","properties":{"i":1},"geometry":{"type":"Point","coordinates":[55.88745,25.73063]}},{"type":"Feature","properties":{"i":1},"geometry":{"type":"Point","coordinates":[55.90942,25.73063]}},{"type":"Feature","properties":{"i":1},"geometry":{"type":"Point","coordinates":[55.9314,25.73063]}},{"type":"Feature","properties":{"i":1},"geometry":{"type":"Point","coordinates":[55.95337,25.73063]}},{"type":"Feature","properties":{"i":1},"geometry":{"type":"Point","coordinates":[55.97534,25.73063]}},{"type":"Feature","properties":{"i":0.89},"geometry":{"type":"Point","coordinates":[55.99731,25.73063]}},{"type":"Feature","properties":{"i":0.84},"geometry":{"type":"Point","coordinates":[56.01929,25.73063]}},{"type":"Feature","properties":{"i":0.29},"geometry":{"type":"Point","coordinates":[56.04126,25.73063]}},{"type":"Feature","properties":{"i":0.11},"geometry":{"type":"Point","coordinates":[56.06323,25.73063]}},{"type":"Feature","properties":{"i":0.04},"geometry":{"type":"Point","coordinates":[56.08521,25.73063]}},{"type":"Feature","properties":{"i":0.05},"geometry":{"type":"Point","coordinates":[54.87671,25.71084]}},{"type":"Feature","properties":{"i":0.24},"geometry":{"type":"Point","coordinates":[55.07446,25.71084]}},{"type":"Feature","properties":{"i":0.02},"geometry":{"type":"Point","coordinates":[55.6897,25.71084]}},{"type":"Feature","properties":{"i":0.15},"geometry":{"type":"Point","coordinates":[55.71167,25.71084]}},{"type":"Feature","properties":{"i":0.41},"geometry":{"type":"Point","coordinates":[55.73364,25.71084]}},{"type":"Feature","properties":{"i":0.41},"geometry":{"type":"Point","coordinates":[55.75562,25.71084]}},{"type":"Feature","properties":{"i":1},"geometry":{"type":"Point","coordinates":[55.77759,25.71084]}},{"type":"Feature","properties":{"i":1},"geometry":{"type":"Point","coordinates":[55.79956,25.71084]}},{"type":"Feature","properties":{"i":1},"geometry":{"type":"Point","coordinates":[55.82153,25.71084]}},{"type":"Feature","properties":{"i":1},"geometry":{"type":"Point","coordinates":[55.84351,25.71084]}},{"type":"Feature","properties":{"i":1},"geometry":{"type":"Point","coordinates":[55.86548,25.71084]}},{"type":"Feature","properties":{"i":1},"geometry":{"type":"Point","coordinates":[55.88745,25.71084]}},{"type":"Feature","properties":{"i":1},"geometry":{"type":"Point","coordinates":[55.90942,25.71084]}},{"type":"Feature","properties":{"i":1},"geometry":{"type":"Point","coordinates":[55.9314,25.71084]}},{"type":"Feature","properties":{"i":1},"geometry":{"type":"Point","coordinates":[55.95337,25.71084]}},{"type":"Feature","properties":{"i":1},"geometry":{"type":"Point","coordinates":[55.97534,25.71084]}},{"type":"Feature","properties":{"i":1},"geometry":{"type":"Point","coordinates":[55.99731,25.71084]}},{"type":"Feature","properties":{"i":0.87},"geometry":{"type":"Point","coordinates":[56.01929,25.71084]}},{"type":"Feature","properties":{"i":0.22},"geometry":{"type":"Point","coordinates":[56.04126,25.71084]}},{"type":"Feature","properties":{"i":0.11},"geometry":{"type":"Point","coordinates":[56.06323,25.71084]}},{"type":"Feature","properties":{"i":0.02},"geometry":{"type":"Point","coordinates":[56.08521,25.71084]}},{"type":"Feature","properties":{"i":0.29},"geometry":{"type":"Point","coordinates":[55.11841,25.69104]}},{"type":"Feature","properties":{"i":0.08},"geometry":{"type":"Point","coordinates":[55.6897,25.69104]}},{"type":"Feature","properties":{"i":0.32},"geometry":{"type":"Point","coordinates":[55.71167,25.69104]}},{"type":"Feature","properties":{"i":1},"geometry":{"type":"Point","coordinates":[55.73364,25.69104]}},{"type":"Feature","properties":{"i":1},"geometry":{"type":"Point","coordinates":[55.75562,25.69104]}},{"type":"Feature","properties":{"i":1},"geometry":{"type":"Point","coordinates":[55.77759,25.69104]}},{"type":"Feature","properties":{"i":1},"geometry":{"type":"Point","coordinates":[55.79956,25.69104]}},{"type":"Feature","properties":{"i":1},"geometry":{"type":"Point","coordinates":[55.82153,25.69104]}},{"type":"Feature","properties":{"i":1},"geometry":{"type":"Point","coordinates":[55.84351,25.69104]}},{"type":"Feature","properties":{"i":1},"geometry":{"type":"Point","coordinates":[55.86548,25.69104]}},{"type":"Feature","properties":{"i":1},"geometry":{"type":"Point","coordinates":[55.88745,25.69104]}},{"type":"Feature","properties":{"i":1},"geometry":{"type":"Point","coordinates":[55.90942,25.69104]}},{"type":"Feature","properties":{"i":1},"geometry":{"type":"Point","coordinates":[55.9314,25.69104]}},{"type":"Feature","properties":{"i":1},"geometry":{"type":"Point","coordinates":[55.95337,25.69104]}},{"type":"Feature","properties":{"i":1},"geometry":{"type":"Point","coordinates":[55.97534,25.69104]}},{"type":"Feature","properties":{"i":1},"geometry":{"type":"Point","coordinates":[55.99731,25.69104]}},{"type":"Feature","properties":{"i":0.92},"geometry":{"type":"Point","coordinates":[56.01929,25.69104]}},{"type":"Feature","properties":{"i":0.24},"geometry":{"type":"Point","coordinates":[56.04126,25.69104]}},{"type":"Feature","properties":{"i":0.16},"geometry":{"type":"Point","coordinates":[56.06323,25.69104]}},{"type":"Feature","properties":{"i":0.02},"geometry":{"type":"Point","coordinates":[56.08521,25.69104]}},{"type":"Feature","properties":{"i":0.57},"geometry":{"type":"Point","coordinates":[55.09644,25.67124]}},{"type":"Feature","properties":{"i":0.11},"geometry":{"type":"Point","coordinates":[55.6897,25.67124]}},{"type":"Feature","properties":{"i":0.3},"geometry":{"type":"Point","coordinates":[55.71167,25.67124]}},{"type":"Feature","properties":{"i":1},"geometry":{"type":"Point","coordinates":[55.73364,25.67124]}},{"type":"Feature","properties":{"i":1},"geometry":{"type":"Point","coordinates":[55.75562,25.67124]}},{"type":"Feature","properties":{"i":1},"geometry":{"type":"Point","coordinates":[55.77759,25.67124]}},{"type":"Feature","properties":{"i":1},"geometry":{"type":"Point","coordinates":[55.79956,25.67124]}},{"type":"Feature","properties":{"i":1},"geometry":{"type":"Point","coordinates":[55.82153,25.67124]}},{"type":"Feature","properties":{"i":1},"geometry":{"type":"Point","coordinates":[55.84351,25.67124]}},{"type":"Feature","properties":{"i":1},"geometry":{"type":"Point","coordinates":[55.86548,25.67124]}},{"type":"Feature","properties":{"i":1},"geometry":{"type":"Point","coordinates":[55.88745,25.67124]}},{"type":"Feature","properties":{"i":0.91},"geometry":{"type":"Point","coordinates":[55.90942,25.67124]}},{"type":"Feature","properties":{"i":0.74},"geometry":{"type":"Point","coordinates":[55.9314,25.67124]}},{"type":"Feature","properties":{"i":1},"geometry":{"type":"Point","coordinates":[55.95337,25.67124]}},{"type":"Feature","properties":{"i":1},"geometry":{"type":"Point","coordinates":[55.97534,25.67124]}},{"type":"Feature","properties":{"i":1},"geometry":{"type":"Point","coordinates":[55.99731,25.67124]}},{"type":"Feature","properties":{"i":0.92},"geometry":{"type":"Point","coordinates":[56.01929,25.67124]}},{"type":"Feature","properties":{"i":0.15},"geometry":{"type":"Point","coordinates":[56.04126,25.67124]}},{"type":"Feature","properties":{"i":0.03},"geometry":{"type":"Point","coordinates":[56.06323,25.67124]}},{"type":"Feature","properties":{"i":0.12},"geometry":{"type":"Point","coordinates":[56.21704,25.67124]}},{"type":"Feature","properties":{"i":0.59},"geometry":{"type":"Point","coordinates":[56.23901,25.67124]}},{"type":"Feature","properties":{"i":0.11},"geometry":{"type":"Point","coordinates":[55.05249,25.65143]}},{"type":"Feature","properties":{"i":0.11},"geometry":{"type":"Point","coordinates":[55.07446,25.65143]}},{"type":"Feature","properties":{"i":0.57},"geometry":{"type":"Point","coordinates":[55.09644,25.65143]}},{"type":"Feature","properties":{"i":0.08},"geometry":{"type":"Point","coordinates":[55.6897,25.65143]}},{"type":"Feature","properties":{"i":0.22},"geometry":{"type":"Point","coordinates":[55.71167,25.65143]}},{"type":"Feature","properties":{"i":1},"geometry":{"type":"Point","coordinates":[55.73364,25.65143]}},{"type":"Feature","properties":{"i":1},"geometry":{"type":"Point","coordinates":[55.75562,25.65143]}},{"type":"Feature","properties":{"i":1},"geometry":{"type":"Point","coordinates":[55.77759,25.65143]}},{"type":"Feature","properties":{"i":1},"geometry":{"type":"Point","coordinates":[55.79956,25.65143]}},{"type":"Feature","properties":{"i":0.78},"geometry":{"type":"Point","coordinates":[55.82153,25.65143]}},{"type":"Feature","properties":{"i":0.98},"geometry":{"type":"Point","coordinates":[55.84351,25.65143]}},{"type":"Feature","properties":{"i":1},"geometry":{"type":"Point","coordinates":[55.86548,25.65143]}},{"type":"Feature","properties":{"i":1},"geometry":{"type":"Point","coordinates":[55.88745,25.65143]}},{"type":"Feature","properties":{"i":0.46},"geometry":{"type":"Point","coordinates":[55.90942,25.65143]}},{"type":"Feature","properties":{"i":0.61},"geometry":{"type":"Point","coordinates":[55.9314,25.65143]}},{"type":"Feature","properties":{"i":0.86},"geometry":{"type":"Point","coordinates":[55.95337,25.65143]}},{"type":"Feature","properties":{"i":0.99},"geometry":{"type":"Point","coordinates":[55.97534,25.65143]}},{"type":"Feature","properties":{"i":0.68},"geometry":{"type":"Point","coordinates":[55.99731,25.65143]}},{"type":"Feature","properties":{"i":0.39},"geometry":{"type":"Point","coordinates":[56.01929,25.65143]}},{"type":"Feature","properties":{"i":0.09},"geometry":{"type":"Point","coordinates":[56.04126,25.65143]}},{"type":"Feature","properties":{"i":0.02},"geometry":{"type":"Point","coordinates":[56.06323,25.65143]}},{"type":"Feature","properties":{"i":0.56},"geometry":{"type":"Point","coordinates":[56.10718,25.65143]}},{"type":"Feature","properties":{"i":0.67},"geometry":{"type":"Point","coordinates":[56.12915,25.65143]}},{"type":"Feature","properties":{"i":0.1},"geometry":{"type":"Point","coordinates":[56.21704,25.65143]}},{"type":"Feature","properties":{"i":0.71},"geometry":{"type":"Point","coordinates":[56.23901,25.65143]}},{"type":"Feature","properties":{"i":0.04},"geometry":{"type":"Point","coordinates":[54.98657,25.63162]}},{"type":"Feature","properties":{"i":0.04},"geometry":{"type":"Point","coordinates":[55.00854,25.63162]}},{"type":"Feature","properties":{"i":0.25},"geometry":{"type":"Point","coordinates":[55.05249,25.63162]}},{"type":"Feature","properties":{"i":0.02},"geometry":{"type":"Point","coordinates":[55.60181,25.63162]}},{"type":"Feature","properties":{"i":0.07},"geometry":{"type":"Point","coordinates":[55.62378,25.63162]}},{"type":"Feature","properties":{"i":0.22},"geometry":{"type":"Point","coordinates":[55.64575,25.63162]}},{"type":"Feature","properties":{"i":0.05},"geometry":{"type":"Point","coordinates":[55.66772,25.63162]}},{"type":"Feature","properties":{"i":0.63},"geometry":{"type":"Point","coordinates":[55.6897,25.63162]}},{"type":"Feature","properties":{"i":0.95},"geometry":{"type":"Point","coordinates":[55.71167,25.63162]}},{"type":"Feature","properties":{"i":0.69},"geometry":{"type":"Point","coordinates":[55.73364,25.63162]}},{"type":"Feature","properties":{"i":0.53},"geometry":{"type":"Point","coordinates":[55.75562,25.63162]}},{"type":"Feature","properties":{"i":0.75},"geometry":{"type":"Point","coordinates":[55.77759,25.63162]}},{"type":"Feature","properties":{"i":0.95},"geometry":{"type":"Point","coordinates":[55.79956,25.63162]}},{"type":"Feature","properties":{"i":0.95},"geometry":{"type":"Point","coordinates":[55.82153,25.63162]}},{"type":"Feature","properties":{"i":0.94},"geometry":{"type":"Point","coordinates":[55.84351,25.63162]}},{"type":"Feature","properties":{"i":0.72},"geometry":{"type":"Point","coordinates":[55.86548,25.63162]}},{"type":"Feature","properties":{"i":0.78},"geometry":{"type":"Point","coordinates":[55.88745,25.63162]}},{"type":"Feature","properties":{"i":0.4},"geometry":{"type":"Point","coordinates":[55.90942,25.63162]}},{"type":"Feature","properties":{"i":0.61},"geometry":{"type":"Point","coordinates":[55.9314,25.63162]}},{"type":"Feature","properties":{"i":0.86},"geometry":{"type":"Point","coordinates":[55.95337,25.63162]}},{"type":"Feature","properties":{"i":0.39},"geometry":{"type":"Point","coordinates":[55.97534,25.63162]}},{"type":"Feature","properties":{"i":1},"geometry":{"type":"Point","coordinates":[55.99731,25.63162]}},{"type":"Feature","properties":{"i":0.67},"geometry":{"type":"Point","coordinates":[56.01929,25.63162]}},{"type":"Feature","properties":{"i":0.12},"geometry":{"type":"Point","coordinates":[56.04126,25.63162]}},{"type":"Feature","properties":{"i":0.02},"geometry":{"type":"Point","coordinates":[56.06323,25.63162]}},{"type":"Feature","properties":{"i":0.54},"geometry":{"type":"Point","coordinates":[56.10718,25.63162]}},{"type":"Feature","properties":{"i":0.66},"geometry":{"type":"Point","coordinates":[56.12915,25.63162]}},{"type":"Feature","properties":{"i":0.3},"geometry":{"type":"Point","coordinates":[56.21704,25.63162]}},{"type":"Feature","properties":{"i":0.62},"geometry":{"type":"Point","coordinates":[56.23901,25.63162]}},{"type":"Feature","properties":{"i":0.66},"geometry":{"type":"Point","coordinates":[54.9646,25.61181]}},{"type":"Feature","properties":{"i":0.25},"geometry":{"type":"Point","coordinates":[55.05249,25.61181]}},{"type":"Feature","properties":{"i":0.25},"geometry":{"type":"Point","coordinates":[55.07446,25.61181]}},{"type":"Feature","properties":{"i":0.07},"geometry":{"type":"Point","coordinates":[55.55786,25.61181]}},{"type":"Feature","properties":{"i":0.08},"geometry":{"type":"Point","coordinates":[55.57983,25.61181]}},{"type":"Feature","properties":{"i":0.25},"geometry":{"type":"Point","coordinates":[55.60181,25.61181]}},{"type":"Feature","properties":{"i":0.96},"geometry":{"type":"Point","coordinates":[55.62378,25.61181]}},{"type":"Feature","properties":{"i":0.84},"geometry":{"type":"Point","coordinates":[55.64575,25.61181]}},{"type":"Feature","properties":{"i":0.31},"geometry":{"type":"Point","coordinates":[55.66772,25.61181]}},{"type":"Feature","properties":{"i":1},"geometry":{"type":"Point","coordinates":[55.6897,25.61181]}},{"type":"Feature","properties":{"i":0.79},"geometry":{"type":"Point","coordinates":[55.71167,25.61181]}},{"type":"Feature","properties":{"i":0.26},"geometry":{"type":"Point","coordinates":[55.73364,25.61181]}},{"type":"Feature","properties":{"i":0.29},"geometry":{"type":"Point","coordinates":[55.75562,25.61181]}},{"type":"Feature","properties":{"i":0.63},"geometry":{"type":"Point","coordinates":[55.77759,25.61181]}},{"type":"Feature","properties":{"i":0.72},"geometry":{"type":"Point","coordinates":[55.79956,25.61181]}},{"type":"Feature","properties":{"i":0.41},"geometry":{"type":"Point","coordinates":[55.82153,25.61181]}},{"type":"Feature","properties":{"i":0.84},"geometry":{"type":"Point","coordinates":[55.84351,25.61181]}},{"type":"Feature","properties":{"i":0.72},"geometry":{"type":"Point","coordinates":[55.86548,25.61181]}},{"type":"Feature","properties":{"i":0.7},"geometry":{"type":"Point","coordinates":[55.88745,25.61181]}},{"type":"Feature","properties":{"i":0.69},"geometry":{"type":"Point","coordinates":[55.90942,25.61181]}},{"type":"Feature","properties":{"i":1},"geometry":{"type":"Point","coordinates":[55.9314,25.61181]}},{"type":"Feature","properties":{"i":0.71},"geometry":{"type":"Point","coordinates":[55.95337,25.61181]}},{"type":"Feature","properties":{"i":0.61},"geometry":{"type":"Point","coordinates":[55.97534,25.61181]}},{"type":"Feature","properties":{"i":1},"geometry":{"type":"Point","coordinates":[55.99731,25.61181]}},{"type":"Feature","properties":{"i":0.79},"geometry":{"type":"Point","coordinates":[56.01929,25.61181]}},{"type":"Feature","properties":{"i":0.08},"geometry":{"type":"Point","coordinates":[56.04126,25.61181]}},{"type":"Feature","properties":{"i":0.02},"geometry":{"type":"Point","coordinates":[56.06323,25.61181]}},{"type":"Feature","properties":{"i":0.02},"geometry":{"type":"Point","coordinates":[56.08521,25.61181]}},{"type":"Feature","properties":{"i":0.46},"geometry":{"type":"Point","coordinates":[56.10718,25.61181]}},{"type":"Feature","properties":{"i":0.53},"geometry":{"type":"Point","coordinates":[56.12915,25.61181]}},{"type":"Feature","properties":{"i":0.1},"geometry":{"type":"Point","coordinates":[56.19507,25.61181]}},{"type":"Feature","properties":{"i":1},"geometry":{"type":"Point","coordinates":[56.21704,25.61181]}},{"type":"Feature","properties":{"i":1},"geometry":{"type":"Point","coordinates":[56.23901,25.61181]}},{"type":"Feature","properties":{"i":0.03},"geometry":{"type":"Point","coordinates":[54.98657,25.59199]}},{"type":"Feature","properties":{"i":0.04},"geometry":{"type":"Point","coordinates":[55.51392,25.59199]}},{"type":"Feature","properties":{"i":0.19},"geometry":{"type":"Point","coordinates":[55.53589,25.59199]}},{"type":"Feature","properties":{"i":0.85},"geometry":{"type":"Point","coordinates":[55.55786,25.59199]}},{"type":"Feature","properties":{"i":1},"geometry":{"type":"Point","coordinates":[55.57983,25.59199]}},{"type":"Feature","properties":{"i":0.25},"geometry":{"type":"Point","coordinates":[55.60181,25.59199]}},{"type":"Feature","properties":{"i":0.52},"geometry":{"type":"Point","coordinates":[55.62378,25.59199]}},{"type":"Feature","properties":{"i":0.75},"geometry":{"type":"Point","coordinates":[55.64575,25.59199]}},{"type":"Feature","properties":{"i":0.75},"geometry":{"type":"Point","coordinates":[55.66772,25.59199]}},{"type":"Feature","properties":{"i":0.65},"geometry":{"type":"Point","coordinates":[55.6897,25.59199]}},{"type":"Feature","properties":{"i":0.22},"geometry":{"type":"Point","coordinates":[55.71167,25.59199]}},{"type":"Feature","properties":{"i":0.15},"geometry":{"type":"Point","coordinates":[55.73364,25.59199]}},{"type":"Feature","properties":{"i":0.25},"geometry":{"type":"Point","coordinates":[55.75562,25.59199]}},{"type":"Feature","properties":{"i":0.57},"geometry":{"type":"Point","coordinates":[55.77759,25.59199]}},{"type":"Feature","properties":{"i":0.69},"geometry":{"type":"Point","coordinates":[55.79956,25.59199]}},{"type":"Feature","properties":{"i":0.68},"geometry":{"type":"Point","coordinates":[55.82153,25.59199]}},{"type":"Feature","properties":{"i":0.52},"geometry":{"type":"Point","coordinates":[55.84351,25.59199]}},{"type":"Feature","properties":{"i":0.51},"geometry":{"type":"Point","coordinates":[55.86548,25.59199]}},{"type":"Feature","properties":{"i":0.17},"geometry":{"type":"Point","coordinates":[55.88745,25.59199]}},{"type":"Feature","properties":{"i":0.16},"geometry":{"type":"Point","coordinates":[55.90942,25.59199]}},{"type":"Feature","properties":{"i":0.36},"geometry":{"type":"Point","coordinates":[55.9314,25.59199]}},{"type":"Feature","properties":{"i":0.71},"geometry":{"type":"Point","coordinates":[55.95337,25.59199]}},{"type":"Feature","properties":{"i":0.47},"geometry":{"type":"Point","coordinates":[55.97534,25.59199]}},{"type":"Feature","properties":{"i":0.72},"geometry":{"type":"Point","coordinates":[55.99731,25.59199]}},{"type":"Feature","properties":{"i":0.41},"geometry":{"type":"Point","coordinates":[56.01929,25.59199]}},{"type":"Feature","properties":{"i":0.4},"geometry":{"type":"Point","coordinates":[56.04126,25.59199]}},{"type":"Feature","properties":{"i":0.44},"geometry":{"type":"Point","coordinates":[56.06323,25.59199]}},{"type":"Feature","properties":{"i":0.27},"geometry":{"type":"Point","coordinates":[56.08521,25.59199]}},{"type":"Feature","properties":{"i":0.51},"geometry":{"type":"Point","coordinates":[56.10718,25.59199]}},{"type":"Feature","properties":{"i":0.5},"geometry":{"type":"Point","coordinates":[56.12915,25.59199]}},{"type":"Feature","properties":{"i":0.16},"geometry":{"type":"Point","coordinates":[56.19507,25.59199]}},{"type":"Feature","properties":{"i":0.92},"geometry":{"type":"Point","coordinates":[56.21704,25.59199]}},{"type":"Feature","properties":{"i":1},"geometry":{"type":"Point","coordinates":[56.23901,25.59199]}},{"type":"Feature","properties":{"i":0.09},"geometry":{"type":"Point","coordinates":[55.09644,25.57218]}},{"type":"Feature","properties":{"i":0.11},"geometry":{"type":"Point","coordinates":[55.29419,25.57218]}},{"type":"Feature","properties":{"i":0.12},"geometry":{"type":"Point","coordinates":[55.31616,25.57218]}},{"type":"Feature","properties":{"i":0.23},"geometry":{"type":"Point","coordinates":[55.33813,25.57218]}},{"type":"Feature","properties":{"i":0.23},"geometry":{"type":"Point","coordinates":[55.36011,25.57218]}},{"type":"Feature","properties":{"i":0.05},"geometry":{"type":"Point","coordinates":[55.49194,25.57218]}},{"type":"Feature","properties":{"i":0.12},"geometry":{"type":"Point","coordinates":[55.51392,25.57218]}},{"type":"Feature","properties":{"i":0.35},"geometry":{"type":"Point","coordinates":[55.53589,25.57218]}},{"type":"Feature","properties":{"i":1},"geometry":{"type":"Point","coordinates":[55.55786,25.57218]}},{"type":"Feature","properties":{"i":1},"geometry":{"type":"Point","coordinates":[55.57983,25.57218]}},{"type":"Feature","properties":{"i":0.25},"geometry":{"type":"Point","coordinates":[55.60181,25.57218]}},{"type":"Feature","properties":{"i":0.14},"geometry":{"type":"Point","coordinates":[55.62378,25.57218]}},{"type":"Feature","properties":{"i":0.78},"geometry":{"type":"Point","coordinates":[55.64575,25.57218]}},{"type":"Feature","properties":{"i":0.71},"geometry":{"type":"Point","coordinates":[55.66772,25.57218]}},{"type":"Feature","properties":{"i":0.51},"geometry":{"type":"Point","coordinates":[55.6897,25.57218]}},{"type":"Feature","properties":{"i":0.48},"geometry":{"type":"Point","coordinates":[55.71167,25.57218]}},{"type":"Feature","properties":{"i":0.46},"geometry":{"type":"Point","coordinates":[55.73364,25.57218]}},{"type":"Feature","properties":{"i":0.55},"geometry":{"type":"Point","coordinates":[55.75562,25.57218]}},{"type":"Feature","properties":{"i":0.37},"geometry":{"type":"Point","coordinates":[55.77759,25.57218]}},{"type":"Feature","properties":{"i":0.78},"geometry":{"type":"Point","coordinates":[55.79956,25.57218]}},{"type":"Feature","properties":{"i":0.45},"geometry":{"type":"Point","coordinates":[55.82153,25.57218]}},{"type":"Feature","properties":{"i":0.41},"geometry":{"type":"Point","coordinates":[55.84351,25.57218]}},{"type":"Feature","properties":{"i":0.39},"geometry":{"type":"Point","coordinates":[55.86548,25.57218]}},{"type":"Feature","properties":{"i":0.28},"geometry":{"type":"Point","coordinates":[55.88745,25.57218]}},{"type":"Feature","properties":{"i":0.28},"geometry":{"type":"Point","coordinates":[55.90942,25.57218]}},{"type":"Feature","properties":{"i":0.33},"geometry":{"type":"Point","coordinates":[55.9314,25.57218]}},{"type":"Feature","properties":{"i":0.78},"geometry":{"type":"Point","coordinates":[55.95337,25.57218]}},{"type":"Feature","properties":{"i":0.99},"geometry":{"type":"Point","coordinates":[55.97534,25.57218]}},{"type":"Feature","properties":{"i":1},"geometry":{"type":"Point","coordinates":[55.99731,25.57218]}},{"type":"Feature","properties":{"i":0.42},"geometry":{"type":"Point","coordinates":[56.01929,25.57218]}},{"type":"Feature","properties":{"i":0.72},"geometry":{"type":"Point","coordinates":[56.04126,25.57218]}},{"type":"Feature","properties":{"i":0.93},"geometry":{"type":"Point","coordinates":[56.06323,25.57218]}},{"type":"Feature","properties":{"i":0.93},"geometry":{"type":"Point","coordinates":[56.08521,25.57218]}},{"type":"Feature","properties":{"i":0.31},"geometry":{"type":"Point","coordinates":[56.10718,25.57218]}},{"type":"Feature","properties":{"i":0.44},"geometry":{"type":"Point","coordinates":[56.19507,25.57218]}},{"type":"Feature","properties":{"i":0.47},"geometry":{"type":"Point","coordinates":[56.21704,25.57218]}},{"type":"Feature","properties":{"i":1},"geometry":{"type":"Point","coordinates":[56.23901,25.57218]}},{"type":"Feature","properties":{"i":0.11},"geometry":{"type":"Point","coordinates":[54.92065,25.55235]}},{"type":"Feature","properties":{"i":0.02},"geometry":{"type":"Point","coordinates":[54.94263,25.55235]}},{"type":"Feature","properties":{"i":0.11},"geometry":{"type":"Point","coordinates":[54.9646,25.55235]}},{"type":"Feature","properties":{"i":0.11},"geometry":{"type":"Point","coordinates":[55.05249,25.55235]}},{"type":"Feature","properties":{"i":0.23},"geometry":{"type":"Point","coordinates":[55.33813,25.55235]}},{"type":"Feature","properties":{"i":0.23},"geometry":{"type":"Point","coordinates":[55.36011,25.55235]}},{"type":"Feature","properties":{"i":0.03},"geometry":{"type":"Point","coordinates":[55.38208,25.55235]}},{"type":"Feature","properties":{"i":0.02},"geometry":{"type":"Point","coordinates":[55.448,25.55235]}},{"type":"Feature","properties":{"i":0.04},"geometry":{"type":"Point","coordinates":[55.46997,25.55235]}},{"type":"Feature","properties":{"i":0.11},"geometry":{"type":"Point","coordinates":[55.49194,25.55235]}},{"type":"Feature","properties":{"i":0.26},"geometry":{"type":"Point","coordinates":[55.51392,25.55235]}},{"type":"Feature","properties":{"i":1},"geometry":{"type":"Point","coordinates":[55.53589,25.55235]}},{"type":"Feature","properties":{"i":1},"geometry":{"type":"Point","coordinates":[55.55786,25.55235]}},{"type":"Feature","properties":{"i":0.39},"geometry":{"type":"Point","coordinates":[55.57983,25.55235]}},{"type":"Feature","properties":{"i":0.25},"geometry":{"type":"Point","coordinates":[55.60181,25.55235]}},{"type":"Feature","properties":{"i":0.18},"geometry":{"type":"Point","coordinates":[55.62378,25.55235]}},{"type":"Feature","properties":{"i":0.78},"geometry":{"type":"Point","coordinates":[55.64575,25.55235]}},{"type":"Feature","properties":{"i":1},"geometry":{"type":"Point","coordinates":[55.66772,25.55235]}},{"type":"Feature","properties":{"i":1},"geometry":{"type":"Point","coordinates":[55.6897,25.55235]}},{"type":"Feature","properties":{"i":1},"geometry":{"type":"Point","coordinates":[55.71167,25.55235]}},{"type":"Feature","properties":{"i":1},"geometry":{"type":"Point","coordinates":[55.73364,25.55235]}},{"type":"Feature","properties":{"i":0.62},"geometry":{"type":"Point","coordinates":[55.75562,25.55235]}},{"type":"Feature","properties":{"i":0.64},"geometry":{"type":"Point","coordinates":[55.77759,25.55235]}},{"type":"Feature","properties":{"i":0.78},"geometry":{"type":"Point","coordinates":[55.79956,25.55235]}},{"type":"Feature","properties":{"i":0.22},"geometry":{"type":"Point","coordinates":[55.82153,25.55235]}},{"type":"Feature","properties":{"i":0.19},"geometry":{"type":"Point","coordinates":[55.84351,25.55235]}},{"type":"Feature","properties":{"i":0.42},"geometry":{"type":"Point","coordinates":[55.86548,25.55235]}},{"type":"Feature","properties":{"i":0.88},"geometry":{"type":"Point","coordinates":[55.88745,25.55235]}},{"type":"Feature","properties":{"i":0.53},"geometry":{"type":"Point","coordinates":[55.90942,25.55235]}},{"type":"Feature","properties":{"i":0.61},"geometry":{"type":"Point","coordinates":[55.9314,25.55235]}},{"type":"Feature","properties":{"i":1},"geometry":{"type":"Point","coordinates":[55.95337,25.55235]}},{"type":"Feature","properties":{"i":1},"geometry":{"type":"Point","coordinates":[55.97534,25.55235]}},{"type":"Feature","properties":{"i":1},"geometry":{"type":"Point","coordinates":[55.99731,25.55235]}},{"type":"Feature","properties":{"i":0.9},"geometry":{"type":"Point","coordinates":[56.01929,25.55235]}},{"type":"Feature","properties":{"i":0.98},"geometry":{"type":"Point","coordinates":[56.04126,25.55235]}},{"type":"Feature","properties":{"i":0.93},"geometry":{"type":"Point","coordinates":[56.06323,25.55235]}},{"type":"Feature","properties":{"i":0.93},"geometry":{"type":"Point","coordinates":[56.08521,25.55235]}},{"type":"Feature","properties":{"i":0.09},"geometry":{"type":"Point","coordinates":[56.10718,25.55235]}},{"type":"Feature","properties":{"i":0.02},"geometry":{"type":"Point","coordinates":[56.12915,25.55235]}},{"type":"Feature","properties":{"i":0.23},"geometry":{"type":"Point","coordinates":[56.15112,25.55235]}},{"type":"Feature","properties":{"i":0.56},"geometry":{"type":"Point","coordinates":[56.1731,25.55235]}},{"type":"Feature","properties":{"i":0.79},"geometry":{"type":"Point","coordinates":[56.19507,25.55235]}},{"type":"Feature","properties":{"i":0.68},"geometry":{"type":"Point","coordinates":[56.21704,25.55235]}},{"type":"Feature","properties":{"i":0.79},"geometry":{"type":"Point","coordinates":[56.23901,25.55235]}},{"type":"Feature","properties":{"i":0.27},"geometry":{"type":"Point","coordinates":[54.87671,25.53253]}},{"type":"Feature","properties":{"i":0.11},"geometry":{"type":"Point","coordinates":[54.92065,25.53253]}},{"type":"Feature","properties":{"i":0.11},"geometry":{"type":"Point","coordinates":[54.9646,25.53253]}},{"type":"Feature","properties":{"i":0.21},"geometry":{"type":"Point","coordinates":[55.33813,25.53253]}},{"type":"Feature","properties":{"i":0.19},"geometry":{"type":"Point","coordinates":[55.36011,25.53253]}},{"type":"Feature","properties":{"i":0.12},"geometry":{"type":"Point","coordinates":[55.38208,25.53253]}},{"type":"Feature","properties":{"i":0.08},"geometry":{"type":"Point","coordinates":[55.40405,25.53253]}},{"type":"Feature","properties":{"i":0.03},"geometry":{"type":"Point","coordinates":[55.42603,25.53253]}},{"type":"Feature","properties":{"i":0.05},"geometry":{"type":"Point","coordinates":[55.448,25.53253]}},{"type":"Feature","properties":{"i":0.11},"geometry":{"type":"Point","coordinates":[55.46997,25.53253]}},{"type":"Feature","properties":{"i":0.15},"geometry":{"type":"Point","coordinates":[55.49194,25.53253]}},{"type":"Feature","properties":{"i":0.33},"geometry":{"type":"Point","coordinates":[55.51392,25.53253]}},{"type":"Feature","properties":{"i":1},"geometry":{"type":"Point","coordinates":[55.53589,25.53253]}},{"type":"Feature","properties":{"i":1},"geometry":{"type":"Point","coordinates":[55.55786,25.53253]}},{"type":"Feature","properties":{"i":0.93},"geometry":{"type":"Point","coordinates":[55.57983,25.53253]}},{"type":"Feature","properties":{"i":0.54},"geometry":{"type":"Point","coordinates":[55.60181,25.53253]}},{"type":"Feature","properties":{"i":0.72},"geometry":{"type":"Point","coordinates":[55.62378,25.53253]}},{"type":"Feature","properties":{"i":0.74},"geometry":{"type":"Point","coordinates":[55.64575,25.53253]}},{"type":"Feature","properties":{"i":1},"geometry":{"type":"Point","coordinates":[55.66772,25.53253]}},{"type":"Feature","properties":{"i":1},"geometry":{"type":"Point","coordinates":[55.6897,25.53253]}},{"type":"Feature","properties":{"i":1},"geometry":{"type":"Point","coordinates":[55.71167,25.53253]}},{"type":"Feature","properties":{"i":0.86},"geometry":{"type":"Point","coordinates":[55.73364,25.53253]}},{"type":"Feature","properties":{"i":0.64},"geometry":{"type":"Point","coordinates":[55.75562,25.53253]}},{"type":"Feature","properties":{"i":0.61},"geometry":{"type":"Point","coordinates":[55.77759,25.53253]}},{"type":"Feature","properties":{"i":0.19},"geometry":{"type":"Point","coordinates":[55.79956,25.53253]}},{"type":"Feature","properties":{"i":0.08},"geometry":{"type":"Point","coordinates":[55.82153,25.53253]}},{"type":"Feature","properties":{"i":0.04},"geometry":{"type":"Point","coordinates":[55.84351,25.53253]}},{"type":"Feature","properties":{"i":0.02},"geometry":{"type":"Point","coordinates":[55.88745,25.53253]}},{"type":"Feature","properties":{"i":0.47},"geometry":{"type":"Point","coordinates":[55.90942,25.53253]}},{"type":"Feature","properties":{"i":0.71},"geometry":{"type":"Point","coordinates":[55.9314,25.53253]}},{"type":"Feature","properties":{"i":0.83},"geometry":{"type":"Point","coordinates":[55.95337,25.53253]}},{"type":"Feature","properties":{"i":0.7},"geometry":{"type":"Point","coordinates":[55.97534,25.53253]}},{"type":"Feature","properties":{"i":0.6},"geometry":{"type":"Point","coordinates":[55.99731,25.53253]}},{"type":"Feature","properties":{"i":1},"geometry":{"type":"Point","coordinates":[56.01929,25.53253]}},{"type":"Feature","properties":{"i":0.28},"geometry":{"type":"Point","coordinates":[56.04126,25.53253]}},{"type":"Feature","properties":{"i":0.36},"geometry":{"type":"Point","coordinates":[56.06323,25.53253]}},{"type":"Feature","properties":{"i":0.28},"geometry":{"type":"Point","coordinates":[56.08521,25.53253]}},{"type":"Feature","properties":{"i":0.53},"geometry":{"type":"Point","coordinates":[56.10718,25.53253]}},{"type":"Feature","properties":{"i":0.53},"geometry":{"type":"Point","coordinates":[56.12915,25.53253]}},{"type":"Feature","properties":{"i":0.53},"geometry":{"type":"Point","coordinates":[56.15112,25.53253]}},{"type":"Feature","properties":{"i":0.07},"geometry":{"type":"Point","coordinates":[56.1731,25.53253]}},{"type":"Feature","properties":{"i":0.38},"geometry":{"type":"Point","coordinates":[56.19507,25.53253]}},{"type":"Feature","properties":{"i":0.58},"geometry":{"type":"Point","coordinates":[56.21704,25.53253]}},{"type":"Feature","properties":{"i":0.56},"geometry":{"type":"Point","coordinates":[56.23901,25.53253]}},{"type":"Feature","properties":{"i":0.27},"geometry":{"type":"Point","coordinates":[54.87671,25.5127]}},{"type":"Feature","properties":{"i":0.51},"geometry":{"type":"Point","coordinates":[54.92065,25.5127]}},{"type":"Feature","properties":{"i":0.05},"geometry":{"type":"Point","coordinates":[55.09644,25.5127]}},{"type":"Feature","properties":{"i":0.05},"geometry":{"type":"Point","coordinates":[55.11841,25.5127]}},{"type":"Feature","properties":{"i":0.33},"geometry":{"type":"Point","coordinates":[55.25024,25.5127]}},{"type":"Feature","properties":{"i":0.02},"geometry":{"type":"Point","coordinates":[55.27222,25.5127]}},{"type":"Feature","properties":{"i":0.11},"geometry":{"type":"Point","coordinates":[55.38208,25.5127]}},{"type":"Feature","properties":{"i":0.04},"geometry":{"type":"Point","coordinates":[55.40405,25.5127]}},{"type":"Feature","properties":{"i":0.07},"geometry":{"type":"Point","coordinates":[55.42603,25.5127]}},{"type":"Feature","properties":{"i":0.13},"geometry":{"type":"Point","coordinates":[55.448,25.5127]}},{"type":"Feature","properties":{"i":0.19},"geometry":{"type":"Point","coordinates":[55.46997,25.5127]}},{"type":"Feature","properties":{"i":0.37},"geometry":{"type":"Point","coordinates":[55.49194,25.5127]}},{"type":"Feature","properties":{"i":0.45},"geometry":{"type":"Point","coordinates":[55.51392,25.5127]}},{"type":"Feature","properties":{"i":1},"geometry":{"type":"Point","coordinates":[55.53589,25.5127]}},{"type":"Feature","properties":{"i":1},"geometry":{"type":"Point","coordinates":[55.55786,25.5127]}},{"type":"Feature","properties":{"i":1},"geometry":{"type":"Point","coordinates":[55.57983,25.5127]}},{"type":"Feature","properties":{"i":1},"geometry":{"type":"Point","coordinates":[55.60181,25.5127]}},{"type":"Feature","properties":{"i":0.7},"geometry":{"type":"Point","coordinates":[55.62378,25.5127]}},{"type":"Feature","properties":{"i":0.36},"geometry":{"type":"Point","coordinates":[55.64575,25.5127]}},{"type":"Feature","properties":{"i":0.34},"geometry":{"type":"Point","coordinates":[55.66772,25.5127]}},{"type":"Feature","properties":{"i":0.8},"geometry":{"type":"Point","coordinates":[55.6897,25.5127]}},{"type":"Feature","properties":{"i":0.99},"geometry":{"type":"Point","coordinates":[55.71167,25.5127]}},{"type":"Feature","properties":{"i":0.86},"geometry":{"type":"Point","coordinates":[55.73364,25.5127]}},{"type":"Feature","properties":{"i":0.82},"geometry":{"type":"Point","coordinates":[55.75562,25.5127]}},{"type":"Feature","properties":{"i":0.19},"geometry":{"type":"Point","coordinates":[55.77759,25.5127]}},{"type":"Feature","properties":{"i":0.11},"geometry":{"type":"Point","coordinates":[55.79956,25.5127]}},{"type":"Feature","properties":{"i":0.03},"geometry":{"type":"Point","coordinates":[55.82153,25.5127]}},{"type":"Feature","properties":{"i":0.02},"geometry":{"type":"Point","coordinates":[55.84351,25.5127]}},{"type":"Feature","properties":{"i":0.47},"geometry":{"type":"Point","coordinates":[55.90942,25.5127]}},{"type":"Feature","properties":{"i":0.12},"geometry":{"type":"Point","coordinates":[55.9314,25.5127]}},{"type":"Feature","properties":{"i":0.47},"geometry":{"type":"Point","coordinates":[55.95337,25.5127]}},{"type":"Feature","properties":{"i":0.71},"geometry":{"type":"Point","coordinates":[55.97534,25.5127]}},{"type":"Feature","properties":{"i":0.68},"geometry":{"type":"Point","coordinates":[55.99731,25.5127]}},{"type":"Feature","properties":{"i":0.83},"geometry":{"type":"Point","coordinates":[56.01929,25.5127]}},{"type":"Feature","properties":{"i":0.21},"geometry":{"type":"Point","coordinates":[56.04126,25.5127]}},{"type":"Feature","properties":{"i":0.89},"geometry":{"type":"Point","coordinates":[56.06323,25.5127]}},{"type":"Feature","properties":{"i":0.89},"geometry":{"type":"Point","coordinates":[56.08521,25.5127]}},{"type":"Feature","properties":{"i":0.55},"geometry":{"type":"Point","coordinates":[56.10718,25.5127]}},{"type":"Feature","properties":{"i":0.03},"geometry":{"type":"Point","coordinates":[56.12915,25.5127]}},{"type":"Feature","properties":{"i":0.12},"geometry":{"type":"Point","coordinates":[56.1731,25.5127]}},{"type":"Feature","properties":{"i":0.27},"geometry":{"type":"Point","coordinates":[56.19507,25.5127]}},{"type":"Feature","properties":{"i":0.64},"geometry":{"type":"Point","coordinates":[56.21704,25.5127]}},{"type":"Feature","properties":{"i":0.38},"geometry":{"type":"Point","coordinates":[56.23901,25.5127]}},{"type":"Feature","properties":{"i":0.51},"geometry":{"type":"Point","coordinates":[54.92065,25.49287]}},{"type":"Feature","properties":{"i":0.04},"geometry":{"type":"Point","coordinates":[55.38208,25.49287]}},{"type":"Feature","properties":{"i":0.15},"geometry":{"type":"Point","coordinates":[55.40405,25.49287]}},{"type":"Feature","properties":{"i":0.15},"geometry":{"type":"Point","coordinates":[55.42603,25.49287]}},{"type":"Feature","properties":{"i":0.19},"geometry":{"type":"Point","coordinates":[55.448,25.49287]}},{"type":"Feature","properties":{"i":0.34},"geometry":{"type":"Point","coordinates":[55.46997,25.49287]}},{"type":"Feature","properties":{"i":0.52},"geometry":{"type":"Point","coordinates":[55.49194,25.49287]}},{"type":"Feature","properties":{"i":0.78},"geometry":{"type":"Point","coordinates":[55.51392,25.49287]}},{"type":"Feature","properties":{"i":1},"geometry":{"type":"Point","coordinates":[55.53589,25.49287]}},{"type":"Feature","properties":{"i":1},"geometry":{"type":"Point","coordinates":[55.55786,25.49287]}},{"type":"Feature","properties":{"i":1},"geometry":{"type":"Point","coordinates":[55.57983,25.49287]}},{"type":"Feature","properties":{"i":1},"geometry":{"type":"Point","coordinates":[55.60181,25.49287]}},{"type":"Feature","properties":{"i":1},"geometry":{"type":"Point","coordinates":[55.62378,25.49287]}},{"type":"Feature","properties":{"i":0.42},"geometry":{"type":"Point","coordinates":[55.64575,25.49287]}},{"type":"Feature","properties":{"i":0.73},"geometry":{"type":"Point","coordinates":[55.66772,25.49287]}},{"type":"Feature","properties":{"i":0.82},"geometry":{"type":"Point","coordinates":[55.6897,25.49287]}},{"type":"Feature","properties":{"i":0.71},"geometry":{"type":"Point","coordinates":[55.71167,25.49287]}},{"type":"Feature","properties":{"i":0.69},"geometry":{"type":"Point","coordinates":[55.73364,25.49287]}},{"type":"Feature","properties":{"i":0.27},"geometry":{"type":"Point","coordinates":[55.75562,25.49287]}},{"type":"Feature","properties":{"i":0.1},"geometry":{"type":"Point","coordinates":[55.77759,25.49287]}},{"type":"Feature","properties":{"i":0.07},"geometry":{"type":"Point","coordinates":[55.79956,25.49287]}},{"type":"Feature","properties":{"i":0.02},"geometry":{"type":"Point","coordinates":[55.9314,25.49287]}},{"type":"Feature","properties":{"i":0.36},"geometry":{"type":"Point","coordinates":[55.95337,25.49287]}},{"type":"Feature","properties":{"i":0.39},"geometry":{"type":"Point","coordinates":[55.97534,25.49287]}},{"type":"Feature","properties":{"i":0.33},"geometry":{"type":"Point","coordinates":[55.99731,25.49287]}},{"type":"Feature","properties":{"i":0.81},"geometry":{"type":"Point","coordinates":[56.01929,25.49287]}},{"type":"Feature","properties":{"i":0.81},"geometry":{"type":"Point","coordinates":[56.04126,25.49287]}},{"type":"Feature","properties":{"i":0.76},"geometry":{"type":"Point","coordinates":[56.06323,25.49287]}},{"type":"Feature","properties":{"i":0.76},"geometry":{"type":"Point","coordinates":[56.08521,25.49287]}},{"type":"Feature","properties":{"i":0.1},"geometry":{"type":"Point","coordinates":[56.12915,25.49287]}},{"type":"Feature","properties":{"i":0.25},"geometry":{"type":"Point","coordinates":[56.1731,25.49287]}},{"type":"Feature","properties":{"i":0.7},"geometry":{"type":"Point","coordinates":[56.19507,25.49287]}},{"type":"Feature","properties":{"i":0.7},"geometry":{"type":"Point","coordinates":[56.21704,25.49287]}},{"type":"Feature","properties":{"i":0.07},"geometry":{"type":"Point","coordinates":[56.23901,25.49287]}},{"type":"Feature","properties":{"i":0.04},"geometry":{"type":"Point","coordinates":[55.25024,25.47303]}},{"type":"Feature","properties":{"i":0.02},"geometry":{"type":"Point","coordinates":[55.31616,25.47303]}},{"type":"Feature","properties":{"i":0.02},"geometry":{"type":"Point","coordinates":[55.33813,25.47303]}},{"type":"Feature","properties":{"i":0.02},"geometry":{"type":"Point","coordinates":[55.36011,25.47303]}},{"type":"Feature","properties":{"i":0.09},"geometry":{"type":"Point","coordinates":[55.38208,25.47303]}},{"type":"Feature","properties":{"i":0.14},"geometry":{"type":"Point","coordinates":[55.40405,25.47303]}},{"type":"Feature","properties":{"i":0.21},"geometry":{"type":"Point","coordinates":[55.42603,25.47303]}},{"type":"Feature","properties":{"i":0.32},"geometry":{"type":"Point","coordinates":[55.448,25.47303]}},{"type":"Feature","properties":{"i":1},"geometry":{"type":"Point","coordinates":[55.46997,25.47303]}},{"type":"Feature","properties":{"i":1},"geometry":{"type":"Point","coordinates":[55.49194,25.47303]}},{"type":"Feature","properties":{"i":1},"geometry":{"type":"Point","coordinates":[55.51392,25.47303]}},{"type":"Feature","properties":{"i":1},"geometry":{"type":"Point","coordinates":[55.53589,25.47303]}},{"type":"Feature","properties":{"i":0.94},"geometry":{"type":"Point","coordinates":[55.55786,25.47303]}},{"type":"Feature","properties":{"i":1},"geometry":{"type":"Point","coordinates":[55.57983,25.47303]}},{"type":"Feature","properties":{"i":1},"geometry":{"type":"Point","coordinates":[55.60181,25.47303]}},{"type":"Feature","properties":{"i":1},"geometry":{"type":"Point","coordinates":[55.62378,25.47303]}},{"type":"Feature","properties":{"i":0.73},"geometry":{"type":"Point","coordinates":[55.64575,25.47303]}},{"type":"Feature","properties":{"i":0.73},"geometry":{"type":"Point","coordinates":[55.66772,25.47303]}},{"type":"Feature","properties":{"i":0.74},"geometry":{"type":"Point","coordinates":[55.6897,25.47303]}},{"type":"Feature","properties":{"i":0.78},"geometry":{"type":"Point","coordinates":[55.71167,25.47303]}},{"type":"Feature","properties":{"i":0.33},"geometry":{"type":"Point","coordinates":[55.73364,25.47303]}},{"type":"Feature","properties":{"i":0.13},"geometry":{"type":"Point","coordinates":[55.75562,25.47303]}},{"type":"Feature","properties":{"i":0.1},"geometry":{"type":"Point","coordinates":[55.77759,25.47303]}},{"type":"Feature","properties":{"i":0.03},"geometry":{"type":"Point","coordinates":[55.79956,25.47303]}},{"type":"Feature","properties":{"i":0.02},"geometry":{"type":"Point","coordinates":[55.90942,25.47303]}},{"type":"Feature","properties":{"i":0.05},"geometry":{"type":"Point","coordinates":[55.9314,25.47303]}},{"type":"Feature","properties":{"i":0.33},"geometry":{"type":"Point","coordinates":[55.95337,25.47303]}},{"type":"Feature","properties":{"i":0.7},"geometry":{"type":"Point","coordinates":[55.97534,25.47303]}},{"type":"Feature","properties":{"i":0.82},"geometry":{"type":"Point","coordinates":[55.99731,25.47303]}},{"type":"Feature","properties":{"i":0.54},"geometry":{"type":"Point","coordinates":[56.01929,25.47303]}},{"type":"Feature","properties":{"i":0.15},"geometry":{"type":"Point","coordinates":[56.04126,25.47303]}},{"type":"Feature","properties":{"i":0.1},"geometry":{"type":"Point","coordinates":[56.06323,25.47303]}},{"type":"Feature","properties":{"i":0.54},"geometry":{"type":"Point","coordinates":[56.08521,25.47303]}},{"type":"Feature","properties":{"i":0.76},"geometry":{"type":"Point","coordinates":[56.12915,25.47303]}},{"type":"Feature","properties":{"i":0.51},"geometry":{"type":"Point","coordinates":[56.15112,25.47303]}},{"type":"Feature","properties":{"i":0.94},"geometry":{"type":"Point","coordinates":[56.1731,25.47303]}},{"type":"Feature","properties":{"i":0.98},"geometry":{"type":"Point","coordinates":[56.19507,25.47303]}},{"type":"Feature","properties":{"i":0.25},"geometry":{"type":"Point","coordinates":[56.21704,25.47303]}},{"type":"Feature","properties":{"i":0.41},"geometry":{"type":"Point","coordinates":[55.05249,25.45319]}},{"type":"Feature","properties":{"i":0.03},"geometry":{"type":"Point","coordinates":[55.27222,25.45319]}},{"type":"Feature","properties":{"i":0.19},"geometry":{"type":"Point","coordinates":[55.29419,25.45319]}},{"type":"Feature","properties":{"i":0.18},"geometry":{"type":"Point","coordinates":[55.31616,25.45319]}},{"type":"Feature","properties":{"i":0.08},"geometry":{"type":"Point","coordinates":[55.33813,25.45319]}},{"type":"Feature","properties":{"i":0.13},"geometry":{"type":"Point","coordinates":[55.36011,25.45319]}},{"type":"Feature","properties":{"i":0.14},"geometry":{"type":"Point","coordinates":[55.38208,25.45319]}},{"type":"Feature","properties":{"i":0.19},"geometry":{"type":"Point","coordinates":[55.40405,25.45319]}},{"type":"Feature","properties":{"i":0.25},"geometry":{"type":"Point","coordinates":[55.42603,25.45319]}},{"type":"Feature","properties":{"i":0.36},"geometry":{"type":"Point","coordinates":[55.448,25.45319]}},{"type":"Feature","properties":{"i":1},"geometry":{"type":"Point","coordinates":[55.46997,25.45319]}},{"type":"Feature","properties":{"i":1},"geometry":{"type":"Point","coordinates":[55.49194,25.45319]}},{"type":"Feature","properties":{"i":1},"geometry":{"type":"Point","coordinates":[55.51392,25.45319]}},{"type":"Feature","properties":{"i":1},"geometry":{"type":"Point","coordinates":[55.53589,25.45319]}},{"type":"Feature","properties":{"i":1},"geometry":{"type":"Point","coordinates":[55.55786,25.45319]}},{"type":"Feature","properties":{"i":0.92},"geometry":{"type":"Point","coordinates":[55.57983,25.45319]}},{"type":"Feature","properties":{"i":1},"geometry":{"type":"Point","coordinates":[55.60181,25.45319]}},{"type":"Feature","properties":{"i":1},"geometry":{"type":"Point","coordinates":[55.62378,25.45319]}},{"type":"Feature","properties":{"i":0.53},"geometry":{"type":"Point","coordinates":[55.64575,25.45319]}},{"type":"Feature","properties":{"i":0.79},"geometry":{"type":"Point","coordinates":[55.66772,25.45319]}},{"type":"Feature","properties":{"i":0.69},"geometry":{"type":"Point","coordinates":[55.6897,25.45319]}},{"type":"Feature","properties":{"i":0.44},"geometry":{"type":"Point","coordinates":[55.71167,25.45319]}},{"type":"Feature","properties":{"i":0.31},"geometry":{"type":"Point","coordinates":[55.73364,25.45319]}},{"type":"Feature","properties":{"i":0.14},"geometry":{"type":"Point","coordinates":[55.75562,25.45319]}},{"type":"Feature","properties":{"i":0.08},"geometry":{"type":"Point","coordinates":[55.77759,25.45319]}},{"type":"Feature","properties":{"i":0.02},"geometry":{"type":"Point","coordinates":[55.79956,25.45319]}},{"type":"Feature","properties":{"i":0.03},"geometry":{"type":"Point","coordinates":[55.90942,25.45319]}},{"type":"Feature","properties":{"i":0.1},"geometry":{"type":"Point","coordinates":[55.9314,25.45319]}},{"type":"Feature","properties":{"i":1},"geometry":{"type":"Point","coordinates":[55.95337,25.45319]}},{"type":"Feature","properties":{"i":1},"geometry":{"type":"Point","coordinates":[55.97534,25.45319]}},{"type":"Feature","properties":{"i":0.83},"geometry":{"type":"Point","coordinates":[55.99731,25.45319]}},{"type":"Feature","properties":{"i":0.69},"geometry":{"type":"Point","coordinates":[56.01929,25.45319]}},{"type":"Feature","properties":{"i":0.29},"geometry":{"type":"Point","coordinates":[56.04126,25.45319]}},{"type":"Feature","properties":{"i":0.29},"geometry":{"type":"Point","coordinates":[56.06323,25.45319]}},{"type":"Feature","properties":{"i":0.72},"geometry":{"type":"Point","coordinates":[56.12915,25.45319]}},{"type":"Feature","properties":{"i":0.65},"geometry":{"type":"Point","coordinates":[56.15112,25.45319]}},{"type":"Feature","properties":{"i":0.66},"geometry":{"type":"Point","coordinates":[56.1731,25.45319]}},{"type":"Feature","properties":{"i":0.93},"geometry":{"type":"Point","coordinates":[56.19507,25.45319]}},{"type":"Feature","properties":{"i":0.15},"geometry":{"type":"Point","coordinates":[56.21704,25.45319]}},{"type":"Feature","properties":{"i":0.03},"geometry":{"type":"Point","coordinates":[55.03052,25.43335]}},{"type":"Feature","properties":{"i":0.41},"geometry":{"type":"Point","coordinates":[55.05249,25.43335]}},{"type":"Feature","properties":{"i":0.13},"geometry":{"type":"Point","coordinates":[55.27222,25.43335]}},{"type":"Feature","properties":{"i":0.46},"geometry":{"type":"Point","coordinates":[55.29419,25.43335]}},{"type":"Feature","properties":{"i":0.13},"geometry":{"type":"Point","coordinates":[55.31616,25.43335]}},{"type":"Feature","properties":{"i":0.13},"geometry":{"type":"Point","coordinates":[55.33813,25.43335]}},{"type":"Feature","properties":{"i":0.19},"geometry":{"type":"Point","coordinates":[55.36011,25.43335]}},{"type":"Feature","properties":{"i":0.23},"geometry":{"type":"Point","coordinates":[55.38208,25.43335]}},{"type":"Feature","properties":{"i":0.35},"geometry":{"type":"Point","coordinates":[55.40405,25.43335]}},{"type":"Feature","properties":{"i":0.48},"geometry":{"type":"Point","coordinates":[55.42603,25.43335]}},{"type":"Feature","properties":{"i":1},"geometry":{"type":"Point","coordinates":[55.448,25.43335]}},{"type":"Feature","properties":{"i":1},"geometry":{"type":"Point","coordinates":[55.46997,25.43335]}},{"type":"Feature","properties":{"i":1},"geometry":{"type":"Point","coordinates":[55.49194,25.43335]}},{"type":"Feature","properties":{"i":1},"geometry":{"type":"Point","coordinates":[55.51392,25.43335]}},{"type":"Feature","properties":{"i":1},"geometry":{"type":"Point","coordinates":[55.53589,25.43335]}},{"type":"Feature","properties":{"i":1},"geometry":{"type":"Point","coordinates":[55.55786,25.43335]}},{"type":"Feature","properties":{"i":1},"geometry":{"type":"Point","coordinates":[55.57983,25.43335]}},{"type":"Feature","properties":{"i":1},"geometry":{"type":"Point","coordinates":[55.60181,25.43335]}},{"type":"Feature","properties":{"i":0.88},"geometry":{"type":"Point","coordinates":[55.62378,25.43335]}},{"type":"Feature","properties":{"i":0.93},"geometry":{"type":"Point","coordinates":[55.64575,25.43335]}},{"type":"Feature","properties":{"i":0.93},"geometry":{"type":"Point","coordinates":[55.66772,25.43335]}},{"type":"Feature","properties":{"i":0.5},"geometry":{"type":"Point","coordinates":[55.6897,25.43335]}},{"type":"Feature","properties":{"i":0.55},"geometry":{"type":"Point","coordinates":[55.71167,25.43335]}},{"type":"Feature","properties":{"i":0.61},"geometry":{"type":"Point","coordinates":[55.73364,25.43335]}},{"type":"Feature","properties":{"i":0.53},"geometry":{"type":"Point","coordinates":[55.75562,25.43335]}},{"type":"Feature","properties":{"i":0.57},"geometry":{"type":"Point","coordinates":[55.77759,25.43335]}},{"type":"Feature","properties":{"i":0.33},"geometry":{"type":"Point","coordinates":[55.79956,25.43335]}},{"type":"Feature","properties":{"i":0.04},"geometry":{"type":"Point","coordinates":[55.82153,25.43335]}},{"type":"Feature","properties":{"i":0.02},"geometry":{"type":"Point","coordinates":[55.86548,25.43335]}},{"type":"Feature","properties":{"i":0.03},"geometry":{"type":"Point","coordinates":[55.88745,25.43335]}},{"type":"Feature","properties":{"i":0.11},"geometry":{"type":"Point","coordinates":[55.90942,25.43335]}},{"type":"Feature","properties":{"i":0.11},"geometry":{"type":"Point","coordinates":[55.9314,25.43335]}},{"type":"Feature","properties":{"i":1},"geometry":{"type":"Point","coordinates":[55.95337,25.43335]}},{"type":"Feature","properties":{"i":0.62},"geometry":{"type":"Point","coordinates":[55.97534,25.43335]}},{"type":"Feature","properties":{"i":0.72},"geometry":{"type":"Point","coordinates":[55.99731,25.43335]}},{"type":"Feature","properties":{"i":0.17},"geometry":{"type":"Point","coordinates":[56.01929,25.43335]}},{"type":"Feature","properties":{"i":1},"geometry":{"type":"Point","coordinates":[56.04126,25.43335]}},{"type":"Feature","properties":{"i":0.55},"geometry":{"type":"Point","coordinates":[56.06323,25.43335]}},{"type":"Feature","properties":{"i":0.15},"geometry":{"type":"Point","coordinates":[56.08521,25.43335]}},{"type":"Feature","properties":{"i":0.03},"geometry":{"type":"Point","coordinates":[56.10718,25.43335]}},{"type":"Feature","properties":{"i":0.76},"geometry":{"type":"Point","coordinates":[56.12915,25.43335]}},{"type":"Feature","properties":{"i":0.56},"geometry":{"type":"Point","coordinates":[56.15112,25.43335]}},{"type":"Feature","properties":{"i":0.21},"geometry":{"type":"Point","coordinates":[56.1731,25.43335]}},{"type":"Feature","properties":{"i":0.7},"geometry":{"type":"Point","coordinates":[56.19507,25.43335]}},{"type":"Feature","properties":{"i":0.16},"geometry":{"type":"Point","coordinates":[56.21704,25.43335]}},{"type":"Feature","properties":{"i":0.27},"geometry":{"type":"Point","coordinates":[55.00854,25.41351]}},{"type":"Feature","properties":{"i":0.27},"geometry":{"type":"Point","coordinates":[55.03052,25.41351]}},{"type":"Feature","properties":{"i":0.07},"geometry":{"type":"Point","coordinates":[55.16235,25.41351]}},{"type":"Feature","properties":{"i":0.11},"geometry":{"type":"Point","coordinates":[55.18433,25.41351]}},{"type":"Feature","properties":{"i":0.05},"geometry":{"type":"Point","coordinates":[55.2063,25.41351]}},{"type":"Feature","properties":{"i":0.05},"geometry":{"type":"Point","coordinates":[55.22827,25.41351]}},{"type":"Feature","properties":{"i":0.04},"geometry":{"type":"Point","coordinates":[55.27222,25.41351]}},{"type":"Feature","properties":{"i":0.13},"geometry":{"type":"Point","coordinates":[55.29419,25.41351]}},{"type":"Feature","properties":{"i":0.14},"geometry":{"type":"Point","coordinates":[55.31616,25.41351]}},{"type":"Feature","properties":{"i":0.16},"geometry":{"type":"Point","coordinates":[55.33813,25.41351]}},{"type":"Feature","properties":{"i":0.24},"geometry":{"type":"Point","coordinates":[55.36011,25.41351]}},{"type":"Feature","properties":{"i":0.33},"geometry":{"type":"Point","coordinates":[55.38208,25.41351]}},{"type":"Feature","properties":{"i":0.44},"geometry":{"type":"Point","coordinates":[55.40405,25.41351]}},{"type":"Feature","properties":{"i":1},"geometry":{"type":"Point","coordinates":[55.42603,25.41351]}},{"type":"Feature","properties":{"i":1},"geometry":{"type":"Point","coordinates":[55.448,25.41351]}},{"type":"Feature","properties":{"i":1},"geometry":{"type":"Point","coordinates":[55.46997,25.41351]}},{"type":"Feature","properties":{"i":1},"geometry":{"type":"Point","coordinates":[55.49194,25.41351]}},{"type":"Feature","properties":{"i":1},"geometry":{"type":"Point","coordinates":[55.51392,25.41351]}},{"type":"Feature","properties":{"i":1},"geometry":{"type":"Point","coordinates":[55.53589,25.41351]}},{"type":"Feature","properties":{"i":1},"geometry":{"type":"Point","coordinates":[55.55786,25.41351]}},{"type":"Feature","properties":{"i":1},"geometry":{"type":"Point","coordinates":[55.57983,25.41351]}},{"type":"Feature","properties":{"i":1},"geometry":{"type":"Point","coordinates":[55.60181,25.41351]}},{"type":"Feature","properties":{"i":0.97},"geometry":{"type":"Point","coordinates":[55.62378,25.41351]}},{"type":"Feature","properties":{"i":1},"geometry":{"type":"Point","coordinates":[55.64575,25.41351]}},{"type":"Feature","properties":{"i":0.86},"geometry":{"type":"Point","coordinates":[55.66772,25.41351]}},{"type":"Feature","properties":{"i":1},"geometry":{"type":"Point","coordinates":[55.6897,25.41351]}},{"type":"Feature","properties":{"i":1},"geometry":{"type":"Point","coordinates":[55.71167,25.41351]}},{"type":"Feature","properties":{"i":0.76},"geometry":{"type":"Point","coordinates":[55.73364,25.41351]}},{"type":"Feature","properties":{"i":0.52},"geometry":{"type":"Point","coordinates":[55.75562,25.41351]}},{"type":"Feature","properties":{"i":0.45},"geometry":{"type":"Point","coordinates":[55.77759,25.41351]}},{"type":"Feature","properties":{"i":0.58},"geometry":{"type":"Point","coordinates":[55.79956,25.41351]}},{"type":"Feature","properties":{"i":0.07},"geometry":{"type":"Point","coordinates":[55.82153,25.41351]}},{"type":"Feature","properties":{"i":0.09},"geometry":{"type":"Point","coordinates":[55.84351,25.41351]}},{"type":"Feature","properties":{"i":0.02},"geometry":{"type":"Point","coordinates":[55.86548,25.41351]}},{"type":"Feature","properties":{"i":0.09},"geometry":{"type":"Point","coordinates":[55.90942,25.41351]}},{"type":"Feature","properties":{"i":0.17},"geometry":{"type":"Point","coordinates":[55.9314,25.41351]}},{"type":"Feature","properties":{"i":0.31},"geometry":{"type":"Point","coordinates":[55.95337,25.41351]}},{"type":"Feature","properties":{"i":1},"geometry":{"type":"Point","coordinates":[55.97534,25.41351]}},{"type":"Feature","properties":{"i":1},"geometry":{"type":"Point","coordinates":[55.99731,25.41351]}},{"type":"Feature","properties":{"i":0.71},"geometry":{"type":"Point","coordinates":[56.01929,25.41351]}},{"type":"Feature","properties":{"i":0.82},"geometry":{"type":"Point","coordinates":[56.04126,25.41351]}},{"type":"Feature","properties":{"i":0.3},"geometry":{"type":"Point","coordinates":[56.06323,25.41351]}},{"type":"Feature","properties":{"i":0.19},"geometry":{"type":"Point","coordinates":[56.08521,25.41351]}},{"type":"Feature","properties":{"i":0.18},"geometry":{"type":"Point","coordinates":[56.10718,25.41351]}},{"type":"Feature","properties":{"i":0.02},"geometry":{"type":"Point","coordinates":[56.12915,25.41351]}},{"type":"Feature","properties":{"i":0.62},"geometry":{"type":"Point","coordinates":[56.15112,25.41351]}},{"type":"Feature","properties":{"i":0.78},"geometry":{"type":"Point","coordinates":[56.1731,25.41351]}},{"type":"Feature","properties":{"i":0.78},"geometry":{"type":"Point","coordinates":[56.19507,25.41351]}},{"type":"Feature","properties":{"i":0.22},"geometry":{"type":"Point","coordinates":[55.00854,25.39366]}},{"type":"Feature","properties":{"i":0.19},"geometry":{"type":"Point","coordinates":[55.03052,25.39366]}},{"type":"Feature","properties":{"i":0.16},"geometry":{"type":"Point","coordinates":[55.05249,25.39366]}},{"type":"Feature","properties":{"i":0.05},"geometry":{"type":"Point","coordinates":[55.2063,25.39366]}},{"type":"Feature","properties":{"i":0.03},"geometry":{"type":"Point","coordinates":[55.25024,25.39366]}},{"type":"Feature","properties":{"i":0.07},"geometry":{"type":"Point","coordinates":[55.27222,25.39366]}},{"type":"Feature","properties":{"i":0.14},"geometry":{"type":"Point","coordinates":[55.29419,25.39366]}},{"type":"Feature","properties":{"i":0.18},"geometry":{"type":"Point","coordinates":[55.31616,25.39366]}},{"type":"Feature","properties":{"i":0.26},"geometry":{"type":"Point","coordinates":[55.33813,25.39366]}},{"type":"Feature","properties":{"i":0.39},"geometry":{"type":"Point","coordinates":[55.36011,25.39366]}},{"type":"Feature","properties":{"i":0.53},"geometry":{"type":"Point","coordinates":[55.38208,25.39366]}},{"type":"Feature","properties":{"i":1},"geometry":{"type":"Point","coordinates":[55.40405,25.39366]}},{"type":"Feature","properties":{"i":1},"geometry":{"type":"Point","coordinates":[55.42603,25.39366]}},{"type":"Feature","properties":{"i":1},"geometry":{"type":"Point","coordinates":[55.448,25.39366]}},{"type":"Feature","properties":{"i":1},"geometry":{"type":"Point","coordinates":[55.46997,25.39366]}},{"type":"Feature","properties":{"i":1},"geometry":{"type":"Point","coordinates":[55.49194,25.39366]}},{"type":"Feature","properties":{"i":1},"geometry":{"type":"Point","coordinates":[55.51392,25.39366]}},{"type":"Feature","properties":{"i":1},"geometry":{"type":"Point","coordinates":[55.53589,25.39366]}},{"type":"Feature","properties":{"i":1},"geometry":{"type":"Point","coordinates":[55.55786,25.39366]}},{"type":"Feature","properties":{"i":1},"geometry":{"type":"Point","coordinates":[55.57983,25.39366]}},{"type":"Feature","properties":{"i":1},"geometry":{"type":"Point","coordinates":[55.60181,25.39366]}},{"type":"Feature","properties":{"i":1},"geometry":{"type":"Point","coordinates":[55.62378,25.39366]}},{"type":"Feature","properties":{"i":1},"geometry":{"type":"Point","coordinates":[55.64575,25.39366]}},{"type":"Feature","properties":{"i":0.79},"geometry":{"type":"Point","coordinates":[55.66772,25.39366]}},{"type":"Feature","properties":{"i":1},"geometry":{"type":"Point","coordinates":[55.6897,25.39366]}},{"type":"Feature","properties":{"i":0.86},"geometry":{"type":"Point","coordinates":[55.71167,25.39366]}},{"type":"Feature","properties":{"i":0.52},"geometry":{"type":"Point","coordinates":[55.73364,25.39366]}},{"type":"Feature","properties":{"i":0.23},"geometry":{"type":"Point","coordinates":[55.75562,25.39366]}},{"type":"Feature","properties":{"i":0.42},"geometry":{"type":"Point","coordinates":[55.77759,25.39366]}},{"type":"Feature","properties":{"i":0.58},"geometry":{"type":"Point","coordinates":[55.79956,25.39366]}},{"type":"Feature","properties":{"i":0.76},"geometry":{"type":"Point","coordinates":[55.82153,25.39366]}},{"type":"Feature","properties":{"i":0.9},"geometry":{"type":"Point","coordinates":[55.84351,25.39366]}},{"type":"Feature","properties":{"i":0.72},"geometry":{"type":"Point","coordinates":[55.86548,25.39366]}},{"type":"Feature","properties":{"i":0.14},"geometry":{"type":"Point","coordinates":[55.88745,25.39366]}},{"type":"Feature","properties":{"i":0.19},"geometry":{"type":"Point","coordinates":[55.90942,25.39366]}},{"type":"Feature","properties":{"i":0.28},"geometry":{"type":"Point","coordinates":[55.9314,25.39366]}},{"type":"Feature","properties":{"i":0.82},"geometry":{"type":"Point","coordinates":[55.95337,25.39366]}},{"type":"Feature","properties":{"i":1},"geometry":{"type":"Point","coordinates":[55.97534,25.39366]}},{"type":"Feature","properties":{"i":1},"geometry":{"type":"Point","coordinates":[55.99731,25.39366]}},{"type":"Feature","properties":{"i":0.51},"geometry":{"type":"Point","coordinates":[56.01929,25.39366]}},{"type":"Feature","properties":{"i":0.81},"geometry":{"type":"Point","coordinates":[56.04126,25.39366]}},{"type":"Feature","properties":{"i":0.77},"geometry":{"type":"Point","coordinates":[56.06323,25.39366]}},{"type":"Feature","properties":{"i":0.08},"geometry":{"type":"Point","coordinates":[56.08521,25.39366]}},{"type":"Feature","properties":{"i":0.23},"geometry":{"type":"Point","coordinates":[56.12915,25.39366]}},{"type":"Feature","properties":{"i":0.74},"geometry":{"type":"Point","coordinates":[56.15112,25.39366]}},{"type":"Feature","properties":{"i":0.99},"geometry":{"type":"Point","coordinates":[56.1731,25.39366]}},{"type":"Feature","properties":{"i":0.64},"geometry":{"type":"Point","coordinates":[56.19507,25.39366]}},{"type":"Feature","properties":{"i":0.09},"geometry":{"type":"Point","coordinates":[56.21704,25.39366]}},{"type":"Feature","properties":{"i":0.14},"geometry":{"type":"Point","coordinates":[55.05249,25.37381]}},{"type":"Feature","properties":{"i":0.14},"geometry":{"type":"Point","coordinates":[55.07446,25.37381]}},{"type":"Feature","properties":{"i":0.26},"geometry":{"type":"Point","coordinates":[55.11841,25.37381]}},{"type":"Feature","properties":{"i":0.26},"geometry":{"type":"Point","coordinates":[55.14038,25.37381]}},{"type":"Feature","properties":{"i":0.02},"geometry":{"type":"Point","coordinates":[55.2063,25.37381]}},{"type":"Feature","properties":{"i":0.12},"geometry":{"type":"Point","coordinates":[55.22827,25.37381]}},{"type":"Feature","properties":{"i":0.07},"geometry":{"type":"Point","coordinates":[55.25024,25.37381]}},{"type":"Feature","properties":{"i":0.1},"geometry":{"type":"Point","coordinates":[55.27222,25.37381]}},{"type":"Feature","properties":{"i":0.16},"geometry":{"type":"Point","coordinates":[55.29419,25.37381]}},{"type":"Feature","properties":{"i":0.26},"geometry":{"type":"Point","coordinates":[55.31616,25.37381]}},{"type":"Feature","properties":{"i":0.37},"geometry":{"type":"Point","coordinates":[55.33813,25.37381]}},{"type":"Feature","properties":{"i":0.85},"geometry":{"type":"Point","coordinates":[55.36011,25.37381]}},{"type":"Feature","properties":{"i":1},"geometry":{"type":"Point","coordinates":[55.38208,25.37381]}},{"type":"Feature","properties":{"i":1},"geometry":{"type":"Point","coordinates":[55.40405,25.37381]}},{"type":"Feature","properties":{"i":1},"geometry":{"type":"Point","coordinates":[55.42603,25.37381]}},{"type":"Feature","properties":{"i":1},"geometry":{"type":"Point","coordinates":[55.448,25.37381]}},{"type":"Feature","properties":{"i":1},"geometry":{"type":"Point","coordinates":[55.46997,25.37381]}},{"type":"Feature","properties":{"i":1},"geometry":{"type":"Point","coordinates":[55.49194,25.37381]}},{"type":"Feature","properties":{"i":1},"geometry":{"type":"Point","coordinates":[55.51392,25.37381]}},{"type":"Feature","properties":{"i":1},"geometry":{"type":"Point","coordinates":[55.53589,25.37381]}},{"type":"Feature","properties":{"i":1},"geometry":{"type":"Point","coordinates":[55.55786,25.37381]}},{"type":"Feature","properties":{"i":1},"geometry":{"type":"Point","coordinates":[55.57983,25.37381]}},{"type":"Feature","properties":{"i":1},"geometry":{"type":"Point","coordinates":[55.60181,25.37381]}},{"type":"Feature","properties":{"i":1},"geometry":{"type":"Point","coordinates":[55.62378,25.37381]}},{"type":"Feature","properties":{"i":1},"geometry":{"type":"Point","coordinates":[55.64575,25.37381]}},{"type":"Feature","properties":{"i":0.86},"geometry":{"type":"Point","coordinates":[55.66772,25.37381]}},{"type":"Feature","properties":{"i":0.81},"geometry":{"type":"Point","coordinates":[55.6897,25.37381]}},{"type":"Feature","properties":{"i":0.79},"geometry":{"type":"Point","coordinates":[55.71167,25.37381]}},{"type":"Feature","properties":{"i":0.38},"geometry":{"type":"Point","coordinates":[55.73364,25.37381]}},{"type":"Feature","properties":{"i":0.17},"geometry":{"type":"Point","coordinates":[55.75562,25.37381]}},{"type":"Feature","properties":{"i":0.7},"geometry":{"type":"Point","coordinates":[55.77759,25.37381]}},{"type":"Feature","properties":{"i":0.7},"geometry":{"type":"Point","coordinates":[55.79956,25.37381]}},{"type":"Feature","properties":{"i":0.1},"geometry":{"type":"Point","coordinates":[55.82153,25.37381]}},{"type":"Feature","properties":{"i":0.68},"geometry":{"type":"Point","coordinates":[55.84351,25.37381]}},{"type":"Feature","properties":{"i":0.72},"geometry":{"type":"Point","coordinates":[55.86548,25.37381]}},{"type":"Feature","properties":{"i":0.74},"geometry":{"type":"Point","coordinates":[55.88745,25.37381]}},{"type":"Feature","properties":{"i":0.23},"geometry":{"type":"Point","coordinates":[55.90942,25.37381]}},{"type":"Feature","properties":{"i":0.32},"geometry":{"type":"Point","coordinates":[55.9314,25.37381]}},{"type":"Feature","properties":{"i":0.78},"geometry":{"type":"Point","coordinates":[55.95337,25.37381]}},{"type":"Feature","properties":{"i":1},"geometry":{"type":"Point","coordinates":[55.97534,25.37381]}},{"type":"Feature","properties":{"i":1},"geometry":{"type":"Point","coordinates":[55.99731,25.37381]}},{"type":"Feature","properties":{"i":0.59},"geometry":{"type":"Point","coordinates":[56.01929,25.37381]}},{"type":"Feature","properties":{"i":0.82},"geometry":{"type":"Point","coordinates":[56.04126,25.37381]}},{"type":"Feature","properties":{"i":0.27},"geometry":{"type":"Point","coordinates":[56.06323,25.37381]}},{"type":"Feature","properties":{"i":0.12},"geometry":{"type":"Point","coordinates":[56.08521,25.37381]}},{"type":"Feature","properties":{"i":0.66},"geometry":{"type":"Point","coordinates":[56.15112,25.37381]}},{"type":"Feature","properties":{"i":0.74},"geometry":{"type":"Point","coordinates":[56.1731,25.37381]}},{"type":"Feature","properties":{"i":0.51},"geometry":{"type":"Point","coordinates":[56.19507,25.37381]}},{"type":"Feature","properties":{"i":0.1},"geometry":{"type":"Point","coordinates":[56.21704,25.37381]}},{"type":"Feature","properties":{"i":0.26},"geometry":{"type":"Point","coordinates":[55.14038,25.35395]}},{"type":"Feature","properties":{"i":0.05},"geometry":{"type":"Point","coordinates":[55.2063,25.35395]}},{"type":"Feature","properties":{"i":0.25},"geometry":{"type":"Point","coordinates":[55.22827,25.35395]}},{"type":"Feature","properties":{"i":0.13},"geometry":{"type":"Point","coordinates":[55.25024,25.35395]}},{"type":"Feature","properties":{"i":0.19},"geometry":{"type":"Point","coordinates":[55.27222,25.35395]}},{"type":"Feature","properties":{"i":0.48},"geometry":{"type":"Point","coordinates":[55.29419,25.35395]}},{"type":"Feature","properties":{"i":0.52},"geometry":{"type":"Point","coordinates":[55.31616,25.35395]}},{"type":"Feature","properties":{"i":0.43},"geometry":{"type":"Point","coordinates":[55.33813,25.35395]}},{"type":"Feature","properties":{"i":1},"geometry":{"type":"Point","coordinates":[55.36011,25.35395]}},{"type":"Feature","properties":{"i":1},"geometry":{"type":"Point","coordinates":[55.38208,25.35395]}},{"type":"Feature","properties":{"i":1},"geometry":{"type":"Point","coordinates":[55.40405,25.35395]}},{"type":"Feature","properties":{"i":1},"geometry":{"type":"Point","coordinates":[55.42603,25.35395]}},{"type":"Feature","properties":{"i":1},"geometry":{"type":"Point","coordinates":[55.448,25.35395]}},{"type":"Feature","properties":{"i":1},"geometry":{"type":"Point","coordinates":[55.46997,25.35395]}},{"type":"Feature","properties":{"i":1},"geometry":{"type":"Point","coordinates":[55.49194,25.35395]}},{"type":"Feature","properties":{"i":1},"geometry":{"type":"Point","coordinates":[55.51392,25.35395]}},{"type":"Feature","properties":{"i":1},"geometry":{"type":"Point","coordinates":[55.53589,25.35395]}},{"type":"Feature","properties":{"i":1},"geometry":{"type":"Point","coordinates":[55.55786,25.35395]}},{"type":"Feature","properties":{"i":1},"geometry":{"type":"Point","coordinates":[55.57983,25.35395]}},{"type":"Feature","properties":{"i":1},"geometry":{"type":"Point","coordinates":[55.60181,25.35395]}},{"type":"Feature","properties":{"i":1},"geometry":{"type":"Point","coordinates":[55.62378,25.35395]}},{"type":"Feature","properties":{"i":1},"geometry":{"type":"Point","coordinates":[55.64575,25.35395]}},{"type":"Feature","properties":{"i":0.89},"geometry":{"type":"Point","coordinates":[55.66772,25.35395]}},{"type":"Feature","properties":{"i":0.57},"geometry":{"type":"Point","coordinates":[55.6897,25.35395]}},{"type":"Feature","properties":{"i":0.49},"geometry":{"type":"Point","coordinates":[55.71167,25.35395]}},{"type":"Feature","properties":{"i":0.46},"geometry":{"type":"Point","coordinates":[55.73364,25.35395]}},{"type":"Feature","properties":{"i":0.55},"geometry":{"type":"Point","coordinates":[55.75562,25.35395]}},{"type":"Feature","properties":{"i":0.37},"geometry":{"type":"Point","coordinates":[55.77759,25.35395]}},{"type":"Feature","properties":{"i":0.15},"geometry":{"type":"Point","coordinates":[55.79956,25.35395]}},{"type":"Feature","properties":{"i":0.1},"geometry":{"type":"Point","coordinates":[55.82153,25.35395]}},{"type":"Feature","properties":{"i":0.99},"geometry":{"type":"Point","coordinates":[55.84351,25.35395]}},{"type":"Feature","properties":{"i":0.95},"geometry":{"type":"Point","coordinates":[55.86548,25.35395]}},{"type":"Feature","properties":{"i":0.68},"geometry":{"type":"Point","coordinates":[55.88745,25.35395]}},{"type":"Feature","properties":{"i":0.33},"geometry":{"type":"Point","coordinates":[55.90942,25.35395]}},{"type":"Feature","properties":{"i":0.39},"geometry":{"type":"Point","coordinates":[55.9314,25.35395]}},{"type":"Feature","properties":{"i":0.9},"geometry":{"type":"Point","coordinates":[55.95337,25.35395]}},{"type":"Feature","properties":{"i":0.86},"geometry":{"type":"Point","coordinates":[55.97534,25.35395]}},{"type":"Feature","properties":{"i":0.83},"geometry":{"type":"Point","coordinates":[55.99731,25.35395]}},{"type":"Feature","properties":{"i":1},"geometry":{"type":"Point","coordinates":[56.01929,25.35395]}},{"type":"Feature","properties":{"i":0.64},"geometry":{"type":"Point","coordinates":[56.04126,25.35395]}},{"type":"Feature","properties":{"i":0.35},"geometry":{"type":"Point","coordinates":[56.06323,25.35395]}},{"type":"Feature","properties":{"i":0.19},"geometry":{"type":"Point","coordinates":[56.08521,25.35395]}},{"type":"Feature","properties":{"i":0.33},"geometry":{"type":"Point","coordinates":[56.15112,25.35395]}},{"type":"Feature","properties":{"i":0.69},"geometry":{"type":"Point","coordinates":[56.1731,25.35395]}},{"type":"Feature","properties":{"i":0.49},"geometry":{"type":"Point","coordinates":[56.19507,25.35395]}},{"type":"Feature","properties":{"i":0.03},"geometry":{"type":"Point","coordinates":[55.18433,25.3341]}},{"type":"Feature","properties":{"i":0.05},"geometry":{"type":"Point","coordinates":[55.2063,25.3341]}},{"type":"Feature","properties":{"i":0.27},"geometry":{"type":"Point","coordinates":[55.22827,25.3341]}},{"type":"Feature","properties":{"i":0.17},"geometry":{"type":"Point","coordinates":[55.25024,25.3341]}},{"type":"Feature","properties":{"i":0.27},"geometry":{"type":"Point","coordinates":[55.27222,25.3341]}},{"type":"Feature","properties":{"i":0.49},"geometry":{"type":"Point","coordinates":[55.29419,25.3341]}},{"type":"Feature","properties":{"i":0.9},"geometry":{"type":"Point","coordinates":[55.31616,25.3341]}},{"type":"Feature","properties":{"i":0.63},"geometry":{"type":"Point","coordinates":[55.33813,25.3341]}},{"type":"Feature","properties":{"i":1},"geometry":{"type":"Point","coordinates":[55.36011,25.3341]}},{"type":"Feature","properties":{"i":1},"geometry":{"type":"Point","coordinates":[55.38208,25.3341]}},{"type":"Feature","properties":{"i":1},"geometry":{"type":"Point","coordinates":[55.40405,25.3341]}},{"type":"Feature","properties":{"i":1},"geometry":{"type":"Point","coordinates":[55.42603,25.3341]}},{"type":"Feature","properties":{"i":1},"geometry":{"type":"Point","coordinates":[55.448,25.3341]}},{"type":"Feature","properties":{"i":1},"geometry":{"type":"Point","coordinates":[55.46997,25.3341]}},{"type":"Feature","properties":{"i":1},"geometry":{"type":"Point","coordinates":[55.49194,25.3341]}},{"type":"Feature","properties":{"i":1},"geometry":{"type":"Point","coordinates":[55.51392,25.3341]}},{"type":"Feature","properties":{"i":1},"geometry":{"type":"Point","coordinates":[55.53589,25.3341]}},{"type":"Feature","properties":{"i":1},"geometry":{"type":"Point","coordinates":[55.55786,25.3341]}},{"type":"Feature","properties":{"i":1},"geometry":{"type":"Point","coordinates":[55.57983,25.3341]}},{"type":"Feature","properties":{"i":1},"geometry":{"type":"Point","coordinates":[55.60181,25.3341]}},{"type":"Feature","properties":{"i":1},"geometry":{"type":"Point","coordinates":[55.62378,25.3341]}},{"type":"Feature","properties":{"i":1},"geometry":{"type":"Point","coordinates":[55.64575,25.3341]}},{"type":"Feature","properties":{"i":1},"geometry":{"type":"Point","coordinates":[55.66772,25.3341]}},{"type":"Feature","properties":{"i":0.57},"geometry":{"type":"Point","coordinates":[55.6897,25.3341]}},{"type":"Feature","properties":{"i":0.28},"geometry":{"type":"Point","coordinates":[55.71167,25.3341]}},{"type":"Feature","properties":{"i":0.84},"geometry":{"type":"Point","coordinates":[55.73364,25.3341]}},{"type":"Feature","properties":{"i":0.84},"geometry":{"type":"Point","coordinates":[55.75562,25.3341]}},{"type":"Feature","properties":{"i":0.13},"geometry":{"type":"Point","coordinates":[55.77759,25.3341]}},{"type":"Feature","properties":{"i":0.08},"geometry":{"type":"Point","coordinates":[55.79956,25.3341]}},{"type":"Feature","properties":{"i":0.23},"geometry":{"type":"Point","coordinates":[55.82153,25.3341]}},{"type":"Feature","properties":{"i":0.65},"geometry":{"type":"Point","coordinates":[55.84351,25.3341]}},{"type":"Feature","properties":{"i":0.56},"geometry":{"type":"Point","coordinates":[55.86548,25.3341]}},{"type":"Feature","properties":{"i":0.36},"geometry":{"type":"Point","coordinates":[55.88745,25.3341]}},{"type":"Feature","properties":{"i":0.91},"geometry":{"type":"Point","coordinates":[55.90942,25.3341]}},{"type":"Feature","properties":{"i":1},"geometry":{"type":"Point","coordinates":[55.9314,25.3341]}},{"type":"Feature","properties":{"i":1},"geometry":{"type":"Point","coordinates":[55.95337,25.3341]}},{"type":"Feature","properties":{"i":0.78},"geometry":{"type":"Point","coordinates":[55.97534,25.3341]}},{"type":"Feature","properties":{"i":0.81},"geometry":{"type":"Point","coordinates":[55.99731,25.3341]}},{"type":"Feature","properties":{"i":1},"geometry":{"type":"Point","coordinates":[56.01929,25.3341]}},{"type":"Feature","properties":{"i":0.77},"geometry":{"type":"Point","coordinates":[56.04126,25.3341]}},{"type":"Feature","properties":{"i":0.37},"geometry":{"type":"Point","coordinates":[56.06323,25.3341]}},{"type":"Feature","properties":{"i":0.16},"geometry":{"type":"Point","coordinates":[56.08521,25.3341]}},{"type":"Feature","properties":{"i":0.22},"geometry":{"type":"Point","coordinates":[56.10718,25.3341]}},{"type":"Feature","properties":{"i":0.25},"geometry":{"type":"Point","coordinates":[56.12915,25.3341]}},{"type":"Feature","properties":{"i":0.24},"geometry":{"type":"Point","coordinates":[56.15112,25.3341]}},{"type":"Feature","properties":{"i":0.8},"geometry":{"type":"Point","coordinates":[56.1731,25.3341]}},{"type":"Feature","properties":{"i":0.48},"geometry":{"type":"Point","coordinates":[56.19507,25.3341]}},{"type":"Feature","properties":{"i":0.04},"geometry":{"type":"Point","coordinates":[55.16235,25.31424]}},{"type":"Feature","properties":{"i":0.08},"geometry":{"type":"Point","coordinates":[55.18433,25.31424]}},{"type":"Feature","properties":{"i":0.13},"geometry":{"type":"Point","coordinates":[55.2063,25.31424]}},{"type":"Feature","properties":{"i":0.27},"geometry":{"type":"Point","coordinates":[55.22827,25.31424]}},{"type":"Feature","properties":{"i":0.32},"geometry":{"type":"Point","coordinates":[55.25024,25.31424]}},{"type":"Feature","properties":{"i":0.36},"geometry":{"type":"Point","coordinates":[55.27222,25.31424]}},{"type":"Feature","properties":{"i":0.72},"geometry":{"type":"Point","coordinates":[55.29419,25.31424]}},{"type":"Feature","properties":{"i":0.97},"geometry":{"type":"Point","coordinates":[55.31616,25.31424]}},{"type":"Feature","properties":{"i":1},"geometry":{"type":"Point","coordinates":[55.33813,25.31424]}},{"type":"Feature","properties":{"i":1},"geometry":{"type":"Point","coordinates":[55.36011,25.31424]}},{"type":"Feature","properties":{"i":1},"geometry":{"type":"Point","coordinates":[55.38208,25.31424]}},{"type":"Feature","properties":{"i":1},"geometry":{"type":"Point","coordinates":[55.40405,25.31424]}},{"type":"Feature","properties":{"i":1},"geometry":{"type":"Point","coordinates":[55.42603,25.31424]}},{"type":"Feature","properties":{"i":1},"geometry":{"type":"Point","coordinates":[55.448,25.31424]}},{"type":"Feature","properties":{"i":1},"geometry":{"type":"Point","coordinates":[55.46997,25.31424]}},{"type":"Feature","properties":{"i":1},"geometry":{"type":"Point","coordinates":[55.49194,25.31424]}},{"type":"Feature","properties":{"i":1},"geometry":{"type":"Point","coordinates":[55.51392,25.31424]}},{"type":"Feature","properties":{"i":1},"geometry":{"type":"Point","coordinates":[55.53589,25.31424]}},{"type":"Feature","properties":{"i":1},"geometry":{"type":"Point","coordinates":[55.55786,25.31424]}},{"type":"Feature","properties":{"i":1},"geometry":{"type":"Point","coordinates":[55.57983,25.31424]}},{"type":"Feature","properties":{"i":1},"geometry":{"type":"Point","coordinates":[55.60181,25.31424]}},{"type":"Feature","properties":{"i":1},"geometry":{"type":"Point","coordinates":[55.62378,25.31424]}},{"type":"Feature","properties":{"i":1},"geometry":{"type":"Point","coordinates":[55.64575,25.31424]}},{"type":"Feature","properties":{"i":1},"geometry":{"type":"Point","coordinates":[55.66772,25.31424]}},{"type":"Feature","properties":{"i":1},"geometry":{"type":"Point","coordinates":[55.6897,25.31424]}},{"type":"Feature","properties":{"i":0.73},"geometry":{"type":"Point","coordinates":[55.71167,25.31424]}},{"type":"Feature","properties":{"i":0.84},"geometry":{"type":"Point","coordinates":[55.73364,25.31424]}},{"type":"Feature","properties":{"i":0.84},"geometry":{"type":"Point","coordinates":[55.75562,25.31424]}},{"type":"Feature","properties":{"i":0.16},"geometry":{"type":"Point","coordinates":[55.77759,25.31424]}},{"type":"Feature","properties":{"i":0.13},"geometry":{"type":"Point","coordinates":[55.79956,25.31424]}},{"type":"Feature","properties":{"i":0.27},"geometry":{"type":"Point","coordinates":[55.82153,25.31424]}},{"type":"Feature","properties":{"i":0.65},"geometry":{"type":"Point","coordinates":[55.84351,25.31424]}},{"type":"Feature","properties":{"i":1},"geometry":{"type":"Point","coordinates":[55.86548,25.31424]}},{"type":"Feature","properties":{"i":1},"geometry":{"type":"Point","coordinates":[55.88745,25.31424]}},{"type":"Feature","properties":{"i":0.86},"geometry":{"type":"Point","coordinates":[55.90942,25.31424]}},{"type":"Feature","properties":{"i":0.65},"geometry":{"type":"Point","coordinates":[55.9314,25.31424]}},{"type":"Feature","properties":{"i":0.53},"geometry":{"type":"Point","coordinates":[55.95337,25.31424]}},{"type":"Feature","properties":{"i":1},"geometry":{"type":"Point","coordinates":[55.97534,25.31424]}},{"type":"Feature","properties":{"i":1},"geometry":{"type":"Point","coordinates":[55.99731,25.31424]}},{"type":"Feature","properties":{"i":1},"geometry":{"type":"Point","coordinates":[56.01929,25.31424]}},{"type":"Feature","properties":{"i":0.85},"geometry":{"type":"Point","coordinates":[56.04126,25.31424]}},{"type":"Feature","properties":{"i":0.6},"geometry":{"type":"Point","coordinates":[56.06323,25.31424]}},{"type":"Feature","properties":{"i":0.64},"geometry":{"type":"Point","coordinates":[56.08521,25.31424]}},{"type":"Feature","properties":{"i":0.46},"geometry":{"type":"Point","coordinates":[56.10718,25.31424]}},{"type":"Feature","properties":{"i":0.91},"geometry":{"type":"Point","coordinates":[56.12915,25.31424]}},{"type":"Feature","properties":{"i":0.87},"geometry":{"type":"Point","coordinates":[56.15112,25.31424]}},{"type":"Feature","properties":{"i":1},"geometry":{"type":"Point","coordinates":[56.1731,25.31424]}},{"type":"Feature","properties":{"i":0.15},"geometry":{"type":"Point","coordinates":[56.19507,25.31424]}},{"type":"Feature","properties":{"i":0.11},"geometry":{"type":"Point","coordinates":[56.21704,25.31424]}},{"type":"Feature","properties":{"i":0.51},"geometry":{"type":"Point","coordinates":[56.23901,25.31424]}},{"type":"Feature","properties":{"i":0.04},"geometry":{"type":"Point","coordinates":[55.16235,25.29437]}},{"type":"Feature","properties":{"i":0.1},"geometry":{"type":"Point","coordinates":[55.18433,25.29437]}},{"type":"Feature","properties":{"i":0.17},"geometry":{"type":"Point","coordinates":[55.2063,25.29437]}},{"type":"Feature","properties":{"i":0.26},"geometry":{"type":"Point","coordinates":[55.22827,25.29437]}},{"type":"Feature","properties":{"i":0.39},"geometry":{"type":"Point","coordinates":[55.25024,25.29437]}},{"type":"Feature","properties":{"i":0.56},"geometry":{"type":"Point","coordinates":[55.27222,25.29437]}},{"type":"Feature","properties":{"i":1},"geometry":{"type":"Point","coordinates":[55.29419,25.29437]}},{"type":"Feature","properties":{"i":1},"geometry":{"type":"Point","coordinates":[55.31616,25.29437]}},{"type":"Feature","properties":{"i":1},"geometry":{"type":"Point","coordinates":[55.33813,25.29437]}},{"type":"Feature","properties":{"i":1},"geometry":{"type":"Point","coordinates":[55.36011,25.29437]}},{"type":"Feature","properties":{"i":1},"geometry":{"type":"Point","coordinates":[55.38208,25.29437]}},{"type":"Feature","properties":{"i":1},"geometry":{"type":"Point","coordinates":[55.40405,25.29437]}},{"type":"Feature","properties":{"i":1},"geometry":{"type":"Point","coordinates":[55.42603,25.29437]}},{"type":"Feature","properties":{"i":1},"geometry":{"type":"Point","coordinates":[55.448,25.29437]}},{"type":"Feature","properties":{"i":1},"geometry":{"type":"Point","coordinates":[55.46997,25.29437]}},{"type":"Feature","properties":{"i":1},"geometry":{"type":"Point","coordinates":[55.49194,25.29437]}},{"type":"Feature","properties":{"i":1},"geometry":{"type":"Point","coordinates":[55.51392,25.29437]}},{"type":"Feature","properties":{"i":1},"geometry":{"type":"Point","coordinates":[55.53589,25.29437]}},{"type":"Feature","properties":{"i":1},"geometry":{"type":"Point","coordinates":[55.55786,25.29437]}},{"type":"Feature","properties":{"i":1},"geometry":{"type":"Point","coordinates":[55.57983,25.29437]}},{"type":"Feature","properties":{"i":1},"geometry":{"type":"Point","coordinates":[55.60181,25.29437]}},{"type":"Feature","properties":{"i":1},"geometry":{"type":"Point","coordinates":[55.62378,25.29437]}},{"type":"Feature","properties":{"i":1},"geometry":{"type":"Point","coordinates":[55.64575,25.29437]}},{"type":"Feature","properties":{"i":0.85},"geometry":{"type":"Point","coordinates":[55.66772,25.29437]}},{"type":"Feature","properties":{"i":0.96},"geometry":{"type":"Point","coordinates":[55.6897,25.29437]}},{"type":"Feature","properties":{"i":0.4},"geometry":{"type":"Point","coordinates":[55.71167,25.29437]}},{"type":"Feature","properties":{"i":0.57},"geometry":{"type":"Point","coordinates":[55.73364,25.29437]}},{"type":"Feature","properties":{"i":0.3},"geometry":{"type":"Point","coordinates":[55.75562,25.29437]}},{"type":"Feature","properties":{"i":0.17},"geometry":{"type":"Point","coordinates":[55.77759,25.29437]}},{"type":"Feature","properties":{"i":0.21},"geometry":{"type":"Point","coordinates":[55.79956,25.29437]}},{"type":"Feature","properties":{"i":0.34},"geometry":{"type":"Point","coordinates":[55.82153,25.29437]}},{"type":"Feature","properties":{"i":0.97},"geometry":{"type":"Point","coordinates":[55.84351,25.29437]}},{"type":"Feature","properties":{"i":1},"geometry":{"type":"Point","coordinates":[55.86548,25.29437]}},{"type":"Feature","properties":{"i":1},"geometry":{"type":"Point","coordinates":[55.88745,25.29437]}},{"type":"Feature","properties":{"i":1},"geometry":{"type":"Point","coordinates":[55.90942,25.29437]}},{"type":"Feature","properties":{"i":0.95},"geometry":{"type":"Point","coordinates":[55.9314,25.29437]}},{"type":"Feature","properties":{"i":0.7},"geometry":{"type":"Point","coordinates":[55.95337,25.29437]}},{"type":"Feature","properties":{"i":1},"geometry":{"type":"Point","coordinates":[55.97534,25.29437]}},{"type":"Feature","properties":{"i":1},"geometry":{"type":"Point","coordinates":[55.99731,25.29437]}},{"type":"Feature","properties":{"i":1},"geometry":{"type":"Point","coordinates":[56.01929,25.29437]}},{"type":"Feature","properties":{"i":0.91},"geometry":{"type":"Point","coordinates":[56.04126,25.29437]}},{"type":"Feature","properties":{"i":0.91},"geometry":{"type":"Point","coordinates":[56.06323,25.29437]}},{"type":"Feature","properties":{"i":0.64},"geometry":{"type":"Point","coordinates":[56.08521,25.29437]}},{"type":"Feature","properties":{"i":0.7},"geometry":{"type":"Point","coordinates":[56.10718,25.29437]}},{"type":"Feature","properties":{"i":0.98},"geometry":{"type":"Point","coordinates":[56.12915,25.29437]}},{"type":"Feature","properties":{"i":1},"geometry":{"type":"Point","coordinates":[56.15112,25.29437]}},{"type":"Feature","properties":{"i":1},"geometry":{"type":"Point","coordinates":[56.1731,25.29437]}},{"type":"Feature","properties":{"i":0.75},"geometry":{"type":"Point","coordinates":[56.19507,25.29437]}},{"type":"Feature","properties":{"i":0.81},"geometry":{"type":"Point","coordinates":[56.21704,25.29437]}},{"type":"Feature","properties":{"i":0.88},"geometry":{"type":"Point","coordinates":[56.23901,25.29437]}},{"type":"Feature","properties":{"i":0.04},"geometry":{"type":"Point","coordinates":[55.14038,25.2745]}},{"type":"Feature","properties":{"i":0.09},"geometry":{"type":"Point","coordinates":[55.16235,25.2745]}},{"type":"Feature","properties":{"i":0.15},"geometry":{"type":"Point","coordinates":[55.18433,25.2745]}},{"type":"Feature","properties":{"i":0.24},"geometry":{"type":"Point","coordinates":[55.2063,25.2745]}},{"type":"Feature","properties":{"i":0.4},"geometry":{"type":"Point","coordinates":[55.22827,25.2745]}},{"type":"Feature","properties":{"i":1},"geometry":{"type":"Point","coordinates":[55.25024,25.2745]}},{"type":"Feature","properties":{"i":1},"geometry":{"type":"Point","coordinates":[55.27222,25.2745]}},{"type":"Feature","properties":{"i":1},"geometry":{"type":"Point","coordinates":[55.29419,25.2745]}},{"type":"Feature","properties":{"i":1},"geometry":{"type":"Point","coordinates":[55.31616,25.2745]}},{"type":"Feature","properties":{"i":1},"geometry":{"type":"Point","coordinates":[55.33813,25.2745]}},{"type":"Feature","properties":{"i":1},"geometry":{"type":"Point","coordinates":[55.36011,25.2745]}},{"type":"Feature","properties":{"i":1},"geometry":{"type":"Point","coordinates":[55.38208,25.2745]}},{"type":"Feature","properties":{"i":1},"geometry":{"type":"Point","coordinates":[55.40405,25.2745]}},{"type":"Feature","properties":{"i":1},"geometry":{"type":"Point","coordinates":[55.42603,25.2745]}},{"type":"Feature","properties":{"i":1},"geometry":{"type":"Point","coordinates":[55.448,25.2745]}},{"type":"Feature","properties":{"i":1},"geometry":{"type":"Point","coordinates":[55.46997,25.2745]}},{"type":"Feature","properties":{"i":1},"geometry":{"type":"Point","coordinates":[55.49194,25.2745]}},{"type":"Feature","properties":{"i":1},"geometry":{"type":"Point","coordinates":[55.51392,25.2745]}},{"type":"Feature","properties":{"i":1},"geometry":{"type":"Point","coordinates":[55.53589,25.2745]}},{"type":"Feature","properties":{"i":1},"geometry":{"type":"Point","coordinates":[55.55786,25.2745]}},{"type":"Feature","properties":{"i":1},"geometry":{"type":"Point","coordinates":[55.57983,25.2745]}},{"type":"Feature","properties":{"i":1},"geometry":{"type":"Point","coordinates":[55.60181,25.2745]}},{"type":"Feature","properties":{"i":1},"geometry":{"type":"Point","coordinates":[55.62378,25.2745]}},{"type":"Feature","properties":{"i":1},"geometry":{"type":"Point","coordinates":[55.64575,25.2745]}},{"type":"Feature","properties":{"i":0.91},"geometry":{"type":"Point","coordinates":[55.66772,25.2745]}},{"type":"Feature","properties":{"i":0.95},"geometry":{"type":"Point","coordinates":[55.6897,25.2745]}},{"type":"Feature","properties":{"i":0.91},"geometry":{"type":"Point","coordinates":[55.71167,25.2745]}},{"type":"Feature","properties":{"i":1},"geometry":{"type":"Point","coordinates":[55.73364,25.2745]}},{"type":"Feature","properties":{"i":1},"geometry":{"type":"Point","coordinates":[55.75562,25.2745]}},{"type":"Feature","properties":{"i":0.92},"geometry":{"type":"Point","coordinates":[55.77759,25.2745]}},{"type":"Feature","properties":{"i":0.93},"geometry":{"type":"Point","coordinates":[55.79956,25.2745]}},{"type":"Feature","properties":{"i":0.82},"geometry":{"type":"Point","coordinates":[55.82153,25.2745]}},{"type":"Feature","properties":{"i":1},"geometry":{"type":"Point","coordinates":[55.84351,25.2745]}},{"type":"Feature","properties":{"i":1},"geometry":{"type":"Point","coordinates":[55.86548,25.2745]}},{"type":"Feature","properties":{"i":1},"geometry":{"type":"Point","coordinates":[55.88745,25.2745]}},{"type":"Feature","properties":{"i":1},"geometry":{"type":"Point","coordinates":[55.90942,25.2745]}},{"type":"Feature","properties":{"i":0.94},"geometry":{"type":"Point","coordinates":[55.9314,25.2745]}},{"type":"Feature","properties":{"i":0.94},"geometry":{"type":"Point","coordinates":[55.95337,25.2745]}},{"type":"Feature","properties":{"i":0.83},"geometry":{"type":"Point","coordinates":[55.97534,25.2745]}},{"type":"Feature","properties":{"i":0.89},"geometry":{"type":"Point","coordinates":[55.99731,25.2745]}},{"type":"Feature","properties":{"i":0.58},"geometry":{"type":"Point","coordinates":[56.01929,25.2745]}},{"type":"Feature","properties":{"i":0.84},"geometry":{"type":"Point","coordinates":[56.04126,25.2745]}},{"type":"Feature","properties":{"i":0.28},"geometry":{"type":"Point","coordinates":[56.06323,25.2745]}},{"type":"Feature","properties":{"i":0.58},"geometry":{"type":"Point","coordinates":[56.08521,25.2745]}},{"type":"Feature","properties":{"i":0.59},"geometry":{"type":"Point","coordinates":[56.10718,25.2745]}},{"type":"Feature","properties":{"i":0.24},"geometry":{"type":"Point","coordinates":[56.12915,25.2745]}},{"type":"Feature","properties":{"i":0.42},"geometry":{"type":"Point","coordinates":[56.15112,25.2745]}},{"type":"Feature","properties":{"i":0.97},"geometry":{"type":"Point","coordinates":[56.1731,25.2745]}},{"type":"Feature","properties":{"i":0.8},"geometry":{"type":"Point","coordinates":[56.19507,25.2745]}},{"type":"Feature","properties":{"i":0.56},"geometry":{"type":"Point","coordinates":[56.21704,25.2745]}},{"type":"Feature","properties":{"i":0.64},"geometry":{"type":"Point","coordinates":[56.23901,25.2745]}},{"type":"Feature","properties":{"i":0.03},"geometry":{"type":"Point","coordinates":[55.11841,25.25463]}},{"type":"Feature","properties":{"i":0.07},"geometry":{"type":"Point","coordinates":[55.14038,25.25463]}},{"type":"Feature","properties":{"i":0.18},"geometry":{"type":"Point","coordinates":[55.16235,25.25463]}},{"type":"Feature","properties":{"i":0.47},"geometry":{"type":"Point","coordinates":[55.18433,25.25463]}},{"type":"Feature","properties":{"i":0.32},"geometry":{"type":"Point","coordinates":[55.2063,25.25463]}},{"type":"Feature","properties":{"i":0.4},"geometry":{"type":"Point","coordinates":[55.22827,25.25463]}},{"type":"Feature","properties":{"i":1},"geometry":{"type":"Point","coordinates":[55.25024,25.25463]}},{"type":"Feature","properties":{"i":1},"geometry":{"type":"Point","coordinates":[55.27222,25.25463]}},{"type":"Feature","properties":{"i":1},"geometry":{"type":"Point","coordinates":[55.29419,25.25463]}},{"type":"Feature","properties":{"i":1},"geometry":{"type":"Point","coordinates":[55.31616,25.25463]}},{"type":"Feature","properties":{"i":1},"geometry":{"type":"Point","coordinates":[55.33813,25.25463]}},{"type":"Feature","properties":{"i":1},"geometry":{"type":"Point","coordinates":[55.36011,25.25463]}},{"type":"Feature","properties":{"i":1},"geometry":{"type":"Point","coordinates":[55.38208,25.25463]}},{"type":"Feature","properties":{"i":1},"geometry":{"type":"Point","coordinates":[55.40405,25.25463]}},{"type":"Feature","properties":{"i":1},"geometry":{"type":"Point","coordinates":[55.42603,25.25463]}},{"type":"Feature","properties":{"i":1},"geometry":{"type":"Point","coordinates":[55.448,25.25463]}},{"type":"Feature","properties":{"i":1},"geometry":{"type":"Point","coordinates":[55.46997,25.25463]}},{"type":"Feature","properties":{"i":1},"geometry":{"type":"Point","coordinates":[55.49194,25.25463]}},{"type":"Feature","properties":{"i":1},"geometry":{"type":"Point","coordinates":[55.51392,25.25463]}},{"type":"Feature","properties":{"i":1},"geometry":{"type":"Point","coordinates":[55.53589,25.25463]}},{"type":"Feature","properties":{"i":1},"geometry":{"type":"Point","coordinates":[55.55786,25.25463]}},{"type":"Feature","properties":{"i":1},"geometry":{"type":"Point","coordinates":[55.57983,25.25463]}},{"type":"Feature","properties":{"i":1},"geometry":{"type":"Point","coordinates":[55.60181,25.25463]}},{"type":"Feature","properties":{"i":1},"geometry":{"type":"Point","coordinates":[55.62378,25.25463]}},{"type":"Feature","properties":{"i":1},"geometry":{"type":"Point","coordinates":[55.64575,25.25463]}},{"type":"Feature","properties":{"i":1},"geometry":{"type":"Point","coordinates":[55.66772,25.25463]}},{"type":"Feature","properties":{"i":0.82},"geometry":{"type":"Point","coordinates":[55.6897,25.25463]}},{"type":"Feature","properties":{"i":0.92},"geometry":{"type":"Point","coordinates":[55.71167,25.25463]}},{"type":"Feature","properties":{"i":0.93},"geometry":{"type":"Point","coordinates":[55.73364,25.25463]}},{"type":"Feature","properties":{"i":1},"geometry":{"type":"Point","coordinates":[55.75562,25.25463]}},{"type":"Feature","properties":{"i":0.57},"geometry":{"type":"Point","coordinates":[55.77759,25.25463]}},{"type":"Feature","properties":{"i":0.71},"geometry":{"type":"Point","coordinates":[55.79956,25.25463]}},{"type":"Feature","properties":{"i":0.9},"geometry":{"type":"Point","coordinates":[55.82153,25.25463]}},{"type":"Feature","properties":{"i":0.85},"geometry":{"type":"Point","coordinates":[55.84351,25.25463]}},{"type":"Feature","properties":{"i":1},"geometry":{"type":"Point","coordinates":[55.86548,25.25463]}},{"type":"Feature","properties":{"i":1},"geometry":{"type":"Point","coordinates":[55.88745,25.25463]}},{"type":"Feature","properties":{"i":1},"geometry":{"type":"Point","coordinates":[55.90942,25.25463]}},{"type":"Feature","properties":{"i":0.79},"geometry":{"type":"Point","coordinates":[55.9314,25.25463]}},{"type":"Feature","properties":{"i":0.45},"geometry":{"type":"Point","coordinates":[55.95337,25.25463]}},{"type":"Feature","properties":{"i":0.46},"geometry":{"type":"Point","coordinates":[55.97534,25.25463]}},{"type":"Feature","properties":{"i":0.65},"geometry":{"type":"Point","coordinates":[55.99731,25.25463]}},{"type":"Feature","properties":{"i":0.75},"geometry":{"type":"Point","coordinates":[56.01929,25.25463]}},{"type":"Feature","properties":{"i":0.47},"geometry":{"type":"Point","coordinates":[56.04126,25.25463]}},{"type":"Feature","properties":{"i":0.57},"geometry":{"type":"Point","coordinates":[56.06323,25.25463]}},{"type":"Feature","properties":{"i":0.51},"geometry":{"type":"Point","coordinates":[56.08521,25.25463]}},{"type":"Feature","properties":{"i":0.93},"geometry":{"type":"Point","coordinates":[56.10718,25.25463]}},{"type":"Feature","properties":{"i":0.7},"geometry":{"type":"Point","coordinates":[56.12915,25.25463]}},{"type":"Feature","properties":{"i":0.49},"geometry":{"type":"Point","coordinates":[56.15112,25.25463]}},{"type":"Feature","properties":{"i":0.76},"geometry":{"type":"Point","coordinates":[56.1731,25.25463]}},{"type":"Feature","properties":{"i":0.41},"geometry":{"type":"Point","coordinates":[56.19507,25.25463]}},{"type":"Feature","properties":{"i":0.17},"geometry":{"type":"Point","coordinates":[56.21704,25.25463]}},{"type":"Feature","properties":{"i":0.15},"geometry":{"type":"Point","coordinates":[56.23901,25.25463]}},{"type":"Feature","properties":{"i":0.09},"geometry":{"type":"Point","coordinates":[55.11841,25.23476]}},{"type":"Feature","properties":{"i":0.14},"geometry":{"type":"Point","coordinates":[55.14038,25.23476]}},{"type":"Feature","properties":{"i":0.49},"geometry":{"type":"Point","coordinates":[55.16235,25.23476]}},{"type":"Feature","properties":{"i":0.46},"geometry":{"type":"Point","coordinates":[55.18433,25.23476]}},{"type":"Feature","properties":{"i":0.45},"geometry":{"type":"Point","coordinates":[55.2063,25.23476]}},{"type":"Feature","properties":{"i":0.53},"geometry":{"type":"Point","coordinates":[55.22827,25.23476]}},{"type":"Feature","properties":{"i":1},"geometry":{"type":"Point","coordinates":[55.25024,25.23476]}},{"type":"Feature","properties":{"i":1},"geometry":{"type":"Point","coordinates":[55.27222,25.23476]}},{"type":"Feature","properties":{"i":1},"geometry":{"type":"Point","coordinates":[55.29419,25.23476]}},{"type":"Feature","properties":{"i":1},"geometry":{"type":"Point","coordinates":[55.31616,25.23476]}},{"type":"Feature","properties":{"i":1},"geometry":{"type":"Point","coordinates":[55.33813,25.23476]}},{"type":"Feature","properties":{"i":1},"geometry":{"type":"Point","coordinates":[55.36011,25.23476]}},{"type":"Feature","properties":{"i":1},"geometry":{"type":"Point","coordinates":[55.38208,25.23476]}},{"type":"Feature","properties":{"i":1},"geometry":{"type":"Point","coordinates":[55.40405,25.23476]}},{"type":"Feature","properties":{"i":1},"geometry":{"type":"Point","coordinates":[55.42603,25.23476]}},{"type":"Feature","properties":{"i":1},"geometry":{"type":"Point","coordinates":[55.448,25.23476]}},{"type":"Feature","properties":{"i":1},"geometry":{"type":"Point","coordinates":[55.46997,25.23476]}},{"type":"Feature","properties":{"i":1},"geometry":{"type":"Point","coordinates":[55.49194,25.23476]}},{"type":"Feature","properties":{"i":1},"geometry":{"type":"Point","coordinates":[55.51392,25.23476]}},{"type":"Feature","properties":{"i":1},"geometry":{"type":"Point","coordinates":[55.53589,25.23476]}},{"type":"Feature","properties":{"i":1},"geometry":{"type":"Point","coordinates":[55.55786,25.23476]}},{"type":"Feature","properties":{"i":1},"geometry":{"type":"Point","coordinates":[55.57983,25.23476]}},{"type":"Feature","properties":{"i":1},"geometry":{"type":"Point","coordinates":[55.60181,25.23476]}},{"type":"Feature","properties":{"i":1},"geometry":{"type":"Point","coordinates":[55.62378,25.23476]}},{"type":"Feature","properties":{"i":1},"geometry":{"type":"Point","coordinates":[55.64575,25.23476]}},{"type":"Feature","properties":{"i":1},"geometry":{"type":"Point","coordinates":[55.66772,25.23476]}},{"type":"Feature","properties":{"i":0.99},"geometry":{"type":"Point","coordinates":[55.6897,25.23476]}},{"type":"Feature","properties":{"i":0.4},"geometry":{"type":"Point","coordinates":[55.71167,25.23476]}},{"type":"Feature","properties":{"i":0.73},"geometry":{"type":"Point","coordinates":[55.73364,25.23476]}},{"type":"Feature","properties":{"i":0.66},"geometry":{"type":"Point","coordinates":[55.75562,25.23476]}},{"type":"Feature","properties":{"i":0.69},"geometry":{"type":"Point","coordinates":[55.77759,25.23476]}},{"type":"Feature","properties":{"i":0.67},"geometry":{"type":"Point","coordinates":[55.79956,25.23476]}},{"type":"Feature","properties":{"i":0.99},"geometry":{"type":"Point","coordinates":[55.82153,25.23476]}},{"type":"Feature","properties":{"i":0.95},"geometry":{"type":"Point","coordinates":[55.84351,25.23476]}},{"type":"Feature","properties":{"i":0.78},"geometry":{"type":"Point","coordinates":[55.86548,25.23476]}},{"type":"Feature","properties":{"i":0.88},"geometry":{"type":"Point","coordinates":[55.88745,25.23476]}},{"type":"Feature","properties":{"i":1},"geometry":{"type":"Point","coordinates":[55.90942,25.23476]}},{"type":"Feature","properties":{"i":1},"geometry":{"type":"Point","coordinates":[55.9314,25.23476]}},{"type":"Feature","properties":{"i":0.39},"geometry":{"type":"Point","coordinates":[55.95337,25.23476]}},{"type":"Feature","properties":{"i":0.38},"geometry":{"type":"Point","coordinates":[55.97534,25.23476]}},{"type":"Feature","properties":{"i":0.63},"geometry":{"type":"Point","coordinates":[55.99731,25.23476]}},{"type":"Feature","properties":{"i":0.7},"geometry":{"type":"Point","coordinates":[56.01929,25.23476]}},{"type":"Feature","properties":{"i":0.24},"geometry":{"type":"Point","coordinates":[56.04126,25.23476]}},{"type":"Feature","properties":{"i":0.87},"geometry":{"type":"Point","coordinates":[56.06323,25.23476]}},{"type":"Feature","properties":{"i":0.76},"geometry":{"type":"Point","coordinates":[56.08521,25.23476]}},{"type":"Feature","properties":{"i":0.86},"geometry":{"type":"Point","coordinates":[56.10718,25.23476]}},{"type":"Feature","properties":{"i":0.57},"geometry":{"type":"Point","coordinates":[56.12915,25.23476]}},{"type":"Feature","properties":{"i":0.57},"geometry":{"type":"Point","coordinates":[56.15112,25.23476]}},{"type":"Feature","properties":{"i":0.58},"geometry":{"type":"Point","coordinates":[56.1731,25.23476]}},{"type":"Feature","properties":{"i":0.98},"geometry":{"type":"Point","coordinates":[56.19507,25.23476]}},{"type":"Feature","properties":{"i":0.26},"geometry":{"type":"Point","coordinates":[56.21704,25.23476]}},{"type":"Feature","properties":{"i":0.11},"geometry":{"type":"Point","coordinates":[56.23901,25.23476]}},{"type":"Feature","properties":{"i":0.02},"geometry":{"type":"Point","coordinates":[55.09644,25.21488]}},{"type":"Feature","properties":{"i":0.12},"geometry":{"type":"Point","coordinates":[55.11841,25.21488]}},{"type":"Feature","properties":{"i":0.22},"geometry":{"type":"Point","coordinates":[55.14038,25.21488]}},{"type":"Feature","properties":{"i":0.49},"geometry":{"type":"Point","coordinates":[55.16235,25.21488]}},{"type":"Feature","properties":{"i":0.41},"geometry":{"type":"Point","coordinates":[55.18433,25.21488]}},{"type":"Feature","properties":{"i":0.49},"geometry":{"type":"Point","coordinates":[55.2063,25.21488]}},{"type":"Feature","properties":{"i":1},"geometry":{"type":"Point","coordinates":[55.22827,25.21488]}},{"type":"Feature","properties":{"i":1},"geometry":{"type":"Point","coordinates":[55.25024,25.21488]}},{"type":"Feature","properties":{"i":1},"geometry":{"type":"Point","coordinates":[55.27222,25.21488]}},{"type":"Feature","properties":{"i":1},"geometry":{"type":"Point","coordinates":[55.29419,25.21488]}},{"type":"Feature","properties":{"i":1},"geometry":{"type":"Point","coordinates":[55.31616,25.21488]}},{"type":"Feature","properties":{"i":1},"geometry":{"type":"Point","coordinates":[55.33813,25.21488]}},{"type":"Feature","properties":{"i":1},"geometry":{"type":"Point","coordinates":[55.36011,25.21488]}},{"type":"Feature","properties":{"i":1},"geometry":{"type":"Point","coordinates":[55.38208,25.21488]}},{"type":"Feature","properties":{"i":1},"geometry":{"type":"Point","coordinates":[55.40405,25.21488]}},{"type":"Feature","properties":{"i":1},"geometry":{"type":"Point","coordinates":[55.42603,25.21488]}},{"type":"Feature","properties":{"i":1},"geometry":{"type":"Point","coordinates":[55.448,25.21488]}},{"type":"Feature","properties":{"i":1},"geometry":{"type":"Point","coordinates":[55.46997,25.21488]}},{"type":"Feature","properties":{"i":1},"geometry":{"type":"Point","coordinates":[55.49194,25.21488]}},{"type":"Feature","properties":{"i":1},"geometry":{"type":"Point","coordinates":[55.51392,25.21488]}},{"type":"Feature","properties":{"i":1},"geometry":{"type":"Point","coordinates":[55.53589,25.21488]}},{"type":"Feature","properties":{"i":1},"geometry":{"type":"Point","coordinates":[55.55786,25.21488]}},{"type":"Feature","properties":{"i":1},"geometry":{"type":"Point","coordinates":[55.57983,25.21488]}},{"type":"Feature","properties":{"i":1},"geometry":{"type":"Point","coordinates":[55.60181,25.21488]}},{"type":"Feature","properties":{"i":1},"geometry":{"type":"Point","coordinates":[55.62378,25.21488]}},{"type":"Feature","properties":{"i":1},"geometry":{"type":"Point","coordinates":[55.64575,25.21488]}},{"type":"Feature","properties":{"i":0.73},"geometry":{"type":"Point","coordinates":[55.66772,25.21488]}},{"type":"Feature","properties":{"i":0.55},"geometry":{"type":"Point","coordinates":[55.6897,25.21488]}},{"type":"Feature","properties":{"i":0.78},"geometry":{"type":"Point","coordinates":[55.71167,25.21488]}},{"type":"Feature","properties":{"i":0.95},"geometry":{"type":"Point","coordinates":[55.73364,25.21488]}},{"type":"Feature","properties":{"i":0.17},"geometry":{"type":"Point","coordinates":[55.75562,25.21488]}},{"type":"Feature","properties":{"i":0.19},"geometry":{"type":"Point","coordinates":[55.77759,25.21488]}},{"type":"Feature","properties":{"i":0.22},"geometry":{"type":"Point","coordinates":[55.79956,25.21488]}},{"type":"Feature","properties":{"i":0.59},"geometry":{"type":"Point","coordinates":[55.82153,25.21488]}},{"type":"Feature","properties":{"i":0.31},"geometry":{"type":"Point","coordinates":[55.84351,25.21488]}},{"type":"Feature","properties":{"i":0.62},"geometry":{"type":"Point","coordinates":[55.86548,25.21488]}},{"type":"Feature","properties":{"i":0.74},"geometry":{"type":"Point","coordinates":[55.88745,25.21488]}},{"type":"Feature","properties":{"i":1},"geometry":{"type":"Point","coordinates":[55.90942,25.21488]}},{"type":"Feature","properties":{"i":1},"geometry":{"type":"Point","coordinates":[55.9314,25.21488]}},{"type":"Feature","properties":{"i":0.97},"geometry":{"type":"Point","coordinates":[55.95337,25.21488]}},{"type":"Feature","properties":{"i":0.84},"geometry":{"type":"Point","coordinates":[55.97534,25.21488]}},{"type":"Feature","properties":{"i":0.65},"geometry":{"type":"Point","coordinates":[55.99731,25.21488]}},{"type":"Feature","properties":{"i":0.67},"geometry":{"type":"Point","coordinates":[56.01929,25.21488]}},{"type":"Feature","properties":{"i":0.69},"geometry":{"type":"Point","coordinates":[56.04126,25.21488]}},{"type":"Feature","properties":{"i":0.67},"geometry":{"type":"Point","coordinates":[56.06323,25.21488]}},{"type":"Feature","properties":{"i":0.73},"geometry":{"type":"Point","coordinates":[56.08521,25.21488]}},{"type":"Feature","properties":{"i":0.77},"geometry":{"type":"Point","coordinates":[56.10718,25.21488]}},{"type":"Feature","properties":{"i":0.39},"geometry":{"type":"Point","coordinates":[56.12915,25.21488]}},{"type":"Feature","properties":{"i":0.17},"geometry":{"type":"Point","coordinates":[56.15112,25.21488]}},{"type":"Feature","properties":{"i":0.08},"geometry":{"type":"Point","coordinates":[56.1731,25.21488]}},{"type":"Feature","properties":{"i":0.58},"geometry":{"type":"Point","coordinates":[56.19507,25.21488]}},{"type":"Feature","properties":{"i":0.53},"geometry":{"type":"Point","coordinates":[56.21704,25.21488]}},{"type":"Feature","properties":{"i":0.16},"geometry":{"type":"Point","coordinates":[56.23901,25.21488]}},{"type":"Feature","properties":{"i":0.03},"geometry":{"type":"Point","coordinates":[55.07446,25.195]}},{"type":"Feature","properties":{"i":0.04},"geometry":{"type":"Point","coordinates":[55.09644,25.195]}},{"type":"Feature","properties":{"i":0.16},"geometry":{"type":"Point","coordinates":[55.11841,25.195]}},{"type":"Feature","properties":{"i":0.45},"geometry":{"type":"Point","coordinates":[55.14038,25.195]}},{"type":"Feature","properties":{"i":0.83},"geometry":{"type":"Point","coordinates":[55.16235,25.195]}},{"type":"Feature","properties":{"i":0.68},"geometry":{"type":"Point","coordinates":[55.18433,25.195]}},{"type":"Feature","properties":{"i":0.69},"geometry":{"type":"Point","coordinates":[55.2063,25.195]}},{"type":"Feature","properties":{"i":1},"geometry":{"type":"Point","coordinates":[55.22827,25.195]}},{"type":"Feature","properties":{"i":1},"geometry":{"type":"Point","coordinates":[55.25024,25.195]}},{"type":"Feature","properties":{"i":1},"geometry":{"type":"Point","coordinates":[55.27222,25.195]}},{"type":"Feature","properties":{"i":1},"geometry":{"type":"Point","coordinates":[55.29419,25.195]}},{"type":"Feature","properties":{"i":1},"geometry":{"type":"Point","coordinates":[55.31616,25.195]}},{"type":"Feature","properties":{"i":1},"geometry":{"type":"Point","coordinates":[55.33813,25.195]}},{"type":"Feature","properties":{"i":1},"geometry":{"type":"Point","coordinates":[55.36011,25.195]}},{"type":"Feature","properties":{"i":1},"geometry":{"type":"Point","coordinates":[55.38208,25.195]}},{"type":"Feature","properties":{"i":1},"geometry":{"type":"Point","coordinates":[55.40405,25.195]}},{"type":"Feature","properties":{"i":1},"geometry":{"type":"Point","coordinates":[55.42603,25.195]}},{"type":"Feature","properties":{"i":1},"geometry":{"type":"Point","coordinates":[55.448,25.195]}},{"type":"Feature","properties":{"i":1},"geometry":{"type":"Point","coordinates":[55.46997,25.195]}},{"type":"Feature","properties":{"i":1},"geometry":{"type":"Point","coordinates":[55.49194,25.195]}},{"type":"Feature","properties":{"i":0.96},"geometry":{"type":"Point","coordinates":[55.51392,25.195]}},{"type":"Feature","properties":{"i":1},"geometry":{"type":"Point","coordinates":[55.53589,25.195]}},{"type":"Feature","properties":{"i":1},"geometry":{"type":"Point","coordinates":[55.55786,25.195]}},{"type":"Feature","properties":{"i":1},"geometry":{"type":"Point","coordinates":[55.57983,25.195]}},{"type":"Feature","properties":{"i":1},"geometry":{"type":"Point","coordinates":[55.60181,25.195]}},{"type":"Feature","properties":{"i":0.98},"geometry":{"type":"Point","coordinates":[55.62378,25.195]}},{"type":"Feature","properties":{"i":0.98},"geometry":{"type":"Point","coordinates":[55.64575,25.195]}},{"type":"Feature","properties":{"i":0.69},"geometry":{"type":"Point","coordinates":[55.66772,25.195]}},{"type":"Feature","properties":{"i":0.73},"geometry":{"type":"Point","coordinates":[55.6897,25.195]}},{"type":"Feature","properties":{"i":0.25},"geometry":{"type":"Point","coordinates":[55.71167,25.195]}},{"type":"Feature","properties":{"i":0.8},"geometry":{"type":"Point","coordinates":[55.73364,25.195]}},{"type":"Feature","properties":{"i":0.52},"geometry":{"type":"Point","coordinates":[55.75562,25.195]}},{"type":"Feature","properties":{"i":0.4},"geometry":{"type":"Point","coordinates":[55.77759,25.195]}},{"type":"Feature","properties":{"i":0.96},"geometry":{"type":"Point","coordinates":[55.79956,25.195]}},{"type":"Feature","properties":{"i":0.96},"geometry":{"type":"Point","coordinates":[55.82153,25.195]}},{"type":"Feature","properties":{"i":0.9},"geometry":{"type":"Point","coordinates":[55.84351,25.195]}},{"type":"Feature","properties":{"i":1},"geometry":{"type":"Point","coordinates":[55.86548,25.195]}},{"type":"Feature","properties":{"i":1},"geometry":{"type":"Point","coordinates":[55.88745,25.195]}},{"type":"Feature","properties":{"i":1},"geometry":{"type":"Point","coordinates":[55.90942,25.195]}},{"type":"Feature","properties":{"i":0.69},"geometry":{"type":"Point","coordinates":[55.9314,25.195]}},{"type":"Feature","properties":{"i":1},"geometry":{"type":"Point","coordinates":[55.95337,25.195]}},{"type":"Feature","properties":{"i":0.52},"geometry":{"type":"Point","coordinates":[55.97534,25.195]}},{"type":"Feature","properties":{"i":0.84},"geometry":{"type":"Point","coordinates":[55.99731,25.195]}},{"type":"Feature","properties":{"i":0.62},"geometry":{"type":"Point","coordinates":[56.01929,25.195]}},{"type":"Feature","properties":{"i":1},"geometry":{"type":"Point","coordinates":[56.04126,25.195]}},{"type":"Feature","properties":{"i":0.48},"geometry":{"type":"Point","coordinates":[56.06323,25.195]}},{"type":"Feature","properties":{"i":0.16},"geometry":{"type":"Point","coordinates":[56.08521,25.195]}},{"type":"Feature","properties":{"i":0.11},"geometry":{"type":"Point","coordinates":[56.10718,25.195]}},{"type":"Feature","properties":{"i":0.04},"geometry":{"type":"Point","coordinates":[56.12915,25.195]}},{"type":"Feature","properties":{"i":0.04},"geometry":{"type":"Point","coordinates":[56.15112,25.195]}},{"type":"Feature","properties":{"i":0.03},"geometry":{"type":"Point","coordinates":[56.1731,25.195]}},{"type":"Feature","properties":{"i":0.04},"geometry":{"type":"Point","coordinates":[56.19507,25.195]}},{"type":"Feature","properties":{"i":0.8},"geometry":{"type":"Point","coordinates":[56.21704,25.195]}},{"type":"Feature","properties":{"i":0.97},"geometry":{"type":"Point","coordinates":[56.23901,25.195]}},{"type":"Feature","properties":{"i":0.03},"geometry":{"type":"Point","coordinates":[55.05249,25.17512]}},{"type":"Feature","properties":{"i":0.05},"geometry":{"type":"Point","coordinates":[55.07446,25.17512]}},{"type":"Feature","properties":{"i":0.1},"geometry":{"type":"Point","coordinates":[55.09644,25.17512]}},{"type":"Feature","properties":{"i":0.3},"geometry":{"type":"Point","coordinates":[55.11841,25.17512]}},{"type":"Feature","properties":{"i":0.4},"geometry":{"type":"Point","coordinates":[55.14038,25.17512]}},{"type":"Feature","properties":{"i":0.42},"geometry":{"type":"Point","coordinates":[55.16235,25.17512]}},{"type":"Feature","properties":{"i":0.67},"geometry":{"type":"Point","coordinates":[55.18433,25.17512]}},{"type":"Feature","properties":{"i":1},"geometry":{"type":"Point","coordinates":[55.2063,25.17512]}},{"type":"Feature","properties":{"i":1},"geometry":{"type":"Point","coordinates":[55.22827,25.17512]}},{"type":"Feature","properties":{"i":1},"geometry":{"type":"Point","coordinates":[55.25024,25.17512]}},{"type":"Feature","properties":{"i":1},"geometry":{"type":"Point","coordinates":[55.27222,25.17512]}},{"type":"Feature","properties":{"i":1},"geometry":{"type":"Point","coordinates":[55.29419,25.17512]}},{"type":"Feature","properties":{"i":1},"geometry":{"type":"Point","coordinates":[55.31616,25.17512]}},{"type":"Feature","properties":{"i":1},"geometry":{"type":"Point","coordinates":[55.33813,25.17512]}},{"type":"Feature","properties":{"i":1},"geometry":{"type":"Point","coordinates":[55.36011,25.17512]}},{"type":"Feature","properties":{"i":1},"geometry":{"type":"Point","coordinates":[55.38208,25.17512]}},{"type":"Feature","properties":{"i":1},"geometry":{"type":"Point","coordinates":[55.40405,25.17512]}},{"type":"Feature","properties":{"i":1},"geometry":{"type":"Point","coordinates":[55.42603,25.17512]}},{"type":"Feature","properties":{"i":1},"geometry":{"type":"Point","coordinates":[55.448,25.17512]}},{"type":"Feature","properties":{"i":1},"geometry":{"type":"Point","coordinates":[55.46997,25.17512]}},{"type":"Feature","properties":{"i":1},"geometry":{"type":"Point","coordinates":[55.49194,25.17512]}},{"type":"Feature","properties":{"i":1},"geometry":{"type":"Point","coordinates":[55.51392,25.17512]}},{"type":"Feature","properties":{"i":1},"geometry":{"type":"Point","coordinates":[55.53589,25.17512]}},{"type":"Feature","properties":{"i":1},"geometry":{"type":"Point","coordinates":[55.55786,25.17512]}},{"type":"Feature","properties":{"i":1},"geometry":{"type":"Point","coordinates":[55.57983,25.17512]}},{"type":"Feature","properties":{"i":0.5},"geometry":{"type":"Point","coordinates":[55.60181,25.17512]}},{"type":"Feature","properties":{"i":0.71},"geometry":{"type":"Point","coordinates":[55.62378,25.17512]}},{"type":"Feature","properties":{"i":0.96},"geometry":{"type":"Point","coordinates":[55.64575,25.17512]}},{"type":"Feature","properties":{"i":0.28},"geometry":{"type":"Point","coordinates":[55.66772,25.17512]}},{"type":"Feature","properties":{"i":0.71},"geometry":{"type":"Point","coordinates":[55.6897,25.17512]}},{"type":"Feature","properties":{"i":0.93},"geometry":{"type":"Point","coordinates":[55.71167,25.17512]}},{"type":"Feature","properties":{"i":0.93},"geometry":{"type":"Point","coordinates":[55.73364,25.17512]}},{"type":"Feature","properties":{"i":0.62},"geometry":{"type":"Point","coordinates":[55.75562,25.17512]}},{"type":"Feature","properties":{"i":0.5},"geometry":{"type":"Point","coordinates":[55.77759,25.17512]}},{"type":"Feature","properties":{"i":0.93},"geometry":{"type":"Point","coordinates":[55.79956,25.17512]}},{"type":"Feature","properties":{"i":0.89},"geometry":{"type":"Point","coordinates":[55.82153,25.17512]}},{"type":"Feature","properties":{"i":0.62},"geometry":{"type":"Point","coordinates":[55.84351,25.17512]}},{"type":"Feature","properties":{"i":0.9},"geometry":{"type":"Point","coordinates":[55.86548,25.17512]}},{"type":"Feature","properties":{"i":1},"geometry":{"type":"Point","coordinates":[55.88745,25.17512]}},{"type":"Feature","properties":{"i":0.97},"geometry":{"type":"Point","coordinates":[55.90942,25.17512]}},{"type":"Feature","properties":{"i":0.79},"geometry":{"type":"Point","coordinates":[55.9314,25.17512]}},{"type":"Feature","properties":{"i":0.67},"geometry":{"type":"Point","coordinates":[55.95337,25.17512]}},{"type":"Feature","properties":{"i":0.56},"geometry":{"type":"Point","coordinates":[55.97534,25.17512]}},{"type":"Feature","properties":{"i":0.62},"geometry":{"type":"Point","coordinates":[55.99731,25.17512]}},{"type":"Feature","properties":{"i":0.69},"geometry":{"type":"Point","coordinates":[56.01929,25.17512]}},{"type":"Feature","properties":{"i":0.84},"geometry":{"type":"Point","coordinates":[56.04126,25.17512]}},{"type":"Feature","properties":{"i":0.66},"geometry":{"type":"Point","coordinates":[56.06323,25.17512]}},{"type":"Feature","properties":{"i":0.95},"geometry":{"type":"Point","coordinates":[56.08521,25.17512]}},{"type":"Feature","properties":{"i":0.82},"geometry":{"type":"Point","coordinates":[56.10718,25.17512]}},{"type":"Feature","properties":{"i":0.42},"geometry":{"type":"Point","coordinates":[56.12915,25.17512]}},{"type":"Feature","properties":{"i":0.05},"geometry":{"type":"Point","coordinates":[56.15112,25.17512]}},{"type":"Feature","properties":{"i":0.07},"geometry":{"type":"Point","coordinates":[56.1731,25.17512]}},{"type":"Feature","properties":{"i":0.08},"geometry":{"type":"Point","coordinates":[56.19507,25.17512]}},{"type":"Feature","properties":{"i":0.67},"geometry":{"type":"Point","coordinates":[56.21704,25.17512]}},{"type":"Feature","properties":{"i":0.91},"geometry":{"type":"Point","coordinates":[56.23901,25.17512]}},{"type":"Feature","properties":{"i":0.04},"geometry":{"type":"Point","coordinates":[55.05249,25.15523]}},{"type":"Feature","properties":{"i":0.11},"geometry":{"type":"Point","coordinates":[55.07446,25.15523]}},{"type":"Feature","properties":{"i":0.22},"geometry":{"type":"Point","coordinates":[55.09644,25.15523]}},{"type":"Feature","properties":{"i":0.34},"geometry":{"type":"Point","coordinates":[55.11841,25.15523]}},{"type":"Feature","properties":{"i":0.42},"geometry":{"type":"Point","coordinates":[55.14038,25.15523]}},{"type":"Feature","properties":{"i":0.51},"geometry":{"type":"Point","coordinates":[55.16235,25.15523]}},{"type":"Feature","properties":{"i":1},"geometry":{"type":"Point","coordinates":[55.18433,25.15523]}},{"type":"Feature","properties":{"i":1},"geometry":{"type":"Point","coordinates":[55.2063,25.15523]}},{"type":"Feature","properties":{"i":1},"geometry":{"type":"Point","coordinates":[55.22827,25.15523]}},{"type":"Feature","properties":{"i":1},"geometry":{"type":"Point","coordinates":[55.25024,25.15523]}},{"type":"Feature","properties":{"i":1},"geometry":{"type":"Point","coordinates":[55.27222,25.15523]}},{"type":"Feature","properties":{"i":1},"geometry":{"type":"Point","coordinates":[55.29419,25.15523]}},{"type":"Feature","properties":{"i":1},"geometry":{"type":"Point","coordinates":[55.31616,25.15523]}},{"type":"Feature","properties":{"i":1},"geometry":{"type":"Point","coordinates":[55.33813,25.15523]}},{"type":"Feature","properties":{"i":1},"geometry":{"type":"Point","coordinates":[55.36011,25.15523]}},{"type":"Feature","properties":{"i":1},"geometry":{"type":"Point","coordinates":[55.38208,25.15523]}},{"type":"Feature","properties":{"i":1},"geometry":{"type":"Point","coordinates":[55.40405,25.15523]}},{"type":"Feature","properties":{"i":1},"geometry":{"type":"Point","coordinates":[55.42603,25.15523]}},{"type":"Feature","properties":{"i":1},"geometry":{"type":"Point","coordinates":[55.448,25.15523]}},{"type":"Feature","properties":{"i":1},"geometry":{"type":"Point","coordinates":[55.46997,25.15523]}},{"type":"Feature","properties":{"i":1},"geometry":{"type":"Point","coordinates":[55.49194,25.15523]}},{"type":"Feature","properties":{"i":1},"geometry":{"type":"Point","coordinates":[55.51392,25.15523]}},{"type":"Feature","properties":{"i":1},"geometry":{"type":"Point","coordinates":[55.53589,25.15523]}},{"type":"Feature","properties":{"i":0.55},"geometry":{"type":"Point","coordinates":[55.55786,25.15523]}},{"type":"Feature","properties":{"i":0.41},"geometry":{"type":"Point","coordinates":[55.57983,25.15523]}},{"type":"Feature","properties":{"i":0.31},"geometry":{"type":"Point","coordinates":[55.60181,25.15523]}},{"type":"Feature","properties":{"i":0.26},"geometry":{"type":"Point","coordinates":[55.62378,25.15523]}},{"type":"Feature","properties":{"i":0.75},"geometry":{"type":"Point","coordinates":[55.64575,25.15523]}},{"type":"Feature","properties":{"i":0.63},"geometry":{"type":"Point","coordinates":[55.66772,25.15523]}},{"type":"Feature","properties":{"i":0.67},"geometry":{"type":"Point","coordinates":[55.6897,25.15523]}},{"type":"Feature","properties":{"i":0.27},"geometry":{"type":"Point","coordinates":[55.71167,25.15523]}},{"type":"Feature","properties":{"i":0.76},"geometry":{"type":"Point","coordinates":[55.73364,25.15523]}},{"type":"Feature","properties":{"i":0.76},"geometry":{"type":"Point","coordinates":[55.75562,25.15523]}},{"type":"Feature","properties":{"i":0.55},"geometry":{"type":"Point","coordinates":[55.77759,25.15523]}},{"type":"Feature","properties":{"i":0.49},"geometry":{"type":"Point","coordinates":[55.79956,25.15523]}},{"type":"Feature","properties":{"i":0.52},"geometry":{"type":"Point","coordinates":[55.82153,25.15523]}},{"type":"Feature","properties":{"i":0.56},"geometry":{"type":"Point","coordinates":[55.84351,25.15523]}},{"type":"Feature","properties":{"i":1},"geometry":{"type":"Point","coordinates":[55.86548,25.15523]}},{"type":"Feature","properties":{"i":0.98},"geometry":{"type":"Point","coordinates":[55.88745,25.15523]}},{"type":"Feature","properties":{"i":0.73},"geometry":{"type":"Point","coordinates":[55.90942,25.15523]}},{"type":"Feature","properties":{"i":0.5},"geometry":{"type":"Point","coordinates":[55.9314,25.15523]}},{"type":"Feature","properties":{"i":0.58},"geometry":{"type":"Point","coordinates":[55.95337,25.15523]}},{"type":"Feature","properties":{"i":0.76},"geometry":{"type":"Point","coordinates":[55.97534,25.15523]}},{"type":"Feature","properties":{"i":0.59},"geometry":{"type":"Point","coordinates":[55.99731,25.15523]}},{"type":"Feature","properties":{"i":0.91},"geometry":{"type":"Point","coordinates":[56.01929,25.15523]}},{"type":"Feature","properties":{"i":0.75},"geometry":{"type":"Point","coordinates":[56.04126,25.15523]}},{"type":"Feature","properties":{"i":0.74},"geometry":{"type":"Point","coordinates":[56.06323,25.15523]}},{"type":"Feature","properties":{"i":0.8},"geometry":{"type":"Point","coordinates":[56.08521,25.15523]}},{"type":"Feature","properties":{"i":0.76},"geometry":{"type":"Point","coordinates":[56.10718,25.15523]}},{"type":"Feature","properties":{"i":0.95},"geometry":{"type":"Point","coordinates":[56.12915,25.15523]}},{"type":"Feature","properties":{"i":0.78},"geometry":{"type":"Point","coordinates":[56.15112,25.15523]}},{"type":"Feature","properties":{"i":0.79},"geometry":{"type":"Point","coordinates":[56.1731,25.15523]}},{"type":"Feature","properties":{"i":0.6},"geometry":{"type":"Point","coordinates":[56.19507,25.15523]}},{"type":"Feature","properties":{"i":0.86},"geometry":{"type":"Point","coordinates":[56.21704,25.15523]}},{"type":"Feature","properties":{"i":1},"geometry":{"type":"Point","coordinates":[56.23901,25.15523]}},{"type":"Feature","properties":{"i":0.04},"geometry":{"type":"Point","coordinates":[55.03052,25.13534]}},{"type":"Feature","properties":{"i":0.1},"geometry":{"type":"Point","coordinates":[55.05249,25.13534]}},{"type":"Feature","properties":{"i":0.18},"geometry":{"type":"Point","coordinates":[55.07446,25.13534]}},{"type":"Feature","properties":{"i":0.38},"geometry":{"type":"Point","coordinates":[55.09644,25.13534]}},{"type":"Feature","properties":{"i":1},"geometry":{"type":"Point","coordinates":[55.11841,25.13534]}},{"type":"Feature","properties":{"i":1},"geometry":{"type":"Point","coordinates":[55.14038,25.13534]}},{"type":"Feature","properties":{"i":1},"geometry":{"type":"Point","coordinates":[55.16235,25.13534]}},{"type":"Feature","properties":{"i":1},"geometry":{"type":"Point","coordinates":[55.18433,25.13534]}},{"type":"Feature","properties":{"i":1},"geometry":{"type":"Point","coordinates":[55.2063,25.13534]}},{"type":"Feature","properties":{"i":1},"geometry":{"type":"Point","coordinates":[55.22827,25.13534]}},{"type":"Feature","properties":{"i":1},"geometry":{"type":"Point","coordinates":[55.25024,25.13534]}},{"type":"Feature","properties":{"i":1},"geometry":{"type":"Point","coordinates":[55.27222,25.13534]}},{"type":"Feature","properties":{"i":1},"geometry":{"type":"Point","coordinates":[55.29419,25.13534]}},{"type":"Feature","properties":{"i":1},"geometry":{"type":"Point","coordinates":[55.31616,25.13534]}},{"type":"Feature","properties":{"i":1},"geometry":{"type":"Point","coordinates":[55.33813,25.13534]}},{"type":"Feature","properties":{"i":1},"geometry":{"type":"Point","coordinates":[55.36011,25.13534]}},{"type":"Feature","properties":{"i":1},"geometry":{"type":"Point","coordinates":[55.38208,25.13534]}},{"type":"Feature","properties":{"i":1},"geometry":{"type":"Point","coordinates":[55.40405,25.13534]}},{"type":"Feature","properties":{"i":1},"geometry":{"type":"Point","coordinates":[55.42603,25.13534]}},{"type":"Feature","properties":{"i":1},"geometry":{"type":"Point","coordinates":[55.448,25.13534]}},{"type":"Feature","properties":{"i":1},"geometry":{"type":"Point","coordinates":[55.46997,25.13534]}},{"type":"Feature","properties":{"i":1},"geometry":{"type":"Point","coordinates":[55.49194,25.13534]}},{"type":"Feature","properties":{"i":1},"geometry":{"type":"Point","coordinates":[55.51392,25.13534]}},{"type":"Feature","properties":{"i":0.87},"geometry":{"type":"Point","coordinates":[55.53589,25.13534]}},{"type":"Feature","properties":{"i":0.94},"geometry":{"type":"Point","coordinates":[55.55786,25.13534]}},{"type":"Feature","properties":{"i":0.3},"geometry":{"type":"Point","coordinates":[55.57983,25.13534]}},{"type":"Feature","properties":{"i":0.27},"geometry":{"type":"Point","coordinates":[55.60181,25.13534]}},{"type":"Feature","properties":{"i":0.22},"geometry":{"type":"Point","coordinates":[55.62378,25.13534]}},{"type":"Feature","properties":{"i":0.76},"geometry":{"type":"Point","coordinates":[55.64575,25.13534]}},{"type":"Feature","properties":{"i":0.27},"geometry":{"type":"Point","coordinates":[55.66772,25.13534]}},{"type":"Feature","properties":{"i":0.34},"geometry":{"type":"Point","coordinates":[55.6897,25.13534]}},{"type":"Feature","properties":{"i":0.16},"geometry":{"type":"Point","coordinates":[55.71167,25.13534]}},{"type":"Feature","properties":{"i":0.88},"geometry":{"type":"Point","coordinates":[55.73364,25.13534]}},{"type":"Feature","properties":{"i":0.79},"geometry":{"type":"Point","coordinates":[55.75562,25.13534]}},{"type":"Feature","properties":{"i":0.65},"geometry":{"type":"Point","coordinates":[55.77759,25.13534]}},{"type":"Feature","properties":{"i":0.19},"geometry":{"type":"Point","coordinates":[55.79956,25.13534]}},{"type":"Feature","properties":{"i":0.15},"geometry":{"type":"Point","coordinates":[55.82153,25.13534]}},{"type":"Feature","properties":{"i":0.45},"geometry":{"type":"Point","coordinates":[55.84351,25.13534]}},{"type":"Feature","properties":{"i":0.72},"geometry":{"type":"Point","coordinates":[55.86548,25.13534]}},{"type":"Feature","properties":{"i":1},"geometry":{"type":"Point","coordinates":[55.88745,25.13534]}},{"type":"Feature","properties":{"i":0.92},"geometry":{"type":"Point","coordinates":[55.90942,25.13534]}},{"type":"Feature","properties":{"i":0.53},"geometry":{"type":"Point","coordinates":[55.9314,25.13534]}},{"type":"Feature","properties":{"i":0.67},"geometry":{"type":"Point","coordinates":[55.95337,25.13534]}},{"type":"Feature","properties":{"i":0.58},"geometry":{"type":"Point","coordinates":[55.97534,25.13534]}},{"type":"Feature","properties":{"i":0.55},"geometry":{"type":"Point","coordinates":[55.99731,25.13534]}},{"type":"Feature","properties":{"i":0.18},"geometry":{"type":"Point","coordinates":[56.01929,25.13534]}},{"type":"Feature","properties":{"i":0.87},"geometry":{"type":"Point","coordinates":[56.04126,25.13534]}},{"type":"Feature","properties":{"i":0.53},"geometry":{"type":"Point","coordinates":[56.06323,25.13534]}},{"type":"Feature","properties":{"i":0.02},"geometry":{"type":"Point","coordinates":[56.08521,25.13534]}},{"type":"Feature","properties":{"i":0.04},"geometry":{"type":"Point","coordinates":[56.10718,25.13534]}},{"type":"Feature","properties":{"i":0.14},"geometry":{"type":"Point","coordinates":[56.19507,25.13534]}},{"type":"Feature","properties":{"i":0.92},"geometry":{"type":"Point","coordinates":[56.21704,25.13534]}},{"type":"Feature","properties":{"i":1},"geometry":{"type":"Point","coordinates":[56.23901,25.13534]}},{"type":"Feature","properties":{"i":0.02},"geometry":{"type":"Point","coordinates":[54.98657,25.11545]}},{"type":"Feature","properties":{"i":0.02},"geometry":{"type":"Point","coordinates":[55.00854,25.11545]}},{"type":"Feature","properties":{"i":0.08},"geometry":{"type":"Point","coordinates":[55.03052,25.11545]}},{"type":"Feature","properties":{"i":0.14},"geometry":{"type":"Point","coordinates":[55.05249,25.11545]}},{"type":"Feature","properties":{"i":0.24},"geometry":{"type":"Point","coordinates":[55.07446,25.11545]}},{"type":"Feature","properties":{"i":0.74},"geometry":{"type":"Point","coordinates":[55.09644,25.11545]}},{"type":"Feature","properties":{"i":1},"geometry":{"type":"Point","coordinates":[55.11841,25.11545]}},{"type":"Feature","properties":{"i":1},"geometry":{"type":"Point","coordinates":[55.14038,25.11545]}},{"type":"Feature","properties":{"i":1},"geometry":{"type":"Point","coordinates":[55.16235,25.11545]}},{"type":"Feature","properties":{"i":1},"geometry":{"type":"Point","coordinates":[55.18433,25.11545]}},{"type":"Feature","properties":{"i":1},"geometry":{"type":"Point","coordinates":[55.2063,25.11545]}},{"type":"Feature","properties":{"i":1},"geometry":{"type":"Point","coordinates":[55.22827,25.11545]}},{"type":"Feature","properties":{"i":1},"geometry":{"type":"Point","coordinates":[55.25024,25.11545]}},{"type":"Feature","properties":{"i":1},"geometry":{"type":"Point","coordinates":[55.27222,25.11545]}},{"type":"Feature","properties":{"i":1},"geometry":{"type":"Point","coordinates":[55.29419,25.11545]}},{"type":"Feature","properties":{"i":0.88},"geometry":{"type":"Point","coordinates":[55.31616,25.11545]}},{"type":"Feature","properties":{"i":1},"geometry":{"type":"Point","coordinates":[55.33813,25.11545]}},{"type":"Feature","properties":{"i":1},"geometry":{"type":"Point","coordinates":[55.36011,25.11545]}},{"type":"Feature","properties":{"i":1},"geometry":{"type":"Point","coordinates":[55.38208,25.11545]}},{"type":"Feature","properties":{"i":1},"geometry":{"type":"Point","coordinates":[55.40405,25.11545]}},{"type":"Feature","properties":{"i":1},"geometry":{"type":"Point","coordinates":[55.42603,25.11545]}},{"type":"Feature","properties":{"i":1},"geometry":{"type":"Point","coordinates":[55.448,25.11545]}},{"type":"Feature","properties":{"i":0.57},"geometry":{"type":"Point","coordinates":[55.46997,25.11545]}},{"type":"Feature","properties":{"i":0.51},"geometry":{"type":"Point","coordinates":[55.49194,25.11545]}},{"type":"Feature","properties":{"i":0.64},"geometry":{"type":"Point","coordinates":[55.51392,25.11545]}},{"type":"Feature","properties":{"i":0.76},"geometry":{"type":"Point","coordinates":[55.53589,25.11545]}},{"type":"Feature","properties":{"i":0.94},"geometry":{"type":"Point","coordinates":[55.55786,25.11545]}},{"type":"Feature","properties":{"i":0.66},"geometry":{"type":"Point","coordinates":[55.57983,25.11545]}},{"type":"Feature","properties":{"i":0.33},"geometry":{"type":"Point","coordinates":[55.60181,25.11545]}},{"type":"Feature","properties":{"i":0.26},"geometry":{"type":"Point","coordinates":[55.62378,25.11545]}},{"type":"Feature","properties":{"i":0.69},"geometry":{"type":"Point","coordinates":[55.64575,25.11545]}},{"type":"Feature","properties":{"i":0.54},"geometry":{"type":"Point","coordinates":[55.66772,25.11545]}},{"type":"Feature","properties":{"i":0.22},"geometry":{"type":"Point","coordinates":[55.6897,25.11545]}},{"type":"Feature","properties":{"i":0.18},"geometry":{"type":"Point","coordinates":[55.71167,25.11545]}},{"type":"Feature","properties":{"i":0.44},"geometry":{"type":"Point","coordinates":[55.73364,25.11545]}},{"type":"Feature","properties":{"i":0.49},"geometry":{"type":"Point","coordinates":[55.75562,25.11545]}},{"type":"Feature","properties":{"i":0.75},"geometry":{"type":"Point","coordinates":[55.77759,25.11545]}},{"type":"Feature","properties":{"i":0.7},"geometry":{"type":"Point","coordinates":[55.79956,25.11545]}},{"type":"Feature","properties":{"i":0.19},"geometry":{"type":"Point","coordinates":[55.82153,25.11545]}},{"type":"Feature","properties":{"i":0.58},"geometry":{"type":"Point","coordinates":[55.84351,25.11545]}},{"type":"Feature","properties":{"i":0.71},"geometry":{"type":"Point","coordinates":[55.86548,25.11545]}},{"type":"Feature","properties":{"i":0.98},"geometry":{"type":"Point","coordinates":[55.88745,25.11545]}},{"type":"Feature","properties":{"i":0.3},"geometry":{"type":"Point","coordinates":[55.90942,25.11545]}},{"type":"Feature","properties":{"i":0.88},"geometry":{"type":"Point","coordinates":[55.9314,25.11545]}},{"type":"Feature","properties":{"i":0.98},"geometry":{"type":"Point","coordinates":[55.95337,25.11545]}},{"type":"Feature","properties":{"i":0.92},"geometry":{"type":"Point","coordinates":[55.97534,25.11545]}},{"type":"Feature","properties":{"i":0.14},"geometry":{"type":"Point","coordinates":[55.99731,25.11545]}},{"type":"Feature","properties":{"i":0.48},"geometry":{"type":"Point","coordinates":[56.01929,25.11545]}},{"type":"Feature","properties":{"i":0.05},"geometry":{"type":"Point","coordinates":[56.04126,25.11545]}},{"type":"Feature","properties":{"i":0.55},"geometry":{"type":"Point","coordinates":[56.12915,25.11545]}},{"type":"Feature","properties":{"i":0.49},"geometry":{"type":"Point","coordinates":[56.15112,25.11545]}},{"type":"Feature","properties":{"i":0.4},"geometry":{"type":"Point","coordinates":[56.19507,25.11545]}},{"type":"Feature","properties":{"i":0.4},"geometry":{"type":"Point","coordinates":[56.21704,25.11545]}},{"type":"Feature","properties":{"i":0.36},"geometry":{"type":"Point","coordinates":[56.23901,25.11545]}},{"type":"Feature","properties":{"i":0.03},"geometry":{"type":"Point","coordinates":[54.98657,25.09555]}},{"type":"Feature","properties":{"i":0.07},"geometry":{"type":"Point","coordinates":[55.00854,25.09555]}},{"type":"Feature","properties":{"i":0.12},"geometry":{"type":"Point","coordinates":[55.03052,25.09555]}},{"type":"Feature","properties":{"i":0.28},"geometry":{"type":"Point","coordinates":[55.05249,25.09555]}},{"type":"Feature","properties":{"i":0.39},"geometry":{"type":"Point","coordinates":[55.07446,25.09555]}},{"type":"Feature","properties":{"i":0.63},"geometry":{"type":"Point","coordinates":[55.09644,25.09555]}},{"type":"Feature","properties":{"i":1},"geometry":{"type":"Point","coordinates":[55.11841,25.09555]}},{"type":"Feature","properties":{"i":1},"geometry":{"type":"Point","coordinates":[55.14038,25.09555]}},{"type":"Feature","properties":{"i":1},"geometry":{"type":"Point","coordinates":[55.16235,25.09555]}},{"type":"Feature","properties":{"i":1},"geometry":{"type":"Point","coordinates":[55.18433,25.09555]}},{"type":"Feature","properties":{"i":1},"geometry":{"type":"Point","coordinates":[55.2063,25.09555]}},{"type":"Feature","properties":{"i":1},"geometry":{"type":"Point","coordinates":[55.22827,25.09555]}},{"type":"Feature","properties":{"i":1},"geometry":{"type":"Point","coordinates":[55.25024,25.09555]}},{"type":"Feature","properties":{"i":1},"geometry":{"type":"Point","coordinates":[55.27222,25.09555]}},{"type":"Feature","properties":{"i":1},"geometry":{"type":"Point","coordinates":[55.29419,25.09555]}},{"type":"Feature","properties":{"i":1},"geometry":{"type":"Point","coordinates":[55.31616,25.09555]}},{"type":"Feature","properties":{"i":1},"geometry":{"type":"Point","coordinates":[55.33813,25.09555]}},{"type":"Feature","properties":{"i":1},"geometry":{"type":"Point","coordinates":[55.36011,25.09555]}},{"type":"Feature","properties":{"i":1},"geometry":{"type":"Point","coordinates":[55.38208,25.09555]}},{"type":"Feature","properties":{"i":1},"geometry":{"type":"Point","coordinates":[55.40405,25.09555]}},{"type":"Feature","properties":{"i":1},"geometry":{"type":"Point","coordinates":[55.42603,25.09555]}},{"type":"Feature","properties":{"i":0.49},"geometry":{"type":"Point","coordinates":[55.448,25.09555]}},{"type":"Feature","properties":{"i":0.52},"geometry":{"type":"Point","coordinates":[55.46997,25.09555]}},{"type":"Feature","properties":{"i":0.48},"geometry":{"type":"Point","coordinates":[55.49194,25.09555]}},{"type":"Feature","properties":{"i":0.67},"geometry":{"type":"Point","coordinates":[55.51392,25.09555]}},{"type":"Feature","properties":{"i":0.75},"geometry":{"type":"Point","coordinates":[55.53589,25.09555]}},{"type":"Feature","properties":{"i":0.75},"geometry":{"type":"Point","coordinates":[55.55786,25.09555]}},{"type":"Feature","properties":{"i":0.66},"geometry":{"type":"Point","coordinates":[55.57983,25.09555]}},{"type":"Feature","properties":{"i":0.3},"geometry":{"type":"Point","coordinates":[55.60181,25.09555]}},{"type":"Feature","properties":{"i":0.55},"geometry":{"type":"Point","coordinates":[55.62378,25.09555]}},{"type":"Feature","properties":{"i":0.98},"geometry":{"type":"Point","coordinates":[55.64575,25.09555]}},{"type":"Feature","properties":{"i":0.99},"geometry":{"type":"Point","coordinates":[55.66772,25.09555]}},{"type":"Feature","properties":{"i":0.35},"geometry":{"type":"Point","coordinates":[55.6897,25.09555]}},{"type":"Feature","properties":{"i":0.4},"geometry":{"type":"Point","coordinates":[55.71167,25.09555]}},{"type":"Feature","properties":{"i":0.4},"geometry":{"type":"Point","coordinates":[55.73364,25.09555]}},{"type":"Feature","properties":{"i":0.16},"geometry":{"type":"Point","coordinates":[55.75562,25.09555]}},{"type":"Feature","properties":{"i":0.34},"geometry":{"type":"Point","coordinates":[55.77759,25.09555]}},{"type":"Feature","properties":{"i":0.68},"geometry":{"type":"Point","coordinates":[55.79956,25.09555]}},{"type":"Feature","properties":{"i":0.17},"geometry":{"type":"Point","coordinates":[55.82153,25.09555]}},{"type":"Feature","properties":{"i":0.67},"geometry":{"type":"Point","coordinates":[55.84351,25.09555]}},{"type":"Feature","properties":{"i":0.88},"geometry":{"type":"Point","coordinates":[55.86548,25.09555]}},{"type":"Feature","properties":{"i":0.35},"geometry":{"type":"Point","coordinates":[55.88745,25.09555]}},{"type":"Feature","properties":{"i":0.49},"geometry":{"type":"Point","coordinates":[55.90942,25.09555]}},{"type":"Feature","properties":{"i":0.67},"geometry":{"type":"Point","coordinates":[55.9314,25.09555]}},{"type":"Feature","properties":{"i":0.6},"geometry":{"type":"Point","coordinates":[55.95337,25.09555]}},{"type":"Feature","properties":{"i":0.64},"geometry":{"type":"Point","coordinates":[55.97534,25.09555]}},{"type":"Feature","properties":{"i":0.71},"geometry":{"type":"Point","coordinates":[55.99731,25.09555]}},{"type":"Feature","properties":{"i":0.62},"geometry":{"type":"Point","coordinates":[56.01929,25.09555]}},{"type":"Feature","properties":{"i":0.36},"geometry":{"type":"Point","coordinates":[56.04126,25.09555]}},{"type":"Feature","properties":{"i":0.41},"geometry":{"type":"Point","coordinates":[56.12915,25.09555]}},{"type":"Feature","properties":{"i":0.59},"geometry":{"type":"Point","coordinates":[56.15112,25.09555]}},{"type":"Feature","properties":{"i":0.03},"geometry":{"type":"Point","coordinates":[56.1731,25.09555]}},{"type":"Feature","properties":{"i":0.74},"geometry":{"type":"Point","coordinates":[56.19507,25.09555]}},{"type":"Feature","properties":{"i":0.31},"geometry":{"type":"Point","coordinates":[56.21704,25.09555]}},{"type":"Feature","properties":{"i":0.5},"geometry":{"type":"Point","coordinates":[56.23901,25.09555]}},{"type":"Feature","properties":{"i":0.65},"geometry":{"type":"Point","coordinates":[54.9646,25.07565]}},{"type":"Feature","properties":{"i":0.65},"geometry":{"type":"Point","coordinates":[54.98657,25.07565]}},{"type":"Feature","properties":{"i":0.17},"geometry":{"type":"Point","coordinates":[55.00854,25.07565]}},{"type":"Feature","properties":{"i":0.22},"geometry":{"type":"Point","coordinates":[55.03052,25.07565]}},{"type":"Feature","properties":{"i":0.31},"geometry":{"type":"Point","coordinates":[55.05249,25.07565]}},{"type":"Feature","properties":{"i":0.58},"geometry":{"type":"Point","coordinates":[55.07446,25.07565]}},{"type":"Feature","properties":{"i":0.75},"geometry":{"type":"Point","coordinates":[55.09644,25.07565]}},{"type":"Feature","properties":{"i":1},"geometry":{"type":"Point","coordinates":[55.11841,25.07565]}},{"type":"Feature","properties":{"i":1},"geometry":{"type":"Point","coordinates":[55.14038,25.07565]}},{"type":"Feature","properties":{"i":1},"geometry":{"type":"Point","coordinates":[55.16235,25.07565]}},{"type":"Feature","properties":{"i":1},"geometry":{"type":"Point","coordinates":[55.18433,25.07565]}},{"type":"Feature","properties":{"i":1},"geometry":{"type":"Point","coordinates":[55.2063,25.07565]}},{"type":"Feature","properties":{"i":1},"geometry":{"type":"Point","coordinates":[55.22827,25.07565]}},{"type":"Feature","properties":{"i":1},"geometry":{"type":"Point","coordinates":[55.25024,25.07565]}},{"type":"Feature","properties":{"i":0.95},"geometry":{"type":"Point","coordinates":[55.27222,25.07565]}},{"type":"Feature","properties":{"i":1},"geometry":{"type":"Point","coordinates":[55.29419,25.07565]}},{"type":"Feature","properties":{"i":1},"geometry":{"type":"Point","coordinates":[55.31616,25.07565]}},{"type":"Feature","properties":{"i":1},"geometry":{"type":"Point","coordinates":[55.33813,25.07565]}},{"type":"Feature","properties":{"i":1},"geometry":{"type":"Point","coordinates":[55.36011,25.07565]}},{"type":"Feature","properties":{"i":1},"geometry":{"type":"Point","coordinates":[55.38208,25.07565]}},{"type":"Feature","properties":{"i":1},"geometry":{"type":"Point","coordinates":[55.40405,25.07565]}},{"type":"Feature","properties":{"i":1},"geometry":{"type":"Point","coordinates":[55.42603,25.07565]}},{"type":"Feature","properties":{"i":0.5},"geometry":{"type":"Point","coordinates":[55.448,25.07565]}},{"type":"Feature","properties":{"i":0.5},"geometry":{"type":"Point","coordinates":[55.46997,25.07565]}},{"type":"Feature","properties":{"i":0.39},"geometry":{"type":"Point","coordinates":[55.49194,25.07565]}},{"type":"Feature","properties":{"i":0.42},"geometry":{"type":"Point","coordinates":[55.51392,25.07565]}},{"type":"Feature","properties":{"i":0.74},"geometry":{"type":"Point","coordinates":[55.53589,25.07565]}},{"type":"Feature","properties":{"i":1},"geometry":{"type":"Point","coordinates":[55.55786,25.07565]}},{"type":"Feature","properties":{"i":0.93},"geometry":{"type":"Point","coordinates":[55.57983,25.07565]}},{"type":"Feature","properties":{"i":1},"geometry":{"type":"Point","coordinates":[55.60181,25.07565]}},{"type":"Feature","properties":{"i":1},"geometry":{"type":"Point","coordinates":[55.62378,25.07565]}},{"type":"Feature","properties":{"i":0.61},"geometry":{"type":"Point","coordinates":[55.64575,25.07565]}},{"type":"Feature","properties":{"i":0.79},"geometry":{"type":"Point","coordinates":[55.66772,25.07565]}},{"type":"Feature","properties":{"i":0.69},"geometry":{"type":"Point","coordinates":[55.6897,25.07565]}},{"type":"Feature","properties":{"i":0.76},"geometry":{"type":"Point","coordinates":[55.71167,25.07565]}},{"type":"Feature","properties":{"i":0.63},"geometry":{"type":"Point","coordinates":[55.73364,25.07565]}},{"type":"Feature","properties":{"i":0.22},"geometry":{"type":"Point","coordinates":[55.75562,25.07565]}},{"type":"Feature","properties":{"i":0.12},"geometry":{"type":"Point","coordinates":[55.77759,25.07565]}},{"type":"Feature","properties":{"i":0.68},"geometry":{"type":"Point","coordinates":[55.79956,25.07565]}},{"type":"Feature","properties":{"i":0.6},"geometry":{"type":"Point","coordinates":[55.82153,25.07565]}},{"type":"Feature","properties":{"i":0.7},"geometry":{"type":"Point","coordinates":[55.84351,25.07565]}},{"type":"Feature","properties":{"i":0.54},"geometry":{"type":"Point","coordinates":[55.86548,25.07565]}},{"type":"Feature","properties":{"i":0.27},"geometry":{"type":"Point","coordinates":[55.88745,25.07565]}},{"type":"Feature","properties":{"i":0.73},"geometry":{"type":"Point","coordinates":[55.90942,25.07565]}},{"type":"Feature","properties":{"i":0.33},"geometry":{"type":"Point","coordinates":[55.9314,25.07565]}},{"type":"Feature","properties":{"i":0.59},"geometry":{"type":"Point","coordinates":[55.95337,25.07565]}},{"type":"Feature","properties":{"i":0.18},"geometry":{"type":"Point","coordinates":[55.97534,25.07565]}},{"type":"Feature","properties":{"i":0.53},"geometry":{"type":"Point","coordinates":[55.99731,25.07565]}},{"type":"Feature","properties":{"i":0.66},"geometry":{"type":"Point","coordinates":[56.01929,25.07565]}},{"type":"Feature","properties":{"i":0.6},"geometry":{"type":"Point","coordinates":[56.04126,25.07565]}},{"type":"Feature","properties":{"i":0.15},"geometry":{"type":"Point","coordinates":[56.06323,25.07565]}},{"type":"Feature","properties":{"i":0.02},"geometry":{"type":"Point","coordinates":[56.19507,25.07565]}},{"type":"Feature","properties":{"i":0.22},"geometry":{"type":"Point","coordinates":[56.21704,25.07565]}},{"type":"Feature","properties":{"i":0.34},"geometry":{"type":"Point","coordinates":[56.23901,25.07565]}},{"type":"Feature","properties":{"i":0.08},"geometry":{"type":"Point","coordinates":[54.9646,25.05575]}},{"type":"Feature","properties":{"i":0.22},"geometry":{"type":"Point","coordinates":[54.98657,25.05575]}},{"type":"Feature","properties":{"i":0.25},"geometry":{"type":"Point","coordinates":[55.00854,25.05575]}},{"type":"Feature","properties":{"i":0.35},"geometry":{"type":"Point","coordinates":[55.03052,25.05575]}},{"type":"Feature","properties":{"i":0.56},"geometry":{"type":"Point","coordinates":[55.05249,25.05575]}},{"type":"Feature","properties":{"i":0.58},"geometry":{"type":"Point","coordinates":[55.07446,25.05575]}},{"type":"Feature","properties":{"i":1},"geometry":{"type":"Point","coordinates":[55.09644,25.05575]}},{"type":"Feature","properties":{"i":1},"geometry":{"type":"Point","coordinates":[55.11841,25.05575]}},{"type":"Feature","properties":{"i":1},"geometry":{"type":"Point","coordinates":[55.14038,25.05575]}},{"type":"Feature","properties":{"i":1},"geometry":{"type":"Point","coordinates":[55.16235,25.05575]}},{"type":"Feature","properties":{"i":1},"geometry":{"type":"Point","coordinates":[55.18433,25.05575]}},{"type":"Feature","properties":{"i":1},"geometry":{"type":"Point","coordinates":[55.2063,25.05575]}},{"type":"Feature","properties":{"i":1},"geometry":{"type":"Point","coordinates":[55.22827,25.05575]}},{"type":"Feature","properties":{"i":1},"geometry":{"type":"Point","coordinates":[55.25024,25.05575]}},{"type":"Feature","properties":{"i":1},"geometry":{"type":"Point","coordinates":[55.27222,25.05575]}},{"type":"Feature","properties":{"i":1},"geometry":{"type":"Point","coordinates":[55.29419,25.05575]}},{"type":"Feature","properties":{"i":1},"geometry":{"type":"Point","coordinates":[55.31616,25.05575]}},{"type":"Feature","properties":{"i":1},"geometry":{"type":"Point","coordinates":[55.33813,25.05575]}},{"type":"Feature","properties":{"i":1},"geometry":{"type":"Point","coordinates":[55.36011,25.05575]}},{"type":"Feature","properties":{"i":0.59},"geometry":{"type":"Point","coordinates":[55.38208,25.05575]}},{"type":"Feature","properties":{"i":1},"geometry":{"type":"Point","coordinates":[55.40405,25.05575]}},{"type":"Feature","properties":{"i":1},"geometry":{"type":"Point","coordinates":[55.42603,25.05575]}},{"type":"Feature","properties":{"i":0.45},"geometry":{"type":"Point","coordinates":[55.448,25.05575]}},{"type":"Feature","properties":{"i":0.5},"geometry":{"type":"Point","coordinates":[55.46997,25.05575]}},{"type":"Feature","properties":{"i":0.37},"geometry":{"type":"Point","coordinates":[55.49194,25.05575]}},{"type":"Feature","properties":{"i":0.34},"geometry":{"type":"Point","coordinates":[55.51392,25.05575]}},{"type":"Feature","properties":{"i":0.63},"geometry":{"type":"Point","coordinates":[55.53589,25.05575]}},{"type":"Feature","properties":{"i":0.72},"geometry":{"type":"Point","coordinates":[55.55786,25.05575]}},{"type":"Feature","properties":{"i":0.99},"geometry":{"type":"Point","coordinates":[55.57983,25.05575]}},{"type":"Feature","properties":{"i":1},"geometry":{"type":"Point","coordinates":[55.60181,25.05575]}},{"type":"Feature","properties":{"i":1},"geometry":{"type":"Point","coordinates":[55.62378,25.05575]}},{"type":"Feature","properties":{"i":1},"geometry":{"type":"Point","coordinates":[55.64575,25.05575]}},{"type":"Feature","properties":{"i":1},"geometry":{"type":"Point","coordinates":[55.66772,25.05575]}},{"type":"Feature","properties":{"i":0.85},"geometry":{"type":"Point","coordinates":[55.6897,25.05575]}},{"type":"Feature","properties":{"i":0.88},"geometry":{"type":"Point","coordinates":[55.71167,25.05575]}},{"type":"Feature","properties":{"i":0.57},"geometry":{"type":"Point","coordinates":[55.73364,25.05575]}},{"type":"Feature","properties":{"i":0.14},"geometry":{"type":"Point","coordinates":[55.75562,25.05575]}},{"type":"Feature","properties":{"i":0.42},"geometry":{"type":"Point","coordinates":[55.77759,25.05575]}},{"type":"Feature","properties":{"i":0.79},"geometry":{"type":"Point","coordinates":[55.79956,25.05575]}},{"type":"Feature","properties":{"i":0.7},"geometry":{"type":"Point","coordinates":[55.82153,25.05575]}},{"type":"Feature","properties":{"i":0.74},"geometry":{"type":"Point","coordinates":[55.84351,25.05575]}},{"type":"Feature","properties":{"i":0.14},"geometry":{"type":"Point","coordinates":[55.86548,25.05575]}},{"type":"Feature","properties":{"i":0.69},"geometry":{"type":"Point","coordinates":[55.88745,25.05575]}},{"type":"Feature","properties":{"i":1},"geometry":{"type":"Point","coordinates":[55.90942,25.05575]}},{"type":"Feature","properties":{"i":0.97},"geometry":{"type":"Point","coordinates":[55.9314,25.05575]}},{"type":"Feature","properties":{"i":0.59},"geometry":{"type":"Point","coordinates":[55.95337,25.05575]}},{"type":"Feature","properties":{"i":0.08},"geometry":{"type":"Point","coordinates":[55.97534,25.05575]}},{"type":"Feature","properties":{"i":0.04},"geometry":{"type":"Point","coordinates":[55.99731,25.05575]}},{"type":"Feature","properties":{"i":0.63},"geometry":{"type":"Point","coordinates":[56.04126,25.05575]}},{"type":"Feature","properties":{"i":0.69},"geometry":{"type":"Point","coordinates":[56.06323,25.05575]}},{"type":"Feature","properties":{"i":0.44},"geometry":{"type":"Point","coordinates":[56.08521,25.05575]}},{"type":"Feature","properties":{"i":0.08},"geometry":{"type":"Point","coordinates":[56.21704,25.05575]}},{"type":"Feature","properties":{"i":0.12},"geometry":{"type":"Point","coordinates":[56.23901,25.05575]}},{"type":"Feature","properties":{"i":0.03},"geometry":{"type":"Point","coordinates":[54.94263,25.03584]}},{"type":"Feature","properties":{"i":0.45},"geometry":{"type":"Point","coordinates":[54.9646,25.03584]}},{"type":"Feature","properties":{"i":0.54},"geometry":{"type":"Point","coordinates":[54.98657,25.03584]}},{"type":"Feature","properties":{"i":0.48},"geometry":{"type":"Point","coordinates":[55.00854,25.03584]}},{"type":"Feature","properties":{"i":1},"geometry":{"type":"Point","coordinates":[55.03052,25.03584]}},{"type":"Feature","properties":{"i":1},"geometry":{"type":"Point","coordinates":[55.05249,25.03584]}},{"type":"Feature","properties":{"i":1},"geometry":{"type":"Point","coordinates":[55.07446,25.03584]}},{"type":"Feature","properties":{"i":1},"geometry":{"type":"Point","coordinates":[55.09644,25.03584]}},{"type":"Feature","properties":{"i":1},"geometry":{"type":"Point","coordinates":[55.11841,25.03584]}},{"type":"Feature","properties":{"i":1},"geometry":{"type":"Point","coordinates":[55.14038,25.03584]}},{"type":"Feature","properties":{"i":1},"geometry":{"type":"Point","coordinates":[55.16235,25.03584]}},{"type":"Feature","properties":{"i":1},"geometry":{"type":"Point","coordinates":[55.18433,25.03584]}},{"type":"Feature","properties":{"i":1},"geometry":{"type":"Point","coordinates":[55.2063,25.03584]}},{"type":"Feature","properties":{"i":1},"geometry":{"type":"Point","coordinates":[55.22827,25.03584]}},{"type":"Feature","properties":{"i":1},"geometry":{"type":"Point","coordinates":[55.25024,25.03584]}},{"type":"Feature","properties":{"i":1},"geometry":{"type":"Point","coordinates":[55.27222,25.03584]}},{"type":"Feature","properties":{"i":1},"geometry":{"type":"Point","coordinates":[55.29419,25.03584]}},{"type":"Feature","properties":{"i":0.89},"geometry":{"type":"Point","coordinates":[55.31616,25.03584]}},{"type":"Feature","properties":{"i":0.76},"geometry":{"type":"Point","coordinates":[55.33813,25.03584]}},{"type":"Feature","properties":{"i":0.68},"geometry":{"type":"Point","coordinates":[55.36011,25.03584]}},{"type":"Feature","properties":{"i":0.67},"geometry":{"type":"Point","coordinates":[55.38208,25.03584]}},{"type":"Feature","properties":{"i":0.92},"geometry":{"type":"Point","coordinates":[55.40405,25.03584]}},{"type":"Feature","properties":{"i":0.94},"geometry":{"type":"Point","coordinates":[55.42603,25.03584]}},{"type":"Feature","properties":{"i":1},"geometry":{"type":"Point","coordinates":[55.448,25.03584]}},{"type":"Feature","properties":{"i":0.46},"geometry":{"type":"Point","coordinates":[55.46997,25.03584]}},{"type":"Feature","properties":{"i":0.33},"geometry":{"type":"Point","coordinates":[55.49194,25.03584]}},{"type":"Feature","properties":{"i":0.3},"geometry":{"type":"Point","coordinates":[55.51392,25.03584]}},{"type":"Feature","properties":{"i":0.71},"geometry":{"type":"Point","coordinates":[55.53589,25.03584]}},{"type":"Feature","properties":{"i":0.72},"geometry":{"type":"Point","coordinates":[55.55786,25.03584]}},{"type":"Feature","properties":{"i":0.86},"geometry":{"type":"Point","coordinates":[55.57983,25.03584]}},{"type":"Feature","properties":{"i":1},"geometry":{"type":"Point","coordinates":[55.60181,25.03584]}},{"type":"Feature","properties":{"i":0.49},"geometry":{"type":"Point","coordinates":[55.62378,25.03584]}},{"type":"Feature","properties":{"i":0.86},"geometry":{"type":"Point","coordinates":[55.64575,25.03584]}},{"type":"Feature","properties":{"i":0.93},"geometry":{"type":"Point","coordinates":[55.66772,25.03584]}},{"type":"Feature","properties":{"i":0.58},"geometry":{"type":"Point","coordinates":[55.6897,25.03584]}},{"type":"Feature","properties":{"i":0.31},"geometry":{"type":"Point","coordinates":[55.71167,25.03584]}},{"type":"Feature","properties":{"i":0.65},"geometry":{"type":"Point","coordinates":[55.73364,25.03584]}},{"type":"Feature","properties":{"i":0.55},"geometry":{"type":"Point","coordinates":[55.75562,25.03584]}},{"type":"Feature","properties":{"i":0.22},"geometry":{"type":"Point","coordinates":[55.77759,25.03584]}},{"type":"Feature","properties":{"i":0.81},"geometry":{"type":"Point","coordinates":[55.79956,25.03584]}},{"type":"Feature","properties":{"i":0.79},"geometry":{"type":"Point","coordinates":[55.82153,25.03584]}},{"type":"Feature","properties":{"i":0.99},"geometry":{"type":"Point","coordinates":[55.84351,25.03584]}},{"type":"Feature","properties":{"i":0.5},"geometry":{"type":"Point","coordinates":[55.86548,25.03584]}},{"type":"Feature","properties":{"i":0.85},"geometry":{"type":"Point","coordinates":[55.88745,25.03584]}},{"type":"Feature","properties":{"i":0.94},"geometry":{"type":"Point","coordinates":[55.90942,25.03584]}},{"type":"Feature","properties":{"i":0.91},"geometry":{"type":"Point","coordinates":[55.9314,25.03584]}},{"type":"Feature","properties":{"i":0.74},"geometry":{"type":"Point","coordinates":[55.95337,25.03584]}},{"type":"Feature","properties":{"i":0.66},"geometry":{"type":"Point","coordinates":[55.97534,25.03584]}},{"type":"Feature","properties":{"i":0.09},"geometry":{"type":"Point","coordinates":[55.99731,25.03584]}},{"type":"Feature","properties":{"i":0.45},"geometry":{"type":"Point","coordinates":[56.01929,25.03584]}},{"type":"Feature","properties":{"i":0.38},"geometry":{"type":"Point","coordinates":[56.06323,25.03584]}},{"type":"Feature","properties":{"i":0.69},"geometry":{"type":"Point","coordinates":[56.08521,25.03584]}},{"type":"Feature","properties":{"i":0.78},"geometry":{"type":"Point","coordinates":[56.15112,25.03584]}},{"type":"Feature","properties":{"i":0.07},"geometry":{"type":"Point","coordinates":[56.23901,25.03584]}},{"type":"Feature","properties":{"i":0.25},"geometry":{"type":"Point","coordinates":[54.94263,25.01593]}},{"type":"Feature","properties":{"i":0.7},"geometry":{"type":"Point","coordinates":[54.9646,25.01593]}},{"type":"Feature","properties":{"i":0.78},"geometry":{"type":"Point","coordinates":[54.98657,25.01593]}},{"type":"Feature","properties":{"i":0.42},"geometry":{"type":"Point","coordinates":[55.00854,25.01593]}},{"type":"Feature","properties":{"i":1},"geometry":{"type":"Point","coordinates":[55.03052,25.01593]}},{"type":"Feature","properties":{"i":1},"geometry":{"type":"Point","coordinates":[55.05249,25.01593]}},{"type":"Feature","properties":{"i":1},"geometry":{"type":"Point","coordinates":[55.07446,25.01593]}},{"type":"Feature","properties":{"i":1},"geometry":{"type":"Point","coordinates":[55.09644,25.01593]}},{"type":"Feature","properties":{"i":1},"geometry":{"type":"Point","coordinates":[55.11841,25.01593]}},{"type":"Feature","properties":{"i":1},"geometry":{"type":"Point","coordinates":[55.14038,25.01593]}},{"type":"Feature","properties":{"i":1},"geometry":{"type":"Point","coordinates":[55.16235,25.01593]}},{"type":"Feature","properties":{"i":1},"geometry":{"type":"Point","coordinates":[55.18433,25.01593]}},{"type":"Feature","properties":{"i":1},"geometry":{"type":"Point","coordinates":[55.2063,25.01593]}},{"type":"Feature","properties":{"i":1},"geometry":{"type":"Point","coordinates":[55.22827,25.01593]}},{"type":"Feature","properties":{"i":1},"geometry":{"type":"Point","coordinates":[55.25024,25.01593]}},{"type":"Feature","properties":{"i":1},"geometry":{"type":"Point","coordinates":[55.27222,25.01593]}},{"type":"Feature","properties":{"i":1},"geometry":{"type":"Point","coordinates":[55.29419,25.01593]}},{"type":"Feature","properties":{"i":0.92},"geometry":{"type":"Point","coordinates":[55.31616,25.01593]}},{"type":"Feature","properties":{"i":1},"geometry":{"type":"Point","coordinates":[55.33813,25.01593]}},{"type":"Feature","properties":{"i":1},"geometry":{"type":"Point","coordinates":[55.36011,25.01593]}},{"type":"Feature","properties":{"i":1},"geometry":{"type":"Point","coordinates":[55.38208,25.01593]}},{"type":"Feature","properties":{"i":0.68},"geometry":{"type":"Point","coordinates":[55.40405,25.01593]}},{"type":"Feature","properties":{"i":1},"geometry":{"type":"Point","coordinates":[55.42603,25.01593]}},{"type":"Feature","properties":{"i":1},"geometry":{"type":"Point","coordinates":[55.448,25.01593]}},{"type":"Feature","properties":{"i":1},"geometry":{"type":"Point","coordinates":[55.46997,25.01593]}},{"type":"Feature","properties":{"i":0.68},"geometry":{"type":"Point","coordinates":[55.49194,25.01593]}},{"type":"Feature","properties":{"i":0.85},"geometry":{"type":"Point","coordinates":[55.51392,25.01593]}},{"type":"Feature","properties":{"i":1},"geometry":{"type":"Point","coordinates":[55.53589,25.01593]}},{"type":"Feature","properties":{"i":0.79},"geometry":{"type":"Point","coordinates":[55.55786,25.01593]}},{"type":"Feature","properties":{"i":0.8},"geometry":{"type":"Point","coordinates":[55.57983,25.01593]}},{"type":"Feature","properties":{"i":0.77},"geometry":{"type":"Point","coordinates":[55.60181,25.01593]}},{"type":"Feature","properties":{"i":0.99},"geometry":{"type":"Point","coordinates":[55.62378,25.01593]}},{"type":"Feature","properties":{"i":0.79},"geometry":{"type":"Point","coordinates":[55.64575,25.01593]}},{"type":"Feature","properties":{"i":1},"geometry":{"type":"Point","coordinates":[55.66772,25.01593]}},{"type":"Feature","properties":{"i":0.65},"geometry":{"type":"Point","coordinates":[55.6897,25.01593]}},{"type":"Feature","properties":{"i":0.16},"geometry":{"type":"Point","coordinates":[55.71167,25.01593]}},{"type":"Feature","properties":{"i":0.57},"geometry":{"type":"Point","coordinates":[55.73364,25.01593]}},{"type":"Feature","properties":{"i":0.63},"geometry":{"type":"Point","coordinates":[55.75562,25.01593]}},{"type":"Feature","properties":{"i":0.58},"geometry":{"type":"Point","coordinates":[55.77759,25.01593]}},{"type":"Feature","properties":{"i":1},"geometry":{"type":"Point","coordinates":[55.79956,25.01593]}},{"type":"Feature","properties":{"i":1},"geometry":{"type":"Point","coordinates":[55.82153,25.01593]}},{"type":"Feature","properties":{"i":0.9},"geometry":{"type":"Point","coordinates":[55.84351,25.01593]}},{"type":"Feature","properties":{"i":0.9},"geometry":{"type":"Point","coordinates":[55.86548,25.01593]}},{"type":"Feature","properties":{"i":0.9},"geometry":{"type":"Point","coordinates":[55.88745,25.01593]}},{"type":"Feature","properties":{"i":0.82},"geometry":{"type":"Point","coordinates":[55.90942,25.01593]}},{"type":"Feature","properties":{"i":0.58},"geometry":{"type":"Point","coordinates":[55.9314,25.01593]}},{"type":"Feature","properties":{"i":0.45},"geometry":{"type":"Point","coordinates":[55.95337,25.01593]}},{"type":"Feature","properties":{"i":0.6},"geometry":{"type":"Point","coordinates":[55.97534,25.01593]}},{"type":"Feature","properties":{"i":0.7},"geometry":{"type":"Point","coordinates":[55.99731,25.01593]}},{"type":"Feature","properties":{"i":0.05},"geometry":{"type":"Point","coordinates":[56.01929,25.01593]}},{"type":"Feature","properties":{"i":0.02},"geometry":{"type":"Point","coordinates":[56.04126,25.01593]}},{"type":"Feature","properties":{"i":0.65},"geometry":{"type":"Point","coordinates":[56.08521,25.01593]}},{"type":"Feature","properties":{"i":0.7},"geometry":{"type":"Point","coordinates":[56.10718,25.01593]}},{"type":"Feature","properties":{"i":0.57},"geometry":{"type":"Point","coordinates":[56.12915,25.01593]}},{"type":"Feature","properties":{"i":0.05},"geometry":{"type":"Point","coordinates":[56.23901,25.01593]}},{"type":"Feature","properties":{"i":0.22},"geometry":{"type":"Point","coordinates":[54.94263,24.99602]}},{"type":"Feature","properties":{"i":1},"geometry":{"type":"Point","coordinates":[54.9646,24.99602]}},{"type":"Feature","properties":{"i":1},"geometry":{"type":"Point","coordinates":[54.98657,24.99602]}},{"type":"Feature","properties":{"i":0.67},"geometry":{"type":"Point","coordinates":[55.00854,24.99602]}},{"type":"Feature","properties":{"i":0.71},"geometry":{"type":"Point","coordinates":[55.03052,24.99602]}},{"type":"Feature","properties":{"i":1},"geometry":{"type":"Point","coordinates":[55.05249,24.99602]}},{"type":"Feature","properties":{"i":1},"geometry":{"type":"Point","coordinates":[55.07446,24.99602]}},{"type":"Feature","properties":{"i":1},"geometry":{"type":"Point","coordinates":[55.09644,24.99602]}},{"type":"Feature","properties":{"i":1},"geometry":{"type":"Point","coordinates":[55.11841,24.99602]}},{"type":"Feature","properties":{"i":1},"geometry":{"type":"Point","coordinates":[55.14038,24.99602]}},{"type":"Feature","properties":{"i":1},"geometry":{"type":"Point","coordinates":[55.16235,24.99602]}},{"type":"Feature","properties":{"i":1},"geometry":{"type":"Point","coordinates":[55.18433,24.99602]}},{"type":"Feature","properties":{"i":1},"geometry":{"type":"Point","coordinates":[55.2063,24.99602]}},{"type":"Feature","properties":{"i":1},"geometry":{"type":"Point","coordinates":[55.22827,24.99602]}},{"type":"Feature","properties":{"i":1},"geometry":{"type":"Point","coordinates":[55.25024,24.99602]}},{"type":"Feature","properties":{"i":1},"geometry":{"type":"Point","coordinates":[55.27222,24.99602]}},{"type":"Feature","properties":{"i":1},"geometry":{"type":"Point","coordinates":[55.29419,24.99602]}},{"type":"Feature","properties":{"i":0.91},"geometry":{"type":"Point","coordinates":[55.31616,24.99602]}},{"type":"Feature","properties":{"i":0.85},"geometry":{"type":"Point","coordinates":[55.33813,24.99602]}},{"type":"Feature","properties":{"i":0.99},"geometry":{"type":"Point","coordinates":[55.36011,24.99602]}},{"type":"Feature","properties":{"i":1},"geometry":{"type":"Point","coordinates":[55.38208,24.99602]}},{"type":"Feature","properties":{"i":1},"geometry":{"type":"Point","coordinates":[55.40405,24.99602]}},{"type":"Feature","properties":{"i":0.97},"geometry":{"type":"Point","coordinates":[55.42603,24.99602]}},{"type":"Feature","properties":{"i":1},"geometry":{"type":"Point","coordinates":[55.448,24.99602]}},{"type":"Feature","properties":{"i":1},"geometry":{"type":"Point","coordinates":[55.46997,24.99602]}},{"type":"Feature","properties":{"i":0.76},"geometry":{"type":"Point","coordinates":[55.49194,24.99602]}},{"type":"Feature","properties":{"i":0.86},"geometry":{"type":"Point","coordinates":[55.51392,24.99602]}},{"type":"Feature","properties":{"i":0.86},"geometry":{"type":"Point","coordinates":[55.53589,24.99602]}},{"type":"Feature","properties":{"i":0.46},"geometry":{"type":"Point","coordinates":[55.55786,24.99602]}},{"type":"Feature","properties":{"i":0.32},"geometry":{"type":"Point","coordinates":[55.57983,24.99602]}},{"type":"Feature","properties":{"i":0.41},"geometry":{"type":"Point","coordinates":[55.60181,24.99602]}},{"type":"Feature","properties":{"i":0.43},"geometry":{"type":"Point","coordinates":[55.62378,24.99602]}},{"type":"Feature","properties":{"i":0.77},"geometry":{"type":"Point","coordinates":[55.64575,24.99602]}},{"type":"Feature","properties":{"i":1},"geometry":{"type":"Point","coordinates":[55.66772,24.99602]}},{"type":"Feature","properties":{"i":0.71},"geometry":{"type":"Point","coordinates":[55.6897,24.99602]}},{"type":"Feature","properties":{"i":0.18},"geometry":{"type":"Point","coordinates":[55.71167,24.99602]}},{"type":"Feature","properties":{"i":0.24},"geometry":{"type":"Point","coordinates":[55.73364,24.99602]}},{"type":"Feature","properties":{"i":0.58},"geometry":{"type":"Point","coordinates":[55.75562,24.99602]}},{"type":"Feature","properties":{"i":0.84},"geometry":{"type":"Point","coordinates":[55.77759,24.99602]}},{"type":"Feature","properties":{"i":0.97},"geometry":{"type":"Point","coordinates":[55.79956,24.99602]}},{"type":"Feature","properties":{"i":0.69},"geometry":{"type":"Point","coordinates":[55.82153,24.99602]}},{"type":"Feature","properties":{"i":0.86},"geometry":{"type":"Point","coordinates":[55.84351,24.99602]}},{"type":"Feature","properties":{"i":0.73},"geometry":{"type":"Point","coordinates":[55.86548,24.99602]}},{"type":"Feature","properties":{"i":0.8},"geometry":{"type":"Point","coordinates":[55.88745,24.99602]}},{"type":"Feature","properties":{"i":0.82},"geometry":{"type":"Point","coordinates":[55.90942,24.99602]}},{"type":"Feature","properties":{"i":1},"geometry":{"type":"Point","coordinates":[55.9314,24.99602]}},{"type":"Feature","properties":{"i":0.28},"geometry":{"type":"Point","coordinates":[55.95337,24.99602]}},{"type":"Feature","properties":{"i":0.39},"geometry":{"type":"Point","coordinates":[55.99731,24.99602]}},{"type":"Feature","properties":{"i":0.56},"geometry":{"type":"Point","coordinates":[56.01929,24.99602]}},{"type":"Feature","properties":{"i":0.36},"geometry":{"type":"Point","coordinates":[56.04126,24.99602]}},{"type":"Feature","properties":{"i":0.19},"geometry":{"type":"Point","coordinates":[56.06323,24.99602]}},{"type":"Feature","properties":{"i":0.22},"geometry":{"type":"Point","coordinates":[56.08521,24.99602]}},{"type":"Feature","properties":{"i":0.62},"geometry":{"type":"Point","coordinates":[56.10718,24.99602]}},{"type":"Feature","properties":{"i":0.54},"geometry":{"type":"Point","coordinates":[56.12915,24.99602]}},{"type":"Feature","properties":{"i":0.03},"geometry":{"type":"Point","coordinates":[56.15112,24.99602]}},{"type":"Feature","properties":{"i":0.6},"geometry":{"type":"Point","coordinates":[56.21704,24.99602]}},{"type":"Feature","properties":{"i":0.05},"geometry":{"type":"Point","coordinates":[56.23901,24.99602]}},{"type":"Feature","properties":{"i":0.19},"geometry":{"type":"Point","coordinates":[54.89868,24.9761]}},{"type":"Feature","properties":{"i":0.04},"geometry":{"type":"Point","coordinates":[54.92065,24.9761]}},{"type":"Feature","properties":{"i":0.09},"geometry":{"type":"Point","coordinates":[54.94263,24.9761]}},{"type":"Feature","properties":{"i":0.46},"geometry":{"type":"Point","coordinates":[54.9646,24.9761]}},{"type":"Feature","properties":{"i":0.98},"geometry":{"type":"Point","coordinates":[54.98657,24.9761]}},{"type":"Feature","properties":{"i":0.91},"geometry":{"type":"Point","coordinates":[55.00854,24.9761]}},{"type":"Feature","properties":{"i":1},"geometry":{"type":"Point","coordinates":[55.03052,24.9761]}},{"type":"Feature","properties":{"i":1},"geometry":{"type":"Point","coordinates":[55.05249,24.9761]}},{"type":"Feature","properties":{"i":1},"geometry":{"type":"Point","coordinates":[55.07446,24.9761]}},{"type":"Feature","properties":{"i":1},"geometry":{"type":"Point","coordinates":[55.09644,24.9761]}},{"type":"Feature","properties":{"i":1},"geometry":{"type":"Point","coordinates":[55.11841,24.9761]}},{"type":"Feature","properties":{"i":1},"geometry":{"type":"Point","coordinates":[55.14038,24.9761]}},{"type":"Feature","properties":{"i":1},"geometry":{"type":"Point","coordinates":[55.16235,24.9761]}},{"type":"Feature","properties":{"i":1},"geometry":{"type":"Point","coordinates":[55.18433,24.9761]}},{"type":"Feature","properties":{"i":1},"geometry":{"type":"Point","coordinates":[55.2063,24.9761]}},{"type":"Feature","properties":{"i":1},"geometry":{"type":"Point","coordinates":[55.22827,24.9761]}},{"type":"Feature","properties":{"i":1},"geometry":{"type":"Point","coordinates":[55.25024,24.9761]}},{"type":"Feature","properties":{"i":0.6},"geometry":{"type":"Point","coordinates":[55.27222,24.9761]}},{"type":"Feature","properties":{"i":0.65},"geometry":{"type":"Point","coordinates":[55.29419,24.9761]}},{"type":"Feature","properties":{"i":0.8},"geometry":{"type":"Point","coordinates":[55.31616,24.9761]}},{"type":"Feature","properties":{"i":0.8},"geometry":{"type":"Point","coordinates":[55.33813,24.9761]}},{"type":"Feature","properties":{"i":0.86},"geometry":{"type":"Point","coordinates":[55.36011,24.9761]}},{"type":"Feature","properties":{"i":1},"geometry":{"type":"Point","coordinates":[55.38208,24.9761]}},{"type":"Feature","properties":{"i":1},"geometry":{"type":"Point","coordinates":[55.40405,24.9761]}},{"type":"Feature","properties":{"i":0.98},"geometry":{"type":"Point","coordinates":[55.42603,24.9761]}},{"type":"Feature","properties":{"i":0.64},"geometry":{"type":"Point","coordinates":[55.448,24.9761]}},{"type":"Feature","properties":{"i":0.74},"geometry":{"type":"Point","coordinates":[55.46997,24.9761]}},{"type":"Feature","properties":{"i":1},"geometry":{"type":"Point","coordinates":[55.49194,24.9761]}},{"type":"Feature","properties":{"i":0.41},"geometry":{"type":"Point","coordinates":[55.51392,24.9761]}},{"type":"Feature","properties":{"i":0.3},"geometry":{"type":"Point","coordinates":[55.53589,24.9761]}},{"type":"Feature","properties":{"i":0.17},"geometry":{"type":"Point","coordinates":[55.55786,24.9761]}},{"type":"Feature","properties":{"i":0.15},"geometry":{"type":"Point","coordinates":[55.57983,24.9761]}},{"type":"Feature","properties":{"i":1},"geometry":{"type":"Point","coordinates":[55.60181,24.9761]}},{"type":"Feature","properties":{"i":1},"geometry":{"type":"Point","coordinates":[55.62378,24.9761]}},{"type":"Feature","properties":{"i":0.78},"geometry":{"type":"Point","coordinates":[55.64575,24.9761]}},{"type":"Feature","properties":{"i":0.72},"geometry":{"type":"Point","coordinates":[55.66772,24.9761]}},{"type":"Feature","properties":{"i":0.71},"geometry":{"type":"Point","coordinates":[55.6897,24.9761]}},{"type":"Feature","properties":{"i":0.49},"geometry":{"type":"Point","coordinates":[55.71167,24.9761]}},{"type":"Feature","properties":{"i":0.23},"geometry":{"type":"Point","coordinates":[55.73364,24.9761]}},{"type":"Feature","properties":{"i":0.66},"geometry":{"type":"Point","coordinates":[55.75562,24.9761]}},{"type":"Feature","properties":{"i":1},"geometry":{"type":"Point","coordinates":[55.77759,24.9761]}},{"type":"Feature","properties":{"i":0.71},"geometry":{"type":"Point","coordinates":[55.79956,24.9761]}},{"type":"Feature","properties":{"i":0.53},"geometry":{"type":"Point","coordinates":[55.82153,24.9761]}},{"type":"Feature","properties":{"i":0.71},"geometry":{"type":"Point","coordinates":[55.84351,24.9761]}},{"type":"Feature","properties":{"i":0.41},"geometry":{"type":"Point","coordinates":[55.86548,24.9761]}},{"type":"Feature","properties":{"i":0.1},"geometry":{"type":"Point","coordinates":[55.88745,24.9761]}},{"type":"Feature","properties":{"i":0.11},"geometry":{"type":"Point","coordinates":[55.90942,24.9761]}},{"type":"Feature","properties":{"i":0.45},"geometry":{"type":"Point","coordinates":[55.9314,24.9761]}},{"type":"Feature","properties":{"i":0.15},"geometry":{"type":"Point","coordinates":[56.01929,24.9761]}},{"type":"Feature","properties":{"i":0.45},"geometry":{"type":"Point","coordinates":[56.04126,24.9761]}},{"type":"Feature","properties":{"i":0.3},"geometry":{"type":"Point","coordinates":[56.06323,24.9761]}},{"type":"Feature","properties":{"i":0.34},"geometry":{"type":"Point","coordinates":[56.08521,24.9761]}},{"type":"Feature","properties":{"i":0.61},"geometry":{"type":"Point","coordinates":[56.10718,24.9761]}},{"type":"Feature","properties":{"i":0.73},"geometry":{"type":"Point","coordinates":[56.12915,24.9761]}},{"type":"Feature","properties":{"i":0.55},"geometry":{"type":"Point","coordinates":[56.15112,24.9761]}},{"type":"Feature","properties":{"i":0.03},"geometry":{"type":"Point","coordinates":[56.1731,24.9761]}},{"type":"Feature","properties":{"i":0.16},"geometry":{"type":"Point","coordinates":[56.19507,24.9761]}},{"type":"Feature","properties":{"i":0.83},"geometry":{"type":"Point","coordinates":[56.21704,24.9761]}},{"type":"Feature","properties":{"i":0.61},"geometry":{"type":"Point","coordinates":[56.23901,24.9761]}},{"type":"Feature","properties":{"i":0.44},"geometry":{"type":"Point","coordinates":[54.89868,24.95618]}},{"type":"Feature","properties":{"i":0.11},"geometry":{"type":"Point","coordinates":[54.92065,24.95618]}},{"type":"Feature","properties":{"i":0.13},"geometry":{"type":"Point","coordinates":[54.94263,24.95618]}},{"type":"Feature","properties":{"i":0.21},"geometry":{"type":"Point","coordinates":[54.9646,24.95618]}},{"type":"Feature","properties":{"i":0.31},"geometry":{"type":"Point","coordinates":[54.98657,24.95618]}},{"type":"Feature","properties":{"i":0.99},"geometry":{"type":"Point","coordinates":[55.00854,24.95618]}},{"type":"Feature","properties":{"i":0.98},"geometry":{"type":"Point","coordinates":[55.03052,24.95618]}},{"type":"Feature","properties":{"i":1},"geometry":{"type":"Point","coordinates":[55.05249,24.95618]}},{"type":"Feature","properties":{"i":1},"geometry":{"type":"Point","coordinates":[55.07446,24.95618]}},{"type":"Feature","properties":{"i":1},"geometry":{"type":"Point","coordinates":[55.09644,24.95618]}},{"type":"Feature","properties":{"i":1},"geometry":{"type":"Point","coordinates":[55.11841,24.95618]}},{"type":"Feature","properties":{"i":1},"geometry":{"type":"Point","coordinates":[55.14038,24.95618]}},{"type":"Feature","properties":{"i":1},"geometry":{"type":"Point","coordinates":[55.16235,24.95618]}},{"type":"Feature","properties":{"i":1},"geometry":{"type":"Point","coordinates":[55.18433,24.95618]}},{"type":"Feature","properties":{"i":1},"geometry":{"type":"Point","coordinates":[55.2063,24.95618]}},{"type":"Feature","properties":{"i":1},"geometry":{"type":"Point","coordinates":[55.22827,24.95618]}},{"type":"Feature","properties":{"i":0.94},"geometry":{"type":"Point","coordinates":[55.25024,24.95618]}},{"type":"Feature","properties":{"i":1},"geometry":{"type":"Point","coordinates":[55.27222,24.95618]}},{"type":"Feature","properties":{"i":1},"geometry":{"type":"Point","coordinates":[55.29419,24.95618]}},{"type":"Feature","properties":{"i":1},"geometry":{"type":"Point","coordinates":[55.31616,24.95618]}},{"type":"Feature","properties":{"i":0.97},"geometry":{"type":"Point","coordinates":[55.33813,24.95618]}},{"type":"Feature","properties":{"i":0.99},"geometry":{"type":"Point","coordinates":[55.36011,24.95618]}},{"type":"Feature","properties":{"i":0.98},"geometry":{"type":"Point","coordinates":[55.38208,24.95618]}},{"type":"Feature","properties":{"i":0.98},"geometry":{"type":"Point","coordinates":[55.40405,24.95618]}},{"type":"Feature","properties":{"i":0.39},"geometry":{"type":"Point","coordinates":[55.42603,24.95618]}},{"type":"Feature","properties":{"i":0.44},"geometry":{"type":"Point","coordinates":[55.448,24.95618]}},{"type":"Feature","properties":{"i":0.62},"geometry":{"type":"Point","coordinates":[55.46997,24.95618]}},{"type":"Feature","properties":{"i":1},"geometry":{"type":"Point","coordinates":[55.49194,24.95618]}},{"type":"Feature","properties":{"i":1},"geometry":{"type":"Point","coordinates":[55.51392,24.95618]}},{"type":"Feature","properties":{"i":0.24},"geometry":{"type":"Point","coordinates":[55.53589,24.95618]}},{"type":"Feature","properties":{"i":0.14},"geometry":{"type":"Point","coordinates":[55.55786,24.95618]}},{"type":"Feature","properties":{"i":0.12},"geometry":{"type":"Point","coordinates":[55.57983,24.95618]}},{"type":"Feature","properties":{"i":0.28},"geometry":{"type":"Point","coordinates":[55.60181,24.95618]}},{"type":"Feature","properties":{"i":0.84},"geometry":{"type":"Point","coordinates":[55.62378,24.95618]}},{"type":"Feature","properties":{"i":0.8},"geometry":{"type":"Point","coordinates":[55.64575,24.95618]}},{"type":"Feature","properties":{"i":0.51},"geometry":{"type":"Point","coordinates":[55.66772,24.95618]}},{"type":"Feature","properties":{"i":0.75},"geometry":{"type":"Point","coordinates":[55.6897,24.95618]}},{"type":"Feature","properties":{"i":0.94},"geometry":{"type":"Point","coordinates":[55.71167,24.95618]}},{"type":"Feature","properties":{"i":0.84},"geometry":{"type":"Point","coordinates":[55.73364,24.95618]}},{"type":"Feature","properties":{"i":0.35},"geometry":{"type":"Point","coordinates":[55.75562,24.95618]}},{"type":"Feature","properties":{"i":1},"geometry":{"type":"Point","coordinates":[55.77759,24.95618]}},{"type":"Feature","properties":{"i":0.44},"geometry":{"type":"Point","coordinates":[55.79956,24.95618]}},{"type":"Feature","properties":{"i":0.65},"geometry":{"type":"Point","coordinates":[55.82153,24.95618]}},{"type":"Feature","properties":{"i":0.6},"geometry":{"type":"Point","coordinates":[55.84351,24.95618]}},{"type":"Feature","properties":{"i":0.26},"geometry":{"type":"Point","coordinates":[55.86548,24.95618]}},{"type":"Feature","properties":{"i":0.11},"geometry":{"type":"Point","coordinates":[55.88745,24.95618]}},{"type":"Feature","properties":{"i":0.24},"geometry":{"type":"Point","coordinates":[55.9314,24.95618]}},{"type":"Feature","properties":{"i":0.19},"geometry":{"type":"Point","coordinates":[56.04126,24.95618]}},{"type":"Feature","properties":{"i":0.6},"geometry":{"type":"Point","coordinates":[56.08521,24.95618]}},{"type":"Feature","properties":{"i":0.6},"geometry":{"type":"Point","coordinates":[56.10718,24.95618]}},{"type":"Feature","properties":{"i":0.4},"geometry":{"type":"Point","coordinates":[56.12915,24.95618]}},{"type":"Feature","properties":{"i":0.78},"geometry":{"type":"Point","coordinates":[56.15112,24.95618]}},{"type":"Feature","properties":{"i":0.64},"geometry":{"type":"Point","coordinates":[56.1731,24.95618]}},{"type":"Feature","properties":{"i":0.79},"geometry":{"type":"Point","coordinates":[56.19507,24.95618]}},{"type":"Feature","properties":{"i":0.83},"geometry":{"type":"Point","coordinates":[56.21704,24.95618]}},{"type":"Feature","properties":{"i":0.15},"geometry":{"type":"Point","coordinates":[56.23901,24.95618]}},{"type":"Feature","properties":{"i":0.03},"geometry":{"type":"Point","coordinates":[54.87671,24.93626]}},{"type":"Feature","properties":{"i":0.27},"geometry":{"type":"Point","coordinates":[54.89868,24.93626]}},{"type":"Feature","properties":{"i":0.35},"geometry":{"type":"Point","coordinates":[54.92065,24.93626]}},{"type":"Feature","properties":{"i":0.23},"geometry":{"type":"Point","coordinates":[54.94263,24.93626]}},{"type":"Feature","properties":{"i":0.85},"geometry":{"type":"Point","coordinates":[54.9646,24.93626]}},{"type":"Feature","properties":{"i":0.38},"geometry":{"type":"Point","coordinates":[54.98657,24.93626]}},{"type":"Feature","properties":{"i":0.98},"geometry":{"type":"Point","coordinates":[55.00854,24.93626]}},{"type":"Feature","properties":{"i":1},"geometry":{"type":"Point","coordinates":[55.03052,24.93626]}},{"type":"Feature","properties":{"i":1},"geometry":{"type":"Point","coordinates":[55.05249,24.93626]}},{"type":"Feature","properties":{"i":1},"geometry":{"type":"Point","coordinates":[55.07446,24.93626]}},{"type":"Feature","properties":{"i":1},"geometry":{"type":"Point","coordinates":[55.09644,24.93626]}},{"type":"Feature","properties":{"i":1},"geometry":{"type":"Point","coordinates":[55.11841,24.93626]}},{"type":"Feature","properties":{"i":1},"geometry":{"type":"Point","coordinates":[55.14038,24.93626]}},{"type":"Feature","properties":{"i":1},"geometry":{"type":"Point","coordinates":[55.16235,24.93626]}},{"type":"Feature","properties":{"i":1},"geometry":{"type":"Point","coordinates":[55.18433,24.93626]}},{"type":"Feature","properties":{"i":1},"geometry":{"type":"Point","coordinates":[55.2063,24.93626]}},{"type":"Feature","properties":{"i":1},"geometry":{"type":"Point","coordinates":[55.22827,24.93626]}},{"type":"Feature","properties":{"i":0.96},"geometry":{"type":"Point","coordinates":[55.25024,24.93626]}},{"type":"Feature","properties":{"i":0.88},"geometry":{"type":"Point","coordinates":[55.27222,24.93626]}},{"type":"Feature","properties":{"i":0.49},"geometry":{"type":"Point","coordinates":[55.29419,24.93626]}},{"type":"Feature","properties":{"i":1},"geometry":{"type":"Point","coordinates":[55.31616,24.93626]}},{"type":"Feature","properties":{"i":0.98},"geometry":{"type":"Point","coordinates":[55.33813,24.93626]}},{"type":"Feature","properties":{"i":1},"geometry":{"type":"Point","coordinates":[55.36011,24.93626]}},{"type":"Feature","properties":{"i":0.91},"geometry":{"type":"Point","coordinates":[55.38208,24.93626]}},{"type":"Feature","properties":{"i":0.57},"geometry":{"type":"Point","coordinates":[55.40405,24.93626]}},{"type":"Feature","properties":{"i":0.28},"geometry":{"type":"Point","coordinates":[55.42603,24.93626]}},{"type":"Feature","properties":{"i":0.42},"geometry":{"type":"Point","coordinates":[55.448,24.93626]}},{"type":"Feature","properties":{"i":1},"geometry":{"type":"Point","coordinates":[55.46997,24.93626]}},{"type":"Feature","properties":{"i":1},"geometry":{"type":"Point","coordinates":[55.49194,24.93626]}},{"type":"Feature","properties":{"i":1},"geometry":{"type":"Point","coordinates":[55.51392,24.93626]}},{"type":"Feature","properties":{"i":0.24},"geometry":{"type":"Point","coordinates":[55.53589,24.93626]}},{"type":"Feature","properties":{"i":0.1},"geometry":{"type":"Point","coordinates":[55.55786,24.93626]}},{"type":"Feature","properties":{"i":0.13},"geometry":{"type":"Point","coordinates":[55.57983,24.93626]}},{"type":"Feature","properties":{"i":0.17},"geometry":{"type":"Point","coordinates":[55.60181,24.93626]}},{"type":"Feature","properties":{"i":0.16},"geometry":{"type":"Point","coordinates":[55.62378,24.93626]}},{"type":"Feature","properties":{"i":0.47},"geometry":{"type":"Point","coordinates":[55.64575,24.93626]}},{"type":"Feature","properties":{"i":0.18},"geometry":{"type":"Point","coordinates":[55.66772,24.93626]}},{"type":"Feature","properties":{"i":0.28},"geometry":{"type":"Point","coordinates":[55.6897,24.93626]}},{"type":"Feature","properties":{"i":0.85},"geometry":{"type":"Point","coordinates":[55.71167,24.93626]}},{"type":"Feature","properties":{"i":0.86},"geometry":{"type":"Point","coordinates":[55.73364,24.93626]}},{"type":"Feature","properties":{"i":0.83},"geometry":{"type":"Point","coordinates":[55.75562,24.93626]}},{"type":"Feature","properties":{"i":0.97},"geometry":{"type":"Point","coordinates":[55.77759,24.93626]}},{"type":"Feature","properties":{"i":0.65},"geometry":{"type":"Point","coordinates":[55.79956,24.93626]}},{"type":"Feature","properties":{"i":0.61},"geometry":{"type":"Point","coordinates":[55.82153,24.93626]}},{"type":"Feature","properties":{"i":0.52},"geometry":{"type":"Point","coordinates":[55.84351,24.93626]}},{"type":"Feature","properties":{"i":0.04},"geometry":{"type":"Point","coordinates":[55.86548,24.93626]}},{"type":"Feature","properties":{"i":0.02},"geometry":{"type":"Point","coordinates":[55.88745,24.93626]}},{"type":"Feature","properties":{"i":0.22},"geometry":{"type":"Point","coordinates":[56.06323,24.93626]}},{"type":"Feature","properties":{"i":0.28},"geometry":{"type":"Point","coordinates":[56.08521,24.93626]}},{"type":"Feature","properties":{"i":0.42},"geometry":{"type":"Point","coordinates":[56.10718,24.93626]}},{"type":"Feature","properties":{"i":0.13},"geometry":{"type":"Point","coordinates":[56.12915,24.93626]}},{"type":"Feature","properties":{"i":0.62},"geometry":{"type":"Point","coordinates":[56.15112,24.93626]}},{"type":"Feature","properties":{"i":0.73},"geometry":{"type":"Point","coordinates":[56.1731,24.93626]}},{"type":"Feature","properties":{"i":1},"geometry":{"type":"Point","coordinates":[56.19507,24.93626]}},{"type":"Feature","properties":{"i":1},"geometry":{"type":"Point","coordinates":[56.21704,24.93626]}},{"type":"Feature","properties":{"i":0.58},"geometry":{"type":"Point","coordinates":[56.23901,24.93626]}},{"type":"Feature","properties":{"i":0.14},"geometry":{"type":"Point","coordinates":[54.87671,24.91633]}},{"type":"Feature","properties":{"i":0.74},"geometry":{"type":"Point","coordinates":[54.89868,24.91633]}},{"type":"Feature","properties":{"i":1},"geometry":{"type":"Point","coordinates":[54.92065,24.91633]}},{"type":"Feature","properties":{"i":0.42},"geometry":{"type":"Point","coordinates":[54.94263,24.91633]}},{"type":"Feature","properties":{"i":1},"geometry":{"type":"Point","coordinates":[54.9646,24.91633]}},{"type":"Feature","properties":{"i":1},"geometry":{"type":"Point","coordinates":[54.98657,24.91633]}},{"type":"Feature","properties":{"i":1},"geometry":{"type":"Point","coordinates":[55.00854,24.91633]}},{"type":"Feature","properties":{"i":1},"geometry":{"type":"Point","coordinates":[55.03052,24.91633]}},{"type":"Feature","properties":{"i":1},"geometry":{"type":"Point","coordinates":[55.05249,24.91633]}},{"type":"Feature","properties":{"i":1},"geometry":{"type":"Point","coordinates":[55.07446,24.91633]}},{"type":"Feature","properties":{"i":1},"geometry":{"type":"Point","coordinates":[55.09644,24.91633]}},{"type":"Feature","properties":{"i":1},"geometry":{"type":"Point","coordinates":[55.11841,24.91633]}},{"type":"Feature","properties":{"i":1},"geometry":{"type":"Point","coordinates":[55.14038,24.91633]}},{"type":"Feature","properties":{"i":1},"geometry":{"type":"Point","coordinates":[55.16235,24.91633]}},{"type":"Feature","properties":{"i":0.72},"geometry":{"type":"Point","coordinates":[55.18433,24.91633]}},{"type":"Feature","properties":{"i":1},"geometry":{"type":"Point","coordinates":[55.2063,24.91633]}},{"type":"Feature","properties":{"i":1},"geometry":{"type":"Point","coordinates":[55.22827,24.91633]}},{"type":"Feature","properties":{"i":0.93},"geometry":{"type":"Point","coordinates":[55.25024,24.91633]}},{"type":"Feature","properties":{"i":0.3},"geometry":{"type":"Point","coordinates":[55.27222,24.91633]}},{"type":"Feature","properties":{"i":0.23},"geometry":{"type":"Point","coordinates":[55.29419,24.91633]}},{"type":"Feature","properties":{"i":0.21},"geometry":{"type":"Point","coordinates":[55.31616,24.91633]}},{"type":"Feature","properties":{"i":0.7},"geometry":{"type":"Point","coordinates":[55.33813,24.91633]}},{"type":"Feature","properties":{"i":0.28},"geometry":{"type":"Point","coordinates":[55.36011,24.91633]}},{"type":"Feature","properties":{"i":0.16},"geometry":{"type":"Point","coordinates":[55.38208,24.91633]}},{"type":"Feature","properties":{"i":0.15},"geometry":{"type":"Point","coordinates":[55.40405,24.91633]}},{"type":"Feature","properties":{"i":0.16},"geometry":{"type":"Point","coordinates":[55.42603,24.91633]}},{"type":"Feature","properties":{"i":0.93},"geometry":{"type":"Point","coordinates":[55.448,24.91633]}},{"type":"Feature","properties":{"i":1},"geometry":{"type":"Point","coordinates":[55.46997,24.91633]}},{"type":"Feature","properties":{"i":1},"geometry":{"type":"Point","coordinates":[55.49194,24.91633]}},{"type":"Feature","properties":{"i":0.69},"geometry":{"type":"Point","coordinates":[55.51392,24.91633]}},{"type":"Feature","properties":{"i":0.42},"geometry":{"type":"Point","coordinates":[55.53589,24.91633]}},{"type":"Feature","properties":{"i":0.56},"geometry":{"type":"Point","coordinates":[55.55786,24.91633]}},{"type":"Feature","properties":{"i":0.11},"geometry":{"type":"Point","coordinates":[55.57983,24.91633]}},{"type":"Feature","properties":{"i":0.04},"geometry":{"type":"Point","coordinates":[55.60181,24.91633]}},{"type":"Feature","properties":{"i":0.58},"geometry":{"type":"Point","coordinates":[55.62378,24.91633]}},{"type":"Feature","properties":{"i":0.65},"geometry":{"type":"Point","coordinates":[55.64575,24.91633]}},{"type":"Feature","properties":{"i":0.04},"geometry":{"type":"Point","coordinates":[55.66772,24.91633]}},{"type":"Feature","properties":{"i":0.29},"geometry":{"type":"Point","coordinates":[55.6897,24.91633]}},{"type":"Feature","properties":{"i":0.09},"geometry":{"type":"Point","coordinates":[55.71167,24.91633]}},{"type":"Feature","properties":{"i":1},"geometry":{"type":"Point","coordinates":[55.73364,24.91633]}},{"type":"Feature","properties":{"i":0.94},"geometry":{"type":"Point","coordinates":[55.75562,24.91633]}},{"type":"Feature","properties":{"i":1},"geometry":{"type":"Point","coordinates":[55.77759,24.91633]}},{"type":"Feature","properties":{"i":0.58},"geometry":{"type":"Point","coordinates":[55.79956,24.91633]}},{"type":"Feature","properties":{"i":0.65},"geometry":{"type":"Point","coordinates":[55.82153,24.91633]}},{"type":"Feature","properties":{"i":0.14},"geometry":{"type":"Point","coordinates":[55.84351,24.91633]}},{"type":"Feature","properties":{"i":0.04},"geometry":{"type":"Point","coordinates":[55.86548,24.91633]}},{"type":"Feature","properties":{"i":0.13},"geometry":{"type":"Point","coordinates":[56.06323,24.91633]}},{"type":"Feature","properties":{"i":0.22},"geometry":{"type":"Point","coordinates":[56.08521,24.91633]}},{"type":"Feature","properties":{"i":0.75},"geometry":{"type":"Point","coordinates":[56.10718,24.91633]}},{"type":"Feature","properties":{"i":0.19},"geometry":{"type":"Point","coordinates":[56.12915,24.91633]}},{"type":"Feature","properties":{"i":0.62},"geometry":{"type":"Point","coordinates":[56.15112,24.91633]}},{"type":"Feature","properties":{"i":0.55},"geometry":{"type":"Point","coordinates":[56.1731,24.91633]}},{"type":"Feature","properties":{"i":0.1},"geometry":{"type":"Point","coordinates":[56.19507,24.91633]}},{"type":"Feature","properties":{"i":0.16},"geometry":{"type":"Point","coordinates":[56.21704,24.91633]}},{"type":"Feature","properties":{"i":0.78},"geometry":{"type":"Point","coordinates":[56.23901,24.91633]}},{"type":"Feature","properties":{"i":0.74},"geometry":{"type":"Point","coordinates":[54.85474,24.8964]}},{"type":"Feature","properties":{"i":0.9},"geometry":{"type":"Point","coordinates":[54.87671,24.8964]}},{"type":"Feature","properties":{"i":1},"geometry":{"type":"Point","coordinates":[54.89868,24.8964]}},{"type":"Feature","properties":{"i":1},"geometry":{"type":"Point","coordinates":[54.92065,24.8964]}},{"type":"Feature","properties":{"i":1},"geometry":{"type":"Point","coordinates":[54.94263,24.8964]}},{"type":"Feature","properties":{"i":1},"geometry":{"type":"Point","coordinates":[54.9646,24.8964]}},{"type":"Feature","properties":{"i":1},"geometry":{"type":"Point","coordinates":[54.98657,24.8964]}},{"type":"Feature","properties":{"i":0.82},"geometry":{"type":"Point","coordinates":[55.00854,24.8964]}},{"type":"Feature","properties":{"i":0.81},"geometry":{"type":"Point","coordinates":[55.03052,24.8964]}},{"type":"Feature","properties":{"i":1},"geometry":{"type":"Point","coordinates":[55.05249,24.8964]}},{"type":"Feature","properties":{"i":1},"geometry":{"type":"Point","coordinates":[55.07446,24.8964]}},{"type":"Feature","properties":{"i":1},"geometry":{"type":"Point","coordinates":[55.09644,24.8964]}},{"type":"Feature","properties":{"i":1},"geometry":{"type":"Point","coordinates":[55.11841,24.8964]}},{"type":"Feature","properties":{"i":1},"geometry":{"type":"Point","coordinates":[55.14038,24.8964]}},{"type":"Feature","properties":{"i":1},"geometry":{"type":"Point","coordinates":[55.16235,24.8964]}},{"type":"Feature","properties":{"i":1},"geometry":{"type":"Point","coordinates":[55.18433,24.8964]}},{"type":"Feature","properties":{"i":1},"geometry":{"type":"Point","coordinates":[55.2063,24.8964]}},{"type":"Feature","properties":{"i":0.44},"geometry":{"type":"Point","coordinates":[55.22827,24.8964]}},{"type":"Feature","properties":{"i":1},"geometry":{"type":"Point","coordinates":[55.25024,24.8964]}},{"type":"Feature","properties":{"i":0.27},"geometry":{"type":"Point","coordinates":[55.27222,24.8964]}},{"type":"Feature","properties":{"i":0.17},"geometry":{"type":"Point","coordinates":[55.29419,24.8964]}},{"type":"Feature","properties":{"i":0.46},"geometry":{"type":"Point","coordinates":[55.31616,24.8964]}},{"type":"Feature","properties":{"i":0.8},"geometry":{"type":"Point","coordinates":[55.33813,24.8964]}},{"type":"Feature","properties":{"i":0.65},"geometry":{"type":"Point","coordinates":[55.36011,24.8964]}},{"type":"Feature","properties":{"i":0.33},"geometry":{"type":"Point","coordinates":[55.38208,24.8964]}},{"type":"Feature","properties":{"i":0.12},"geometry":{"type":"Point","coordinates":[55.40405,24.8964]}},{"type":"Feature","properties":{"i":0.76},"geometry":{"type":"Point","coordinates":[55.42603,24.8964]}},{"type":"Feature","properties":{"i":0.78},"geometry":{"type":"Point","coordinates":[55.448,24.8964]}},{"type":"Feature","properties":{"i":0.16},"geometry":{"type":"Point","coordinates":[55.46997,24.8964]}},{"type":"Feature","properties":{"i":0.25},"geometry":{"type":"Point","coordinates":[55.49194,24.8964]}},{"type":"Feature","properties":{"i":0.32},"geometry":{"type":"Point","coordinates":[55.51392,24.8964]}},{"type":"Feature","properties":{"i":0.59},"geometry":{"type":"Point","coordinates":[55.53589,24.8964]}},{"type":"Feature","properties":{"i":0.08},"geometry":{"type":"Point","coordinates":[55.55786,24.8964]}},{"type":"Feature","properties":{"i":0.07},"geometry":{"type":"Point","coordinates":[55.57983,24.8964]}},{"type":"Feature","properties":{"i":0.69},"geometry":{"type":"Point","coordinates":[55.60181,24.8964]}},{"type":"Feature","properties":{"i":0.64},"geometry":{"type":"Point","coordinates":[55.62378,24.8964]}},{"type":"Feature","properties":{"i":0.07},"geometry":{"type":"Point","coordinates":[55.64575,24.8964]}},{"type":"Feature","properties":{"i":0.19},"geometry":{"type":"Point","coordinates":[55.6897,24.8964]}},{"type":"Feature","properties":{"i":0.03},"geometry":{"type":"Point","coordinates":[55.71167,24.8964]}},{"type":"Feature","properties":{"i":0.47},"geometry":{"type":"Point","coordinates":[55.73364,24.8964]}},{"type":"Feature","properties":{"i":0.19},"geometry":{"type":"Point","coordinates":[55.75562,24.8964]}},{"type":"Feature","properties":{"i":0.88},"geometry":{"type":"Point","coordinates":[55.77759,24.8964]}},{"type":"Feature","properties":{"i":1},"geometry":{"type":"Point","coordinates":[55.79956,24.8964]}},{"type":"Feature","properties":{"i":1},"geometry":{"type":"Point","coordinates":[55.82153,24.8964]}},{"type":"Feature","properties":{"i":0.75},"geometry":{"type":"Point","coordinates":[55.84351,24.8964]}},{"type":"Feature","properties":{"i":1},"geometry":{"type":"Point","coordinates":[55.86548,24.8964]}},{"type":"Feature","properties":{"i":0.36},"geometry":{"type":"Point","coordinates":[55.88745,24.8964]}},{"type":"Feature","properties":{"i":0.03},"geometry":{"type":"Point","coordinates":[55.90942,24.8964]}},{"type":"Feature","properties":{"i":0.37},"geometry":{"type":"Point","coordinates":[55.99731,24.8964]}},{"type":"Feature","properties":{"i":0.03},"geometry":{"type":"Point","coordinates":[56.01929,24.8964]}},{"type":"Feature","properties":{"i":0.11},"geometry":{"type":"Point","coordinates":[56.04126,24.8964]}},{"type":"Feature","properties":{"i":0.67},"geometry":{"type":"Point","coordinates":[56.08521,24.8964]}},{"type":"Feature","properties":{"i":0.47},"geometry":{"type":"Point","coordinates":[56.10718,24.8964]}},{"type":"Feature","properties":{"i":0.09},"geometry":{"type":"Point","coordinates":[56.12915,24.8964]}},{"type":"Feature","properties":{"i":0.15},"geometry":{"type":"Point","coordinates":[56.15112,24.8964]}},{"type":"Feature","properties":{"i":0.64},"geometry":{"type":"Point","coordinates":[56.1731,24.8964]}},{"type":"Feature","properties":{"i":0.51},"geometry":{"type":"Point","coordinates":[56.19507,24.8964]}},{"type":"Feature","properties":{"i":0.63},"geometry":{"type":"Point","coordinates":[54.85474,24.87647]}},{"type":"Feature","properties":{"i":0.72},"geometry":{"type":"Point","coordinates":[54.87671,24.87647]}},{"type":"Feature","properties":{"i":0.55},"geometry":{"type":"Point","coordinates":[54.89868,24.87647]}},{"type":"Feature","properties":{"i":1},"geometry":{"type":"Point","coordinates":[54.92065,24.87647]}},{"type":"Feature","properties":{"i":1},"geometry":{"type":"Point","coordinates":[54.94263,24.87647]}},{"type":"Feature","properties":{"i":0.83},"geometry":{"type":"Point","coordinates":[54.9646,24.87647]}},{"type":"Feature","properties":{"i":0.69},"geometry":{"type":"Point","coordinates":[54.98657,24.87647]}},{"type":"Feature","properties":{"i":0.37},"geometry":{"type":"Point","coordinates":[55.00854,24.87647]}},{"type":"Feature","properties":{"i":1},"geometry":{"type":"Point","coordinates":[55.03052,24.87647]}},{"type":"Feature","properties":{"i":0.94},"geometry":{"type":"Point","coordinates":[55.05249,24.87647]}},{"type":"Feature","properties":{"i":0.98},"geometry":{"type":"Point","coordinates":[55.07446,24.87647]}},{"type":"Feature","properties":{"i":0.83},"geometry":{"type":"Point","coordinates":[55.09644,24.87647]}},{"type":"Feature","properties":{"i":1},"geometry":{"type":"Point","coordinates":[55.11841,24.87647]}},{"type":"Feature","properties":{"i":1},"geometry":{"type":"Point","coordinates":[55.14038,24.87647]}},{"type":"Feature","properties":{"i":1},"geometry":{"type":"Point","coordinates":[55.16235,24.87647]}},{"type":"Feature","properties":{"i":1},"geometry":{"type":"Point","coordinates":[55.18433,24.87647]}},{"type":"Feature","properties":{"i":1},"geometry":{"type":"Point","coordinates":[55.2063,24.87647]}},{"type":"Feature","properties":{"i":0.34},"geometry":{"type":"Point","coordinates":[55.22827,24.87647]}},{"type":"Feature","properties":{"i":0.22},"geometry":{"type":"Point","coordinates":[55.25024,24.87647]}},{"type":"Feature","properties":{"i":0.15},"geometry":{"type":"Point","coordinates":[55.27222,24.87647]}},{"type":"Feature","properties":{"i":0.11},"geometry":{"type":"Point","coordinates":[55.29419,24.87647]}},{"type":"Feature","properties":{"i":0.11},"geometry":{"type":"Point","coordinates":[55.31616,24.87647]}},{"type":"Feature","properties":{"i":0.71},"geometry":{"type":"Point","coordinates":[55.33813,24.87647]}},{"type":"Feature","properties":{"i":0.22},"geometry":{"type":"Point","coordinates":[55.36011,24.87647]}},{"type":"Feature","properties":{"i":0.13},"geometry":{"type":"Point","coordinates":[55.38208,24.87647]}},{"type":"Feature","properties":{"i":0.73},"geometry":{"type":"Point","coordinates":[55.40405,24.87647]}},{"type":"Feature","properties":{"i":0.73},"geometry":{"type":"Point","coordinates":[55.42603,24.87647]}},{"type":"Feature","properties":{"i":0.24},"geometry":{"type":"Point","coordinates":[55.448,24.87647]}},{"type":"Feature","properties":{"i":0.04},"geometry":{"type":"Point","coordinates":[55.46997,24.87647]}},{"type":"Feature","properties":{"i":0.03},"geometry":{"type":"Point","coordinates":[55.49194,24.87647]}},{"type":"Feature","properties":{"i":0.05},"geometry":{"type":"Point","coordinates":[55.51392,24.87647]}},{"type":"Feature","properties":{"i":1},"geometry":{"type":"Point","coordinates":[55.53589,24.87647]}},{"type":"Feature","properties":{"i":1},"geometry":{"type":"Point","coordinates":[55.55786,24.87647]}},{"type":"Feature","properties":{"i":0.36},"geometry":{"type":"Point","coordinates":[55.57983,24.87647]}},{"type":"Feature","properties":{"i":0.28},"geometry":{"type":"Point","coordinates":[55.60181,24.87647]}},{"type":"Feature","properties":{"i":0.08},"geometry":{"type":"Point","coordinates":[55.62378,24.87647]}},{"type":"Feature","properties":{"i":0.02},"geometry":{"type":"Point","coordinates":[55.64575,24.87647]}},{"type":"Feature","properties":{"i":0.03},"geometry":{"type":"Point","coordinates":[55.75562,24.87647]}},{"type":"Feature","properties":{"i":0.72},"geometry":{"type":"Point","coordinates":[55.77759,24.87647]}},{"type":"Feature","properties":{"i":0.69},"geometry":{"type":"Point","coordinates":[55.79956,24.87647]}},{"type":"Feature","properties":{"i":0.24},"geometry":{"type":"Point","coordinates":[55.82153,24.87647]}},{"type":"Feature","properties":{"i":0.02},"geometry":{"type":"Point","coordinates":[55.84351,24.87647]}},{"type":"Feature","properties":{"i":0.55},"geometry":{"type":"Point","coordinates":[55.86548,24.87647]}},{"type":"Feature","properties":{"i":0.36},"geometry":{"type":"Point","coordinates":[55.88745,24.87647]}},{"type":"Feature","properties":{"i":0.31},"geometry":{"type":"Point","coordinates":[55.90942,24.87647]}},{"type":"Feature","properties":{"i":0.11},"geometry":{"type":"Point","coordinates":[55.9314,24.87647]}},{"type":"Feature","properties":{"i":0.44},"geometry":{"type":"Point","coordinates":[55.97534,24.87647]}},{"type":"Feature","properties":{"i":0.78},"geometry":{"type":"Point","coordinates":[55.99731,24.87647]}},{"type":"Feature","properties":{"i":0.35},"geometry":{"type":"Point","coordinates":[56.01929,24.87647]}},{"type":"Feature","properties":{"i":0.27},"geometry":{"type":"Point","coordinates":[56.04126,24.87647]}},{"type":"Feature","properties":{"i":0.19},"geometry":{"type":"Point","coordinates":[56.06323,24.87647]}},{"type":"Feature","properties":{"i":0.68},"geometry":{"type":"Point","coordinates":[56.08521,24.87647]}},{"type":"Feature","properties":{"i":0.19},"geometry":{"type":"Point","coordinates":[56.10718,24.87647]}},{"type":"Feature","properties":{"i":0.15},"geometry":{"type":"Point","coordinates":[56.15112,24.87647]}},{"type":"Feature","properties":{"i":0.27},"geometry":{"type":"Point","coordinates":[56.1731,24.87647]}},{"type":"Feature","properties":{"i":0.52},"geometry":{"type":"Point","coordinates":[56.19507,24.87647]}},{"type":"Feature","properties":{"i":0.23},"geometry":{"type":"Point","coordinates":[56.21704,24.87647]}},{"type":"Feature","properties":{"i":0.59},"geometry":{"type":"Point","coordinates":[56.23901,24.87647]}},{"type":"Feature","properties":{"i":0.09},"geometry":{"type":"Point","coordinates":[54.85474,24.85653]}},{"type":"Feature","properties":{"i":1},"geometry":{"type":"Point","coordinates":[54.87671,24.85653]}},{"type":"Feature","properties":{"i":1},"geometry":{"type":"Point","coordinates":[54.89868,24.85653]}},{"type":"Feature","properties":{"i":1},"geometry":{"type":"Point","coordinates":[54.92065,24.85653]}},{"type":"Feature","properties":{"i":0.27},"geometry":{"type":"Point","coordinates":[54.94263,24.85653]}},{"type":"Feature","properties":{"i":0.25},"geometry":{"type":"Point","coordinates":[54.9646,24.85653]}},{"type":"Feature","properties":{"i":1},"geometry":{"type":"Point","coordinates":[54.98657,24.85653]}},{"type":"Feature","properties":{"i":1},"geometry":{"type":"Point","coordinates":[55.00854,24.85653]}},{"type":"Feature","properties":{"i":1},"geometry":{"type":"Point","coordinates":[55.03052,24.85653]}},{"type":"Feature","properties":{"i":1},"geometry":{"type":"Point","coordinates":[55.05249,24.85653]}},{"type":"Feature","properties":{"i":1},"geometry":{"type":"Point","coordinates":[55.07446,24.85653]}},{"type":"Feature","properties":{"i":1},"geometry":{"type":"Point","coordinates":[55.09644,24.85653]}},{"type":"Feature","properties":{"i":1},"geometry":{"type":"Point","coordinates":[55.11841,24.85653]}},{"type":"Feature","properties":{"i":1},"geometry":{"type":"Point","coordinates":[55.14038,24.85653]}},{"type":"Feature","properties":{"i":1},"geometry":{"type":"Point","coordinates":[55.16235,24.85653]}},{"type":"Feature","properties":{"i":1},"geometry":{"type":"Point","coordinates":[55.18433,24.85653]}},{"type":"Feature","properties":{"i":0.45},"geometry":{"type":"Point","coordinates":[55.2063,24.85653]}},{"type":"Feature","properties":{"i":0.24},"geometry":{"type":"Point","coordinates":[55.22827,24.85653]}},{"type":"Feature","properties":{"i":0.28},"geometry":{"type":"Point","coordinates":[55.25024,24.85653]}},{"type":"Feature","properties":{"i":0.13},"geometry":{"type":"Point","coordinates":[55.27222,24.85653]}},{"type":"Feature","properties":{"i":0.25},"geometry":{"type":"Point","coordinates":[55.29419,24.85653]}},{"type":"Feature","properties":{"i":0.08},"geometry":{"type":"Point","coordinates":[55.31616,24.85653]}},{"type":"Feature","properties":{"i":1},"geometry":{"type":"Point","coordinates":[55.33813,24.85653]}},{"type":"Feature","properties":{"i":0.81},"geometry":{"type":"Point","coordinates":[55.36011,24.85653]}},{"type":"Feature","properties":{"i":0.82},"geometry":{"type":"Point","coordinates":[55.38208,24.85653]}},{"type":"Feature","properties":{"i":0.78},"geometry":{"type":"Point","coordinates":[55.40405,24.85653]}},{"type":"Feature","properties":{"i":0.17},"geometry":{"type":"Point","coordinates":[55.42603,24.85653]}},{"type":"Feature","properties":{"i":0.04},"geometry":{"type":"Point","coordinates":[55.448,24.85653]}},{"type":"Feature","properties":{"i":0.21},"geometry":{"type":"Point","coordinates":[55.51392,24.85653]}},{"type":"Feature","properties":{"i":0.34},"geometry":{"type":"Point","coordinates":[55.53589,24.85653]}},{"type":"Feature","properties":{"i":0.86},"geometry":{"type":"Point","coordinates":[55.55786,24.85653]}},{"type":"Feature","properties":{"i":0.61},"geometry":{"type":"Point","coordinates":[55.57983,24.85653]}},{"type":"Feature","properties":{"i":0.07},"geometry":{"type":"Point","coordinates":[55.60181,24.85653]}},{"type":"Feature","properties":{"i":0.35},"geometry":{"type":"Point","coordinates":[55.6897,24.85653]}},{"type":"Feature","properties":{"i":0.35},"geometry":{"type":"Point","coordinates":[55.71167,24.85653]}},{"type":"Feature","properties":{"i":0.71},"geometry":{"type":"Point","coordinates":[55.77759,24.85653]}},{"type":"Feature","properties":{"i":0.85},"geometry":{"type":"Point","coordinates":[55.79956,24.85653]}},{"type":"Feature","properties":{"i":0.25},"geometry":{"type":"Point","coordinates":[55.82153,24.85653]}},{"type":"Feature","properties":{"i":0.33},"geometry":{"type":"Point","coordinates":[55.90942,24.85653]}},{"type":"Feature","properties":{"i":0.68},"geometry":{"type":"Point","coordinates":[55.9314,24.85653]}},{"type":"Feature","properties":{"i":0.64},"geometry":{"type":"Point","coordinates":[55.95337,24.85653]}},{"type":"Feature","properties":{"i":0.75},"geometry":{"type":"Point","coordinates":[55.97534,24.85653]}},{"type":"Feature","properties":{"i":1},"geometry":{"type":"Point","coordinates":[55.99731,24.85653]}},{"type":"Feature","properties":{"i":0.75},"geometry":{"type":"Point","coordinates":[56.01929,24.85653]}},{"type":"Feature","properties":{"i":0.62},"geometry":{"type":"Point","coordinates":[56.04126,24.85653]}},{"type":"Feature","properties":{"i":0.53},"geometry":{"type":"Point","coordinates":[56.06323,24.85653]}},{"type":"Feature","properties":{"i":0.51},"geometry":{"type":"Point","coordinates":[56.08521,24.85653]}},{"type":"Feature","properties":{"i":0.11},"geometry":{"type":"Point","coordinates":[56.10718,24.85653]}},{"type":"Feature","properties":{"i":0.09},"geometry":{"type":"Point","coordinates":[56.12915,24.85653]}},{"type":"Feature","properties":{"i":0.09},"geometry":{"type":"Point","coordinates":[56.15112,24.85653]}},{"type":"Feature","properties":{"i":0.08},"geometry":{"type":"Point","coordinates":[54.85474,24.8366]}},{"type":"Feature","properties":{"i":0.88},"geometry":{"type":"Point","coordinates":[54.87671,24.8366]}},{"type":"Feature","properties":{"i":0.98},"geometry":{"type":"Point","coordinates":[54.89868,24.8366]}},{"type":"Feature","properties":{"i":0.22},"geometry":{"type":"Point","coordinates":[54.92065,24.8366]}},{"type":"Feature","properties":{"i":0.15},"geometry":{"type":"Point","coordinates":[54.94263,24.8366]}},{"type":"Feature","properties":{"i":0.21},"geometry":{"type":"Point","coordinates":[54.9646,24.8366]}},{"type":"Feature","properties":{"i":0.72},"geometry":{"type":"Point","coordinates":[54.98657,24.8366]}},{"type":"Feature","properties":{"i":1},"geometry":{"type":"Point","coordinates":[55.00854,24.8366]}},{"type":"Feature","properties":{"i":1},"geometry":{"type":"Point","coordinates":[55.03052,24.8366]}},{"type":"Feature","properties":{"i":1},"geometry":{"type":"Point","coordinates":[55.05249,24.8366]}},{"type":"Feature","properties":{"i":1},"geometry":{"type":"Point","coordinates":[55.07446,24.8366]}},{"type":"Feature","properties":{"i":1},"geometry":{"type":"Point","coordinates":[55.09644,24.8366]}},{"type":"Feature","properties":{"i":0.94},"geometry":{"type":"Point","coordinates":[55.11841,24.8366]}},{"type":"Feature","properties":{"i":1},"geometry":{"type":"Point","coordinates":[55.14038,24.8366]}},{"type":"Feature","properties":{"i":1},"geometry":{"type":"Point","coordinates":[55.16235,24.8366]}},{"type":"Feature","properties":{"i":0.41},"geometry":{"type":"Point","coordinates":[55.18433,24.8366]}},{"type":"Feature","properties":{"i":0.29},"geometry":{"type":"Point","coordinates":[55.2063,24.8366]}},{"type":"Feature","properties":{"i":0.17},"geometry":{"type":"Point","coordinates":[55.22827,24.8366]}},{"type":"Feature","properties":{"i":0.12},"geometry":{"type":"Point","coordinates":[55.25024,24.8366]}},{"type":"Feature","properties":{"i":0.34},"geometry":{"type":"Point","coordinates":[55.27222,24.8366]}},{"type":"Feature","properties":{"i":0.6},"geometry":{"type":"Point","coordinates":[55.29419,24.8366]}},{"type":"Feature","properties":{"i":0.49},"geometry":{"type":"Point","coordinates":[55.31616,24.8366]}},{"type":"Feature","properties":{"i":1},"geometry":{"type":"Point","coordinates":[55.33813,24.8366]}},{"type":"Feature","properties":{"i":0.48},"geometry":{"type":"Point","coordinates":[55.36011,24.8366]}},{"type":"Feature","properties":{"i":0.35},"geometry":{"type":"Point","coordinates":[55.38208,24.8366]}},{"type":"Feature","properties":{"i":0.07},"geometry":{"type":"Point","coordinates":[55.40405,24.8366]}},{"type":"Feature","properties":{"i":0.04},"geometry":{"type":"Point","coordinates":[55.42603,24.8366]}},{"type":"Feature","properties":{"i":0.6},"geometry":{"type":"Point","coordinates":[55.55786,24.8366]}},{"type":"Feature","properties":{"i":0.49},"geometry":{"type":"Point","coordinates":[55.57983,24.8366]}},{"type":"Feature","properties":{"i":0.15},"geometry":{"type":"Point","coordinates":[55.60181,24.8366]}},{"type":"Feature","properties":{"i":0.15},"geometry":{"type":"Point","coordinates":[55.62378,24.8366]}},{"type":"Feature","properties":{"i":0.35},"geometry":{"type":"Point","coordinates":[55.6897,24.8366]}},{"type":"Feature","properties":{"i":0.82},"geometry":{"type":"Point","coordinates":[55.77759,24.8366]}},{"type":"Feature","properties":{"i":0.75},"geometry":{"type":"Point","coordinates":[55.79956,24.8366]}},{"type":"Feature","properties":{"i":0.25},"geometry":{"type":"Point","coordinates":[55.82153,24.8366]}},{"type":"Feature","properties":{"i":0.1},"geometry":{"type":"Point","coordinates":[55.97534,24.8366]}},{"type":"Feature","properties":{"i":1},"geometry":{"type":"Point","coordinates":[55.99731,24.8366]}},{"type":"Feature","properties":{"i":0.9},"geometry":{"type":"Point","coordinates":[56.01929,24.8366]}},{"type":"Feature","properties":{"i":0.94},"geometry":{"type":"Point","coordinates":[56.04126,24.8366]}},{"type":"Feature","properties":{"i":0.91},"geometry":{"type":"Point","coordinates":[56.06323,24.8366]}},{"type":"Feature","properties":{"i":1},"geometry":{"type":"Point","coordinates":[56.08521,24.8366]}},{"type":"Feature","properties":{"i":0.46},"geometry":{"type":"Point","coordinates":[56.10718,24.8366]}},{"type":"Feature","properties":{"i":0.42},"geometry":{"type":"Point","coordinates":[56.12915,24.8366]}},{"type":"Feature","properties":{"i":0.22},"geometry":{"type":"Point","coordinates":[56.15112,24.8366]}},{"type":"Feature","properties":{"i":0.8},"geometry":{"type":"Point","coordinates":[54.85474,24.81665]}},{"type":"Feature","properties":{"i":0.87},"geometry":{"type":"Point","coordinates":[54.87671,24.81665]}},{"type":"Feature","properties":{"i":0.15},"geometry":{"type":"Point","coordinates":[54.89868,24.81665]}},{"type":"Feature","properties":{"i":0.1},"geometry":{"type":"Point","coordinates":[54.92065,24.81665]}},{"type":"Feature","properties":{"i":0.1},"geometry":{"type":"Point","coordinates":[54.94263,24.81665]}},{"type":"Feature","properties":{"i":0.7},"geometry":{"type":"Point","coordinates":[54.9646,24.81665]}},{"type":"Feature","properties":{"i":1},"geometry":{"type":"Point","coordinates":[54.98657,24.81665]}},{"type":"Feature","properties":{"i":0.36},"geometry":{"type":"Point","coordinates":[55.00854,24.81665]}},{"type":"Feature","properties":{"i":0.41},"geometry":{"type":"Point","coordinates":[55.03052,24.81665]}},{"type":"Feature","properties":{"i":0.85},"geometry":{"type":"Point","coordinates":[55.05249,24.81665]}},{"type":"Feature","properties":{"i":1},"geometry":{"type":"Point","coordinates":[55.07446,24.81665]}},{"type":"Feature","properties":{"i":1},"geometry":{"type":"Point","coordinates":[55.09644,24.81665]}},{"type":"Feature","properties":{"i":1},"geometry":{"type":"Point","coordinates":[55.11841,24.81665]}},{"type":"Feature","properties":{"i":0.48},"geometry":{"type":"Point","coordinates":[55.14038,24.81665]}},{"type":"Feature","properties":{"i":0.32},"geometry":{"type":"Point","coordinates":[55.16235,24.81665]}},{"type":"Feature","properties":{"i":0.23},"geometry":{"type":"Point","coordinates":[55.18433,24.81665]}},{"type":"Feature","properties":{"i":0.37},"geometry":{"type":"Point","coordinates":[55.2063,24.81665]}},{"type":"Feature","properties":{"i":0.53},"geometry":{"type":"Point","coordinates":[55.22827,24.81665]}},{"type":"Feature","properties":{"i":0.76},"geometry":{"type":"Point","coordinates":[55.25024,24.81665]}},{"type":"Feature","properties":{"i":0.55},"geometry":{"type":"Point","coordinates":[55.27222,24.81665]}},{"type":"Feature","properties":{"i":0.25},"geometry":{"type":"Point","coordinates":[55.29419,24.81665]}},{"type":"Feature","properties":{"i":0.09},"geometry":{"type":"Point","coordinates":[55.31616,24.81665]}},{"type":"Feature","properties":{"i":0.03},"geometry":{"type":"Point","coordinates":[55.33813,24.81665]}},{"type":"Feature","properties":{"i":0.27},"geometry":{"type":"Point","coordinates":[55.36011,24.81665]}},{"type":"Feature","properties":{"i":0.04},"geometry":{"type":"Point","coordinates":[55.38208,24.81665]}},{"type":"Feature","properties":{"i":0.31},"geometry":{"type":"Point","coordinates":[55.55786,24.81665]}},{"type":"Feature","properties":{"i":0.93},"geometry":{"type":"Point","coordinates":[55.57983,24.81665]}},{"type":"Feature","properties":{"i":0.22},"geometry":{"type":"Point","coordinates":[55.60181,24.81665]}},{"type":"Feature","properties":{"i":0.1},"geometry":{"type":"Point","coordinates":[55.62378,24.81665]}},{"type":"Feature","properties":{"i":0.19},"geometry":{"type":"Point","coordinates":[55.64575,24.81665]}},{"type":"Feature","properties":{"i":0.24},"geometry":{"type":"Point","coordinates":[55.66772,24.81665]}},{"type":"Feature","properties":{"i":0.36},"geometry":{"type":"Point","coordinates":[55.73364,24.81665]}},{"type":"Feature","properties":{"i":0.45},"geometry":{"type":"Point","coordinates":[55.75562,24.81665]}},{"type":"Feature","properties":{"i":0.89},"geometry":{"type":"Point","coordinates":[55.77759,24.81665]}},{"type":"Feature","properties":{"i":0.89},"geometry":{"type":"Point","coordinates":[55.79956,24.81665]}},{"type":"Feature","properties":{"i":0.21},"geometry":{"type":"Point","coordinates":[55.82153,24.81665]}},{"type":"Feature","properties":{"i":0.03},"geometry":{"type":"Point","coordinates":[55.99731,24.81665]}},{"type":"Feature","properties":{"i":0.83},"geometry":{"type":"Point","coordinates":[56.01929,24.81665]}},{"type":"Feature","properties":{"i":0.83},"geometry":{"type":"Point","coordinates":[56.04126,24.81665]}},{"type":"Feature","properties":{"i":0.92},"geometry":{"type":"Point","coordinates":[56.06323,24.81665]}},{"type":"Feature","properties":{"i":0.98},"geometry":{"type":"Point","coordinates":[56.08521,24.81665]}},{"type":"Feature","properties":{"i":0.92},"geometry":{"type":"Point","coordinates":[56.10718,24.81665]}},{"type":"Feature","properties":{"i":1},"geometry":{"type":"Point","coordinates":[56.12915,24.81665]}},{"type":"Feature","properties":{"i":0.64},"geometry":{"type":"Point","coordinates":[56.15112,24.81665]}},{"type":"Feature","properties":{"i":0.72},"geometry":{"type":"Point","coordinates":[56.1731,24.81665]}},{"type":"Feature","properties":{"i":1},"geometry":{"type":"Point","coordinates":[56.19507,24.81665]}},{"type":"Feature","properties":{"i":0.69},"geometry":{"type":"Point","coordinates":[56.21704,24.81665]}},{"type":"Feature","properties":{"i":0.04},"geometry":{"type":"Point","coordinates":[56.23901,24.81665]}},{"type":"Feature","properties":{"i":1},"geometry":{"type":"Point","coordinates":[54.85474,24.79671]}},{"type":"Feature","properties":{"i":1},"geometry":{"type":"Point","coordinates":[54.87671,24.79671]}},{"type":"Feature","properties":{"i":0.11},"geometry":{"type":"Point","coordinates":[54.89868,24.79671]}},{"type":"Feature","properties":{"i":0.08},"geometry":{"type":"Point","coordinates":[54.92065,24.79671]}},{"type":"Feature","properties":{"i":0.18},"geometry":{"type":"Point","coordinates":[54.94263,24.79671]}},{"type":"Feature","properties":{"i":1},"geometry":{"type":"Point","coordinates":[54.9646,24.79671]}},{"type":"Feature","properties":{"i":0.99},"geometry":{"type":"Point","coordinates":[54.98657,24.79671]}},{"type":"Feature","properties":{"i":0.24},"geometry":{"type":"Point","coordinates":[55.00854,24.79671]}},{"type":"Feature","properties":{"i":0.22},"geometry":{"type":"Point","coordinates":[55.03052,24.79671]}},{"type":"Feature","properties":{"i":0.62},"geometry":{"type":"Point","coordinates":[55.05249,24.79671]}},{"type":"Feature","properties":{"i":1},"geometry":{"type":"Point","coordinates":[55.07446,24.79671]}},{"type":"Feature","properties":{"i":1},"geometry":{"type":"Point","coordinates":[55.09644,24.79671]}},{"type":"Feature","properties":{"i":0.92},"geometry":{"type":"Point","coordinates":[55.11841,24.79671]}},{"type":"Feature","properties":{"i":0.5},"geometry":{"type":"Point","coordinates":[55.14038,24.79671]}},{"type":"Feature","properties":{"i":0.24},"geometry":{"type":"Point","coordinates":[55.16235,24.79671]}},{"type":"Feature","properties":{"i":0.16},"geometry":{"type":"Point","coordinates":[55.18433,24.79671]}},{"type":"Feature","properties":{"i":0.37},"geometry":{"type":"Point","coordinates":[55.2063,24.79671]}},{"type":"Feature","properties":{"i":0.27},"geometry":{"type":"Point","coordinates":[55.22827,24.79671]}},{"type":"Feature","properties":{"i":0.1},"geometry":{"type":"Point","coordinates":[55.25024,24.79671]}},{"type":"Feature","properties":{"i":0.28},"geometry":{"type":"Point","coordinates":[55.27222,24.79671]}},{"type":"Feature","properties":{"i":0.03},"geometry":{"type":"Point","coordinates":[55.29419,24.79671]}},{"type":"Feature","properties":{"i":0.47},"geometry":{"type":"Point","coordinates":[55.36011,24.79671]}},{"type":"Feature","properties":{"i":0.42},"geometry":{"type":"Point","coordinates":[55.38208,24.79671]}},{"type":"Feature","properties":{"i":0.64},"geometry":{"type":"Point","coordinates":[55.57983,24.79671]}},{"type":"Feature","properties":{"i":0.47},"geometry":{"type":"Point","coordinates":[55.60181,24.79671]}},{"type":"Feature","properties":{"i":0.11},"geometry":{"type":"Point","coordinates":[55.73364,24.79671]}},{"type":"Feature","properties":{"i":0.11},"geometry":{"type":"Point","coordinates":[55.75562,24.79671]}},{"type":"Feature","properties":{"i":0.19},"geometry":{"type":"Point","coordinates":[55.77759,24.79671]}},{"type":"Feature","properties":{"i":0.82},"geometry":{"type":"Point","coordinates":[55.79956,24.79671]}},{"type":"Feature","properties":{"i":0.6},"geometry":{"type":"Point","coordinates":[55.82153,24.79671]}},{"type":"Feature","properties":{"i":0.53},"geometry":{"type":"Point","coordinates":[56.01929,24.79671]}},{"type":"Feature","properties":{"i":0.3},"geometry":{"type":"Point","coordinates":[56.04126,24.79671]}},{"type":"Feature","properties":{"i":0.27},"geometry":{"type":"Point","coordinates":[56.06323,24.79671]}},{"type":"Feature","properties":{"i":0.35},"geometry":{"type":"Point","coordinates":[56.08521,24.79671]}},{"type":"Feature","properties":{"i":1},"geometry":{"type":"Point","coordinates":[56.10718,24.79671]}},{"type":"Feature","properties":{"i":1},"geometry":{"type":"Point","coordinates":[56.12915,24.79671]}},{"type":"Feature","properties":{"i":0.83},"geometry":{"type":"Point","coordinates":[56.15112,24.79671]}},{"type":"Feature","properties":{"i":0.72},"geometry":{"type":"Point","coordinates":[56.1731,24.79671]}},{"type":"Feature","properties":{"i":1},"geometry":{"type":"Point","coordinates":[56.19507,24.79671]}},{"type":"Feature","properties":{"i":1},"geometry":{"type":"Point","coordinates":[56.21704,24.79671]}},{"type":"Feature","properties":{"i":0.53},"geometry":{"type":"Point","coordinates":[56.23901,24.79671]}},{"type":"Feature","properties":{"i":0.84},"geometry":{"type":"Point","coordinates":[54.85474,24.77676]}},{"type":"Feature","properties":{"i":0.26},"geometry":{"type":"Point","coordinates":[54.87671,24.77676]}},{"type":"Feature","properties":{"i":0.1},"geometry":{"type":"Point","coordinates":[54.89868,24.77676]}},{"type":"Feature","properties":{"i":0.1},"geometry":{"type":"Point","coordinates":[54.92065,24.77676]}},{"type":"Feature","properties":{"i":1},"geometry":{"type":"Point","coordinates":[54.94263,24.77676]}},{"type":"Feature","properties":{"i":1},"geometry":{"type":"Point","coordinates":[54.9646,24.77676]}},{"type":"Feature","properties":{"i":0.19},"geometry":{"type":"Point","coordinates":[54.98657,24.77676]}},{"type":"Feature","properties":{"i":0.14},"geometry":{"type":"Point","coordinates":[55.00854,24.77676]}},{"type":"Feature","properties":{"i":0.14},"geometry":{"type":"Point","coordinates":[55.03052,24.77676]}},{"type":"Feature","properties":{"i":0.22},"geometry":{"type":"Point","coordinates":[55.05249,24.77676]}},{"type":"Feature","properties":{"i":0.79},"geometry":{"type":"Point","coordinates":[55.07446,24.77676]}},{"type":"Feature","properties":{"i":0.51},"geometry":{"type":"Point","coordinates":[55.09644,24.77676]}},{"type":"Feature","properties":{"i":0.92},"geometry":{"type":"Point","coordinates":[55.11841,24.77676]}},{"type":"Feature","properties":{"i":0.49},"geometry":{"type":"Point","coordinates":[55.14038,24.77676]}},{"type":"Feature","properties":{"i":0.13},"geometry":{"type":"Point","coordinates":[55.16235,24.77676]}},{"type":"Feature","properties":{"i":0.08},"geometry":{"type":"Point","coordinates":[55.18433,24.77676]}},{"type":"Feature","properties":{"i":0.04},"geometry":{"type":"Point","coordinates":[55.2063,24.77676]}},{"type":"Feature","properties":{"i":0.02},"geometry":{"type":"Point","coordinates":[55.22827,24.77676]}},{"type":"Feature","properties":{"i":0.03},"geometry":{"type":"Point","coordinates":[55.25024,24.77676]}},{"type":"Feature","properties":{"i":0.34},"geometry":{"type":"Point","coordinates":[55.27222,24.77676]}},{"type":"Feature","properties":{"i":0.51},"geometry":{"type":"Point","coordinates":[55.36011,24.77676]}},{"type":"Feature","properties":{"i":0.09},"geometry":{"type":"Point","coordinates":[55.38208,24.77676]}},{"type":"Feature","properties":{"i":0.02},"geometry":{"type":"Point","coordinates":[55.46997,24.77676]}},{"type":"Feature","properties":{"i":0.02},"geometry":{"type":"Point","coordinates":[55.49194,24.77676]}},{"type":"Feature","properties":{"i":0.09},"geometry":{"type":"Point","coordinates":[55.57983,24.77676]}},{"type":"Feature","properties":{"i":0.65},"geometry":{"type":"Point","coordinates":[55.60181,24.77676]}},{"type":"Feature","properties":{"i":0.14},"geometry":{"type":"Point","coordinates":[55.64575,24.77676]}},{"type":"Feature","properties":{"i":0.74},"geometry":{"type":"Point","coordinates":[55.79956,24.77676]}},{"type":"Feature","properties":{"i":0.74},"geometry":{"type":"Point","coordinates":[55.82153,24.77676]}},{"type":"Feature","properties":{"i":0.07},"geometry":{"type":"Point","coordinates":[56.08521,24.77676]}},{"type":"Feature","properties":{"i":0.83},"geometry":{"type":"Point","coordinates":[56.10718,24.77676]}},{"type":"Feature","properties":{"i":0.73},"geometry":{"type":"Point","coordinates":[56.12915,24.77676]}},{"type":"Feature","properties":{"i":1},"geometry":{"type":"Point","coordinates":[56.15112,24.77676]}},{"type":"Feature","properties":{"i":1},"geometry":{"type":"Point","coordinates":[56.1731,24.77676]}},{"type":"Feature","properties":{"i":0.11},"geometry":{"type":"Point","coordinates":[56.19507,24.77676]}},{"type":"Feature","properties":{"i":0.14},"geometry":{"type":"Point","coordinates":[56.21704,24.77676]}},{"type":"Feature","properties":{"i":0.25},"geometry":{"type":"Point","coordinates":[56.23901,24.77676]}},{"type":"Feature","properties":{"i":0.83},"geometry":{"type":"Point","coordinates":[54.85474,24.75681]}},{"type":"Feature","properties":{"i":0.21},"geometry":{"type":"Point","coordinates":[54.87671,24.75681]}},{"type":"Feature","properties":{"i":1},"geometry":{"type":"Point","coordinates":[54.89868,24.75681]}},{"type":"Feature","properties":{"i":1},"geometry":{"type":"Point","coordinates":[54.92065,24.75681]}},{"type":"Feature","properties":{"i":1},"geometry":{"type":"Point","coordinates":[54.94263,24.75681]}},{"type":"Feature","properties":{"i":0.64},"geometry":{"type":"Point","coordinates":[54.9646,24.75681]}},{"type":"Feature","properties":{"i":0.26},"geometry":{"type":"Point","coordinates":[54.98657,24.75681]}},{"type":"Feature","properties":{"i":0.08},"geometry":{"type":"Point","coordinates":[55.00854,24.75681]}},{"type":"Feature","properties":{"i":0.11},"geometry":{"type":"Point","coordinates":[55.03052,24.75681]}},{"type":"Feature","properties":{"i":0.14},"geometry":{"type":"Point","coordinates":[55.05249,24.75681]}},{"type":"Feature","properties":{"i":0.23},"geometry":{"type":"Point","coordinates":[55.07446,24.75681]}},{"type":"Feature","properties":{"i":0.59},"geometry":{"type":"Point","coordinates":[55.09644,24.75681]}},{"type":"Feature","properties":{"i":0.29},"geometry":{"type":"Point","coordinates":[55.11841,24.75681]}},{"type":"Feature","properties":{"i":0.12},"geometry":{"type":"Point","coordinates":[55.14038,24.75681]}},{"type":"Feature","properties":{"i":0.05},"geometry":{"type":"Point","coordinates":[55.16235,24.75681]}},{"type":"Feature","properties":{"i":0.05},"geometry":{"type":"Point","coordinates":[55.18433,24.75681]}},{"type":"Feature","properties":{"i":0.69},"geometry":{"type":"Point","coordinates":[55.36011,24.75681]}},{"type":"Feature","properties":{"i":0.68},"geometry":{"type":"Point","coordinates":[55.38208,24.75681]}},{"type":"Feature","properties":{"i":0.39},"geometry":{"type":"Point","coordinates":[55.40405,24.75681]}},{"type":"Feature","properties":{"i":0.58},"geometry":{"type":"Point","coordinates":[55.42603,24.75681]}},{"type":"Feature","properties":{"i":0.64},"geometry":{"type":"Point","coordinates":[55.448,24.75681]}},{"type":"Feature","properties":{"i":1},"geometry":{"type":"Point","coordinates":[55.46997,24.75681]}},{"type":"Feature","properties":{"i":1},"geometry":{"type":"Point","coordinates":[55.49194,24.75681]}},{"type":"Feature","properties":{"i":0.79},"geometry":{"type":"Point","coordinates":[55.51392,24.75681]}},{"type":"Feature","properties":{"i":0.41},"geometry":{"type":"Point","coordinates":[55.53589,24.75681]}},{"type":"Feature","properties":{"i":0.51},"geometry":{"type":"Point","coordinates":[55.60181,24.75681]}},{"type":"Feature","properties":{"i":0.12},"geometry":{"type":"Point","coordinates":[55.75562,24.75681]}},{"type":"Feature","properties":{"i":0.55},"geometry":{"type":"Point","coordinates":[55.77759,24.75681]}},{"type":"Feature","properties":{"i":0.93},"geometry":{"type":"Point","coordinates":[55.79956,24.75681]}},{"type":"Feature","properties":{"i":0.93},"geometry":{"type":"Point","coordinates":[55.82153,24.75681]}},{"type":"Feature","properties":{"i":0.32},"geometry":{"type":"Point","coordinates":[56.10718,24.75681]}},{"type":"Feature","properties":{"i":0.11},"geometry":{"type":"Point","coordinates":[56.12915,24.75681]}},{"type":"Feature","properties":{"i":0.76},"geometry":{"type":"Point","coordinates":[56.15112,24.75681]}},{"type":"Feature","properties":{"i":1},"geometry":{"type":"Point","coordinates":[56.1731,24.75681]}},{"type":"Feature","properties":{"i":0.07},"geometry":{"type":"Point","coordinates":[56.19507,24.75681]}},{"type":"Feature","properties":{"i":0.28},"geometry":{"type":"Point","coordinates":[54.85474,24.73685]}},{"type":"Feature","properties":{"i":1},"geometry":{"type":"Point","coordinates":[54.87671,24.73685]}},{"type":"Feature","properties":{"i":1},"geometry":{"type":"Point","coordinates":[54.89868,24.73685]}},{"type":"Feature","properties":{"i":0.99},"geometry":{"type":"Point","coordinates":[54.92065,24.73685]}},{"type":"Feature","properties":{"i":0.29},"geometry":{"type":"Point","coordinates":[54.94263,24.73685]}},{"type":"Feature","properties":{"i":0.27},"geometry":{"type":"Point","coordinates":[54.9646,24.73685]}},{"type":"Feature","properties":{"i":0.26},"geometry":{"type":"Point","coordinates":[54.98657,24.73685]}},{"type":"Feature","properties":{"i":0.22},"geometry":{"type":"Point","coordinates":[55.00854,24.73685]}},{"type":"Feature","properties":{"i":0.39},"geometry":{"type":"Point","coordinates":[55.03052,24.73685]}},{"type":"Feature","properties":{"i":0.4},"geometry":{"type":"Point","coordinates":[55.05249,24.73685]}},{"type":"Feature","properties":{"i":0.38},"geometry":{"type":"Point","coordinates":[55.07446,24.73685]}},{"type":"Feature","properties":{"i":0.3},"geometry":{"type":"Point","coordinates":[55.09644,24.73685]}},{"type":"Feature","properties":{"i":0.44},"geometry":{"type":"Point","coordinates":[55.11841,24.73685]}},{"type":"Feature","properties":{"i":0.04},"geometry":{"type":"Point","coordinates":[55.14038,24.73685]}},{"type":"Feature","properties":{"i":0.04},"geometry":{"type":"Point","coordinates":[55.16235,24.73685]}},{"type":"Feature","properties":{"i":0.27},"geometry":{"type":"Point","coordinates":[55.40405,24.73685]}},{"type":"Feature","properties":{"i":0.13},"geometry":{"type":"Point","coordinates":[55.42603,24.73685]}},{"type":"Feature","properties":{"i":0.59},"geometry":{"type":"Point","coordinates":[55.448,24.73685]}},{"type":"Feature","properties":{"i":1},"geometry":{"type":"Point","coordinates":[55.46997,24.73685]}},{"type":"Feature","properties":{"i":1},"geometry":{"type":"Point","coordinates":[55.49194,24.73685]}},{"type":"Feature","properties":{"i":1},"geometry":{"type":"Point","coordinates":[55.51392,24.73685]}},{"type":"Feature","properties":{"i":0.41},"geometry":{"type":"Point","coordinates":[55.53589,24.73685]}},{"type":"Feature","properties":{"i":0.4},"geometry":{"type":"Point","coordinates":[55.57983,24.73685]}},{"type":"Feature","properties":{"i":0.72},"geometry":{"type":"Point","coordinates":[55.60181,24.73685]}},{"type":"Feature","properties":{"i":0.72},"geometry":{"type":"Point","coordinates":[55.62378,24.73685]}},{"type":"Feature","properties":{"i":0.59},"geometry":{"type":"Point","coordinates":[55.75562,24.73685]}},{"type":"Feature","properties":{"i":1},"geometry":{"type":"Point","coordinates":[55.77759,24.73685]}},{"type":"Feature","properties":{"i":1},"geometry":{"type":"Point","coordinates":[55.79956,24.73685]}},{"type":"Feature","properties":{"i":0.83},"geometry":{"type":"Point","coordinates":[55.82153,24.73685]}},{"type":"Feature","properties":{"i":0.03},"geometry":{"type":"Point","coordinates":[55.84351,24.73685]}},{"type":"Feature","properties":{"i":0.63},"geometry":{"type":"Point","coordinates":[56.1731,24.73685]}},{"type":"Feature","properties":{"i":1},"geometry":{"type":"Point","coordinates":[54.85474,24.7169]}},{"type":"Feature","properties":{"i":1},"geometry":{"type":"Point","coordinates":[54.87671,24.7169]}},{"type":"Feature","properties":{"i":0.32},"geometry":{"type":"Point","coordinates":[54.89868,24.7169]}},{"type":"Feature","properties":{"i":0.14},"geometry":{"type":"Point","coordinates":[54.92065,24.7169]}},{"type":"Feature","properties":{"i":0.12},"geometry":{"type":"Point","coordinates":[54.94263,24.7169]}},{"type":"Feature","properties":{"i":0.13},"geometry":{"type":"Point","coordinates":[54.9646,24.7169]}},{"type":"Feature","properties":{"i":0.4},"geometry":{"type":"Point","coordinates":[55.03052,24.7169]}},{"type":"Feature","properties":{"i":0.07},"geometry":{"type":"Point","coordinates":[55.05249,24.7169]}},{"type":"Feature","properties":{"i":0.04},"geometry":{"type":"Point","coordinates":[55.07446,24.7169]}},{"type":"Feature","properties":{"i":0.02},"geometry":{"type":"Point","coordinates":[55.09644,24.7169]}},{"type":"Feature","properties":{"i":0.35},"geometry":{"type":"Point","coordinates":[55.11841,24.7169]}},{"type":"Feature","properties":{"i":0.11},"geometry":{"type":"Point","coordinates":[55.14038,24.7169]}},{"type":"Feature","properties":{"i":0.05},"geometry":{"type":"Point","coordinates":[55.29419,24.7169]}},{"type":"Feature","properties":{"i":0.45},"geometry":{"type":"Point","coordinates":[55.40405,24.7169]}},{"type":"Feature","properties":{"i":0.95},"geometry":{"type":"Point","coordinates":[55.42603,24.7169]}},{"type":"Feature","properties":{"i":0.35},"geometry":{"type":"Point","coordinates":[55.448,24.7169]}},{"type":"Feature","properties":{"i":0.78},"geometry":{"type":"Point","coordinates":[55.46997,24.7169]}},{"type":"Feature","properties":{"i":0.05},"geometry":{"type":"Point","coordinates":[55.49194,24.7169]}},{"type":"Feature","properties":{"i":0.16},"geometry":{"type":"Point","coordinates":[55.51392,24.7169]}},{"type":"Feature","properties":{"i":0.38},"geometry":{"type":"Point","coordinates":[55.60181,24.7169]}},{"type":"Feature","properties":{"i":1},"geometry":{"type":"Point","coordinates":[55.62378,24.7169]}},{"type":"Feature","properties":{"i":0.19},"geometry":{"type":"Point","coordinates":[55.64575,24.7169]}},{"type":"Feature","properties":{"i":0.05},"geometry":{"type":"Point","coordinates":[55.66772,24.7169]}},{"type":"Feature","properties":{"i":0.5},"geometry":{"type":"Point","coordinates":[55.73364,24.7169]}},{"type":"Feature","properties":{"i":0.08},"geometry":{"type":"Point","coordinates":[55.75562,24.7169]}},{"type":"Feature","properties":{"i":0.94},"geometry":{"type":"Point","coordinates":[55.77759,24.7169]}},{"type":"Feature","properties":{"i":0.16},"geometry":{"type":"Point","coordinates":[55.79956,24.7169]}},{"type":"Feature","properties":{"i":0.03},"geometry":{"type":"Point","coordinates":[55.82153,24.7169]}},{"type":"Feature","properties":{"i":1},"geometry":{"type":"Point","coordinates":[54.85474,24.69693]}},{"type":"Feature","properties":{"i":1},"geometry":{"type":"Point","coordinates":[54.87671,24.69693]}},{"type":"Feature","properties":{"i":0.24},"geometry":{"type":"Point","coordinates":[54.89868,24.69693]}},{"type":"Feature","properties":{"i":0.1},"geometry":{"type":"Point","coordinates":[54.92065,24.69693]}},{"type":"Feature","properties":{"i":0.04},"geometry":{"type":"Point","coordinates":[54.94263,24.69693]}},{"type":"Feature","properties":{"i":0.49},"geometry":{"type":"Point","coordinates":[54.9646,24.69693]}},{"type":"Feature","properties":{"i":0.49},"geometry":{"type":"Point","coordinates":[54.98657,24.69693]}},{"type":"Feature","properties":{"i":0.05},"geometry":{"type":"Point","coordinates":[55.09644,24.69693]}},{"type":"Feature","properties":{"i":0.07},"geometry":{"type":"Point","coordinates":[55.11841,24.69693]}},{"type":"Feature","properties":{"i":0.38},"geometry":{"type":"Point","coordinates":[55.14038,24.69693]}},{"type":"Feature","properties":{"i":0.05},"geometry":{"type":"Point","coordinates":[55.16235,24.69693]}},{"type":"Feature","properties":{"i":0.05},"geometry":{"type":"Point","coordinates":[55.29419,24.69693]}},{"type":"Feature","properties":{"i":0.24},"geometry":{"type":"Point","coordinates":[55.448,24.69693]}},{"type":"Feature","properties":{"i":0.42},"geometry":{"type":"Point","coordinates":[55.60181,24.69693]}},{"type":"Feature","properties":{"i":0.97},"geometry":{"type":"Point","coordinates":[55.62378,24.69693]}},{"type":"Feature","properties":{"i":0.94},"geometry":{"type":"Point","coordinates":[55.64575,24.69693]}},{"type":"Feature","properties":{"i":0.04},"geometry":{"type":"Point","coordinates":[55.66772,24.69693]}},{"type":"Feature","properties":{"i":0.09},"geometry":{"type":"Point","coordinates":[55.71167,24.69693]}},{"type":"Feature","properties":{"i":0.5},"geometry":{"type":"Point","coordinates":[55.73364,24.69693]}},{"type":"Feature","properties":{"i":0.57},"geometry":{"type":"Point","coordinates":[55.75562,24.69693]}},{"type":"Feature","properties":{"i":0.36},"geometry":{"type":"Point","coordinates":[55.77759,24.69693]}},{"type":"Feature","properties":{"i":1},"geometry":{"type":"Point","coordinates":[54.85474,24.67697]}},{"type":"Feature","properties":{"i":0.79},"geometry":{"type":"Point","coordinates":[54.87671,24.67697]}},{"type":"Feature","properties":{"i":0.79},"geometry":{"type":"Point","coordinates":[54.89868,24.67697]}},{"type":"Feature","properties":{"i":0.07},"geometry":{"type":"Point","coordinates":[54.92065,24.67697]}},{"type":"Feature","properties":{"i":0.33},"geometry":{"type":"Point","coordinates":[54.94263,24.67697]}},{"type":"Feature","properties":{"i":0.49},"geometry":{"type":"Point","coordinates":[54.9646,24.67697]}},{"type":"Feature","properties":{"i":0.49},"geometry":{"type":"Point","coordinates":[54.98657,24.67697]}},{"type":"Feature","properties":{"i":0.6},"geometry":{"type":"Point","coordinates":[55.09644,24.67697]}},{"type":"Feature","properties":{"i":0.65},"geometry":{"type":"Point","coordinates":[55.11841,24.67697]}},{"type":"Feature","properties":{"i":0.78},"geometry":{"type":"Point","coordinates":[55.14038,24.67697]}},{"type":"Feature","properties":{"i":1},"geometry":{"type":"Point","coordinates":[55.16235,24.67697]}},{"type":"Feature","properties":{"i":0.92},"geometry":{"type":"Point","coordinates":[55.18433,24.67697]}},{"type":"Feature","properties":{"i":0.04},"geometry":{"type":"Point","coordinates":[55.2063,24.67697]}},{"type":"Feature","properties":{"i":0.58},"geometry":{"type":"Point","coordinates":[55.25024,24.67697]}},{"type":"Feature","properties":{"i":0.02},"geometry":{"type":"Point","coordinates":[55.448,24.67697]}},{"type":"Feature","properties":{"i":0.03},"geometry":{"type":"Point","coordinates":[55.57983,24.67697]}},{"type":"Feature","properties":{"i":0.85},"geometry":{"type":"Point","coordinates":[55.60181,24.67697]}},{"type":"Feature","properties":{"i":0.94},"geometry":{"type":"Point","coordinates":[55.62378,24.67697]}},{"type":"Feature","properties":{"i":0.94},"geometry":{"type":"Point","coordinates":[55.64575,24.67697]}},{"type":"Feature","properties":{"i":0.84},"geometry":{"type":"Point","coordinates":[55.66772,24.67697]}},{"type":"Feature","properties":{"i":0.68},"geometry":{"type":"Point","coordinates":[55.6897,24.67697]}},{"type":"Feature","properties":{"i":0.59},"geometry":{"type":"Point","coordinates":[55.71167,24.67697]}},{"type":"Feature","properties":{"i":0.59},"geometry":{"type":"Point","coordinates":[55.73364,24.67697]}},{"type":"Feature","properties":{"i":0.02},"geometry":{"type":"Point","coordinates":[55.75562,24.67697]}},{"type":"Feature","properties":{"i":0.13},"geometry":{"type":"Point","coordinates":[55.82153,24.67697]}},{"type":"Feature","properties":{"i":0.3},"geometry":{"type":"Point","coordinates":[54.85474,24.657]}},{"type":"Feature","properties":{"i":0.21},"geometry":{"type":"Point","coordinates":[54.87671,24.657]}},{"type":"Feature","properties":{"i":0.16},"geometry":{"type":"Point","coordinates":[54.89868,24.657]}},{"type":"Feature","properties":{"i":0.11},"geometry":{"type":"Point","coordinates":[54.92065,24.657]}},{"type":"Feature","properties":{"i":0.11},"geometry":{"type":"Point","coordinates":[54.94263,24.657]}},{"type":"Feature","properties":{"i":0.04},"geometry":{"type":"Point","coordinates":[54.9646,24.657]}},{"type":"Feature","properties":{"i":0.15},"geometry":{"type":"Point","coordinates":[54.98657,24.657]}},{"type":"Feature","properties":{"i":0.12},"geometry":{"type":"Point","coordinates":[55.09644,24.657]}},{"type":"Feature","properties":{"i":0.03},"geometry":{"type":"Point","coordinates":[55.11841,24.657]}},{"type":"Feature","properties":{"i":0.64},"geometry":{"type":"Point","coordinates":[55.14038,24.657]}},{"type":"Feature","properties":{"i":0.07},"geometry":{"type":"Point","coordinates":[55.16235,24.657]}},{"type":"Feature","properties":{"i":0.36},"geometry":{"type":"Point","coordinates":[55.18433,24.657]}},{"type":"Feature","properties":{"i":0.4},"geometry":{"type":"Point","coordinates":[55.22827,24.657]}},{"type":"Feature","properties":{"i":0.68},"geometry":{"type":"Point","coordinates":[55.62378,24.657]}},{"type":"Feature","properties":{"i":0.67},"geometry":{"type":"Point","coordinates":[55.64575,24.657]}},{"type":"Feature","properties":{"i":1},"geometry":{"type":"Point","coordinates":[55.66772,24.657]}},{"type":"Feature","properties":{"i":0.84},"geometry":{"type":"Point","coordinates":[55.6897,24.657]}},{"type":"Feature","properties":{"i":0.69},"geometry":{"type":"Point","coordinates":[55.71167,24.657]}},{"type":"Feature","properties":{"i":0.02},"geometry":{"type":"Point","coordinates":[55.73364,24.657]}},{"type":"Feature","properties":{"i":0.73},"geometry":{"type":"Point","coordinates":[55.88745,24.657]}},{"type":"Feature","properties":{"i":0.73},"geometry":{"type":"Point","coordinates":[55.90942,24.657]}},{"type":"Feature","properties":{"i":0.13},"geometry":{"type":"Point","coordinates":[56.10718,24.657]}},{"type":"Feature","properties":{"i":0.04},"geometry":{"type":"Point","coordinates":[56.12915,24.657]}},{"type":"Feature","properties":{"i":0.38},"geometry":{"type":"Point","coordinates":[54.85474,24.63703]}},{"type":"Feature","properties":{"i":0.38},"geometry":{"type":"Point","coordinates":[54.87671,24.63703]}},{"type":"Feature","properties":{"i":0.1},"geometry":{"type":"Point","coordinates":[54.89868,24.63703]}},{"type":"Feature","properties":{"i":0.05},"geometry":{"type":"Point","coordinates":[54.92065,24.63703]}},{"type":"Feature","properties":{"i":0.05},"geometry":{"type":"Point","coordinates":[54.94263,24.63703]}},{"type":"Feature","properties":{"i":0.02},"geometry":{"type":"Point","coordinates":[54.9646,24.63703]}},{"type":"Feature","properties":{"i":0.03},"geometry":{"type":"Point","coordinates":[54.98657,24.63703]}},{"type":"Feature","properties":{"i":0.93},"geometry":{"type":"Point","coordinates":[55.00854,24.63703]}},{"type":"Feature","properties":{"i":0.09},"geometry":{"type":"Point","coordinates":[55.03052,24.63703]}},{"type":"Feature","properties":{"i":0.04},"geometry":{"type":"Point","coordinates":[55.05249,24.63703]}},{"type":"Feature","properties":{"i":0.02},"geometry":{"type":"Point","coordinates":[55.07446,24.63703]}},{"type":"Feature","properties":{"i":0.08},"geometry":{"type":"Point","coordinates":[55.09644,24.63703]}},{"type":"Feature","properties":{"i":0.57},"geometry":{"type":"Point","coordinates":[55.11841,24.63703]}},{"type":"Feature","properties":{"i":0.39},"geometry":{"type":"Point","coordinates":[55.14038,24.63703]}},{"type":"Feature","properties":{"i":0.19},"geometry":{"type":"Point","coordinates":[55.60181,24.63703]}},{"type":"Feature","properties":{"i":0.07},"geometry":{"type":"Point","coordinates":[55.62378,24.63703]}},{"type":"Feature","properties":{"i":0.13},"geometry":{"type":"Point","coordinates":[55.64575,24.63703]}},{"type":"Feature","properties":{"i":0.38},"geometry":{"type":"Point","coordinates":[55.66772,24.63703]}},{"type":"Feature","properties":{"i":0.56},"geometry":{"type":"Point","coordinates":[55.6897,24.63703]}},{"type":"Feature","properties":{"i":0.85},"geometry":{"type":"Point","coordinates":[55.71167,24.63703]}},{"type":"Feature","properties":{"i":0.14},"geometry":{"type":"Point","coordinates":[55.73364,24.63703]}},{"type":"Feature","properties":{"i":0.07},"geometry":{"type":"Point","coordinates":[55.75562,24.63703]}},{"type":"Feature","properties":{"i":0.03},"geometry":{"type":"Point","coordinates":[55.77759,24.63703]}},{"type":"Feature","properties":{"i":0.13},"geometry":{"type":"Point","coordinates":[56.08521,24.63703]}},{"type":"Feature","properties":{"i":0.47},"geometry":{"type":"Point","coordinates":[54.85474,24.61706]}},{"type":"Feature","properties":{"i":0.38},"geometry":{"type":"Point","coordinates":[54.87671,24.61706]}},{"type":"Feature","properties":{"i":0.18},"geometry":{"type":"Point","coordinates":[54.89868,24.61706]}},{"type":"Feature","properties":{"i":0.58},"geometry":{"type":"Point","coordinates":[54.92065,24.61706]}},{"type":"Feature","properties":{"i":0.87},"geometry":{"type":"Point","coordinates":[54.94263,24.61706]}},{"type":"Feature","properties":{"i":0.44},"geometry":{"type":"Point","coordinates":[54.9646,24.61706]}},{"type":"Feature","properties":{"i":0.11},"geometry":{"type":"Point","coordinates":[54.98657,24.61706]}},{"type":"Feature","properties":{"i":0.9},"geometry":{"type":"Point","coordinates":[55.00854,24.61706]}},{"type":"Feature","properties":{"i":1},"geometry":{"type":"Point","coordinates":[55.03052,24.61706]}},{"type":"Feature","properties":{"i":0.76},"geometry":{"type":"Point","coordinates":[55.05249,24.61706]}},{"type":"Feature","properties":{"i":0.76},"geometry":{"type":"Point","coordinates":[55.07446,24.61706]}},{"type":"Feature","properties":{"i":0.76},"geometry":{"type":"Point","coordinates":[55.09644,24.61706]}},{"type":"Feature","properties":{"i":0.59},"geometry":{"type":"Point","coordinates":[55.11841,24.61706]}},{"type":"Feature","properties":{"i":0.59},"geometry":{"type":"Point","coordinates":[55.14038,24.61706]}},{"type":"Feature","properties":{"i":0.03},"geometry":{"type":"Point","coordinates":[55.16235,24.61706]}},{"type":"Feature","properties":{"i":0.44},"geometry":{"type":"Point","coordinates":[55.49194,24.61706]}},{"type":"Feature","properties":{"i":0.11},"geometry":{"type":"Point","coordinates":[55.51392,24.61706]}},{"type":"Feature","properties":{"i":0.19},"geometry":{"type":"Point","coordinates":[55.60181,24.61706]}},{"type":"Feature","properties":{"i":0.08},"geometry":{"type":"Point","coordinates":[55.62378,24.61706]}},{"type":"Feature","properties":{"i":0.12},"geometry":{"type":"Point","coordinates":[55.64575,24.61706]}},{"type":"Feature","properties":{"i":0.39},"geometry":{"type":"Point","coordinates":[55.66772,24.61706]}},{"type":"Feature","properties":{"i":0.11},"geometry":{"type":"Point","coordinates":[55.6897,24.61706]}},{"type":"Feature","properties":{"i":0.72},"geometry":{"type":"Point","coordinates":[55.71167,24.61706]}},{"type":"Feature","properties":{"i":0.74},"geometry":{"type":"Point","coordinates":[55.73364,24.61706]}},{"type":"Feature","properties":{"i":0.71},"geometry":{"type":"Point","coordinates":[55.75562,24.61706]}},{"type":"Feature","properties":{"i":0.62},"geometry":{"type":"Point","coordinates":[55.77759,24.61706]}},{"type":"Feature","properties":{"i":0.05},"geometry":{"type":"Point","coordinates":[55.79956,24.61706]}},{"type":"Feature","properties":{"i":0.13},"geometry":{"type":"Point","coordinates":[56.08521,24.61706]}},{"type":"Feature","properties":{"i":0.7},"geometry":{"type":"Point","coordinates":[54.85474,24.59708]}},{"type":"Feature","properties":{"i":0.72},"geometry":{"type":"Point","coordinates":[54.87671,24.59708]}},{"type":"Feature","properties":{"i":0.58},"geometry":{"type":"Point","coordinates":[54.89868,24.59708]}},{"type":"Feature","properties":{"i":0.9},"geometry":{"type":"Point","coordinates":[54.92065,24.59708]}},{"type":"Feature","properties":{"i":0.79},"geometry":{"type":"Point","coordinates":[54.94263,24.59708]}},{"type":"Feature","properties":{"i":0.55},"geometry":{"type":"Point","coordinates":[54.9646,24.59708]}},{"type":"Feature","properties":{"i":0.6},"geometry":{"type":"Point","coordinates":[54.98657,24.59708]}},{"type":"Feature","properties":{"i":0.57},"geometry":{"type":"Point","coordinates":[55.00854,24.59708]}},{"type":"Feature","properties":{"i":0.3},"geometry":{"type":"Point","coordinates":[55.03052,24.59708]}},{"type":"Feature","properties":{"i":0.73},"geometry":{"type":"Point","coordinates":[55.05249,24.59708]}},{"type":"Feature","properties":{"i":0.55},"geometry":{"type":"Point","coordinates":[55.07446,24.59708]}},{"type":"Feature","properties":{"i":0.55},"geometry":{"type":"Point","coordinates":[55.09644,24.59708]}},{"type":"Feature","properties":{"i":1},"geometry":{"type":"Point","coordinates":[55.11841,24.59708]}},{"type":"Feature","properties":{"i":0.75},"geometry":{"type":"Point","coordinates":[55.14038,24.59708]}},{"type":"Feature","properties":{"i":0.3},"geometry":{"type":"Point","coordinates":[55.16235,24.59708]}},{"type":"Feature","properties":{"i":0.11},"geometry":{"type":"Point","coordinates":[55.18433,24.59708]}},{"type":"Feature","properties":{"i":0.47},"geometry":{"type":"Point","coordinates":[55.38208,24.59708]}},{"type":"Feature","properties":{"i":0.61},"geometry":{"type":"Point","coordinates":[55.40405,24.59708]}},{"type":"Feature","properties":{"i":0.14},"geometry":{"type":"Point","coordinates":[55.42603,24.59708]}},{"type":"Feature","properties":{"i":0.14},"geometry":{"type":"Point","coordinates":[55.448,24.59708]}},{"type":"Feature","properties":{"i":0.41},"geometry":{"type":"Point","coordinates":[55.62378,24.59708]}},{"type":"Feature","properties":{"i":0.15},"geometry":{"type":"Point","coordinates":[55.66772,24.59708]}},{"type":"Feature","properties":{"i":0.07},"geometry":{"type":"Point","coordinates":[55.6897,24.59708]}},{"type":"Feature","properties":{"i":0.13},"geometry":{"type":"Point","coordinates":[55.71167,24.59708]}},{"type":"Feature","properties":{"i":0.71},"geometry":{"type":"Point","coordinates":[55.73364,24.59708]}},{"type":"Feature","properties":{"i":1},"geometry":{"type":"Point","coordinates":[55.75562,24.59708]}},{"type":"Feature","properties":{"i":0.83},"geometry":{"type":"Point","coordinates":[55.77759,24.59708]}},{"type":"Feature","properties":{"i":0.12},"geometry":{"type":"Point","coordinates":[55.79956,24.59708]}},{"type":"Feature","properties":{"i":0.8},"geometry":{"type":"Point","coordinates":[54.85474,24.5771]}},{"type":"Feature","properties":{"i":0.83},"geometry":{"type":"Point","coordinates":[54.87671,24.5771]}},{"type":"Feature","properties":{"i":0.83},"geometry":{"type":"Point","coordinates":[54.89868,24.5771]}},{"type":"Feature","properties":{"i":0.14},"geometry":{"type":"Point","coordinates":[54.92065,24.5771]}},{"type":"Feature","properties":{"i":0.1},"geometry":{"type":"Point","coordinates":[54.94263,24.5771]}},{"type":"Feature","properties":{"i":0.07},"geometry":{"type":"Point","coordinates":[54.9646,24.5771]}},{"type":"Feature","properties":{"i":0.45},"geometry":{"type":"Point","coordinates":[54.98657,24.5771]}},{"type":"Feature","properties":{"i":0.45},"geometry":{"type":"Point","coordinates":[55.00854,24.5771]}},{"type":"Feature","properties":{"i":0.13},"geometry":{"type":"Point","coordinates":[55.03052,24.5771]}},{"type":"Feature","properties":{"i":0.49},"geometry":{"type":"Point","coordinates":[55.05249,24.5771]}},{"type":"Feature","properties":{"i":0.57},"geometry":{"type":"Point","coordinates":[55.07446,24.5771]}},{"type":"Feature","properties":{"i":0.38},"geometry":{"type":"Point","coordinates":[55.09644,24.5771]}},{"type":"Feature","properties":{"i":0.52},"geometry":{"type":"Point","coordinates":[55.11841,24.5771]}},{"type":"Feature","properties":{"i":0.75},"geometry":{"type":"Point","coordinates":[55.14038,24.5771]}},{"type":"Feature","properties":{"i":0.81},"geometry":{"type":"Point","coordinates":[55.16235,24.5771]}},{"type":"Feature","properties":{"i":0.73},"geometry":{"type":"Point","coordinates":[55.18433,24.5771]}},{"type":"Feature","properties":{"i":0.24},"geometry":{"type":"Point","coordinates":[55.2063,24.5771]}},{"type":"Feature","properties":{"i":0.29},"geometry":{"type":"Point","coordinates":[55.22827,24.5771]}},{"type":"Feature","properties":{"i":0.29},"geometry":{"type":"Point","coordinates":[55.25024,24.5771]}},{"type":"Feature","properties":{"i":0.11},"geometry":{"type":"Point","coordinates":[55.36011,24.5771]}},{"type":"Feature","properties":{"i":0.14},"geometry":{"type":"Point","coordinates":[55.38208,24.5771]}},{"type":"Feature","properties":{"i":0.28},"geometry":{"type":"Point","coordinates":[55.40405,24.5771]}},{"type":"Feature","properties":{"i":0.21},"geometry":{"type":"Point","coordinates":[55.42603,24.5771]}},{"type":"Feature","properties":{"i":0.03},"geometry":{"type":"Point","coordinates":[55.448,24.5771]}},{"type":"Feature","properties":{"i":0.21},"geometry":{"type":"Point","coordinates":[55.6897,24.5771]}},{"type":"Feature","properties":{"i":0.71},"geometry":{"type":"Point","coordinates":[55.71167,24.5771]}},{"type":"Feature","properties":{"i":1},"geometry":{"type":"Point","coordinates":[55.73364,24.5771]}},{"type":"Feature","properties":{"i":1},"geometry":{"type":"Point","coordinates":[55.75562,24.5771]}},{"type":"Feature","properties":{"i":0.73},"geometry":{"type":"Point","coordinates":[55.77759,24.5771]}},{"type":"Feature","properties":{"i":0.09},"geometry":{"type":"Point","coordinates":[55.79956,24.5771]}},{"type":"Feature","properties":{"i":0.85},"geometry":{"type":"Point","coordinates":[54.85474,24.55712]}},{"type":"Feature","properties":{"i":0.93},"geometry":{"type":"Point","coordinates":[54.87671,24.55712]}},{"type":"Feature","properties":{"i":0.93},"geometry":{"type":"Point","coordinates":[54.89868,24.55712]}},{"type":"Feature","properties":{"i":0.39},"geometry":{"type":"Point","coordinates":[54.92065,24.55712]}},{"type":"Feature","properties":{"i":0.1},"geometry":{"type":"Point","coordinates":[54.94263,24.55712]}},{"type":"Feature","properties":{"i":0.03},"geometry":{"type":"Point","coordinates":[54.9646,24.55712]}},{"type":"Feature","properties":{"i":0.42},"geometry":{"type":"Point","coordinates":[54.98657,24.55712]}},{"type":"Feature","properties":{"i":0.21},"geometry":{"type":"Point","coordinates":[55.00854,24.55712]}},{"type":"Feature","properties":{"i":0.02},"geometry":{"type":"Point","coordinates":[55.03052,24.55712]}},{"type":"Feature","properties":{"i":0.1},"geometry":{"type":"Point","coordinates":[55.05249,24.55712]}},{"type":"Feature","properties":{"i":0.02},"geometry":{"type":"Point","coordinates":[55.07446,24.55712]}},{"type":"Feature","properties":{"i":0.38},"geometry":{"type":"Point","coordinates":[55.09644,24.55712]}},{"type":"Feature","properties":{"i":0.1},"geometry":{"type":"Point","coordinates":[55.11841,24.55712]}},{"type":"Feature","properties":{"i":0.02},"geometry":{"type":"Point","coordinates":[55.14038,24.55712]}},{"type":"Feature","properties":{"i":0.05},"geometry":{"type":"Point","coordinates":[55.16235,24.55712]}},{"type":"Feature","properties":{"i":0.77},"geometry":{"type":"Point","coordinates":[55.18433,24.55712]}},{"type":"Feature","properties":{"i":0.84},"geometry":{"type":"Point","coordinates":[55.2063,24.55712]}},{"type":"Feature","properties":{"i":0.69},"geometry":{"type":"Point","coordinates":[55.22827,24.55712]}},{"type":"Feature","properties":{"i":0.29},"geometry":{"type":"Point","coordinates":[55.25024,24.55712]}},{"type":"Feature","properties":{"i":0.18},"geometry":{"type":"Point","coordinates":[55.29419,24.55712]}},{"type":"Feature","properties":{"i":0.27},"geometry":{"type":"Point","coordinates":[55.31616,24.55712]}},{"type":"Feature","properties":{"i":0.51},"geometry":{"type":"Point","coordinates":[55.33813,24.55712]}},{"type":"Feature","properties":{"i":0.19},"geometry":{"type":"Point","coordinates":[55.36011,24.55712]}},{"type":"Feature","properties":{"i":0.13},"geometry":{"type":"Point","coordinates":[55.38208,24.55712]}},{"type":"Feature","properties":{"i":0.03},"geometry":{"type":"Point","coordinates":[55.40405,24.55712]}},{"type":"Feature","properties":{"i":0.14},"geometry":{"type":"Point","coordinates":[55.448,24.55712]}},{"type":"Feature","properties":{"i":0.53},"geometry":{"type":"Point","coordinates":[55.46997,24.55712]}},{"type":"Feature","properties":{"i":0.05},"geometry":{"type":"Point","coordinates":[55.49194,24.55712]}},{"type":"Feature","properties":{"i":0.11},"geometry":{"type":"Point","coordinates":[55.51392,24.55712]}},{"type":"Feature","properties":{"i":0.04},"geometry":{"type":"Point","coordinates":[55.55786,24.55712]}},{"type":"Feature","properties":{"i":0.15},"geometry":{"type":"Point","coordinates":[55.57983,24.55712]}},{"type":"Feature","properties":{"i":0.19},"geometry":{"type":"Point","coordinates":[55.60181,24.55712]}},{"type":"Feature","properties":{"i":0.16},"geometry":{"type":"Point","coordinates":[55.62378,24.55712]}},{"type":"Feature","properties":{"i":0.13},"geometry":{"type":"Point","coordinates":[55.64575,24.55712]}},{"type":"Feature","properties":{"i":0.74},"geometry":{"type":"Point","coordinates":[55.66772,24.55712]}},{"type":"Feature","properties":{"i":0.81},"geometry":{"type":"Point","coordinates":[55.6897,24.55712]}},{"type":"Feature","properties":{"i":0.76},"geometry":{"type":"Point","coordinates":[55.71167,24.55712]}},{"type":"Feature","properties":{"i":0.31},"geometry":{"type":"Point","coordinates":[55.73364,24.55712]}},{"type":"Feature","properties":{"i":0.95},"geometry":{"type":"Point","coordinates":[55.75562,24.55712]}},{"type":"Feature","properties":{"i":0.17},"geometry":{"type":"Point","coordinates":[55.77759,24.55712]}},{"type":"Feature","properties":{"i":0.02},"geometry":{"type":"Point","coordinates":[55.79956,24.55712]}},{"type":"Feature","properties":{"i":0.68},"geometry":{"type":"Point","coordinates":[56.10718,24.55712]}},{"type":"Feature","properties":{"i":0.39},"geometry":{"type":"Point","coordinates":[56.12915,24.55712]}},{"type":"Feature","properties":{"i":0.41},"geometry":{"type":"Point","coordinates":[56.15112,24.55712]}},{"type":"Feature","properties":{"i":0.83},"geometry":{"type":"Point","coordinates":[54.85474,24.53713]}},{"type":"Feature","properties":{"i":0.66},"geometry":{"type":"Point","coordinates":[54.87671,24.53713]}},{"type":"Feature","properties":{"i":0.67},"geometry":{"type":"Point","coordinates":[54.89868,24.53713]}},{"type":"Feature","properties":{"i":0.3},"geometry":{"type":"Point","coordinates":[54.92065,24.53713]}},{"type":"Feature","properties":{"i":0.1},"geometry":{"type":"Point","coordinates":[54.94263,24.53713]}},{"type":"Feature","properties":{"i":0.08},"geometry":{"type":"Point","coordinates":[54.9646,24.53713]}},{"type":"Feature","properties":{"i":0.16},"geometry":{"type":"Point","coordinates":[54.98657,24.53713]}},{"type":"Feature","properties":{"i":0.72},"geometry":{"type":"Point","coordinates":[55.00854,24.53713]}},{"type":"Feature","properties":{"i":0.07},"geometry":{"type":"Point","coordinates":[55.05249,24.53713]}},{"type":"Feature","properties":{"i":0.69},"geometry":{"type":"Point","coordinates":[55.07446,24.53713]}},{"type":"Feature","properties":{"i":0.35},"geometry":{"type":"Point","coordinates":[55.09644,24.53713]}},{"type":"Feature","properties":{"i":0.03},"geometry":{"type":"Point","coordinates":[55.11841,24.53713]}},{"type":"Feature","properties":{"i":0.03},"geometry":{"type":"Point","coordinates":[55.14038,24.53713]}},{"type":"Feature","properties":{"i":0.38},"geometry":{"type":"Point","coordinates":[55.16235,24.53713]}},{"type":"Feature","properties":{"i":0.03},"geometry":{"type":"Point","coordinates":[55.18433,24.53713]}},{"type":"Feature","properties":{"i":0.45},"geometry":{"type":"Point","coordinates":[55.2063,24.53713]}},{"type":"Feature","properties":{"i":0.87},"geometry":{"type":"Point","coordinates":[55.22827,24.53713]}},{"type":"Feature","properties":{"i":0.87},"geometry":{"type":"Point","coordinates":[55.25024,24.53713]}},{"type":"Feature","properties":{"i":0.27},"geometry":{"type":"Point","coordinates":[55.27222,24.53713]}},{"type":"Feature","properties":{"i":0.18},"geometry":{"type":"Point","coordinates":[55.29419,24.53713]}},{"type":"Feature","properties":{"i":0.17},"geometry":{"type":"Point","coordinates":[55.31616,24.53713]}},{"type":"Feature","properties":{"i":0.51},"geometry":{"type":"Point","coordinates":[55.33813,24.53713]}},{"type":"Feature","properties":{"i":0.11},"geometry":{"type":"Point","coordinates":[55.36011,24.53713]}},{"type":"Feature","properties":{"i":0.05},"geometry":{"type":"Point","coordinates":[55.40405,24.53713]}},{"type":"Feature","properties":{"i":0.43},"geometry":{"type":"Point","coordinates":[55.42603,24.53713]}},{"type":"Feature","properties":{"i":0.7},"geometry":{"type":"Point","coordinates":[55.448,24.53713]}},{"type":"Feature","properties":{"i":0.59},"geometry":{"type":"Point","coordinates":[55.46997,24.53713]}},{"type":"Feature","properties":{"i":0.09},"geometry":{"type":"Point","coordinates":[55.49194,24.53713]}},{"type":"Feature","properties":{"i":0.16},"geometry":{"type":"Point","coordinates":[55.51392,24.53713]}},{"type":"Feature","properties":{"i":0.32},"geometry":{"type":"Point","coordinates":[55.53589,24.53713]}},{"type":"Feature","properties":{"i":0.71},"geometry":{"type":"Point","coordinates":[55.55786,24.53713]}},{"type":"Feature","properties":{"i":0.85},"geometry":{"type":"Point","coordinates":[55.57983,24.53713]}},{"type":"Feature","properties":{"i":1},"geometry":{"type":"Point","coordinates":[55.60181,24.53713]}},{"type":"Feature","properties":{"i":0.75},"geometry":{"type":"Point","coordinates":[55.62378,24.53713]}},{"type":"Feature","properties":{"i":0.76},"geometry":{"type":"Point","coordinates":[55.64575,24.53713]}},{"type":"Feature","properties":{"i":1},"geometry":{"type":"Point","coordinates":[55.66772,24.53713]}},{"type":"Feature","properties":{"i":1},"geometry":{"type":"Point","coordinates":[55.6897,24.53713]}},{"type":"Feature","properties":{"i":0.12},"geometry":{"type":"Point","coordinates":[55.71167,24.53713]}},{"type":"Feature","properties":{"i":0.13},"geometry":{"type":"Point","coordinates":[55.73364,24.53713]}},{"type":"Feature","properties":{"i":0.77},"geometry":{"type":"Point","coordinates":[55.75562,24.53713]}},{"type":"Feature","properties":{"i":0.14},"geometry":{"type":"Point","coordinates":[55.77759,24.53713]}},{"type":"Feature","properties":{"i":0.08},"geometry":{"type":"Point","coordinates":[55.79956,24.53713]}},{"type":"Feature","properties":{"i":0.08},"geometry":{"type":"Point","coordinates":[55.82153,24.53713]}},{"type":"Feature","properties":{"i":0.27},"geometry":{"type":"Point","coordinates":[56.04126,24.53713]}},{"type":"Feature","properties":{"i":0.21},"geometry":{"type":"Point","coordinates":[56.06323,24.53713]}},{"type":"Feature","properties":{"i":0.47},"geometry":{"type":"Point","coordinates":[56.08521,24.53713]}},{"type":"Feature","properties":{"i":0.82},"geometry":{"type":"Point","coordinates":[56.10718,24.53713]}},{"type":"Feature","properties":{"i":0.39},"geometry":{"type":"Point","coordinates":[56.12915,24.53713]}},{"type":"Feature","properties":{"i":0.35},"geometry":{"type":"Point","coordinates":[56.15112,24.53713]}},{"type":"Feature","properties":{"i":0.08},"geometry":{"type":"Point","coordinates":[56.28296,25.77021]}},{"type":"Feature","properties":{"i":0.11},"geometry":{"type":"Point","coordinates":[56.26099,25.71084]}},{"type":"Feature","properties":{"i":0.11},"geometry":{"type":"Point","coordinates":[56.28296,25.71084]}},{"type":"Feature","properties":{"i":0.05},"geometry":{"type":"Point","coordinates":[56.26099,25.69104]}},{"type":"Feature","properties":{"i":0.11},"geometry":{"type":"Point","coordinates":[56.28296,25.69104]}},{"type":"Feature","properties":{"i":0.64},"geometry":{"type":"Point","coordinates":[56.26099,25.67124]}},{"type":"Feature","properties":{"i":0.27},"geometry":{"type":"Point","coordinates":[56.28296,25.67124]}},{"type":"Feature","properties":{"i":1},"geometry":{"type":"Point","coordinates":[56.26099,25.65143]}},{"type":"Feature","properties":{"i":0.81},"geometry":{"type":"Point","coordinates":[56.28296,25.65143]}},{"type":"Feature","properties":{"i":0.11},"geometry":{"type":"Point","coordinates":[56.30493,25.65143]}},{"type":"Feature","properties":{"i":1},"geometry":{"type":"Point","coordinates":[56.26099,25.63162]}},{"type":"Feature","properties":{"i":1},"geometry":{"type":"Point","coordinates":[56.28296,25.63162]}},{"type":"Feature","properties":{"i":0.41},"geometry":{"type":"Point","coordinates":[56.30493,25.63162]}},{"type":"Feature","properties":{"i":0.17},"geometry":{"type":"Point","coordinates":[56.3269,25.63162]}},{"type":"Feature","properties":{"i":0.09},"geometry":{"type":"Point","coordinates":[56.34888,25.63162]}},{"type":"Feature","properties":{"i":1},"geometry":{"type":"Point","coordinates":[56.26099,25.61181]}},{"type":"Feature","properties":{"i":1},"geometry":{"type":"Point","coordinates":[56.28296,25.61181]}},{"type":"Feature","properties":{"i":1},"geometry":{"type":"Point","coordinates":[56.30493,25.61181]}},{"type":"Feature","properties":{"i":1},"geometry":{"type":"Point","coordinates":[56.3269,25.61181]}},{"type":"Feature","properties":{"i":0.19},"geometry":{"type":"Point","coordinates":[56.34888,25.61181]}},{"type":"Feature","properties":{"i":1},"geometry":{"type":"Point","coordinates":[56.26099,25.59199]}},{"type":"Feature","properties":{"i":1},"geometry":{"type":"Point","coordinates":[56.28296,25.59199]}},{"type":"Feature","properties":{"i":1},"geometry":{"type":"Point","coordinates":[56.30493,25.59199]}},{"type":"Feature","properties":{"i":1},"geometry":{"type":"Point","coordinates":[56.3269,25.59199]}},{"type":"Feature","properties":{"i":0.76},"geometry":{"type":"Point","coordinates":[56.34888,25.59199]}},{"type":"Feature","properties":{"i":0.14},"geometry":{"type":"Point","coordinates":[56.37085,25.59199]}},{"type":"Feature","properties":{"i":1},"geometry":{"type":"Point","coordinates":[56.26099,25.57218]}},{"type":"Feature","properties":{"i":1},"geometry":{"type":"Point","coordinates":[56.28296,25.57218]}},{"type":"Feature","properties":{"i":0.8},"geometry":{"type":"Point","coordinates":[56.30493,25.57218]}},{"type":"Feature","properties":{"i":0.62},"geometry":{"type":"Point","coordinates":[56.3269,25.57218]}},{"type":"Feature","properties":{"i":0.74},"geometry":{"type":"Point","coordinates":[56.34888,25.57218]}},{"type":"Feature","properties":{"i":0.33},"geometry":{"type":"Point","coordinates":[56.37085,25.57218]}},{"type":"Feature","properties":{"i":0.72},"geometry":{"type":"Point","coordinates":[56.26099,25.55235]}},{"type":"Feature","properties":{"i":0.69},"geometry":{"type":"Point","coordinates":[56.28296,25.55235]}},{"type":"Feature","properties":{"i":0.48},"geometry":{"type":"Point","coordinates":[56.30493,25.55235]}},{"type":"Feature","properties":{"i":0.88},"geometry":{"type":"Point","coordinates":[56.3269,25.55235]}},{"type":"Feature","properties":{"i":1},"geometry":{"type":"Point","coordinates":[56.34888,25.55235]}},{"type":"Feature","properties":{"i":0.55},"geometry":{"type":"Point","coordinates":[56.37085,25.55235]}},{"type":"Feature","properties":{"i":0.15},"geometry":{"type":"Point","coordinates":[56.26099,25.53253]}},{"type":"Feature","properties":{"i":0.19},"geometry":{"type":"Point","coordinates":[56.28296,25.53253]}},{"type":"Feature","properties":{"i":0.28},"geometry":{"type":"Point","coordinates":[56.30493,25.53253]}},{"type":"Feature","properties":{"i":1},"geometry":{"type":"Point","coordinates":[56.3269,25.53253]}},{"type":"Feature","properties":{"i":1},"geometry":{"type":"Point","coordinates":[56.34888,25.53253]}},{"type":"Feature","properties":{"i":1},"geometry":{"type":"Point","coordinates":[56.37085,25.53253]}},{"type":"Feature","properties":{"i":0.13},"geometry":{"type":"Point","coordinates":[56.39282,25.53253]}},{"type":"Feature","properties":{"i":0.04},"geometry":{"type":"Point","coordinates":[56.26099,25.5127]}},{"type":"Feature","properties":{"i":0.09},"geometry":{"type":"Point","coordinates":[56.28296,25.5127]}},{"type":"Feature","properties":{"i":0.37},"geometry":{"type":"Point","coordinates":[56.30493,25.5127]}},{"type":"Feature","properties":{"i":0.94},"geometry":{"type":"Point","coordinates":[56.3269,25.5127]}},{"type":"Feature","properties":{"i":1},"geometry":{"type":"Point","coordinates":[56.34888,25.5127]}},{"type":"Feature","properties":{"i":0.97},"geometry":{"type":"Point","coordinates":[56.37085,25.5127]}},{"type":"Feature","properties":{"i":0.13},"geometry":{"type":"Point","coordinates":[56.39282,25.5127]}},{"type":"Feature","properties":{"i":0.18},"geometry":{"type":"Point","coordinates":[56.30493,25.49287]}},{"type":"Feature","properties":{"i":0.48},"geometry":{"type":"Point","coordinates":[56.3269,25.49287]}},{"type":"Feature","properties":{"i":0.92},"geometry":{"type":"Point","coordinates":[56.34888,25.49287]}},{"type":"Feature","properties":{"i":0.75},"geometry":{"type":"Point","coordinates":[56.37085,25.49287]}},{"type":"Feature","properties":{"i":0.25},"geometry":{"type":"Point","coordinates":[56.30493,25.47303]}},{"type":"Feature","properties":{"i":0.44},"geometry":{"type":"Point","coordinates":[56.3269,25.47303]}},{"type":"Feature","properties":{"i":0.89},"geometry":{"type":"Point","coordinates":[56.34888,25.47303]}},{"type":"Feature","properties":{"i":0.86},"geometry":{"type":"Point","coordinates":[56.37085,25.47303]}},{"type":"Feature","properties":{"i":0.1},"geometry":{"type":"Point","coordinates":[56.30493,25.45319]}},{"type":"Feature","properties":{"i":0.64},"geometry":{"type":"Point","coordinates":[56.3269,25.45319]}},{"type":"Feature","properties":{"i":0.85},"geometry":{"type":"Point","coordinates":[56.34888,25.45319]}},{"type":"Feature","properties":{"i":0.66},"geometry":{"type":"Point","coordinates":[56.37085,25.45319]}},{"type":"Feature","properties":{"i":0.19},"geometry":{"type":"Point","coordinates":[56.30493,25.43335]}},{"type":"Feature","properties":{"i":1},"geometry":{"type":"Point","coordinates":[56.3269,25.43335]}},{"type":"Feature","properties":{"i":1},"geometry":{"type":"Point","coordinates":[56.34888,25.43335]}},{"type":"Feature","properties":{"i":0.64},"geometry":{"type":"Point","coordinates":[56.37085,25.43335]}},{"type":"Feature","properties":{"i":0.29},"geometry":{"type":"Point","coordinates":[56.39282,25.43335]}},{"type":"Feature","properties":{"i":0.12},"geometry":{"type":"Point","coordinates":[56.28296,25.41351]}},{"type":"Feature","properties":{"i":0.25},"geometry":{"type":"Point","coordinates":[56.30493,25.41351]}},{"type":"Feature","properties":{"i":1},"geometry":{"type":"Point","coordinates":[56.3269,25.41351]}},{"type":"Feature","properties":{"i":1},"geometry":{"type":"Point","coordinates":[56.34888,25.41351]}},{"type":"Feature","properties":{"i":0.84},"geometry":{"type":"Point","coordinates":[56.37085,25.41351]}},{"type":"Feature","properties":{"i":0.22},"geometry":{"type":"Point","coordinates":[56.39282,25.41351]}},{"type":"Feature","properties":{"i":0.12},"geometry":{"type":"Point","coordinates":[56.28296,25.39366]}},{"type":"Feature","properties":{"i":0.75},"geometry":{"type":"Point","coordinates":[56.30493,25.39366]}},{"type":"Feature","properties":{"i":1},"geometry":{"type":"Point","coordinates":[56.3269,25.39366]}},{"type":"Feature","properties":{"i":1},"geometry":{"type":"Point","coordinates":[56.34888,25.39366]}},{"type":"Feature","properties":{"i":1},"geometry":{"type":"Point","coordinates":[56.37085,25.39366]}},{"type":"Feature","properties":{"i":0.42},"geometry":{"type":"Point","coordinates":[56.39282,25.39366]}},{"type":"Feature","properties":{"i":0.02},"geometry":{"type":"Point","coordinates":[56.41479,25.39366]}},{"type":"Feature","properties":{"i":0.03},"geometry":{"type":"Point","coordinates":[56.43677,25.39366]}},{"type":"Feature","properties":{"i":0.26},"geometry":{"type":"Point","coordinates":[56.74438,25.39366]}},{"type":"Feature","properties":{"i":0.03},"geometry":{"type":"Point","coordinates":[56.26099,25.37381]}},{"type":"Feature","properties":{"i":0.13},"geometry":{"type":"Point","coordinates":[56.28296,25.37381]}},{"type":"Feature","properties":{"i":0.63},"geometry":{"type":"Point","coordinates":[56.30493,25.37381]}},{"type":"Feature","properties":{"i":1},"geometry":{"type":"Point","coordinates":[56.3269,25.37381]}},{"type":"Feature","properties":{"i":1},"geometry":{"type":"Point","coordinates":[56.34888,25.37381]}},{"type":"Feature","properties":{"i":0.78},"geometry":{"type":"Point","coordinates":[56.37085,25.37381]}},{"type":"Feature","properties":{"i":0.33},"geometry":{"type":"Point","coordinates":[56.39282,25.37381]}},{"type":"Feature","properties":{"i":0.05},"geometry":{"type":"Point","coordinates":[56.41479,25.37381]}},{"type":"Feature","properties":{"i":0.03},"geometry":{"type":"Point","coordinates":[56.48071,25.37381]}},{"type":"Feature","properties":{"i":0.47},"geometry":{"type":"Point","coordinates":[56.26099,25.35395]}},{"type":"Feature","properties":{"i":0.63},"geometry":{"type":"Point","coordinates":[56.28296,25.35395]}},{"type":"Feature","properties":{"i":0.85},"geometry":{"type":"Point","coordinates":[56.30493,25.35395]}},{"type":"Feature","properties":{"i":1},"geometry":{"type":"Point","coordinates":[56.3269,25.35395]}},{"type":"Feature","properties":{"i":1},"geometry":{"type":"Point","coordinates":[56.34888,25.35395]}},{"type":"Feature","properties":{"i":1},"geometry":{"type":"Point","coordinates":[56.37085,25.35395]}},{"type":"Feature","properties":{"i":0.57},"geometry":{"type":"Point","coordinates":[56.39282,25.35395]}},{"type":"Feature","properties":{"i":0.28},"geometry":{"type":"Point","coordinates":[56.41479,25.35395]}},{"type":"Feature","properties":{"i":0.54},"geometry":{"type":"Point","coordinates":[56.26099,25.3341]}},{"type":"Feature","properties":{"i":0.59},"geometry":{"type":"Point","coordinates":[56.28296,25.3341]}},{"type":"Feature","properties":{"i":0.88},"geometry":{"type":"Point","coordinates":[56.30493,25.3341]}},{"type":"Feature","properties":{"i":1},"geometry":{"type":"Point","coordinates":[56.3269,25.3341]}},{"type":"Feature","properties":{"i":1},"geometry":{"type":"Point","coordinates":[56.34888,25.3341]}},{"type":"Feature","properties":{"i":1},"geometry":{"type":"Point","coordinates":[56.37085,25.3341]}},{"type":"Feature","properties":{"i":0.45},"geometry":{"type":"Point","coordinates":[56.39282,25.3341]}},{"type":"Feature","properties":{"i":0.29},"geometry":{"type":"Point","coordinates":[56.41479,25.3341]}},{"type":"Feature","properties":{"i":0.09},"geometry":{"type":"Point","coordinates":[56.26099,25.31424]}},{"type":"Feature","properties":{"i":0.15},"geometry":{"type":"Point","coordinates":[56.28296,25.31424]}},{"type":"Feature","properties":{"i":0.3},"geometry":{"type":"Point","coordinates":[56.30493,25.31424]}},{"type":"Feature","properties":{"i":1},"geometry":{"type":"Point","coordinates":[56.3269,25.31424]}},{"type":"Feature","properties":{"i":1},"geometry":{"type":"Point","coordinates":[56.34888,25.31424]}},{"type":"Feature","properties":{"i":1},"geometry":{"type":"Point","coordinates":[56.37085,25.31424]}},{"type":"Feature","properties":{"i":0.74},"geometry":{"type":"Point","coordinates":[56.39282,25.31424]}},{"type":"Feature","properties":{"i":0.28},"geometry":{"type":"Point","coordinates":[56.41479,25.31424]}},{"type":"Feature","properties":{"i":0.28},"geometry":{"type":"Point","coordinates":[56.26099,25.29437]}},{"type":"Feature","properties":{"i":0.25},"geometry":{"type":"Point","coordinates":[56.28296,25.29437]}},{"type":"Feature","properties":{"i":0.47},"geometry":{"type":"Point","coordinates":[56.30493,25.29437]}},{"type":"Feature","properties":{"i":1},"geometry":{"type":"Point","coordinates":[56.3269,25.29437]}},{"type":"Feature","properties":{"i":1},"geometry":{"type":"Point","coordinates":[56.34888,25.29437]}},{"type":"Feature","properties":{"i":1},"geometry":{"type":"Point","coordinates":[56.37085,25.29437]}},{"type":"Feature","properties":{"i":0.59},"geometry":{"type":"Point","coordinates":[56.39282,25.29437]}},{"type":"Feature","properties":{"i":0.28},"geometry":{"type":"Point","coordinates":[56.41479,25.29437]}},{"type":"Feature","properties":{"i":0.28},"geometry":{"type":"Point","coordinates":[56.26099,25.2745]}},{"type":"Feature","properties":{"i":0.85},"geometry":{"type":"Point","coordinates":[56.28296,25.2745]}},{"type":"Feature","properties":{"i":0.77},"geometry":{"type":"Point","coordinates":[56.30493,25.2745]}},{"type":"Feature","properties":{"i":0.79},"geometry":{"type":"Point","coordinates":[56.3269,25.2745]}},{"type":"Feature","properties":{"i":1},"geometry":{"type":"Point","coordinates":[56.34888,25.2745]}},{"type":"Feature","properties":{"i":1},"geometry":{"type":"Point","coordinates":[56.37085,25.2745]}},{"type":"Feature","properties":{"i":0.48},"geometry":{"type":"Point","coordinates":[56.39282,25.2745]}},{"type":"Feature","properties":{"i":0.31},"geometry":{"type":"Point","coordinates":[56.41479,25.2745]}},{"type":"Feature","properties":{"i":0.16},"geometry":{"type":"Point","coordinates":[56.26099,25.25463]}},{"type":"Feature","properties":{"i":0.51},"geometry":{"type":"Point","coordinates":[56.28296,25.25463]}},{"type":"Feature","properties":{"i":0.6},"geometry":{"type":"Point","coordinates":[56.30493,25.25463]}},{"type":"Feature","properties":{"i":0.53},"geometry":{"type":"Point","coordinates":[56.3269,25.25463]}},{"type":"Feature","properties":{"i":1},"geometry":{"type":"Point","coordinates":[56.34888,25.25463]}},{"type":"Feature","properties":{"i":1},"geometry":{"type":"Point","coordinates":[56.37085,25.25463]}},{"type":"Feature","properties":{"i":0.28},"geometry":{"type":"Point","coordinates":[56.39282,25.25463]}},{"type":"Feature","properties":{"i":0.21},"geometry":{"type":"Point","coordinates":[56.41479,25.25463]}},{"type":"Feature","properties":{"i":0.05},"geometry":{"type":"Point","coordinates":[56.26099,25.23476]}},{"type":"Feature","properties":{"i":0.19},"geometry":{"type":"Point","coordinates":[56.28296,25.23476]}},{"type":"Feature","properties":{"i":0.34},"geometry":{"type":"Point","coordinates":[56.30493,25.23476]}},{"type":"Feature","properties":{"i":0.71},"geometry":{"type":"Point","coordinates":[56.3269,25.23476]}},{"type":"Feature","properties":{"i":1},"geometry":{"type":"Point","coordinates":[56.34888,25.23476]}},{"type":"Feature","properties":{"i":0.64},"geometry":{"type":"Point","coordinates":[56.37085,25.23476]}},{"type":"Feature","properties":{"i":0.45},"geometry":{"type":"Point","coordinates":[56.39282,25.23476]}},{"type":"Feature","properties":{"i":0.16},"geometry":{"type":"Point","coordinates":[56.41479,25.23476]}},{"type":"Feature","properties":{"i":0.12},"geometry":{"type":"Point","coordinates":[56.26099,25.21488]}},{"type":"Feature","properties":{"i":0.19},"geometry":{"type":"Point","coordinates":[56.28296,25.21488]}},{"type":"Feature","properties":{"i":0.32},"geometry":{"type":"Point","coordinates":[56.30493,25.21488]}},{"type":"Feature","properties":{"i":0.67},"geometry":{"type":"Point","coordinates":[56.3269,25.21488]}},{"type":"Feature","properties":{"i":1},"geometry":{"type":"Point","coordinates":[56.34888,25.21488]}},{"type":"Feature","properties":{"i":0.79},"geometry":{"type":"Point","coordinates":[56.37085,25.21488]}},{"type":"Feature","properties":{"i":0.34},"geometry":{"type":"Point","coordinates":[56.39282,25.21488]}},{"type":"Feature","properties":{"i":0.26},"geometry":{"type":"Point","coordinates":[56.41479,25.21488]}},{"type":"Feature","properties":{"i":0.03},"geometry":{"type":"Point","coordinates":[56.45874,25.21488]}},{"type":"Feature","properties":{"i":0.16},"geometry":{"type":"Point","coordinates":[56.26099,25.195]}},{"type":"Feature","properties":{"i":0.27},"geometry":{"type":"Point","coordinates":[56.28296,25.195]}},{"type":"Feature","properties":{"i":0.36},"geometry":{"type":"Point","coordinates":[56.30493,25.195]}},{"type":"Feature","properties":{"i":0.92},"geometry":{"type":"Point","coordinates":[56.3269,25.195]}},{"type":"Feature","properties":{"i":1},"geometry":{"type":"Point","coordinates":[56.34888,25.195]}},{"type":"Feature","properties":{"i":1},"geometry":{"type":"Point","coordinates":[56.37085,25.195]}},{"type":"Feature","properties":{"i":0.87},"geometry":{"type":"Point","coordinates":[56.39282,25.195]}},{"type":"Feature","properties":{"i":0.24},"geometry":{"type":"Point","coordinates":[56.41479,25.195]}},{"type":"Feature","properties":{"i":0.36},"geometry":{"type":"Point","coordinates":[56.26099,25.17512]}},{"type":"Feature","properties":{"i":0.49},"geometry":{"type":"Point","coordinates":[56.28296,25.17512]}},{"type":"Feature","properties":{"i":0.53},"geometry":{"type":"Point","coordinates":[56.30493,25.17512]}},{"type":"Feature","properties":{"i":1},"geometry":{"type":"Point","coordinates":[56.3269,25.17512]}},{"type":"Feature","properties":{"i":1},"geometry":{"type":"Point","coordinates":[56.34888,25.17512]}},{"type":"Feature","properties":{"i":1},"geometry":{"type":"Point","coordinates":[56.37085,25.17512]}},{"type":"Feature","properties":{"i":0.66},"geometry":{"type":"Point","coordinates":[56.39282,25.17512]}},{"type":"Feature","properties":{"i":0.27},"geometry":{"type":"Point","coordinates":[56.41479,25.17512]}},{"type":"Feature","properties":{"i":0.02},"geometry":{"type":"Point","coordinates":[56.45874,25.17512]}},{"type":"Feature","properties":{"i":0.94},"geometry":{"type":"Point","coordinates":[56.26099,25.15523]}},{"type":"Feature","properties":{"i":0.75},"geometry":{"type":"Point","coordinates":[56.28296,25.15523]}},{"type":"Feature","properties":{"i":0.56},"geometry":{"type":"Point","coordinates":[56.30493,25.15523]}},{"type":"Feature","properties":{"i":1},"geometry":{"type":"Point","coordinates":[56.3269,25.15523]}},{"type":"Feature","properties":{"i":1},"geometry":{"type":"Point","coordinates":[56.34888,25.15523]}},{"type":"Feature","properties":{"i":1},"geometry":{"type":"Point","coordinates":[56.37085,25.15523]}},{"type":"Feature","properties":{"i":0.42},"geometry":{"type":"Point","coordinates":[56.39282,25.15523]}},{"type":"Feature","properties":{"i":0.11},"geometry":{"type":"Point","coordinates":[56.41479,25.15523]}},{"type":"Feature","properties":{"i":0.11},"geometry":{"type":"Point","coordinates":[56.45874,25.15523]}},{"type":"Feature","properties":{"i":0.27},"geometry":{"type":"Point","coordinates":[56.50269,25.15523]}},{"type":"Feature","properties":{"i":0.36},"geometry":{"type":"Point","coordinates":[56.52466,25.15523]}},{"type":"Feature","properties":{"i":1},"geometry":{"type":"Point","coordinates":[56.26099,25.13534]}},{"type":"Feature","properties":{"i":1},"geometry":{"type":"Point","coordinates":[56.28296,25.13534]}},{"type":"Feature","properties":{"i":1},"geometry":{"type":"Point","coordinates":[56.30493,25.13534]}},{"type":"Feature","properties":{"i":1},"geometry":{"type":"Point","coordinates":[56.3269,25.13534]}},{"type":"Feature","properties":{"i":1},"geometry":{"type":"Point","coordinates":[56.34888,25.13534]}},{"type":"Feature","properties":{"i":0.79},"geometry":{"type":"Point","coordinates":[56.37085,25.13534]}},{"type":"Feature","properties":{"i":0.27},"geometry":{"type":"Point","coordinates":[56.39282,25.13534]}},{"type":"Feature","properties":{"i":0.12},"geometry":{"type":"Point","coordinates":[56.41479,25.13534]}},{"type":"Feature","properties":{"i":0.21},"geometry":{"type":"Point","coordinates":[56.45874,25.13534]}},{"type":"Feature","properties":{"i":0.21},"geometry":{"type":"Point","coordinates":[56.50269,25.13534]}},{"type":"Feature","properties":{"i":1},"geometry":{"type":"Point","coordinates":[56.26099,25.11545]}},{"type":"Feature","properties":{"i":1},"geometry":{"type":"Point","coordinates":[56.28296,25.11545]}},{"type":"Feature","properties":{"i":1},"geometry":{"type":"Point","coordinates":[56.30493,25.11545]}},{"type":"Feature","properties":{"i":1},"geometry":{"type":"Point","coordinates":[56.3269,25.11545]}},{"type":"Feature","properties":{"i":1},"geometry":{"type":"Point","coordinates":[56.34888,25.11545]}},{"type":"Feature","properties":{"i":0.76},"geometry":{"type":"Point","coordinates":[56.37085,25.11545]}},{"type":"Feature","properties":{"i":0.39},"geometry":{"type":"Point","coordinates":[56.39282,25.11545]}},{"type":"Feature","properties":{"i":0.16},"geometry":{"type":"Point","coordinates":[56.41479,25.11545]}},{"type":"Feature","properties":{"i":1},"geometry":{"type":"Point","coordinates":[56.26099,25.09555]}},{"type":"Feature","properties":{"i":1},"geometry":{"type":"Point","coordinates":[56.28296,25.09555]}},{"type":"Feature","properties":{"i":1},"geometry":{"type":"Point","coordinates":[56.30493,25.09555]}},{"type":"Feature","properties":{"i":1},"geometry":{"type":"Point","coordinates":[56.3269,25.09555]}},{"type":"Feature","properties":{"i":1},"geometry":{"type":"Point","coordinates":[56.34888,25.09555]}},{"type":"Feature","properties":{"i":0.93},"geometry":{"type":"Point","coordinates":[56.37085,25.09555]}},{"type":"Feature","properties":{"i":0.29},"geometry":{"type":"Point","coordinates":[56.39282,25.09555]}},{"type":"Feature","properties":{"i":0.16},"geometry":{"type":"Point","coordinates":[56.41479,25.09555]}},{"type":"Feature","properties":{"i":0.53},"geometry":{"type":"Point","coordinates":[56.26099,25.07565]}},{"type":"Feature","properties":{"i":1},"geometry":{"type":"Point","coordinates":[56.28296,25.07565]}},{"type":"Feature","properties":{"i":1},"geometry":{"type":"Point","coordinates":[56.30493,25.07565]}},{"type":"Feature","properties":{"i":1},"geometry":{"type":"Point","coordinates":[56.3269,25.07565]}},{"type":"Feature","properties":{"i":1},"geometry":{"type":"Point","coordinates":[56.34888,25.07565]}},{"type":"Feature","properties":{"i":1},"geometry":{"type":"Point","coordinates":[56.37085,25.07565]}},{"type":"Feature","properties":{"i":0.31},"geometry":{"type":"Point","coordinates":[56.39282,25.07565]}},{"type":"Feature","properties":{"i":0.22},"geometry":{"type":"Point","coordinates":[56.41479,25.07565]}},{"type":"Feature","properties":{"i":0.31},"geometry":{"type":"Point","coordinates":[56.26099,25.05575]}},{"type":"Feature","properties":{"i":0.62},"geometry":{"type":"Point","coordinates":[56.28296,25.05575]}},{"type":"Feature","properties":{"i":1},"geometry":{"type":"Point","coordinates":[56.30493,25.05575]}},{"type":"Feature","properties":{"i":1},"geometry":{"type":"Point","coordinates":[56.3269,25.05575]}},{"type":"Feature","properties":{"i":1},"geometry":{"type":"Point","coordinates":[56.34888,25.05575]}},{"type":"Feature","properties":{"i":1},"geometry":{"type":"Point","coordinates":[56.37085,25.05575]}},{"type":"Feature","properties":{"i":0.47},"geometry":{"type":"Point","coordinates":[56.39282,25.05575]}},{"type":"Feature","properties":{"i":0.1},"geometry":{"type":"Point","coordinates":[56.41479,25.05575]}},{"type":"Feature","properties":{"i":0.25},"geometry":{"type":"Point","coordinates":[56.26099,25.03584]}},{"type":"Feature","properties":{"i":0.64},"geometry":{"type":"Point","coordinates":[56.28296,25.03584]}},{"type":"Feature","properties":{"i":0.88},"geometry":{"type":"Point","coordinates":[56.30493,25.03584]}},{"type":"Feature","properties":{"i":1},"geometry":{"type":"Point","coordinates":[56.3269,25.03584]}},{"type":"Feature","properties":{"i":1},"geometry":{"type":"Point","coordinates":[56.34888,25.03584]}},{"type":"Feature","properties":{"i":1},"geometry":{"type":"Point","coordinates":[56.37085,25.03584]}},{"type":"Feature","properties":{"i":0.45},"geometry":{"type":"Point","coordinates":[56.39282,25.03584]}},{"type":"Feature","properties":{"i":0.25},"geometry":{"type":"Point","coordinates":[56.41479,25.03584]}},{"type":"Feature","properties":{"i":0.56},"geometry":{"type":"Point","coordinates":[56.26099,25.01593]}},{"type":"Feature","properties":{"i":0.56},"geometry":{"type":"Point","coordinates":[56.28296,25.01593]}},{"type":"Feature","properties":{"i":0.93},"geometry":{"type":"Point","coordinates":[56.30493,25.01593]}},{"type":"Feature","properties":{"i":1},"geometry":{"type":"Point","coordinates":[56.3269,25.01593]}},{"type":"Feature","properties":{"i":1},"geometry":{"type":"Point","coordinates":[56.34888,25.01593]}},{"type":"Feature","properties":{"i":1},"geometry":{"type":"Point","coordinates":[56.37085,25.01593]}},{"type":"Feature","properties":{"i":0.41},"geometry":{"type":"Point","coordinates":[56.39282,25.01593]}},{"type":"Feature","properties":{"i":0.22},"geometry":{"type":"Point","coordinates":[56.41479,25.01593]}},{"type":"Feature","properties":{"i":0.11},"geometry":{"type":"Point","coordinates":[56.26099,24.99602]}},{"type":"Feature","properties":{"i":0.19},"geometry":{"type":"Point","coordinates":[56.28296,24.99602]}},{"type":"Feature","properties":{"i":0.94},"geometry":{"type":"Point","coordinates":[56.30493,24.99602]}},{"type":"Feature","properties":{"i":1},"geometry":{"type":"Point","coordinates":[56.3269,24.99602]}},{"type":"Feature","properties":{"i":1},"geometry":{"type":"Point","coordinates":[56.34888,24.99602]}},{"type":"Feature","properties":{"i":0.83},"geometry":{"type":"Point","coordinates":[56.37085,24.99602]}},{"type":"Feature","properties":{"i":0.38},"geometry":{"type":"Point","coordinates":[56.39282,24.99602]}},{"type":"Feature","properties":{"i":0.26},"geometry":{"type":"Point","coordinates":[56.41479,24.99602]}},{"type":"Feature","properties":{"i":0.72},"geometry":{"type":"Point","coordinates":[56.26099,24.9761]}},{"type":"Feature","properties":{"i":0.69},"geometry":{"type":"Point","coordinates":[56.28296,24.9761]}},{"type":"Feature","properties":{"i":0.94},"geometry":{"type":"Point","coordinates":[56.30493,24.9761]}},{"type":"Feature","properties":{"i":0.51},"geometry":{"type":"Point","coordinates":[56.3269,24.9761]}},{"type":"Feature","properties":{"i":0.97},"geometry":{"type":"Point","coordinates":[56.34888,24.9761]}},{"type":"Feature","properties":{"i":1},"geometry":{"type":"Point","coordinates":[56.37085,24.9761]}},{"type":"Feature","properties":{"i":0.22},"geometry":{"type":"Point","coordinates":[56.39282,24.9761]}},{"type":"Feature","properties":{"i":0.09},"geometry":{"type":"Point","coordinates":[56.41479,24.9761]}},{"type":"Feature","properties":{"i":0.79},"geometry":{"type":"Point","coordinates":[56.26099,24.95618]}},{"type":"Feature","properties":{"i":0.69},"geometry":{"type":"Point","coordinates":[56.28296,24.95618]}},{"type":"Feature","properties":{"i":0.1},"geometry":{"type":"Point","coordinates":[56.30493,24.95618]}},{"type":"Feature","properties":{"i":0.11},"geometry":{"type":"Point","coordinates":[56.3269,24.95618]}},{"type":"Feature","properties":{"i":0.42},"geometry":{"type":"Point","coordinates":[56.34888,24.95618]}},{"type":"Feature","properties":{"i":0.87},"geometry":{"type":"Point","coordinates":[56.37085,24.95618]}},{"type":"Feature","properties":{"i":0.38},"geometry":{"type":"Point","coordinates":[56.39282,24.95618]}},{"type":"Feature","properties":{"i":0.04},"geometry":{"type":"Point","coordinates":[56.41479,24.95618]}},{"type":"Feature","properties":{"i":1},"geometry":{"type":"Point","coordinates":[56.26099,24.93626]}},{"type":"Feature","properties":{"i":0.13},"geometry":{"type":"Point","coordinates":[56.28296,24.93626]}},{"type":"Feature","properties":{"i":0.03},"geometry":{"type":"Point","coordinates":[56.30493,24.93626]}},{"type":"Feature","properties":{"i":0.05},"geometry":{"type":"Point","coordinates":[56.3269,24.93626]}},{"type":"Feature","properties":{"i":0.32},"geometry":{"type":"Point","coordinates":[56.34888,24.93626]}},{"type":"Feature","properties":{"i":0.84},"geometry":{"type":"Point","coordinates":[56.37085,24.93626]}},{"type":"Feature","properties":{"i":0.67},"geometry":{"type":"Point","coordinates":[56.39282,24.93626]}},{"type":"Feature","properties":{"i":0.72},"geometry":{"type":"Point","coordinates":[56.26099,24.91633]}},{"type":"Feature","properties":{"i":0.16},"geometry":{"type":"Point","coordinates":[56.28296,24.91633]}},{"type":"Feature","properties":{"i":0.15},"geometry":{"type":"Point","coordinates":[56.30493,24.91633]}},{"type":"Feature","properties":{"i":0.22},"geometry":{"type":"Point","coordinates":[56.3269,24.91633]}},{"type":"Feature","properties":{"i":0.22},"geometry":{"type":"Point","coordinates":[56.34888,24.91633]}},{"type":"Feature","properties":{"i":0.84},"geometry":{"type":"Point","coordinates":[56.37085,24.91633]}},{"type":"Feature","properties":{"i":0.98},"geometry":{"type":"Point","coordinates":[56.39282,24.91633]}},{"type":"Feature","properties":{"i":0.14},"geometry":{"type":"Point","coordinates":[56.41479,24.91633]}},{"type":"Feature","properties":{"i":0.04},"geometry":{"type":"Point","coordinates":[56.28296,24.8964]}},{"type":"Feature","properties":{"i":0.94},"geometry":{"type":"Point","coordinates":[56.30493,24.8964]}},{"type":"Feature","properties":{"i":0.43},"geometry":{"type":"Point","coordinates":[56.3269,24.8964]}},{"type":"Feature","properties":{"i":0.34},"geometry":{"type":"Point","coordinates":[56.34888,24.8964]}},{"type":"Feature","properties":{"i":0.82},"geometry":{"type":"Point","coordinates":[56.37085,24.8964]}},{"type":"Feature","properties":{"i":0.82},"geometry":{"type":"Point","coordinates":[56.39282,24.8964]}},{"type":"Feature","properties":{"i":0.64},"geometry":{"type":"Point","coordinates":[56.41479,24.8964]}},{"type":"Feature","properties":{"i":0.03},"geometry":{"type":"Point","coordinates":[56.26099,24.87647]}},{"type":"Feature","properties":{"i":0.12},"geometry":{"type":"Point","coordinates":[56.28296,24.87647]}},{"type":"Feature","properties":{"i":0.09},"geometry":{"type":"Point","coordinates":[56.30493,24.87647]}},{"type":"Feature","properties":{"i":0.22},"geometry":{"type":"Point","coordinates":[56.3269,24.87647]}},{"type":"Feature","properties":{"i":0.02},"geometry":{"type":"Point","coordinates":[56.34888,24.87647]}},{"type":"Feature","properties":{"i":0.28},"geometry":{"type":"Point","coordinates":[56.37085,24.87647]}},{"type":"Feature","properties":{"i":0.65},"geometry":{"type":"Point","coordinates":[56.39282,24.87647]}},{"type":"Feature","properties":{"i":0.67},"geometry":{"type":"Point","coordinates":[56.41479,24.87647]}},{"type":"Feature","properties":{"i":0.45},"geometry":{"type":"Point","coordinates":[56.26099,24.85653]}},{"type":"Feature","properties":{"i":0.07},"geometry":{"type":"Point","coordinates":[56.28296,24.85653]}},{"type":"Feature","properties":{"i":0.08},"geometry":{"type":"Point","coordinates":[56.30493,24.85653]}},{"type":"Feature","properties":{"i":0.39},"geometry":{"type":"Point","coordinates":[56.3269,24.85653]}},{"type":"Feature","properties":{"i":0.08},"geometry":{"type":"Point","coordinates":[56.34888,24.85653]}},{"type":"Feature","properties":{"i":0.37},"geometry":{"type":"Point","coordinates":[56.37085,24.85653]}},{"type":"Feature","properties":{"i":0.93},"geometry":{"type":"Point","coordinates":[56.39282,24.85653]}},{"type":"Feature","properties":{"i":1},"geometry":{"type":"Point","coordinates":[56.41479,24.85653]}},{"type":"Feature","properties":{"i":0.28},"geometry":{"type":"Point","coordinates":[56.43677,24.85653]}},{"type":"Feature","properties":{"i":0.39},"geometry":{"type":"Point","coordinates":[56.34888,24.8366]}},{"type":"Feature","properties":{"i":0.22},"geometry":{"type":"Point","coordinates":[56.37085,24.8366]}},{"type":"Feature","properties":{"i":0.72},"geometry":{"type":"Point","coordinates":[56.39282,24.8366]}},{"type":"Feature","properties":{"i":0.88},"geometry":{"type":"Point","coordinates":[56.41479,24.8366]}},{"type":"Feature","properties":{"i":0.87},"geometry":{"type":"Point","coordinates":[56.43677,24.8366]}},{"type":"Feature","properties":{"i":0.03},"geometry":{"type":"Point","coordinates":[56.26099,24.81665]}},{"type":"Feature","properties":{"i":0.27},"geometry":{"type":"Point","coordinates":[56.30493,24.81665]}},{"type":"Feature","properties":{"i":0.59},"geometry":{"type":"Point","coordinates":[56.3269,24.81665]}},{"type":"Feature","properties":{"i":0.49},"geometry":{"type":"Point","coordinates":[56.34888,24.81665]}},{"type":"Feature","properties":{"i":0.05},"geometry":{"type":"Point","coordinates":[56.37085,24.81665]}},{"type":"Feature","properties":{"i":0.22},"geometry":{"type":"Point","coordinates":[56.39282,24.81665]}},{"type":"Feature","properties":{"i":0.53},"geometry":{"type":"Point","coordinates":[56.41479,24.81665]}},{"type":"Feature","properties":{"i":0.95},"geometry":{"type":"Point","coordinates":[56.43677,24.81665]}},{"type":"Feature","properties":{"i":0.82},"geometry":{"type":"Point","coordinates":[56.45874,24.81665]}},{"type":"Feature","properties":{"i":0.27},"geometry":{"type":"Point","coordinates":[56.26099,24.79671]}},{"type":"Feature","properties":{"i":0.27},"geometry":{"type":"Point","coordinates":[56.28296,24.79671]}},{"type":"Feature","properties":{"i":0.02},"geometry":{"type":"Point","coordinates":[56.30493,24.79671]}},{"type":"Feature","properties":{"i":0.09},"geometry":{"type":"Point","coordinates":[56.3269,24.79671]}},{"type":"Feature","properties":{"i":0.62},"geometry":{"type":"Point","coordinates":[56.34888,24.79671]}},{"type":"Feature","properties":{"i":0.17},"geometry":{"type":"Point","coordinates":[56.37085,24.79671]}},{"type":"Feature","properties":{"i":0.34},"geometry":{"type":"Point","coordinates":[56.39282,24.79671]}},{"type":"Feature","properties":{"i":0.51},"geometry":{"type":"Point","coordinates":[56.41479,24.79671]}},{"type":"Feature","properties":{"i":0.85},"geometry":{"type":"Point","coordinates":[56.43677,24.79671]}},{"type":"Feature","properties":{"i":0.76},"geometry":{"type":"Point","coordinates":[56.45874,24.79671]}},{"type":"Feature","properties":{"i":0.07},"geometry":{"type":"Point","coordinates":[56.48071,24.79671]}},{"type":"Feature","properties":{"i":0.19},"geometry":{"type":"Point","coordinates":[56.26099,24.77676]}},{"type":"Feature","properties":{"i":0.36},"geometry":{"type":"Point","coordinates":[56.28296,24.77676]}},{"type":"Feature","properties":{"i":0.36},"geometry":{"type":"Point","coordinates":[56.30493,24.77676]}},{"type":"Feature","properties":{"i":0.37},"geometry":{"type":"Point","coordinates":[56.3269,24.77676]}},{"type":"Feature","properties":{"i":0.41},"geometry":{"type":"Point","coordinates":[56.34888,24.77676]}},{"type":"Feature","properties":{"i":0.25},"geometry":{"type":"Point","coordinates":[56.37085,24.77676]}},{"type":"Feature","properties":{"i":0.34},"geometry":{"type":"Point","coordinates":[56.39282,24.77676]}},{"type":"Feature","properties":{"i":0.38},"geometry":{"type":"Point","coordinates":[56.41479,24.77676]}},{"type":"Feature","properties":{"i":0.58},"geometry":{"type":"Point","coordinates":[56.43677,24.77676]}},{"type":"Feature","properties":{"i":0.87},"geometry":{"type":"Point","coordinates":[56.45874,24.77676]}},{"type":"Feature","properties":{"i":0.22},"geometry":{"type":"Point","coordinates":[56.48071,24.77676]}},{"type":"Feature","properties":{"i":0.41},"geometry":{"type":"Point","coordinates":[56.54663,24.77676]}},{"type":"Feature","properties":{"i":0.08},"geometry":{"type":"Point","coordinates":[56.30493,24.75681]}},{"type":"Feature","properties":{"i":0.02},"geometry":{"type":"Point","coordinates":[56.3269,24.75681]}},{"type":"Feature","properties":{"i":0.02},"geometry":{"type":"Point","coordinates":[56.34888,24.75681]}},{"type":"Feature","properties":{"i":0.34},"geometry":{"type":"Point","coordinates":[56.41479,24.75681]}},{"type":"Feature","properties":{"i":0.79},"geometry":{"type":"Point","coordinates":[56.43677,24.75681]}},{"type":"Feature","properties":{"i":1},"geometry":{"type":"Point","coordinates":[56.45874,24.75681]}},{"type":"Feature","properties":{"i":0.85},"geometry":{"type":"Point","coordinates":[56.48071,24.75681]}},{"type":"Feature","properties":{"i":0.02},"geometry":{"type":"Point","coordinates":[56.39282,24.73685]}},{"type":"Feature","properties":{"i":0.95},"geometry":{"type":"Point","coordinates":[56.41479,24.73685]}},{"type":"Feature","properties":{"i":0.95},"geometry":{"type":"Point","coordinates":[56.43677,24.73685]}},{"type":"Feature","properties":{"i":1},"geometry":{"type":"Point","coordinates":[56.45874,24.73685]}},{"type":"Feature","properties":{"i":0.81},"geometry":{"type":"Point","coordinates":[56.48071,24.73685]}},{"type":"Feature","properties":{"i":0.08},"geometry":{"type":"Point","coordinates":[56.50269,24.73685]}},{"type":"Feature","properties":{"i":0.07},"geometry":{"type":"Point","coordinates":[56.3269,24.7169]}},{"type":"Feature","properties":{"i":0.13},"geometry":{"type":"Point","coordinates":[56.34888,24.7169]}},{"type":"Feature","properties":{"i":0.03},"geometry":{"type":"Point","coordinates":[56.37085,24.7169]}},{"type":"Feature","properties":{"i":0.19},"geometry":{"type":"Point","coordinates":[56.41479,24.7169]}},{"type":"Feature","properties":{"i":0.78},"geometry":{"type":"Point","coordinates":[56.43677,24.7169]}},{"type":"Feature","properties":{"i":0.94},"geometry":{"type":"Point","coordinates":[56.45874,24.7169]}},{"type":"Feature","properties":{"i":0.59},"geometry":{"type":"Point","coordinates":[56.48071,24.7169]}},{"type":"Feature","properties":{"i":0.23},"geometry":{"type":"Point","coordinates":[56.52466,24.7169]}},{"type":"Feature","properties":{"i":0.07},"geometry":{"type":"Point","coordinates":[56.3269,24.69693]}},{"type":"Feature","properties":{"i":0.13},"geometry":{"type":"Point","coordinates":[56.34888,24.69693]}},{"type":"Feature","properties":{"i":0.11},"geometry":{"type":"Point","coordinates":[56.41479,24.69693]}},{"type":"Feature","properties":{"i":0.61},"geometry":{"type":"Point","coordinates":[56.43677,24.69693]}},{"type":"Feature","properties":{"i":0.91},"geometry":{"type":"Point","coordinates":[56.45874,24.69693]}},{"type":"Feature","properties":{"i":1},"geometry":{"type":"Point","coordinates":[56.48071,24.69693]}},{"type":"Feature","properties":{"i":0.15},"geometry":{"type":"Point","coordinates":[56.50269,24.69693]}},{"type":"Feature","properties":{"i":0.05},"geometry":{"type":"Point","coordinates":[56.39282,24.67697]}},{"type":"Feature","properties":{"i":0.18},"geometry":{"type":"Point","coordinates":[56.41479,24.67697]}},{"type":"Feature","properties":{"i":0.41},"geometry":{"type":"Point","coordinates":[56.43677,24.67697]}},{"type":"Feature","properties":{"i":0.84},"geometry":{"type":"Point","coordinates":[56.45874,24.67697]}},{"type":"Feature","properties":{"i":0.86},"geometry":{"type":"Point","coordinates":[56.48071,24.67697]}},{"type":"Feature","properties":{"i":0.71},"geometry":{"type":"Point","coordinates":[56.50269,24.67697]}},{"type":"Feature","properties":{"i":0.15},"geometry":{"type":"Point","coordinates":[56.52466,24.67697]}},{"type":"Feature","properties":{"i":0.29},"geometry":{"type":"Point","coordinates":[56.43677,24.657]}},{"type":"Feature","properties":{"i":0.42},"geometry":{"type":"Point","coordinates":[56.45874,24.657]}},{"type":"Feature","properties":{"i":0.85},"geometry":{"type":"Point","coordinates":[56.48071,24.657]}},{"type":"Feature","properties":{"i":0.88},"geometry":{"type":"Point","coordinates":[56.50269,24.657]}},{"type":"Feature","properties":{"i":0.72},"geometry":{"type":"Point","coordinates":[56.52466,24.657]}},{"type":"Feature","properties":{"i":0.09},"geometry":{"type":"Point","coordinates":[56.54663,24.657]}},{"type":"Feature","properties":{"i":0.07},"geometry":{"type":"Point","coordinates":[56.72241,24.657]}},{"type":"Feature","properties":{"i":0.05},"geometry":{"type":"Point","coordinates":[56.74438,24.657]}},{"type":"Feature","properties":{"i":0.03},"geometry":{"type":"Point","coordinates":[56.43677,24.63703]}},{"type":"Feature","properties":{"i":0.17},"geometry":{"type":"Point","coordinates":[56.45874,24.63703]}},{"type":"Feature","properties":{"i":0.66},"geometry":{"type":"Point","coordinates":[56.48071,24.63703]}},{"type":"Feature","properties":{"i":1},"geometry":{"type":"Point","coordinates":[56.50269,24.63703]}},{"type":"Feature","properties":{"i":1},"geometry":{"type":"Point","coordinates":[56.52466,24.63703]}},{"type":"Feature","properties":{"i":0.21},"geometry":{"type":"Point","coordinates":[56.54663,24.63703]}},{"type":"Feature","properties":{"i":0.04},"geometry":{"type":"Point","coordinates":[56.45874,24.61706]}},{"type":"Feature","properties":{"i":0.22},"geometry":{"type":"Point","coordinates":[56.48071,24.61706]}},{"type":"Feature","properties":{"i":0.91},"geometry":{"type":"Point","coordinates":[56.50269,24.61706]}},{"type":"Feature","properties":{"i":0.95},"geometry":{"type":"Point","coordinates":[56.52466,24.61706]}},{"type":"Feature","properties":{"i":0.94},"geometry":{"type":"Point","coordinates":[56.54663,24.61706]}},{"type":"Feature","properties":{"i":0.14},"geometry":{"type":"Point","coordinates":[56.5686,24.61706]}},{"type":"Feature","properties":{"i":0.19},"geometry":{"type":"Point","coordinates":[56.48071,24.59708]}},{"type":"Feature","properties":{"i":0.48},"geometry":{"type":"Point","coordinates":[56.50269,24.59708]}},{"type":"Feature","properties":{"i":0.92},"geometry":{"type":"Point","coordinates":[56.52466,24.59708]}},{"type":"Feature","properties":{"i":1},"geometry":{"type":"Point","coordinates":[56.54663,24.59708]}},{"type":"Feature","properties":{"i":0.22},"geometry":{"type":"Point","coordinates":[56.5686,24.59708]}},{"type":"Feature","properties":{"i":0.03},"geometry":{"type":"Point","coordinates":[56.67847,24.59708]}},{"type":"Feature","properties":{"i":0.24},"geometry":{"type":"Point","coordinates":[56.72241,24.59708]}},{"type":"Feature","properties":{"i":0.24},"geometry":{"type":"Point","coordinates":[56.74438,24.59708]}},{"type":"Feature","properties":{"i":0.18},"geometry":{"type":"Point","coordinates":[56.45874,24.5771]}},{"type":"Feature","properties":{"i":0.19},"geometry":{"type":"Point","coordinates":[56.48071,24.5771]}},{"type":"Feature","properties":{"i":0.53},"geometry":{"type":"Point","coordinates":[56.50269,24.5771]}},{"type":"Feature","properties":{"i":0.83},"geometry":{"type":"Point","coordinates":[56.52466,24.5771]}},{"type":"Feature","properties":{"i":0.96},"geometry":{"type":"Point","coordinates":[56.54663,24.5771]}},{"type":"Feature","properties":{"i":0.78},"geometry":{"type":"Point","coordinates":[56.5686,24.5771]}},{"type":"Feature","properties":{"i":0.26},"geometry":{"type":"Point","coordinates":[56.59058,24.5771]}},{"type":"Feature","properties":{"i":0.17},"geometry":{"type":"Point","coordinates":[56.61255,24.5771]}},{"type":"Feature","properties":{"i":0.07},"geometry":{"type":"Point","coordinates":[56.65649,24.5771]}},{"type":"Feature","properties":{"i":0.14},"geometry":{"type":"Point","coordinates":[56.67847,24.5771]}},{"type":"Feature","properties":{"i":0.25},"geometry":{"type":"Point","coordinates":[56.45874,24.55712]}},{"type":"Feature","properties":{"i":0.28},"geometry":{"type":"Point","coordinates":[56.48071,24.55712]}},{"type":"Feature","properties":{"i":0.99},"geometry":{"type":"Point","coordinates":[56.50269,24.55712]}},{"type":"Feature","properties":{"i":1},"geometry":{"type":"Point","coordinates":[56.52466,24.55712]}},{"type":"Feature","properties":{"i":1},"geometry":{"type":"Point","coordinates":[56.54663,24.55712]}},{"type":"Feature","properties":{"i":0.95},"geometry":{"type":"Point","coordinates":[56.5686,24.55712]}},{"type":"Feature","properties":{"i":0.45},"geometry":{"type":"Point","coordinates":[56.59058,24.55712]}},{"type":"Feature","properties":{"i":0.22},"geometry":{"type":"Point","coordinates":[56.61255,24.55712]}},{"type":"Feature","properties":{"i":0.21},"geometry":{"type":"Point","coordinates":[56.63452,24.55712]}},{"type":"Feature","properties":{"i":0.1},"geometry":{"type":"Point","coordinates":[56.65649,24.55712]}},{"type":"Feature","properties":{"i":0.27},"geometry":{"type":"Point","coordinates":[56.45874,24.53713]}},{"type":"Feature","properties":{"i":0.51},"geometry":{"type":"Point","coordinates":[56.48071,24.53713]}},{"type":"Feature","properties":{"i":1},"geometry":{"type":"Point","coordinates":[56.50269,24.53713]}},{"type":"Feature","properties":{"i":1},"geometry":{"type":"Point","coordinates":[56.52466,24.53713]}},{"type":"Feature","properties":{"i":0.97},"geometry":{"type":"Point","coordinates":[56.54663,24.53713]}},{"type":"Feature","properties":{"i":1},"geometry":{"type":"Point","coordinates":[56.5686,24.53713]}},{"type":"Feature","properties":{"i":0.87},"geometry":{"type":"Point","coordinates":[56.59058,24.53713]}},{"type":"Feature","properties":{"i":0.89},"geometry":{"type":"Point","coordinates":[56.61255,24.53713]}},{"type":"Feature","properties":{"i":0.52},"geometry":{"type":"Point","coordinates":[56.63452,24.53713]}},{"type":"Feature","properties":{"i":0.32},"geometry":{"type":"Point","coordinates":[56.65649,24.53713]}},{"type":"Feature","properties":{"i":0.04},"geometry":{"type":"Point","coordinates":[56.67847,24.53713]}},{"type":"Feature","properties":{"i":0.76},"geometry":{"type":"Point","coordinates":[53.3606,24.47715]}},{"type":"Feature","properties":{"i":1},"geometry":{"type":"Point","coordinates":[53.3606,24.45715]}},{"type":"Feature","properties":{"i":1},"geometry":{"type":"Point","coordinates":[53.38257,24.45715]}},{"type":"Feature","properties":{"i":0.37},"geometry":{"type":"Point","coordinates":[53.3606,24.43715]}},{"type":"Feature","properties":{"i":0.09},"geometry":{"type":"Point","coordinates":[53.38257,24.39713]}},{"type":"Feature","properties":{"i":0.83},"geometry":{"type":"Point","coordinates":[53.38257,24.37712]}},{"type":"Feature","properties":{"i":0.82},"geometry":{"type":"Point","coordinates":[53.40454,24.37712]}},{"type":"Feature","properties":{"i":0.41},"geometry":{"type":"Point","coordinates":[53.40454,24.35711]}},{"type":"Feature","properties":{"i":0.83},"geometry":{"type":"Point","coordinates":[53.40454,24.33709]}},{"type":"Feature","properties":{"i":0.83},"geometry":{"type":"Point","coordinates":[53.40454,24.31707]}},{"type":"Feature","properties":{"i":0.83},"geometry":{"type":"Point","coordinates":[53.42651,24.31707]}},{"type":"Feature","properties":{"i":0.05},"geometry":{"type":"Point","coordinates":[53.27271,24.29704]}},{"type":"Feature","properties":{"i":0.05},"geometry":{"type":"Point","coordinates":[53.27271,24.27701]}},{"type":"Feature","properties":{"i":0.24},"geometry":{"type":"Point","coordinates":[53.33862,24.25698]}},{"type":"Feature","properties":{"i":0.22},"geometry":{"type":"Point","coordinates":[53.40454,24.11667]}},{"type":"Feature","properties":{"i":0.98},"geometry":{"type":"Point","coordinates":[53.42651,24.11667]}},{"type":"Feature","properties":{"i":0.12},"geometry":{"type":"Point","coordinates":[53.31665,24.09662]}},{"type":"Feature","properties":{"i":0.07},"geometry":{"type":"Point","coordinates":[53.3606,24.09662]}},{"type":"Feature","properties":{"i":0.47},"geometry":{"type":"Point","coordinates":[53.40454,24.09662]}},{"type":"Feature","properties":{"i":1},"geometry":{"type":"Point","coordinates":[53.42651,24.09662]}},{"type":"Feature","properties":{"i":0.68},"geometry":{"type":"Point","coordinates":[53.31665,24.07656]}},{"type":"Feature","properties":{"i":0.19},"geometry":{"type":"Point","coordinates":[53.33862,24.07656]}},{"type":"Feature","properties":{"i":0.25},"geometry":{"type":"Point","coordinates":[53.3606,24.07656]}},{"type":"Feature","properties":{"i":0.07},"geometry":{"type":"Point","coordinates":[53.38257,24.07656]}},{"type":"Feature","properties":{"i":0.29},"geometry":{"type":"Point","coordinates":[53.40454,24.07656]}},{"type":"Feature","properties":{"i":0.53},"geometry":{"type":"Point","coordinates":[53.42651,24.07656]}},{"type":"Feature","properties":{"i":0.67},"geometry":{"type":"Point","coordinates":[53.27271,24.0565]}},{"type":"Feature","properties":{"i":0.69},"geometry":{"type":"Point","coordinates":[53.29468,24.0565]}},{"type":"Feature","properties":{"i":1},"geometry":{"type":"Point","coordinates":[53.31665,24.0565]}},{"type":"Feature","properties":{"i":1},"geometry":{"type":"Point","coordinates":[53.33862,24.0565]}},{"type":"Feature","properties":{"i":0.72},"geometry":{"type":"Point","coordinates":[53.3606,24.0565]}},{"type":"Feature","properties":{"i":0.88},"geometry":{"type":"Point","coordinates":[53.38257,24.0565]}},{"type":"Feature","properties":{"i":0.76},"geometry":{"type":"Point","coordinates":[53.40454,24.0565]}},{"type":"Feature","properties":{"i":0.89},"geometry":{"type":"Point","coordinates":[53.42651,24.0565]}},{"type":"Feature","properties":{"i":0.03},"geometry":{"type":"Point","coordinates":[53.29468,24.03643]}},{"type":"Feature","properties":{"i":1},"geometry":{"type":"Point","coordinates":[53.31665,24.03643]}},{"type":"Feature","properties":{"i":1},"geometry":{"type":"Point","coordinates":[53.33862,24.03643]}},{"type":"Feature","properties":{"i":0.13},"geometry":{"type":"Point","coordinates":[53.3606,24.03643]}},{"type":"Feature","properties":{"i":0.04},"geometry":{"type":"Point","coordinates":[53.38257,24.03643]}},{"type":"Feature","properties":{"i":0.05},"geometry":{"type":"Point","coordinates":[53.40454,24.03643]}},{"type":"Feature","properties":{"i":0.04},"geometry":{"type":"Point","coordinates":[53.42651,24.03643]}},{"type":"Feature","properties":{"i":0.12},"geometry":{"type":"Point","coordinates":[53.27271,23.8557]}},{"type":"Feature","properties":{"i":0.79},"geometry":{"type":"Point","coordinates":[53.29468,23.8557]}},{"type":"Feature","properties":{"i":0.64},"geometry":{"type":"Point","coordinates":[53.27271,23.75518]}},{"type":"Feature","properties":{"i":0.64},"geometry":{"type":"Point","coordinates":[53.29468,23.75518]}},{"type":"Feature","properties":{"i":0.03},"geometry":{"type":"Point","coordinates":[53.27271,23.69483]}},{"type":"Feature","properties":{"i":0.03},"geometry":{"type":"Point","coordinates":[53.29468,23.69483]}},{"type":"Feature","properties":{"i":0.03},"geometry":{"type":"Point","coordinates":[53.31665,23.69483]}},{"type":"Feature","properties":{"i":0.04},"geometry":{"type":"Point","coordinates":[53.33862,23.69483]}},{"type":"Feature","properties":{"i":0.02},"geometry":{"type":"Point","coordinates":[53.3606,23.69483]}},{"type":"Feature","properties":{"i":0.02},"geometry":{"type":"Point","coordinates":[53.40454,23.69483]}},{"type":"Feature","properties":{"i":0.04},"geometry":{"type":"Point","coordinates":[53.42651,23.69483]}},{"type":"Feature","properties":{"i":0.1},"geometry":{"type":"Point","coordinates":[53.27271,23.67471]}},{"type":"Feature","properties":{"i":0.13},"geometry":{"type":"Point","coordinates":[53.29468,23.67471]}},{"type":"Feature","properties":{"i":0.51},"geometry":{"type":"Point","coordinates":[53.31665,23.67471]}},{"type":"Feature","properties":{"i":0.51},"geometry":{"type":"Point","coordinates":[53.33862,23.67471]}},{"type":"Feature","properties":{"i":0.1},"geometry":{"type":"Point","coordinates":[53.3606,23.67471]}},{"type":"Feature","properties":{"i":0.07},"geometry":{"type":"Point","coordinates":[53.38257,23.67471]}},{"type":"Feature","properties":{"i":0.08},"geometry":{"type":"Point","coordinates":[53.40454,23.67471]}},{"type":"Feature","properties":{"i":0.27},"geometry":{"type":"Point","coordinates":[53.42651,23.67471]}},{"type":"Feature","properties":{"i":0.19},"geometry":{"type":"Point","coordinates":[53.27271,23.65459]}},{"type":"Feature","properties":{"i":0.22},"geometry":{"type":"Point","coordinates":[53.29468,23.65459]}},{"type":"Feature","properties":{"i":0.51},"geometry":{"type":"Point","coordinates":[53.31665,23.65459]}},{"type":"Feature","properties":{"i":0.19},"geometry":{"type":"Point","coordinates":[53.33862,23.65459]}},{"type":"Feature","properties":{"i":0.16},"geometry":{"type":"Point","coordinates":[53.3606,23.65459]}},{"type":"Feature","properties":{"i":0.14},"geometry":{"type":"Point","coordinates":[53.38257,23.65459]}},{"type":"Feature","properties":{"i":0.14},"geometry":{"type":"Point","coordinates":[53.40454,23.65459]}},{"type":"Feature","properties":{"i":0.83},"geometry":{"type":"Point","coordinates":[53.42651,23.65459]}},{"type":"Feature","properties":{"i":0.37},"geometry":{"type":"Point","coordinates":[53.27271,23.63446]}},{"type":"Feature","properties":{"i":0.81},"geometry":{"type":"Point","coordinates":[53.29468,23.63446]}},{"type":"Feature","properties":{"i":0.49},"geometry":{"type":"Point","coordinates":[53.31665,23.63446]}},{"type":"Feature","properties":{"i":0.39},"geometry":{"type":"Point","coordinates":[53.33862,23.63446]}},{"type":"Feature","properties":{"i":0.39},"geometry":{"type":"Point","coordinates":[53.3606,23.63446]}},{"type":"Feature","properties":{"i":0.27},"geometry":{"type":"Point","coordinates":[53.38257,23.63446]}},{"type":"Feature","properties":{"i":0.19},"geometry":{"type":"Point","coordinates":[53.40454,23.63446]}},{"type":"Feature","properties":{"i":0.13},"geometry":{"type":"Point","coordinates":[53.42651,23.63446]}},{"type":"Feature","properties":{"i":0.6},"geometry":{"type":"Point","coordinates":[53.27271,23.61433]}},{"type":"Feature","properties":{"i":0.88},"geometry":{"type":"Point","coordinates":[53.29468,23.61433]}},{"type":"Feature","properties":{"i":0.82},"geometry":{"type":"Point","coordinates":[53.31665,23.61433]}},{"type":"Feature","properties":{"i":0.65},"geometry":{"type":"Point","coordinates":[53.33862,23.61433]}},{"type":"Feature","properties":{"i":0.53},"geometry":{"type":"Point","coordinates":[53.3606,23.61433]}},{"type":"Feature","properties":{"i":0.53},"geometry":{"type":"Point","coordinates":[53.38257,23.61433]}},{"type":"Feature","properties":{"i":0.35},"geometry":{"type":"Point","coordinates":[53.40454,23.61433]}},{"type":"Feature","properties":{"i":0.25},"geometry":{"type":"Point","coordinates":[53.42651,23.61433]}},{"type":"Feature","properties":{"i":0.73},"geometry":{"type":"Point","coordinates":[53.27271,23.59419]}},{"type":"Feature","properties":{"i":0.92},"geometry":{"type":"Point","coordinates":[53.29468,23.59419]}},{"type":"Feature","properties":{"i":0.96},"geometry":{"type":"Point","coordinates":[53.31665,23.59419]}},{"type":"Feature","properties":{"i":0.96},"geometry":{"type":"Point","coordinates":[53.33862,23.59419]}},{"type":"Feature","properties":{"i":1},"geometry":{"type":"Point","coordinates":[53.3606,23.59419]}},{"type":"Feature","properties":{"i":0.8},"geometry":{"type":"Point","coordinates":[53.38257,23.59419]}},{"type":"Feature","properties":{"i":0.47},"geometry":{"type":"Point","coordinates":[53.40454,23.59419]}},{"type":"Feature","properties":{"i":0.29},"geometry":{"type":"Point","coordinates":[53.42651,23.59419]}},{"type":"Feature","properties":{"i":1},"geometry":{"type":"Point","coordinates":[53.27271,23.57406]}},{"type":"Feature","properties":{"i":1},"geometry":{"type":"Point","coordinates":[53.29468,23.57406]}},{"type":"Feature","properties":{"i":1},"geometry":{"type":"Point","coordinates":[53.31665,23.57406]}},{"type":"Feature","properties":{"i":1},"geometry":{"type":"Point","coordinates":[53.33862,23.57406]}},{"type":"Feature","properties":{"i":1},"geometry":{"type":"Point","coordinates":[53.3606,23.57406]}},{"type":"Feature","properties":{"i":0.7},"geometry":{"type":"Point","coordinates":[53.38257,23.57406]}},{"type":"Feature","properties":{"i":0.75},"geometry":{"type":"Point","coordinates":[53.40454,23.57406]}},{"type":"Feature","properties":{"i":0.38},"geometry":{"type":"Point","coordinates":[53.42651,23.57406]}},{"type":"Feature","properties":{"i":1},"geometry":{"type":"Point","coordinates":[53.27271,23.55392]}},{"type":"Feature","properties":{"i":1},"geometry":{"type":"Point","coordinates":[53.29468,23.55392]}},{"type":"Feature","properties":{"i":1},"geometry":{"type":"Point","coordinates":[53.31665,23.55392]}},{"type":"Feature","properties":{"i":1},"geometry":{"type":"Point","coordinates":[53.33862,23.55392]}},{"type":"Feature","properties":{"i":1},"geometry":{"type":"Point","coordinates":[53.3606,23.55392]}},{"type":"Feature","properties":{"i":0.78},"geometry":{"type":"Point","coordinates":[53.38257,23.55392]}},{"type":"Feature","properties":{"i":0.53},"geometry":{"type":"Point","coordinates":[53.40454,23.55392]}},{"type":"Feature","properties":{"i":0.33},"geometry":{"type":"Point","coordinates":[53.42651,23.55392]}},{"type":"Feature","properties":{"i":1},"geometry":{"type":"Point","coordinates":[53.27271,23.53377]}},{"type":"Feature","properties":{"i":1},"geometry":{"type":"Point","coordinates":[53.29468,23.53377]}},{"type":"Feature","properties":{"i":1},"geometry":{"type":"Point","coordinates":[53.31665,23.53377]}},{"type":"Feature","properties":{"i":1},"geometry":{"type":"Point","coordinates":[53.33862,23.53377]}},{"type":"Feature","properties":{"i":1},"geometry":{"type":"Point","coordinates":[53.3606,23.53377]}},{"type":"Feature","properties":{"i":0.8},"geometry":{"type":"Point","coordinates":[53.38257,23.53377]}},{"type":"Feature","properties":{"i":0.49},"geometry":{"type":"Point","coordinates":[53.40454,23.53377]}},{"type":"Feature","properties":{"i":0.37},"geometry":{"type":"Point","coordinates":[53.42651,23.53377]}},{"type":"Feature","properties":{"i":1},"geometry":{"type":"Point","coordinates":[53.27271,23.51363]}},{"type":"Feature","properties":{"i":1},"geometry":{"type":"Point","coordinates":[53.29468,23.51363]}},{"type":"Feature","properties":{"i":1},"geometry":{"type":"Point","coordinates":[53.31665,23.51363]}},{"type":"Feature","properties":{"i":1},"geometry":{"type":"Point","coordinates":[53.33862,23.51363]}},{"type":"Feature","properties":{"i":0.94},"geometry":{"type":"Point","coordinates":[53.3606,23.51363]}},{"type":"Feature","properties":{"i":0.7},"geometry":{"type":"Point","coordinates":[53.38257,23.51363]}},{"type":"Feature","properties":{"i":0.51},"geometry":{"type":"Point","coordinates":[53.40454,23.51363]}},{"type":"Feature","properties":{"i":0.37},"geometry":{"type":"Point","coordinates":[53.42651,23.51363]}},{"type":"Feature","properties":{"i":1},"geometry":{"type":"Point","coordinates":[53.27271,23.49348]}},{"type":"Feature","properties":{"i":1},"geometry":{"type":"Point","coordinates":[53.29468,23.49348]}},{"type":"Feature","properties":{"i":0.96},"geometry":{"type":"Point","coordinates":[53.31665,23.49348]}},{"type":"Feature","properties":{"i":0.8},"geometry":{"type":"Point","coordinates":[53.33862,23.49348]}},{"type":"Feature","properties":{"i":0.61},"geometry":{"type":"Point","coordinates":[53.3606,23.49348]}},{"type":"Feature","properties":{"i":0.49},"geometry":{"type":"Point","coordinates":[53.38257,23.49348]}},{"type":"Feature","properties":{"i":0.4},"geometry":{"type":"Point","coordinates":[53.40454,23.49348]}},{"type":"Feature","properties":{"i":0.3},"geometry":{"type":"Point","coordinates":[53.42651,23.49348]}},{"type":"Feature","properties":{"i":0.7},"geometry":{"type":"Point","coordinates":[53.27271,23.47332]}},{"type":"Feature","properties":{"i":0.9},"geometry":{"type":"Point","coordinates":[53.29468,23.47332]}},{"type":"Feature","properties":{"i":0.72},"geometry":{"type":"Point","coordinates":[53.31665,23.47332]}},{"type":"Feature","properties":{"i":0.61},"geometry":{"type":"Point","coordinates":[53.33862,23.47332]}},{"type":"Feature","properties":{"i":0.65},"geometry":{"type":"Point","coordinates":[53.3606,23.47332]}},{"type":"Feature","properties":{"i":0.39},"geometry":{"type":"Point","coordinates":[53.38257,23.47332]}},{"type":"Feature","properties":{"i":0.3},"geometry":{"type":"Point","coordinates":[53.40454,23.47332]}},{"type":"Feature","properties":{"i":0.22},"geometry":{"type":"Point","coordinates":[53.42651,23.47332]}},{"type":"Feature","properties":{"i":0.39},"geometry":{"type":"Point","coordinates":[53.27271,23.45317]}},{"type":"Feature","properties":{"i":0.39},"geometry":{"type":"Point","coordinates":[53.29468,23.45317]}},{"type":"Feature","properties":{"i":0.41},"geometry":{"type":"Point","coordinates":[53.31665,23.45317]}},{"type":"Feature","properties":{"i":0.41},"geometry":{"type":"Point","coordinates":[53.33862,23.45317]}},{"type":"Feature","properties":{"i":0.27},"geometry":{"type":"Point","coordinates":[53.3606,23.45317]}},{"type":"Feature","properties":{"i":0.22},"geometry":{"type":"Point","coordinates":[53.38257,23.45317]}},{"type":"Feature","properties":{"i":0.16},"geometry":{"type":"Point","coordinates":[53.40454,23.45317]}},{"type":"Feature","properties":{"i":0.12},"geometry":{"type":"Point","coordinates":[53.42651,23.45317]}},{"type":"Feature","properties":{"i":0.22},"geometry":{"type":"Point","coordinates":[53.27271,23.43301]}},{"type":"Feature","properties":{"i":0.25},"geometry":{"type":"Point","coordinates":[53.29468,23.43301]}},{"type":"Feature","properties":{"i":0.21},"geometry":{"type":"Point","coordinates":[53.31665,23.43301]}},{"type":"Feature","properties":{"i":0.19},"geometry":{"type":"Point","coordinates":[53.33862,23.43301]}},{"type":"Feature","properties":{"i":0.15},"geometry":{"type":"Point","coordinates":[53.3606,23.43301]}},{"type":"Feature","properties":{"i":0.13},"geometry":{"type":"Point","coordinates":[53.38257,23.43301]}},{"type":"Feature","properties":{"i":0.08},"geometry":{"type":"Point","coordinates":[53.40454,23.43301]}},{"type":"Feature","properties":{"i":0.07},"geometry":{"type":"Point","coordinates":[53.42651,23.43301]}},{"type":"Feature","properties":{"i":0.09},"geometry":{"type":"Point","coordinates":[53.27271,23.41285]}},{"type":"Feature","properties":{"i":0.09},"geometry":{"type":"Point","coordinates":[53.29468,23.41285]}},{"type":"Feature","properties":{"i":0.08},"geometry":{"type":"Point","coordinates":[53.31665,23.41285]}},{"type":"Feature","properties":{"i":0.1},"geometry":{"type":"Point","coordinates":[53.33862,23.41285]}},{"type":"Feature","properties":{"i":0.09},"geometry":{"type":"Point","coordinates":[53.3606,23.41285]}},{"type":"Feature","properties":{"i":0.04},"geometry":{"type":"Point","coordinates":[53.38257,23.41285]}},{"type":"Feature","properties":{"i":0.21},"geometry":{"type":"Point","coordinates":[53.82202,24.51714]}},{"type":"Feature","properties":{"i":0.02},"geometry":{"type":"Point","coordinates":[53.93188,24.51714]}},{"type":"Feature","properties":{"i":0.22},"geometry":{"type":"Point","coordinates":[53.95386,24.51714]}},{"type":"Feature","properties":{"i":0.56},"geometry":{"type":"Point","coordinates":[53.97583,24.51714]}},{"type":"Feature","properties":{"i":1},"geometry":{"type":"Point","coordinates":[53.9978,24.51714]}},{"type":"Feature","properties":{"i":1},"geometry":{"type":"Point","coordinates":[54.01978,24.51714]}},{"type":"Feature","properties":{"i":1},"geometry":{"type":"Point","coordinates":[54.04175,24.51714]}},{"type":"Feature","properties":{"i":0.53},"geometry":{"type":"Point","coordinates":[54.06372,24.51714]}},{"type":"Feature","properties":{"i":0.25},"geometry":{"type":"Point","coordinates":[54.08569,24.51714]}},{"type":"Feature","properties":{"i":0.05},"geometry":{"type":"Point","coordinates":[54.10767,24.51714]}},{"type":"Feature","properties":{"i":0.48},"geometry":{"type":"Point","coordinates":[54.12964,24.51714]}},{"type":"Feature","properties":{"i":0.04},"geometry":{"type":"Point","coordinates":[54.26147,24.51714]}},{"type":"Feature","properties":{"i":0.12},"geometry":{"type":"Point","coordinates":[54.28345,24.51714]}},{"type":"Feature","properties":{"i":0.26},"geometry":{"type":"Point","coordinates":[54.30542,24.51714]}},{"type":"Feature","properties":{"i":0.42},"geometry":{"type":"Point","coordinates":[54.32739,24.51714]}},{"type":"Feature","properties":{"i":1},"geometry":{"type":"Point","coordinates":[54.34937,24.51714]}},{"type":"Feature","properties":{"i":1},"geometry":{"type":"Point","coordinates":[54.37134,24.51714]}},{"type":"Feature","properties":{"i":1},"geometry":{"type":"Point","coordinates":[54.39331,24.51714]}},{"type":"Feature","properties":{"i":1},"geometry":{"type":"Point","coordinates":[54.41528,24.51714]}},{"type":"Feature","properties":{"i":1},"geometry":{"type":"Point","coordinates":[54.43726,24.51714]}},{"type":"Feature","properties":{"i":1},"geometry":{"type":"Point","coordinates":[54.45923,24.51714]}},{"type":"Feature","properties":{"i":1},"geometry":{"type":"Point","coordinates":[54.4812,24.51714]}},{"type":"Feature","properties":{"i":1},"geometry":{"type":"Point","coordinates":[54.50317,24.51714]}},{"type":"Feature","properties":{"i":1},"geometry":{"type":"Point","coordinates":[54.52515,24.51714]}},{"type":"Feature","properties":{"i":1},"geometry":{"type":"Point","coordinates":[54.54712,24.51714]}},{"type":"Feature","properties":{"i":0.67},"geometry":{"type":"Point","coordinates":[54.56909,24.51714]}},{"type":"Feature","properties":{"i":0.75},"geometry":{"type":"Point","coordinates":[54.59106,24.51714]}},{"type":"Feature","properties":{"i":1},"geometry":{"type":"Point","coordinates":[54.61304,24.51714]}},{"type":"Feature","properties":{"i":1},"geometry":{"type":"Point","coordinates":[54.63501,24.51714]}},{"type":"Feature","properties":{"i":1},"geometry":{"type":"Point","coordinates":[54.65698,24.51714]}},{"type":"Feature","properties":{"i":1},"geometry":{"type":"Point","coordinates":[54.67896,24.51714]}},{"type":"Feature","properties":{"i":1},"geometry":{"type":"Point","coordinates":[54.70093,24.51714]}},{"type":"Feature","properties":{"i":0.75},"geometry":{"type":"Point","coordinates":[54.7229,24.51714]}},{"type":"Feature","properties":{"i":1},"geometry":{"type":"Point","coordinates":[54.74487,24.51714]}},{"type":"Feature","properties":{"i":0.68},"geometry":{"type":"Point","coordinates":[54.76685,24.51714]}},{"type":"Feature","properties":{"i":0.94},"geometry":{"type":"Point","coordinates":[54.78882,24.51714]}},{"type":"Feature","properties":{"i":0.53},"geometry":{"type":"Point","coordinates":[54.81079,24.51714]}},{"type":"Feature","properties":{"i":0.3},"geometry":{"type":"Point","coordinates":[54.83276,24.51714]}},{"type":"Feature","properties":{"i":0.19},"geometry":{"type":"Point","coordinates":[53.69019,24.49715]}},{"type":"Feature","properties":{"i":0.19},"geometry":{"type":"Point","coordinates":[53.71216,24.49715]}},{"type":"Feature","properties":{"i":0.11},"geometry":{"type":"Point","coordinates":[53.95386,24.49715]}},{"type":"Feature","properties":{"i":0.42},"geometry":{"type":"Point","coordinates":[53.97583,24.49715]}},{"type":"Feature","properties":{"i":1},"geometry":{"type":"Point","coordinates":[53.9978,24.49715]}},{"type":"Feature","properties":{"i":1},"geometry":{"type":"Point","coordinates":[54.01978,24.49715]}},{"type":"Feature","properties":{"i":1},"geometry":{"type":"Point","coordinates":[54.04175,24.49715]}},{"type":"Feature","properties":{"i":0.56},"geometry":{"type":"Point","coordinates":[54.06372,24.49715]}},{"type":"Feature","properties":{"i":0.27},"geometry":{"type":"Point","coordinates":[54.08569,24.49715]}},{"type":"Feature","properties":{"i":0.13},"geometry":{"type":"Point","coordinates":[54.10767,24.49715]}},{"type":"Feature","properties":{"i":0.02},"geometry":{"type":"Point","coordinates":[54.12964,24.49715]}},{"type":"Feature","properties":{"i":0.21},"geometry":{"type":"Point","coordinates":[54.2395,24.49715]}},{"type":"Feature","properties":{"i":0.19},"geometry":{"type":"Point","coordinates":[54.26147,24.49715]}},{"type":"Feature","properties":{"i":0.26},"geometry":{"type":"Point","coordinates":[54.28345,24.49715]}},{"type":"Feature","properties":{"i":0.47},"geometry":{"type":"Point","coordinates":[54.30542,24.49715]}},{"type":"Feature","properties":{"i":0.74},"geometry":{"type":"Point","coordinates":[54.32739,24.49715]}},{"type":"Feature","properties":{"i":1},"geometry":{"type":"Point","coordinates":[54.34937,24.49715]}},{"type":"Feature","properties":{"i":1},"geometry":{"type":"Point","coordinates":[54.37134,24.49715]}},{"type":"Feature","properties":{"i":1},"geometry":{"type":"Point","coordinates":[54.39331,24.49715]}},{"type":"Feature","properties":{"i":1},"geometry":{"type":"Point","coordinates":[54.41528,24.49715]}},{"type":"Feature","properties":{"i":0.91},"geometry":{"type":"Point","coordinates":[54.43726,24.49715]}},{"type":"Feature","properties":{"i":0.99},"geometry":{"type":"Point","coordinates":[54.45923,24.49715]}},{"type":"Feature","properties":{"i":0.99},"geometry":{"type":"Point","coordinates":[54.4812,24.49715]}},{"type":"Feature","properties":{"i":0.67},"geometry":{"type":"Point","coordinates":[54.50317,24.49715]}},{"type":"Feature","properties":{"i":0.67},"geometry":{"type":"Point","coordinates":[54.52515,24.49715]}},{"type":"Feature","properties":{"i":1},"geometry":{"type":"Point","coordinates":[54.54712,24.49715]}},{"type":"Feature","properties":{"i":1},"geometry":{"type":"Point","coordinates":[54.56909,24.49715]}},{"type":"Feature","properties":{"i":1},"geometry":{"type":"Point","coordinates":[54.59106,24.49715]}},{"type":"Feature","properties":{"i":1},"geometry":{"type":"Point","coordinates":[54.61304,24.49715]}},{"type":"Feature","properties":{"i":1},"geometry":{"type":"Point","coordinates":[54.63501,24.49715]}},{"type":"Feature","properties":{"i":1},"geometry":{"type":"Point","coordinates":[54.65698,24.49715]}},{"type":"Feature","properties":{"i":0.88},"geometry":{"type":"Point","coordinates":[54.67896,24.49715]}},{"type":"Feature","properties":{"i":0.62},"geometry":{"type":"Point","coordinates":[54.70093,24.49715]}},{"type":"Feature","properties":{"i":0.84},"geometry":{"type":"Point","coordinates":[54.7229,24.49715]}},{"type":"Feature","properties":{"i":1},"geometry":{"type":"Point","coordinates":[54.74487,24.49715]}},{"type":"Feature","properties":{"i":1},"geometry":{"type":"Point","coordinates":[54.76685,24.49715]}},{"type":"Feature","properties":{"i":0.75},"geometry":{"type":"Point","coordinates":[54.78882,24.49715]}},{"type":"Feature","properties":{"i":0.35},"geometry":{"type":"Point","coordinates":[54.81079,24.49715]}},{"type":"Feature","properties":{"i":0.54},"geometry":{"type":"Point","coordinates":[54.83276,24.49715]}},{"type":"Feature","properties":{"i":0.03},"geometry":{"type":"Point","coordinates":[53.95386,24.47715]}},{"type":"Feature","properties":{"i":0.24},"geometry":{"type":"Point","coordinates":[53.97583,24.47715]}},{"type":"Feature","properties":{"i":0.28},"geometry":{"type":"Point","coordinates":[53.9978,24.47715]}},{"type":"Feature","properties":{"i":0.47},"geometry":{"type":"Point","coordinates":[54.01978,24.47715]}},{"type":"Feature","properties":{"i":0.45},"geometry":{"type":"Point","coordinates":[54.04175,24.47715]}},{"type":"Feature","properties":{"i":0.26},"geometry":{"type":"Point","coordinates":[54.06372,24.47715]}},{"type":"Feature","properties":{"i":0.51},"geometry":{"type":"Point","coordinates":[54.08569,24.47715]}},{"type":"Feature","properties":{"i":0.05},"geometry":{"type":"Point","coordinates":[54.10767,24.47715]}},{"type":"Feature","properties":{"i":0.02},"geometry":{"type":"Point","coordinates":[54.12964,24.47715]}},{"type":"Feature","properties":{"i":0.04},"geometry":{"type":"Point","coordinates":[54.2395,24.47715]}},{"type":"Feature","properties":{"i":0.17},"geometry":{"type":"Point","coordinates":[54.26147,24.47715]}},{"type":"Feature","properties":{"i":0.53},"geometry":{"type":"Point","coordinates":[54.28345,24.47715]}},{"type":"Feature","properties":{"i":0.89},"geometry":{"type":"Point","coordinates":[54.30542,24.47715]}},{"type":"Feature","properties":{"i":1},"geometry":{"type":"Point","coordinates":[54.32739,24.47715]}},{"type":"Feature","properties":{"i":1},"geometry":{"type":"Point","coordinates":[54.34937,24.47715]}},{"type":"Feature","properties":{"i":1},"geometry":{"type":"Point","coordinates":[54.37134,24.47715]}},{"type":"Feature","properties":{"i":1},"geometry":{"type":"Point","coordinates":[54.39331,24.47715]}},{"type":"Feature","properties":{"i":1},"geometry":{"type":"Point","coordinates":[54.41528,24.47715]}},{"type":"Feature","properties":{"i":0.85},"geometry":{"type":"Point","coordinates":[54.43726,24.47715]}},{"type":"Feature","properties":{"i":1},"geometry":{"type":"Point","coordinates":[54.45923,24.47715]}},{"type":"Feature","properties":{"i":0.69},"geometry":{"type":"Point","coordinates":[54.4812,24.47715]}},{"type":"Feature","properties":{"i":0.47},"geometry":{"type":"Point","coordinates":[54.50317,24.47715]}},{"type":"Feature","properties":{"i":0.39},"geometry":{"type":"Point","coordinates":[54.52515,24.47715]}},{"type":"Feature","properties":{"i":0.44},"geometry":{"type":"Point","coordinates":[54.54712,24.47715]}},{"type":"Feature","properties":{"i":0.61},"geometry":{"type":"Point","coordinates":[54.56909,24.47715]}},{"type":"Feature","properties":{"i":1},"geometry":{"type":"Point","coordinates":[54.59106,24.47715]}},{"type":"Feature","properties":{"i":1},"geometry":{"type":"Point","coordinates":[54.61304,24.47715]}},{"type":"Feature","properties":{"i":1},"geometry":{"type":"Point","coordinates":[54.63501,24.47715]}},{"type":"Feature","properties":{"i":1},"geometry":{"type":"Point","coordinates":[54.65698,24.47715]}},{"type":"Feature","properties":{"i":1},"geometry":{"type":"Point","coordinates":[54.67896,24.47715]}},{"type":"Feature","properties":{"i":1},"geometry":{"type":"Point","coordinates":[54.70093,24.47715]}},{"type":"Feature","properties":{"i":0.79},"geometry":{"type":"Point","coordinates":[54.7229,24.47715]}},{"type":"Feature","properties":{"i":1},"geometry":{"type":"Point","coordinates":[54.74487,24.47715]}},{"type":"Feature","properties":{"i":0.8},"geometry":{"type":"Point","coordinates":[54.76685,24.47715]}},{"type":"Feature","properties":{"i":0.4},"geometry":{"type":"Point","coordinates":[54.78882,24.47715]}},{"type":"Feature","properties":{"i":0.27},"geometry":{"type":"Point","coordinates":[54.81079,24.47715]}},{"type":"Feature","properties":{"i":0.59},"geometry":{"type":"Point","coordinates":[54.83276,24.47715]}},{"type":"Feature","properties":{"i":0.05},"geometry":{"type":"Point","coordinates":[53.9978,24.45715]}},{"type":"Feature","properties":{"i":0.05},"geometry":{"type":"Point","coordinates":[54.01978,24.45715]}},{"type":"Feature","properties":{"i":0.14},"geometry":{"type":"Point","coordinates":[54.04175,24.45715]}},{"type":"Feature","properties":{"i":0.08},"geometry":{"type":"Point","coordinates":[54.06372,24.45715]}},{"type":"Feature","properties":{"i":0.05},"geometry":{"type":"Point","coordinates":[54.08569,24.45715]}},{"type":"Feature","properties":{"i":0.05},"geometry":{"type":"Point","coordinates":[54.2395,24.45715]}},{"type":"Feature","properties":{"i":0.17},"geometry":{"type":"Point","coordinates":[54.26147,24.45715]}},{"type":"Feature","properties":{"i":0.55},"geometry":{"type":"Point","coordinates":[54.28345,24.45715]}},{"type":"Feature","properties":{"i":1},"geometry":{"type":"Point","coordinates":[54.30542,24.45715]}},{"type":"Feature","properties":{"i":1},"geometry":{"type":"Point","coordinates":[54.32739,24.45715]}},{"type":"Feature","properties":{"i":1},"geometry":{"type":"Point","coordinates":[54.34937,24.45715]}},{"type":"Feature","properties":{"i":1},"geometry":{"type":"Point","coordinates":[54.37134,24.45715]}},{"type":"Feature","properties":{"i":1},"geometry":{"type":"Point","coordinates":[54.39331,24.45715]}},{"type":"Feature","properties":{"i":1},"geometry":{"type":"Point","coordinates":[54.41528,24.45715]}},{"type":"Feature","properties":{"i":0.93},"geometry":{"type":"Point","coordinates":[54.43726,24.45715]}},{"type":"Feature","properties":{"i":0.97},"geometry":{"type":"Point","coordinates":[54.45923,24.45715]}},{"type":"Feature","properties":{"i":0.99},"geometry":{"type":"Point","coordinates":[54.4812,24.45715]}},{"type":"Feature","properties":{"i":0.77},"geometry":{"type":"Point","coordinates":[54.50317,24.45715]}},{"type":"Feature","properties":{"i":0.49},"geometry":{"type":"Point","coordinates":[54.52515,24.45715]}},{"type":"Feature","properties":{"i":0.53},"geometry":{"type":"Point","coordinates":[54.54712,24.45715]}},{"type":"Feature","properties":{"i":0.72},"geometry":{"type":"Point","coordinates":[54.56909,24.45715]}},{"type":"Feature","properties":{"i":1},"geometry":{"type":"Point","coordinates":[54.59106,24.45715]}},{"type":"Feature","properties":{"i":1},"geometry":{"type":"Point","coordinates":[54.61304,24.45715]}},{"type":"Feature","properties":{"i":1},"geometry":{"type":"Point","coordinates":[54.63501,24.45715]}},{"type":"Feature","properties":{"i":1},"geometry":{"type":"Point","coordinates":[54.65698,24.45715]}},{"type":"Feature","properties":{"i":1},"geometry":{"type":"Point","coordinates":[54.67896,24.45715]}},{"type":"Feature","properties":{"i":1},"geometry":{"type":"Point","coordinates":[54.70093,24.45715]}},{"type":"Feature","properties":{"i":1},"geometry":{"type":"Point","coordinates":[54.7229,24.45715]}},{"type":"Feature","properties":{"i":1},"geometry":{"type":"Point","coordinates":[54.74487,24.45715]}},{"type":"Feature","properties":{"i":0.83},"geometry":{"type":"Point","coordinates":[54.76685,24.45715]}},{"type":"Feature","properties":{"i":0.45},"geometry":{"type":"Point","coordinates":[54.78882,24.45715]}},{"type":"Feature","properties":{"i":0.45},"geometry":{"type":"Point","coordinates":[54.81079,24.45715]}},{"type":"Feature","properties":{"i":0.84},"geometry":{"type":"Point","coordinates":[54.83276,24.45715]}},{"type":"Feature","properties":{"i":0.05},"geometry":{"type":"Point","coordinates":[54.2395,24.43715]}},{"type":"Feature","properties":{"i":0.6},"geometry":{"type":"Point","coordinates":[54.26147,24.43715]}},{"type":"Feature","properties":{"i":0.51},"geometry":{"type":"Point","coordinates":[54.28345,24.43715]}},{"type":"Feature","properties":{"i":1},"geometry":{"type":"Point","coordinates":[54.30542,24.43715]}},{"type":"Feature","properties":{"i":0.85},"geometry":{"type":"Point","coordinates":[54.32739,24.43715]}},{"type":"Feature","properties":{"i":1},"geometry":{"type":"Point","coordinates":[54.34937,24.43715]}},{"type":"Feature","properties":{"i":1},"geometry":{"type":"Point","coordinates":[54.37134,24.43715]}},{"type":"Feature","properties":{"i":1},"geometry":{"type":"Point","coordinates":[54.39331,24.43715]}},{"type":"Feature","properties":{"i":1},"geometry":{"type":"Point","coordinates":[54.41528,24.43715]}},{"type":"Feature","properties":{"i":1},"geometry":{"type":"Point","coordinates":[54.43726,24.43715]}},{"type":"Feature","properties":{"i":1},"geometry":{"type":"Point","coordinates":[54.45923,24.43715]}},{"type":"Feature","properties":{"i":1},"geometry":{"type":"Point","coordinates":[54.4812,24.43715]}},{"type":"Feature","properties":{"i":1},"geometry":{"type":"Point","coordinates":[54.50317,24.43715]}},{"type":"Feature","properties":{"i":0.72},"geometry":{"type":"Point","coordinates":[54.52515,24.43715]}},{"type":"Feature","properties":{"i":0.83},"geometry":{"type":"Point","coordinates":[54.54712,24.43715]}},{"type":"Feature","properties":{"i":1},"geometry":{"type":"Point","coordinates":[54.56909,24.43715]}},{"type":"Feature","properties":{"i":1},"geometry":{"type":"Point","coordinates":[54.59106,24.43715]}},{"type":"Feature","properties":{"i":1},"geometry":{"type":"Point","coordinates":[54.61304,24.43715]}},{"type":"Feature","properties":{"i":1},"geometry":{"type":"Point","coordinates":[54.63501,24.43715]}},{"type":"Feature","properties":{"i":1},"geometry":{"type":"Point","coordinates":[54.65698,24.43715]}},{"type":"Feature","properties":{"i":1},"geometry":{"type":"Point","coordinates":[54.67896,24.43715]}},{"type":"Feature","properties":{"i":1},"geometry":{"type":"Point","coordinates":[54.70093,24.43715]}},{"type":"Feature","properties":{"i":1},"geometry":{"type":"Point","coordinates":[54.7229,24.43715]}},{"type":"Feature","properties":{"i":1},"geometry":{"type":"Point","coordinates":[54.74487,24.43715]}},{"type":"Feature","properties":{"i":1},"geometry":{"type":"Point","coordinates":[54.76685,24.43715]}},{"type":"Feature","properties":{"i":0.6},"geometry":{"type":"Point","coordinates":[54.78882,24.43715]}},{"type":"Feature","properties":{"i":0.92},"geometry":{"type":"Point","coordinates":[54.81079,24.43715]}},{"type":"Feature","properties":{"i":1},"geometry":{"type":"Point","coordinates":[54.83276,24.43715]}},{"type":"Feature","properties":{"i":0.04},"geometry":{"type":"Point","coordinates":[54.21753,24.41714]}},{"type":"Feature","properties":{"i":0.22},"geometry":{"type":"Point","coordinates":[54.2395,24.41714]}},{"type":"Feature","properties":{"i":0.09},"geometry":{"type":"Point","coordinates":[54.26147,24.41714]}},{"type":"Feature","properties":{"i":0.25},"geometry":{"type":"Point","coordinates":[54.28345,24.41714]}},{"type":"Feature","properties":{"i":0.4},"geometry":{"type":"Point","coordinates":[54.30542,24.41714]}},{"type":"Feature","properties":{"i":1},"geometry":{"type":"Point","coordinates":[54.32739,24.41714]}},{"type":"Feature","properties":{"i":1},"geometry":{"type":"Point","coordinates":[54.34937,24.41714]}},{"type":"Feature","properties":{"i":1},"geometry":{"type":"Point","coordinates":[54.37134,24.41714]}},{"type":"Feature","properties":{"i":1},"geometry":{"type":"Point","coordinates":[54.39331,24.41714]}},{"type":"Feature","properties":{"i":1},"geometry":{"type":"Point","coordinates":[54.41528,24.41714]}},{"type":"Feature","properties":{"i":1},"geometry":{"type":"Point","coordinates":[54.43726,24.41714]}},{"type":"Feature","properties":{"i":1},"geometry":{"type":"Point","coordinates":[54.45923,24.41714]}},{"type":"Feature","properties":{"i":1},"geometry":{"type":"Point","coordinates":[54.4812,24.41714]}},{"type":"Feature","properties":{"i":1},"geometry":{"type":"Point","coordinates":[54.50317,24.41714]}},{"type":"Feature","properties":{"i":1},"geometry":{"type":"Point","coordinates":[54.52515,24.41714]}},{"type":"Feature","properties":{"i":1},"geometry":{"type":"Point","coordinates":[54.54712,24.41714]}},{"type":"Feature","properties":{"i":1},"geometry":{"type":"Point","coordinates":[54.56909,24.41714]}},{"type":"Feature","properties":{"i":1},"geometry":{"type":"Point","coordinates":[54.59106,24.41714]}},{"type":"Feature","properties":{"i":1},"geometry":{"type":"Point","coordinates":[54.61304,24.41714]}},{"type":"Feature","properties":{"i":1},"geometry":{"type":"Point","coordinates":[54.63501,24.41714]}},{"type":"Feature","properties":{"i":1},"geometry":{"type":"Point","coordinates":[54.65698,24.41714]}},{"type":"Feature","properties":{"i":1},"geometry":{"type":"Point","coordinates":[54.67896,24.41714]}},{"type":"Feature","properties":{"i":1},"geometry":{"type":"Point","coordinates":[54.70093,24.41714]}},{"type":"Feature","properties":{"i":1},"geometry":{"type":"Point","coordinates":[54.7229,24.41714]}},{"type":"Feature","properties":{"i":1},"geometry":{"type":"Point","coordinates":[54.74487,24.41714]}},{"type":"Feature","properties":{"i":1},"geometry":{"type":"Point","coordinates":[54.76685,24.41714]}},{"type":"Feature","properties":{"i":1},"geometry":{"type":"Point","coordinates":[54.78882,24.41714]}},{"type":"Feature","properties":{"i":0.8},"geometry":{"type":"Point","coordinates":[54.81079,24.41714]}},{"type":"Feature","properties":{"i":0.97},"geometry":{"type":"Point","coordinates":[54.83276,24.41714]}},{"type":"Feature","properties":{"i":0.33},"geometry":{"type":"Point","coordinates":[54.21753,24.39713]}},{"type":"Feature","properties":{"i":0.05},"geometry":{"type":"Point","coordinates":[54.2395,24.39713]}},{"type":"Feature","properties":{"i":0.1},"geometry":{"type":"Point","coordinates":[54.26147,24.39713]}},{"type":"Feature","properties":{"i":0.12},"geometry":{"type":"Point","coordinates":[54.28345,24.39713]}},{"type":"Feature","properties":{"i":0.3},"geometry":{"type":"Point","coordinates":[54.30542,24.39713]}},{"type":"Feature","properties":{"i":0.47},"geometry":{"type":"Point","coordinates":[54.32739,24.39713]}},{"type":"Feature","properties":{"i":0.75},"geometry":{"type":"Point","coordinates":[54.34937,24.39713]}},{"type":"Feature","properties":{"i":0.82},"geometry":{"type":"Point","coordinates":[54.37134,24.39713]}},{"type":"Feature","properties":{"i":1},"geometry":{"type":"Point","coordinates":[54.39331,24.39713]}},{"type":"Feature","properties":{"i":0.85},"geometry":{"type":"Point","coordinates":[54.41528,24.39713]}},{"type":"Feature","properties":{"i":0.96},"geometry":{"type":"Point","coordinates":[54.43726,24.39713]}},{"type":"Feature","properties":{"i":1},"geometry":{"type":"Point","coordinates":[54.45923,24.39713]}},{"type":"Feature","properties":{"i":1},"geometry":{"type":"Point","coordinates":[54.4812,24.39713]}},{"type":"Feature","properties":{"i":1},"geometry":{"type":"Point","coordinates":[54.50317,24.39713]}},{"type":"Feature","properties":{"i":1},"geometry":{"type":"Point","coordinates":[54.52515,24.39713]}},{"type":"Feature","properties":{"i":1},"geometry":{"type":"Point","coordinates":[54.54712,24.39713]}},{"type":"Feature","properties":{"i":1},"geometry":{"type":"Point","coordinates":[54.56909,24.39713]}},{"type":"Feature","properties":{"i":1},"geometry":{"type":"Point","coordinates":[54.59106,24.39713]}},{"type":"Feature","properties":{"i":1},"geometry":{"type":"Point","coordinates":[54.61304,24.39713]}},{"type":"Feature","properties":{"i":1},"geometry":{"type":"Point","coordinates":[54.63501,24.39713]}},{"type":"Feature","properties":{"i":1},"geometry":{"type":"Point","coordinates":[54.65698,24.39713]}},{"type":"Feature","properties":{"i":1},"geometry":{"type":"Point","coordinates":[54.67896,24.39713]}},{"type":"Feature","properties":{"i":1},"geometry":{"type":"Point","coordinates":[54.70093,24.39713]}},{"type":"Feature","properties":{"i":1},"geometry":{"type":"Point","coordinates":[54.7229,24.39713]}},{"type":"Feature","properties":{"i":1},"geometry":{"type":"Point","coordinates":[54.74487,24.39713]}},{"type":"Feature","properties":{"i":1},"geometry":{"type":"Point","coordinates":[54.76685,24.39713]}},{"type":"Feature","properties":{"i":0.8},"geometry":{"type":"Point","coordinates":[54.78882,24.39713]}},{"type":"Feature","properties":{"i":0.8},"geometry":{"type":"Point","coordinates":[54.81079,24.39713]}},{"type":"Feature","properties":{"i":0.82},"geometry":{"type":"Point","coordinates":[54.83276,24.39713]}},{"type":"Feature","properties":{"i":0.46},"geometry":{"type":"Point","coordinates":[54.21753,24.37712]}},{"type":"Feature","properties":{"i":0.02},"geometry":{"type":"Point","coordinates":[54.2395,24.37712]}},{"type":"Feature","properties":{"i":0.02},"geometry":{"type":"Point","coordinates":[54.26147,24.37712]}},{"type":"Feature","properties":{"i":0.08},"geometry":{"type":"Point","coordinates":[54.28345,24.37712]}},{"type":"Feature","properties":{"i":0.16},"geometry":{"type":"Point","coordinates":[54.30542,24.37712]}},{"type":"Feature","properties":{"i":0.27},"geometry":{"type":"Point","coordinates":[54.32739,24.37712]}},{"type":"Feature","properties":{"i":0.36},"geometry":{"type":"Point","coordinates":[54.34937,24.37712]}},{"type":"Feature","properties":{"i":0.85},"geometry":{"type":"Point","coordinates":[54.37134,24.37712]}},{"type":"Feature","properties":{"i":1},"geometry":{"type":"Point","coordinates":[54.39331,24.37712]}},{"type":"Feature","properties":{"i":1},"geometry":{"type":"Point","coordinates":[54.41528,24.37712]}},{"type":"Feature","properties":{"i":0.99},"geometry":{"type":"Point","coordinates":[54.43726,24.37712]}},{"type":"Feature","properties":{"i":1},"geometry":{"type":"Point","coordinates":[54.45923,24.37712]}},{"type":"Feature","properties":{"i":1},"geometry":{"type":"Point","coordinates":[54.4812,24.37712]}},{"type":"Feature","properties":{"i":1},"geometry":{"type":"Point","coordinates":[54.50317,24.37712]}},{"type":"Feature","properties":{"i":1},"geometry":{"type":"Point","coordinates":[54.52515,24.37712]}},{"type":"Feature","properties":{"i":1},"geometry":{"type":"Point","coordinates":[54.54712,24.37712]}},{"type":"Feature","properties":{"i":1},"geometry":{"type":"Point","coordinates":[54.56909,24.37712]}},{"type":"Feature","properties":{"i":1},"geometry":{"type":"Point","coordinates":[54.59106,24.37712]}},{"type":"Feature","properties":{"i":1},"geometry":{"type":"Point","coordinates":[54.61304,24.37712]}},{"type":"Feature","properties":{"i":1},"geometry":{"type":"Point","coordinates":[54.63501,24.37712]}},{"type":"Feature","properties":{"i":1},"geometry":{"type":"Point","coordinates":[54.65698,24.37712]}},{"type":"Feature","properties":{"i":1},"geometry":{"type":"Point","coordinates":[54.67896,24.37712]}},{"type":"Feature","properties":{"i":1},"geometry":{"type":"Point","coordinates":[54.70093,24.37712]}},{"type":"Feature","properties":{"i":1},"geometry":{"type":"Point","coordinates":[54.7229,24.37712]}},{"type":"Feature","properties":{"i":1},"geometry":{"type":"Point","coordinates":[54.74487,24.37712]}},{"type":"Feature","properties":{"i":1},"geometry":{"type":"Point","coordinates":[54.76685,24.37712]}},{"type":"Feature","properties":{"i":1},"geometry":{"type":"Point","coordinates":[54.78882,24.37712]}},{"type":"Feature","properties":{"i":0.59},"geometry":{"type":"Point","coordinates":[54.81079,24.37712]}},{"type":"Feature","properties":{"i":1},"geometry":{"type":"Point","coordinates":[54.83276,24.37712]}},{"type":"Feature","properties":{"i":0.25},"geometry":{"type":"Point","coordinates":[54.19556,24.35711]}},{"type":"Feature","properties":{"i":0.09},"geometry":{"type":"Point","coordinates":[54.21753,24.35711]}},{"type":"Feature","properties":{"i":0.04},"geometry":{"type":"Point","coordinates":[54.28345,24.35711]}},{"type":"Feature","properties":{"i":0.09},"geometry":{"type":"Point","coordinates":[54.30542,24.35711]}},{"type":"Feature","properties":{"i":0.19},"geometry":{"type":"Point","coordinates":[54.32739,24.35711]}},{"type":"Feature","properties":{"i":0.24},"geometry":{"type":"Point","coordinates":[54.34937,24.35711]}},{"type":"Feature","properties":{"i":0.35},"geometry":{"type":"Point","coordinates":[54.37134,24.35711]}},{"type":"Feature","properties":{"i":0.61},"geometry":{"type":"Point","coordinates":[54.39331,24.35711]}},{"type":"Feature","properties":{"i":0.81},"geometry":{"type":"Point","coordinates":[54.41528,24.35711]}},{"type":"Feature","properties":{"i":0.96},"geometry":{"type":"Point","coordinates":[54.43726,24.35711]}},{"type":"Feature","properties":{"i":1},"geometry":{"type":"Point","coordinates":[54.45923,24.35711]}},{"type":"Feature","properties":{"i":1},"geometry":{"type":"Point","coordinates":[54.4812,24.35711]}},{"type":"Feature","properties":{"i":1},"geometry":{"type":"Point","coordinates":[54.50317,24.35711]}},{"type":"Feature","properties":{"i":1},"geometry":{"type":"Point","coordinates":[54.52515,24.35711]}},{"type":"Feature","properties":{"i":1},"geometry":{"type":"Point","coordinates":[54.54712,24.35711]}},{"type":"Feature","properties":{"i":1},"geometry":{"type":"Point","coordinates":[54.56909,24.35711]}},{"type":"Feature","properties":{"i":1},"geometry":{"type":"Point","coordinates":[54.59106,24.35711]}},{"type":"Feature","properties":{"i":1},"geometry":{"type":"Point","coordinates":[54.61304,24.35711]}},{"type":"Feature","properties":{"i":1},"geometry":{"type":"Point","coordinates":[54.63501,24.35711]}},{"type":"Feature","properties":{"i":1},"geometry":{"type":"Point","coordinates":[54.65698,24.35711]}},{"type":"Feature","properties":{"i":1},"geometry":{"type":"Point","coordinates":[54.67896,24.35711]}},{"type":"Feature","properties":{"i":1},"geometry":{"type":"Point","coordinates":[54.70093,24.35711]}},{"type":"Feature","properties":{"i":1},"geometry":{"type":"Point","coordinates":[54.7229,24.35711]}},{"type":"Feature","properties":{"i":1},"geometry":{"type":"Point","coordinates":[54.74487,24.35711]}},{"type":"Feature","properties":{"i":1},"geometry":{"type":"Point","coordinates":[54.76685,24.35711]}},{"type":"Feature","properties":{"i":1},"geometry":{"type":"Point","coordinates":[54.78882,24.35711]}},{"type":"Feature","properties":{"i":0.67},"geometry":{"type":"Point","coordinates":[54.81079,24.35711]}},{"type":"Feature","properties":{"i":1},"geometry":{"type":"Point","coordinates":[54.83276,24.35711]}},{"type":"Feature","properties":{"i":0.11},"geometry":{"type":"Point","coordinates":[54.15161,24.33709]}},{"type":"Feature","properties":{"i":0.07},"geometry":{"type":"Point","coordinates":[54.30542,24.33709]}},{"type":"Feature","properties":{"i":0.1},"geometry":{"type":"Point","coordinates":[54.32739,24.33709]}},{"type":"Feature","properties":{"i":0.19},"geometry":{"type":"Point","coordinates":[54.34937,24.33709]}},{"type":"Feature","properties":{"i":0.25},"geometry":{"type":"Point","coordinates":[54.37134,24.33709]}},{"type":"Feature","properties":{"i":0.38},"geometry":{"type":"Point","coordinates":[54.39331,24.33709]}},{"type":"Feature","properties":{"i":0.51},"geometry":{"type":"Point","coordinates":[54.41528,24.33709]}},{"type":"Feature","properties":{"i":0.85},"geometry":{"type":"Point","coordinates":[54.43726,24.33709]}},{"type":"Feature","properties":{"i":1},"geometry":{"type":"Point","coordinates":[54.45923,24.33709]}},{"type":"Feature","properties":{"i":1},"geometry":{"type":"Point","coordinates":[54.4812,24.33709]}},{"type":"Feature","properties":{"i":1},"geometry":{"type":"Point","coordinates":[54.50317,24.33709]}},{"type":"Feature","properties":{"i":1},"geometry":{"type":"Point","coordinates":[54.52515,24.33709]}},{"type":"Feature","properties":{"i":1},"geometry":{"type":"Point","coordinates":[54.54712,24.33709]}},{"type":"Feature","properties":{"i":1},"geometry":{"type":"Point","coordinates":[54.56909,24.33709]}},{"type":"Feature","properties":{"i":1},"geometry":{"type":"Point","coordinates":[54.59106,24.33709]}},{"type":"Feature","properties":{"i":1},"geometry":{"type":"Point","coordinates":[54.61304,24.33709]}},{"type":"Feature","properties":{"i":1},"geometry":{"type":"Point","coordinates":[54.63501,24.33709]}},{"type":"Feature","properties":{"i":1},"geometry":{"type":"Point","coordinates":[54.65698,24.33709]}},{"type":"Feature","properties":{"i":1},"geometry":{"type":"Point","coordinates":[54.67896,24.33709]}},{"type":"Feature","properties":{"i":1},"geometry":{"type":"Point","coordinates":[54.70093,24.33709]}},{"type":"Feature","properties":{"i":1},"geometry":{"type":"Point","coordinates":[54.7229,24.33709]}},{"type":"Feature","properties":{"i":1},"geometry":{"type":"Point","coordinates":[54.74487,24.33709]}},{"type":"Feature","properties":{"i":1},"geometry":{"type":"Point","coordinates":[54.76685,24.33709]}},{"type":"Feature","properties":{"i":1},"geometry":{"type":"Point","coordinates":[54.78882,24.33709]}},{"type":"Feature","properties":{"i":0.61},"geometry":{"type":"Point","coordinates":[54.81079,24.33709]}},{"type":"Feature","properties":{"i":0.36},"geometry":{"type":"Point","coordinates":[54.83276,24.33709]}},{"type":"Feature","properties":{"i":0.11},"geometry":{"type":"Point","coordinates":[54.10767,24.31707]}},{"type":"Feature","properties":{"i":0.36},"geometry":{"type":"Point","coordinates":[54.15161,24.31707]}},{"type":"Feature","properties":{"i":0.09},"geometry":{"type":"Point","coordinates":[54.17358,24.31707]}},{"type":"Feature","properties":{"i":0.03},"geometry":{"type":"Point","coordinates":[54.30542,24.31707]}},{"type":"Feature","properties":{"i":0.09},"geometry":{"type":"Point","coordinates":[54.32739,24.31707]}},{"type":"Feature","properties":{"i":0.12},"geometry":{"type":"Point","coordinates":[54.34937,24.31707]}},{"type":"Feature","properties":{"i":0.37},"geometry":{"type":"Point","coordinates":[54.37134,24.31707]}},{"type":"Feature","properties":{"i":0.35},"geometry":{"type":"Point","coordinates":[54.39331,24.31707]}},{"type":"Feature","properties":{"i":0.64},"geometry":{"type":"Point","coordinates":[54.41528,24.31707]}},{"type":"Feature","properties":{"i":1},"geometry":{"type":"Point","coordinates":[54.43726,24.31707]}},{"type":"Feature","properties":{"i":1},"geometry":{"type":"Point","coordinates":[54.45923,24.31707]}},{"type":"Feature","properties":{"i":1},"geometry":{"type":"Point","coordinates":[54.4812,24.31707]}},{"type":"Feature","properties":{"i":1},"geometry":{"type":"Point","coordinates":[54.50317,24.31707]}},{"type":"Feature","properties":{"i":1},"geometry":{"type":"Point","coordinates":[54.52515,24.31707]}},{"type":"Feature","properties":{"i":1},"geometry":{"type":"Point","coordinates":[54.54712,24.31707]}},{"type":"Feature","properties":{"i":1},"geometry":{"type":"Point","coordinates":[54.56909,24.31707]}},{"type":"Feature","properties":{"i":1},"geometry":{"type":"Point","coordinates":[54.59106,24.31707]}},{"type":"Feature","properties":{"i":1},"geometry":{"type":"Point","coordinates":[54.61304,24.31707]}},{"type":"Feature","properties":{"i":1},"geometry":{"type":"Point","coordinates":[54.63501,24.31707]}},{"type":"Feature","properties":{"i":1},"geometry":{"type":"Point","coordinates":[54.65698,24.31707]}},{"type":"Feature","properties":{"i":1},"geometry":{"type":"Point","coordinates":[54.67896,24.31707]}},{"type":"Feature","properties":{"i":1},"geometry":{"type":"Point","coordinates":[54.70093,24.31707]}},{"type":"Feature","properties":{"i":1},"geometry":{"type":"Point","coordinates":[54.7229,24.31707]}},{"type":"Feature","properties":{"i":1},"geometry":{"type":"Point","coordinates":[54.74487,24.31707]}},{"type":"Feature","properties":{"i":1},"geometry":{"type":"Point","coordinates":[54.76685,24.31707]}},{"type":"Feature","properties":{"i":1},"geometry":{"type":"Point","coordinates":[54.78882,24.31707]}},{"type":"Feature","properties":{"i":0.61},"geometry":{"type":"Point","coordinates":[54.81079,24.31707]}},{"type":"Feature","properties":{"i":0.39},"geometry":{"type":"Point","coordinates":[54.83276,24.31707]}},{"type":"Feature","properties":{"i":0.75},"geometry":{"type":"Point","coordinates":[54.10767,24.29704]}},{"type":"Feature","properties":{"i":0.03},"geometry":{"type":"Point","coordinates":[54.12964,24.29704]}},{"type":"Feature","properties":{"i":0.36},"geometry":{"type":"Point","coordinates":[54.15161,24.29704]}},{"type":"Feature","properties":{"i":0.21},"geometry":{"type":"Point","coordinates":[54.17358,24.29704]}},{"type":"Feature","properties":{"i":0.05},"geometry":{"type":"Point","coordinates":[54.19556,24.29704]}},{"type":"Feature","properties":{"i":0.04},"geometry":{"type":"Point","coordinates":[54.32739,24.29704]}},{"type":"Feature","properties":{"i":0.09},"geometry":{"type":"Point","coordinates":[54.34937,24.29704]}},{"type":"Feature","properties":{"i":0.18},"geometry":{"type":"Point","coordinates":[54.37134,24.29704]}},{"type":"Feature","properties":{"i":0.33},"geometry":{"type":"Point","coordinates":[54.39331,24.29704]}},{"type":"Feature","properties":{"i":0.58},"geometry":{"type":"Point","coordinates":[54.41528,24.29704]}},{"type":"Feature","properties":{"i":1},"geometry":{"type":"Point","coordinates":[54.43726,24.29704]}},{"type":"Feature","properties":{"i":1},"geometry":{"type":"Point","coordinates":[54.45923,24.29704]}},{"type":"Feature","properties":{"i":1},"geometry":{"type":"Point","coordinates":[54.4812,24.29704]}},{"type":"Feature","properties":{"i":1},"geometry":{"type":"Point","coordinates":[54.50317,24.29704]}},{"type":"Feature","properties":{"i":1},"geometry":{"type":"Point","coordinates":[54.52515,24.29704]}},{"type":"Feature","properties":{"i":1},"geometry":{"type":"Point","coordinates":[54.54712,24.29704]}},{"type":"Feature","properties":{"i":1},"geometry":{"type":"Point","coordinates":[54.56909,24.29704]}},{"type":"Feature","properties":{"i":1},"geometry":{"type":"Point","coordinates":[54.59106,24.29704]}},{"type":"Feature","properties":{"i":1},"geometry":{"type":"Point","coordinates":[54.61304,24.29704]}},{"type":"Feature","properties":{"i":1},"geometry":{"type":"Point","coordinates":[54.63501,24.29704]}},{"type":"Feature","properties":{"i":1},"geometry":{"type":"Point","coordinates":[54.65698,24.29704]}},{"type":"Feature","properties":{"i":1},"geometry":{"type":"Point","coordinates":[54.67896,24.29704]}},{"type":"Feature","properties":{"i":1},"geometry":{"type":"Point","coordinates":[54.70093,24.29704]}},{"type":"Feature","properties":{"i":1},"geometry":{"type":"Point","coordinates":[54.7229,24.29704]}},{"type":"Feature","properties":{"i":1},"geometry":{"type":"Point","coordinates":[54.74487,24.29704]}},{"type":"Feature","properties":{"i":0.9},"geometry":{"type":"Point","coordinates":[54.76685,24.29704]}},{"type":"Feature","properties":{"i":0.59},"geometry":{"type":"Point","coordinates":[54.78882,24.29704]}},{"type":"Feature","properties":{"i":0.95},"geometry":{"type":"Point","coordinates":[54.81079,24.29704]}},{"type":"Feature","properties":{"i":1},"geometry":{"type":"Point","coordinates":[54.83276,24.29704]}},{"type":"Feature","properties":{"i":0.58},"geometry":{"type":"Point","coordinates":[53.9978,24.27701]}},{"type":"Feature","properties":{"i":0.53},"geometry":{"type":"Point","coordinates":[54.06372,24.27701]}},{"type":"Feature","properties":{"i":0.08},"geometry":{"type":"Point","coordinates":[54.15161,24.27701]}},{"type":"Feature","properties":{"i":0.12},"geometry":{"type":"Point","coordinates":[54.17358,24.27701]}},{"type":"Feature","properties":{"i":0.02},"geometry":{"type":"Point","coordinates":[54.32739,24.27701]}},{"type":"Feature","properties":{"i":0.1},"geometry":{"type":"Point","coordinates":[54.34937,24.27701]}},{"type":"Feature","properties":{"i":0.18},"geometry":{"type":"Point","coordinates":[54.37134,24.27701]}},{"type":"Feature","properties":{"i":0.32},"geometry":{"type":"Point","coordinates":[54.39331,24.27701]}},{"type":"Feature","properties":{"i":1},"geometry":{"type":"Point","coordinates":[54.41528,24.27701]}},{"type":"Feature","properties":{"i":1},"geometry":{"type":"Point","coordinates":[54.43726,24.27701]}},{"type":"Feature","properties":{"i":1},"geometry":{"type":"Point","coordinates":[54.45923,24.27701]}},{"type":"Feature","properties":{"i":1},"geometry":{"type":"Point","coordinates":[54.4812,24.27701]}},{"type":"Feature","properties":{"i":1},"geometry":{"type":"Point","coordinates":[54.50317,24.27701]}},{"type":"Feature","properties":{"i":0.96},"geometry":{"type":"Point","coordinates":[54.52515,24.27701]}},{"type":"Feature","properties":{"i":1},"geometry":{"type":"Point","coordinates":[54.54712,24.27701]}},{"type":"Feature","properties":{"i":1},"geometry":{"type":"Point","coordinates":[54.56909,24.27701]}},{"type":"Feature","properties":{"i":1},"geometry":{"type":"Point","coordinates":[54.59106,24.27701]}},{"type":"Feature","properties":{"i":1},"geometry":{"type":"Point","coordinates":[54.61304,24.27701]}},{"type":"Feature","properties":{"i":1},"geometry":{"type":"Point","coordinates":[54.63501,24.27701]}},{"type":"Feature","properties":{"i":1},"geometry":{"type":"Point","coordinates":[54.65698,24.27701]}},{"type":"Feature","properties":{"i":1},"geometry":{"type":"Point","coordinates":[54.67896,24.27701]}},{"type":"Feature","properties":{"i":1},"geometry":{"type":"Point","coordinates":[54.70093,24.27701]}},{"type":"Feature","properties":{"i":1},"geometry":{"type":"Point","coordinates":[54.7229,24.27701]}},{"type":"Feature","properties":{"i":1},"geometry":{"type":"Point","coordinates":[54.74487,24.27701]}},{"type":"Feature","properties":{"i":0.6},"geometry":{"type":"Point","coordinates":[54.76685,24.27701]}},{"type":"Feature","properties":{"i":0.46},"geometry":{"type":"Point","coordinates":[54.78882,24.27701]}},{"type":"Feature","properties":{"i":0.94},"geometry":{"type":"Point","coordinates":[54.81079,24.27701]}},{"type":"Feature","properties":{"i":1},"geometry":{"type":"Point","coordinates":[54.83276,24.27701]}},{"type":"Feature","properties":{"i":0.05},"geometry":{"type":"Point","coordinates":[53.93188,24.25698]}},{"type":"Feature","properties":{"i":0.41},"geometry":{"type":"Point","coordinates":[54.15161,24.25698]}},{"type":"Feature","properties":{"i":0.97},"geometry":{"type":"Point","coordinates":[54.17358,24.25698]}},{"type":"Feature","properties":{"i":0.15},"geometry":{"type":"Point","coordinates":[54.19556,24.25698]}},{"type":"Feature","properties":{"i":0.02},"geometry":{"type":"Point","coordinates":[54.32739,24.25698]}},{"type":"Feature","properties":{"i":0.13},"geometry":{"type":"Point","coordinates":[54.34937,24.25698]}},{"type":"Feature","properties":{"i":0.7},"geometry":{"type":"Point","coordinates":[54.37134,24.25698]}},{"type":"Feature","properties":{"i":1},"geometry":{"type":"Point","coordinates":[54.39331,24.25698]}},{"type":"Feature","properties":{"i":0.56},"geometry":{"type":"Point","coordinates":[54.41528,24.25698]}},{"type":"Feature","properties":{"i":1},"geometry":{"type":"Point","coordinates":[54.43726,24.25698]}},{"type":"Feature","properties":{"i":1},"geometry":{"type":"Point","coordinates":[54.45923,24.25698]}},{"type":"Feature","properties":{"i":1},"geometry":{"type":"Point","coordinates":[54.4812,24.25698]}},{"type":"Feature","properties":{"i":0.99},"geometry":{"type":"Point","coordinates":[54.50317,24.25698]}},{"type":"Feature","properties":{"i":0.87},"geometry":{"type":"Point","coordinates":[54.52515,24.25698]}},{"type":"Feature","properties":{"i":1},"geometry":{"type":"Point","coordinates":[54.54712,24.25698]}},{"type":"Feature","properties":{"i":1},"geometry":{"type":"Point","coordinates":[54.56909,24.25698]}},{"type":"Feature","properties":{"i":1},"geometry":{"type":"Point","coordinates":[54.59106,24.25698]}},{"type":"Feature","properties":{"i":1},"geometry":{"type":"Point","coordinates":[54.61304,24.25698]}},{"type":"Feature","properties":{"i":1},"geometry":{"type":"Point","coordinates":[54.63501,24.25698]}},{"type":"Feature","properties":{"i":1},"geometry":{"type":"Point","coordinates":[54.65698,24.25698]}},{"type":"Feature","properties":{"i":1},"geometry":{"type":"Point","coordinates":[54.67896,24.25698]}},{"type":"Feature","properties":{"i":1},"geometry":{"type":"Point","coordinates":[54.70093,24.25698]}},{"type":"Feature","properties":{"i":1},"geometry":{"type":"Point","coordinates":[54.7229,24.25698]}},{"type":"Feature","properties":{"i":0.56},"geometry":{"type":"Point","coordinates":[54.74487,24.25698]}},{"type":"Feature","properties":{"i":0.44},"geometry":{"type":"Point","coordinates":[54.76685,24.25698]}},{"type":"Feature","properties":{"i":0.36},"geometry":{"type":"Point","coordinates":[54.78882,24.25698]}},{"type":"Feature","properties":{"i":0.38},"geometry":{"type":"Point","coordinates":[54.81079,24.25698]}},{"type":"Feature","properties":{"i":0.9},"geometry":{"type":"Point","coordinates":[54.83276,24.25698]}},{"type":"Feature","properties":{"i":0.12},"geometry":{"type":"Point","coordinates":[54.01978,24.23695]}},{"type":"Feature","properties":{"i":0.13},"geometry":{"type":"Point","coordinates":[54.12964,24.23695]}},{"type":"Feature","properties":{"i":0.39},"geometry":{"type":"Point","coordinates":[54.15161,24.23695]}},{"type":"Feature","properties":{"i":0.36},"geometry":{"type":"Point","coordinates":[54.17358,24.23695]}},{"type":"Feature","properties":{"i":0.08},"geometry":{"type":"Point","coordinates":[54.19556,24.23695]}},{"type":"Feature","properties":{"i":0.03},"geometry":{"type":"Point","coordinates":[54.32739,24.23695]}},{"type":"Feature","properties":{"i":0.09},"geometry":{"type":"Point","coordinates":[54.34937,24.23695]}},{"type":"Feature","properties":{"i":0.27},"geometry":{"type":"Point","coordinates":[54.37134,24.23695]}},{"type":"Feature","properties":{"i":0.48},"geometry":{"type":"Point","coordinates":[54.39331,24.23695]}},{"type":"Feature","properties":{"i":0.49},"geometry":{"type":"Point","coordinates":[54.41528,24.23695]}},{"type":"Feature","properties":{"i":1},"geometry":{"type":"Point","coordinates":[54.43726,24.23695]}},{"type":"Feature","properties":{"i":0.96},"geometry":{"type":"Point","coordinates":[54.45923,24.23695]}},{"type":"Feature","properties":{"i":0.99},"geometry":{"type":"Point","coordinates":[54.4812,24.23695]}},{"type":"Feature","properties":{"i":0.73},"geometry":{"type":"Point","coordinates":[54.50317,24.23695]}},{"type":"Feature","properties":{"i":0.67},"geometry":{"type":"Point","coordinates":[54.52515,24.23695]}},{"type":"Feature","properties":{"i":0.71},"geometry":{"type":"Point","coordinates":[54.54712,24.23695]}},{"type":"Feature","properties":{"i":1},"geometry":{"type":"Point","coordinates":[54.56909,24.23695]}},{"type":"Feature","properties":{"i":1},"geometry":{"type":"Point","coordinates":[54.59106,24.23695]}},{"type":"Feature","properties":{"i":1},"geometry":{"type":"Point","coordinates":[54.61304,24.23695]}},{"type":"Feature","properties":{"i":0.92},"geometry":{"type":"Point","coordinates":[54.63501,24.23695]}},{"type":"Feature","properties":{"i":0.95},"geometry":{"type":"Point","coordinates":[54.65698,24.23695]}},{"type":"Feature","properties":{"i":1},"geometry":{"type":"Point","coordinates":[54.67896,24.23695]}},{"type":"Feature","properties":{"i":1},"geometry":{"type":"Point","coordinates":[54.70093,24.23695]}},{"type":"Feature","properties":{"i":1},"geometry":{"type":"Point","coordinates":[54.7229,24.23695]}},{"type":"Feature","properties":{"i":1},"geometry":{"type":"Point","coordinates":[54.74487,24.23695]}},{"type":"Feature","properties":{"i":1},"geometry":{"type":"Point","coordinates":[54.76685,24.23695]}},{"type":"Feature","properties":{"i":0.62},"geometry":{"type":"Point","coordinates":[54.78882,24.23695]}},{"type":"Feature","properties":{"i":0.4},"geometry":{"type":"Point","coordinates":[54.81079,24.23695]}},{"type":"Feature","properties":{"i":0.85},"geometry":{"type":"Point","coordinates":[54.83276,24.23695]}},{"type":"Feature","properties":{"i":0.56},"geometry":{"type":"Point","coordinates":[53.93188,24.21691]}},{"type":"Feature","properties":{"i":0.56},"geometry":{"type":"Point","coordinates":[53.95386,24.21691]}},{"type":"Feature","properties":{"i":0.13},"geometry":{"type":"Point","coordinates":[54.06372,24.21691]}},{"type":"Feature","properties":{"i":0.24},"geometry":{"type":"Point","coordinates":[54.08569,24.21691]}},{"type":"Feature","properties":{"i":0.24},"geometry":{"type":"Point","coordinates":[54.10767,24.21691]}},{"type":"Feature","properties":{"i":0.29},"geometry":{"type":"Point","coordinates":[54.12964,24.21691]}},{"type":"Feature","properties":{"i":1},"geometry":{"type":"Point","coordinates":[54.15161,24.21691]}},{"type":"Feature","properties":{"i":0.33},"geometry":{"type":"Point","coordinates":[54.17358,24.21691]}},{"type":"Feature","properties":{"i":0.34},"geometry":{"type":"Point","coordinates":[54.26147,24.21691]}},{"type":"Feature","properties":{"i":0.03},"geometry":{"type":"Point","coordinates":[54.32739,24.21691]}},{"type":"Feature","properties":{"i":0.08},"geometry":{"type":"Point","coordinates":[54.34937,24.21691]}},{"type":"Feature","properties":{"i":0.18},"geometry":{"type":"Point","coordinates":[54.37134,24.21691]}},{"type":"Feature","properties":{"i":0.48},"geometry":{"type":"Point","coordinates":[54.39331,24.21691]}},{"type":"Feature","properties":{"i":0.98},"geometry":{"type":"Point","coordinates":[54.41528,24.21691]}},{"type":"Feature","properties":{"i":0.75},"geometry":{"type":"Point","coordinates":[54.43726,24.21691]}},{"type":"Feature","properties":{"i":0.81},"geometry":{"type":"Point","coordinates":[54.45923,24.21691]}},{"type":"Feature","properties":{"i":1},"geometry":{"type":"Point","coordinates":[54.4812,24.21691]}},{"type":"Feature","properties":{"i":0.99},"geometry":{"type":"Point","coordinates":[54.50317,24.21691]}},{"type":"Feature","properties":{"i":0.52},"geometry":{"type":"Point","coordinates":[54.52515,24.21691]}},{"type":"Feature","properties":{"i":0.73},"geometry":{"type":"Point","coordinates":[54.54712,24.21691]}},{"type":"Feature","properties":{"i":0.72},"geometry":{"type":"Point","coordinates":[54.56909,24.21691]}},{"type":"Feature","properties":{"i":0.72},"geometry":{"type":"Point","coordinates":[54.59106,24.21691]}},{"type":"Feature","properties":{"i":0.71},"geometry":{"type":"Point","coordinates":[54.61304,24.21691]}},{"type":"Feature","properties":{"i":1},"geometry":{"type":"Point","coordinates":[54.63501,24.21691]}},{"type":"Feature","properties":{"i":0.82},"geometry":{"type":"Point","coordinates":[54.65698,24.21691]}},{"type":"Feature","properties":{"i":1},"geometry":{"type":"Point","coordinates":[54.67896,24.21691]}},{"type":"Feature","properties":{"i":0.83},"geometry":{"type":"Point","coordinates":[54.70093,24.21691]}},{"type":"Feature","properties":{"i":0.51},"geometry":{"type":"Point","coordinates":[54.7229,24.21691]}},{"type":"Feature","properties":{"i":0.82},"geometry":{"type":"Point","coordinates":[54.74487,24.21691]}},{"type":"Feature","properties":{"i":0.62},"geometry":{"type":"Point","coordinates":[54.76685,24.21691]}},{"type":"Feature","properties":{"i":0.62},"geometry":{"type":"Point","coordinates":[54.78882,24.21691]}},{"type":"Feature","properties":{"i":1},"geometry":{"type":"Point","coordinates":[54.81079,24.21691]}},{"type":"Feature","properties":{"i":1},"geometry":{"type":"Point","coordinates":[54.83276,24.21691]}},{"type":"Feature","properties":{"i":0.26},"geometry":{"type":"Point","coordinates":[53.93188,24.19687]}},{"type":"Feature","properties":{"i":0.57},"geometry":{"type":"Point","coordinates":[53.95386,24.19687]}},{"type":"Feature","properties":{"i":0.08},"geometry":{"type":"Point","coordinates":[53.9978,24.19687]}},{"type":"Feature","properties":{"i":0.35},"geometry":{"type":"Point","coordinates":[54.04175,24.19687]}},{"type":"Feature","properties":{"i":0.56},"geometry":{"type":"Point","coordinates":[54.06372,24.19687]}},{"type":"Feature","properties":{"i":0.28},"geometry":{"type":"Point","coordinates":[54.08569,24.19687]}},{"type":"Feature","properties":{"i":0.22},"geometry":{"type":"Point","coordinates":[54.12964,24.19687]}},{"type":"Feature","properties":{"i":0.22},"geometry":{"type":"Point","coordinates":[54.15161,24.19687]}},{"type":"Feature","properties":{"i":0.03},"geometry":{"type":"Point","coordinates":[54.17358,24.19687]}},{"type":"Feature","properties":{"i":0.03},"geometry":{"type":"Point","coordinates":[54.32739,24.19687]}},{"type":"Feature","properties":{"i":0.07},"geometry":{"type":"Point","coordinates":[54.34937,24.19687]}},{"type":"Feature","properties":{"i":0.16},"geometry":{"type":"Point","coordinates":[54.37134,24.19687]}},{"type":"Feature","properties":{"i":0.61},"geometry":{"type":"Point","coordinates":[54.39331,24.19687]}},{"type":"Feature","properties":{"i":0.85},"geometry":{"type":"Point","coordinates":[54.41528,24.19687]}},{"type":"Feature","properties":{"i":0.41},"geometry":{"type":"Point","coordinates":[54.43726,24.19687]}},{"type":"Feature","properties":{"i":1},"geometry":{"type":"Point","coordinates":[54.45923,24.19687]}},{"type":"Feature","properties":{"i":0.88},"geometry":{"type":"Point","coordinates":[54.4812,24.19687]}},{"type":"Feature","properties":{"i":0.38},"geometry":{"type":"Point","coordinates":[54.50317,24.19687]}},{"type":"Feature","properties":{"i":0.32},"geometry":{"type":"Point","coordinates":[54.52515,24.19687]}},{"type":"Feature","properties":{"i":0.33},"geometry":{"type":"Point","coordinates":[54.54712,24.19687]}},{"type":"Feature","properties":{"i":0.43},"geometry":{"type":"Point","coordinates":[54.56909,24.19687]}},{"type":"Feature","properties":{"i":0.46},"geometry":{"type":"Point","coordinates":[54.59106,24.19687]}},{"type":"Feature","properties":{"i":0.62},"geometry":{"type":"Point","coordinates":[54.61304,24.19687]}},{"type":"Feature","properties":{"i":0.84},"geometry":{"type":"Point","coordinates":[54.63501,24.19687]}},{"type":"Feature","properties":{"i":0.58},"geometry":{"type":"Point","coordinates":[54.65698,24.19687]}},{"type":"Feature","properties":{"i":0.81},"geometry":{"type":"Point","coordinates":[54.67896,24.19687]}},{"type":"Feature","properties":{"i":0.84},"geometry":{"type":"Point","coordinates":[54.70093,24.19687]}},{"type":"Feature","properties":{"i":0.83},"geometry":{"type":"Point","coordinates":[54.7229,24.19687]}},{"type":"Feature","properties":{"i":0.42},"geometry":{"type":"Point","coordinates":[54.74487,24.19687]}},{"type":"Feature","properties":{"i":0.41},"geometry":{"type":"Point","coordinates":[54.76685,24.19687]}},{"type":"Feature","properties":{"i":1},"geometry":{"type":"Point","coordinates":[54.78882,24.19687]}},{"type":"Feature","properties":{"i":0.33},"geometry":{"type":"Point","coordinates":[54.81079,24.19687]}},{"type":"Feature","properties":{"i":0.57},"geometry":{"type":"Point","coordinates":[54.83276,24.19687]}},{"type":"Feature","properties":{"i":0.13},"geometry":{"type":"Point","coordinates":[53.86597,24.17683]}},{"type":"Feature","properties":{"i":0.07},"geometry":{"type":"Point","coordinates":[53.93188,24.17683]}},{"type":"Feature","properties":{"i":0.28},"geometry":{"type":"Point","coordinates":[53.95386,24.17683]}},{"type":"Feature","properties":{"i":0.04},"geometry":{"type":"Point","coordinates":[53.9978,24.17683]}},{"type":"Feature","properties":{"i":0.38},"geometry":{"type":"Point","coordinates":[54.01978,24.17683]}},{"type":"Feature","properties":{"i":0.13},"geometry":{"type":"Point","coordinates":[54.04175,24.17683]}},{"type":"Feature","properties":{"i":0.11},"geometry":{"type":"Point","coordinates":[54.06372,24.17683]}},{"type":"Feature","properties":{"i":0.05},"geometry":{"type":"Point","coordinates":[54.2395,24.17683]}},{"type":"Feature","properties":{"i":0.04},"geometry":{"type":"Point","coordinates":[54.26147,24.17683]}},{"type":"Feature","properties":{"i":0.02},"geometry":{"type":"Point","coordinates":[54.28345,24.17683]}},{"type":"Feature","properties":{"i":0.03},"geometry":{"type":"Point","coordinates":[54.30542,24.17683]}},{"type":"Feature","properties":{"i":0.07},"geometry":{"type":"Point","coordinates":[54.32739,24.17683]}},{"type":"Feature","properties":{"i":0.56},"geometry":{"type":"Point","coordinates":[54.34937,24.17683]}},{"type":"Feature","properties":{"i":0.67},"geometry":{"type":"Point","coordinates":[54.37134,24.17683]}},{"type":"Feature","properties":{"i":0.59},"geometry":{"type":"Point","coordinates":[54.39331,24.17683]}},{"type":"Feature","properties":{"i":0.56},"geometry":{"type":"Point","coordinates":[54.41528,24.17683]}},{"type":"Feature","properties":{"i":1},"geometry":{"type":"Point","coordinates":[54.43726,24.17683]}},{"type":"Feature","properties":{"i":0.7},"geometry":{"type":"Point","coordinates":[54.45923,24.17683]}},{"type":"Feature","properties":{"i":0.78},"geometry":{"type":"Point","coordinates":[54.4812,24.17683]}},{"type":"Feature","properties":{"i":0.25},"geometry":{"type":"Point","coordinates":[54.50317,24.17683]}},{"type":"Feature","properties":{"i":0.25},"geometry":{"type":"Point","coordinates":[54.52515,24.17683]}},{"type":"Feature","properties":{"i":0.84},"geometry":{"type":"Point","coordinates":[54.54712,24.17683]}},{"type":"Feature","properties":{"i":0.22},"geometry":{"type":"Point","coordinates":[54.56909,24.17683]}},{"type":"Feature","properties":{"i":0.95},"geometry":{"type":"Point","coordinates":[54.59106,24.17683]}},{"type":"Feature","properties":{"i":0.95},"geometry":{"type":"Point","coordinates":[54.61304,24.17683]}},{"type":"Feature","properties":{"i":0.91},"geometry":{"type":"Point","coordinates":[54.63501,24.17683]}},{"type":"Feature","properties":{"i":0.53},"geometry":{"type":"Point","coordinates":[54.65698,24.17683]}},{"type":"Feature","properties":{"i":0.42},"geometry":{"type":"Point","coordinates":[54.67896,24.17683]}},{"type":"Feature","properties":{"i":0.69},"geometry":{"type":"Point","coordinates":[54.70093,24.17683]}},{"type":"Feature","properties":{"i":0.68},"geometry":{"type":"Point","coordinates":[54.7229,24.17683]}},{"type":"Feature","properties":{"i":0.37},"geometry":{"type":"Point","coordinates":[54.74487,24.17683]}},{"type":"Feature","properties":{"i":0.64},"geometry":{"type":"Point","coordinates":[54.76685,24.17683]}},{"type":"Feature","properties":{"i":0.28},"geometry":{"type":"Point","coordinates":[54.78882,24.17683]}},{"type":"Feature","properties":{"i":0.91},"geometry":{"type":"Point","coordinates":[54.81079,24.17683]}},{"type":"Feature","properties":{"i":0.29},"geometry":{"type":"Point","coordinates":[54.83276,24.17683]}},{"type":"Feature","properties":{"i":0.26},"geometry":{"type":"Point","coordinates":[53.71216,24.15678]}},{"type":"Feature","properties":{"i":0.46},"geometry":{"type":"Point","coordinates":[53.95386,24.15678]}},{"type":"Feature","properties":{"i":0.25},"geometry":{"type":"Point","coordinates":[54.21753,24.15678]}},{"type":"Feature","properties":{"i":0.73},"geometry":{"type":"Point","coordinates":[54.2395,24.15678]}},{"type":"Feature","properties":{"i":0.73},"geometry":{"type":"Point","coordinates":[54.26147,24.15678]}},{"type":"Feature","properties":{"i":0.57},"geometry":{"type":"Point","coordinates":[54.28345,24.15678]}},{"type":"Feature","properties":{"i":0.73},"geometry":{"type":"Point","coordinates":[54.30542,24.15678]}},{"type":"Feature","properties":{"i":0.64},"geometry":{"type":"Point","coordinates":[54.32739,24.15678]}},{"type":"Feature","properties":{"i":0.64},"geometry":{"type":"Point","coordinates":[54.34937,24.15678]}},{"type":"Feature","properties":{"i":0.53},"geometry":{"type":"Point","coordinates":[54.37134,24.15678]}},{"type":"Feature","properties":{"i":0.28},"geometry":{"type":"Point","coordinates":[54.39331,24.15678]}},{"type":"Feature","properties":{"i":0.9},"geometry":{"type":"Point","coordinates":[54.41528,24.15678]}},{"type":"Feature","properties":{"i":1},"geometry":{"type":"Point","coordinates":[54.43726,24.15678]}},{"type":"Feature","properties":{"i":1},"geometry":{"type":"Point","coordinates":[54.45923,24.15678]}},{"type":"Feature","properties":{"i":0.33},"geometry":{"type":"Point","coordinates":[54.4812,24.15678]}},{"type":"Feature","properties":{"i":0.19},"geometry":{"type":"Point","coordinates":[54.50317,24.15678]}},{"type":"Feature","properties":{"i":0.14},"geometry":{"type":"Point","coordinates":[54.52515,24.15678]}},{"type":"Feature","properties":{"i":0.22},"geometry":{"type":"Point","coordinates":[54.54712,24.15678]}},{"type":"Feature","properties":{"i":0.16},"geometry":{"type":"Point","coordinates":[54.56909,24.15678]}},{"type":"Feature","properties":{"i":0.18},"geometry":{"type":"Point","coordinates":[54.59106,24.15678]}},{"type":"Feature","properties":{"i":0.18},"geometry":{"type":"Point","coordinates":[54.61304,24.15678]}},{"type":"Feature","properties":{"i":0.39},"geometry":{"type":"Point","coordinates":[54.63501,24.15678]}},{"type":"Feature","properties":{"i":0.25},"geometry":{"type":"Point","coordinates":[54.65698,24.15678]}},{"type":"Feature","properties":{"i":0.16},"geometry":{"type":"Point","coordinates":[54.67896,24.15678]}},{"type":"Feature","properties":{"i":0.38},"geometry":{"type":"Point","coordinates":[54.70093,24.15678]}},{"type":"Feature","properties":{"i":0.38},"geometry":{"type":"Point","coordinates":[54.7229,24.15678]}},{"type":"Feature","properties":{"i":0.33},"geometry":{"type":"Point","coordinates":[54.74487,24.15678]}},{"type":"Feature","properties":{"i":0.42},"geometry":{"type":"Point","coordinates":[54.76685,24.15678]}},{"type":"Feature","properties":{"i":0.21},"geometry":{"type":"Point","coordinates":[54.78882,24.15678]}},{"type":"Feature","properties":{"i":0.13},"geometry":{"type":"Point","coordinates":[54.81079,24.15678]}},{"type":"Feature","properties":{"i":0.19},"geometry":{"type":"Point","coordinates":[54.83276,24.15678]}},{"type":"Feature","properties":{"i":0.09},"geometry":{"type":"Point","coordinates":[53.44849,24.13673]}},{"type":"Feature","properties":{"i":0.13},"geometry":{"type":"Point","coordinates":[54.08569,24.13673]}},{"type":"Feature","properties":{"i":0.02},"geometry":{"type":"Point","coordinates":[54.15161,24.13673]}},{"type":"Feature","properties":{"i":0.61},"geometry":{"type":"Point","coordinates":[54.17358,24.13673]}},{"type":"Feature","properties":{"i":0.61},"geometry":{"type":"Point","coordinates":[54.19556,24.13673]}},{"type":"Feature","properties":{"i":0.57},"geometry":{"type":"Point","coordinates":[54.21753,24.13673]}},{"type":"Feature","properties":{"i":0.86},"geometry":{"type":"Point","coordinates":[54.2395,24.13673]}},{"type":"Feature","properties":{"i":0.47},"geometry":{"type":"Point","coordinates":[54.26147,24.13673]}},{"type":"Feature","properties":{"i":0.18},"geometry":{"type":"Point","coordinates":[54.28345,24.13673]}},{"type":"Feature","properties":{"i":0.31},"geometry":{"type":"Point","coordinates":[54.30542,24.13673]}},{"type":"Feature","properties":{"i":0.22},"geometry":{"type":"Point","coordinates":[54.32739,24.13673]}},{"type":"Feature","properties":{"i":0.16},"geometry":{"type":"Point","coordinates":[54.34937,24.13673]}},{"type":"Feature","properties":{"i":0.13},"geometry":{"type":"Point","coordinates":[54.37134,24.13673]}},{"type":"Feature","properties":{"i":0.22},"geometry":{"type":"Point","coordinates":[54.39331,24.13673]}},{"type":"Feature","properties":{"i":0.81},"geometry":{"type":"Point","coordinates":[54.41528,24.13673]}},{"type":"Feature","properties":{"i":1},"geometry":{"type":"Point","coordinates":[54.43726,24.13673]}},{"type":"Feature","properties":{"i":1},"geometry":{"type":"Point","coordinates":[54.45923,24.13673]}},{"type":"Feature","properties":{"i":0.35},"geometry":{"type":"Point","coordinates":[54.4812,24.13673]}},{"type":"Feature","properties":{"i":0.14},"geometry":{"type":"Point","coordinates":[54.50317,24.13673]}},{"type":"Feature","properties":{"i":0.1},"geometry":{"type":"Point","coordinates":[54.52515,24.13673]}},{"type":"Feature","properties":{"i":0.3},"geometry":{"type":"Point","coordinates":[54.54712,24.13673]}},{"type":"Feature","properties":{"i":0.09},"geometry":{"type":"Point","coordinates":[54.56909,24.13673]}},{"type":"Feature","properties":{"i":0.09},"geometry":{"type":"Point","coordinates":[54.59106,24.13673]}},{"type":"Feature","properties":{"i":0.1},"geometry":{"type":"Point","coordinates":[54.61304,24.13673]}},{"type":"Feature","properties":{"i":0.15},"geometry":{"type":"Point","coordinates":[54.63501,24.13673]}},{"type":"Feature","properties":{"i":0.09},"geometry":{"type":"Point","coordinates":[54.65698,24.13673]}},{"type":"Feature","properties":{"i":0.11},"geometry":{"type":"Point","coordinates":[54.67896,24.13673]}},{"type":"Feature","properties":{"i":0.11},"geometry":{"type":"Point","coordinates":[54.70093,24.13673]}},{"type":"Feature","properties":{"i":0.18},"geometry":{"type":"Point","coordinates":[54.7229,24.13673]}},{"type":"Feature","properties":{"i":0.41},"geometry":{"type":"Point","coordinates":[54.74487,24.13673]}},{"type":"Feature","properties":{"i":0.26},"geometry":{"type":"Point","coordinates":[54.76685,24.13673]}},{"type":"Feature","properties":{"i":0.16},"geometry":{"type":"Point","coordinates":[54.78882,24.13673]}},{"type":"Feature","properties":{"i":0.07},"geometry":{"type":"Point","coordinates":[54.81079,24.13673]}},{"type":"Feature","properties":{"i":0.61},"geometry":{"type":"Point","coordinates":[54.83276,24.13673]}},{"type":"Feature","properties":{"i":1},"geometry":{"type":"Point","coordinates":[53.44849,24.11667]}},{"type":"Feature","properties":{"i":0.16},"geometry":{"type":"Point","coordinates":[53.47046,24.11667]}},{"type":"Feature","properties":{"i":0.04},"geometry":{"type":"Point","coordinates":[53.49243,24.11667]}},{"type":"Feature","properties":{"i":0.03},"geometry":{"type":"Point","coordinates":[53.5144,24.11667]}},{"type":"Feature","properties":{"i":0.22},"geometry":{"type":"Point","coordinates":[53.90991,24.11667]}},{"type":"Feature","properties":{"i":0.04},"geometry":{"type":"Point","coordinates":[54.12964,24.11667]}},{"type":"Feature","properties":{"i":0.7},"geometry":{"type":"Point","coordinates":[54.15161,24.11667]}},{"type":"Feature","properties":{"i":0.57},"geometry":{"type":"Point","coordinates":[54.17358,24.11667]}},{"type":"Feature","properties":{"i":0.25},"geometry":{"type":"Point","coordinates":[54.19556,24.11667]}},{"type":"Feature","properties":{"i":0.02},"geometry":{"type":"Point","coordinates":[54.2395,24.11667]}},{"type":"Feature","properties":{"i":0.04},"geometry":{"type":"Point","coordinates":[54.30542,24.11667]}},{"type":"Feature","properties":{"i":0.07},"geometry":{"type":"Point","coordinates":[54.32739,24.11667]}},{"type":"Feature","properties":{"i":0.03},"geometry":{"type":"Point","coordinates":[54.34937,24.11667]}},{"type":"Feature","properties":{"i":0.05},"geometry":{"type":"Point","coordinates":[54.37134,24.11667]}},{"type":"Feature","properties":{"i":0.21},"geometry":{"type":"Point","coordinates":[54.39331,24.11667]}},{"type":"Feature","properties":{"i":0.74},"geometry":{"type":"Point","coordinates":[54.41528,24.11667]}},{"type":"Feature","properties":{"i":0.32},"geometry":{"type":"Point","coordinates":[54.43726,24.11667]}},{"type":"Feature","properties":{"i":0.31},"geometry":{"type":"Point","coordinates":[54.45923,24.11667]}},{"type":"Feature","properties":{"i":0.19},"geometry":{"type":"Point","coordinates":[54.4812,24.11667]}},{"type":"Feature","properties":{"i":0.08},"geometry":{"type":"Point","coordinates":[54.50317,24.11667]}},{"type":"Feature","properties":{"i":0.04},"geometry":{"type":"Point","coordinates":[54.52515,24.11667]}},{"type":"Feature","properties":{"i":0.87},"geometry":{"type":"Point","coordinates":[54.54712,24.11667]}},{"type":"Feature","properties":{"i":0.07},"geometry":{"type":"Point","coordinates":[54.56909,24.11667]}},{"type":"Feature","properties":{"i":0.12},"geometry":{"type":"Point","coordinates":[54.59106,24.11667]}},{"type":"Feature","properties":{"i":0.03},"geometry":{"type":"Point","coordinates":[54.61304,24.11667]}},{"type":"Feature","properties":{"i":0.09},"geometry":{"type":"Point","coordinates":[54.63501,24.11667]}},{"type":"Feature","properties":{"i":0.02},"geometry":{"type":"Point","coordinates":[54.65698,24.11667]}},{"type":"Feature","properties":{"i":0.05},"geometry":{"type":"Point","coordinates":[54.67896,24.11667]}},{"type":"Feature","properties":{"i":0.58},"geometry":{"type":"Point","coordinates":[54.70093,24.11667]}},{"type":"Feature","properties":{"i":0.04},"geometry":{"type":"Point","coordinates":[54.7229,24.11667]}},{"type":"Feature","properties":{"i":0.08},"geometry":{"type":"Point","coordinates":[54.76685,24.11667]}},{"type":"Feature","properties":{"i":0.03},"geometry":{"type":"Point","coordinates":[54.81079,24.11667]}},{"type":"Feature","properties":{"i":0.34},"geometry":{"type":"Point","coordinates":[54.83276,24.11667]}},{"type":"Feature","properties":{"i":0.62},"geometry":{"type":"Point","coordinates":[53.44849,24.09662]}},{"type":"Feature","properties":{"i":0.99},"geometry":{"type":"Point","coordinates":[53.47046,24.09662]}},{"type":"Feature","properties":{"i":1},"geometry":{"type":"Point","coordinates":[53.49243,24.09662]}},{"type":"Feature","properties":{"i":1},"geometry":{"type":"Point","coordinates":[53.5144,24.09662]}},{"type":"Feature","properties":{"i":0.82},"geometry":{"type":"Point","coordinates":[53.53638,24.09662]}},{"type":"Feature","properties":{"i":0.22},"geometry":{"type":"Point","coordinates":[54.08569,24.09662]}},{"type":"Feature","properties":{"i":0.74},"geometry":{"type":"Point","coordinates":[54.10767,24.09662]}},{"type":"Feature","properties":{"i":0.76},"geometry":{"type":"Point","coordinates":[54.12964,24.09662]}},{"type":"Feature","properties":{"i":0.71},"geometry":{"type":"Point","coordinates":[54.15161,24.09662]}},{"type":"Feature","properties":{"i":0.02},"geometry":{"type":"Point","coordinates":[54.17358,24.09662]}},{"type":"Feature","properties":{"i":0.02},"geometry":{"type":"Point","coordinates":[54.26147,24.09662]}},{"type":"Feature","properties":{"i":0.21},"geometry":{"type":"Point","coordinates":[54.28345,24.09662]}},{"type":"Feature","properties":{"i":0.4},"geometry":{"type":"Point","coordinates":[54.30542,24.09662]}},{"type":"Feature","properties":{"i":0.36},"geometry":{"type":"Point","coordinates":[54.32739,24.09662]}},{"type":"Feature","properties":{"i":0.25},"geometry":{"type":"Point","coordinates":[54.34937,24.09662]}},{"type":"Feature","properties":{"i":0.16},"geometry":{"type":"Point","coordinates":[54.37134,24.09662]}},{"type":"Feature","properties":{"i":0.13},"geometry":{"type":"Point","coordinates":[54.39331,24.09662]}},{"type":"Feature","properties":{"i":0.29},"geometry":{"type":"Point","coordinates":[54.41528,24.09662]}},{"type":"Feature","properties":{"i":0.17},"geometry":{"type":"Point","coordinates":[54.43726,24.09662]}},{"type":"Feature","properties":{"i":0.12},"geometry":{"type":"Point","coordinates":[54.45923,24.09662]}},{"type":"Feature","properties":{"i":0.1},"geometry":{"type":"Point","coordinates":[54.4812,24.09662]}},{"type":"Feature","properties":{"i":0.03},"geometry":{"type":"Point","coordinates":[54.50317,24.09662]}},{"type":"Feature","properties":{"i":0.27},"geometry":{"type":"Point","coordinates":[54.56909,24.09662]}},{"type":"Feature","properties":{"i":0.5},"geometry":{"type":"Point","coordinates":[54.59106,24.09662]}},{"type":"Feature","properties":{"i":0.11},"geometry":{"type":"Point","coordinates":[54.61304,24.09662]}},{"type":"Feature","properties":{"i":0.02},"geometry":{"type":"Point","coordinates":[54.81079,24.09662]}},{"type":"Feature","properties":{"i":0.49},"geometry":{"type":"Point","coordinates":[54.83276,24.09662]}},{"type":"Feature","properties":{"i":0.25},"geometry":{"type":"Point","coordinates":[53.44849,24.07656]}},{"type":"Feature","properties":{"i":1},"geometry":{"type":"Point","coordinates":[53.47046,24.07656]}},{"type":"Feature","properties":{"i":1},"geometry":{"type":"Point","coordinates":[53.49243,24.07656]}},{"type":"Feature","properties":{"i":1},"geometry":{"type":"Point","coordinates":[53.5144,24.07656]}},{"type":"Feature","properties":{"i":0.74},"geometry":{"type":"Point","coordinates":[53.53638,24.07656]}},{"type":"Feature","properties":{"i":0.24},"geometry":{"type":"Point","coordinates":[53.55835,24.07656]}},{"type":"Feature","properties":{"i":0.49},"geometry":{"type":"Point","coordinates":[54.04175,24.07656]}},{"type":"Feature","properties":{"i":0.6},"geometry":{"type":"Point","coordinates":[54.06372,24.07656]}},{"type":"Feature","properties":{"i":0.6},"geometry":{"type":"Point","coordinates":[54.08569,24.07656]}},{"type":"Feature","properties":{"i":0.25},"geometry":{"type":"Point","coordinates":[54.10767,24.07656]}},{"type":"Feature","properties":{"i":0.18},"geometry":{"type":"Point","coordinates":[54.2395,24.07656]}},{"type":"Feature","properties":{"i":0.05},"geometry":{"type":"Point","coordinates":[54.26147,24.07656]}},{"type":"Feature","properties":{"i":0.33},"geometry":{"type":"Point","coordinates":[54.28345,24.07656]}},{"type":"Feature","properties":{"i":0.75},"geometry":{"type":"Point","coordinates":[54.30542,24.07656]}},{"type":"Feature","properties":{"i":0.81},"geometry":{"type":"Point","coordinates":[54.32739,24.07656]}},{"type":"Feature","properties":{"i":0.75},"geometry":{"type":"Point","coordinates":[54.34937,24.07656]}},{"type":"Feature","properties":{"i":0.75},"geometry":{"type":"Point","coordinates":[54.37134,24.07656]}},{"type":"Feature","properties":{"i":0.5},"geometry":{"type":"Point","coordinates":[54.39331,24.07656]}},{"type":"Feature","properties":{"i":0.09},"geometry":{"type":"Point","coordinates":[54.41528,24.07656]}},{"type":"Feature","properties":{"i":0.27},"geometry":{"type":"Point","coordinates":[54.56909,24.07656]}},{"type":"Feature","properties":{"i":0.02},"geometry":{"type":"Point","coordinates":[54.61304,24.07656]}},{"type":"Feature","properties":{"i":0.41},"geometry":{"type":"Point","coordinates":[54.81079,24.07656]}},{"type":"Feature","properties":{"i":0.41},"geometry":{"type":"Point","coordinates":[54.83276,24.07656]}},{"type":"Feature","properties":{"i":1},"geometry":{"type":"Point","coordinates":[53.44849,24.0565]}},{"type":"Feature","properties":{"i":1},"geometry":{"type":"Point","coordinates":[53.47046,24.0565]}},{"type":"Feature","properties":{"i":0.3},"geometry":{"type":"Point","coordinates":[53.49243,24.0565]}},{"type":"Feature","properties":{"i":0.22},"geometry":{"type":"Point","coordinates":[53.5144,24.0565]}},{"type":"Feature","properties":{"i":0.46},"geometry":{"type":"Point","coordinates":[53.53638,24.0565]}},{"type":"Feature","properties":{"i":0.52},"geometry":{"type":"Point","coordinates":[53.55835,24.0565]}},{"type":"Feature","properties":{"i":0.07},"geometry":{"type":"Point","coordinates":[53.58032,24.0565]}},{"type":"Feature","properties":{"i":0.02},"geometry":{"type":"Point","coordinates":[53.66821,24.0565]}},{"type":"Feature","properties":{"i":0.02},"geometry":{"type":"Point","coordinates":[53.69019,24.0565]}},{"type":"Feature","properties":{"i":0.39},"geometry":{"type":"Point","coordinates":[53.7561,24.0565]}},{"type":"Feature","properties":{"i":0.39},"geometry":{"type":"Point","coordinates":[53.77808,24.0565]}},{"type":"Feature","properties":{"i":0.15},"geometry":{"type":"Point","coordinates":[53.90991,24.0565]}},{"type":"Feature","properties":{"i":0.17},"geometry":{"type":"Point","coordinates":[53.93188,24.0565]}},{"type":"Feature","properties":{"i":0.69},"geometry":{"type":"Point","coordinates":[53.95386,24.0565]}},{"type":"Feature","properties":{"i":0.78},"geometry":{"type":"Point","coordinates":[53.97583,24.0565]}},{"type":"Feature","properties":{"i":0.63},"geometry":{"type":"Point","coordinates":[53.9978,24.0565]}},{"type":"Feature","properties":{"i":0.76},"geometry":{"type":"Point","coordinates":[54.01978,24.0565]}},{"type":"Feature","properties":{"i":0.21},"geometry":{"type":"Point","coordinates":[54.04175,24.0565]}},{"type":"Feature","properties":{"i":0.3},"geometry":{"type":"Point","coordinates":[54.2395,24.0565]}},{"type":"Feature","properties":{"i":0.48},"geometry":{"type":"Point","coordinates":[54.26147,24.0565]}},{"type":"Feature","properties":{"i":0.48},"geometry":{"type":"Point","coordinates":[54.28345,24.0565]}},{"type":"Feature","properties":{"i":1},"geometry":{"type":"Point","coordinates":[54.30542,24.0565]}},{"type":"Feature","properties":{"i":1},"geometry":{"type":"Point","coordinates":[54.32739,24.0565]}},{"type":"Feature","properties":{"i":0.64},"geometry":{"type":"Point","coordinates":[54.34937,24.0565]}},{"type":"Feature","properties":{"i":0.28},"geometry":{"type":"Point","coordinates":[54.37134,24.0565]}},{"type":"Feature","properties":{"i":0.05},"geometry":{"type":"Point","coordinates":[54.39331,24.0565]}},{"type":"Feature","properties":{"i":0.33},"geometry":{"type":"Point","coordinates":[54.81079,24.0565]}},{"type":"Feature","properties":{"i":0.02},"geometry":{"type":"Point","coordinates":[54.83276,24.0565]}},{"type":"Feature","properties":{"i":0.61},"geometry":{"type":"Point","coordinates":[53.44849,24.03643]}},{"type":"Feature","properties":{"i":1},"geometry":{"type":"Point","coordinates":[53.47046,24.03643]}},{"type":"Feature","properties":{"i":0.8},"geometry":{"type":"Point","coordinates":[53.49243,24.03643]}},{"type":"Feature","properties":{"i":0.68},"geometry":{"type":"Point","coordinates":[53.5144,24.03643]}},{"type":"Feature","properties":{"i":0.46},"geometry":{"type":"Point","coordinates":[53.53638,24.03643]}},{"type":"Feature","properties":{"i":0.57},"geometry":{"type":"Point","coordinates":[53.55835,24.03643]}},{"type":"Feature","properties":{"i":0.77},"geometry":{"type":"Point","coordinates":[53.58032,24.03643]}},{"type":"Feature","properties":{"i":0.6},"geometry":{"type":"Point","coordinates":[53.60229,24.03643]}},{"type":"Feature","properties":{"i":0.62},"geometry":{"type":"Point","coordinates":[53.62427,24.03643]}},{"type":"Feature","properties":{"i":0.53},"geometry":{"type":"Point","coordinates":[53.64624,24.03643]}},{"type":"Feature","properties":{"i":0.03},"geometry":{"type":"Point","coordinates":[53.66821,24.03643]}},{"type":"Feature","properties":{"i":0.7},"geometry":{"type":"Point","coordinates":[53.7561,24.03643]}},{"type":"Feature","properties":{"i":0.4},"geometry":{"type":"Point","coordinates":[53.77808,24.03643]}},{"type":"Feature","properties":{"i":0.16},"geometry":{"type":"Point","coordinates":[53.84399,24.03643]}},{"type":"Feature","properties":{"i":0.99},"geometry":{"type":"Point","coordinates":[53.86597,24.03643]}},{"type":"Feature","properties":{"i":0.84},"geometry":{"type":"Point","coordinates":[53.88794,24.03643]}},{"type":"Feature","properties":{"i":0.8},"geometry":{"type":"Point","coordinates":[53.90991,24.03643]}},{"type":"Feature","properties":{"i":1},"geometry":{"type":"Point","coordinates":[53.93188,24.03643]}},{"type":"Feature","properties":{"i":0.71},"geometry":{"type":"Point","coordinates":[53.95386,24.03643]}},{"type":"Feature","properties":{"i":0.56},"geometry":{"type":"Point","coordinates":[53.97583,24.03643]}},{"type":"Feature","properties":{"i":0.14},"geometry":{"type":"Point","coordinates":[53.9978,24.03643]}},{"type":"Feature","properties":{"i":0.04},"geometry":{"type":"Point","coordinates":[54.01978,24.03643]}},{"type":"Feature","properties":{"i":0.47},"geometry":{"type":"Point","coordinates":[54.26147,24.03643]}},{"type":"Feature","properties":{"i":0.47},"geometry":{"type":"Point","coordinates":[54.28345,24.03643]}},{"type":"Feature","properties":{"i":0.58},"geometry":{"type":"Point","coordinates":[54.30542,24.03643]}},{"type":"Feature","properties":{"i":0.91},"geometry":{"type":"Point","coordinates":[54.32739,24.03643]}},{"type":"Feature","properties":{"i":0.42},"geometry":{"type":"Point","coordinates":[54.34937,24.03643]}},{"type":"Feature","properties":{"i":0.36},"geometry":{"type":"Point","coordinates":[54.37134,24.03643]}},{"type":"Feature","properties":{"i":0.15},"geometry":{"type":"Point","coordinates":[54.39331,24.03643]}},{"type":"Feature","properties":{"i":0.02},"geometry":{"type":"Point","coordinates":[54.41528,24.03643]}},{"type":"Feature","properties":{"i":0.11},"geometry":{"type":"Point","coordinates":[54.78882,24.03643]}},{"type":"Feature","properties":{"i":0.19},"geometry":{"type":"Point","coordinates":[54.81079,24.03643]}},{"type":"Feature","properties":{"i":0.41},"geometry":{"type":"Point","coordinates":[53.44849,24.01636]}},{"type":"Feature","properties":{"i":0.13},"geometry":{"type":"Point","coordinates":[53.47046,24.01636]}},{"type":"Feature","properties":{"i":0.03},"geometry":{"type":"Point","coordinates":[53.49243,24.01636]}},{"type":"Feature","properties":{"i":0.02},"geometry":{"type":"Point","coordinates":[53.55835,24.01636]}},{"type":"Feature","properties":{"i":0.17},"geometry":{"type":"Point","coordinates":[53.58032,24.01636]}},{"type":"Feature","properties":{"i":0.17},"geometry":{"type":"Point","coordinates":[53.60229,24.01636]}},{"type":"Feature","properties":{"i":0.33},"geometry":{"type":"Point","coordinates":[53.62427,24.01636]}},{"type":"Feature","properties":{"i":0.65},"geometry":{"type":"Point","coordinates":[53.64624,24.01636]}},{"type":"Feature","properties":{"i":0.76},"geometry":{"type":"Point","coordinates":[53.66821,24.01636]}},{"type":"Feature","properties":{"i":0.69},"geometry":{"type":"Point","coordinates":[53.69019,24.01636]}},{"type":"Feature","properties":{"i":0.79},"geometry":{"type":"Point","coordinates":[53.71216,24.01636]}},{"type":"Feature","properties":{"i":0.85},"geometry":{"type":"Point","coordinates":[53.73413,24.01636]}},{"type":"Feature","properties":{"i":0.85},"geometry":{"type":"Point","coordinates":[53.7561,24.01636]}},{"type":"Feature","properties":{"i":0.7},"geometry":{"type":"Point","coordinates":[53.77808,24.01636]}},{"type":"Feature","properties":{"i":0.72},"geometry":{"type":"Point","coordinates":[53.80005,24.01636]}},{"type":"Feature","properties":{"i":0.65},"geometry":{"type":"Point","coordinates":[53.82202,24.01636]}},{"type":"Feature","properties":{"i":0.78},"geometry":{"type":"Point","coordinates":[53.84399,24.01636]}},{"type":"Feature","properties":{"i":0.8},"geometry":{"type":"Point","coordinates":[53.86597,24.01636]}},{"type":"Feature","properties":{"i":0.57},"geometry":{"type":"Point","coordinates":[53.88794,24.01636]}},{"type":"Feature","properties":{"i":0.25},"geometry":{"type":"Point","coordinates":[53.90991,24.01636]}},{"type":"Feature","properties":{"i":0.48},"geometry":{"type":"Point","coordinates":[53.93188,24.01636]}},{"type":"Feature","properties":{"i":0.35},"geometry":{"type":"Point","coordinates":[54.26147,24.01636]}},{"type":"Feature","properties":{"i":0.14},"geometry":{"type":"Point","coordinates":[54.28345,24.01636]}},{"type":"Feature","properties":{"i":0.44},"geometry":{"type":"Point","coordinates":[54.30542,24.01636]}},{"type":"Feature","properties":{"i":0.13},"geometry":{"type":"Point","coordinates":[54.32739,24.01636]}},{"type":"Feature","properties":{"i":0.12},"geometry":{"type":"Point","coordinates":[54.34937,24.01636]}},{"type":"Feature","properties":{"i":0.23},"geometry":{"type":"Point","coordinates":[54.37134,24.01636]}},{"type":"Feature","properties":{"i":0.19},"geometry":{"type":"Point","coordinates":[54.39331,24.01636]}},{"type":"Feature","properties":{"i":0.44},"geometry":{"type":"Point","coordinates":[54.41528,24.01636]}},{"type":"Feature","properties":{"i":0.1},"geometry":{"type":"Point","coordinates":[54.81079,24.01636]}},{"type":"Feature","properties":{"i":0.64},"geometry":{"type":"Point","coordinates":[53.44849,23.99629]}},{"type":"Feature","properties":{"i":0.76},"geometry":{"type":"Point","coordinates":[53.66821,23.99629]}},{"type":"Feature","properties":{"i":0.7},"geometry":{"type":"Point","coordinates":[53.69019,23.99629]}},{"type":"Feature","properties":{"i":0.79},"geometry":{"type":"Point","coordinates":[53.71216,23.99629]}},{"type":"Feature","properties":{"i":1},"geometry":{"type":"Point","coordinates":[53.73413,23.99629]}},{"type":"Feature","properties":{"i":0.78},"geometry":{"type":"Point","coordinates":[53.7561,23.99629]}},{"type":"Feature","properties":{"i":0.28},"geometry":{"type":"Point","coordinates":[53.77808,23.99629]}},{"type":"Feature","properties":{"i":0.13},"geometry":{"type":"Point","coordinates":[53.80005,23.99629]}},{"type":"Feature","properties":{"i":0.05},"geometry":{"type":"Point","coordinates":[53.82202,23.99629]}},{"type":"Feature","properties":{"i":0.05},"geometry":{"type":"Point","coordinates":[53.84399,23.99629]}},{"type":"Feature","properties":{"i":0.61},"geometry":{"type":"Point","coordinates":[53.86597,23.99629]}},{"type":"Feature","properties":{"i":0.85},"geometry":{"type":"Point","coordinates":[53.88794,23.99629]}},{"type":"Feature","properties":{"i":0.4},"geometry":{"type":"Point","coordinates":[53.90991,23.99629]}},{"type":"Feature","properties":{"i":0.49},"geometry":{"type":"Point","coordinates":[53.93188,23.99629]}},{"type":"Feature","properties":{"i":0.63},"geometry":{"type":"Point","coordinates":[54.32739,23.99629]}},{"type":"Feature","properties":{"i":0.02},"geometry":{"type":"Point","coordinates":[54.34937,23.99629]}},{"type":"Feature","properties":{"i":0.23},"geometry":{"type":"Point","coordinates":[54.37134,23.99629]}},{"type":"Feature","properties":{"i":0.07},"geometry":{"type":"Point","coordinates":[54.39331,23.99629]}},{"type":"Feature","properties":{"i":0.43},"geometry":{"type":"Point","coordinates":[54.41528,23.99629]}},{"type":"Feature","properties":{"i":0.64},"geometry":{"type":"Point","coordinates":[53.44849,23.97621]}},{"type":"Feature","properties":{"i":0.09},"geometry":{"type":"Point","coordinates":[53.64624,23.97621]}},{"type":"Feature","properties":{"i":0.24},"geometry":{"type":"Point","coordinates":[53.66821,23.97621]}},{"type":"Feature","properties":{"i":0.24},"geometry":{"type":"Point","coordinates":[53.69019,23.97621]}},{"type":"Feature","properties":{"i":0.15},"geometry":{"type":"Point","coordinates":[53.71216,23.97621]}},{"type":"Feature","properties":{"i":0.26},"geometry":{"type":"Point","coordinates":[53.73413,23.97621]}},{"type":"Feature","properties":{"i":0.18},"geometry":{"type":"Point","coordinates":[53.7561,23.97621]}},{"type":"Feature","properties":{"i":0.34},"geometry":{"type":"Point","coordinates":[53.77808,23.97621]}},{"type":"Feature","properties":{"i":1},"geometry":{"type":"Point","coordinates":[53.80005,23.97621]}},{"type":"Feature","properties":{"i":0.56},"geometry":{"type":"Point","coordinates":[53.82202,23.97621]}},{"type":"Feature","properties":{"i":0.35},"geometry":{"type":"Point","coordinates":[53.84399,23.97621]}},{"type":"Feature","properties":{"i":0.89},"geometry":{"type":"Point","coordinates":[53.86597,23.97621]}},{"type":"Feature","properties":{"i":0.86},"geometry":{"type":"Point","coordinates":[53.88794,23.97621]}},{"type":"Feature","properties":{"i":0.47},"geometry":{"type":"Point","coordinates":[53.90991,23.97621]}},{"type":"Feature","properties":{"i":0.48},"geometry":{"type":"Point","coordinates":[53.93188,23.97621]}},{"type":"Feature","properties":{"i":0.13},"geometry":{"type":"Point","coordinates":[54.81079,23.97621]}},{"type":"Feature","properties":{"i":0.61},"geometry":{"type":"Point","coordinates":[53.44849,23.95614]}},{"type":"Feature","properties":{"i":0.02},"geometry":{"type":"Point","coordinates":[53.64624,23.95614]}},{"type":"Feature","properties":{"i":0.28},"geometry":{"type":"Point","coordinates":[53.66821,23.95614]}},{"type":"Feature","properties":{"i":0.44},"geometry":{"type":"Point","coordinates":[53.69019,23.95614]}},{"type":"Feature","properties":{"i":0.54},"geometry":{"type":"Point","coordinates":[53.71216,23.95614]}},{"type":"Feature","properties":{"i":0.53},"geometry":{"type":"Point","coordinates":[53.73413,23.95614]}},{"type":"Feature","properties":{"i":0.27},"geometry":{"type":"Point","coordinates":[53.7561,23.95614]}},{"type":"Feature","properties":{"i":0.36},"geometry":{"type":"Point","coordinates":[53.77808,23.95614]}},{"type":"Feature","properties":{"i":0.56},"geometry":{"type":"Point","coordinates":[53.80005,23.95614]}},{"type":"Feature","properties":{"i":0.56},"geometry":{"type":"Point","coordinates":[53.82202,23.95614]}},{"type":"Feature","properties":{"i":0.41},"geometry":{"type":"Point","coordinates":[53.84399,23.95614]}},{"type":"Feature","properties":{"i":1},"geometry":{"type":"Point","coordinates":[53.86597,23.95614]}},{"type":"Feature","properties":{"i":0.94},"geometry":{"type":"Point","coordinates":[53.88794,23.95614]}},{"type":"Feature","properties":{"i":0.72},"geometry":{"type":"Point","coordinates":[53.90991,23.95614]}},{"type":"Feature","properties":{"i":0.72},"geometry":{"type":"Point","coordinates":[53.93188,23.95614]}},{"type":"Feature","properties":{"i":0.17},"geometry":{"type":"Point","coordinates":[54.76685,23.95614]}},{"type":"Feature","properties":{"i":0.35},"geometry":{"type":"Point","coordinates":[54.78882,23.95614]}},{"type":"Feature","properties":{"i":0.19},"geometry":{"type":"Point","coordinates":[54.81079,23.95614]}},{"type":"Feature","properties":{"i":0.66},"geometry":{"type":"Point","coordinates":[53.44849,23.93605]}},{"type":"Feature","properties":{"i":0.18},"geometry":{"type":"Point","coordinates":[53.49243,23.93605]}},{"type":"Feature","properties":{"i":0.02},"geometry":{"type":"Point","coordinates":[53.60229,23.93605]}},{"type":"Feature","properties":{"i":0.07},"geometry":{"type":"Point","coordinates":[53.62427,23.93605]}},{"type":"Feature","properties":{"i":0.14},"geometry":{"type":"Point","coordinates":[53.64624,23.93605]}},{"type":"Feature","properties":{"i":0.23},"geometry":{"type":"Point","coordinates":[53.66821,23.93605]}},{"type":"Feature","properties":{"i":0.73},"geometry":{"type":"Point","coordinates":[53.69019,23.93605]}},{"type":"Feature","properties":{"i":0.73},"geometry":{"type":"Point","coordinates":[53.71216,23.93605]}},{"type":"Feature","properties":{"i":0.69},"geometry":{"type":"Point","coordinates":[53.73413,23.93605]}},{"type":"Feature","properties":{"i":0.28},"geometry":{"type":"Point","coordinates":[53.7561,23.93605]}},{"type":"Feature","properties":{"i":0.32},"geometry":{"type":"Point","coordinates":[53.77808,23.93605]}},{"type":"Feature","properties":{"i":0.32},"geometry":{"type":"Point","coordinates":[53.80005,23.93605]}},{"type":"Feature","properties":{"i":0.36},"geometry":{"type":"Point","coordinates":[53.82202,23.93605]}},{"type":"Feature","properties":{"i":0.09},"geometry":{"type":"Point","coordinates":[53.84399,23.93605]}},{"type":"Feature","properties":{"i":0.84},"geometry":{"type":"Point","coordinates":[53.86597,23.93605]}},{"type":"Feature","properties":{"i":0.9},"geometry":{"type":"Point","coordinates":[53.88794,23.93605]}},{"type":"Feature","properties":{"i":0.46},"geometry":{"type":"Point","coordinates":[53.90991,23.93605]}},{"type":"Feature","properties":{"i":0.4},"geometry":{"type":"Point","coordinates":[53.93188,23.93605]}},{"type":"Feature","properties":{"i":0.75},"geometry":{"type":"Point","coordinates":[53.44849,23.91597]}},{"type":"Feature","properties":{"i":0.03},"geometry":{"type":"Point","coordinates":[53.47046,23.91597]}},{"type":"Feature","properties":{"i":0.07},"geometry":{"type":"Point","coordinates":[53.58032,23.91597]}},{"type":"Feature","properties":{"i":0.11},"geometry":{"type":"Point","coordinates":[53.60229,23.91597]}},{"type":"Feature","properties":{"i":0.18},"geometry":{"type":"Point","coordinates":[53.62427,23.91597]}},{"type":"Feature","properties":{"i":0.62},"geometry":{"type":"Point","coordinates":[53.64624,23.91597]}},{"type":"Feature","properties":{"i":0.49},"geometry":{"type":"Point","coordinates":[53.66821,23.91597]}},{"type":"Feature","properties":{"i":1},"geometry":{"type":"Point","coordinates":[53.69019,23.91597]}},{"type":"Feature","properties":{"i":1},"geometry":{"type":"Point","coordinates":[53.71216,23.91597]}},{"type":"Feature","properties":{"i":1},"geometry":{"type":"Point","coordinates":[53.73413,23.91597]}},{"type":"Feature","properties":{"i":0.34},"geometry":{"type":"Point","coordinates":[53.7561,23.91597]}},{"type":"Feature","properties":{"i":0.69},"geometry":{"type":"Point","coordinates":[53.77808,23.91597]}},{"type":"Feature","properties":{"i":0.47},"geometry":{"type":"Point","coordinates":[53.80005,23.91597]}},{"type":"Feature","properties":{"i":0.07},"geometry":{"type":"Point","coordinates":[53.82202,23.91597]}},{"type":"Feature","properties":{"i":0.4},"geometry":{"type":"Point","coordinates":[53.84399,23.91597]}},{"type":"Feature","properties":{"i":0.88},"geometry":{"type":"Point","coordinates":[53.86597,23.91597]}},{"type":"Feature","properties":{"i":0.29},"geometry":{"type":"Point","coordinates":[53.88794,23.91597]}},{"type":"Feature","properties":{"i":0.48},"geometry":{"type":"Point","coordinates":[53.90991,23.91597]}},{"type":"Feature","properties":{"i":0.47},"geometry":{"type":"Point","coordinates":[53.93188,23.91597]}},{"type":"Feature","properties":{"i":0.65},"geometry":{"type":"Point","coordinates":[53.44849,23.89588]}},{"type":"Feature","properties":{"i":0.31},"geometry":{"type":"Point","coordinates":[53.53638,23.89588]}},{"type":"Feature","properties":{"i":0.09},"geometry":{"type":"Point","coordinates":[53.55835,23.89588]}},{"type":"Feature","properties":{"i":0.33},"geometry":{"type":"Point","coordinates":[53.58032,23.89588]}},{"type":"Feature","properties":{"i":0.32},"geometry":{"type":"Point","coordinates":[53.60229,23.89588]}},{"type":"Feature","properties":{"i":0.68},"geometry":{"type":"Point","coordinates":[53.62427,23.89588]}},{"type":"Feature","properties":{"i":0.95},"geometry":{"type":"Point","coordinates":[53.64624,23.89588]}},{"type":"Feature","properties":{"i":0.62},"geometry":{"type":"Point","coordinates":[53.66821,23.89588]}},{"type":"Feature","properties":{"i":1},"geometry":{"type":"Point","coordinates":[53.69019,23.89588]}},{"type":"Feature","properties":{"i":1},"geometry":{"type":"Point","coordinates":[53.71216,23.89588]}},{"type":"Feature","properties":{"i":1},"geometry":{"type":"Point","coordinates":[53.73413,23.89588]}},{"type":"Feature","properties":{"i":0.37},"geometry":{"type":"Point","coordinates":[53.7561,23.89588]}},{"type":"Feature","properties":{"i":0.17},"geometry":{"type":"Point","coordinates":[53.77808,23.89588]}},{"type":"Feature","properties":{"i":0.11},"geometry":{"type":"Point","coordinates":[53.80005,23.89588]}},{"type":"Feature","properties":{"i":0.23},"geometry":{"type":"Point","coordinates":[53.82202,23.89588]}},{"type":"Feature","properties":{"i":0.82},"geometry":{"type":"Point","coordinates":[53.84399,23.89588]}},{"type":"Feature","properties":{"i":0.83},"geometry":{"type":"Point","coordinates":[53.86597,23.89588]}},{"type":"Feature","properties":{"i":0.17},"geometry":{"type":"Point","coordinates":[53.88794,23.89588]}},{"type":"Feature","properties":{"i":0.39},"geometry":{"type":"Point","coordinates":[53.90991,23.89588]}},{"type":"Feature","properties":{"i":0.96},"geometry":{"type":"Point","coordinates":[53.93188,23.89588]}},{"type":"Feature","properties":{"i":0.07},"geometry":{"type":"Point","coordinates":[53.95386,23.89588]}},{"type":"Feature","properties":{"i":0.63},"geometry":{"type":"Point","coordinates":[53.44849,23.87579]}},{"type":"Feature","properties":{"i":0.05},"geometry":{"type":"Point","coordinates":[53.47046,23.87579]}},{"type":"Feature","properties":{"i":0.05},"geometry":{"type":"Point","coordinates":[53.5144,23.87579]}},{"type":"Feature","properties":{"i":0.36},"geometry":{"type":"Point","coordinates":[53.53638,23.87579]}},{"type":"Feature","properties":{"i":0.61},"geometry":{"type":"Point","coordinates":[53.55835,23.87579]}},{"type":"Feature","properties":{"i":0.52},"geometry":{"type":"Point","coordinates":[53.58032,23.87579]}},{"type":"Feature","properties":{"i":1},"geometry":{"type":"Point","coordinates":[53.60229,23.87579]}},{"type":"Feature","properties":{"i":1},"geometry":{"type":"Point","coordinates":[53.62427,23.87579]}},{"type":"Feature","properties":{"i":0.87},"geometry":{"type":"Point","coordinates":[53.64624,23.87579]}},{"type":"Feature","properties":{"i":0.52},"geometry":{"type":"Point","coordinates":[53.66821,23.87579]}},{"type":"Feature","properties":{"i":0.49},"geometry":{"type":"Point","coordinates":[53.69019,23.87579]}},{"type":"Feature","properties":{"i":0.49},"geometry":{"type":"Point","coordinates":[53.71216,23.87579]}},{"type":"Feature","properties":{"i":0.64},"geometry":{"type":"Point","coordinates":[53.73413,23.87579]}},{"type":"Feature","properties":{"i":0.28},"geometry":{"type":"Point","coordinates":[53.7561,23.87579]}},{"type":"Feature","properties":{"i":0.17},"geometry":{"type":"Point","coordinates":[53.77808,23.87579]}},{"type":"Feature","properties":{"i":0.1},"geometry":{"type":"Point","coordinates":[53.80005,23.87579]}},{"type":"Feature","properties":{"i":0.74},"geometry":{"type":"Point","coordinates":[53.82202,23.87579]}},{"type":"Feature","properties":{"i":1},"geometry":{"type":"Point","coordinates":[53.84399,23.87579]}},{"type":"Feature","properties":{"i":0.51},"geometry":{"type":"Point","coordinates":[53.86597,23.87579]}},{"type":"Feature","properties":{"i":0.13},"geometry":{"type":"Point","coordinates":[53.88794,23.87579]}},{"type":"Feature","properties":{"i":0.42},"geometry":{"type":"Point","coordinates":[53.90991,23.87579]}},{"type":"Feature","properties":{"i":0.97},"geometry":{"type":"Point","coordinates":[53.93188,23.87579]}},{"type":"Feature","properties":{"i":0.69},"geometry":{"type":"Point","coordinates":[53.95386,23.87579]}},{"type":"Feature","properties":{"i":0.07},"geometry":{"type":"Point","coordinates":[54.78882,23.87579]}},{"type":"Feature","properties":{"i":0.63},"geometry":{"type":"Point","coordinates":[53.44849,23.8557]}},{"type":"Feature","properties":{"i":0.6},"geometry":{"type":"Point","coordinates":[53.47046,23.8557]}},{"type":"Feature","properties":{"i":1},"geometry":{"type":"Point","coordinates":[53.49243,23.8557]}},{"type":"Feature","properties":{"i":0.57},"geometry":{"type":"Point","coordinates":[53.5144,23.8557]}},{"type":"Feature","properties":{"i":0.11},"geometry":{"type":"Point","coordinates":[53.53638,23.8557]}},{"type":"Feature","properties":{"i":0.88},"geometry":{"type":"Point","coordinates":[53.55835,23.8557]}},{"type":"Feature","properties":{"i":0.81},"geometry":{"type":"Point","coordinates":[53.58032,23.8557]}},{"type":"Feature","properties":{"i":0.93},"geometry":{"type":"Point","coordinates":[53.60229,23.8557]}},{"type":"Feature","properties":{"i":1},"geometry":{"type":"Point","coordinates":[53.62427,23.8557]}},{"type":"Feature","properties":{"i":1},"geometry":{"type":"Point","coordinates":[53.64624,23.8557]}},{"type":"Feature","properties":{"i":1},"geometry":{"type":"Point","coordinates":[53.66821,23.8557]}},{"type":"Feature","properties":{"i":0.65},"geometry":{"type":"Point","coordinates":[53.69019,23.8557]}},{"type":"Feature","properties":{"i":0.73},"geometry":{"type":"Point","coordinates":[53.71216,23.8557]}},{"type":"Feature","properties":{"i":0.53},"geometry":{"type":"Point","coordinates":[53.73413,23.8557]}},{"type":"Feature","properties":{"i":0.16},"geometry":{"type":"Point","coordinates":[53.7561,23.8557]}},{"type":"Feature","properties":{"i":0.86},"geometry":{"type":"Point","coordinates":[53.77808,23.8557]}},{"type":"Feature","properties":{"i":0.11},"geometry":{"type":"Point","coordinates":[53.80005,23.8557]}},{"type":"Feature","properties":{"i":0.92},"geometry":{"type":"Point","coordinates":[53.82202,23.8557]}},{"type":"Feature","properties":{"i":0.96},"geometry":{"type":"Point","coordinates":[53.84399,23.8557]}},{"type":"Feature","properties":{"i":0.28},"geometry":{"type":"Point","coordinates":[53.86597,23.8557]}},{"type":"Feature","properties":{"i":0.08},"geometry":{"type":"Point","coordinates":[53.88794,23.8557]}},{"type":"Feature","properties":{"i":0.38},"geometry":{"type":"Point","coordinates":[53.90991,23.8557]}},{"type":"Feature","properties":{"i":0.19},"geometry":{"type":"Point","coordinates":[53.93188,23.8557]}},{"type":"Feature","properties":{"i":0.69},"geometry":{"type":"Point","coordinates":[53.44849,23.8356]}},{"type":"Feature","properties":{"i":0.68},"geometry":{"type":"Point","coordinates":[53.47046,23.8356]}},{"type":"Feature","properties":{"i":0.91},"geometry":{"type":"Point","coordinates":[53.49243,23.8356]}},{"type":"Feature","properties":{"i":0.16},"geometry":{"type":"Point","coordinates":[53.5144,23.8356]}},{"type":"Feature","properties":{"i":0.14},"geometry":{"type":"Point","coordinates":[53.53638,23.8356]}},{"type":"Feature","properties":{"i":0.45},"geometry":{"type":"Point","coordinates":[53.55835,23.8356]}},{"type":"Feature","properties":{"i":0.82},"geometry":{"type":"Point","coordinates":[53.58032,23.8356]}},{"type":"Feature","properties":{"i":1},"geometry":{"type":"Point","coordinates":[53.60229,23.8356]}},{"type":"Feature","properties":{"i":1},"geometry":{"type":"Point","coordinates":[53.62427,23.8356]}},{"type":"Feature","properties":{"i":1},"geometry":{"type":"Point","coordinates":[53.64624,23.8356]}},{"type":"Feature","properties":{"i":1},"geometry":{"type":"Point","coordinates":[53.66821,23.8356]}},{"type":"Feature","properties":{"i":1},"geometry":{"type":"Point","coordinates":[53.69019,23.8356]}},{"type":"Feature","properties":{"i":0.38},"geometry":{"type":"Point","coordinates":[53.71216,23.8356]}},{"type":"Feature","properties":{"i":0.22},"geometry":{"type":"Point","coordinates":[53.73413,23.8356]}},{"type":"Feature","properties":{"i":0.68},"geometry":{"type":"Point","coordinates":[53.7561,23.8356]}},{"type":"Feature","properties":{"i":0.47},"geometry":{"type":"Point","coordinates":[53.77808,23.8356]}},{"type":"Feature","properties":{"i":0.19},"geometry":{"type":"Point","coordinates":[53.80005,23.8356]}},{"type":"Feature","properties":{"i":0.84},"geometry":{"type":"Point","coordinates":[53.82202,23.8356]}},{"type":"Feature","properties":{"i":0.4},"geometry":{"type":"Point","coordinates":[53.84399,23.8356]}},{"type":"Feature","properties":{"i":0.08},"geometry":{"type":"Point","coordinates":[53.86597,23.8356]}},{"type":"Feature","properties":{"i":0.02},"geometry":{"type":"Point","coordinates":[53.88794,23.8356]}},{"type":"Feature","properties":{"i":0.44},"geometry":{"type":"Point","coordinates":[53.90991,23.8356]}},{"type":"Feature","properties":{"i":0.05},"geometry":{"type":"Point","coordinates":[53.93188,23.8356]}},{"type":"Feature","properties":{"i":0.03},"geometry":{"type":"Point","coordinates":[53.44849,23.8155]}},{"type":"Feature","properties":{"i":0.64},"geometry":{"type":"Point","coordinates":[53.47046,23.8155]}},{"type":"Feature","properties":{"i":0.14},"geometry":{"type":"Point","coordinates":[53.49243,23.8155]}},{"type":"Feature","properties":{"i":0.09},"geometry":{"type":"Point","coordinates":[53.5144,23.8155]}},{"type":"Feature","properties":{"i":0.29},"geometry":{"type":"Point","coordinates":[53.53638,23.8155]}},{"type":"Feature","properties":{"i":0.49},"geometry":{"type":"Point","coordinates":[53.55835,23.8155]}},{"type":"Feature","properties":{"i":1},"geometry":{"type":"Point","coordinates":[53.58032,23.8155]}},{"type":"Feature","properties":{"i":1},"geometry":{"type":"Point","coordinates":[53.60229,23.8155]}},{"type":"Feature","properties":{"i":1},"geometry":{"type":"Point","coordinates":[53.62427,23.8155]}},{"type":"Feature","properties":{"i":1},"geometry":{"type":"Point","coordinates":[53.64624,23.8155]}},{"type":"Feature","properties":{"i":1},"geometry":{"type":"Point","coordinates":[53.66821,23.8155]}},{"type":"Feature","properties":{"i":0.52},"geometry":{"type":"Point","coordinates":[53.69019,23.8155]}},{"type":"Feature","properties":{"i":0.67},"geometry":{"type":"Point","coordinates":[53.71216,23.8155]}},{"type":"Feature","properties":{"i":0.19},"geometry":{"type":"Point","coordinates":[53.73413,23.8155]}},{"type":"Feature","properties":{"i":0.13},"geometry":{"type":"Point","coordinates":[53.7561,23.8155]}},{"type":"Feature","properties":{"i":0.42},"geometry":{"type":"Point","coordinates":[53.77808,23.8155]}},{"type":"Feature","properties":{"i":0.71},"geometry":{"type":"Point","coordinates":[53.80005,23.8155]}},{"type":"Feature","properties":{"i":0.8},"geometry":{"type":"Point","coordinates":[53.82202,23.8155]}},{"type":"Feature","properties":{"i":0.1},"geometry":{"type":"Point","coordinates":[53.84399,23.8155]}},{"type":"Feature","properties":{"i":0.48},"geometry":{"type":"Point","coordinates":[53.90991,23.8155]}},{"type":"Feature","properties":{"i":0.05},"geometry":{"type":"Point","coordinates":[53.93188,23.8155]}},{"type":"Feature","properties":{"i":0.56},"geometry":{"type":"Point","coordinates":[53.47046,23.7954]}},{"type":"Feature","properties":{"i":0.57},"geometry":{"type":"Point","coordinates":[53.49243,23.7954]}},{"type":"Feature","properties":{"i":0.14},"geometry":{"type":"Point","coordinates":[53.5144,23.7954]}},{"type":"Feature","properties":{"i":0.18},"geometry":{"type":"Point","coordinates":[53.53638,23.7954]}},{"type":"Feature","properties":{"i":0.51},"geometry":{"type":"Point","coordinates":[53.55835,23.7954]}},{"type":"Feature","properties":{"i":0.53},"geometry":{"type":"Point","coordinates":[53.58032,23.7954]}},{"type":"Feature","properties":{"i":0.85},"geometry":{"type":"Point","coordinates":[53.60229,23.7954]}},{"type":"Feature","properties":{"i":0.76},"geometry":{"type":"Point","coordinates":[53.62427,23.7954]}},{"type":"Feature","properties":{"i":1},"geometry":{"type":"Point","coordinates":[53.64624,23.7954]}},{"type":"Feature","properties":{"i":0.5},"geometry":{"type":"Point","coordinates":[53.66821,23.7954]}},{"type":"Feature","properties":{"i":0.4},"geometry":{"type":"Point","coordinates":[53.69019,23.7954]}},{"type":"Feature","properties":{"i":0.49},"geometry":{"type":"Point","coordinates":[53.71216,23.7954]}},{"type":"Feature","properties":{"i":0.12},"geometry":{"type":"Point","coordinates":[53.73413,23.7954]}},{"type":"Feature","properties":{"i":0.08},"geometry":{"type":"Point","coordinates":[53.7561,23.7954]}},{"type":"Feature","properties":{"i":0.36},"geometry":{"type":"Point","coordinates":[53.77808,23.7954]}},{"type":"Feature","properties":{"i":0.79},"geometry":{"type":"Point","coordinates":[53.80005,23.7954]}},{"type":"Feature","properties":{"i":0.45},"geometry":{"type":"Point","coordinates":[53.82202,23.7954]}},{"type":"Feature","properties":{"i":0.07},"geometry":{"type":"Point","coordinates":[53.84399,23.7954]}},{"type":"Feature","properties":{"i":0.38},"geometry":{"type":"Point","coordinates":[53.90991,23.7954]}},{"type":"Feature","properties":{"i":0.05},"geometry":{"type":"Point","coordinates":[53.47046,23.77529]}},{"type":"Feature","properties":{"i":0.16},"geometry":{"type":"Point","coordinates":[53.49243,23.77529]}},{"type":"Feature","properties":{"i":0.69},"geometry":{"type":"Point","coordinates":[53.5144,23.77529]}},{"type":"Feature","properties":{"i":0.67},"geometry":{"type":"Point","coordinates":[53.53638,23.77529]}},{"type":"Feature","properties":{"i":1},"geometry":{"type":"Point","coordinates":[53.55835,23.77529]}},{"type":"Feature","properties":{"i":0.76},"geometry":{"type":"Point","coordinates":[53.58032,23.77529]}},{"type":"Feature","properties":{"i":0.9},"geometry":{"type":"Point","coordinates":[53.60229,23.77529]}},{"type":"Feature","properties":{"i":1},"geometry":{"type":"Point","coordinates":[53.62427,23.77529]}},{"type":"Feature","properties":{"i":0.69},"geometry":{"type":"Point","coordinates":[53.64624,23.77529]}},{"type":"Feature","properties":{"i":0.27},"geometry":{"type":"Point","coordinates":[53.66821,23.77529]}},{"type":"Feature","properties":{"i":0.18},"geometry":{"type":"Point","coordinates":[53.69019,23.77529]}},{"type":"Feature","properties":{"i":0.14},"geometry":{"type":"Point","coordinates":[53.71216,23.77529]}},{"type":"Feature","properties":{"i":0.09},"geometry":{"type":"Point","coordinates":[53.73413,23.77529]}},{"type":"Feature","properties":{"i":1},"geometry":{"type":"Point","coordinates":[53.7561,23.77529]}},{"type":"Feature","properties":{"i":1},"geometry":{"type":"Point","coordinates":[53.77808,23.77529]}},{"type":"Feature","properties":{"i":0.9},"geometry":{"type":"Point","coordinates":[53.80005,23.77529]}},{"type":"Feature","properties":{"i":0.17},"geometry":{"type":"Point","coordinates":[53.82202,23.77529]}},{"type":"Feature","properties":{"i":0.05},"geometry":{"type":"Point","coordinates":[53.84399,23.77529]}},{"type":"Feature","properties":{"i":0.49},"geometry":{"type":"Point","coordinates":[53.90991,23.77529]}},{"type":"Feature","properties":{"i":0.61},"geometry":{"type":"Point","coordinates":[54.41528,23.77529]}},{"type":"Feature","properties":{"i":0.03},"geometry":{"type":"Point","coordinates":[54.78882,23.77529]}},{"type":"Feature","properties":{"i":0.16},"geometry":{"type":"Point","coordinates":[53.47046,23.75518]}},{"type":"Feature","properties":{"i":1},"geometry":{"type":"Point","coordinates":[53.49243,23.75518]}},{"type":"Feature","properties":{"i":1},"geometry":{"type":"Point","coordinates":[53.5144,23.75518]}},{"type":"Feature","properties":{"i":0.8},"geometry":{"type":"Point","coordinates":[53.53638,23.75518]}},{"type":"Feature","properties":{"i":0.73},"geometry":{"type":"Point","coordinates":[53.55835,23.75518]}},{"type":"Feature","properties":{"i":0.47},"geometry":{"type":"Point","coordinates":[53.58032,23.75518]}},{"type":"Feature","properties":{"i":0.47},"geometry":{"type":"Point","coordinates":[53.60229,23.75518]}},{"type":"Feature","properties":{"i":0.41},"geometry":{"type":"Point","coordinates":[53.62427,23.75518]}},{"type":"Feature","properties":{"i":0.34},"geometry":{"type":"Point","coordinates":[53.64624,23.75518]}},{"type":"Feature","properties":{"i":0.87},"geometry":{"type":"Point","coordinates":[53.66821,23.75518]}},{"type":"Feature","properties":{"i":0.27},"geometry":{"type":"Point","coordinates":[53.69019,23.75518]}},{"type":"Feature","properties":{"i":0.15},"geometry":{"type":"Point","coordinates":[53.71216,23.75518]}},{"type":"Feature","properties":{"i":0.99},"geometry":{"type":"Point","coordinates":[53.73413,23.75518]}},{"type":"Feature","properties":{"i":1},"geometry":{"type":"Point","coordinates":[53.7561,23.75518]}},{"type":"Feature","properties":{"i":1},"geometry":{"type":"Point","coordinates":[53.77808,23.75518]}},{"type":"Feature","properties":{"i":0.71},"geometry":{"type":"Point","coordinates":[53.80005,23.75518]}},{"type":"Feature","properties":{"i":0.19},"geometry":{"type":"Point","coordinates":[53.82202,23.75518]}},{"type":"Feature","properties":{"i":0.04},"geometry":{"type":"Point","coordinates":[53.84399,23.75518]}},{"type":"Feature","properties":{"i":0.02},"geometry":{"type":"Point","coordinates":[53.88794,23.75518]}},{"type":"Feature","properties":{"i":0.48},"geometry":{"type":"Point","coordinates":[53.90991,23.75518]}},{"type":"Feature","properties":{"i":0.05},"geometry":{"type":"Point","coordinates":[53.44849,23.73507]}},{"type":"Feature","properties":{"i":0.19},"geometry":{"type":"Point","coordinates":[53.47046,23.73507]}},{"type":"Feature","properties":{"i":1},"geometry":{"type":"Point","coordinates":[53.49243,23.73507]}},{"type":"Feature","properties":{"i":1},"geometry":{"type":"Point","coordinates":[53.5144,23.73507]}},{"type":"Feature","properties":{"i":1},"geometry":{"type":"Point","coordinates":[53.53638,23.73507]}},{"type":"Feature","properties":{"i":0.61},"geometry":{"type":"Point","coordinates":[53.55835,23.73507]}},{"type":"Feature","properties":{"i":0.55},"geometry":{"type":"Point","coordinates":[53.58032,23.73507]}},{"type":"Feature","properties":{"i":0.27},"geometry":{"type":"Point","coordinates":[53.60229,23.73507]}},{"type":"Feature","properties":{"i":0.1},"geometry":{"type":"Point","coordinates":[53.62427,23.73507]}},{"type":"Feature","properties":{"i":0.12},"geometry":{"type":"Point","coordinates":[53.64624,23.73507]}},{"type":"Feature","properties":{"i":0.16},"geometry":{"type":"Point","coordinates":[53.66821,23.73507]}},{"type":"Feature","properties":{"i":0.56},"geometry":{"type":"Point","coordinates":[53.69019,23.73507]}},{"type":"Feature","properties":{"i":0.99},"geometry":{"type":"Point","coordinates":[53.71216,23.73507]}},{"type":"Feature","properties":{"i":0.99},"geometry":{"type":"Point","coordinates":[53.73413,23.73507]}},{"type":"Feature","properties":{"i":0.23},"geometry":{"type":"Point","coordinates":[53.7561,23.73507]}},{"type":"Feature","properties":{"i":0.1},"geometry":{"type":"Point","coordinates":[53.77808,23.73507]}},{"type":"Feature","properties":{"i":0.07},"geometry":{"type":"Point","coordinates":[53.80005,23.73507]}},{"type":"Feature","properties":{"i":0.03},"geometry":{"type":"Point","coordinates":[53.84399,23.73507]}},{"type":"Feature","properties":{"i":0.47},"geometry":{"type":"Point","coordinates":[53.86597,23.73507]}},{"type":"Feature","properties":{"i":0.49},"geometry":{"type":"Point","coordinates":[53.88794,23.73507]}},{"type":"Feature","properties":{"i":0.67},"geometry":{"type":"Point","coordinates":[53.90991,23.73507]}},{"type":"Feature","properties":{"i":0.42},"geometry":{"type":"Point","coordinates":[53.93188,23.73507]}},{"type":"Feature","properties":{"i":0.44},"geometry":{"type":"Point","coordinates":[53.95386,23.73507]}},{"type":"Feature","properties":{"i":0.64},"geometry":{"type":"Point","coordinates":[53.97583,23.73507]}},{"type":"Feature","properties":{"i":0.19},"geometry":{"type":"Point","coordinates":[53.9978,23.73507]}},{"type":"Feature","properties":{"i":0.19},"geometry":{"type":"Point","coordinates":[54.39331,23.73507]}},{"type":"Feature","properties":{"i":0.04},"geometry":{"type":"Point","coordinates":[53.44849,23.71495]}},{"type":"Feature","properties":{"i":0.72},"geometry":{"type":"Point","coordinates":[53.47046,23.71495]}},{"type":"Feature","properties":{"i":0.9},"geometry":{"type":"Point","coordinates":[53.49243,23.71495]}},{"type":"Feature","properties":{"i":1},"geometry":{"type":"Point","coordinates":[53.5144,23.71495]}},{"type":"Feature","properties":{"i":0.83},"geometry":{"type":"Point","coordinates":[53.53638,23.71495]}},{"type":"Feature","properties":{"i":0.28},"geometry":{"type":"Point","coordinates":[53.55835,23.71495]}},{"type":"Feature","properties":{"i":0.71},"geometry":{"type":"Point","coordinates":[53.58032,23.71495]}},{"type":"Feature","properties":{"i":0.19},"geometry":{"type":"Point","coordinates":[53.60229,23.71495]}},{"type":"Feature","properties":{"i":0.22},"geometry":{"type":"Point","coordinates":[53.62427,23.71495]}},{"type":"Feature","properties":{"i":0.48},"geometry":{"type":"Point","coordinates":[53.64624,23.71495]}},{"type":"Feature","properties":{"i":1},"geometry":{"type":"Point","coordinates":[53.66821,23.71495]}},{"type":"Feature","properties":{"i":1},"geometry":{"type":"Point","coordinates":[53.69019,23.71495]}},{"type":"Feature","properties":{"i":1},"geometry":{"type":"Point","coordinates":[53.71216,23.71495]}},{"type":"Feature","properties":{"i":0.27},"geometry":{"type":"Point","coordinates":[53.73413,23.71495]}},{"type":"Feature","properties":{"i":0.14},"geometry":{"type":"Point","coordinates":[53.7561,23.71495]}},{"type":"Feature","properties":{"i":0.08},"geometry":{"type":"Point","coordinates":[53.77808,23.71495]}},{"type":"Feature","properties":{"i":0.09},"geometry":{"type":"Point","coordinates":[53.80005,23.71495]}},{"type":"Feature","properties":{"i":0.63},"geometry":{"type":"Point","coordinates":[53.82202,23.71495]}},{"type":"Feature","properties":{"i":0.63},"geometry":{"type":"Point","coordinates":[53.84399,23.71495]}},{"type":"Feature","properties":{"i":0.47},"geometry":{"type":"Point","coordinates":[53.86597,23.71495]}},{"type":"Feature","properties":{"i":0.04},"geometry":{"type":"Point","coordinates":[53.88794,23.71495]}},{"type":"Feature","properties":{"i":0.15},"geometry":{"type":"Point","coordinates":[53.90991,23.71495]}},{"type":"Feature","properties":{"i":0.02},"geometry":{"type":"Point","coordinates":[53.93188,23.71495]}},{"type":"Feature","properties":{"i":0.02},"geometry":{"type":"Point","coordinates":[54.76685,23.71495]}},{"type":"Feature","properties":{"i":0.07},"geometry":{"type":"Point","coordinates":[53.44849,23.69483]}},{"type":"Feature","properties":{"i":0.31},"geometry":{"type":"Point","coordinates":[53.47046,23.69483]}},{"type":"Feature","properties":{"i":1},"geometry":{"type":"Point","coordinates":[53.49243,23.69483]}},{"type":"Feature","properties":{"i":0.36},"geometry":{"type":"Point","coordinates":[53.5144,23.69483]}},{"type":"Feature","properties":{"i":0.29},"geometry":{"type":"Point","coordinates":[53.53638,23.69483]}},{"type":"Feature","properties":{"i":0.25},"geometry":{"type":"Point","coordinates":[53.55835,23.69483]}},{"type":"Feature","properties":{"i":0.39},"geometry":{"type":"Point","coordinates":[53.58032,23.69483]}},{"type":"Feature","properties":{"i":0.56},"geometry":{"type":"Point","coordinates":[53.60229,23.69483]}},{"type":"Feature","properties":{"i":0.7},"geometry":{"type":"Point","coordinates":[53.62427,23.69483]}},{"type":"Feature","properties":{"i":0.5},"geometry":{"type":"Point","coordinates":[53.64624,23.69483]}},{"type":"Feature","properties":{"i":1},"geometry":{"type":"Point","coordinates":[53.66821,23.69483]}},{"type":"Feature","properties":{"i":1},"geometry":{"type":"Point","coordinates":[53.69019,23.69483]}},{"type":"Feature","properties":{"i":1},"geometry":{"type":"Point","coordinates":[53.71216,23.69483]}},{"type":"Feature","properties":{"i":0.4},"geometry":{"type":"Point","coordinates":[53.73413,23.69483]}},{"type":"Feature","properties":{"i":0.27},"geometry":{"type":"Point","coordinates":[53.7561,23.69483]}},{"type":"Feature","properties":{"i":0.52},"geometry":{"type":"Point","coordinates":[53.77808,23.69483]}},{"type":"Feature","properties":{"i":0.56},"geometry":{"type":"Point","coordinates":[53.80005,23.69483]}},{"type":"Feature","properties":{"i":0.47},"geometry":{"type":"Point","coordinates":[53.82202,23.69483]}},{"type":"Feature","properties":{"i":0.62},"geometry":{"type":"Point","coordinates":[53.84399,23.69483]}},{"type":"Feature","properties":{"i":0.07},"geometry":{"type":"Point","coordinates":[53.86597,23.69483]}},{"type":"Feature","properties":{"i":0.53},"geometry":{"type":"Point","coordinates":[54.34937,23.69483]}},{"type":"Feature","properties":{"i":1},"geometry":{"type":"Point","coordinates":[54.37134,23.69483]}},{"type":"Feature","properties":{"i":0.41},"geometry":{"type":"Point","coordinates":[54.39331,23.69483]}},{"type":"Feature","properties":{"i":0.19},"geometry":{"type":"Point","coordinates":[54.41528,23.69483]}},{"type":"Feature","properties":{"i":0.19},"geometry":{"type":"Point","coordinates":[54.76685,23.69483]}},{"type":"Feature","properties":{"i":0.32},"geometry":{"type":"Point","coordinates":[54.78882,23.69483]}},{"type":"Feature","properties":{"i":0.75},"geometry":{"type":"Point","coordinates":[53.44849,23.67471]}},{"type":"Feature","properties":{"i":0.19},"geometry":{"type":"Point","coordinates":[53.47046,23.67471]}},{"type":"Feature","properties":{"i":0.19},"geometry":{"type":"Point","coordinates":[53.49243,23.67471]}},{"type":"Feature","properties":{"i":0.12},"geometry":{"type":"Point","coordinates":[53.5144,23.67471]}},{"type":"Feature","properties":{"i":0.12},"geometry":{"type":"Point","coordinates":[53.53638,23.67471]}},{"type":"Feature","properties":{"i":0.1},"geometry":{"type":"Point","coordinates":[53.55835,23.67471]}},{"type":"Feature","properties":{"i":0.09},"geometry":{"type":"Point","coordinates":[53.58032,23.67471]}},{"type":"Feature","properties":{"i":0.19},"geometry":{"type":"Point","coordinates":[53.60229,23.67471]}},{"type":"Feature","properties":{"i":0.7},"geometry":{"type":"Point","coordinates":[53.62427,23.67471]}},{"type":"Feature","properties":{"i":0.83},"geometry":{"type":"Point","coordinates":[53.64624,23.67471]}},{"type":"Feature","properties":{"i":0.47},"geometry":{"type":"Point","coordinates":[53.66821,23.67471]}},{"type":"Feature","properties":{"i":1},"geometry":{"type":"Point","coordinates":[53.69019,23.67471]}},{"type":"Feature","properties":{"i":1},"geometry":{"type":"Point","coordinates":[53.71216,23.67471]}},{"type":"Feature","properties":{"i":1},"geometry":{"type":"Point","coordinates":[53.73413,23.67471]}},{"type":"Feature","properties":{"i":0.91},"geometry":{"type":"Point","coordinates":[53.7561,23.67471]}},{"type":"Feature","properties":{"i":0.72},"geometry":{"type":"Point","coordinates":[53.77808,23.67471]}},{"type":"Feature","properties":{"i":0.59},"geometry":{"type":"Point","coordinates":[53.80005,23.67471]}},{"type":"Feature","properties":{"i":0.79},"geometry":{"type":"Point","coordinates":[53.82202,23.67471]}},{"type":"Feature","properties":{"i":1},"geometry":{"type":"Point","coordinates":[53.84399,23.67471]}},{"type":"Feature","properties":{"i":0.11},"geometry":{"type":"Point","coordinates":[53.86597,23.67471]}},{"type":"Feature","properties":{"i":0.71},"geometry":{"type":"Point","coordinates":[54.32739,23.67471]}},{"type":"Feature","properties":{"i":1},"geometry":{"type":"Point","coordinates":[54.34937,23.67471]}},{"type":"Feature","properties":{"i":0.84},"geometry":{"type":"Point","coordinates":[54.37134,23.67471]}},{"type":"Feature","properties":{"i":0.87},"geometry":{"type":"Point","coordinates":[54.39331,23.67471]}},{"type":"Feature","properties":{"i":0.58},"geometry":{"type":"Point","coordinates":[54.41528,23.67471]}},{"type":"Feature","properties":{"i":0.12},"geometry":{"type":"Point","coordinates":[54.74487,23.67471]}},{"type":"Feature","properties":{"i":0.67},"geometry":{"type":"Point","coordinates":[54.76685,23.67471]}},{"type":"Feature","properties":{"i":0.85},"geometry":{"type":"Point","coordinates":[54.78882,23.67471]}},{"type":"Feature","properties":{"i":0.12},"geometry":{"type":"Point","coordinates":[54.81079,23.67471]}},{"type":"Feature","properties":{"i":1},"geometry":{"type":"Point","coordinates":[53.44849,23.65459]}},{"type":"Feature","properties":{"i":0.12},"geometry":{"type":"Point","coordinates":[53.47046,23.65459]}},{"type":"Feature","properties":{"i":0.05},"geometry":{"type":"Point","coordinates":[53.49243,23.65459]}},{"type":"Feature","properties":{"i":0.03},"geometry":{"type":"Point","coordinates":[53.5144,23.65459]}},{"type":"Feature","properties":{"i":0.02},"geometry":{"type":"Point","coordinates":[53.53638,23.65459]}},{"type":"Feature","properties":{"i":0.04},"geometry":{"type":"Point","coordinates":[53.55835,23.65459]}},{"type":"Feature","properties":{"i":0.04},"geometry":{"type":"Point","coordinates":[53.58032,23.65459]}},{"type":"Feature","properties":{"i":0.56},"geometry":{"type":"Point","coordinates":[53.60229,23.65459]}},{"type":"Feature","properties":{"i":1},"geometry":{"type":"Point","coordinates":[53.62427,23.65459]}},{"type":"Feature","properties":{"i":0.94},"geometry":{"type":"Point","coordinates":[53.64624,23.65459]}},{"type":"Feature","properties":{"i":1},"geometry":{"type":"Point","coordinates":[53.66821,23.65459]}},{"type":"Feature","properties":{"i":1},"geometry":{"type":"Point","coordinates":[53.69019,23.65459]}},{"type":"Feature","properties":{"i":1},"geometry":{"type":"Point","coordinates":[53.71216,23.65459]}},{"type":"Feature","properties":{"i":1},"geometry":{"type":"Point","coordinates":[53.73413,23.65459]}},{"type":"Feature","properties":{"i":1},"geometry":{"type":"Point","coordinates":[53.7561,23.65459]}},{"type":"Feature","properties":{"i":0.98},"geometry":{"type":"Point","coordinates":[53.77808,23.65459]}},{"type":"Feature","properties":{"i":1},"geometry":{"type":"Point","coordinates":[53.80005,23.65459]}},{"type":"Feature","properties":{"i":1},"geometry":{"type":"Point","coordinates":[53.82202,23.65459]}},{"type":"Feature","properties":{"i":0.93},"geometry":{"type":"Point","coordinates":[53.84399,23.65459]}},{"type":"Feature","properties":{"i":0.12},"geometry":{"type":"Point","coordinates":[53.86597,23.65459]}},{"type":"Feature","properties":{"i":0.8},"geometry":{"type":"Point","coordinates":[54.32739,23.65459]}},{"type":"Feature","properties":{"i":1},"geometry":{"type":"Point","coordinates":[54.34937,23.65459]}},{"type":"Feature","properties":{"i":0.73},"geometry":{"type":"Point","coordinates":[54.37134,23.65459]}},{"type":"Feature","properties":{"i":0.62},"geometry":{"type":"Point","coordinates":[54.39331,23.65459]}},{"type":"Feature","properties":{"i":0.77},"geometry":{"type":"Point","coordinates":[54.41528,23.65459]}},{"type":"Feature","properties":{"i":0.04},"geometry":{"type":"Point","coordinates":[54.74487,23.65459]}},{"type":"Feature","properties":{"i":0.12},"geometry":{"type":"Point","coordinates":[54.78882,23.65459]}},{"type":"Feature","properties":{"i":0.11},"geometry":{"type":"Point","coordinates":[53.44849,23.63446]}},{"type":"Feature","properties":{"i":0.04},"geometry":{"type":"Point","coordinates":[53.47046,23.63446]}},{"type":"Feature","properties":{"i":0.03},"geometry":{"type":"Point","coordinates":[53.49243,23.63446]}},{"type":"Feature","properties":{"i":0.02},"geometry":{"type":"Point","coordinates":[53.58032,23.63446]}},{"type":"Feature","properties":{"i":0.78},"geometry":{"type":"Point","coordinates":[53.60229,23.63446]}},{"type":"Feature","properties":{"i":0.97},"geometry":{"type":"Point","coordinates":[53.62427,23.63446]}},{"type":"Feature","properties":{"i":0.36},"geometry":{"type":"Point","coordinates":[53.64624,23.63446]}},{"type":"Feature","properties":{"i":1},"geometry":{"type":"Point","coordinates":[53.66821,23.63446]}},{"type":"Feature","properties":{"i":1},"geometry":{"type":"Point","coordinates":[53.69019,23.63446]}},{"type":"Feature","properties":{"i":1},"geometry":{"type":"Point","coordinates":[53.71216,23.63446]}},{"type":"Feature","properties":{"i":1},"geometry":{"type":"Point","coordinates":[53.73413,23.63446]}},{"type":"Feature","properties":{"i":0.47},"geometry":{"type":"Point","coordinates":[53.7561,23.63446]}},{"type":"Feature","properties":{"i":0.19},"geometry":{"type":"Point","coordinates":[53.77808,23.63446]}},{"type":"Feature","properties":{"i":0.91},"geometry":{"type":"Point","coordinates":[53.80005,23.63446]}},{"type":"Feature","properties":{"i":1},"geometry":{"type":"Point","coordinates":[53.82202,23.63446]}},{"type":"Feature","properties":{"i":1},"geometry":{"type":"Point","coordinates":[53.84399,23.63446]}},{"type":"Feature","properties":{"i":0.12},"geometry":{"type":"Point","coordinates":[53.86597,23.63446]}},{"type":"Feature","properties":{"i":0.03},"geometry":{"type":"Point","coordinates":[54.32739,23.63446]}},{"type":"Feature","properties":{"i":0.18},"geometry":{"type":"Point","coordinates":[54.34937,23.63446]}},{"type":"Feature","properties":{"i":0.11},"geometry":{"type":"Point","coordinates":[54.37134,23.63446]}},{"type":"Feature","properties":{"i":0.13},"geometry":{"type":"Point","coordinates":[53.44849,23.61433]}},{"type":"Feature","properties":{"i":0.08},"geometry":{"type":"Point","coordinates":[53.47046,23.61433]}},{"type":"Feature","properties":{"i":0.03},"geometry":{"type":"Point","coordinates":[53.49243,23.61433]}},{"type":"Feature","properties":{"i":0.04},"geometry":{"type":"Point","coordinates":[53.60229,23.61433]}},{"type":"Feature","properties":{"i":0.14},"geometry":{"type":"Point","coordinates":[53.62427,23.61433]}},{"type":"Feature","properties":{"i":0.16},"geometry":{"type":"Point","coordinates":[53.64624,23.61433]}},{"type":"Feature","properties":{"i":0.68},"geometry":{"type":"Point","coordinates":[53.66821,23.61433]}},{"type":"Feature","properties":{"i":1},"geometry":{"type":"Point","coordinates":[53.69019,23.61433]}},{"type":"Feature","properties":{"i":1},"geometry":{"type":"Point","coordinates":[53.71216,23.61433]}},{"type":"Feature","properties":{"i":1},"geometry":{"type":"Point","coordinates":[53.73413,23.61433]}},{"type":"Feature","properties":{"i":0.4},"geometry":{"type":"Point","coordinates":[53.7561,23.61433]}},{"type":"Feature","properties":{"i":0.4},"geometry":{"type":"Point","coordinates":[53.77808,23.61433]}},{"type":"Feature","properties":{"i":0.11},"geometry":{"type":"Point","coordinates":[53.80005,23.61433]}},{"type":"Feature","properties":{"i":0.12},"geometry":{"type":"Point","coordinates":[53.82202,23.61433]}},{"type":"Feature","properties":{"i":0.13},"geometry":{"type":"Point","coordinates":[53.84399,23.61433]}},{"type":"Feature","properties":{"i":0.35},"geometry":{"type":"Point","coordinates":[54.74487,23.61433]}},{"type":"Feature","properties":{"i":0.18},"geometry":{"type":"Point","coordinates":[53.44849,23.59419]}},{"type":"Feature","properties":{"i":0.09},"geometry":{"type":"Point","coordinates":[53.47046,23.59419]}},{"type":"Feature","properties":{"i":0.04},"geometry":{"type":"Point","coordinates":[53.49243,23.59419]}},{"type":"Feature","properties":{"i":0.05},"geometry":{"type":"Point","coordinates":[53.64624,23.59419]}},{"type":"Feature","properties":{"i":0.27},"geometry":{"type":"Point","coordinates":[53.66821,23.59419]}},{"type":"Feature","properties":{"i":0.8},"geometry":{"type":"Point","coordinates":[53.69019,23.59419]}},{"type":"Feature","properties":{"i":0.99},"geometry":{"type":"Point","coordinates":[53.71216,23.59419]}},{"type":"Feature","properties":{"i":0.84},"geometry":{"type":"Point","coordinates":[53.73413,23.59419]}},{"type":"Feature","properties":{"i":0.92},"geometry":{"type":"Point","coordinates":[53.7561,23.59419]}},{"type":"Feature","properties":{"i":0.18},"geometry":{"type":"Point","coordinates":[53.77808,23.59419]}},{"type":"Feature","properties":{"i":0.04},"geometry":{"type":"Point","coordinates":[53.80005,23.59419]}},{"type":"Feature","properties":{"i":0.34},"geometry":{"type":"Point","coordinates":[54.74487,23.59419]}},{"type":"Feature","properties":{"i":0.09},"geometry":{"type":"Point","coordinates":[54.76685,23.59419]}},{"type":"Feature","properties":{"i":0.03},"geometry":{"type":"Point","coordinates":[54.78882,23.59419]}},{"type":"Feature","properties":{"i":0.19},"geometry":{"type":"Point","coordinates":[53.44849,23.57406]}},{"type":"Feature","properties":{"i":0.11},"geometry":{"type":"Point","coordinates":[53.47046,23.57406]}},{"type":"Feature","properties":{"i":0.07},"geometry":{"type":"Point","coordinates":[53.49243,23.57406]}},{"type":"Feature","properties":{"i":0.02},"geometry":{"type":"Point","coordinates":[53.5144,23.57406]}},{"type":"Feature","properties":{"i":0.09},"geometry":{"type":"Point","coordinates":[53.66821,23.57406]}},{"type":"Feature","properties":{"i":0.25},"geometry":{"type":"Point","coordinates":[53.69019,23.57406]}},{"type":"Feature","properties":{"i":1},"geometry":{"type":"Point","coordinates":[53.71216,23.57406]}},{"type":"Feature","properties":{"i":1},"geometry":{"type":"Point","coordinates":[53.73413,23.57406]}},{"type":"Feature","properties":{"i":0.92},"geometry":{"type":"Point","coordinates":[53.7561,23.57406]}},{"type":"Feature","properties":{"i":0.18},"geometry":{"type":"Point","coordinates":[53.77808,23.57406]}},{"type":"Feature","properties":{"i":0.04},"geometry":{"type":"Point","coordinates":[53.80005,23.57406]}},{"type":"Feature","properties":{"i":0.15},"geometry":{"type":"Point","coordinates":[53.84399,23.57406]}},{"type":"Feature","properties":{"i":0.13},"geometry":{"type":"Point","coordinates":[54.81079,23.57406]}},{"type":"Feature","properties":{"i":0.21},"geometry":{"type":"Point","coordinates":[53.44849,23.55392]}},{"type":"Feature","properties":{"i":0.1},"geometry":{"type":"Point","coordinates":[53.47046,23.55392]}},{"type":"Feature","properties":{"i":0.07},"geometry":{"type":"Point","coordinates":[53.49243,23.55392]}},{"type":"Feature","properties":{"i":0.02},"geometry":{"type":"Point","coordinates":[53.66821,23.55392]}},{"type":"Feature","properties":{"i":0.19},"geometry":{"type":"Point","coordinates":[53.69019,23.55392]}},{"type":"Feature","properties":{"i":0.81},"geometry":{"type":"Point","coordinates":[53.71216,23.55392]}},{"type":"Feature","properties":{"i":0.81},"geometry":{"type":"Point","coordinates":[53.73413,23.55392]}},{"type":"Feature","properties":{"i":1},"geometry":{"type":"Point","coordinates":[53.7561,23.55392]}},{"type":"Feature","properties":{"i":0.53},"geometry":{"type":"Point","coordinates":[53.77808,23.55392]}},{"type":"Feature","properties":{"i":0.08},"geometry":{"type":"Point","coordinates":[53.80005,23.55392]}},{"type":"Feature","properties":{"i":0.19},"geometry":{"type":"Point","coordinates":[53.44849,23.53377]}},{"type":"Feature","properties":{"i":0.11},"geometry":{"type":"Point","coordinates":[53.47046,23.53377]}},{"type":"Feature","properties":{"i":0.03},"geometry":{"type":"Point","coordinates":[53.49243,23.53377]}},{"type":"Feature","properties":{"i":0.03},"geometry":{"type":"Point","coordinates":[53.71216,23.53377]}},{"type":"Feature","properties":{"i":0.72},"geometry":{"type":"Point","coordinates":[53.73413,23.53377]}},{"type":"Feature","properties":{"i":0.42},"geometry":{"type":"Point","coordinates":[53.7561,23.53377]}},{"type":"Feature","properties":{"i":0.53},"geometry":{"type":"Point","coordinates":[53.77808,23.53377]}},{"type":"Feature","properties":{"i":0.53},"geometry":{"type":"Point","coordinates":[53.80005,23.53377]}},{"type":"Feature","properties":{"i":0.87},"geometry":{"type":"Point","coordinates":[54.37134,23.53377]}},{"type":"Feature","properties":{"i":0.87},"geometry":{"type":"Point","coordinates":[54.39331,23.53377]}},{"type":"Feature","properties":{"i":0.25},"geometry":{"type":"Point","coordinates":[53.44849,23.51363]}},{"type":"Feature","properties":{"i":0.12},"geometry":{"type":"Point","coordinates":[53.47046,23.51363]}},{"type":"Feature","properties":{"i":0.05},"geometry":{"type":"Point","coordinates":[53.49243,23.51363]}},{"type":"Feature","properties":{"i":0.02},"geometry":{"type":"Point","coordinates":[53.5144,23.51363]}},{"type":"Feature","properties":{"i":0.66},"geometry":{"type":"Point","coordinates":[53.73413,23.51363]}},{"type":"Feature","properties":{"i":0.46},"geometry":{"type":"Point","coordinates":[53.7561,23.51363]}},{"type":"Feature","properties":{"i":0.02},"geometry":{"type":"Point","coordinates":[53.77808,23.51363]}},{"type":"Feature","properties":{"i":0.23},"geometry":{"type":"Point","coordinates":[53.44849,23.49348]}},{"type":"Feature","properties":{"i":0.15},"geometry":{"type":"Point","coordinates":[53.47046,23.49348]}},{"type":"Feature","properties":{"i":0.1},"geometry":{"type":"Point","coordinates":[53.49243,23.49348]}},{"type":"Feature","properties":{"i":0.03},"geometry":{"type":"Point","coordinates":[53.5144,23.49348]}},{"type":"Feature","properties":{"i":0.62},"geometry":{"type":"Point","coordinates":[53.73413,23.49348]}},{"type":"Feature","properties":{"i":0.62},"geometry":{"type":"Point","coordinates":[53.7561,23.49348]}},{"type":"Feature","properties":{"i":0.03},"geometry":{"type":"Point","coordinates":[54.21753,23.49348]}},{"type":"Feature","properties":{"i":0.03},"geometry":{"type":"Point","coordinates":[54.2395,23.49348]}},{"type":"Feature","properties":{"i":0.04},"geometry":{"type":"Point","coordinates":[54.26147,23.49348]}},{"type":"Feature","properties":{"i":0.03},"geometry":{"type":"Point","coordinates":[54.28345,23.49348]}},{"type":"Feature","properties":{"i":0.05},"geometry":{"type":"Point","coordinates":[54.30542,23.49348]}},{"type":"Feature","properties":{"i":0.13},"geometry":{"type":"Point","coordinates":[53.44849,23.47332]}},{"type":"Feature","properties":{"i":0.05},"geometry":{"type":"Point","coordinates":[53.47046,23.47332]}},{"type":"Feature","properties":{"i":0.72},"geometry":{"type":"Point","coordinates":[53.73413,23.47332]}},{"type":"Feature","properties":{"i":0.74},"geometry":{"type":"Point","coordinates":[53.7561,23.47332]}},{"type":"Feature","properties":{"i":0.03},"geometry":{"type":"Point","coordinates":[54.17358,23.47332]}},{"type":"Feature","properties":{"i":0.04},"geometry":{"type":"Point","coordinates":[54.19556,23.47332]}},{"type":"Feature","properties":{"i":0.05},"geometry":{"type":"Point","coordinates":[54.21753,23.47332]}},{"type":"Feature","properties":{"i":0.09},"geometry":{"type":"Point","coordinates":[54.2395,23.47332]}},{"type":"Feature","properties":{"i":0.08},"geometry":{"type":"Point","coordinates":[54.26147,23.47332]}},{"type":"Feature","properties":{"i":0.08},"geometry":{"type":"Point","coordinates":[54.28345,23.47332]}},{"type":"Feature","properties":{"i":0.05},"geometry":{"type":"Point","coordinates":[54.30542,23.47332]}},{"type":"Feature","properties":{"i":0.09},"geometry":{"type":"Point","coordinates":[54.32739,23.47332]}},{"type":"Feature","properties":{"i":0.07},"geometry":{"type":"Point","coordinates":[54.34937,23.47332]}},{"type":"Feature","properties":{"i":0.07},"geometry":{"type":"Point","coordinates":[54.37134,23.47332]}},{"type":"Feature","properties":{"i":0.09},"geometry":{"type":"Point","coordinates":[54.39331,23.47332]}},{"type":"Feature","properties":{"i":0.07},"geometry":{"type":"Point","coordinates":[53.44849,23.45317]}},{"type":"Feature","properties":{"i":0.02},"geometry":{"type":"Point","coordinates":[53.47046,23.45317]}},{"type":"Feature","properties":{"i":0.02},"geometry":{"type":"Point","coordinates":[53.73413,23.45317]}},{"type":"Feature","properties":{"i":0.77},"geometry":{"type":"Point","coordinates":[53.7561,23.45317]}},{"type":"Feature","properties":{"i":0.03},"geometry":{"type":"Point","coordinates":[53.77808,23.45317]}},{"type":"Feature","properties":{"i":0.04},"geometry":{"type":"Point","coordinates":[54.15161,23.45317]}},{"type":"Feature","properties":{"i":0.07},"geometry":{"type":"Point","coordinates":[54.17358,23.45317]}},{"type":"Feature","properties":{"i":0.12},"geometry":{"type":"Point","coordinates":[54.19556,23.45317]}},{"type":"Feature","properties":{"i":0.16},"geometry":{"type":"Point","coordinates":[54.21753,23.45317]}},{"type":"Feature","properties":{"i":0.18},"geometry":{"type":"Point","coordinates":[54.2395,23.45317]}},{"type":"Feature","properties":{"i":0.11},"geometry":{"type":"Point","coordinates":[54.26147,23.45317]}},{"type":"Feature","properties":{"i":0.14},"geometry":{"type":"Point","coordinates":[54.28345,23.45317]}},{"type":"Feature","properties":{"i":0.12},"geometry":{"type":"Point","coordinates":[54.30542,23.45317]}},{"type":"Feature","properties":{"i":0.08},"geometry":{"type":"Point","coordinates":[54.32739,23.45317]}},{"type":"Feature","properties":{"i":0.09},"geometry":{"type":"Point","coordinates":[54.34937,23.45317]}},{"type":"Feature","properties":{"i":0.03},"geometry":{"type":"Point","coordinates":[54.37134,23.45317]}},{"type":"Feature","properties":{"i":0.04},"geometry":{"type":"Point","coordinates":[54.39331,23.45317]}},{"type":"Feature","properties":{"i":0.02},"geometry":{"type":"Point","coordinates":[54.41528,23.45317]}},{"type":"Feature","properties":{"i":0.02},"geometry":{"type":"Point","coordinates":[53.73413,23.43301]}},{"type":"Feature","properties":{"i":0.72},"geometry":{"type":"Point","coordinates":[53.7561,23.43301]}},{"type":"Feature","properties":{"i":0.03},"geometry":{"type":"Point","coordinates":[53.77808,23.43301]}},{"type":"Feature","properties":{"i":0.03},"geometry":{"type":"Point","coordinates":[54.12964,23.43301]}},{"type":"Feature","properties":{"i":0.11},"geometry":{"type":"Point","coordinates":[54.15161,23.43301]}},{"type":"Feature","properties":{"i":0.16},"geometry":{"type":"Point","coordinates":[54.17358,23.43301]}},{"type":"Feature","properties":{"i":0.22},"geometry":{"type":"Point","coordinates":[54.19556,23.43301]}},{"type":"Feature","properties":{"i":0.23},"geometry":{"type":"Point","coordinates":[54.21753,23.43301]}},{"type":"Feature","properties":{"i":0.09},"geometry":{"type":"Point","coordinates":[54.2395,23.43301]}},{"type":"Feature","properties":{"i":0.1},"geometry":{"type":"Point","coordinates":[54.26147,23.43301]}},{"type":"Feature","properties":{"i":0.21},"geometry":{"type":"Point","coordinates":[54.28345,23.43301]}},{"type":"Feature","properties":{"i":0.3},"geometry":{"type":"Point","coordinates":[54.30542,23.43301]}},{"type":"Feature","properties":{"i":0.15},"geometry":{"type":"Point","coordinates":[54.32739,23.43301]}},{"type":"Feature","properties":{"i":0.16},"geometry":{"type":"Point","coordinates":[54.34937,23.43301]}},{"type":"Feature","properties":{"i":0.09},"geometry":{"type":"Point","coordinates":[54.37134,23.43301]}},{"type":"Feature","properties":{"i":0.02},"geometry":{"type":"Point","coordinates":[54.39331,23.43301]}},{"type":"Feature","properties":{"i":0.02},"geometry":{"type":"Point","coordinates":[54.43726,23.43301]}},{"type":"Feature","properties":{"i":0.63},"geometry":{"type":"Point","coordinates":[53.7561,23.41285]}},{"type":"Feature","properties":{"i":0.03},"geometry":{"type":"Point","coordinates":[53.77808,23.41285]}},{"type":"Feature","properties":{"i":0.02},"geometry":{"type":"Point","coordinates":[54.08569,23.41285]}},{"type":"Feature","properties":{"i":0.03},"geometry":{"type":"Point","coordinates":[54.10767,23.41285]}},{"type":"Feature","properties":{"i":0.08},"geometry":{"type":"Point","coordinates":[54.12964,23.41285]}},{"type":"Feature","properties":{"i":0.17},"geometry":{"type":"Point","coordinates":[54.15161,23.41285]}},{"type":"Feature","properties":{"i":0.21},"geometry":{"type":"Point","coordinates":[54.17358,23.41285]}},{"type":"Feature","properties":{"i":0.25},"geometry":{"type":"Point","coordinates":[54.19556,23.41285]}},{"type":"Feature","properties":{"i":0.35},"geometry":{"type":"Point","coordinates":[54.21753,23.41285]}},{"type":"Feature","properties":{"i":0.18},"geometry":{"type":"Point","coordinates":[54.2395,23.41285]}},{"type":"Feature","properties":{"i":0.19},"geometry":{"type":"Point","coordinates":[54.26147,23.41285]}},{"type":"Feature","properties":{"i":0.42},"geometry":{"type":"Point","coordinates":[54.28345,23.41285]}},{"type":"Feature","properties":{"i":0.31},"geometry":{"type":"Point","coordinates":[54.30542,23.41285]}},{"type":"Feature","properties":{"i":0.25},"geometry":{"type":"Point","coordinates":[54.32739,23.41285]}},{"type":"Feature","properties":{"i":0.18},"geometry":{"type":"Point","coordinates":[54.34937,23.41285]}},{"type":"Feature","properties":{"i":0.11},"geometry":{"type":"Point","coordinates":[54.41528,23.41285]}},{"type":"Feature","properties":{"i":0.03},"geometry":{"type":"Point","coordinates":[54.43726,23.41285]}},{"type":"Feature","properties":{"i":0.38},"geometry":{"type":"Point","coordinates":[53.7561,23.39268]}},{"type":"Feature","properties":{"i":0.27},"geometry":{"type":"Point","coordinates":[53.77808,23.39268]}},{"type":"Feature","properties":{"i":0.04},"geometry":{"type":"Point","coordinates":[54.06372,23.39268]}},{"type":"Feature","properties":{"i":0.04},"geometry":{"type":"Point","coordinates":[54.08569,23.39268]}},{"type":"Feature","properties":{"i":0.08},"geometry":{"type":"Point","coordinates":[54.10767,23.39268]}},{"type":"Feature","properties":{"i":0.14},"geometry":{"type":"Point","coordinates":[54.12964,23.39268]}},{"type":"Feature","properties":{"i":0.22},"geometry":{"type":"Point","coordinates":[54.15161,23.39268]}},{"type":"Feature","properties":{"i":0.3},"geometry":{"type":"Point","coordinates":[54.17358,23.39268]}},{"type":"Feature","properties":{"i":0.43},"geometry":{"type":"Point","coordinates":[54.19556,23.39268]}},{"type":"Feature","properties":{"i":0.27},"geometry":{"type":"Point","coordinates":[54.21753,23.39268]}},{"type":"Feature","properties":{"i":0.48},"geometry":{"type":"Point","coordinates":[54.2395,23.39268]}},{"type":"Feature","properties":{"i":0.47},"geometry":{"type":"Point","coordinates":[54.26147,23.39268]}},{"type":"Feature","properties":{"i":0.47},"geometry":{"type":"Point","coordinates":[54.28345,23.39268]}},{"type":"Feature","properties":{"i":0.37},"geometry":{"type":"Point","coordinates":[54.30542,23.39268]}},{"type":"Feature","properties":{"i":0.35},"geometry":{"type":"Point","coordinates":[54.32739,23.39268]}},{"type":"Feature","properties":{"i":0.32},"geometry":{"type":"Point","coordinates":[54.34937,23.39268]}},{"type":"Feature","properties":{"i":0.35},"geometry":{"type":"Point","coordinates":[54.37134,23.39268]}},{"type":"Feature","properties":{"i":0.22},"geometry":{"type":"Point","coordinates":[54.39331,23.39268]}},{"type":"Feature","properties":{"i":0.12},"geometry":{"type":"Point","coordinates":[54.41528,23.39268]}},{"type":"Feature","properties":{"i":0.04},"geometry":{"type":"Point","coordinates":[54.43726,23.39268]}},{"type":"Feature","properties":{"i":0.76},"geometry":{"type":"Point","coordinates":[53.7561,23.37251]}},{"type":"Feature","properties":{"i":0.47},"geometry":{"type":"Point","coordinates":[53.77808,23.37251]}},{"type":"Feature","properties":{"i":0.02},"geometry":{"type":"Point","coordinates":[54.06372,23.37251]}},{"type":"Feature","properties":{"i":0.12},"geometry":{"type":"Point","coordinates":[54.08569,23.37251]}},{"type":"Feature","properties":{"i":0.14},"geometry":{"type":"Point","coordinates":[54.10767,23.37251]}},{"type":"Feature","properties":{"i":0.22},"geometry":{"type":"Point","coordinates":[54.12964,23.37251]}},{"type":"Feature","properties":{"i":0.36},"geometry":{"type":"Point","coordinates":[54.15161,23.37251]}},{"type":"Feature","properties":{"i":0.45},"geometry":{"type":"Point","coordinates":[54.17358,23.37251]}},{"type":"Feature","properties":{"i":0.57},"geometry":{"type":"Point","coordinates":[54.19556,23.37251]}},{"type":"Feature","properties":{"i":0.76},"geometry":{"type":"Point","coordinates":[54.21753,23.37251]}},{"type":"Feature","properties":{"i":0.64},"geometry":{"type":"Point","coordinates":[54.2395,23.37251]}},{"type":"Feature","properties":{"i":0.6},"geometry":{"type":"Point","coordinates":[54.26147,23.37251]}},{"type":"Feature","properties":{"i":0.6},"geometry":{"type":"Point","coordinates":[54.28345,23.37251]}},{"type":"Feature","properties":{"i":0.51},"geometry":{"type":"Point","coordinates":[54.30542,23.37251]}},{"type":"Feature","properties":{"i":0.47},"geometry":{"type":"Point","coordinates":[54.32739,23.37251]}},{"type":"Feature","properties":{"i":0.36},"geometry":{"type":"Point","coordinates":[54.34937,23.37251]}},{"type":"Feature","properties":{"i":0.26},"geometry":{"type":"Point","coordinates":[54.37134,23.37251]}},{"type":"Feature","properties":{"i":0.28},"geometry":{"type":"Point","coordinates":[54.39331,23.37251]}},{"type":"Feature","properties":{"i":0.13},"geometry":{"type":"Point","coordinates":[54.41528,23.37251]}},{"type":"Feature","properties":{"i":0.08},"geometry":{"type":"Point","coordinates":[54.43726,23.37251]}},{"type":"Feature","properties":{"i":0.02},"geometry":{"type":"Point","coordinates":[54.45923,23.37251]}},{"type":"Feature","properties":{"i":0.67},"geometry":{"type":"Point","coordinates":[53.7561,23.35234]}},{"type":"Feature","properties":{"i":0.69},"geometry":{"type":"Point","coordinates":[53.77808,23.35234]}},{"type":"Feature","properties":{"i":0.16},"geometry":{"type":"Point","coordinates":[54.08569,23.35234]}},{"type":"Feature","properties":{"i":0.21},"geometry":{"type":"Point","coordinates":[54.10767,23.35234]}},{"type":"Feature","properties":{"i":0.33},"geometry":{"type":"Point","coordinates":[54.12964,23.35234]}},{"type":"Feature","properties":{"i":0.77},"geometry":{"type":"Point","coordinates":[54.15161,23.35234]}},{"type":"Feature","properties":{"i":0.56},"geometry":{"type":"Point","coordinates":[54.17358,23.35234]}},{"type":"Feature","properties":{"i":0.61},"geometry":{"type":"Point","coordinates":[54.19556,23.35234]}},{"type":"Feature","properties":{"i":0.75},"geometry":{"type":"Point","coordinates":[54.21753,23.35234]}},{"type":"Feature","properties":{"i":0.79},"geometry":{"type":"Point","coordinates":[54.2395,23.35234]}},{"type":"Feature","properties":{"i":0.81},"geometry":{"type":"Point","coordinates":[54.26147,23.35234]}},{"type":"Feature","properties":{"i":0.81},"geometry":{"type":"Point","coordinates":[54.28345,23.35234]}},{"type":"Feature","properties":{"i":0.72},"geometry":{"type":"Point","coordinates":[54.30542,23.35234]}},{"type":"Feature","properties":{"i":0.58},"geometry":{"type":"Point","coordinates":[54.32739,23.35234]}},{"type":"Feature","properties":{"i":0.4},"geometry":{"type":"Point","coordinates":[54.34937,23.35234]}},{"type":"Feature","properties":{"i":0.33},"geometry":{"type":"Point","coordinates":[54.37134,23.35234]}},{"type":"Feature","properties":{"i":0.26},"geometry":{"type":"Point","coordinates":[54.39331,23.35234]}},{"type":"Feature","properties":{"i":0.14},"geometry":{"type":"Point","coordinates":[54.41528,23.35234]}},{"type":"Feature","properties":{"i":0.08},"geometry":{"type":"Point","coordinates":[54.43726,23.35234]}},{"type":"Feature","properties":{"i":0.02},"geometry":{"type":"Point","coordinates":[54.45923,23.35234]}},{"type":"Feature","properties":{"i":0.74},"geometry":{"type":"Point","coordinates":[53.7561,23.33217]}},{"type":"Feature","properties":{"i":0.94},"geometry":{"type":"Point","coordinates":[53.77808,23.33217]}},{"type":"Feature","properties":{"i":0.05},"geometry":{"type":"Point","coordinates":[53.80005,23.33217]}},{"type":"Feature","properties":{"i":0.11},"geometry":{"type":"Point","coordinates":[54.06372,23.33217]}},{"type":"Feature","properties":{"i":0.19},"geometry":{"type":"Point","coordinates":[54.08569,23.33217]}},{"type":"Feature","properties":{"i":0.28},"geometry":{"type":"Point","coordinates":[54.10767,23.33217]}},{"type":"Feature","properties":{"i":0.36},"geometry":{"type":"Point","coordinates":[54.12964,23.33217]}},{"type":"Feature","properties":{"i":0.78},"geometry":{"type":"Point","coordinates":[54.15161,23.33217]}},{"type":"Feature","properties":{"i":0.9},"geometry":{"type":"Point","coordinates":[54.17358,23.33217]}},{"type":"Feature","properties":{"i":0.83},"geometry":{"type":"Point","coordinates":[54.19556,23.33217]}},{"type":"Feature","properties":{"i":0.85},"geometry":{"type":"Point","coordinates":[54.21753,23.33217]}},{"type":"Feature","properties":{"i":1},"geometry":{"type":"Point","coordinates":[54.2395,23.33217]}},{"type":"Feature","properties":{"i":1},"geometry":{"type":"Point","coordinates":[54.26147,23.33217]}},{"type":"Feature","properties":{"i":0.98},"geometry":{"type":"Point","coordinates":[54.28345,23.33217]}},{"type":"Feature","properties":{"i":0.91},"geometry":{"type":"Point","coordinates":[54.30542,23.33217]}},{"type":"Feature","properties":{"i":0.72},"geometry":{"type":"Point","coordinates":[54.32739,23.33217]}},{"type":"Feature","properties":{"i":0.56},"geometry":{"type":"Point","coordinates":[54.34937,23.33217]}},{"type":"Feature","properties":{"i":0.42},"geometry":{"type":"Point","coordinates":[54.37134,23.33217]}},{"type":"Feature","properties":{"i":0.3},"geometry":{"type":"Point","coordinates":[54.39331,23.33217]}},{"type":"Feature","properties":{"i":0.19},"geometry":{"type":"Point","coordinates":[54.41528,23.33217]}},{"type":"Feature","properties":{"i":0.12},"geometry":{"type":"Point","coordinates":[54.43726,23.33217]}},{"type":"Feature","properties":{"i":0.04},"geometry":{"type":"Point","coordinates":[54.45923,23.33217]}},{"type":"Feature","properties":{"i":0.82},"geometry":{"type":"Point","coordinates":[53.58032,23.31199]}},{"type":"Feature","properties":{"i":0.05},"geometry":{"type":"Point","coordinates":[53.7561,23.31199]}},{"type":"Feature","properties":{"i":0.58},"geometry":{"type":"Point","coordinates":[53.77808,23.31199]}},{"type":"Feature","properties":{"i":0.12},"geometry":{"type":"Point","coordinates":[53.80005,23.31199]}},{"type":"Feature","properties":{"i":0.13},"geometry":{"type":"Point","coordinates":[54.06372,23.31199]}},{"type":"Feature","properties":{"i":0.23},"geometry":{"type":"Point","coordinates":[54.08569,23.31199]}},{"type":"Feature","properties":{"i":0.32},"geometry":{"type":"Point","coordinates":[54.10767,23.31199]}},{"type":"Feature","properties":{"i":0.45},"geometry":{"type":"Point","coordinates":[54.12964,23.31199]}},{"type":"Feature","properties":{"i":0.85},"geometry":{"type":"Point","coordinates":[54.15161,23.31199]}},{"type":"Feature","properties":{"i":1},"geometry":{"type":"Point","coordinates":[54.17358,23.31199]}},{"type":"Feature","properties":{"i":1},"geometry":{"type":"Point","coordinates":[54.19556,23.31199]}},{"type":"Feature","properties":{"i":1},"geometry":{"type":"Point","coordinates":[54.21753,23.31199]}},{"type":"Feature","properties":{"i":1},"geometry":{"type":"Point","coordinates":[54.2395,23.31199]}},{"type":"Feature","properties":{"i":1},"geometry":{"type":"Point","coordinates":[54.26147,23.31199]}},{"type":"Feature","properties":{"i":1},"geometry":{"type":"Point","coordinates":[54.28345,23.31199]}},{"type":"Feature","properties":{"i":1},"geometry":{"type":"Point","coordinates":[54.30542,23.31199]}},{"type":"Feature","properties":{"i":0.92},"geometry":{"type":"Point","coordinates":[54.32739,23.31199]}},{"type":"Feature","properties":{"i":0.63},"geometry":{"type":"Point","coordinates":[54.34937,23.31199]}},{"type":"Feature","properties":{"i":0.49},"geometry":{"type":"Point","coordinates":[54.37134,23.31199]}},{"type":"Feature","properties":{"i":0.35},"geometry":{"type":"Point","coordinates":[54.39331,23.31199]}},{"type":"Feature","properties":{"i":0.22},"geometry":{"type":"Point","coordinates":[54.41528,23.31199]}},{"type":"Feature","properties":{"i":0.13},"geometry":{"type":"Point","coordinates":[54.43726,23.31199]}},{"type":"Feature","properties":{"i":0.07},"geometry":{"type":"Point","coordinates":[54.45923,23.31199]}},{"type":"Feature","properties":{"i":0.79},"geometry":{"type":"Point","coordinates":[53.55835,23.29181]}},{"type":"Feature","properties":{"i":0.09},"geometry":{"type":"Point","coordinates":[53.58032,23.29181]}},{"type":"Feature","properties":{"i":0.76},"geometry":{"type":"Point","coordinates":[53.77808,23.29181]}},{"type":"Feature","properties":{"i":0.32},"geometry":{"type":"Point","coordinates":[53.80005,23.29181]}},{"type":"Feature","properties":{"i":0.11},"geometry":{"type":"Point","coordinates":[54.06372,23.29181]}},{"type":"Feature","properties":{"i":0.23},"geometry":{"type":"Point","coordinates":[54.08569,23.29181]}},{"type":"Feature","properties":{"i":0.27},"geometry":{"type":"Point","coordinates":[54.10767,23.29181]}},{"type":"Feature","properties":{"i":0.39},"geometry":{"type":"Point","coordinates":[54.12964,23.29181]}},{"type":"Feature","properties":{"i":0.87},"geometry":{"type":"Point","coordinates":[54.15161,23.29181]}},{"type":"Feature","properties":{"i":0.98},"geometry":{"type":"Point","coordinates":[54.17358,23.29181]}},{"type":"Feature","properties":{"i":0.98},"geometry":{"type":"Point","coordinates":[54.19556,23.29181]}},{"type":"Feature","properties":{"i":1},"geometry":{"type":"Point","coordinates":[54.21753,23.29181]}},{"type":"Feature","properties":{"i":1},"geometry":{"type":"Point","coordinates":[54.2395,23.29181]}},{"type":"Feature","properties":{"i":1},"geometry":{"type":"Point","coordinates":[54.26147,23.29181]}},{"type":"Feature","properties":{"i":1},"geometry":{"type":"Point","coordinates":[54.28345,23.29181]}},{"type":"Feature","properties":{"i":1},"geometry":{"type":"Point","coordinates":[54.30542,23.29181]}},{"type":"Feature","properties":{"i":1},"geometry":{"type":"Point","coordinates":[54.32739,23.29181]}},{"type":"Feature","properties":{"i":0.71},"geometry":{"type":"Point","coordinates":[54.34937,23.29181]}},{"type":"Feature","properties":{"i":0.51},"geometry":{"type":"Point","coordinates":[54.37134,23.29181]}},{"type":"Feature","properties":{"i":0.35},"geometry":{"type":"Point","coordinates":[54.39331,23.29181]}},{"type":"Feature","properties":{"i":0.23},"geometry":{"type":"Point","coordinates":[54.41528,23.29181]}},{"type":"Feature","properties":{"i":0.14},"geometry":{"type":"Point","coordinates":[54.43726,23.29181]}},{"type":"Feature","properties":{"i":0.07},"geometry":{"type":"Point","coordinates":[54.45923,23.29181]}},{"type":"Feature","properties":{"i":0.22},"geometry":{"type":"Point","coordinates":[54.81079,23.29181]}},{"type":"Feature","properties":{"i":0.94},"geometry":{"type":"Point","coordinates":[53.77808,23.27163]}},{"type":"Feature","properties":{"i":0.19},"geometry":{"type":"Point","coordinates":[53.80005,23.27163]}},{"type":"Feature","properties":{"i":0.07},"geometry":{"type":"Point","coordinates":[54.06372,23.27163]}},{"type":"Feature","properties":{"i":0.21},"geometry":{"type":"Point","coordinates":[54.08569,23.27163]}},{"type":"Feature","properties":{"i":0.31},"geometry":{"type":"Point","coordinates":[54.10767,23.27163]}},{"type":"Feature","properties":{"i":0.54},"geometry":{"type":"Point","coordinates":[54.12964,23.27163]}},{"type":"Feature","properties":{"i":0.75},"geometry":{"type":"Point","coordinates":[54.15161,23.27163]}},{"type":"Feature","properties":{"i":0.97},"geometry":{"type":"Point","coordinates":[54.17358,23.27163]}},{"type":"Feature","properties":{"i":0.94},"geometry":{"type":"Point","coordinates":[54.19556,23.27163]}},{"type":"Feature","properties":{"i":1},"geometry":{"type":"Point","coordinates":[54.21753,23.27163]}},{"type":"Feature","properties":{"i":1},"geometry":{"type":"Point","coordinates":[54.2395,23.27163]}},{"type":"Feature","properties":{"i":1},"geometry":{"type":"Point","coordinates":[54.26147,23.27163]}},{"type":"Feature","properties":{"i":1},"geometry":{"type":"Point","coordinates":[54.28345,23.27163]}},{"type":"Feature","properties":{"i":1},"geometry":{"type":"Point","coordinates":[54.30542,23.27163]}},{"type":"Feature","properties":{"i":1},"geometry":{"type":"Point","coordinates":[54.32739,23.27163]}},{"type":"Feature","properties":{"i":0.71},"geometry":{"type":"Point","coordinates":[54.34937,23.27163]}},{"type":"Feature","properties":{"i":0.53},"geometry":{"type":"Point","coordinates":[54.37134,23.27163]}},{"type":"Feature","properties":{"i":0.36},"geometry":{"type":"Point","coordinates":[54.39331,23.27163]}},{"type":"Feature","properties":{"i":0.22},"geometry":{"type":"Point","coordinates":[54.41528,23.27163]}},{"type":"Feature","properties":{"i":0.12},"geometry":{"type":"Point","coordinates":[54.43726,23.27163]}},{"type":"Feature","properties":{"i":0.07},"geometry":{"type":"Point","coordinates":[54.45923,23.27163]}},{"type":"Feature","properties":{"i":0.67},"geometry":{"type":"Point","coordinates":[54.7229,23.27163]}},{"type":"Feature","properties":{"i":0.55},"geometry":{"type":"Point","coordinates":[53.55835,23.25144]}},{"type":"Feature","properties":{"i":0.56},"geometry":{"type":"Point","coordinates":[53.77808,23.25144]}},{"type":"Feature","properties":{"i":0.19},"geometry":{"type":"Point","coordinates":[53.80005,23.25144]}},{"type":"Feature","properties":{"i":0.02},"geometry":{"type":"Point","coordinates":[54.06372,23.25144]}},{"type":"Feature","properties":{"i":0.18},"geometry":{"type":"Point","coordinates":[54.08569,23.25144]}},{"type":"Feature","properties":{"i":0.18},"geometry":{"type":"Point","coordinates":[54.10767,23.25144]}},{"type":"Feature","properties":{"i":0.27},"geometry":{"type":"Point","coordinates":[54.12964,23.25144]}},{"type":"Feature","properties":{"i":0.63},"geometry":{"type":"Point","coordinates":[54.15161,23.25144]}},{"type":"Feature","properties":{"i":0.72},"geometry":{"type":"Point","coordinates":[54.17358,23.25144]}},{"type":"Feature","properties":{"i":0.81},"geometry":{"type":"Point","coordinates":[54.19556,23.25144]}},{"type":"Feature","properties":{"i":1},"geometry":{"type":"Point","coordinates":[54.21753,23.25144]}},{"type":"Feature","properties":{"i":1},"geometry":{"type":"Point","coordinates":[54.2395,23.25144]}},{"type":"Feature","properties":{"i":1},"geometry":{"type":"Point","coordinates":[54.26147,23.25144]}},{"type":"Feature","properties":{"i":1},"geometry":{"type":"Point","coordinates":[54.28345,23.25144]}},{"type":"Feature","properties":{"i":1},"geometry":{"type":"Point","coordinates":[54.30542,23.25144]}},{"type":"Feature","properties":{"i":1},"geometry":{"type":"Point","coordinates":[54.32739,23.25144]}},{"type":"Feature","properties":{"i":0.71},"geometry":{"type":"Point","coordinates":[54.34937,23.25144]}},{"type":"Feature","properties":{"i":0.52},"geometry":{"type":"Point","coordinates":[54.37134,23.25144]}},{"type":"Feature","properties":{"i":0.35},"geometry":{"type":"Point","coordinates":[54.39331,23.25144]}},{"type":"Feature","properties":{"i":0.22},"geometry":{"type":"Point","coordinates":[54.41528,23.25144]}},{"type":"Feature","properties":{"i":0.14},"geometry":{"type":"Point","coordinates":[54.43726,23.25144]}},{"type":"Feature","properties":{"i":0.03},"geometry":{"type":"Point","coordinates":[54.45923,23.25144]}},{"type":"Feature","properties":{"i":0.67},"geometry":{"type":"Point","coordinates":[54.70093,23.25144]}},{"type":"Feature","properties":{"i":0.67},"geometry":{"type":"Point","coordinates":[54.7229,23.25144]}},{"type":"Feature","properties":{"i":0.83},"geometry":{"type":"Point","coordinates":[54.85474,24.51714]}},{"type":"Feature","properties":{"i":0.36},"geometry":{"type":"Point","coordinates":[54.87671,24.51714]}},{"type":"Feature","properties":{"i":1},"geometry":{"type":"Point","coordinates":[54.89868,24.51714]}},{"type":"Feature","properties":{"i":0.39},"geometry":{"type":"Point","coordinates":[54.92065,24.51714]}},{"type":"Feature","properties":{"i":0.13},"geometry":{"type":"Point","coordinates":[54.94263,24.51714]}},{"type":"Feature","properties":{"i":0.57},"geometry":{"type":"Point","coordinates":[54.9646,24.51714]}},{"type":"Feature","properties":{"i":0.84},"geometry":{"type":"Point","coordinates":[54.98657,24.51714]}},{"type":"Feature","properties":{"i":0.84},"geometry":{"type":"Point","coordinates":[55.00854,24.51714]}},{"type":"Feature","properties":{"i":0.07},"geometry":{"type":"Point","coordinates":[55.03052,24.51714]}},{"type":"Feature","properties":{"i":0.99},"geometry":{"type":"Point","coordinates":[55.05249,24.51714]}},{"type":"Feature","properties":{"i":1},"geometry":{"type":"Point","coordinates":[55.07446,24.51714]}},{"type":"Feature","properties":{"i":0.55},"geometry":{"type":"Point","coordinates":[55.09644,24.51714]}},{"type":"Feature","properties":{"i":0.03},"geometry":{"type":"Point","coordinates":[55.11841,24.51714]}},{"type":"Feature","properties":{"i":0.33},"geometry":{"type":"Point","coordinates":[55.14038,24.51714]}},{"type":"Feature","properties":{"i":0.33},"geometry":{"type":"Point","coordinates":[55.16235,24.51714]}},{"type":"Feature","properties":{"i":0.15},"geometry":{"type":"Point","coordinates":[55.2063,24.51714]}},{"type":"Feature","properties":{"i":0.19},"geometry":{"type":"Point","coordinates":[55.22827,24.51714]}},{"type":"Feature","properties":{"i":0.74},"geometry":{"type":"Point","coordinates":[55.25024,24.51714]}},{"type":"Feature","properties":{"i":0.74},"geometry":{"type":"Point","coordinates":[55.27222,24.51714]}},{"type":"Feature","properties":{"i":0.19},"geometry":{"type":"Point","coordinates":[55.29419,24.51714]}},{"type":"Feature","properties":{"i":0.12},"geometry":{"type":"Point","coordinates":[55.31616,24.51714]}},{"type":"Feature","properties":{"i":0.05},"geometry":{"type":"Point","coordinates":[55.33813,24.51714]}},{"type":"Feature","properties":{"i":0.03},"geometry":{"type":"Point","coordinates":[55.36011,24.51714]}},{"type":"Feature","properties":{"i":0.03},"geometry":{"type":"Point","coordinates":[55.38208,24.51714]}},{"type":"Feature","properties":{"i":0.07},"geometry":{"type":"Point","coordinates":[55.40405,24.51714]}},{"type":"Feature","properties":{"i":0.67},"geometry":{"type":"Point","coordinates":[55.42603,24.51714]}},{"type":"Feature","properties":{"i":0.22},"geometry":{"type":"Point","coordinates":[55.448,24.51714]}},{"type":"Feature","properties":{"i":0.57},"geometry":{"type":"Point","coordinates":[55.46997,24.51714]}},{"type":"Feature","properties":{"i":1},"geometry":{"type":"Point","coordinates":[55.49194,24.51714]}},{"type":"Feature","properties":{"i":1},"geometry":{"type":"Point","coordinates":[55.51392,24.51714]}},{"type":"Feature","properties":{"i":0.98},"geometry":{"type":"Point","coordinates":[55.53589,24.51714]}},{"type":"Feature","properties":{"i":1},"geometry":{"type":"Point","coordinates":[55.55786,24.51714]}},{"type":"Feature","properties":{"i":0.71},"geometry":{"type":"Point","coordinates":[55.57983,24.51714]}},{"type":"Feature","properties":{"i":0.33},"geometry":{"type":"Point","coordinates":[55.60181,24.51714]}},{"type":"Feature","properties":{"i":0.62},"geometry":{"type":"Point","coordinates":[55.62378,24.51714]}},{"type":"Feature","properties":{"i":0.62},"geometry":{"type":"Point","coordinates":[55.64575,24.51714]}},{"type":"Feature","properties":{"i":0.15},"geometry":{"type":"Point","coordinates":[55.66772,24.51714]}},{"type":"Feature","properties":{"i":0.1},"geometry":{"type":"Point","coordinates":[55.6897,24.51714]}},{"type":"Feature","properties":{"i":0.03},"geometry":{"type":"Point","coordinates":[55.71167,24.51714]}},{"type":"Feature","properties":{"i":0.09},"geometry":{"type":"Point","coordinates":[55.73364,24.51714]}},{"type":"Feature","properties":{"i":0.85},"geometry":{"type":"Point","coordinates":[55.75562,24.51714]}},{"type":"Feature","properties":{"i":0.36},"geometry":{"type":"Point","coordinates":[55.77759,24.51714]}},{"type":"Feature","properties":{"i":0.03},"geometry":{"type":"Point","coordinates":[55.79956,24.51714]}},{"type":"Feature","properties":{"i":0.07},"geometry":{"type":"Point","coordinates":[56.01929,24.51714]}},{"type":"Feature","properties":{"i":0.29},"geometry":{"type":"Point","coordinates":[56.04126,24.51714]}},{"type":"Feature","properties":{"i":0.54},"geometry":{"type":"Point","coordinates":[54.85474,24.49715]}},{"type":"Feature","properties":{"i":0.53},"geometry":{"type":"Point","coordinates":[54.87671,24.49715]}},{"type":"Feature","properties":{"i":0.94},"geometry":{"type":"Point","coordinates":[54.89868,24.49715]}},{"type":"Feature","properties":{"i":0.64},"geometry":{"type":"Point","coordinates":[54.92065,24.49715]}},{"type":"Feature","properties":{"i":0.58},"geometry":{"type":"Point","coordinates":[54.94263,24.49715]}},{"type":"Feature","properties":{"i":0.95},"geometry":{"type":"Point","coordinates":[54.9646,24.49715]}},{"type":"Feature","properties":{"i":0.17},"geometry":{"type":"Point","coordinates":[54.98657,24.49715]}},{"type":"Feature","properties":{"i":0.04},"geometry":{"type":"Point","coordinates":[55.00854,24.49715]}},{"type":"Feature","properties":{"i":0.02},"geometry":{"type":"Point","coordinates":[55.03052,24.49715]}},{"type":"Feature","properties":{"i":0.52},"geometry":{"type":"Point","coordinates":[55.05249,24.49715]}},{"type":"Feature","properties":{"i":0.52},"geometry":{"type":"Point","coordinates":[55.07446,24.49715]}},{"type":"Feature","properties":{"i":0.07},"geometry":{"type":"Point","coordinates":[55.09644,24.49715]}},{"type":"Feature","properties":{"i":0.1},"geometry":{"type":"Point","coordinates":[55.11841,24.49715]}},{"type":"Feature","properties":{"i":0.05},"geometry":{"type":"Point","coordinates":[55.16235,24.49715]}},{"type":"Feature","properties":{"i":0.13},"geometry":{"type":"Point","coordinates":[55.22827,24.49715]}},{"type":"Feature","properties":{"i":0.61},"geometry":{"type":"Point","coordinates":[55.25024,24.49715]}},{"type":"Feature","properties":{"i":0.68},"geometry":{"type":"Point","coordinates":[55.27222,24.49715]}},{"type":"Feature","properties":{"i":0.85},"geometry":{"type":"Point","coordinates":[55.29419,24.49715]}},{"type":"Feature","properties":{"i":0.68},"geometry":{"type":"Point","coordinates":[55.31616,24.49715]}},{"type":"Feature","properties":{"i":0.25},"geometry":{"type":"Point","coordinates":[55.33813,24.49715]}},{"type":"Feature","properties":{"i":0.27},"geometry":{"type":"Point","coordinates":[55.36011,24.49715]}},{"type":"Feature","properties":{"i":0.46},"geometry":{"type":"Point","coordinates":[55.38208,24.49715]}},{"type":"Feature","properties":{"i":0.67},"geometry":{"type":"Point","coordinates":[55.40405,24.49715]}},{"type":"Feature","properties":{"i":0.91},"geometry":{"type":"Point","coordinates":[55.42603,24.49715]}},{"type":"Feature","properties":{"i":1},"geometry":{"type":"Point","coordinates":[55.448,24.49715]}},{"type":"Feature","properties":{"i":1},"geometry":{"type":"Point","coordinates":[55.46997,24.49715]}},{"type":"Feature","properties":{"i":1},"geometry":{"type":"Point","coordinates":[55.49194,24.49715]}},{"type":"Feature","properties":{"i":0.28},"geometry":{"type":"Point","coordinates":[55.51392,24.49715]}},{"type":"Feature","properties":{"i":0.36},"geometry":{"type":"Point","coordinates":[55.53589,24.49715]}},{"type":"Feature","properties":{"i":0.41},"geometry":{"type":"Point","coordinates":[55.55786,24.49715]}},{"type":"Feature","properties":{"i":0.7},"geometry":{"type":"Point","coordinates":[55.57983,24.49715]}},{"type":"Feature","properties":{"i":1},"geometry":{"type":"Point","coordinates":[55.60181,24.49715]}},{"type":"Feature","properties":{"i":0.1},"geometry":{"type":"Point","coordinates":[55.62378,24.49715]}},{"type":"Feature","properties":{"i":0.07},"geometry":{"type":"Point","coordinates":[55.64575,24.49715]}},{"type":"Feature","properties":{"i":0.07},"geometry":{"type":"Point","coordinates":[55.66772,24.49715]}},{"type":"Feature","properties":{"i":0.28},"geometry":{"type":"Point","coordinates":[55.6897,24.49715]}},{"type":"Feature","properties":{"i":0.31},"geometry":{"type":"Point","coordinates":[55.71167,24.49715]}},{"type":"Feature","properties":{"i":0.35},"geometry":{"type":"Point","coordinates":[55.73364,24.49715]}},{"type":"Feature","properties":{"i":0.55},"geometry":{"type":"Point","coordinates":[55.75562,24.49715]}},{"type":"Feature","properties":{"i":0.78},"geometry":{"type":"Point","coordinates":[55.77759,24.49715]}},{"type":"Feature","properties":{"i":0.08},"geometry":{"type":"Point","coordinates":[55.79956,24.49715]}},{"type":"Feature","properties":{"i":0.07},"geometry":{"type":"Point","coordinates":[55.82153,24.49715]}},{"type":"Feature","properties":{"i":0.64},"geometry":{"type":"Point","coordinates":[55.95337,24.49715]}},{"type":"Feature","properties":{"i":0.18},"geometry":{"type":"Point","coordinates":[55.97534,24.49715]}},{"type":"Feature","properties":{"i":0.35},"geometry":{"type":"Point","coordinates":[56.01929,24.49715]}},{"type":"Feature","properties":{"i":0.18},"geometry":{"type":"Point","coordinates":[56.04126,24.49715]}},{"type":"Feature","properties":{"i":0.4},"geometry":{"type":"Point","coordinates":[54.85474,24.47715]}},{"type":"Feature","properties":{"i":0.23},"geometry":{"type":"Point","coordinates":[54.87671,24.47715]}},{"type":"Feature","properties":{"i":0.27},"geometry":{"type":"Point","coordinates":[54.89868,24.47715]}},{"type":"Feature","properties":{"i":0.24},"geometry":{"type":"Point","coordinates":[54.92065,24.47715]}},{"type":"Feature","properties":{"i":0.32},"geometry":{"type":"Point","coordinates":[54.94263,24.47715]}},{"type":"Feature","properties":{"i":0.69},"geometry":{"type":"Point","coordinates":[54.9646,24.47715]}},{"type":"Feature","properties":{"i":0.53},"geometry":{"type":"Point","coordinates":[54.98657,24.47715]}},{"type":"Feature","properties":{"i":0.08},"geometry":{"type":"Point","coordinates":[55.00854,24.47715]}},{"type":"Feature","properties":{"i":0.02},"geometry":{"type":"Point","coordinates":[55.03052,24.47715]}},{"type":"Feature","properties":{"i":0.53},"geometry":{"type":"Point","coordinates":[55.05249,24.47715]}},{"type":"Feature","properties":{"i":0.53},"geometry":{"type":"Point","coordinates":[55.07446,24.47715]}},{"type":"Feature","properties":{"i":0.02},"geometry":{"type":"Point","coordinates":[55.09644,24.47715]}},{"type":"Feature","properties":{"i":0.05},"geometry":{"type":"Point","coordinates":[55.18433,24.47715]}},{"type":"Feature","properties":{"i":0.33},"geometry":{"type":"Point","coordinates":[55.2063,24.47715]}},{"type":"Feature","properties":{"i":0.47},"geometry":{"type":"Point","coordinates":[55.22827,24.47715]}},{"type":"Feature","properties":{"i":0.8},"geometry":{"type":"Point","coordinates":[55.25024,24.47715]}},{"type":"Feature","properties":{"i":0.78},"geometry":{"type":"Point","coordinates":[55.27222,24.47715]}},{"type":"Feature","properties":{"i":0.46},"geometry":{"type":"Point","coordinates":[55.29419,24.47715]}},{"type":"Feature","properties":{"i":0.84},"geometry":{"type":"Point","coordinates":[55.31616,24.47715]}},{"type":"Feature","properties":{"i":1},"geometry":{"type":"Point","coordinates":[55.33813,24.47715]}},{"type":"Feature","properties":{"i":1},"geometry":{"type":"Point","coordinates":[55.36011,24.47715]}},{"type":"Feature","properties":{"i":0.93},"geometry":{"type":"Point","coordinates":[55.38208,24.47715]}},{"type":"Feature","properties":{"i":0.67},"geometry":{"type":"Point","coordinates":[55.40405,24.47715]}},{"type":"Feature","properties":{"i":0.34},"geometry":{"type":"Point","coordinates":[55.42603,24.47715]}},{"type":"Feature","properties":{"i":0.6},"geometry":{"type":"Point","coordinates":[55.448,24.47715]}},{"type":"Feature","properties":{"i":0.11},"geometry":{"type":"Point","coordinates":[55.46997,24.47715]}},{"type":"Feature","properties":{"i":0.15},"geometry":{"type":"Point","coordinates":[55.49194,24.47715]}},{"type":"Feature","properties":{"i":0.12},"geometry":{"type":"Point","coordinates":[55.51392,24.47715]}},{"type":"Feature","properties":{"i":0.14},"geometry":{"type":"Point","coordinates":[55.53589,24.47715]}},{"type":"Feature","properties":{"i":0.23},"geometry":{"type":"Point","coordinates":[55.55786,24.47715]}},{"type":"Feature","properties":{"i":0.25},"geometry":{"type":"Point","coordinates":[55.57983,24.47715]}},{"type":"Feature","properties":{"i":1},"geometry":{"type":"Point","coordinates":[55.60181,24.47715]}},{"type":"Feature","properties":{"i":0.61},"geometry":{"type":"Point","coordinates":[55.62378,24.47715]}},{"type":"Feature","properties":{"i":0.15},"geometry":{"type":"Point","coordinates":[55.64575,24.47715]}},{"type":"Feature","properties":{"i":0.44},"geometry":{"type":"Point","coordinates":[55.6897,24.47715]}},{"type":"Feature","properties":{"i":0.4},"geometry":{"type":"Point","coordinates":[55.71167,24.47715]}},{"type":"Feature","properties":{"i":0.49},"geometry":{"type":"Point","coordinates":[55.73364,24.47715]}},{"type":"Feature","properties":{"i":0.34},"geometry":{"type":"Point","coordinates":[55.75562,24.47715]}},{"type":"Feature","properties":{"i":1},"geometry":{"type":"Point","coordinates":[55.77759,24.47715]}},{"type":"Feature","properties":{"i":0.27},"geometry":{"type":"Point","coordinates":[55.79956,24.47715]}},{"type":"Feature","properties":{"i":0.14},"geometry":{"type":"Point","coordinates":[55.82153,24.47715]}},{"type":"Feature","properties":{"i":0.3},"geometry":{"type":"Point","coordinates":[55.99731,24.47715]}},{"type":"Feature","properties":{"i":0.02},"geometry":{"type":"Point","coordinates":[56.01929,24.47715]}},{"type":"Feature","properties":{"i":0.63},"geometry":{"type":"Point","coordinates":[56.04126,24.47715]}},{"type":"Feature","properties":{"i":0.44},"geometry":{"type":"Point","coordinates":[56.06323,24.47715]}},{"type":"Feature","properties":{"i":0.45},"geometry":{"type":"Point","coordinates":[54.85474,24.45715]}},{"type":"Feature","properties":{"i":0.23},"geometry":{"type":"Point","coordinates":[54.87671,24.45715]}},{"type":"Feature","properties":{"i":0.15},"geometry":{"type":"Point","coordinates":[54.89868,24.45715]}},{"type":"Feature","properties":{"i":0.12},"geometry":{"type":"Point","coordinates":[54.92065,24.45715]}},{"type":"Feature","properties":{"i":0.09},"geometry":{"type":"Point","coordinates":[54.94263,24.45715]}},{"type":"Feature","properties":{"i":0.07},"geometry":{"type":"Point","coordinates":[54.9646,24.45715]}},{"type":"Feature","properties":{"i":0.04},"geometry":{"type":"Point","coordinates":[54.98657,24.45715]}},{"type":"Feature","properties":{"i":0.03},"geometry":{"type":"Point","coordinates":[55.00854,24.45715]}},{"type":"Feature","properties":{"i":0.04},"geometry":{"type":"Point","coordinates":[55.03052,24.45715]}},{"type":"Feature","properties":{"i":0.49},"geometry":{"type":"Point","coordinates":[55.05249,24.45715]}},{"type":"Feature","properties":{"i":0.07},"geometry":{"type":"Point","coordinates":[55.07446,24.45715]}},{"type":"Feature","properties":{"i":0.03},"geometry":{"type":"Point","coordinates":[55.18433,24.45715]}},{"type":"Feature","properties":{"i":0.04},"geometry":{"type":"Point","coordinates":[55.2063,24.45715]}},{"type":"Feature","properties":{"i":0.1},"geometry":{"type":"Point","coordinates":[55.22827,24.45715]}},{"type":"Feature","properties":{"i":0.23},"geometry":{"type":"Point","coordinates":[55.25024,24.45715]}},{"type":"Feature","properties":{"i":0.19},"geometry":{"type":"Point","coordinates":[55.27222,24.45715]}},{"type":"Feature","properties":{"i":0.69},"geometry":{"type":"Point","coordinates":[55.29419,24.45715]}},{"type":"Feature","properties":{"i":1},"geometry":{"type":"Point","coordinates":[55.31616,24.45715]}},{"type":"Feature","properties":{"i":1},"geometry":{"type":"Point","coordinates":[55.33813,24.45715]}},{"type":"Feature","properties":{"i":0.9},"geometry":{"type":"Point","coordinates":[55.36011,24.45715]}},{"type":"Feature","properties":{"i":0.3},"geometry":{"type":"Point","coordinates":[55.38208,24.45715]}},{"type":"Feature","properties":{"i":0.17},"geometry":{"type":"Point","coordinates":[55.40405,24.45715]}},{"type":"Feature","properties":{"i":0.12},"geometry":{"type":"Point","coordinates":[55.42603,24.45715]}},{"type":"Feature","properties":{"i":0.03},"geometry":{"type":"Point","coordinates":[55.448,24.45715]}},{"type":"Feature","properties":{"i":0.02},"geometry":{"type":"Point","coordinates":[55.46997,24.45715]}},{"type":"Feature","properties":{"i":0.02},"geometry":{"type":"Point","coordinates":[55.53589,24.45715]}},{"type":"Feature","properties":{"i":0.03},"geometry":{"type":"Point","coordinates":[55.57983,24.45715]}},{"type":"Feature","properties":{"i":0.1},"geometry":{"type":"Point","coordinates":[55.60181,24.45715]}},{"type":"Feature","properties":{"i":0.66},"geometry":{"type":"Point","coordinates":[55.62378,24.45715]}},{"type":"Feature","properties":{"i":0.61},"geometry":{"type":"Point","coordinates":[55.64575,24.45715]}},{"type":"Feature","properties":{"i":0.12},"geometry":{"type":"Point","coordinates":[55.66772,24.45715]}},{"type":"Feature","properties":{"i":0.09},"geometry":{"type":"Point","coordinates":[55.6897,24.45715]}},{"type":"Feature","properties":{"i":0.04},"geometry":{"type":"Point","coordinates":[55.71167,24.45715]}},{"type":"Feature","properties":{"i":0.49},"geometry":{"type":"Point","coordinates":[55.73364,24.45715]}},{"type":"Feature","properties":{"i":0.26},"geometry":{"type":"Point","coordinates":[55.75562,24.45715]}},{"type":"Feature","properties":{"i":0.94},"geometry":{"type":"Point","coordinates":[55.77759,24.45715]}},{"type":"Feature","properties":{"i":0.19},"geometry":{"type":"Point","coordinates":[55.79956,24.45715]}},{"type":"Feature","properties":{"i":0.08},"geometry":{"type":"Point","coordinates":[55.82153,24.45715]}},{"type":"Feature","properties":{"i":0.3},"geometry":{"type":"Point","coordinates":[55.90942,24.45715]}},{"type":"Feature","properties":{"i":0.62},"geometry":{"type":"Point","coordinates":[55.97534,24.45715]}},{"type":"Feature","properties":{"i":0.62},"geometry":{"type":"Point","coordinates":[55.99731,24.45715]}},{"type":"Feature","properties":{"i":0.34},"geometry":{"type":"Point","coordinates":[56.01929,24.45715]}},{"type":"Feature","properties":{"i":0.34},"geometry":{"type":"Point","coordinates":[56.04126,24.45715]}},{"type":"Feature","properties":{"i":0.07},"geometry":{"type":"Point","coordinates":[56.06323,24.45715]}},{"type":"Feature","properties":{"i":0.74},"geometry":{"type":"Point","coordinates":[54.85474,24.43715]}},{"type":"Feature","properties":{"i":0.76},"geometry":{"type":"Point","coordinates":[54.87671,24.43715]}},{"type":"Feature","properties":{"i":0.73},"geometry":{"type":"Point","coordinates":[54.89868,24.43715]}},{"type":"Feature","properties":{"i":0.72},"geometry":{"type":"Point","coordinates":[54.92065,24.43715]}},{"type":"Feature","properties":{"i":0.75},"geometry":{"type":"Point","coordinates":[54.94263,24.43715]}},{"type":"Feature","properties":{"i":0.59},"geometry":{"type":"Point","coordinates":[54.9646,24.43715]}},{"type":"Feature","properties":{"i":0.12},"geometry":{"type":"Point","coordinates":[54.98657,24.43715]}},{"type":"Feature","properties":{"i":0.19},"geometry":{"type":"Point","coordinates":[55.00854,24.43715]}},{"type":"Feature","properties":{"i":0.64},"geometry":{"type":"Point","coordinates":[55.03052,24.43715]}},{"type":"Feature","properties":{"i":0.38},"geometry":{"type":"Point","coordinates":[55.05249,24.43715]}},{"type":"Feature","properties":{"i":0.08},"geometry":{"type":"Point","coordinates":[55.07446,24.43715]}},{"type":"Feature","properties":{"i":0.08},"geometry":{"type":"Point","coordinates":[55.09644,24.43715]}},{"type":"Feature","properties":{"i":0.1},"geometry":{"type":"Point","coordinates":[55.11841,24.43715]}},{"type":"Feature","properties":{"i":0.73},"geometry":{"type":"Point","coordinates":[55.14038,24.43715]}},{"type":"Feature","properties":{"i":0.76},"geometry":{"type":"Point","coordinates":[55.16235,24.43715]}},{"type":"Feature","properties":{"i":0.76},"geometry":{"type":"Point","coordinates":[55.18433,24.43715]}},{"type":"Feature","properties":{"i":0.83},"geometry":{"type":"Point","coordinates":[55.2063,24.43715]}},{"type":"Feature","properties":{"i":0.65},"geometry":{"type":"Point","coordinates":[55.22827,24.43715]}},{"type":"Feature","properties":{"i":0.65},"geometry":{"type":"Point","coordinates":[55.25024,24.43715]}},{"type":"Feature","properties":{"i":0.7},"geometry":{"type":"Point","coordinates":[55.27222,24.43715]}},{"type":"Feature","properties":{"i":0.69},"geometry":{"type":"Point","coordinates":[55.29419,24.43715]}},{"type":"Feature","properties":{"i":0.51},"geometry":{"type":"Point","coordinates":[55.31616,24.43715]}},{"type":"Feature","properties":{"i":0.91},"geometry":{"type":"Point","coordinates":[55.33813,24.43715]}},{"type":"Feature","properties":{"i":0.91},"geometry":{"type":"Point","coordinates":[55.36011,24.43715]}},{"type":"Feature","properties":{"i":0.11},"geometry":{"type":"Point","coordinates":[55.38208,24.43715]}},{"type":"Feature","properties":{"i":0.08},"geometry":{"type":"Point","coordinates":[55.40405,24.43715]}},{"type":"Feature","properties":{"i":0.04},"geometry":{"type":"Point","coordinates":[55.42603,24.43715]}},{"type":"Feature","properties":{"i":0.03},"geometry":{"type":"Point","coordinates":[55.57983,24.43715]}},{"type":"Feature","properties":{"i":0.04},"geometry":{"type":"Point","coordinates":[55.60181,24.43715]}},{"type":"Feature","properties":{"i":0.11},"geometry":{"type":"Point","coordinates":[55.62378,24.43715]}},{"type":"Feature","properties":{"i":0.58},"geometry":{"type":"Point","coordinates":[55.64575,24.43715]}},{"type":"Feature","properties":{"i":0.67},"geometry":{"type":"Point","coordinates":[55.66772,24.43715]}},{"type":"Feature","properties":{"i":0.15},"geometry":{"type":"Point","coordinates":[55.6897,24.43715]}},{"type":"Feature","properties":{"i":0.15},"geometry":{"type":"Point","coordinates":[55.71167,24.43715]}},{"type":"Feature","properties":{"i":0.09},"geometry":{"type":"Point","coordinates":[55.73364,24.43715]}},{"type":"Feature","properties":{"i":0.11},"geometry":{"type":"Point","coordinates":[55.75562,24.43715]}},{"type":"Feature","properties":{"i":0.65},"geometry":{"type":"Point","coordinates":[55.77759,24.43715]}},{"type":"Feature","properties":{"i":0.33},"geometry":{"type":"Point","coordinates":[55.79956,24.43715]}},{"type":"Feature","properties":{"i":0.11},"geometry":{"type":"Point","coordinates":[55.82153,24.43715]}},{"type":"Feature","properties":{"i":0.49},"geometry":{"type":"Point","coordinates":[55.90942,24.43715]}},{"type":"Feature","properties":{"i":0.47},"geometry":{"type":"Point","coordinates":[55.9314,24.43715]}},{"type":"Feature","properties":{"i":0.43},"geometry":{"type":"Point","coordinates":[55.95337,24.43715]}},{"type":"Feature","properties":{"i":0.37},"geometry":{"type":"Point","coordinates":[55.97534,24.43715]}},{"type":"Feature","properties":{"i":0.3},"geometry":{"type":"Point","coordinates":[55.99731,24.43715]}},{"type":"Feature","properties":{"i":1},"geometry":{"type":"Point","coordinates":[54.85474,24.41714]}},{"type":"Feature","properties":{"i":1},"geometry":{"type":"Point","coordinates":[54.87671,24.41714]}},{"type":"Feature","properties":{"i":0.84},"geometry":{"type":"Point","coordinates":[54.89868,24.41714]}},{"type":"Feature","properties":{"i":0.82},"geometry":{"type":"Point","coordinates":[54.92065,24.41714]}},{"type":"Feature","properties":{"i":0.82},"geometry":{"type":"Point","coordinates":[54.94263,24.41714]}},{"type":"Feature","properties":{"i":0.83},"geometry":{"type":"Point","coordinates":[54.9646,24.41714]}},{"type":"Feature","properties":{"i":0.83},"geometry":{"type":"Point","coordinates":[54.98657,24.41714]}},{"type":"Feature","properties":{"i":1},"geometry":{"type":"Point","coordinates":[55.00854,24.41714]}},{"type":"Feature","properties":{"i":1},"geometry":{"type":"Point","coordinates":[55.03052,24.41714]}},{"type":"Feature","properties":{"i":0.84},"geometry":{"type":"Point","coordinates":[55.05249,24.41714]}},{"type":"Feature","properties":{"i":0.79},"geometry":{"type":"Point","coordinates":[55.07446,24.41714]}},{"type":"Feature","properties":{"i":0.79},"geometry":{"type":"Point","coordinates":[55.09644,24.41714]}},{"type":"Feature","properties":{"i":0.78},"geometry":{"type":"Point","coordinates":[55.11841,24.41714]}},{"type":"Feature","properties":{"i":0.78},"geometry":{"type":"Point","coordinates":[55.14038,24.41714]}},{"type":"Feature","properties":{"i":0.12},"geometry":{"type":"Point","coordinates":[55.16235,24.41714]}},{"type":"Feature","properties":{"i":0.56},"geometry":{"type":"Point","coordinates":[55.18433,24.41714]}},{"type":"Feature","properties":{"i":0.56},"geometry":{"type":"Point","coordinates":[55.2063,24.41714]}},{"type":"Feature","properties":{"i":0.08},"geometry":{"type":"Point","coordinates":[55.22827,24.41714]}},{"type":"Feature","properties":{"i":0.04},"geometry":{"type":"Point","coordinates":[55.25024,24.41714]}},{"type":"Feature","properties":{"i":0.24},"geometry":{"type":"Point","coordinates":[55.27222,24.41714]}},{"type":"Feature","properties":{"i":0.1},"geometry":{"type":"Point","coordinates":[55.29419,24.41714]}},{"type":"Feature","properties":{"i":0.1},"geometry":{"type":"Point","coordinates":[55.31616,24.41714]}},{"type":"Feature","properties":{"i":0.21},"geometry":{"type":"Point","coordinates":[55.33813,24.41714]}},{"type":"Feature","properties":{"i":0.88},"geometry":{"type":"Point","coordinates":[55.36011,24.41714]}},{"type":"Feature","properties":{"i":0.78},"geometry":{"type":"Point","coordinates":[55.38208,24.41714]}},{"type":"Feature","properties":{"i":0.19},"geometry":{"type":"Point","coordinates":[55.40405,24.41714]}},{"type":"Feature","properties":{"i":0.11},"geometry":{"type":"Point","coordinates":[55.60181,24.41714]}},{"type":"Feature","properties":{"i":0.13},"geometry":{"type":"Point","coordinates":[55.62378,24.41714]}},{"type":"Feature","properties":{"i":0.48},"geometry":{"type":"Point","coordinates":[55.64575,24.41714]}},{"type":"Feature","properties":{"i":0.53},"geometry":{"type":"Point","coordinates":[55.66772,24.41714]}},{"type":"Feature","properties":{"i":0.76},"geometry":{"type":"Point","coordinates":[55.6897,24.41714]}},{"type":"Feature","properties":{"i":0.74},"geometry":{"type":"Point","coordinates":[55.71167,24.41714]}},{"type":"Feature","properties":{"i":0.71},"geometry":{"type":"Point","coordinates":[55.73364,24.41714]}},{"type":"Feature","properties":{"i":0.36},"geometry":{"type":"Point","coordinates":[55.75562,24.41714]}},{"type":"Feature","properties":{"i":0.75},"geometry":{"type":"Point","coordinates":[55.77759,24.41714]}},{"type":"Feature","properties":{"i":1},"geometry":{"type":"Point","coordinates":[55.79956,24.41714]}},{"type":"Feature","properties":{"i":0.16},"geometry":{"type":"Point","coordinates":[55.82153,24.41714]}},{"type":"Feature","properties":{"i":0.04},"geometry":{"type":"Point","coordinates":[55.84351,24.41714]}},{"type":"Feature","properties":{"i":0.19},"geometry":{"type":"Point","coordinates":[55.9314,24.41714]}},{"type":"Feature","properties":{"i":0.9},"geometry":{"type":"Point","coordinates":[55.95337,24.41714]}},{"type":"Feature","properties":{"i":0.76},"geometry":{"type":"Point","coordinates":[55.97534,24.41714]}},{"type":"Feature","properties":{"i":0.29},"geometry":{"type":"Point","coordinates":[55.99731,24.41714]}},{"type":"Feature","properties":{"i":0.43},"geometry":{"type":"Point","coordinates":[56.01929,24.41714]}},{"type":"Feature","properties":{"i":0.21},"geometry":{"type":"Point","coordinates":[56.04126,24.41714]}},{"type":"Feature","properties":{"i":0.55},"geometry":{"type":"Point","coordinates":[54.85474,24.39713]}},{"type":"Feature","properties":{"i":0.78},"geometry":{"type":"Point","coordinates":[54.87671,24.39713]}},{"type":"Feature","properties":{"i":0.33},"geometry":{"type":"Point","coordinates":[54.89868,24.39713]}},{"type":"Feature","properties":{"i":0.82},"geometry":{"type":"Point","coordinates":[54.92065,24.39713]}},{"type":"Feature","properties":{"i":0.82},"geometry":{"type":"Point","coordinates":[54.94263,24.39713]}},{"type":"Feature","properties":{"i":0.83},"geometry":{"type":"Point","coordinates":[54.9646,24.39713]}},{"type":"Feature","properties":{"i":0.83},"geometry":{"type":"Point","coordinates":[54.98657,24.39713]}},{"type":"Feature","properties":{"i":0.84},"geometry":{"type":"Point","coordinates":[55.00854,24.39713]}},{"type":"Feature","properties":{"i":0.64},"geometry":{"type":"Point","coordinates":[55.03052,24.39713]}},{"type":"Feature","properties":{"i":0.7},"geometry":{"type":"Point","coordinates":[55.05249,24.39713]}},{"type":"Feature","properties":{"i":0.37},"geometry":{"type":"Point","coordinates":[55.07446,24.39713]}},{"type":"Feature","properties":{"i":0.44},"geometry":{"type":"Point","coordinates":[55.09644,24.39713]}},{"type":"Feature","properties":{"i":0.42},"geometry":{"type":"Point","coordinates":[55.11841,24.39713]}},{"type":"Feature","properties":{"i":0.27},"geometry":{"type":"Point","coordinates":[55.14038,24.39713]}},{"type":"Feature","properties":{"i":0.11},"geometry":{"type":"Point","coordinates":[55.16235,24.39713]}},{"type":"Feature","properties":{"i":1},"geometry":{"type":"Point","coordinates":[55.18433,24.39713]}},{"type":"Feature","properties":{"i":0.6},"geometry":{"type":"Point","coordinates":[55.2063,24.39713]}},{"type":"Feature","properties":{"i":0.07},"geometry":{"type":"Point","coordinates":[55.22827,24.39713]}},{"type":"Feature","properties":{"i":0.03},"geometry":{"type":"Point","coordinates":[55.25024,24.39713]}},{"type":"Feature","properties":{"i":0.03},"geometry":{"type":"Point","coordinates":[55.27222,24.39713]}},{"type":"Feature","properties":{"i":0.14},"geometry":{"type":"Point","coordinates":[55.33813,24.39713]}},{"type":"Feature","properties":{"i":0.52},"geometry":{"type":"Point","coordinates":[55.36011,24.39713]}},{"type":"Feature","properties":{"i":0.93},"geometry":{"type":"Point","coordinates":[55.38208,24.39713]}},{"type":"Feature","properties":{"i":0.11},"geometry":{"type":"Point","coordinates":[55.40405,24.39713]}},{"type":"Feature","properties":{"i":0.34},"geometry":{"type":"Point","coordinates":[55.42603,24.39713]}},{"type":"Feature","properties":{"i":0.02},"geometry":{"type":"Point","coordinates":[55.60181,24.39713]}},{"type":"Feature","properties":{"i":0.08},"geometry":{"type":"Point","coordinates":[55.62378,24.39713]}},{"type":"Feature","properties":{"i":0.07},"geometry":{"type":"Point","coordinates":[55.64575,24.39713]}},{"type":"Feature","properties":{"i":0.33},"geometry":{"type":"Point","coordinates":[55.66772,24.39713]}},{"type":"Feature","properties":{"i":0.56},"geometry":{"type":"Point","coordinates":[55.6897,24.39713]}},{"type":"Feature","properties":{"i":0.99},"geometry":{"type":"Point","coordinates":[55.71167,24.39713]}},{"type":"Feature","properties":{"i":0.95},"geometry":{"type":"Point","coordinates":[55.73364,24.39713]}},{"type":"Feature","properties":{"i":0.28},"geometry":{"type":"Point","coordinates":[55.75562,24.39713]}},{"type":"Feature","properties":{"i":0.78},"geometry":{"type":"Point","coordinates":[55.77759,24.39713]}},{"type":"Feature","properties":{"i":1},"geometry":{"type":"Point","coordinates":[55.79956,24.39713]}},{"type":"Feature","properties":{"i":0.22},"geometry":{"type":"Point","coordinates":[55.82153,24.39713]}},{"type":"Feature","properties":{"i":0.21},"geometry":{"type":"Point","coordinates":[55.84351,24.39713]}},{"type":"Feature","properties":{"i":0.03},"geometry":{"type":"Point","coordinates":[55.90942,24.39713]}},{"type":"Feature","properties":{"i":0.52},"geometry":{"type":"Point","coordinates":[55.9314,24.39713]}},{"type":"Feature","properties":{"i":1},"geometry":{"type":"Point","coordinates":[55.95337,24.39713]}},{"type":"Feature","properties":{"i":1},"geometry":{"type":"Point","coordinates":[55.97534,24.39713]}},{"type":"Feature","properties":{"i":0.45},"geometry":{"type":"Point","coordinates":[55.99731,24.39713]}},{"type":"Feature","properties":{"i":0.15},"geometry":{"type":"Point","coordinates":[56.01929,24.39713]}},{"type":"Feature","properties":{"i":0.13},"geometry":{"type":"Point","coordinates":[56.04126,24.39713]}},{"type":"Feature","properties":{"i":0.82},"geometry":{"type":"Point","coordinates":[54.85474,24.37712]}},{"type":"Feature","properties":{"i":0.3},"geometry":{"type":"Point","coordinates":[54.87671,24.37712]}},{"type":"Feature","properties":{"i":0.4},"geometry":{"type":"Point","coordinates":[54.89868,24.37712]}},{"type":"Feature","properties":{"i":0.22},"geometry":{"type":"Point","coordinates":[54.92065,24.37712]}},{"type":"Feature","properties":{"i":0.12},"geometry":{"type":"Point","coordinates":[54.94263,24.37712]}},{"type":"Feature","properties":{"i":0.53},"geometry":{"type":"Point","coordinates":[54.9646,24.37712]}},{"type":"Feature","properties":{"i":0.62},"geometry":{"type":"Point","coordinates":[54.98657,24.37712]}},{"type":"Feature","properties":{"i":0.28},"geometry":{"type":"Point","coordinates":[55.00854,24.37712]}},{"type":"Feature","properties":{"i":0.09},"geometry":{"type":"Point","coordinates":[55.03052,24.37712]}},{"type":"Feature","properties":{"i":0.21},"geometry":{"type":"Point","coordinates":[55.05249,24.37712]}},{"type":"Feature","properties":{"i":0.21},"geometry":{"type":"Point","coordinates":[55.07446,24.37712]}},{"type":"Feature","properties":{"i":0.24},"geometry":{"type":"Point","coordinates":[55.09644,24.37712]}},{"type":"Feature","properties":{"i":0.08},"geometry":{"type":"Point","coordinates":[55.11841,24.37712]}},{"type":"Feature","properties":{"i":0.03},"geometry":{"type":"Point","coordinates":[55.36011,24.37712]}},{"type":"Feature","properties":{"i":0.73},"geometry":{"type":"Point","coordinates":[55.38208,24.37712]}},{"type":"Feature","properties":{"i":0.44},"geometry":{"type":"Point","coordinates":[55.40405,24.37712]}},{"type":"Feature","properties":{"i":0.02},"geometry":{"type":"Point","coordinates":[55.42603,24.37712]}},{"type":"Feature","properties":{"i":0.05},"geometry":{"type":"Point","coordinates":[55.57983,24.37712]}},{"type":"Feature","properties":{"i":0.05},"geometry":{"type":"Point","coordinates":[55.60181,24.37712]}},{"type":"Feature","properties":{"i":0.09},"geometry":{"type":"Point","coordinates":[55.62378,24.37712]}},{"type":"Feature","properties":{"i":0.1},"geometry":{"type":"Point","coordinates":[55.64575,24.37712]}},{"type":"Feature","properties":{"i":0.15},"geometry":{"type":"Point","coordinates":[55.66772,24.37712]}},{"type":"Feature","properties":{"i":0.21},"geometry":{"type":"Point","coordinates":[55.6897,24.37712]}},{"type":"Feature","properties":{"i":0.75},"geometry":{"type":"Point","coordinates":[55.71167,24.37712]}},{"type":"Feature","properties":{"i":0.94},"geometry":{"type":"Point","coordinates":[55.73364,24.37712]}},{"type":"Feature","properties":{"i":0.42},"geometry":{"type":"Point","coordinates":[55.75562,24.37712]}},{"type":"Feature","properties":{"i":0.37},"geometry":{"type":"Point","coordinates":[55.77759,24.37712]}},{"type":"Feature","properties":{"i":0.99},"geometry":{"type":"Point","coordinates":[55.79956,24.37712]}},{"type":"Feature","properties":{"i":0.36},"geometry":{"type":"Point","coordinates":[55.82153,24.37712]}},{"type":"Feature","properties":{"i":0.98},"geometry":{"type":"Point","coordinates":[55.84351,24.37712]}},{"type":"Feature","properties":{"i":0.09},"geometry":{"type":"Point","coordinates":[55.86548,24.37712]}},{"type":"Feature","properties":{"i":0.13},"geometry":{"type":"Point","coordinates":[55.88745,24.37712]}},{"type":"Feature","properties":{"i":0.61},"geometry":{"type":"Point","coordinates":[55.90942,24.37712]}},{"type":"Feature","properties":{"i":0.8},"geometry":{"type":"Point","coordinates":[55.9314,24.37712]}},{"type":"Feature","properties":{"i":0.42},"geometry":{"type":"Point","coordinates":[55.95337,24.37712]}},{"type":"Feature","properties":{"i":0.24},"geometry":{"type":"Point","coordinates":[55.97534,24.37712]}},{"type":"Feature","properties":{"i":0.47},"geometry":{"type":"Point","coordinates":[55.99731,24.37712]}},{"type":"Feature","properties":{"i":0.47},"geometry":{"type":"Point","coordinates":[56.01929,24.37712]}},{"type":"Feature","properties":{"i":0.28},"geometry":{"type":"Point","coordinates":[56.04126,24.37712]}},{"type":"Feature","properties":{"i":0.99},"geometry":{"type":"Point","coordinates":[54.85474,24.35711]}},{"type":"Feature","properties":{"i":0.27},"geometry":{"type":"Point","coordinates":[54.87671,24.35711]}},{"type":"Feature","properties":{"i":0.19},"geometry":{"type":"Point","coordinates":[54.89868,24.35711]}},{"type":"Feature","properties":{"i":0.59},"geometry":{"type":"Point","coordinates":[54.92065,24.35711]}},{"type":"Feature","properties":{"i":0.63},"geometry":{"type":"Point","coordinates":[54.94263,24.35711]}},{"type":"Feature","properties":{"i":0.64},"geometry":{"type":"Point","coordinates":[54.9646,24.35711]}},{"type":"Feature","properties":{"i":0.12},"geometry":{"type":"Point","coordinates":[54.98657,24.35711]}},{"type":"Feature","properties":{"i":0.05},"geometry":{"type":"Point","coordinates":[55.00854,24.35711]}},{"type":"Feature","properties":{"i":0.55},"geometry":{"type":"Point","coordinates":[55.38208,24.35711]}},{"type":"Feature","properties":{"i":0.75},"geometry":{"type":"Point","coordinates":[55.40405,24.35711]}},{"type":"Feature","properties":{"i":0.08},"geometry":{"type":"Point","coordinates":[55.42603,24.35711]}},{"type":"Feature","properties":{"i":0.36},"geometry":{"type":"Point","coordinates":[55.448,24.35711]}},{"type":"Feature","properties":{"i":0.17},"geometry":{"type":"Point","coordinates":[55.53589,24.35711]}},{"type":"Feature","properties":{"i":0.04},"geometry":{"type":"Point","coordinates":[55.55786,24.35711]}},{"type":"Feature","properties":{"i":0.04},"geometry":{"type":"Point","coordinates":[55.60181,24.35711]}},{"type":"Feature","properties":{"i":0.08},"geometry":{"type":"Point","coordinates":[55.62378,24.35711]}},{"type":"Feature","properties":{"i":0.13},"geometry":{"type":"Point","coordinates":[55.64575,24.35711]}},{"type":"Feature","properties":{"i":0.15},"geometry":{"type":"Point","coordinates":[55.66772,24.35711]}},{"type":"Feature","properties":{"i":0.32},"geometry":{"type":"Point","coordinates":[55.6897,24.35711]}},{"type":"Feature","properties":{"i":0.74},"geometry":{"type":"Point","coordinates":[55.71167,24.35711]}},{"type":"Feature","properties":{"i":0.99},"geometry":{"type":"Point","coordinates":[55.73364,24.35711]}},{"type":"Feature","properties":{"i":0.47},"geometry":{"type":"Point","coordinates":[55.75562,24.35711]}},{"type":"Feature","properties":{"i":1},"geometry":{"type":"Point","coordinates":[55.77759,24.35711]}},{"type":"Feature","properties":{"i":1},"geometry":{"type":"Point","coordinates":[55.79956,24.35711]}},{"type":"Feature","properties":{"i":0.57},"geometry":{"type":"Point","coordinates":[55.82153,24.35711]}},{"type":"Feature","properties":{"i":0.23},"geometry":{"type":"Point","coordinates":[55.84351,24.35711]}},{"type":"Feature","properties":{"i":0.34},"geometry":{"type":"Point","coordinates":[55.86548,24.35711]}},{"type":"Feature","properties":{"i":0.72},"geometry":{"type":"Point","coordinates":[55.88745,24.35711]}},{"type":"Feature","properties":{"i":0.28},"geometry":{"type":"Point","coordinates":[55.90942,24.35711]}},{"type":"Feature","properties":{"i":0.05},"geometry":{"type":"Point","coordinates":[55.9314,24.35711]}},{"type":"Feature","properties":{"i":0.02},"geometry":{"type":"Point","coordinates":[55.95337,24.35711]}},{"type":"Feature","properties":{"i":0.18},"geometry":{"type":"Point","coordinates":[55.97534,24.35711]}},{"type":"Feature","properties":{"i":0.71},"geometry":{"type":"Point","coordinates":[55.99731,24.35711]}},{"type":"Feature","properties":{"i":0.42},"geometry":{"type":"Point","coordinates":[56.01929,24.35711]}},{"type":"Feature","properties":{"i":0.5},"geometry":{"type":"Point","coordinates":[56.04126,24.35711]}},{"type":"Feature","properties":{"i":0.28},"geometry":{"type":"Point","coordinates":[54.85474,24.33709]}},{"type":"Feature","properties":{"i":0.31},"geometry":{"type":"Point","coordinates":[54.87671,24.33709]}},{"type":"Feature","properties":{"i":0.55},"geometry":{"type":"Point","coordinates":[54.89868,24.33709]}},{"type":"Feature","properties":{"i":0.82},"geometry":{"type":"Point","coordinates":[54.92065,24.33709]}},{"type":"Feature","properties":{"i":0.7},"geometry":{"type":"Point","coordinates":[54.94263,24.33709]}},{"type":"Feature","properties":{"i":0.1},"geometry":{"type":"Point","coordinates":[54.9646,24.33709]}},{"type":"Feature","properties":{"i":0.02},"geometry":{"type":"Point","coordinates":[55.38208,24.33709]}},{"type":"Feature","properties":{"i":0.69},"geometry":{"type":"Point","coordinates":[55.40405,24.33709]}},{"type":"Feature","properties":{"i":0.3},"geometry":{"type":"Point","coordinates":[55.42603,24.33709]}},{"type":"Feature","properties":{"i":0.19},"geometry":{"type":"Point","coordinates":[55.448,24.33709]}},{"type":"Feature","properties":{"i":0.05},"geometry":{"type":"Point","coordinates":[55.46997,24.33709]}},{"type":"Feature","properties":{"i":0.05},"geometry":{"type":"Point","coordinates":[55.49194,24.33709]}},{"type":"Feature","properties":{"i":0.07},"geometry":{"type":"Point","coordinates":[55.53589,24.33709]}},{"type":"Feature","properties":{"i":0.09},"geometry":{"type":"Point","coordinates":[55.55786,24.33709]}},{"type":"Feature","properties":{"i":0.08},"geometry":{"type":"Point","coordinates":[55.57983,24.33709]}},{"type":"Feature","properties":{"i":0.1},"geometry":{"type":"Point","coordinates":[55.60181,24.33709]}},{"type":"Feature","properties":{"i":0.15},"geometry":{"type":"Point","coordinates":[55.62378,24.33709]}},{"type":"Feature","properties":{"i":0.27},"geometry":{"type":"Point","coordinates":[55.64575,24.33709]}},{"type":"Feature","properties":{"i":0.41},"geometry":{"type":"Point","coordinates":[55.66772,24.33709]}},{"type":"Feature","properties":{"i":0.64},"geometry":{"type":"Point","coordinates":[55.6897,24.33709]}},{"type":"Feature","properties":{"i":0.62},"geometry":{"type":"Point","coordinates":[55.71167,24.33709]}},{"type":"Feature","properties":{"i":0.81},"geometry":{"type":"Point","coordinates":[55.73364,24.33709]}},{"type":"Feature","properties":{"i":0.79},"geometry":{"type":"Point","coordinates":[55.75562,24.33709]}},{"type":"Feature","properties":{"i":1},"geometry":{"type":"Point","coordinates":[55.77759,24.33709]}},{"type":"Feature","properties":{"i":1},"geometry":{"type":"Point","coordinates":[55.79956,24.33709]}},{"type":"Feature","properties":{"i":1},"geometry":{"type":"Point","coordinates":[55.82153,24.33709]}},{"type":"Feature","properties":{"i":0.38},"geometry":{"type":"Point","coordinates":[55.84351,24.33709]}},{"type":"Feature","properties":{"i":0.31},"geometry":{"type":"Point","coordinates":[55.86548,24.33709]}},{"type":"Feature","properties":{"i":0.11},"geometry":{"type":"Point","coordinates":[55.88745,24.33709]}},{"type":"Feature","properties":{"i":0.02},"geometry":{"type":"Point","coordinates":[55.90942,24.33709]}},{"type":"Feature","properties":{"i":0.31},"geometry":{"type":"Point","coordinates":[55.97534,24.33709]}},{"type":"Feature","properties":{"i":0.23},"geometry":{"type":"Point","coordinates":[55.99731,24.33709]}},{"type":"Feature","properties":{"i":0.35},"geometry":{"type":"Point","coordinates":[56.01929,24.33709]}},{"type":"Feature","properties":{"i":0.25},"geometry":{"type":"Point","coordinates":[56.04126,24.33709]}},{"type":"Feature","properties":{"i":0.59},"geometry":{"type":"Point","coordinates":[54.85474,24.31707]}},{"type":"Feature","properties":{"i":0.79},"geometry":{"type":"Point","coordinates":[54.87671,24.31707]}},{"type":"Feature","properties":{"i":0.94},"geometry":{"type":"Point","coordinates":[54.89868,24.31707]}},{"type":"Feature","properties":{"i":0.33},"geometry":{"type":"Point","coordinates":[54.92065,24.31707]}},{"type":"Feature","properties":{"i":0.11},"geometry":{"type":"Point","coordinates":[54.94263,24.31707]}},{"type":"Feature","properties":{"i":0.04},"geometry":{"type":"Point","coordinates":[54.9646,24.31707]}},{"type":"Feature","properties":{"i":0.03},"geometry":{"type":"Point","coordinates":[55.38208,24.31707]}},{"type":"Feature","properties":{"i":0.78},"geometry":{"type":"Point","coordinates":[55.40405,24.31707]}},{"type":"Feature","properties":{"i":0.76},"geometry":{"type":"Point","coordinates":[55.42603,24.31707]}},{"type":"Feature","properties":{"i":0.09},"geometry":{"type":"Point","coordinates":[55.448,24.31707]}},{"type":"Feature","properties":{"i":0.04},"geometry":{"type":"Point","coordinates":[55.46997,24.31707]}},{"type":"Feature","properties":{"i":0.1},"geometry":{"type":"Point","coordinates":[55.49194,24.31707]}},{"type":"Feature","properties":{"i":0.13},"geometry":{"type":"Point","coordinates":[55.51392,24.31707]}},{"type":"Feature","properties":{"i":0.12},"geometry":{"type":"Point","coordinates":[55.53589,24.31707]}},{"type":"Feature","properties":{"i":0.13},"geometry":{"type":"Point","coordinates":[55.55786,24.31707]}},{"type":"Feature","properties":{"i":0.21},"geometry":{"type":"Point","coordinates":[55.57983,24.31707]}},{"type":"Feature","properties":{"i":0.22},"geometry":{"type":"Point","coordinates":[55.60181,24.31707]}},{"type":"Feature","properties":{"i":0.25},"geometry":{"type":"Point","coordinates":[55.62378,24.31707]}},{"type":"Feature","properties":{"i":0.45},"geometry":{"type":"Point","coordinates":[55.64575,24.31707]}},{"type":"Feature","properties":{"i":0.45},"geometry":{"type":"Point","coordinates":[55.66772,24.31707]}},{"type":"Feature","properties":{"i":0.47},"geometry":{"type":"Point","coordinates":[55.6897,24.31707]}},{"type":"Feature","properties":{"i":0.52},"geometry":{"type":"Point","coordinates":[55.71167,24.31707]}},{"type":"Feature","properties":{"i":0.93},"geometry":{"type":"Point","coordinates":[55.73364,24.31707]}},{"type":"Feature","properties":{"i":1},"geometry":{"type":"Point","coordinates":[55.75562,24.31707]}},{"type":"Feature","properties":{"i":0.95},"geometry":{"type":"Point","coordinates":[55.77759,24.31707]}},{"type":"Feature","properties":{"i":1},"geometry":{"type":"Point","coordinates":[55.79956,24.31707]}},{"type":"Feature","properties":{"i":1},"geometry":{"type":"Point","coordinates":[55.82153,24.31707]}},{"type":"Feature","properties":{"i":0.47},"geometry":{"type":"Point","coordinates":[55.84351,24.31707]}},{"type":"Feature","properties":{"i":0.52},"geometry":{"type":"Point","coordinates":[55.86548,24.31707]}},{"type":"Feature","properties":{"i":0.21},"geometry":{"type":"Point","coordinates":[55.88745,24.31707]}},{"type":"Feature","properties":{"i":0.16},"geometry":{"type":"Point","coordinates":[55.90942,24.31707]}},{"type":"Feature","properties":{"i":0.02},"geometry":{"type":"Point","coordinates":[55.9314,24.31707]}},{"type":"Feature","properties":{"i":0.34},"geometry":{"type":"Point","coordinates":[55.97534,24.31707]}},{"type":"Feature","properties":{"i":0.23},"geometry":{"type":"Point","coordinates":[56.01929,24.31707]}},{"type":"Feature","properties":{"i":0.28},"geometry":{"type":"Point","coordinates":[56.04126,24.31707]}},{"type":"Feature","properties":{"i":0.21},"geometry":{"type":"Point","coordinates":[56.06323,24.31707]}},{"type":"Feature","properties":{"i":0.3},"geometry":{"type":"Point","coordinates":[56.08521,24.31707]}},{"type":"Feature","properties":{"i":0.48},"geometry":{"type":"Point","coordinates":[56.10718,24.31707]}},{"type":"Feature","properties":{"i":0.37},"geometry":{"type":"Point","coordinates":[56.12915,24.31707]}},{"type":"Feature","properties":{"i":0.89},"geometry":{"type":"Point","coordinates":[54.85474,24.29704]}},{"type":"Feature","properties":{"i":0.88},"geometry":{"type":"Point","coordinates":[54.87671,24.29704]}},{"type":"Feature","properties":{"i":0.67},"geometry":{"type":"Point","coordinates":[54.89868,24.29704]}},{"type":"Feature","properties":{"i":0.15},"geometry":{"type":"Point","coordinates":[54.92065,24.29704]}},{"type":"Feature","properties":{"i":0.1},"geometry":{"type":"Point","coordinates":[54.94263,24.29704]}},{"type":"Feature","properties":{"i":0.04},"geometry":{"type":"Point","coordinates":[54.9646,24.29704]}},{"type":"Feature","properties":{"i":0.04},"geometry":{"type":"Point","coordinates":[55.25024,24.29704]}},{"type":"Feature","properties":{"i":0.49},"geometry":{"type":"Point","coordinates":[55.40405,24.29704]}},{"type":"Feature","properties":{"i":0.93},"geometry":{"type":"Point","coordinates":[55.42603,24.29704]}},{"type":"Feature","properties":{"i":0.13},"geometry":{"type":"Point","coordinates":[55.448,24.29704]}},{"type":"Feature","properties":{"i":0.27},"geometry":{"type":"Point","coordinates":[55.46997,24.29704]}},{"type":"Feature","properties":{"i":0.38},"geometry":{"type":"Point","coordinates":[55.49194,24.29704]}},{"type":"Feature","properties":{"i":0.41},"geometry":{"type":"Point","coordinates":[55.51392,24.29704]}},{"type":"Feature","properties":{"i":0.33},"geometry":{"type":"Point","coordinates":[55.53589,24.29704]}},{"type":"Feature","properties":{"i":0.27},"geometry":{"type":"Point","coordinates":[55.55786,24.29704]}},{"type":"Feature","properties":{"i":0.33},"geometry":{"type":"Point","coordinates":[55.57983,24.29704]}},{"type":"Feature","properties":{"i":0.6},"geometry":{"type":"Point","coordinates":[55.60181,24.29704]}},{"type":"Feature","properties":{"i":0.99},"geometry":{"type":"Point","coordinates":[55.62378,24.29704]}},{"type":"Feature","properties":{"i":0.46},"geometry":{"type":"Point","coordinates":[55.64575,24.29704]}},{"type":"Feature","properties":{"i":0.72},"geometry":{"type":"Point","coordinates":[55.66772,24.29704]}},{"type":"Feature","properties":{"i":0.63},"geometry":{"type":"Point","coordinates":[55.6897,24.29704]}},{"type":"Feature","properties":{"i":0.67},"geometry":{"type":"Point","coordinates":[55.71167,24.29704]}},{"type":"Feature","properties":{"i":1},"geometry":{"type":"Point","coordinates":[55.73364,24.29704]}},{"type":"Feature","properties":{"i":1},"geometry":{"type":"Point","coordinates":[55.75562,24.29704]}},{"type":"Feature","properties":{"i":1},"geometry":{"type":"Point","coordinates":[55.77759,24.29704]}},{"type":"Feature","properties":{"i":1},"geometry":{"type":"Point","coordinates":[55.79956,24.29704]}},{"type":"Feature","properties":{"i":0.91},"geometry":{"type":"Point","coordinates":[55.82153,24.29704]}},{"type":"Feature","properties":{"i":0.69},"geometry":{"type":"Point","coordinates":[55.84351,24.29704]}},{"type":"Feature","properties":{"i":0.36},"geometry":{"type":"Point","coordinates":[55.86548,24.29704]}},{"type":"Feature","properties":{"i":0.15},"geometry":{"type":"Point","coordinates":[55.88745,24.29704]}},{"type":"Feature","properties":{"i":0.1},"geometry":{"type":"Point","coordinates":[55.90942,24.29704]}},{"type":"Feature","properties":{"i":0.02},"geometry":{"type":"Point","coordinates":[55.9314,24.29704]}},{"type":"Feature","properties":{"i":0.25},"geometry":{"type":"Point","coordinates":[55.97534,24.29704]}},{"type":"Feature","properties":{"i":0.75},"geometry":{"type":"Point","coordinates":[56.04126,24.29704]}},{"type":"Feature","properties":{"i":0.75},"geometry":{"type":"Point","coordinates":[56.06323,24.29704]}},{"type":"Feature","properties":{"i":0.35},"geometry":{"type":"Point","coordinates":[56.08521,24.29704]}},{"type":"Feature","properties":{"i":0.38},"geometry":{"type":"Point","coordinates":[56.10718,24.29704]}},{"type":"Feature","properties":{"i":0.4},"geometry":{"type":"Point","coordinates":[56.12915,24.29704]}},{"type":"Feature","properties":{"i":0.81},"geometry":{"type":"Point","coordinates":[54.85474,24.27701]}},{"type":"Feature","properties":{"i":0.32},"geometry":{"type":"Point","coordinates":[54.87671,24.27701]}},{"type":"Feature","properties":{"i":0.21},"geometry":{"type":"Point","coordinates":[54.89868,24.27701]}},{"type":"Feature","properties":{"i":0.13},"geometry":{"type":"Point","coordinates":[54.92065,24.27701]}},{"type":"Feature","properties":{"i":0.81},"geometry":{"type":"Point","coordinates":[54.94263,24.27701]}},{"type":"Feature","properties":{"i":0.81},"geometry":{"type":"Point","coordinates":[54.9646,24.27701]}},{"type":"Feature","properties":{"i":0.07},"geometry":{"type":"Point","coordinates":[54.98657,24.27701]}},{"type":"Feature","properties":{"i":0.02},"geometry":{"type":"Point","coordinates":[55.00854,24.27701]}},{"type":"Feature","properties":{"i":0.07},"geometry":{"type":"Point","coordinates":[55.38208,24.27701]}},{"type":"Feature","properties":{"i":0.42},"geometry":{"type":"Point","coordinates":[55.40405,24.27701]}},{"type":"Feature","properties":{"i":0.72},"geometry":{"type":"Point","coordinates":[55.42603,24.27701]}},{"type":"Feature","properties":{"i":0.68},"geometry":{"type":"Point","coordinates":[55.448,24.27701]}},{"type":"Feature","properties":{"i":0.37},"geometry":{"type":"Point","coordinates":[55.46997,24.27701]}},{"type":"Feature","properties":{"i":0.45},"geometry":{"type":"Point","coordinates":[55.49194,24.27701]}},{"type":"Feature","properties":{"i":0.35},"geometry":{"type":"Point","coordinates":[55.51392,24.27701]}},{"type":"Feature","properties":{"i":0.28},"geometry":{"type":"Point","coordinates":[55.53589,24.27701]}},{"type":"Feature","properties":{"i":0.4},"geometry":{"type":"Point","coordinates":[55.55786,24.27701]}},{"type":"Feature","properties":{"i":0.49},"geometry":{"type":"Point","coordinates":[55.57983,24.27701]}},{"type":"Feature","properties":{"i":0.91},"geometry":{"type":"Point","coordinates":[55.60181,24.27701]}},{"type":"Feature","properties":{"i":1},"geometry":{"type":"Point","coordinates":[55.62378,24.27701]}},{"type":"Feature","properties":{"i":0.49},"geometry":{"type":"Point","coordinates":[55.64575,24.27701]}},{"type":"Feature","properties":{"i":1},"geometry":{"type":"Point","coordinates":[55.66772,24.27701]}},{"type":"Feature","properties":{"i":0.8},"geometry":{"type":"Point","coordinates":[55.6897,24.27701]}},{"type":"Feature","properties":{"i":1},"geometry":{"type":"Point","coordinates":[55.71167,24.27701]}},{"type":"Feature","properties":{"i":1},"geometry":{"type":"Point","coordinates":[55.73364,24.27701]}},{"type":"Feature","properties":{"i":1},"geometry":{"type":"Point","coordinates":[55.75562,24.27701]}},{"type":"Feature","properties":{"i":1},"geometry":{"type":"Point","coordinates":[55.77759,24.27701]}},{"type":"Feature","properties":{"i":1},"geometry":{"type":"Point","coordinates":[55.79956,24.27701]}},{"type":"Feature","properties":{"i":0.99},"geometry":{"type":"Point","coordinates":[55.82153,24.27701]}},{"type":"Feature","properties":{"i":0.72},"geometry":{"type":"Point","coordinates":[55.84351,24.27701]}},{"type":"Feature","properties":{"i":0.33},"geometry":{"type":"Point","coordinates":[55.86548,24.27701]}},{"type":"Feature","properties":{"i":0.18},"geometry":{"type":"Point","coordinates":[55.88745,24.27701]}},{"type":"Feature","properties":{"i":0.1},"geometry":{"type":"Point","coordinates":[55.90942,24.27701]}},{"type":"Feature","properties":{"i":0.05},"geometry":{"type":"Point","coordinates":[55.9314,24.27701]}},{"type":"Feature","properties":{"i":0.49},"geometry":{"type":"Point","coordinates":[55.97534,24.27701]}},{"type":"Feature","properties":{"i":0.6},"geometry":{"type":"Point","coordinates":[56.04126,24.27701]}},{"type":"Feature","properties":{"i":0.65},"geometry":{"type":"Point","coordinates":[56.06323,24.27701]}},{"type":"Feature","properties":{"i":0.48},"geometry":{"type":"Point","coordinates":[56.08521,24.27701]}},{"type":"Feature","properties":{"i":0.25},"geometry":{"type":"Point","coordinates":[56.10718,24.27701]}},{"type":"Feature","properties":{"i":0.32},"geometry":{"type":"Point","coordinates":[54.85474,24.25698]}},{"type":"Feature","properties":{"i":0.22},"geometry":{"type":"Point","coordinates":[54.87671,24.25698]}},{"type":"Feature","properties":{"i":0.12},"geometry":{"type":"Point","coordinates":[54.89868,24.25698]}},{"type":"Feature","properties":{"i":0.07},"geometry":{"type":"Point","coordinates":[54.92065,24.25698]}},{"type":"Feature","properties":{"i":0.04},"geometry":{"type":"Point","coordinates":[54.94263,24.25698]}},{"type":"Feature","properties":{"i":0.03},"geometry":{"type":"Point","coordinates":[54.9646,24.25698]}},{"type":"Feature","properties":{"i":0.24},"geometry":{"type":"Point","coordinates":[54.98657,24.25698]}},{"type":"Feature","properties":{"i":0.24},"geometry":{"type":"Point","coordinates":[55.00854,24.25698]}},{"type":"Feature","properties":{"i":0.28},"geometry":{"type":"Point","coordinates":[55.03052,24.25698]}},{"type":"Feature","properties":{"i":0.24},"geometry":{"type":"Point","coordinates":[55.05249,24.25698]}},{"type":"Feature","properties":{"i":0.22},"geometry":{"type":"Point","coordinates":[55.07446,24.25698]}},{"type":"Feature","properties":{"i":0.25},"geometry":{"type":"Point","coordinates":[55.09644,24.25698]}},{"type":"Feature","properties":{"i":0.07},"geometry":{"type":"Point","coordinates":[55.36011,24.25698]}},{"type":"Feature","properties":{"i":0.33},"geometry":{"type":"Point","coordinates":[55.38208,24.25698]}},{"type":"Feature","properties":{"i":0.36},"geometry":{"type":"Point","coordinates":[55.40405,24.25698]}},{"type":"Feature","properties":{"i":0.3},"geometry":{"type":"Point","coordinates":[55.42603,24.25698]}},{"type":"Feature","properties":{"i":0.81},"geometry":{"type":"Point","coordinates":[55.448,24.25698]}},{"type":"Feature","properties":{"i":0.3},"geometry":{"type":"Point","coordinates":[55.46997,24.25698]}},{"type":"Feature","properties":{"i":0.33},"geometry":{"type":"Point","coordinates":[55.49194,24.25698]}},{"type":"Feature","properties":{"i":0.4},"geometry":{"type":"Point","coordinates":[55.51392,24.25698]}},{"type":"Feature","properties":{"i":0.48},"geometry":{"type":"Point","coordinates":[55.53589,24.25698]}},{"type":"Feature","properties":{"i":1},"geometry":{"type":"Point","coordinates":[55.55786,24.25698]}},{"type":"Feature","properties":{"i":1},"geometry":{"type":"Point","coordinates":[55.57983,24.25698]}},{"type":"Feature","properties":{"i":1},"geometry":{"type":"Point","coordinates":[55.60181,24.25698]}},{"type":"Feature","properties":{"i":1},"geometry":{"type":"Point","coordinates":[55.62378,24.25698]}},{"type":"Feature","properties":{"i":0.98},"geometry":{"type":"Point","coordinates":[55.64575,24.25698]}},{"type":"Feature","properties":{"i":0.94},"geometry":{"type":"Point","coordinates":[55.66772,24.25698]}},{"type":"Feature","properties":{"i":1},"geometry":{"type":"Point","coordinates":[55.6897,24.25698]}},{"type":"Feature","properties":{"i":1},"geometry":{"type":"Point","coordinates":[55.71167,24.25698]}},{"type":"Feature","properties":{"i":1},"geometry":{"type":"Point","coordinates":[55.73364,24.25698]}},{"type":"Feature","properties":{"i":1},"geometry":{"type":"Point","coordinates":[55.75562,24.25698]}},{"type":"Feature","properties":{"i":1},"geometry":{"type":"Point","coordinates":[55.77759,24.25698]}},{"type":"Feature","properties":{"i":1},"geometry":{"type":"Point","coordinates":[55.79956,24.25698]}},{"type":"Feature","properties":{"i":0.91},"geometry":{"type":"Point","coordinates":[55.82153,24.25698]}},{"type":"Feature","properties":{"i":0.69},"geometry":{"type":"Point","coordinates":[55.84351,24.25698]}},{"type":"Feature","properties":{"i":0.49},"geometry":{"type":"Point","coordinates":[55.86548,24.25698]}},{"type":"Feature","properties":{"i":0.27},"geometry":{"type":"Point","coordinates":[55.88745,24.25698]}},{"type":"Feature","properties":{"i":0.19},"geometry":{"type":"Point","coordinates":[55.90942,24.25698]}},{"type":"Feature","properties":{"i":0.11},"geometry":{"type":"Point","coordinates":[55.9314,24.25698]}},{"type":"Feature","properties":{"i":0.08},"geometry":{"type":"Point","coordinates":[55.95337,24.25698]}},{"type":"Feature","properties":{"i":0.34},"geometry":{"type":"Point","coordinates":[55.97534,24.25698]}},{"type":"Feature","properties":{"i":0.1},"geometry":{"type":"Point","coordinates":[55.99731,24.25698]}},{"type":"Feature","properties":{"i":0.45},"geometry":{"type":"Point","coordinates":[56.01929,24.25698]}},{"type":"Feature","properties":{"i":0.72},"geometry":{"type":"Point","coordinates":[56.04126,24.25698]}},{"type":"Feature","properties":{"i":0.71},"geometry":{"type":"Point","coordinates":[56.06323,24.25698]}},{"type":"Feature","properties":{"i":0.68},"geometry":{"type":"Point","coordinates":[56.08521,24.25698]}},{"type":"Feature","properties":{"i":0.3},"geometry":{"type":"Point","coordinates":[56.10718,24.25698]}},{"type":"Feature","properties":{"i":0.46},"geometry":{"type":"Point","coordinates":[56.12915,24.25698]}},{"type":"Feature","properties":{"i":0.4},"geometry":{"type":"Point","coordinates":[54.85474,24.23695]}},{"type":"Feature","properties":{"i":0.5},"geometry":{"type":"Point","coordinates":[54.87671,24.23695]}},{"type":"Feature","properties":{"i":0.25},"geometry":{"type":"Point","coordinates":[54.89868,24.23695]}},{"type":"Feature","properties":{"i":0.12},"geometry":{"type":"Point","coordinates":[54.92065,24.23695]}},{"type":"Feature","properties":{"i":0.07},"geometry":{"type":"Point","coordinates":[54.94263,24.23695]}},{"type":"Feature","properties":{"i":0.07},"geometry":{"type":"Point","coordinates":[54.9646,24.23695]}},{"type":"Feature","properties":{"i":0.28},"geometry":{"type":"Point","coordinates":[54.98657,24.23695]}},{"type":"Feature","properties":{"i":0.23},"geometry":{"type":"Point","coordinates":[55.00854,24.23695]}},{"type":"Feature","properties":{"i":0.09},"geometry":{"type":"Point","coordinates":[55.03052,24.23695]}},{"type":"Feature","properties":{"i":0.04},"geometry":{"type":"Point","coordinates":[55.05249,24.23695]}},{"type":"Feature","properties":{"i":0.04},"geometry":{"type":"Point","coordinates":[55.07446,24.23695]}},{"type":"Feature","properties":{"i":0.28},"geometry":{"type":"Point","coordinates":[55.09644,24.23695]}},{"type":"Feature","properties":{"i":0.35},"geometry":{"type":"Point","coordinates":[55.31616,24.23695]}},{"type":"Feature","properties":{"i":0.44},"geometry":{"type":"Point","coordinates":[55.33813,24.23695]}},{"type":"Feature","properties":{"i":0.14},"geometry":{"type":"Point","coordinates":[55.36011,24.23695]}},{"type":"Feature","properties":{"i":0.15},"geometry":{"type":"Point","coordinates":[55.38208,24.23695]}},{"type":"Feature","properties":{"i":0.21},"geometry":{"type":"Point","coordinates":[55.40405,24.23695]}},{"type":"Feature","properties":{"i":0.25},"geometry":{"type":"Point","coordinates":[55.42603,24.23695]}},{"type":"Feature","properties":{"i":0.74},"geometry":{"type":"Point","coordinates":[55.448,24.23695]}},{"type":"Feature","properties":{"i":0.74},"geometry":{"type":"Point","coordinates":[55.46997,24.23695]}},{"type":"Feature","properties":{"i":0.71},"geometry":{"type":"Point","coordinates":[55.49194,24.23695]}},{"type":"Feature","properties":{"i":0.58},"geometry":{"type":"Point","coordinates":[55.51392,24.23695]}},{"type":"Feature","properties":{"i":1},"geometry":{"type":"Point","coordinates":[55.53589,24.23695]}},{"type":"Feature","properties":{"i":1},"geometry":{"type":"Point","coordinates":[55.55786,24.23695]}},{"type":"Feature","properties":{"i":1},"geometry":{"type":"Point","coordinates":[55.57983,24.23695]}},{"type":"Feature","properties":{"i":1},"geometry":{"type":"Point","coordinates":[55.60181,24.23695]}},{"type":"Feature","properties":{"i":1},"geometry":{"type":"Point","coordinates":[55.62378,24.23695]}},{"type":"Feature","properties":{"i":0.65},"geometry":{"type":"Point","coordinates":[55.64575,24.23695]}},{"type":"Feature","properties":{"i":1},"geometry":{"type":"Point","coordinates":[55.66772,24.23695]}},{"type":"Feature","properties":{"i":1},"geometry":{"type":"Point","coordinates":[55.6897,24.23695]}},{"type":"Feature","properties":{"i":1},"geometry":{"type":"Point","coordinates":[55.71167,24.23695]}},{"type":"Feature","properties":{"i":1},"geometry":{"type":"Point","coordinates":[55.73364,24.23695]}},{"type":"Feature","properties":{"i":1},"geometry":{"type":"Point","coordinates":[55.75562,24.23695]}},{"type":"Feature","properties":{"i":1},"geometry":{"type":"Point","coordinates":[55.77759,24.23695]}},{"type":"Feature","properties":{"i":1},"geometry":{"type":"Point","coordinates":[55.79956,24.23695]}},{"type":"Feature","properties":{"i":1},"geometry":{"type":"Point","coordinates":[55.82153,24.23695]}},{"type":"Feature","properties":{"i":0.96},"geometry":{"type":"Point","coordinates":[55.84351,24.23695]}},{"type":"Feature","properties":{"i":0.76},"geometry":{"type":"Point","coordinates":[55.86548,24.23695]}},{"type":"Feature","properties":{"i":1},"geometry":{"type":"Point","coordinates":[55.88745,24.23695]}},{"type":"Feature","properties":{"i":0.93},"geometry":{"type":"Point","coordinates":[55.90942,24.23695]}},{"type":"Feature","properties":{"i":0.8},"geometry":{"type":"Point","coordinates":[55.9314,24.23695]}},{"type":"Feature","properties":{"i":0.82},"geometry":{"type":"Point","coordinates":[55.95337,24.23695]}},{"type":"Feature","properties":{"i":0.83},"geometry":{"type":"Point","coordinates":[55.97534,24.23695]}},{"type":"Feature","properties":{"i":0.8},"geometry":{"type":"Point","coordinates":[55.99731,24.23695]}},{"type":"Feature","properties":{"i":0.69},"geometry":{"type":"Point","coordinates":[56.01929,24.23695]}},{"type":"Feature","properties":{"i":0.77},"geometry":{"type":"Point","coordinates":[56.04126,24.23695]}},{"type":"Feature","properties":{"i":0.27},"geometry":{"type":"Point","coordinates":[56.06323,24.23695]}},{"type":"Feature","properties":{"i":0.58},"geometry":{"type":"Point","coordinates":[56.08521,24.23695]}},{"type":"Feature","properties":{"i":0.83},"geometry":{"type":"Point","coordinates":[56.10718,24.23695]}},{"type":"Feature","properties":{"i":0.97},"geometry":{"type":"Point","coordinates":[56.12915,24.23695]}},{"type":"Feature","properties":{"i":0.91},"geometry":{"type":"Point","coordinates":[56.15112,24.23695]}},{"type":"Feature","properties":{"i":0.33},"geometry":{"type":"Point","coordinates":[56.1731,24.23695]}},{"type":"Feature","properties":{"i":0.89},"geometry":{"type":"Point","coordinates":[54.85474,24.21691]}},{"type":"Feature","properties":{"i":0.66},"geometry":{"type":"Point","coordinates":[54.87671,24.21691]}},{"type":"Feature","properties":{"i":0.64},"geometry":{"type":"Point","coordinates":[54.89868,24.21691]}},{"type":"Feature","properties":{"i":0.7},"geometry":{"type":"Point","coordinates":[54.92065,24.21691]}},{"type":"Feature","properties":{"i":0.21},"geometry":{"type":"Point","coordinates":[54.94263,24.21691]}},{"type":"Feature","properties":{"i":0.17},"geometry":{"type":"Point","coordinates":[54.9646,24.21691]}},{"type":"Feature","properties":{"i":0.37},"geometry":{"type":"Point","coordinates":[54.98657,24.21691]}},{"type":"Feature","properties":{"i":0.48},"geometry":{"type":"Point","coordinates":[55.00854,24.21691]}},{"type":"Feature","properties":{"i":0.69},"geometry":{"type":"Point","coordinates":[55.03052,24.21691]}},{"type":"Feature","properties":{"i":0.64},"geometry":{"type":"Point","coordinates":[55.05249,24.21691]}},{"type":"Feature","properties":{"i":0.37},"geometry":{"type":"Point","coordinates":[55.07446,24.21691]}},{"type":"Feature","properties":{"i":0.37},"geometry":{"type":"Point","coordinates":[55.09644,24.21691]}},{"type":"Feature","properties":{"i":0.43},"geometry":{"type":"Point","coordinates":[55.27222,24.21691]}},{"type":"Feature","properties":{"i":0.56},"geometry":{"type":"Point","coordinates":[55.29419,24.21691]}},{"type":"Feature","properties":{"i":0.51},"geometry":{"type":"Point","coordinates":[55.31616,24.21691]}},{"type":"Feature","properties":{"i":0.88},"geometry":{"type":"Point","coordinates":[55.33813,24.21691]}},{"type":"Feature","properties":{"i":0.45},"geometry":{"type":"Point","coordinates":[55.36011,24.21691]}},{"type":"Feature","properties":{"i":0.74},"geometry":{"type":"Point","coordinates":[55.38208,24.21691]}},{"type":"Feature","properties":{"i":0.61},"geometry":{"type":"Point","coordinates":[55.40405,24.21691]}},{"type":"Feature","properties":{"i":1},"geometry":{"type":"Point","coordinates":[55.42603,24.21691]}},{"type":"Feature","properties":{"i":0.97},"geometry":{"type":"Point","coordinates":[55.448,24.21691]}},{"type":"Feature","properties":{"i":1},"geometry":{"type":"Point","coordinates":[55.46997,24.21691]}},{"type":"Feature","properties":{"i":1},"geometry":{"type":"Point","coordinates":[55.49194,24.21691]}},{"type":"Feature","properties":{"i":1},"geometry":{"type":"Point","coordinates":[55.51392,24.21691]}},{"type":"Feature","properties":{"i":1},"geometry":{"type":"Point","coordinates":[55.53589,24.21691]}},{"type":"Feature","properties":{"i":1},"geometry":{"type":"Point","coordinates":[55.55786,24.21691]}},{"type":"Feature","properties":{"i":1},"geometry":{"type":"Point","coordinates":[55.57983,24.21691]}},{"type":"Feature","properties":{"i":1},"geometry":{"type":"Point","coordinates":[55.60181,24.21691]}},{"type":"Feature","properties":{"i":1},"geometry":{"type":"Point","coordinates":[55.62378,24.21691]}},{"type":"Feature","properties":{"i":1},"geometry":{"type":"Point","coordinates":[55.64575,24.21691]}},{"type":"Feature","properties":{"i":1},"geometry":{"type":"Point","coordinates":[55.66772,24.21691]}},{"type":"Feature","properties":{"i":1},"geometry":{"type":"Point","coordinates":[55.6897,24.21691]}},{"type":"Feature","properties":{"i":1},"geometry":{"type":"Point","coordinates":[55.71167,24.21691]}},{"type":"Feature","properties":{"i":1},"geometry":{"type":"Point","coordinates":[55.73364,24.21691]}},{"type":"Feature","properties":{"i":1},"geometry":{"type":"Point","coordinates":[55.75562,24.21691]}},{"type":"Feature","properties":{"i":1},"geometry":{"type":"Point","coordinates":[55.77759,24.21691]}},{"type":"Feature","properties":{"i":1},"geometry":{"type":"Point","coordinates":[55.79956,24.21691]}},{"type":"Feature","properties":{"i":0.95},"geometry":{"type":"Point","coordinates":[55.82153,24.21691]}},{"type":"Feature","properties":{"i":0.96},"geometry":{"type":"Point","coordinates":[55.84351,24.21691]}},{"type":"Feature","properties":{"i":0.62},"geometry":{"type":"Point","coordinates":[55.86548,24.21691]}},{"type":"Feature","properties":{"i":0.51},"geometry":{"type":"Point","coordinates":[55.88745,24.21691]}},{"type":"Feature","properties":{"i":0.59},"geometry":{"type":"Point","coordinates":[55.90942,24.21691]}},{"type":"Feature","properties":{"i":0.59},"geometry":{"type":"Point","coordinates":[55.9314,24.21691]}},{"type":"Feature","properties":{"i":1},"geometry":{"type":"Point","coordinates":[55.95337,24.21691]}},{"type":"Feature","properties":{"i":0.73},"geometry":{"type":"Point","coordinates":[55.97534,24.21691]}},{"type":"Feature","properties":{"i":0.16},"geometry":{"type":"Point","coordinates":[55.99731,24.21691]}},{"type":"Feature","properties":{"i":0.03},"geometry":{"type":"Point","coordinates":[56.01929,24.21691]}},{"type":"Feature","properties":{"i":0.33},"geometry":{"type":"Point","coordinates":[56.12915,24.21691]}},{"type":"Feature","properties":{"i":0.74},"geometry":{"type":"Point","coordinates":[56.15112,24.21691]}},{"type":"Feature","properties":{"i":0.74},"geometry":{"type":"Point","coordinates":[56.1731,24.21691]}},{"type":"Feature","properties":{"i":0.92},"geometry":{"type":"Point","coordinates":[56.19507,24.21691]}},{"type":"Feature","properties":{"i":0.84},"geometry":{"type":"Point","coordinates":[56.21704,24.21691]}},{"type":"Feature","properties":{"i":0.94},"geometry":{"type":"Point","coordinates":[56.23901,24.21691]}},{"type":"Feature","properties":{"i":0.87},"geometry":{"type":"Point","coordinates":[54.85474,24.19687]}},{"type":"Feature","properties":{"i":0.74},"geometry":{"type":"Point","coordinates":[54.87671,24.19687]}},{"type":"Feature","properties":{"i":0.71},"geometry":{"type":"Point","coordinates":[54.89868,24.19687]}},{"type":"Feature","properties":{"i":0.7},"geometry":{"type":"Point","coordinates":[54.92065,24.19687]}},{"type":"Feature","properties":{"i":0.7},"geometry":{"type":"Point","coordinates":[54.94263,24.19687]}},{"type":"Feature","properties":{"i":0.76},"geometry":{"type":"Point","coordinates":[54.9646,24.19687]}},{"type":"Feature","properties":{"i":0.85},"geometry":{"type":"Point","coordinates":[54.98657,24.19687]}},{"type":"Feature","properties":{"i":0.66},"geometry":{"type":"Point","coordinates":[55.00854,24.19687]}},{"type":"Feature","properties":{"i":0.71},"geometry":{"type":"Point","coordinates":[55.03052,24.19687]}},{"type":"Feature","properties":{"i":0.64},"geometry":{"type":"Point","coordinates":[55.05249,24.19687]}},{"type":"Feature","properties":{"i":0.6},"geometry":{"type":"Point","coordinates":[55.07446,24.19687]}},{"type":"Feature","properties":{"i":0.27},"geometry":{"type":"Point","coordinates":[55.09644,24.19687]}},{"type":"Feature","properties":{"i":0.24},"geometry":{"type":"Point","coordinates":[55.11841,24.19687]}},{"type":"Feature","properties":{"i":0.09},"geometry":{"type":"Point","coordinates":[55.14038,24.19687]}},{"type":"Feature","properties":{"i":0.05},"geometry":{"type":"Point","coordinates":[55.18433,24.19687]}},{"type":"Feature","properties":{"i":0.05},"geometry":{"type":"Point","coordinates":[55.2063,24.19687]}},{"type":"Feature","properties":{"i":0.41},"geometry":{"type":"Point","coordinates":[55.27222,24.19687]}},{"type":"Feature","properties":{"i":0.51},"geometry":{"type":"Point","coordinates":[55.29419,24.19687]}},{"type":"Feature","properties":{"i":0.65},"geometry":{"type":"Point","coordinates":[55.31616,24.19687]}},{"type":"Feature","properties":{"i":1},"geometry":{"type":"Point","coordinates":[55.33813,24.19687]}},{"type":"Feature","properties":{"i":1},"geometry":{"type":"Point","coordinates":[55.36011,24.19687]}},{"type":"Feature","properties":{"i":1},"geometry":{"type":"Point","coordinates":[55.38208,24.19687]}},{"type":"Feature","properties":{"i":1},"geometry":{"type":"Point","coordinates":[55.40405,24.19687]}},{"type":"Feature","properties":{"i":1},"geometry":{"type":"Point","coordinates":[55.42603,24.19687]}},{"type":"Feature","properties":{"i":0.78},"geometry":{"type":"Point","coordinates":[55.448,24.19687]}},{"type":"Feature","properties":{"i":1},"geometry":{"type":"Point","coordinates":[55.46997,24.19687]}},{"type":"Feature","properties":{"i":0.81},"geometry":{"type":"Point","coordinates":[55.49194,24.19687]}},{"type":"Feature","properties":{"i":1},"geometry":{"type":"Point","coordinates":[55.51392,24.19687]}},{"type":"Feature","properties":{"i":1},"geometry":{"type":"Point","coordinates":[55.53589,24.19687]}},{"type":"Feature","properties":{"i":0.96},"geometry":{"type":"Point","coordinates":[55.55786,24.19687]}},{"type":"Feature","properties":{"i":1},"geometry":{"type":"Point","coordinates":[55.57983,24.19687]}},{"type":"Feature","properties":{"i":1},"geometry":{"type":"Point","coordinates":[55.60181,24.19687]}},{"type":"Feature","properties":{"i":1},"geometry":{"type":"Point","coordinates":[55.62378,24.19687]}},{"type":"Feature","properties":{"i":1},"geometry":{"type":"Point","coordinates":[55.64575,24.19687]}},{"type":"Feature","properties":{"i":1},"geometry":{"type":"Point","coordinates":[55.66772,24.19687]}},{"type":"Feature","properties":{"i":1},"geometry":{"type":"Point","coordinates":[55.6897,24.19687]}},{"type":"Feature","properties":{"i":1},"geometry":{"type":"Point","coordinates":[55.71167,24.19687]}},{"type":"Feature","properties":{"i":1},"geometry":{"type":"Point","coordinates":[55.73364,24.19687]}},{"type":"Feature","properties":{"i":1},"geometry":{"type":"Point","coordinates":[55.75562,24.19687]}},{"type":"Feature","properties":{"i":1},"geometry":{"type":"Point","coordinates":[55.77759,24.19687]}},{"type":"Feature","properties":{"i":1},"geometry":{"type":"Point","coordinates":[55.79956,24.19687]}},{"type":"Feature","properties":{"i":1},"geometry":{"type":"Point","coordinates":[55.82153,24.19687]}},{"type":"Feature","properties":{"i":1},"geometry":{"type":"Point","coordinates":[55.84351,24.19687]}},{"type":"Feature","properties":{"i":1},"geometry":{"type":"Point","coordinates":[55.86548,24.19687]}},{"type":"Feature","properties":{"i":1},"geometry":{"type":"Point","coordinates":[55.88745,24.19687]}},{"type":"Feature","properties":{"i":0.7},"geometry":{"type":"Point","coordinates":[55.90942,24.19687]}},{"type":"Feature","properties":{"i":0.84},"geometry":{"type":"Point","coordinates":[55.9314,24.19687]}},{"type":"Feature","properties":{"i":1},"geometry":{"type":"Point","coordinates":[55.95337,24.19687]}},{"type":"Feature","properties":{"i":0.44},"geometry":{"type":"Point","coordinates":[55.97534,24.19687]}},{"type":"Feature","properties":{"i":0.16},"geometry":{"type":"Point","coordinates":[55.99731,24.19687]}},{"type":"Feature","properties":{"i":0.02},"geometry":{"type":"Point","coordinates":[56.01929,24.19687]}},{"type":"Feature","properties":{"i":0.19},"geometry":{"type":"Point","coordinates":[56.1731,24.19687]}},{"type":"Feature","properties":{"i":0.79},"geometry":{"type":"Point","coordinates":[56.19507,24.19687]}},{"type":"Feature","properties":{"i":0.93},"geometry":{"type":"Point","coordinates":[56.21704,24.19687]}},{"type":"Feature","properties":{"i":1},"geometry":{"type":"Point","coordinates":[56.23901,24.19687]}},{"type":"Feature","properties":{"i":0.72},"geometry":{"type":"Point","coordinates":[54.85474,24.17683]}},{"type":"Feature","properties":{"i":0.55},"geometry":{"type":"Point","coordinates":[54.87671,24.17683]}},{"type":"Feature","properties":{"i":0.62},"geometry":{"type":"Point","coordinates":[54.89868,24.17683]}},{"type":"Feature","properties":{"i":0.63},"geometry":{"type":"Point","coordinates":[54.92065,24.17683]}},{"type":"Feature","properties":{"i":0.59},"geometry":{"type":"Point","coordinates":[54.94263,24.17683]}},{"type":"Feature","properties":{"i":0.51},"geometry":{"type":"Point","coordinates":[54.9646,24.17683]}},{"type":"Feature","properties":{"i":1},"geometry":{"type":"Point","coordinates":[54.98657,24.17683]}},{"type":"Feature","properties":{"i":1},"geometry":{"type":"Point","coordinates":[55.00854,24.17683]}},{"type":"Feature","properties":{"i":0.89},"geometry":{"type":"Point","coordinates":[55.03052,24.17683]}},{"type":"Feature","properties":{"i":0.97},"geometry":{"type":"Point","coordinates":[55.05249,24.17683]}},{"type":"Feature","properties":{"i":0.95},"geometry":{"type":"Point","coordinates":[55.07446,24.17683]}},{"type":"Feature","properties":{"i":1},"geometry":{"type":"Point","coordinates":[55.09644,24.17683]}},{"type":"Feature","properties":{"i":1},"geometry":{"type":"Point","coordinates":[55.11841,24.17683]}},{"type":"Feature","properties":{"i":1},"geometry":{"type":"Point","coordinates":[55.14038,24.17683]}},{"type":"Feature","properties":{"i":0.8},"geometry":{"type":"Point","coordinates":[55.16235,24.17683]}},{"type":"Feature","properties":{"i":1},"geometry":{"type":"Point","coordinates":[55.18433,24.17683]}},{"type":"Feature","properties":{"i":0.91},"geometry":{"type":"Point","coordinates":[55.2063,24.17683]}},{"type":"Feature","properties":{"i":0.7},"geometry":{"type":"Point","coordinates":[55.22827,24.17683]}},{"type":"Feature","properties":{"i":0.75},"geometry":{"type":"Point","coordinates":[55.25024,24.17683]}},{"type":"Feature","properties":{"i":0.81},"geometry":{"type":"Point","coordinates":[55.27222,24.17683]}},{"type":"Feature","properties":{"i":1},"geometry":{"type":"Point","coordinates":[55.29419,24.17683]}},{"type":"Feature","properties":{"i":1},"geometry":{"type":"Point","coordinates":[55.31616,24.17683]}},{"type":"Feature","properties":{"i":1},"geometry":{"type":"Point","coordinates":[55.33813,24.17683]}},{"type":"Feature","properties":{"i":0.84},"geometry":{"type":"Point","coordinates":[55.36011,24.17683]}},{"type":"Feature","properties":{"i":0.31},"geometry":{"type":"Point","coordinates":[55.38208,24.17683]}},{"type":"Feature","properties":{"i":0.38},"geometry":{"type":"Point","coordinates":[55.40405,24.17683]}},{"type":"Feature","properties":{"i":0.31},"geometry":{"type":"Point","coordinates":[55.42603,24.17683]}},{"type":"Feature","properties":{"i":0.49},"geometry":{"type":"Point","coordinates":[55.448,24.17683]}},{"type":"Feature","properties":{"i":0.73},"geometry":{"type":"Point","coordinates":[55.46997,24.17683]}},{"type":"Feature","properties":{"i":0.53},"geometry":{"type":"Point","coordinates":[55.49194,24.17683]}},{"type":"Feature","properties":{"i":0.99},"geometry":{"type":"Point","coordinates":[55.51392,24.17683]}},{"type":"Feature","properties":{"i":0.71},"geometry":{"type":"Point","coordinates":[55.53589,24.17683]}},{"type":"Feature","properties":{"i":0.61},"geometry":{"type":"Point","coordinates":[55.55786,24.17683]}},{"type":"Feature","properties":{"i":0.86},"geometry":{"type":"Point","coordinates":[55.57983,24.17683]}},{"type":"Feature","properties":{"i":1},"geometry":{"type":"Point","coordinates":[55.60181,24.17683]}},{"type":"Feature","properties":{"i":1},"geometry":{"type":"Point","coordinates":[55.62378,24.17683]}},{"type":"Feature","properties":{"i":1},"geometry":{"type":"Point","coordinates":[55.64575,24.17683]}},{"type":"Feature","properties":{"i":1},"geometry":{"type":"Point","coordinates":[55.66772,24.17683]}},{"type":"Feature","properties":{"i":1},"geometry":{"type":"Point","coordinates":[55.6897,24.17683]}},{"type":"Feature","properties":{"i":1},"geometry":{"type":"Point","coordinates":[55.71167,24.17683]}},{"type":"Feature","properties":{"i":1},"geometry":{"type":"Point","coordinates":[55.73364,24.17683]}},{"type":"Feature","properties":{"i":1},"geometry":{"type":"Point","coordinates":[55.75562,24.17683]}},{"type":"Feature","properties":{"i":1},"geometry":{"type":"Point","coordinates":[55.77759,24.17683]}},{"type":"Feature","properties":{"i":1},"geometry":{"type":"Point","coordinates":[55.79956,24.17683]}},{"type":"Feature","properties":{"i":1},"geometry":{"type":"Point","coordinates":[55.82153,24.17683]}},{"type":"Feature","properties":{"i":0.57},"geometry":{"type":"Point","coordinates":[55.84351,24.17683]}},{"type":"Feature","properties":{"i":0.36},"geometry":{"type":"Point","coordinates":[55.86548,24.17683]}},{"type":"Feature","properties":{"i":0.48},"geometry":{"type":"Point","coordinates":[55.88745,24.17683]}},{"type":"Feature","properties":{"i":0.43},"geometry":{"type":"Point","coordinates":[55.90942,24.17683]}},{"type":"Feature","properties":{"i":0.28},"geometry":{"type":"Point","coordinates":[55.9314,24.17683]}},{"type":"Feature","properties":{"i":0.19},"geometry":{"type":"Point","coordinates":[55.95337,24.17683]}},{"type":"Feature","properties":{"i":0.1},"geometry":{"type":"Point","coordinates":[55.97534,24.17683]}},{"type":"Feature","properties":{"i":0.03},"geometry":{"type":"Point","coordinates":[55.99731,24.17683]}},{"type":"Feature","properties":{"i":0.25},"geometry":{"type":"Point","coordinates":[56.12915,24.17683]}},{"type":"Feature","properties":{"i":0.15},"geometry":{"type":"Point","coordinates":[56.15112,24.17683]}},{"type":"Feature","properties":{"i":0.6},"geometry":{"type":"Point","coordinates":[56.1731,24.17683]}},{"type":"Feature","properties":{"i":0.37},"geometry":{"type":"Point","coordinates":[56.19507,24.17683]}},{"type":"Feature","properties":{"i":0.13},"geometry":{"type":"Point","coordinates":[56.21704,24.17683]}},{"type":"Feature","properties":{"i":0.03},"geometry":{"type":"Point","coordinates":[56.23901,24.17683]}},{"type":"Feature","properties":{"i":0.72},"geometry":{"type":"Point","coordinates":[54.85474,24.15678]}},{"type":"Feature","properties":{"i":0.61},"geometry":{"type":"Point","coordinates":[54.87671,24.15678]}},{"type":"Feature","properties":{"i":0.52},"geometry":{"type":"Point","coordinates":[54.89868,24.15678]}},{"type":"Feature","properties":{"i":0.64},"geometry":{"type":"Point","coordinates":[54.92065,24.15678]}},{"type":"Feature","properties":{"i":0.57},"geometry":{"type":"Point","coordinates":[54.94263,24.15678]}},{"type":"Feature","properties":{"i":0.57},"geometry":{"type":"Point","coordinates":[54.9646,24.15678]}},{"type":"Feature","properties":{"i":0.64},"geometry":{"type":"Point","coordinates":[54.98657,24.15678]}},{"type":"Feature","properties":{"i":0.79},"geometry":{"type":"Point","coordinates":[55.00854,24.15678]}},{"type":"Feature","properties":{"i":0.67},"geometry":{"type":"Point","coordinates":[55.03052,24.15678]}},{"type":"Feature","properties":{"i":0.63},"geometry":{"type":"Point","coordinates":[55.05249,24.15678]}},{"type":"Feature","properties":{"i":0.94},"geometry":{"type":"Point","coordinates":[55.07446,24.15678]}},{"type":"Feature","properties":{"i":1},"geometry":{"type":"Point","coordinates":[55.09644,24.15678]}},{"type":"Feature","properties":{"i":1},"geometry":{"type":"Point","coordinates":[55.11841,24.15678]}},{"type":"Feature","properties":{"i":0.66},"geometry":{"type":"Point","coordinates":[55.14038,24.15678]}},{"type":"Feature","properties":{"i":0.26},"geometry":{"type":"Point","coordinates":[55.16235,24.15678]}},{"type":"Feature","properties":{"i":0.19},"geometry":{"type":"Point","coordinates":[55.18433,24.15678]}},{"type":"Feature","properties":{"i":0.27},"geometry":{"type":"Point","coordinates":[55.2063,24.15678]}},{"type":"Feature","properties":{"i":0.3},"geometry":{"type":"Point","coordinates":[55.22827,24.15678]}},{"type":"Feature","properties":{"i":0.42},"geometry":{"type":"Point","coordinates":[55.25024,24.15678]}},{"type":"Feature","properties":{"i":0.7},"geometry":{"type":"Point","coordinates":[55.27222,24.15678]}},{"type":"Feature","properties":{"i":0.58},"geometry":{"type":"Point","coordinates":[55.29419,24.15678]}},{"type":"Feature","properties":{"i":0.62},"geometry":{"type":"Point","coordinates":[55.31616,24.15678]}},{"type":"Feature","properties":{"i":0.75},"geometry":{"type":"Point","coordinates":[55.33813,24.15678]}},{"type":"Feature","properties":{"i":0.37},"geometry":{"type":"Point","coordinates":[55.36011,24.15678]}},{"type":"Feature","properties":{"i":0.22},"geometry":{"type":"Point","coordinates":[55.38208,24.15678]}},{"type":"Feature","properties":{"i":0.21},"geometry":{"type":"Point","coordinates":[55.40405,24.15678]}},{"type":"Feature","properties":{"i":0.19},"geometry":{"type":"Point","coordinates":[55.42603,24.15678]}},{"type":"Feature","properties":{"i":0.23},"geometry":{"type":"Point","coordinates":[55.448,24.15678]}},{"type":"Feature","properties":{"i":0.22},"geometry":{"type":"Point","coordinates":[55.46997,24.15678]}},{"type":"Feature","properties":{"i":0.28},"geometry":{"type":"Point","coordinates":[55.49194,24.15678]}},{"type":"Feature","properties":{"i":0.45},"geometry":{"type":"Point","coordinates":[55.51392,24.15678]}},{"type":"Feature","properties":{"i":0.79},"geometry":{"type":"Point","coordinates":[55.53589,24.15678]}},{"type":"Feature","properties":{"i":1},"geometry":{"type":"Point","coordinates":[55.55786,24.15678]}},{"type":"Feature","properties":{"i":1},"geometry":{"type":"Point","coordinates":[55.57983,24.15678]}},{"type":"Feature","properties":{"i":1},"geometry":{"type":"Point","coordinates":[55.60181,24.15678]}},{"type":"Feature","properties":{"i":1},"geometry":{"type":"Point","coordinates":[55.62378,24.15678]}},{"type":"Feature","properties":{"i":1},"geometry":{"type":"Point","coordinates":[55.64575,24.15678]}},{"type":"Feature","properties":{"i":1},"geometry":{"type":"Point","coordinates":[55.66772,24.15678]}},{"type":"Feature","properties":{"i":1},"geometry":{"type":"Point","coordinates":[55.6897,24.15678]}},{"type":"Feature","properties":{"i":1},"geometry":{"type":"Point","coordinates":[55.71167,24.15678]}},{"type":"Feature","properties":{"i":1},"geometry":{"type":"Point","coordinates":[55.73364,24.15678]}},{"type":"Feature","properties":{"i":1},"geometry":{"type":"Point","coordinates":[55.75562,24.15678]}},{"type":"Feature","properties":{"i":1},"geometry":{"type":"Point","coordinates":[55.77759,24.15678]}},{"type":"Feature","properties":{"i":1},"geometry":{"type":"Point","coordinates":[55.79956,24.15678]}},{"type":"Feature","properties":{"i":1},"geometry":{"type":"Point","coordinates":[55.82153,24.15678]}},{"type":"Feature","properties":{"i":1},"geometry":{"type":"Point","coordinates":[55.84351,24.15678]}},{"type":"Feature","properties":{"i":0.43},"geometry":{"type":"Point","coordinates":[55.86548,24.15678]}},{"type":"Feature","properties":{"i":0.27},"geometry":{"type":"Point","coordinates":[55.88745,24.15678]}},{"type":"Feature","properties":{"i":0.25},"geometry":{"type":"Point","coordinates":[55.90942,24.15678]}},{"type":"Feature","properties":{"i":0.42},"geometry":{"type":"Point","coordinates":[55.9314,24.15678]}},{"type":"Feature","properties":{"i":0.12},"geometry":{"type":"Point","coordinates":[55.95337,24.15678]}},{"type":"Feature","properties":{"i":0.04},"geometry":{"type":"Point","coordinates":[55.97534,24.15678]}},{"type":"Feature","properties":{"i":0.39},"geometry":{"type":"Point","coordinates":[56.10718,24.15678]}},{"type":"Feature","properties":{"i":0.42},"geometry":{"type":"Point","coordinates":[56.12915,24.15678]}},{"type":"Feature","properties":{"i":0.61},"geometry":{"type":"Point","coordinates":[54.85474,24.13673]}},{"type":"Feature","properties":{"i":0.16},"geometry":{"type":"Point","coordinates":[54.87671,24.13673]}},{"type":"Feature","properties":{"i":0.13},"geometry":{"type":"Point","coordinates":[54.89868,24.13673]}},{"type":"Feature","properties":{"i":0.12},"geometry":{"type":"Point","coordinates":[54.92065,24.13673]}},{"type":"Feature","properties":{"i":0.1},"geometry":{"type":"Point","coordinates":[54.94263,24.13673]}},{"type":"Feature","properties":{"i":0.14},"geometry":{"type":"Point","coordinates":[54.9646,24.13673]}},{"type":"Feature","properties":{"i":0.14},"geometry":{"type":"Point","coordinates":[54.98657,24.13673]}},{"type":"Feature","properties":{"i":0.11},"geometry":{"type":"Point","coordinates":[55.00854,24.13673]}},{"type":"Feature","properties":{"i":0.09},"geometry":{"type":"Point","coordinates":[55.03052,24.13673]}},{"type":"Feature","properties":{"i":0.43},"geometry":{"type":"Point","coordinates":[55.05249,24.13673]}},{"type":"Feature","properties":{"i":0.36},"geometry":{"type":"Point","coordinates":[55.07446,24.13673]}},{"type":"Feature","properties":{"i":0.55},"geometry":{"type":"Point","coordinates":[55.09644,24.13673]}},{"type":"Feature","properties":{"i":0.55},"geometry":{"type":"Point","coordinates":[55.11841,24.13673]}},{"type":"Feature","properties":{"i":0.15},"geometry":{"type":"Point","coordinates":[55.14038,24.13673]}},{"type":"Feature","properties":{"i":0.16},"geometry":{"type":"Point","coordinates":[55.16235,24.13673]}},{"type":"Feature","properties":{"i":0.02},"geometry":{"type":"Point","coordinates":[55.18433,24.13673]}},{"type":"Feature","properties":{"i":0.03},"geometry":{"type":"Point","coordinates":[55.2063,24.13673]}},{"type":"Feature","properties":{"i":0.02},"geometry":{"type":"Point","coordinates":[55.27222,24.13673]}},{"type":"Feature","properties":{"i":0.36},"geometry":{"type":"Point","coordinates":[55.29419,24.13673]}},{"type":"Feature","properties":{"i":0.58},"geometry":{"type":"Point","coordinates":[55.31616,24.13673]}},{"type":"Feature","properties":{"i":0.7},"geometry":{"type":"Point","coordinates":[55.33813,24.13673]}},{"type":"Feature","properties":{"i":0.69},"geometry":{"type":"Point","coordinates":[55.36011,24.13673]}},{"type":"Feature","properties":{"i":0.78},"geometry":{"type":"Point","coordinates":[55.38208,24.13673]}},{"type":"Feature","properties":{"i":0.67},"geometry":{"type":"Point","coordinates":[55.40405,24.13673]}},{"type":"Feature","properties":{"i":0.75},"geometry":{"type":"Point","coordinates":[55.42603,24.13673]}},{"type":"Feature","properties":{"i":0.69},"geometry":{"type":"Point","coordinates":[55.448,24.13673]}},{"type":"Feature","properties":{"i":0.69},"geometry":{"type":"Point","coordinates":[55.46997,24.13673]}},{"type":"Feature","properties":{"i":0.76},"geometry":{"type":"Point","coordinates":[55.49194,24.13673]}},{"type":"Feature","properties":{"i":0.66},"geometry":{"type":"Point","coordinates":[55.51392,24.13673]}},{"type":"Feature","properties":{"i":1},"geometry":{"type":"Point","coordinates":[55.53589,24.13673]}},{"type":"Feature","properties":{"i":1},"geometry":{"type":"Point","coordinates":[55.55786,24.13673]}},{"type":"Feature","properties":{"i":0.51},"geometry":{"type":"Point","coordinates":[55.57983,24.13673]}},{"type":"Feature","properties":{"i":0.6},"geometry":{"type":"Point","coordinates":[55.60181,24.13673]}},{"type":"Feature","properties":{"i":1},"geometry":{"type":"Point","coordinates":[55.62378,24.13673]}},{"type":"Feature","properties":{"i":1},"geometry":{"type":"Point","coordinates":[55.64575,24.13673]}},{"type":"Feature","properties":{"i":1},"geometry":{"type":"Point","coordinates":[55.66772,24.13673]}},{"type":"Feature","properties":{"i":1},"geometry":{"type":"Point","coordinates":[55.6897,24.13673]}},{"type":"Feature","properties":{"i":1},"geometry":{"type":"Point","coordinates":[55.71167,24.13673]}},{"type":"Feature","properties":{"i":1},"geometry":{"type":"Point","coordinates":[55.73364,24.13673]}},{"type":"Feature","properties":{"i":1},"geometry":{"type":"Point","coordinates":[55.75562,24.13673]}},{"type":"Feature","properties":{"i":1},"geometry":{"type":"Point","coordinates":[55.77759,24.13673]}},{"type":"Feature","properties":{"i":1},"geometry":{"type":"Point","coordinates":[55.79956,24.13673]}},{"type":"Feature","properties":{"i":1},"geometry":{"type":"Point","coordinates":[55.82153,24.13673]}},{"type":"Feature","properties":{"i":1},"geometry":{"type":"Point","coordinates":[55.84351,24.13673]}},{"type":"Feature","properties":{"i":0.42},"geometry":{"type":"Point","coordinates":[55.86548,24.13673]}},{"type":"Feature","properties":{"i":0.25},"geometry":{"type":"Point","coordinates":[55.88745,24.13673]}},{"type":"Feature","properties":{"i":0.31},"geometry":{"type":"Point","coordinates":[55.90942,24.13673]}},{"type":"Feature","properties":{"i":0.3},"geometry":{"type":"Point","coordinates":[55.9314,24.13673]}},{"type":"Feature","properties":{"i":0.22},"geometry":{"type":"Point","coordinates":[55.95337,24.13673]}},{"type":"Feature","properties":{"i":0.13},"geometry":{"type":"Point","coordinates":[55.97534,24.13673]}},{"type":"Feature","properties":{"i":0.07},"geometry":{"type":"Point","coordinates":[54.85474,24.11667]}},{"type":"Feature","properties":{"i":0.05},"geometry":{"type":"Point","coordinates":[54.87671,24.11667]}},{"type":"Feature","properties":{"i":0.02},"geometry":{"type":"Point","coordinates":[54.89868,24.11667]}},{"type":"Feature","properties":{"i":0.34},"geometry":{"type":"Point","coordinates":[55.07446,24.11667]}},{"type":"Feature","properties":{"i":0.19},"geometry":{"type":"Point","coordinates":[55.09644,24.11667]}},{"type":"Feature","properties":{"i":0.25},"geometry":{"type":"Point","coordinates":[55.11841,24.11667]}},{"type":"Feature","properties":{"i":0.03},"geometry":{"type":"Point","coordinates":[55.18433,24.11667]}},{"type":"Feature","properties":{"i":0.28},"geometry":{"type":"Point","coordinates":[55.2063,24.11667]}},{"type":"Feature","properties":{"i":0.43},"geometry":{"type":"Point","coordinates":[55.22827,24.11667]}},{"type":"Feature","properties":{"i":0.42},"geometry":{"type":"Point","coordinates":[55.25024,24.11667]}},{"type":"Feature","properties":{"i":0.1},"geometry":{"type":"Point","coordinates":[55.27222,24.11667]}},{"type":"Feature","properties":{"i":0.16},"geometry":{"type":"Point","coordinates":[55.29419,24.11667]}},{"type":"Feature","properties":{"i":0.58},"geometry":{"type":"Point","coordinates":[55.31616,24.11667]}},{"type":"Feature","properties":{"i":0.35},"geometry":{"type":"Point","coordinates":[55.33813,24.11667]}},{"type":"Feature","properties":{"i":0.16},"geometry":{"type":"Point","coordinates":[55.36011,24.11667]}},{"type":"Feature","properties":{"i":0.14},"geometry":{"type":"Point","coordinates":[55.38208,24.11667]}},{"type":"Feature","properties":{"i":0.28},"geometry":{"type":"Point","coordinates":[55.40405,24.11667]}},{"type":"Feature","properties":{"i":0.59},"geometry":{"type":"Point","coordinates":[55.42603,24.11667]}},{"type":"Feature","properties":{"i":0.19},"geometry":{"type":"Point","coordinates":[55.448,24.11667]}},{"type":"Feature","properties":{"i":0.16},"geometry":{"type":"Point","coordinates":[55.46997,24.11667]}},{"type":"Feature","properties":{"i":0.23},"geometry":{"type":"Point","coordinates":[55.49194,24.11667]}},{"type":"Feature","properties":{"i":0.37},"geometry":{"type":"Point","coordinates":[55.51392,24.11667]}},{"type":"Feature","properties":{"i":1},"geometry":{"type":"Point","coordinates":[55.53589,24.11667]}},{"type":"Feature","properties":{"i":0.9},"geometry":{"type":"Point","coordinates":[55.55786,24.11667]}},{"type":"Feature","properties":{"i":0.79},"geometry":{"type":"Point","coordinates":[55.57983,24.11667]}},{"type":"Feature","properties":{"i":0.73},"geometry":{"type":"Point","coordinates":[55.60181,24.11667]}},{"type":"Feature","properties":{"i":0.63},"geometry":{"type":"Point","coordinates":[55.62378,24.11667]}},{"type":"Feature","properties":{"i":0.71},"geometry":{"type":"Point","coordinates":[55.64575,24.11667]}},{"type":"Feature","properties":{"i":1},"geometry":{"type":"Point","coordinates":[55.66772,24.11667]}},{"type":"Feature","properties":{"i":1},"geometry":{"type":"Point","coordinates":[55.6897,24.11667]}},{"type":"Feature","properties":{"i":1},"geometry":{"type":"Point","coordinates":[55.71167,24.11667]}},{"type":"Feature","properties":{"i":1},"geometry":{"type":"Point","coordinates":[55.73364,24.11667]}},{"type":"Feature","properties":{"i":1},"geometry":{"type":"Point","coordinates":[55.75562,24.11667]}},{"type":"Feature","properties":{"i":0.85},"geometry":{"type":"Point","coordinates":[55.77759,24.11667]}},{"type":"Feature","properties":{"i":0.5},"geometry":{"type":"Point","coordinates":[55.79956,24.11667]}},{"type":"Feature","properties":{"i":0.96},"geometry":{"type":"Point","coordinates":[55.82153,24.11667]}},{"type":"Feature","properties":{"i":0.98},"geometry":{"type":"Point","coordinates":[55.84351,24.11667]}},{"type":"Feature","properties":{"i":0.48},"geometry":{"type":"Point","coordinates":[55.86548,24.11667]}},{"type":"Feature","properties":{"i":0.35},"geometry":{"type":"Point","coordinates":[55.88745,24.11667]}},{"type":"Feature","properties":{"i":0.32},"geometry":{"type":"Point","coordinates":[55.90942,24.11667]}},{"type":"Feature","properties":{"i":0.24},"geometry":{"type":"Point","coordinates":[55.9314,24.11667]}},{"type":"Feature","properties":{"i":0.27},"geometry":{"type":"Point","coordinates":[55.95337,24.11667]}},{"type":"Feature","properties":{"i":0.43},"geometry":{"type":"Point","coordinates":[55.97534,24.11667]}},{"type":"Feature","properties":{"i":0.08},"geometry":{"type":"Point","coordinates":[55.99731,24.11667]}},{"type":"Feature","properties":{"i":0.38},"geometry":{"type":"Point","coordinates":[55.09644,24.09662]}},{"type":"Feature","properties":{"i":0.25},"geometry":{"type":"Point","coordinates":[55.22827,24.09662]}},{"type":"Feature","properties":{"i":0.22},"geometry":{"type":"Point","coordinates":[55.25024,24.09662]}},{"type":"Feature","properties":{"i":0.1},"geometry":{"type":"Point","coordinates":[55.27222,24.09662]}},{"type":"Feature","properties":{"i":0.16},"geometry":{"type":"Point","coordinates":[55.29419,24.09662]}},{"type":"Feature","properties":{"i":0.32},"geometry":{"type":"Point","coordinates":[55.31616,24.09662]}},{"type":"Feature","properties":{"i":0.35},"geometry":{"type":"Point","coordinates":[55.33813,24.09662]}},{"type":"Feature","properties":{"i":0.17},"geometry":{"type":"Point","coordinates":[55.36011,24.09662]}},{"type":"Feature","properties":{"i":0.18},"geometry":{"type":"Point","coordinates":[55.38208,24.09662]}},{"type":"Feature","properties":{"i":0.19},"geometry":{"type":"Point","coordinates":[55.40405,24.09662]}},{"type":"Feature","properties":{"i":0.03},"geometry":{"type":"Point","coordinates":[55.42603,24.09662]}},{"type":"Feature","properties":{"i":0.04},"geometry":{"type":"Point","coordinates":[55.448,24.09662]}},{"type":"Feature","properties":{"i":0.09},"geometry":{"type":"Point","coordinates":[55.46997,24.09662]}},{"type":"Feature","properties":{"i":0.74},"geometry":{"type":"Point","coordinates":[55.49194,24.09662]}},{"type":"Feature","properties":{"i":0.75},"geometry":{"type":"Point","coordinates":[55.51392,24.09662]}},{"type":"Feature","properties":{"i":0.34},"geometry":{"type":"Point","coordinates":[55.53589,24.09662]}},{"type":"Feature","properties":{"i":0.3},"geometry":{"type":"Point","coordinates":[55.55786,24.09662]}},{"type":"Feature","properties":{"i":0.86},"geometry":{"type":"Point","coordinates":[55.57983,24.09662]}},{"type":"Feature","properties":{"i":0.71},"geometry":{"type":"Point","coordinates":[55.60181,24.09662]}},{"type":"Feature","properties":{"i":0.41},"geometry":{"type":"Point","coordinates":[55.62378,24.09662]}},{"type":"Feature","properties":{"i":0.45},"geometry":{"type":"Point","coordinates":[55.64575,24.09662]}},{"type":"Feature","properties":{"i":1},"geometry":{"type":"Point","coordinates":[55.66772,24.09662]}},{"type":"Feature","properties":{"i":1},"geometry":{"type":"Point","coordinates":[55.6897,24.09662]}},{"type":"Feature","properties":{"i":1},"geometry":{"type":"Point","coordinates":[55.71167,24.09662]}},{"type":"Feature","properties":{"i":1},"geometry":{"type":"Point","coordinates":[55.73364,24.09662]}},{"type":"Feature","properties":{"i":1},"geometry":{"type":"Point","coordinates":[55.75562,24.09662]}},{"type":"Feature","properties":{"i":0.85},"geometry":{"type":"Point","coordinates":[55.77759,24.09662]}},{"type":"Feature","properties":{"i":0.74},"geometry":{"type":"Point","coordinates":[55.79956,24.09662]}},{"type":"Feature","properties":{"i":1},"geometry":{"type":"Point","coordinates":[55.82153,24.09662]}},{"type":"Feature","properties":{"i":1},"geometry":{"type":"Point","coordinates":[55.84351,24.09662]}},{"type":"Feature","properties":{"i":1},"geometry":{"type":"Point","coordinates":[55.86548,24.09662]}},{"type":"Feature","properties":{"i":1},"geometry":{"type":"Point","coordinates":[55.88745,24.09662]}},{"type":"Feature","properties":{"i":1},"geometry":{"type":"Point","coordinates":[55.90942,24.09662]}},{"type":"Feature","properties":{"i":1},"geometry":{"type":"Point","coordinates":[55.9314,24.09662]}},{"type":"Feature","properties":{"i":0.42},"geometry":{"type":"Point","coordinates":[55.95337,24.09662]}},{"type":"Feature","properties":{"i":0.78},"geometry":{"type":"Point","coordinates":[55.97534,24.09662]}},{"type":"Feature","properties":{"i":0.53},"geometry":{"type":"Point","coordinates":[55.99731,24.09662]}},{"type":"Feature","properties":{"i":0.33},"geometry":{"type":"Point","coordinates":[56.01929,24.09662]}},{"type":"Feature","properties":{"i":0.03},"geometry":{"type":"Point","coordinates":[56.04126,24.09662]}},{"type":"Feature","properties":{"i":0.02},"geometry":{"type":"Point","coordinates":[55.09644,24.07656]}},{"type":"Feature","properties":{"i":0.19},"geometry":{"type":"Point","coordinates":[55.25024,24.07656]}},{"type":"Feature","properties":{"i":0.31},"geometry":{"type":"Point","coordinates":[55.29419,24.07656]}},{"type":"Feature","properties":{"i":0.31},"geometry":{"type":"Point","coordinates":[55.31616,24.07656]}},{"type":"Feature","properties":{"i":0.02},"geometry":{"type":"Point","coordinates":[55.33813,24.07656]}},{"type":"Feature","properties":{"i":0.03},"geometry":{"type":"Point","coordinates":[55.36011,24.07656]}},{"type":"Feature","properties":{"i":0.11},"geometry":{"type":"Point","coordinates":[55.38208,24.07656]}},{"type":"Feature","properties":{"i":0.08},"geometry":{"type":"Point","coordinates":[55.40405,24.07656]}},{"type":"Feature","properties":{"i":0.04},"geometry":{"type":"Point","coordinates":[55.46997,24.07656]}},{"type":"Feature","properties":{"i":0.11},"geometry":{"type":"Point","coordinates":[55.49194,24.07656]}},{"type":"Feature","properties":{"i":0.17},"geometry":{"type":"Point","coordinates":[55.51392,24.07656]}},{"type":"Feature","properties":{"i":0.27},"geometry":{"type":"Point","coordinates":[55.53589,24.07656]}},{"type":"Feature","properties":{"i":0.36},"geometry":{"type":"Point","coordinates":[55.55786,24.07656]}},{"type":"Feature","properties":{"i":0.38},"geometry":{"type":"Point","coordinates":[55.57983,24.07656]}},{"type":"Feature","properties":{"i":0.39},"geometry":{"type":"Point","coordinates":[55.60181,24.07656]}},{"type":"Feature","properties":{"i":0.79},"geometry":{"type":"Point","coordinates":[55.62378,24.07656]}},{"type":"Feature","properties":{"i":1},"geometry":{"type":"Point","coordinates":[55.64575,24.07656]}},{"type":"Feature","properties":{"i":1},"geometry":{"type":"Point","coordinates":[55.66772,24.07656]}},{"type":"Feature","properties":{"i":1},"geometry":{"type":"Point","coordinates":[55.6897,24.07656]}},{"type":"Feature","properties":{"i":1},"geometry":{"type":"Point","coordinates":[55.71167,24.07656]}},{"type":"Feature","properties":{"i":1},"geometry":{"type":"Point","coordinates":[55.73364,24.07656]}},{"type":"Feature","properties":{"i":0.98},"geometry":{"type":"Point","coordinates":[55.75562,24.07656]}},{"type":"Feature","properties":{"i":1},"geometry":{"type":"Point","coordinates":[55.77759,24.07656]}},{"type":"Feature","properties":{"i":0.41},"geometry":{"type":"Point","coordinates":[55.79956,24.07656]}},{"type":"Feature","properties":{"i":1},"geometry":{"type":"Point","coordinates":[55.82153,24.07656]}},{"type":"Feature","properties":{"i":1},"geometry":{"type":"Point","coordinates":[55.84351,24.07656]}},{"type":"Feature","properties":{"i":1},"geometry":{"type":"Point","coordinates":[55.86548,24.07656]}},{"type":"Feature","properties":{"i":0.82},"geometry":{"type":"Point","coordinates":[55.88745,24.07656]}},{"type":"Feature","properties":{"i":0.95},"geometry":{"type":"Point","coordinates":[55.90942,24.07656]}},{"type":"Feature","properties":{"i":1},"geometry":{"type":"Point","coordinates":[55.9314,24.07656]}},{"type":"Feature","properties":{"i":1},"geometry":{"type":"Point","coordinates":[55.95337,24.07656]}},{"type":"Feature","properties":{"i":0.29},"geometry":{"type":"Point","coordinates":[55.97534,24.07656]}},{"type":"Feature","properties":{"i":0.48},"geometry":{"type":"Point","coordinates":[55.99731,24.07656]}},{"type":"Feature","properties":{"i":0.07},"geometry":{"type":"Point","coordinates":[56.01929,24.07656]}},{"type":"Feature","properties":{"i":0.03},"geometry":{"type":"Point","coordinates":[56.04126,24.07656]}},{"type":"Feature","properties":{"i":0.37},"geometry":{"type":"Point","coordinates":[55.05249,24.0565]}},{"type":"Feature","properties":{"i":0.4},"geometry":{"type":"Point","coordinates":[55.27222,24.0565]}},{"type":"Feature","properties":{"i":0.27},"geometry":{"type":"Point","coordinates":[55.29419,24.0565]}},{"type":"Feature","properties":{"i":0.07},"geometry":{"type":"Point","coordinates":[55.448,24.0565]}},{"type":"Feature","properties":{"i":0.13},"geometry":{"type":"Point","coordinates":[55.46997,24.0565]}},{"type":"Feature","properties":{"i":0.31},"geometry":{"type":"Point","coordinates":[55.49194,24.0565]}},{"type":"Feature","properties":{"i":0.51},"geometry":{"type":"Point","coordinates":[55.51392,24.0565]}},{"type":"Feature","properties":{"i":0.63},"geometry":{"type":"Point","coordinates":[55.53589,24.0565]}},{"type":"Feature","properties":{"i":0.75},"geometry":{"type":"Point","coordinates":[55.55786,24.0565]}},{"type":"Feature","properties":{"i":0.71},"geometry":{"type":"Point","coordinates":[55.57983,24.0565]}},{"type":"Feature","properties":{"i":1},"geometry":{"type":"Point","coordinates":[55.60181,24.0565]}},{"type":"Feature","properties":{"i":1},"geometry":{"type":"Point","coordinates":[55.62378,24.0565]}},{"type":"Feature","properties":{"i":1},"geometry":{"type":"Point","coordinates":[55.64575,24.0565]}},{"type":"Feature","properties":{"i":1},"geometry":{"type":"Point","coordinates":[55.66772,24.0565]}},{"type":"Feature","properties":{"i":0.73},"geometry":{"type":"Point","coordinates":[55.6897,24.0565]}},{"type":"Feature","properties":{"i":0.72},"geometry":{"type":"Point","coordinates":[55.71167,24.0565]}},{"type":"Feature","properties":{"i":1},"geometry":{"type":"Point","coordinates":[55.73364,24.0565]}},{"type":"Feature","properties":{"i":1},"geometry":{"type":"Point","coordinates":[55.75562,24.0565]}},{"type":"Feature","properties":{"i":1},"geometry":{"type":"Point","coordinates":[55.77759,24.0565]}},{"type":"Feature","properties":{"i":0.37},"geometry":{"type":"Point","coordinates":[55.79956,24.0565]}},{"type":"Feature","properties":{"i":0.51},"geometry":{"type":"Point","coordinates":[55.82153,24.0565]}},{"type":"Feature","properties":{"i":1},"geometry":{"type":"Point","coordinates":[55.84351,24.0565]}},{"type":"Feature","properties":{"i":0.98},"geometry":{"type":"Point","coordinates":[55.86548,24.0565]}},{"type":"Feature","properties":{"i":0.48},"geometry":{"type":"Point","coordinates":[55.88745,24.0565]}},{"type":"Feature","properties":{"i":0.35},"geometry":{"type":"Point","coordinates":[55.90942,24.0565]}},{"type":"Feature","properties":{"i":0.52},"geometry":{"type":"Point","coordinates":[55.9314,24.0565]}},{"type":"Feature","properties":{"i":0.25},"geometry":{"type":"Point","coordinates":[55.95337,24.0565]}},{"type":"Feature","properties":{"i":0.1},"geometry":{"type":"Point","coordinates":[55.97534,24.0565]}},{"type":"Feature","properties":{"i":0.75},"geometry":{"type":"Point","coordinates":[55.99731,24.0565]}},{"type":"Feature","properties":{"i":0.05},"geometry":{"type":"Point","coordinates":[56.01929,24.0565]}},{"type":"Feature","properties":{"i":0.12},"geometry":{"type":"Point","coordinates":[56.04126,24.0565]}},{"type":"Feature","properties":{"i":0.63},"geometry":{"type":"Point","coordinates":[56.06323,24.0565]}},{"type":"Feature","properties":{"i":0.33},"geometry":{"type":"Point","coordinates":[56.08521,24.0565]}},{"type":"Feature","properties":{"i":0.49},"geometry":{"type":"Point","coordinates":[55.27222,24.03643]}},{"type":"Feature","properties":{"i":0.33},"geometry":{"type":"Point","coordinates":[55.29419,24.03643]}},{"type":"Feature","properties":{"i":0.03},"geometry":{"type":"Point","coordinates":[55.42603,24.03643]}},{"type":"Feature","properties":{"i":1},"geometry":{"type":"Point","coordinates":[55.448,24.03643]}},{"type":"Feature","properties":{"i":1},"geometry":{"type":"Point","coordinates":[55.46997,24.03643]}},{"type":"Feature","properties":{"i":0.19},"geometry":{"type":"Point","coordinates":[55.49194,24.03643]}},{"type":"Feature","properties":{"i":0.4},"geometry":{"type":"Point","coordinates":[55.51392,24.03643]}},{"type":"Feature","properties":{"i":0.85},"geometry":{"type":"Point","coordinates":[55.53589,24.03643]}},{"type":"Feature","properties":{"i":0.94},"geometry":{"type":"Point","coordinates":[55.55786,24.03643]}},{"type":"Feature","properties":{"i":1},"geometry":{"type":"Point","coordinates":[55.57983,24.03643]}},{"type":"Feature","properties":{"i":1},"geometry":{"type":"Point","coordinates":[55.60181,24.03643]}},{"type":"Feature","properties":{"i":0.78},"geometry":{"type":"Point","coordinates":[55.62378,24.03643]}},{"type":"Feature","properties":{"i":0.72},"geometry":{"type":"Point","coordinates":[55.64575,24.03643]}},{"type":"Feature","properties":{"i":0.81},"geometry":{"type":"Point","coordinates":[55.66772,24.03643]}},{"type":"Feature","properties":{"i":0.82},"geometry":{"type":"Point","coordinates":[55.6897,24.03643]}},{"type":"Feature","properties":{"i":0.71},"geometry":{"type":"Point","coordinates":[55.71167,24.03643]}},{"type":"Feature","properties":{"i":0.42},"geometry":{"type":"Point","coordinates":[55.73364,24.03643]}},{"type":"Feature","properties":{"i":0.61},"geometry":{"type":"Point","coordinates":[55.75562,24.03643]}},{"type":"Feature","properties":{"i":0.39},"geometry":{"type":"Point","coordinates":[55.77759,24.03643]}},{"type":"Feature","properties":{"i":0.3},"geometry":{"type":"Point","coordinates":[55.79956,24.03643]}},{"type":"Feature","properties":{"i":0.41},"geometry":{"type":"Point","coordinates":[55.82153,24.03643]}},{"type":"Feature","properties":{"i":1},"geometry":{"type":"Point","coordinates":[55.84351,24.03643]}},{"type":"Feature","properties":{"i":0.6},"geometry":{"type":"Point","coordinates":[55.86548,24.03643]}},{"type":"Feature","properties":{"i":0.31},"geometry":{"type":"Point","coordinates":[55.88745,24.03643]}},{"type":"Feature","properties":{"i":0.17},"geometry":{"type":"Point","coordinates":[55.90942,24.03643]}},{"type":"Feature","properties":{"i":0.11},"geometry":{"type":"Point","coordinates":[55.9314,24.03643]}},{"type":"Feature","properties":{"i":0.05},"geometry":{"type":"Point","coordinates":[55.95337,24.03643]}},{"type":"Feature","properties":{"i":0.23},"geometry":{"type":"Point","coordinates":[56.01929,24.03643]}},{"type":"Feature","properties":{"i":0.72},"geometry":{"type":"Point","coordinates":[56.04126,24.03643]}},{"type":"Feature","properties":{"i":0.63},"geometry":{"type":"Point","coordinates":[56.06323,24.03643]}},{"type":"Feature","properties":{"i":0.49},"geometry":{"type":"Point","coordinates":[56.08521,24.03643]}},{"type":"Feature","properties":{"i":0.31},"geometry":{"type":"Point","coordinates":[56.10718,24.03643]}},{"type":"Feature","properties":{"i":0.4},"geometry":{"type":"Point","coordinates":[56.12915,24.03643]}},{"type":"Feature","properties":{"i":0.52},"geometry":{"type":"Point","coordinates":[56.15112,24.03643]}},{"type":"Feature","properties":{"i":0.48},"geometry":{"type":"Point","coordinates":[56.1731,24.03643]}},{"type":"Feature","properties":{"i":0.47},"geometry":{"type":"Point","coordinates":[56.19507,24.03643]}},{"type":"Feature","properties":{"i":0.47},"geometry":{"type":"Point","coordinates":[56.21704,24.03643]}},{"type":"Feature","properties":{"i":0.19},"geometry":{"type":"Point","coordinates":[55.27222,24.01636]}},{"type":"Feature","properties":{"i":0.78},"geometry":{"type":"Point","coordinates":[55.29419,24.01636]}},{"type":"Feature","properties":{"i":0.04},"geometry":{"type":"Point","coordinates":[55.40405,24.01636]}},{"type":"Feature","properties":{"i":0.79},"geometry":{"type":"Point","coordinates":[55.42603,24.01636]}},{"type":"Feature","properties":{"i":0.79},"geometry":{"type":"Point","coordinates":[55.448,24.01636]}},{"type":"Feature","properties":{"i":0.19},"geometry":{"type":"Point","coordinates":[55.46997,24.01636]}},{"type":"Feature","properties":{"i":0.58},"geometry":{"type":"Point","coordinates":[55.49194,24.01636]}},{"type":"Feature","properties":{"i":0.54},"geometry":{"type":"Point","coordinates":[55.51392,24.01636]}},{"type":"Feature","properties":{"i":0.74},"geometry":{"type":"Point","coordinates":[55.53589,24.01636]}},{"type":"Feature","properties":{"i":0.67},"geometry":{"type":"Point","coordinates":[55.55786,24.01636]}},{"type":"Feature","properties":{"i":0.52},"geometry":{"type":"Point","coordinates":[55.57983,24.01636]}},{"type":"Feature","properties":{"i":0.75},"geometry":{"type":"Point","coordinates":[55.60181,24.01636]}},{"type":"Feature","properties":{"i":0.76},"geometry":{"type":"Point","coordinates":[55.62378,24.01636]}},{"type":"Feature","properties":{"i":0.73},"geometry":{"type":"Point","coordinates":[55.64575,24.01636]}},{"type":"Feature","properties":{"i":0.25},"geometry":{"type":"Point","coordinates":[55.66772,24.01636]}},{"type":"Feature","properties":{"i":0.24},"geometry":{"type":"Point","coordinates":[55.6897,24.01636]}},{"type":"Feature","properties":{"i":0.23},"geometry":{"type":"Point","coordinates":[55.71167,24.01636]}},{"type":"Feature","properties":{"i":0.13},"geometry":{"type":"Point","coordinates":[55.73364,24.01636]}},{"type":"Feature","properties":{"i":0.19},"geometry":{"type":"Point","coordinates":[55.75562,24.01636]}},{"type":"Feature","properties":{"i":0.13},"geometry":{"type":"Point","coordinates":[55.77759,24.01636]}},{"type":"Feature","properties":{"i":0.17},"geometry":{"type":"Point","coordinates":[55.79956,24.01636]}},{"type":"Feature","properties":{"i":0.4},"geometry":{"type":"Point","coordinates":[55.82153,24.01636]}},{"type":"Feature","properties":{"i":1},"geometry":{"type":"Point","coordinates":[55.84351,24.01636]}},{"type":"Feature","properties":{"i":0.49},"geometry":{"type":"Point","coordinates":[55.86548,24.01636]}},{"type":"Feature","properties":{"i":0.25},"geometry":{"type":"Point","coordinates":[55.88745,24.01636]}},{"type":"Feature","properties":{"i":0.11},"geometry":{"type":"Point","coordinates":[55.90942,24.01636]}},{"type":"Feature","properties":{"i":0.02},"geometry":{"type":"Point","coordinates":[55.9314,24.01636]}},{"type":"Feature","properties":{"i":0.15},"geometry":{"type":"Point","coordinates":[55.99731,24.01636]}},{"type":"Feature","properties":{"i":0.35},"geometry":{"type":"Point","coordinates":[56.19507,24.01636]}},{"type":"Feature","properties":{"i":0.34},"geometry":{"type":"Point","coordinates":[55.09644,23.99629]}},{"type":"Feature","properties":{"i":0.03},"geometry":{"type":"Point","coordinates":[55.29419,23.99629]}},{"type":"Feature","properties":{"i":0.1},"geometry":{"type":"Point","coordinates":[55.36011,23.99629]}},{"type":"Feature","properties":{"i":0.42},"geometry":{"type":"Point","coordinates":[55.40405,23.99629]}},{"type":"Feature","properties":{"i":1},"geometry":{"type":"Point","coordinates":[55.42603,23.99629]}},{"type":"Feature","properties":{"i":1},"geometry":{"type":"Point","coordinates":[55.448,23.99629]}},{"type":"Feature","properties":{"i":0.14},"geometry":{"type":"Point","coordinates":[55.46997,23.99629]}},{"type":"Feature","properties":{"i":0.25},"geometry":{"type":"Point","coordinates":[55.49194,23.99629]}},{"type":"Feature","properties":{"i":0.35},"geometry":{"type":"Point","coordinates":[55.51392,23.99629]}},{"type":"Feature","properties":{"i":0.17},"geometry":{"type":"Point","coordinates":[55.53589,23.99629]}},{"type":"Feature","properties":{"i":0.86},"geometry":{"type":"Point","coordinates":[55.55786,23.99629]}},{"type":"Feature","properties":{"i":0.94},"geometry":{"type":"Point","coordinates":[55.57983,23.99629]}},{"type":"Feature","properties":{"i":0.75},"geometry":{"type":"Point","coordinates":[55.60181,23.99629]}},{"type":"Feature","properties":{"i":0.21},"geometry":{"type":"Point","coordinates":[55.62378,23.99629]}},{"type":"Feature","properties":{"i":0.11},"geometry":{"type":"Point","coordinates":[55.64575,23.99629]}},{"type":"Feature","properties":{"i":0.13},"geometry":{"type":"Point","coordinates":[55.66772,23.99629]}},{"type":"Feature","properties":{"i":0.08},"geometry":{"type":"Point","coordinates":[55.6897,23.99629]}},{"type":"Feature","properties":{"i":0.05},"geometry":{"type":"Point","coordinates":[55.71167,23.99629]}},{"type":"Feature","properties":{"i":0.07},"geometry":{"type":"Point","coordinates":[55.73364,23.99629]}},{"type":"Feature","properties":{"i":0.07},"geometry":{"type":"Point","coordinates":[55.75562,23.99629]}},{"type":"Feature","properties":{"i":0.04},"geometry":{"type":"Point","coordinates":[55.77759,23.99629]}},{"type":"Feature","properties":{"i":0.12},"geometry":{"type":"Point","coordinates":[55.79956,23.99629]}},{"type":"Feature","properties":{"i":0.92},"geometry":{"type":"Point","coordinates":[55.82153,23.99629]}},{"type":"Feature","properties":{"i":0.92},"geometry":{"type":"Point","coordinates":[55.84351,23.99629]}},{"type":"Feature","properties":{"i":0.5},"geometry":{"type":"Point","coordinates":[55.86548,23.99629]}},{"type":"Feature","properties":{"i":0.28},"geometry":{"type":"Point","coordinates":[55.88745,23.99629]}},{"type":"Feature","properties":{"i":0.03},"geometry":{"type":"Point","coordinates":[55.90942,23.99629]}},{"type":"Feature","properties":{"i":0.03},"geometry":{"type":"Point","coordinates":[55.42603,23.97621]}},{"type":"Feature","properties":{"i":0.04},"geometry":{"type":"Point","coordinates":[55.448,23.97621]}},{"type":"Feature","properties":{"i":0.11},"geometry":{"type":"Point","coordinates":[55.46997,23.97621]}},{"type":"Feature","properties":{"i":0.09},"geometry":{"type":"Point","coordinates":[55.49194,23.97621]}},{"type":"Feature","properties":{"i":0.19},"geometry":{"type":"Point","coordinates":[55.51392,23.97621]}},{"type":"Feature","properties":{"i":0.73},"geometry":{"type":"Point","coordinates":[55.53589,23.97621]}},{"type":"Feature","properties":{"i":0.74},"geometry":{"type":"Point","coordinates":[55.55786,23.97621]}},{"type":"Feature","properties":{"i":0.66},"geometry":{"type":"Point","coordinates":[55.57983,23.97621]}},{"type":"Feature","properties":{"i":0.13},"geometry":{"type":"Point","coordinates":[55.60181,23.97621]}},{"type":"Feature","properties":{"i":0.04},"geometry":{"type":"Point","coordinates":[55.62378,23.97621]}},{"type":"Feature","properties":{"i":0.03},"geometry":{"type":"Point","coordinates":[55.64575,23.97621]}},{"type":"Feature","properties":{"i":0.03},"geometry":{"type":"Point","coordinates":[55.66772,23.97621]}},{"type":"Feature","properties":{"i":0.04},"geometry":{"type":"Point","coordinates":[55.79956,23.97621]}},{"type":"Feature","properties":{"i":0.75},"geometry":{"type":"Point","coordinates":[55.82153,23.97621]}},{"type":"Feature","properties":{"i":0.75},"geometry":{"type":"Point","coordinates":[55.84351,23.97621]}},{"type":"Feature","properties":{"i":0.46},"geometry":{"type":"Point","coordinates":[55.86548,23.97621]}},{"type":"Feature","properties":{"i":0.74},"geometry":{"type":"Point","coordinates":[55.88745,23.97621]}},{"type":"Feature","properties":{"i":0.07},"geometry":{"type":"Point","coordinates":[55.90942,23.97621]}},{"type":"Feature","properties":{"i":0.19},"geometry":{"type":"Point","coordinates":[55.448,23.95614]}},{"type":"Feature","properties":{"i":0.18},"geometry":{"type":"Point","coordinates":[55.46997,23.95614]}},{"type":"Feature","properties":{"i":0.74},"geometry":{"type":"Point","coordinates":[55.49194,23.95614]}},{"type":"Feature","properties":{"i":0.72},"geometry":{"type":"Point","coordinates":[55.51392,23.95614]}},{"type":"Feature","properties":{"i":0.37},"geometry":{"type":"Point","coordinates":[55.53589,23.95614]}},{"type":"Feature","properties":{"i":0.11},"geometry":{"type":"Point","coordinates":[55.55786,23.95614]}},{"type":"Feature","properties":{"i":0.08},"geometry":{"type":"Point","coordinates":[55.57983,23.95614]}},{"type":"Feature","properties":{"i":0.02},"geometry":{"type":"Point","coordinates":[55.60181,23.95614]}},{"type":"Feature","properties":{"i":0.62},"geometry":{"type":"Point","coordinates":[55.82153,23.95614]}},{"type":"Feature","properties":{"i":0.76},"geometry":{"type":"Point","coordinates":[55.84351,23.95614]}},{"type":"Feature","properties":{"i":0.09},"geometry":{"type":"Point","coordinates":[55.86548,23.95614]}},{"type":"Feature","properties":{"i":0.74},"geometry":{"type":"Point","coordinates":[55.88745,23.95614]}},{"type":"Feature","properties":{"i":0.07},"geometry":{"type":"Point","coordinates":[55.90942,23.95614]}},{"type":"Feature","properties":{"i":0.1},"geometry":{"type":"Point","coordinates":[55.40405,23.93605]}},{"type":"Feature","properties":{"i":0.11},"geometry":{"type":"Point","coordinates":[55.42603,23.93605]}},{"type":"Feature","properties":{"i":0.21},"geometry":{"type":"Point","coordinates":[55.448,23.93605]}},{"type":"Feature","properties":{"i":0.81},"geometry":{"type":"Point","coordinates":[55.46997,23.93605]}},{"type":"Feature","properties":{"i":0.81},"geometry":{"type":"Point","coordinates":[55.49194,23.93605]}},{"type":"Feature","properties":{"i":0.03},"geometry":{"type":"Point","coordinates":[55.51392,23.93605]}},{"type":"Feature","properties":{"i":0.83},"geometry":{"type":"Point","coordinates":[55.82153,23.93605]}},{"type":"Feature","properties":{"i":0.18},"geometry":{"type":"Point","coordinates":[55.84351,23.93605]}},{"type":"Feature","properties":{"i":0.07},"geometry":{"type":"Point","coordinates":[56.15112,23.93605]}},{"type":"Feature","properties":{"i":0.26},"geometry":{"type":"Point","coordinates":[56.19507,23.93605]}},{"type":"Feature","properties":{"i":0.04},"geometry":{"type":"Point","coordinates":[55.36011,23.91597]}},{"type":"Feature","properties":{"i":0.03},"geometry":{"type":"Point","coordinates":[55.38208,23.91597]}},{"type":"Feature","properties":{"i":0.07},"geometry":{"type":"Point","coordinates":[55.40405,23.91597]}},{"type":"Feature","properties":{"i":0.19},"geometry":{"type":"Point","coordinates":[55.42603,23.91597]}},{"type":"Feature","properties":{"i":0.05},"geometry":{"type":"Point","coordinates":[55.448,23.91597]}},{"type":"Feature","properties":{"i":0.6},"geometry":{"type":"Point","coordinates":[55.49194,23.91597]}},{"type":"Feature","properties":{"i":0.08},"geometry":{"type":"Point","coordinates":[55.51392,23.91597]}},{"type":"Feature","properties":{"i":0.65},"geometry":{"type":"Point","coordinates":[55.82153,23.91597]}},{"type":"Feature","properties":{"i":0.65},"geometry":{"type":"Point","coordinates":[55.84351,23.91597]}},{"type":"Feature","properties":{"i":0.02},"geometry":{"type":"Point","coordinates":[55.36011,23.89588]}},{"type":"Feature","properties":{"i":0.38},"geometry":{"type":"Point","coordinates":[55.38208,23.89588]}},{"type":"Feature","properties":{"i":0.25},"geometry":{"type":"Point","coordinates":[55.40405,23.89588]}},{"type":"Feature","properties":{"i":0.16},"geometry":{"type":"Point","coordinates":[55.42603,23.89588]}},{"type":"Feature","properties":{"i":0.27},"geometry":{"type":"Point","coordinates":[55.448,23.89588]}},{"type":"Feature","properties":{"i":0.22},"geometry":{"type":"Point","coordinates":[55.46997,23.89588]}},{"type":"Feature","properties":{"i":0.73},"geometry":{"type":"Point","coordinates":[55.49194,23.89588]}},{"type":"Feature","properties":{"i":0.68},"geometry":{"type":"Point","coordinates":[55.51392,23.89588]}},{"type":"Feature","properties":{"i":0.62},"geometry":{"type":"Point","coordinates":[55.84351,23.89588]}},{"type":"Feature","properties":{"i":0.1},"geometry":{"type":"Point","coordinates":[55.86548,23.89588]}},{"type":"Feature","properties":{"i":0.47},"geometry":{"type":"Point","coordinates":[55.38208,23.87579]}},{"type":"Feature","properties":{"i":0.76},"geometry":{"type":"Point","coordinates":[55.40405,23.87579]}},{"type":"Feature","properties":{"i":0.17},"geometry":{"type":"Point","coordinates":[55.42603,23.87579]}},{"type":"Feature","properties":{"i":0.09},"geometry":{"type":"Point","coordinates":[55.448,23.87579]}},{"type":"Feature","properties":{"i":0.67},"geometry":{"type":"Point","coordinates":[55.51392,23.87579]}},{"type":"Feature","properties":{"i":0.34},"geometry":{"type":"Point","coordinates":[55.53589,23.87579]}},{"type":"Feature","properties":{"i":0.05},"geometry":{"type":"Point","coordinates":[55.55786,23.87579]}},{"type":"Feature","properties":{"i":0.5},"geometry":{"type":"Point","coordinates":[55.84351,23.87579]}},{"type":"Feature","properties":{"i":0.51},"geometry":{"type":"Point","coordinates":[55.86548,23.87579]}},{"type":"Feature","properties":{"i":0.33},"geometry":{"type":"Point","coordinates":[55.99731,23.87579]}},{"type":"Feature","properties":{"i":0.36},"geometry":{"type":"Point","coordinates":[56.04126,23.87579]}},{"type":"Feature","properties":{"i":0.23},"geometry":{"type":"Point","coordinates":[56.1731,23.87579]}},{"type":"Feature","properties":{"i":0.25},"geometry":{"type":"Point","coordinates":[56.19507,23.87579]}},{"type":"Feature","properties":{"i":0.25},"geometry":{"type":"Point","coordinates":[55.38208,23.8557]}},{"type":"Feature","properties":{"i":0.02},"geometry":{"type":"Point","coordinates":[55.49194,23.8557]}},{"type":"Feature","properties":{"i":0.71},"geometry":{"type":"Point","coordinates":[55.51392,23.8557]}},{"type":"Feature","properties":{"i":0.78},"geometry":{"type":"Point","coordinates":[55.53589,23.8557]}},{"type":"Feature","properties":{"i":0.09},"geometry":{"type":"Point","coordinates":[55.55786,23.8557]}},{"type":"Feature","properties":{"i":0.58},"geometry":{"type":"Point","coordinates":[55.86548,23.8557]}},{"type":"Feature","properties":{"i":0.25},"geometry":{"type":"Point","coordinates":[55.36011,23.8356]}},{"type":"Feature","properties":{"i":0.26},"geometry":{"type":"Point","coordinates":[55.38208,23.8356]}},{"type":"Feature","properties":{"i":0.02},"geometry":{"type":"Point","coordinates":[55.448,23.8356]}},{"type":"Feature","properties":{"i":0.34},"geometry":{"type":"Point","coordinates":[55.46997,23.8356]}},{"type":"Feature","properties":{"i":0.15},"geometry":{"type":"Point","coordinates":[55.49194,23.8356]}},{"type":"Feature","properties":{"i":0.6},"geometry":{"type":"Point","coordinates":[55.51392,23.8356]}},{"type":"Feature","properties":{"i":0.76},"geometry":{"type":"Point","coordinates":[55.53589,23.8356]}},{"type":"Feature","properties":{"i":0.02},"geometry":{"type":"Point","coordinates":[55.55786,23.8356]}},{"type":"Feature","properties":{"i":0.22},"geometry":{"type":"Point","coordinates":[55.86548,23.8356]}},{"type":"Feature","properties":{"i":0.02},"geometry":{"type":"Point","coordinates":[55.448,23.8155]}},{"type":"Feature","properties":{"i":0.03},"geometry":{"type":"Point","coordinates":[55.46997,23.8155]}},{"type":"Feature","properties":{"i":0.13},"geometry":{"type":"Point","coordinates":[55.49194,23.8155]}},{"type":"Feature","properties":{"i":0.39},"geometry":{"type":"Point","coordinates":[55.51392,23.8155]}},{"type":"Feature","properties":{"i":0.63},"geometry":{"type":"Point","coordinates":[55.53589,23.8155]}},{"type":"Feature","properties":{"i":0.59},"geometry":{"type":"Point","coordinates":[55.86548,23.8155]}},{"type":"Feature","properties":{"i":0.57},"geometry":{"type":"Point","coordinates":[55.88745,23.8155]}},{"type":"Feature","properties":{"i":0.08},"geometry":{"type":"Point","coordinates":[55.46997,23.7954]}},{"type":"Feature","properties":{"i":0.05},"geometry":{"type":"Point","coordinates":[55.49194,23.7954]}},{"type":"Feature","properties":{"i":0.04},"geometry":{"type":"Point","coordinates":[55.51392,23.7954]}},{"type":"Feature","properties":{"i":0.68},"geometry":{"type":"Point","coordinates":[55.53589,23.7954]}},{"type":"Feature","properties":{"i":0.12},"geometry":{"type":"Point","coordinates":[55.82153,23.7954]}},{"type":"Feature","properties":{"i":0.12},"geometry":{"type":"Point","coordinates":[55.84351,23.7954]}},{"type":"Feature","properties":{"i":0.58},"geometry":{"type":"Point","coordinates":[55.86548,23.7954]}},{"type":"Feature","properties":{"i":0.46},"geometry":{"type":"Point","coordinates":[55.88745,23.7954]}},{"type":"Feature","properties":{"i":0.03},"geometry":{"type":"Point","coordinates":[55.51392,23.77529]}},{"type":"Feature","properties":{"i":0.81},"geometry":{"type":"Point","coordinates":[55.53589,23.77529]}},{"type":"Feature","properties":{"i":0.34},"geometry":{"type":"Point","coordinates":[55.82153,23.77529]}},{"type":"Feature","properties":{"i":0.58},"geometry":{"type":"Point","coordinates":[55.86548,23.77529]}},{"type":"Feature","properties":{"i":0.56},"geometry":{"type":"Point","coordinates":[55.88745,23.77529]}},{"type":"Feature","properties":{"i":0.21},"geometry":{"type":"Point","coordinates":[56.19507,23.77529]}},{"type":"Feature","properties":{"i":0.56},"geometry":{"type":"Point","coordinates":[55.51392,23.75518]}},{"type":"Feature","properties":{"i":0.85},"geometry":{"type":"Point","coordinates":[55.53589,23.75518]}},{"type":"Feature","properties":{"i":0.05},"geometry":{"type":"Point","coordinates":[55.55786,23.75518]}},{"type":"Feature","properties":{"i":0.12},"geometry":{"type":"Point","coordinates":[55.79956,23.75518]}},{"type":"Feature","properties":{"i":0.17},"geometry":{"type":"Point","coordinates":[55.82153,23.75518]}},{"type":"Feature","properties":{"i":0.13},"geometry":{"type":"Point","coordinates":[55.86548,23.75518]}},{"type":"Feature","properties":{"i":0.56},"geometry":{"type":"Point","coordinates":[55.88745,23.75518]}},{"type":"Feature","properties":{"i":0.65},"geometry":{"type":"Point","coordinates":[56.19507,23.75518]}},{"type":"Feature","properties":{"i":0.41},"geometry":{"type":"Point","coordinates":[54.89868,23.73507]}},{"type":"Feature","properties":{"i":0.42},"geometry":{"type":"Point","coordinates":[54.92065,23.73507]}},{"type":"Feature","properties":{"i":0.49},"geometry":{"type":"Point","coordinates":[54.94263,23.73507]}},{"type":"Feature","properties":{"i":0.49},"geometry":{"type":"Point","coordinates":[54.9646,23.73507]}},{"type":"Feature","properties":{"i":0.46},"geometry":{"type":"Point","coordinates":[55.00854,23.73507]}},{"type":"Feature","properties":{"i":0.86},"geometry":{"type":"Point","coordinates":[55.53589,23.73507]}},{"type":"Feature","properties":{"i":0.83},"geometry":{"type":"Point","coordinates":[55.55786,23.73507]}},{"type":"Feature","properties":{"i":0.04},"geometry":{"type":"Point","coordinates":[55.57983,23.73507]}},{"type":"Feature","properties":{"i":0.58},"geometry":{"type":"Point","coordinates":[55.88745,23.73507]}},{"type":"Feature","properties":{"i":0.55},"geometry":{"type":"Point","coordinates":[55.90942,23.73507]}},{"type":"Feature","properties":{"i":0.21},"geometry":{"type":"Point","coordinates":[55.53589,23.71495]}},{"type":"Feature","properties":{"i":0.82},"geometry":{"type":"Point","coordinates":[55.55786,23.71495]}},{"type":"Feature","properties":{"i":0.13},"geometry":{"type":"Point","coordinates":[55.57983,23.71495]}},{"type":"Feature","properties":{"i":0.33},"geometry":{"type":"Point","coordinates":[55.88745,23.71495]}},{"type":"Feature","properties":{"i":0.52},"geometry":{"type":"Point","coordinates":[55.90942,23.71495]}},{"type":"Feature","properties":{"i":0.78},"geometry":{"type":"Point","coordinates":[55.55786,23.69483]}},{"type":"Feature","properties":{"i":0.19},"geometry":{"type":"Point","coordinates":[55.57983,23.69483]}},{"type":"Feature","properties":{"i":0.52},"geometry":{"type":"Point","coordinates":[55.90942,23.69483]}},{"type":"Feature","properties":{"i":0.52},"geometry":{"type":"Point","coordinates":[55.9314,23.69483]}},{"type":"Feature","properties":{"i":0.76},"geometry":{"type":"Point","coordinates":[55.55786,23.67471]}},{"type":"Feature","properties":{"i":0.6},"geometry":{"type":"Point","coordinates":[55.57983,23.67471]}},{"type":"Feature","properties":{"i":0.52},"geometry":{"type":"Point","coordinates":[55.90942,23.67471]}},{"type":"Feature","properties":{"i":0.48},"geometry":{"type":"Point","coordinates":[55.9314,23.67471]}},{"type":"Feature","properties":{"i":0.23},"geometry":{"type":"Point","coordinates":[56.23901,23.67471]}},{"type":"Feature","properties":{"i":0.02},"geometry":{"type":"Point","coordinates":[55.51392,23.65459]}},{"type":"Feature","properties":{"i":0.18},"geometry":{"type":"Point","coordinates":[55.53589,23.65459]}},{"type":"Feature","properties":{"i":0.91},"geometry":{"type":"Point","coordinates":[55.55786,23.65459]}},{"type":"Feature","properties":{"i":0.8},"geometry":{"type":"Point","coordinates":[55.57983,23.65459]}},{"type":"Feature","properties":{"i":0.03},"geometry":{"type":"Point","coordinates":[55.60181,23.65459]}},{"type":"Feature","properties":{"i":0.71},"geometry":{"type":"Point","coordinates":[55.9314,23.65459]}},{"type":"Feature","properties":{"i":0.08},"geometry":{"type":"Point","coordinates":[55.95337,23.65459]}},{"type":"Feature","properties":{"i":0.03},"geometry":{"type":"Point","coordinates":[56.23901,23.65459]}},{"type":"Feature","properties":{"i":0.28},"geometry":{"type":"Point","coordinates":[55.51392,23.63446]}},{"type":"Feature","properties":{"i":1},"geometry":{"type":"Point","coordinates":[55.53589,23.63446]}},{"type":"Feature","properties":{"i":1},"geometry":{"type":"Point","coordinates":[55.55786,23.63446]}},{"type":"Feature","properties":{"i":1},"geometry":{"type":"Point","coordinates":[55.57983,23.63446]}},{"type":"Feature","properties":{"i":0.13},"geometry":{"type":"Point","coordinates":[55.60181,23.63446]}},{"type":"Feature","properties":{"i":0.67},"geometry":{"type":"Point","coordinates":[55.9314,23.63446]}},{"type":"Feature","properties":{"i":0.67},"geometry":{"type":"Point","coordinates":[55.95337,23.63446]}},{"type":"Feature","properties":{"i":0.02},"geometry":{"type":"Point","coordinates":[55.97534,23.63446]}},{"type":"Feature","properties":{"i":0.22},"geometry":{"type":"Point","coordinates":[55.46997,23.61433]}},{"type":"Feature","properties":{"i":0.72},"geometry":{"type":"Point","coordinates":[55.49194,23.61433]}},{"type":"Feature","properties":{"i":0.17},"geometry":{"type":"Point","coordinates":[55.51392,23.61433]}},{"type":"Feature","properties":{"i":0.38},"geometry":{"type":"Point","coordinates":[55.53589,23.61433]}},{"type":"Feature","properties":{"i":0.87},"geometry":{"type":"Point","coordinates":[55.55786,23.61433]}},{"type":"Feature","properties":{"i":0.37},"geometry":{"type":"Point","coordinates":[55.57983,23.61433]}},{"type":"Feature","properties":{"i":0.05},"geometry":{"type":"Point","coordinates":[55.60181,23.61433]}},{"type":"Feature","properties":{"i":0.43},"geometry":{"type":"Point","coordinates":[55.9314,23.61433]}},{"type":"Feature","properties":{"i":0.84},"geometry":{"type":"Point","coordinates":[55.95337,23.61433]}},{"type":"Feature","properties":{"i":0.47},"geometry":{"type":"Point","coordinates":[55.97534,23.61433]}},{"type":"Feature","properties":{"i":0.02},"geometry":{"type":"Point","coordinates":[55.99731,23.61433]}},{"type":"Feature","properties":{"i":0.18},"geometry":{"type":"Point","coordinates":[56.04126,23.61433]}},{"type":"Feature","properties":{"i":0.18},"geometry":{"type":"Point","coordinates":[56.06323,23.61433]}},{"type":"Feature","properties":{"i":0.02},"geometry":{"type":"Point","coordinates":[55.51392,23.59419]}},{"type":"Feature","properties":{"i":0.69},"geometry":{"type":"Point","coordinates":[55.53589,23.59419]}},{"type":"Feature","properties":{"i":0.72},"geometry":{"type":"Point","coordinates":[55.55786,23.59419]}},{"type":"Feature","properties":{"i":0.02},"geometry":{"type":"Point","coordinates":[55.57983,23.59419]}},{"type":"Feature","properties":{"i":0.32},"geometry":{"type":"Point","coordinates":[55.9314,23.59419]}},{"type":"Feature","properties":{"i":0.93},"geometry":{"type":"Point","coordinates":[55.95337,23.59419]}},{"type":"Feature","properties":{"i":0.93},"geometry":{"type":"Point","coordinates":[55.97534,23.59419]}},{"type":"Feature","properties":{"i":0.62},"geometry":{"type":"Point","coordinates":[55.99731,23.59419]}},{"type":"Feature","properties":{"i":0.65},"geometry":{"type":"Point","coordinates":[56.01929,23.59419]}},{"type":"Feature","properties":{"i":0.08},"geometry":{"type":"Point","coordinates":[56.04126,23.59419]}},{"type":"Feature","properties":{"i":0.13},"geometry":{"type":"Point","coordinates":[54.85474,23.57406]}},{"type":"Feature","properties":{"i":0.07},"geometry":{"type":"Point","coordinates":[55.42603,23.57406]}},{"type":"Feature","properties":{"i":0.52},"geometry":{"type":"Point","coordinates":[55.448,23.57406]}},{"type":"Feature","properties":{"i":0.24},"geometry":{"type":"Point","coordinates":[55.46997,23.57406]}},{"type":"Feature","properties":{"i":0.54},"geometry":{"type":"Point","coordinates":[55.51392,23.57406]}},{"type":"Feature","properties":{"i":0.65},"geometry":{"type":"Point","coordinates":[55.53589,23.57406]}},{"type":"Feature","properties":{"i":0.04},"geometry":{"type":"Point","coordinates":[55.55786,23.57406]}},{"type":"Feature","properties":{"i":0.24},"geometry":{"type":"Point","coordinates":[55.9314,23.57406]}},{"type":"Feature","properties":{"i":0.04},"geometry":{"type":"Point","coordinates":[55.97534,23.57406]}},{"type":"Feature","properties":{"i":0.27},"geometry":{"type":"Point","coordinates":[55.99731,23.57406]}},{"type":"Feature","properties":{"i":0.65},"geometry":{"type":"Point","coordinates":[56.01929,23.57406]}},{"type":"Feature","properties":{"i":0.64},"geometry":{"type":"Point","coordinates":[56.04126,23.57406]}},{"type":"Feature","properties":{"i":0.69},"geometry":{"type":"Point","coordinates":[56.06323,23.57406]}},{"type":"Feature","properties":{"i":0.73},"geometry":{"type":"Point","coordinates":[56.08521,23.57406]}},{"type":"Feature","properties":{"i":0.72},"geometry":{"type":"Point","coordinates":[56.10718,23.57406]}},{"type":"Feature","properties":{"i":0.04},"geometry":{"type":"Point","coordinates":[56.21704,23.57406]}},{"type":"Feature","properties":{"i":0.19},"geometry":{"type":"Point","coordinates":[56.23901,23.57406]}},{"type":"Feature","properties":{"i":0.02},"geometry":{"type":"Point","coordinates":[54.85474,23.55392]}},{"type":"Feature","properties":{"i":0.64},"geometry":{"type":"Point","coordinates":[55.51392,23.55392]}},{"type":"Feature","properties":{"i":0.14},"geometry":{"type":"Point","coordinates":[55.53589,23.55392]}},{"type":"Feature","properties":{"i":0.51},"geometry":{"type":"Point","coordinates":[56.08521,23.55392]}},{"type":"Feature","properties":{"i":0.7},"geometry":{"type":"Point","coordinates":[56.10718,23.55392]}},{"type":"Feature","properties":{"i":0.72},"geometry":{"type":"Point","coordinates":[56.12915,23.55392]}},{"type":"Feature","properties":{"i":0.7},"geometry":{"type":"Point","coordinates":[56.15112,23.55392]}},{"type":"Feature","properties":{"i":0.83},"geometry":{"type":"Point","coordinates":[56.21704,23.55392]}},{"type":"Feature","properties":{"i":1},"geometry":{"type":"Point","coordinates":[56.23901,23.55392]}},{"type":"Feature","properties":{"i":0.42},"geometry":{"type":"Point","coordinates":[55.46997,23.53377]}},{"type":"Feature","properties":{"i":0.67},"geometry":{"type":"Point","coordinates":[55.49194,23.53377]}},{"type":"Feature","properties":{"i":0.16},"geometry":{"type":"Point","coordinates":[55.51392,23.53377]}},{"type":"Feature","properties":{"i":0.67},"geometry":{"type":"Point","coordinates":[55.53589,23.53377]}},{"type":"Feature","properties":{"i":0.68},"geometry":{"type":"Point","coordinates":[56.15112,23.53377]}},{"type":"Feature","properties":{"i":0.63},"geometry":{"type":"Point","coordinates":[56.1731,23.53377]}},{"type":"Feature","properties":{"i":0.56},"geometry":{"type":"Point","coordinates":[56.21704,23.53377]}},{"type":"Feature","properties":{"i":0.88},"geometry":{"type":"Point","coordinates":[56.23901,23.53377]}},{"type":"Feature","properties":{"i":0.62},"geometry":{"type":"Point","coordinates":[55.46997,23.51363]}},{"type":"Feature","properties":{"i":0.62},"geometry":{"type":"Point","coordinates":[55.49194,23.51363]}},{"type":"Feature","properties":{"i":0.67},"geometry":{"type":"Point","coordinates":[56.1731,23.51363]}},{"type":"Feature","properties":{"i":0.55},"geometry":{"type":"Point","coordinates":[56.19507,23.51363]}},{"type":"Feature","properties":{"i":0.42},"geometry":{"type":"Point","coordinates":[56.21704,23.51363]}},{"type":"Feature","properties":{"i":0.29},"geometry":{"type":"Point","coordinates":[56.23901,23.51363]}},{"type":"Feature","properties":{"i":0.11},"geometry":{"type":"Point","coordinates":[55.42603,23.49348]}},{"type":"Feature","properties":{"i":0.56},"geometry":{"type":"Point","coordinates":[55.448,23.49348]}},{"type":"Feature","properties":{"i":0.72},"geometry":{"type":"Point","coordinates":[55.46997,23.49348]}},{"type":"Feature","properties":{"i":0.02},"geometry":{"type":"Point","coordinates":[55.49194,23.49348]}},{"type":"Feature","properties":{"i":0.68},"geometry":{"type":"Point","coordinates":[56.1731,23.49348]}},{"type":"Feature","properties":{"i":1},"geometry":{"type":"Point","coordinates":[56.19507,23.49348]}},{"type":"Feature","properties":{"i":0.12},"geometry":{"type":"Point","coordinates":[56.21704,23.49348]}},{"type":"Feature","properties":{"i":0.03},"geometry":{"type":"Point","coordinates":[56.23901,23.49348]}},{"type":"Feature","properties":{"i":0.74},"geometry":{"type":"Point","coordinates":[55.448,23.47332]}},{"type":"Feature","properties":{"i":0.53},"geometry":{"type":"Point","coordinates":[55.46997,23.47332]}},{"type":"Feature","properties":{"i":0.72},"geometry":{"type":"Point","coordinates":[56.19507,23.47332]}},{"type":"Feature","properties":{"i":0.69},"geometry":{"type":"Point","coordinates":[56.21704,23.47332]}},{"type":"Feature","properties":{"i":0.02},"geometry":{"type":"Point","coordinates":[56.23901,23.47332]}},{"type":"Feature","properties":{"i":0.05},"geometry":{"type":"Point","coordinates":[55.38208,23.45317]}},{"type":"Feature","properties":{"i":0.53},"geometry":{"type":"Point","coordinates":[55.40405,23.45317]}},{"type":"Feature","properties":{"i":0.39},"geometry":{"type":"Point","coordinates":[55.42603,23.45317]}},{"type":"Feature","properties":{"i":0.67},"geometry":{"type":"Point","coordinates":[55.448,23.45317]}},{"type":"Feature","properties":{"i":0.03},"geometry":{"type":"Point","coordinates":[55.46997,23.45317]}},{"type":"Feature","properties":{"i":0.51},"geometry":{"type":"Point","coordinates":[56.19507,23.45317]}},{"type":"Feature","properties":{"i":0.65},"geometry":{"type":"Point","coordinates":[56.21704,23.45317]}},{"type":"Feature","properties":{"i":0.03},"geometry":{"type":"Point","coordinates":[56.23901,23.45317]}},{"type":"Feature","properties":{"i":0.02},"geometry":{"type":"Point","coordinates":[55.38208,23.43301]}},{"type":"Feature","properties":{"i":0.97},"geometry":{"type":"Point","coordinates":[55.40405,23.43301]}},{"type":"Feature","properties":{"i":0.97},"geometry":{"type":"Point","coordinates":[55.42603,23.43301]}},{"type":"Feature","properties":{"i":0.82},"geometry":{"type":"Point","coordinates":[55.448,23.43301]}},{"type":"Feature","properties":{"i":0.07},"geometry":{"type":"Point","coordinates":[55.46997,23.43301]}},{"type":"Feature","properties":{"i":0.49},"geometry":{"type":"Point","coordinates":[56.12915,23.43301]}},{"type":"Feature","properties":{"i":0.15},"geometry":{"type":"Point","coordinates":[56.15112,23.43301]}},{"type":"Feature","properties":{"i":0.78},"geometry":{"type":"Point","coordinates":[56.21704,23.43301]}},{"type":"Feature","properties":{"i":0.44},"geometry":{"type":"Point","coordinates":[56.23901,23.43301]}},{"type":"Feature","properties":{"i":0.08},"geometry":{"type":"Point","coordinates":[55.36011,23.41285]}},{"type":"Feature","properties":{"i":0.16},"geometry":{"type":"Point","coordinates":[55.38208,23.41285]}},{"type":"Feature","properties":{"i":1},"geometry":{"type":"Point","coordinates":[55.40405,23.41285]}},{"type":"Feature","properties":{"i":1},"geometry":{"type":"Point","coordinates":[55.42603,23.41285]}},{"type":"Feature","properties":{"i":0.86},"geometry":{"type":"Point","coordinates":[55.448,23.41285]}},{"type":"Feature","properties":{"i":0.07},"geometry":{"type":"Point","coordinates":[55.46997,23.41285]}},{"type":"Feature","properties":{"i":0.4},"geometry":{"type":"Point","coordinates":[55.53589,23.41285]}},{"type":"Feature","properties":{"i":0.03},"geometry":{"type":"Point","coordinates":[56.21704,23.41285]}},{"type":"Feature","properties":{"i":0.55},"geometry":{"type":"Point","coordinates":[56.23901,23.41285]}},{"type":"Feature","properties":{"i":0.81},"geometry":{"type":"Point","coordinates":[55.36011,23.39268]}},{"type":"Feature","properties":{"i":1},"geometry":{"type":"Point","coordinates":[55.38208,23.39268]}},{"type":"Feature","properties":{"i":1},"geometry":{"type":"Point","coordinates":[55.40405,23.39268]}},{"type":"Feature","properties":{"i":1},"geometry":{"type":"Point","coordinates":[55.42603,23.39268]}},{"type":"Feature","properties":{"i":0.3},"geometry":{"type":"Point","coordinates":[55.448,23.39268]}},{"type":"Feature","properties":{"i":0.04},"geometry":{"type":"Point","coordinates":[55.46997,23.39268]}},{"type":"Feature","properties":{"i":0.37},"geometry":{"type":"Point","coordinates":[56.15112,23.39268]}},{"type":"Feature","properties":{"i":0.49},"geometry":{"type":"Point","coordinates":[56.23901,23.39268]}},{"type":"Feature","properties":{"i":0.04},"geometry":{"type":"Point","coordinates":[55.40405,23.37251]}},{"type":"Feature","properties":{"i":0.19},"geometry":{"type":"Point","coordinates":[55.42603,23.37251]}},{"type":"Feature","properties":{"i":0.03},"geometry":{"type":"Point","coordinates":[55.448,23.37251]}},{"type":"Feature","properties":{"i":0.17},"geometry":{"type":"Point","coordinates":[56.12915,23.37251]}},{"type":"Feature","properties":{"i":0.1},"geometry":{"type":"Point","coordinates":[56.15112,23.37251]}},{"type":"Feature","properties":{"i":0.09},"geometry":{"type":"Point","coordinates":[56.1731,23.37251]}},{"type":"Feature","properties":{"i":0.05},"geometry":{"type":"Point","coordinates":[56.23901,23.37251]}},{"type":"Feature","properties":{"i":0.22},"geometry":{"type":"Point","coordinates":[56.1731,23.35234]}},{"type":"Feature","properties":{"i":0.02},"geometry":{"type":"Point","coordinates":[56.21704,23.35234]}},{"type":"Feature","properties":{"i":0.04},"geometry":{"type":"Point","coordinates":[56.23901,23.35234]}},{"type":"Feature","properties":{"i":0.04},"geometry":{"type":"Point","coordinates":[55.31616,23.33217]}},{"type":"Feature","properties":{"i":0.04},"geometry":{"type":"Point","coordinates":[55.33813,23.33217]}},{"type":"Feature","properties":{"i":0.49},"geometry":{"type":"Point","coordinates":[55.97534,23.33217]}},{"type":"Feature","properties":{"i":0.11},"geometry":{"type":"Point","coordinates":[56.1731,23.33217]}},{"type":"Feature","properties":{"i":0.87},"geometry":{"type":"Point","coordinates":[56.19507,23.33217]}},{"type":"Feature","properties":{"i":1},"geometry":{"type":"Point","coordinates":[56.21704,23.33217]}},{"type":"Feature","properties":{"i":0.04},"geometry":{"type":"Point","coordinates":[55.33813,23.31199]}},{"type":"Feature","properties":{"i":0.97},"geometry":{"type":"Point","coordinates":[56.19507,23.31199]}},{"type":"Feature","properties":{"i":0.51},"geometry":{"type":"Point","coordinates":[56.21704,23.31199]}},{"type":"Feature","properties":{"i":0.33},"geometry":{"type":"Point","coordinates":[55.31616,23.27163]}},{"type":"Feature","properties":{"i":0.33},"geometry":{"type":"Point","coordinates":[55.33813,23.27163]}},{"type":"Feature","properties":{"i":0.67},"geometry":{"type":"Point","coordinates":[55.448,23.27163]}},{"type":"Feature","properties":{"i":0.18},"geometry":{"type":"Point","coordinates":[55.33813,23.25144]}},{"type":"Feature","properties":{"i":0.03},"geometry":{"type":"Point","coordinates":[55.38208,23.25144]}},{"type":"Feature","properties":{"i":0.08},"geometry":{"type":"Point","coordinates":[55.40405,23.25144]}},{"type":"Feature","properties":{"i":0.17},"geometry":{"type":"Point","coordinates":[55.42603,23.25144]}},{"type":"Feature","properties":{"i":0.67},"geometry":{"type":"Point","coordinates":[55.448,23.25144]}},{"type":"Feature","properties":{"i":0.17},"geometry":{"type":"Point","coordinates":[55.46997,23.25144]}},{"type":"Feature","properties":{"i":0.07},"geometry":{"type":"Point","coordinates":[55.49194,23.25144]}},{"type":"Feature","properties":{"i":0.02},"geometry":{"type":"Point","coordinates":[55.51392,23.25144]}},{"type":"Feature","properties":{"i":0.03},"geometry":{"type":"Point","coordinates":[56.43677,24.51714]}},{"type":"Feature","properties":{"i":0.58},"geometry":{"type":"Point","coordinates":[56.45874,24.51714]}},{"type":"Feature","properties":{"i":0.58},"geometry":{"type":"Point","coordinates":[56.48071,24.51714]}},{"type":"Feature","properties":{"i":0.62},"geometry":{"type":"Point","coordinates":[56.50269,24.51714]}},{"type":"Feature","properties":{"i":0.7},"geometry":{"type":"Point","coordinates":[56.52466,24.51714]}},{"type":"Feature","properties":{"i":0.93},"geometry":{"type":"Point","coordinates":[56.54663,24.51714]}},{"type":"Feature","properties":{"i":1},"geometry":{"type":"Point","coordinates":[56.5686,24.51714]}},{"type":"Feature","properties":{"i":1},"geometry":{"type":"Point","coordinates":[56.59058,24.51714]}},{"type":"Feature","properties":{"i":1},"geometry":{"type":"Point","coordinates":[56.61255,24.51714]}},{"type":"Feature","properties":{"i":0.98},"geometry":{"type":"Point","coordinates":[56.63452,24.51714]}},{"type":"Feature","properties":{"i":0.42},"geometry":{"type":"Point","coordinates":[56.65649,24.51714]}},{"type":"Feature","properties":{"i":0.52},"geometry":{"type":"Point","coordinates":[56.67847,24.51714]}},{"type":"Feature","properties":{"i":0.49},"geometry":{"type":"Point","coordinates":[56.41479,24.49715]}},{"type":"Feature","properties":{"i":0.49},"geometry":{"type":"Point","coordinates":[56.43677,24.49715]}},{"type":"Feature","properties":{"i":0.36},"geometry":{"type":"Point","coordinates":[56.45874,24.49715]}},{"type":"Feature","properties":{"i":0.37},"geometry":{"type":"Point","coordinates":[56.48071,24.49715]}},{"type":"Feature","properties":{"i":0.5},"geometry":{"type":"Point","coordinates":[56.50269,24.49715]}},{"type":"Feature","properties":{"i":0.37},"geometry":{"type":"Point","coordinates":[56.52466,24.49715]}},{"type":"Feature","properties":{"i":0.56},"geometry":{"type":"Point","coordinates":[56.54663,24.49715]}},{"type":"Feature","properties":{"i":1},"geometry":{"type":"Point","coordinates":[56.5686,24.49715]}},{"type":"Feature","properties":{"i":1},"geometry":{"type":"Point","coordinates":[56.59058,24.49715]}},{"type":"Feature","properties":{"i":1},"geometry":{"type":"Point","coordinates":[56.61255,24.49715]}},{"type":"Feature","properties":{"i":1},"geometry":{"type":"Point","coordinates":[56.63452,24.49715]}},{"type":"Feature","properties":{"i":0.8},"geometry":{"type":"Point","coordinates":[56.65649,24.49715]}},{"type":"Feature","properties":{"i":0.4},"geometry":{"type":"Point","coordinates":[56.67847,24.49715]}},{"type":"Feature","properties":{"i":0.16},"geometry":{"type":"Point","coordinates":[56.70044,24.49715]}},{"type":"Feature","properties":{"i":0.09},"geometry":{"type":"Point","coordinates":[56.43677,24.47715]}},{"type":"Feature","properties":{"i":0.29},"geometry":{"type":"Point","coordinates":[56.45874,24.47715]}},{"type":"Feature","properties":{"i":0.37},"geometry":{"type":"Point","coordinates":[56.48071,24.47715]}},{"type":"Feature","properties":{"i":0.27},"geometry":{"type":"Point","coordinates":[56.50269,24.47715]}},{"type":"Feature","properties":{"i":0.45},"geometry":{"type":"Point","coordinates":[56.52466,24.47715]}},{"type":"Feature","properties":{"i":0.85},"geometry":{"type":"Point","coordinates":[56.54663,24.47715]}},{"type":"Feature","properties":{"i":1},"geometry":{"type":"Point","coordinates":[56.5686,24.47715]}},{"type":"Feature","properties":{"i":1},"geometry":{"type":"Point","coordinates":[56.59058,24.47715]}},{"type":"Feature","properties":{"i":1},"geometry":{"type":"Point","coordinates":[56.61255,24.47715]}},{"type":"Feature","properties":{"i":1},"geometry":{"type":"Point","coordinates":[56.63452,24.47715]}},{"type":"Feature","properties":{"i":0.84},"geometry":{"type":"Point","coordinates":[56.65649,24.47715]}},{"type":"Feature","properties":{"i":0.53},"geometry":{"type":"Point","coordinates":[56.67847,24.47715]}},{"type":"Feature","properties":{"i":0.41},"geometry":{"type":"Point","coordinates":[56.70044,24.47715]}},{"type":"Feature","properties":{"i":0.04},"geometry":{"type":"Point","coordinates":[56.41479,24.45715]}},{"type":"Feature","properties":{"i":0.07},"geometry":{"type":"Point","coordinates":[56.43677,24.45715]}},{"type":"Feature","properties":{"i":0.25},"geometry":{"type":"Point","coordinates":[56.45874,24.45715]}},{"type":"Feature","properties":{"i":0.67},"geometry":{"type":"Point","coordinates":[56.48071,24.45715]}},{"type":"Feature","properties":{"i":0.3},"geometry":{"type":"Point","coordinates":[56.50269,24.45715]}},{"type":"Feature","properties":{"i":0.88},"geometry":{"type":"Point","coordinates":[56.52466,24.45715]}},{"type":"Feature","properties":{"i":1},"geometry":{"type":"Point","coordinates":[56.54663,24.45715]}},{"type":"Feature","properties":{"i":1},"geometry":{"type":"Point","coordinates":[56.5686,24.45715]}},{"type":"Feature","properties":{"i":0.91},"geometry":{"type":"Point","coordinates":[56.59058,24.45715]}},{"type":"Feature","properties":{"i":1},"geometry":{"type":"Point","coordinates":[56.61255,24.45715]}},{"type":"Feature","properties":{"i":1},"geometry":{"type":"Point","coordinates":[56.63452,24.45715]}},{"type":"Feature","properties":{"i":1},"geometry":{"type":"Point","coordinates":[56.65649,24.45715]}},{"type":"Feature","properties":{"i":0.51},"geometry":{"type":"Point","coordinates":[56.67847,24.45715]}},{"type":"Feature","properties":{"i":0.3},"geometry":{"type":"Point","coordinates":[56.70044,24.45715]}},{"type":"Feature","properties":{"i":0.04},"geometry":{"type":"Point","coordinates":[56.72241,24.45715]}},{"type":"Feature","properties":{"i":0.08},"geometry":{"type":"Point","coordinates":[56.41479,24.43715]}},{"type":"Feature","properties":{"i":0.1},"geometry":{"type":"Point","coordinates":[56.45874,24.43715]}},{"type":"Feature","properties":{"i":0.46},"geometry":{"type":"Point","coordinates":[56.48071,24.43715]}},{"type":"Feature","properties":{"i":0.44},"geometry":{"type":"Point","coordinates":[56.50269,24.43715]}},{"type":"Feature","properties":{"i":1},"geometry":{"type":"Point","coordinates":[56.52466,24.43715]}},{"type":"Feature","properties":{"i":1},"geometry":{"type":"Point","coordinates":[56.54663,24.43715]}},{"type":"Feature","properties":{"i":0.96},"geometry":{"type":"Point","coordinates":[56.5686,24.43715]}},{"type":"Feature","properties":{"i":0.96},"geometry":{"type":"Point","coordinates":[56.59058,24.43715]}},{"type":"Feature","properties":{"i":0.98},"geometry":{"type":"Point","coordinates":[56.61255,24.43715]}},{"type":"Feature","properties":{"i":1},"geometry":{"type":"Point","coordinates":[56.63452,24.43715]}},{"type":"Feature","properties":{"i":1},"geometry":{"type":"Point","coordinates":[56.65649,24.43715]}},{"type":"Feature","properties":{"i":0.97},"geometry":{"type":"Point","coordinates":[56.67847,24.43715]}},{"type":"Feature","properties":{"i":0.41},"geometry":{"type":"Point","coordinates":[56.70044,24.43715]}},{"type":"Feature","properties":{"i":0.16},"geometry":{"type":"Point","coordinates":[56.72241,24.43715]}},{"type":"Feature","properties":{"i":0.08},"geometry":{"type":"Point","coordinates":[56.45874,24.41714]}},{"type":"Feature","properties":{"i":0.24},"geometry":{"type":"Point","coordinates":[56.48071,24.41714]}},{"type":"Feature","properties":{"i":0.69},"geometry":{"type":"Point","coordinates":[56.50269,24.41714]}},{"type":"Feature","properties":{"i":0.69},"geometry":{"type":"Point","coordinates":[56.52466,24.41714]}},{"type":"Feature","properties":{"i":1},"geometry":{"type":"Point","coordinates":[56.54663,24.41714]}},{"type":"Feature","properties":{"i":1},"geometry":{"type":"Point","coordinates":[56.5686,24.41714]}},{"type":"Feature","properties":{"i":0.99},"geometry":{"type":"Point","coordinates":[56.59058,24.41714]}},{"type":"Feature","properties":{"i":1},"geometry":{"type":"Point","coordinates":[56.61255,24.41714]}},{"type":"Feature","properties":{"i":1},"geometry":{"type":"Point","coordinates":[56.63452,24.41714]}},{"type":"Feature","properties":{"i":1},"geometry":{"type":"Point","coordinates":[56.65649,24.41714]}},{"type":"Feature","properties":{"i":1},"geometry":{"type":"Point","coordinates":[56.67847,24.41714]}},{"type":"Feature","properties":{"i":1},"geometry":{"type":"Point","coordinates":[56.70044,24.41714]}},{"type":"Feature","properties":{"i":0.61},"geometry":{"type":"Point","coordinates":[56.72241,24.41714]}},{"type":"Feature","properties":{"i":0.18},"geometry":{"type":"Point","coordinates":[56.74438,24.41714]}},{"type":"Feature","properties":{"i":0.37},"geometry":{"type":"Point","coordinates":[56.30493,24.39713]}},{"type":"Feature","properties":{"i":0.16},"geometry":{"type":"Point","coordinates":[56.48071,24.39713]}},{"type":"Feature","properties":{"i":0.69},"geometry":{"type":"Point","coordinates":[56.50269,24.39713]}},{"type":"Feature","properties":{"i":0.82},"geometry":{"type":"Point","coordinates":[56.52466,24.39713]}},{"type":"Feature","properties":{"i":0.68},"geometry":{"type":"Point","coordinates":[56.54663,24.39713]}},{"type":"Feature","properties":{"i":0.69},"geometry":{"type":"Point","coordinates":[56.5686,24.39713]}},{"type":"Feature","properties":{"i":1},"geometry":{"type":"Point","coordinates":[56.59058,24.39713]}},{"type":"Feature","properties":{"i":0.78},"geometry":{"type":"Point","coordinates":[56.61255,24.39713]}},{"type":"Feature","properties":{"i":0.67},"geometry":{"type":"Point","coordinates":[56.63452,24.39713]}},{"type":"Feature","properties":{"i":1},"geometry":{"type":"Point","coordinates":[56.65649,24.39713]}},{"type":"Feature","properties":{"i":1},"geometry":{"type":"Point","coordinates":[56.67847,24.39713]}},{"type":"Feature","properties":{"i":1},"geometry":{"type":"Point","coordinates":[56.70044,24.39713]}},{"type":"Feature","properties":{"i":1},"geometry":{"type":"Point","coordinates":[56.72241,24.39713]}},{"type":"Feature","properties":{"i":0.37},"geometry":{"type":"Point","coordinates":[56.74438,24.39713]}},{"type":"Feature","properties":{"i":0.19},"geometry":{"type":"Point","coordinates":[56.76636,24.39713]}},{"type":"Feature","properties":{"i":0.37},"geometry":{"type":"Point","coordinates":[56.30493,24.37712]}},{"type":"Feature","properties":{"i":0.26},"geometry":{"type":"Point","coordinates":[56.3269,24.37712]}},{"type":"Feature","properties":{"i":0.1},"geometry":{"type":"Point","coordinates":[56.43677,24.37712]}},{"type":"Feature","properties":{"i":0.1},"geometry":{"type":"Point","coordinates":[56.45874,24.37712]}},{"type":"Feature","properties":{"i":0.1},"geometry":{"type":"Point","coordinates":[56.48071,24.37712]}},{"type":"Feature","properties":{"i":0.35},"geometry":{"type":"Point","coordinates":[56.50269,24.37712]}},{"type":"Feature","properties":{"i":0.3},"geometry":{"type":"Point","coordinates":[56.52466,24.37712]}},{"type":"Feature","properties":{"i":0.36},"geometry":{"type":"Point","coordinates":[56.54663,24.37712]}},{"type":"Feature","properties":{"i":0.45},"geometry":{"type":"Point","coordinates":[56.5686,24.37712]}},{"type":"Feature","properties":{"i":0.42},"geometry":{"type":"Point","coordinates":[56.59058,24.37712]}},{"type":"Feature","properties":{"i":0.44},"geometry":{"type":"Point","coordinates":[56.61255,24.37712]}},{"type":"Feature","properties":{"i":0.57},"geometry":{"type":"Point","coordinates":[56.63452,24.37712]}},{"type":"Feature","properties":{"i":0.7},"geometry":{"type":"Point","coordinates":[56.65649,24.37712]}},{"type":"Feature","properties":{"i":0.81},"geometry":{"type":"Point","coordinates":[56.67847,24.37712]}},{"type":"Feature","properties":{"i":1},"geometry":{"type":"Point","coordinates":[56.70044,24.37712]}},{"type":"Feature","properties":{"i":0.97},"geometry":{"type":"Point","coordinates":[56.72241,24.37712]}},{"type":"Feature","properties":{"i":1},"geometry":{"type":"Point","coordinates":[56.74438,24.37712]}},{"type":"Feature","properties":{"i":0.36},"geometry":{"type":"Point","coordinates":[56.76636,24.37712]}},{"type":"Feature","properties":{"i":0.17},"geometry":{"type":"Point","coordinates":[56.78833,24.37712]}},{"type":"Feature","properties":{"i":0.26},"geometry":{"type":"Point","coordinates":[56.30493,24.35711]}},{"type":"Feature","properties":{"i":0.26},"geometry":{"type":"Point","coordinates":[56.3269,24.35711]}},{"type":"Feature","properties":{"i":0.1},"geometry":{"type":"Point","coordinates":[56.34888,24.35711]}},{"type":"Feature","properties":{"i":0.15},"geometry":{"type":"Point","coordinates":[56.37085,24.35711]}},{"type":"Feature","properties":{"i":0.04},"geometry":{"type":"Point","coordinates":[56.39282,24.35711]}},{"type":"Feature","properties":{"i":0.07},"geometry":{"type":"Point","coordinates":[56.45874,24.35711]}},{"type":"Feature","properties":{"i":0.02},"geometry":{"type":"Point","coordinates":[56.48071,24.35711]}},{"type":"Feature","properties":{"i":0.17},"geometry":{"type":"Point","coordinates":[56.50269,24.35711]}},{"type":"Feature","properties":{"i":0.39},"geometry":{"type":"Point","coordinates":[56.52466,24.35711]}},{"type":"Feature","properties":{"i":0.39},"geometry":{"type":"Point","coordinates":[56.54663,24.35711]}},{"type":"Feature","properties":{"i":0.29},"geometry":{"type":"Point","coordinates":[56.5686,24.35711]}},{"type":"Feature","properties":{"i":0.21},"geometry":{"type":"Point","coordinates":[56.59058,24.35711]}},{"type":"Feature","properties":{"i":0.42},"geometry":{"type":"Point","coordinates":[56.61255,24.35711]}},{"type":"Feature","properties":{"i":0.45},"geometry":{"type":"Point","coordinates":[56.63452,24.35711]}},{"type":"Feature","properties":{"i":0.46},"geometry":{"type":"Point","coordinates":[56.65649,24.35711]}},{"type":"Feature","properties":{"i":0.5},"geometry":{"type":"Point","coordinates":[56.67847,24.35711]}},{"type":"Feature","properties":{"i":1},"geometry":{"type":"Point","coordinates":[56.70044,24.35711]}},{"type":"Feature","properties":{"i":1},"geometry":{"type":"Point","coordinates":[56.72241,24.35711]}},{"type":"Feature","properties":{"i":1},"geometry":{"type":"Point","coordinates":[56.74438,24.35711]}},{"type":"Feature","properties":{"i":0.71},"geometry":{"type":"Point","coordinates":[56.76636,24.35711]}},{"type":"Feature","properties":{"i":0.35},"geometry":{"type":"Point","coordinates":[56.78833,24.35711]}},{"type":"Feature","properties":{"i":0.1},"geometry":{"type":"Point","coordinates":[56.37085,24.33709]}},{"type":"Feature","properties":{"i":0.05},"geometry":{"type":"Point","coordinates":[56.39282,24.33709]}},{"type":"Feature","properties":{"i":0.03},"geometry":{"type":"Point","coordinates":[56.41479,24.33709]}},{"type":"Feature","properties":{"i":0.14},"geometry":{"type":"Point","coordinates":[56.45874,24.33709]}},{"type":"Feature","properties":{"i":0.46},"geometry":{"type":"Point","coordinates":[56.48071,24.33709]}},{"type":"Feature","properties":{"i":0.4},"geometry":{"type":"Point","coordinates":[56.50269,24.33709]}},{"type":"Feature","properties":{"i":0.39},"geometry":{"type":"Point","coordinates":[56.52466,24.33709]}},{"type":"Feature","properties":{"i":0.15},"geometry":{"type":"Point","coordinates":[56.54663,24.33709]}},{"type":"Feature","properties":{"i":0.04},"geometry":{"type":"Point","coordinates":[56.5686,24.33709]}},{"type":"Feature","properties":{"i":0.04},"geometry":{"type":"Point","coordinates":[56.59058,24.33709]}},{"type":"Feature","properties":{"i":0.09},"geometry":{"type":"Point","coordinates":[56.61255,24.33709]}},{"type":"Feature","properties":{"i":0.1},"geometry":{"type":"Point","coordinates":[56.63452,24.33709]}},{"type":"Feature","properties":{"i":0.39},"geometry":{"type":"Point","coordinates":[56.65649,24.33709]}},{"type":"Feature","properties":{"i":0.78},"geometry":{"type":"Point","coordinates":[56.67847,24.33709]}},{"type":"Feature","properties":{"i":0.93},"geometry":{"type":"Point","coordinates":[56.70044,24.33709]}},{"type":"Feature","properties":{"i":1},"geometry":{"type":"Point","coordinates":[56.72241,24.33709]}},{"type":"Feature","properties":{"i":1},"geometry":{"type":"Point","coordinates":[56.74438,24.33709]}},{"type":"Feature","properties":{"i":1},"geometry":{"type":"Point","coordinates":[56.76636,24.33709]}},{"type":"Feature","properties":{"i":0.64},"geometry":{"type":"Point","coordinates":[56.78833,24.33709]}},{"type":"Feature","properties":{"i":0.19},"geometry":{"type":"Point","coordinates":[56.8103,24.33709]}},{"type":"Feature","properties":{"i":0.24},"geometry":{"type":"Point","coordinates":[56.39282,24.31707]}},{"type":"Feature","properties":{"i":0.22},"geometry":{"type":"Point","coordinates":[56.41479,24.31707]}},{"type":"Feature","properties":{"i":0.44},"geometry":{"type":"Point","coordinates":[56.43677,24.31707]}},{"type":"Feature","properties":{"i":0.54},"geometry":{"type":"Point","coordinates":[56.45874,24.31707]}},{"type":"Feature","properties":{"i":0.46},"geometry":{"type":"Point","coordinates":[56.48071,24.31707]}},{"type":"Feature","properties":{"i":0.39},"geometry":{"type":"Point","coordinates":[56.50269,24.31707]}},{"type":"Feature","properties":{"i":0.17},"geometry":{"type":"Point","coordinates":[56.52466,24.31707]}},{"type":"Feature","properties":{"i":0.15},"geometry":{"type":"Point","coordinates":[56.54663,24.31707]}},{"type":"Feature","properties":{"i":0.14},"geometry":{"type":"Point","coordinates":[56.59058,24.31707]}},{"type":"Feature","properties":{"i":0.16},"geometry":{"type":"Point","coordinates":[56.61255,24.31707]}},{"type":"Feature","properties":{"i":0.05},"geometry":{"type":"Point","coordinates":[56.63452,24.31707]}},{"type":"Feature","properties":{"i":0.69},"geometry":{"type":"Point","coordinates":[56.65649,24.31707]}},{"type":"Feature","properties":{"i":1},"geometry":{"type":"Point","coordinates":[56.67847,24.31707]}},{"type":"Feature","properties":{"i":0.77},"geometry":{"type":"Point","coordinates":[56.70044,24.31707]}},{"type":"Feature","properties":{"i":1},"geometry":{"type":"Point","coordinates":[56.72241,24.31707]}},{"type":"Feature","properties":{"i":1},"geometry":{"type":"Point","coordinates":[56.74438,24.31707]}},{"type":"Feature","properties":{"i":1},"geometry":{"type":"Point","coordinates":[56.76636,24.31707]}},{"type":"Feature","properties":{"i":1},"geometry":{"type":"Point","coordinates":[56.78833,24.31707]}},{"type":"Feature","properties":{"i":0.41},"geometry":{"type":"Point","coordinates":[56.8103,24.31707]}},{"type":"Feature","properties":{"i":0.07},"geometry":{"type":"Point","coordinates":[56.83228,24.31707]}},{"type":"Feature","properties":{"i":0.15},"geometry":{"type":"Point","coordinates":[56.39282,24.29704]}},{"type":"Feature","properties":{"i":0.57},"geometry":{"type":"Point","coordinates":[56.41479,24.29704]}},{"type":"Feature","properties":{"i":0.46},"geometry":{"type":"Point","coordinates":[56.43677,24.29704]}},{"type":"Feature","properties":{"i":0.27},"geometry":{"type":"Point","coordinates":[56.45874,24.29704]}},{"type":"Feature","properties":{"i":0.14},"geometry":{"type":"Point","coordinates":[56.48071,24.29704]}},{"type":"Feature","properties":{"i":0.12},"geometry":{"type":"Point","coordinates":[56.50269,24.29704]}},{"type":"Feature","properties":{"i":0.14},"geometry":{"type":"Point","coordinates":[56.59058,24.29704]}},{"type":"Feature","properties":{"i":0.16},"geometry":{"type":"Point","coordinates":[56.61255,24.29704]}},{"type":"Feature","properties":{"i":0.02},"geometry":{"type":"Point","coordinates":[56.63452,24.29704]}},{"type":"Feature","properties":{"i":0.31},"geometry":{"type":"Point","coordinates":[56.65649,24.29704]}},{"type":"Feature","properties":{"i":0.63},"geometry":{"type":"Point","coordinates":[56.67847,24.29704]}},{"type":"Feature","properties":{"i":0.65},"geometry":{"type":"Point","coordinates":[56.70044,24.29704]}},{"type":"Feature","properties":{"i":0.55},"geometry":{"type":"Point","coordinates":[56.72241,24.29704]}},{"type":"Feature","properties":{"i":0.7},"geometry":{"type":"Point","coordinates":[56.74438,24.29704]}},{"type":"Feature","properties":{"i":1},"geometry":{"type":"Point","coordinates":[56.76636,24.29704]}},{"type":"Feature","properties":{"i":1},"geometry":{"type":"Point","coordinates":[56.78833,24.29704]}},{"type":"Feature","properties":{"i":0.59},"geometry":{"type":"Point","coordinates":[56.8103,24.29704]}},{"type":"Feature","properties":{"i":0.12},"geometry":{"type":"Point","coordinates":[56.83228,24.29704]}},{"type":"Feature","properties":{"i":0.04},"geometry":{"type":"Point","coordinates":[56.85425,24.29704]}},{"type":"Feature","properties":{"i":0.28},"geometry":{"type":"Point","coordinates":[56.37085,24.27701]}},{"type":"Feature","properties":{"i":0.4},"geometry":{"type":"Point","coordinates":[56.39282,24.27701]}},{"type":"Feature","properties":{"i":0.4},"geometry":{"type":"Point","coordinates":[56.41479,24.27701]}},{"type":"Feature","properties":{"i":0.35},"geometry":{"type":"Point","coordinates":[56.43677,24.27701]}},{"type":"Feature","properties":{"i":0.02},"geometry":{"type":"Point","coordinates":[56.48071,24.27701]}},{"type":"Feature","properties":{"i":0.05},"geometry":{"type":"Point","coordinates":[56.65649,24.27701]}},{"type":"Feature","properties":{"i":0.41},"geometry":{"type":"Point","coordinates":[56.67847,24.27701]}},{"type":"Feature","properties":{"i":0.41},"geometry":{"type":"Point","coordinates":[56.70044,24.27701]}},{"type":"Feature","properties":{"i":0.31},"geometry":{"type":"Point","coordinates":[56.72241,24.27701]}},{"type":"Feature","properties":{"i":0.53},"geometry":{"type":"Point","coordinates":[56.74438,24.27701]}},{"type":"Feature","properties":{"i":0.77},"geometry":{"type":"Point","coordinates":[56.76636,24.27701]}},{"type":"Feature","properties":{"i":1},"geometry":{"type":"Point","coordinates":[56.78833,24.27701]}},{"type":"Feature","properties":{"i":0.98},"geometry":{"type":"Point","coordinates":[56.8103,24.27701]}},{"type":"Feature","properties":{"i":0.35},"geometry":{"type":"Point","coordinates":[56.83228,24.27701]}},{"type":"Feature","properties":{"i":0.61},"geometry":{"type":"Point","coordinates":[56.34888,24.25698]}},{"type":"Feature","properties":{"i":0.61},"geometry":{"type":"Point","coordinates":[56.37085,24.25698]}},{"type":"Feature","properties":{"i":0.34},"geometry":{"type":"Point","coordinates":[56.39282,24.25698]}},{"type":"Feature","properties":{"i":0.04},"geometry":{"type":"Point","coordinates":[56.41479,24.25698]}},{"type":"Feature","properties":{"i":0.12},"geometry":{"type":"Point","coordinates":[56.65649,24.25698]}},{"type":"Feature","properties":{"i":0.69},"geometry":{"type":"Point","coordinates":[56.67847,24.25698]}},{"type":"Feature","properties":{"i":0.44},"geometry":{"type":"Point","coordinates":[56.70044,24.25698]}},{"type":"Feature","properties":{"i":0.14},"geometry":{"type":"Point","coordinates":[56.72241,24.25698]}},{"type":"Feature","properties":{"i":0.25},"geometry":{"type":"Point","coordinates":[56.74438,24.25698]}},{"type":"Feature","properties":{"i":0.58},"geometry":{"type":"Point","coordinates":[56.76636,24.25698]}},{"type":"Feature","properties":{"i":0.93},"geometry":{"type":"Point","coordinates":[56.78833,24.25698]}},{"type":"Feature","properties":{"i":1},"geometry":{"type":"Point","coordinates":[56.8103,24.25698]}},{"type":"Feature","properties":{"i":1},"geometry":{"type":"Point","coordinates":[56.83228,24.25698]}},{"type":"Feature","properties":{"i":0.14},"geometry":{"type":"Point","coordinates":[56.85425,24.25698]}},{"type":"Feature","properties":{"i":0.04},"geometry":{"type":"Point","coordinates":[56.87622,24.25698]}},{"type":"Feature","properties":{"i":0.04},"geometry":{"type":"Point","coordinates":[56.30493,24.23695]}},{"type":"Feature","properties":{"i":0.78},"geometry":{"type":"Point","coordinates":[56.3269,24.23695]}},{"type":"Feature","properties":{"i":0.78},"geometry":{"type":"Point","coordinates":[56.34888,24.23695]}},{"type":"Feature","properties":{"i":0.11},"geometry":{"type":"Point","coordinates":[56.37085,24.23695]}},{"type":"Feature","properties":{"i":0.19},"geometry":{"type":"Point","coordinates":[56.65649,24.23695]}},{"type":"Feature","properties":{"i":0.48},"geometry":{"type":"Point","coordinates":[56.67847,24.23695]}},{"type":"Feature","properties":{"i":0.35},"geometry":{"type":"Point","coordinates":[56.70044,24.23695]}},{"type":"Feature","properties":{"i":0.04},"geometry":{"type":"Point","coordinates":[56.72241,24.23695]}},{"type":"Feature","properties":{"i":0.18},"geometry":{"type":"Point","coordinates":[56.74438,24.23695]}},{"type":"Feature","properties":{"i":0.39},"geometry":{"type":"Point","coordinates":[56.76636,24.23695]}},{"type":"Feature","properties":{"i":0.45},"geometry":{"type":"Point","coordinates":[56.78833,24.23695]}},{"type":"Feature","properties":{"i":0.97},"geometry":{"type":"Point","coordinates":[56.8103,24.23695]}},{"type":"Feature","properties":{"i":1},"geometry":{"type":"Point","coordinates":[56.83228,24.23695]}},{"type":"Feature","properties":{"i":0.48},"geometry":{"type":"Point","coordinates":[56.85425,24.23695]}},{"type":"Feature","properties":{"i":0.09},"geometry":{"type":"Point","coordinates":[56.87622,24.23695]}},{"type":"Feature","properties":{"i":0.88},"geometry":{"type":"Point","coordinates":[56.26099,24.21691]}},{"type":"Feature","properties":{"i":0.69},"geometry":{"type":"Point","coordinates":[56.28296,24.21691]}},{"type":"Feature","properties":{"i":0.69},"geometry":{"type":"Point","coordinates":[56.30493,24.21691]}},{"type":"Feature","properties":{"i":0.84},"geometry":{"type":"Point","coordinates":[56.3269,24.21691]}},{"type":"Feature","properties":{"i":0.46},"geometry":{"type":"Point","coordinates":[56.34888,24.21691]}},{"type":"Feature","properties":{"i":0.08},"geometry":{"type":"Point","coordinates":[56.37085,24.21691]}},{"type":"Feature","properties":{"i":0.02},"geometry":{"type":"Point","coordinates":[56.65649,24.21691]}},{"type":"Feature","properties":{"i":0.11},"geometry":{"type":"Point","coordinates":[56.67847,24.21691]}},{"type":"Feature","properties":{"i":0.09},"geometry":{"type":"Point","coordinates":[56.70044,24.21691]}},{"type":"Feature","properties":{"i":0.05},"geometry":{"type":"Point","coordinates":[56.76636,24.21691]}},{"type":"Feature","properties":{"i":0.14},"geometry":{"type":"Point","coordinates":[56.78833,24.21691]}},{"type":"Feature","properties":{"i":1},"geometry":{"type":"Point","coordinates":[56.8103,24.21691]}},{"type":"Feature","properties":{"i":1},"geometry":{"type":"Point","coordinates":[56.83228,24.21691]}},{"type":"Feature","properties":{"i":0.78},"geometry":{"type":"Point","coordinates":[56.85425,24.21691]}},{"type":"Feature","properties":{"i":0.4},"geometry":{"type":"Point","coordinates":[56.87622,24.21691]}},{"type":"Feature","properties":{"i":0.02},"geometry":{"type":"Point","coordinates":[56.89819,24.21691]}},{"type":"Feature","properties":{"i":0.88},"geometry":{"type":"Point","coordinates":[56.26099,24.19687]}},{"type":"Feature","properties":{"i":0.85},"geometry":{"type":"Point","coordinates":[56.28296,24.19687]}},{"type":"Feature","properties":{"i":0.69},"geometry":{"type":"Point","coordinates":[56.30493,24.19687]}},{"type":"Feature","properties":{"i":0.11},"geometry":{"type":"Point","coordinates":[56.3269,24.19687]}},{"type":"Feature","properties":{"i":0.02},"geometry":{"type":"Point","coordinates":[56.78833,24.19687]}},{"type":"Feature","properties":{"i":0.34},"geometry":{"type":"Point","coordinates":[56.8103,24.19687]}},{"type":"Feature","properties":{"i":0.63},"geometry":{"type":"Point","coordinates":[56.83228,24.19687]}},{"type":"Feature","properties":{"i":0.8},"geometry":{"type":"Point","coordinates":[56.85425,24.19687]}},{"type":"Feature","properties":{"i":0.92},"geometry":{"type":"Point","coordinates":[56.87622,24.19687]}},{"type":"Feature","properties":{"i":0.18},"geometry":{"type":"Point","coordinates":[56.89819,24.19687]}},{"type":"Feature","properties":{"i":0.04},"geometry":{"type":"Point","coordinates":[56.26099,24.17683]}},{"type":"Feature","properties":{"i":0.03},"geometry":{"type":"Point","coordinates":[56.78833,24.17683]}},{"type":"Feature","properties":{"i":0.8},"geometry":{"type":"Point","coordinates":[56.8103,24.17683]}},{"type":"Feature","properties":{"i":0.64},"geometry":{"type":"Point","coordinates":[56.83228,24.17683]}},{"type":"Feature","properties":{"i":0.91},"geometry":{"type":"Point","coordinates":[56.85425,24.17683]}},{"type":"Feature","properties":{"i":1},"geometry":{"type":"Point","coordinates":[56.87622,24.17683]}},{"type":"Feature","properties":{"i":1},"geometry":{"type":"Point","coordinates":[56.89819,24.17683]}},{"type":"Feature","properties":{"i":0.19},"geometry":{"type":"Point","coordinates":[56.92017,24.17683]}},{"type":"Feature","properties":{"i":0.27},"geometry":{"type":"Point","coordinates":[56.8103,24.15678]}},{"type":"Feature","properties":{"i":0.81},"geometry":{"type":"Point","coordinates":[56.83228,24.15678]}},{"type":"Feature","properties":{"i":0.88},"geometry":{"type":"Point","coordinates":[56.85425,24.15678]}},{"type":"Feature","properties":{"i":1},"geometry":{"type":"Point","coordinates":[56.87622,24.15678]}},{"type":"Feature","properties":{"i":1},"geometry":{"type":"Point","coordinates":[56.89819,24.15678]}},{"type":"Feature","properties":{"i":0.41},"geometry":{"type":"Point","coordinates":[56.92017,24.15678]}},{"type":"Feature","properties":{"i":0.07},"geometry":{"type":"Point","coordinates":[56.94214,24.15678]}},{"type":"Feature","properties":{"i":0.42},"geometry":{"type":"Point","coordinates":[56.8103,24.13673]}},{"type":"Feature","properties":{"i":0.69},"geometry":{"type":"Point","coordinates":[56.83228,24.13673]}},{"type":"Feature","properties":{"i":0.91},"geometry":{"type":"Point","coordinates":[56.85425,24.13673]}},{"type":"Feature","properties":{"i":1},"geometry":{"type":"Point","coordinates":[56.87622,24.13673]}},{"type":"Feature","properties":{"i":0.95},"geometry":{"type":"Point","coordinates":[56.89819,24.13673]}},{"type":"Feature","properties":{"i":0.9},"geometry":{"type":"Point","coordinates":[56.92017,24.13673]}},{"type":"Feature","properties":{"i":0.22},"geometry":{"type":"Point","coordinates":[56.94214,24.13673]}},{"type":"Feature","properties":{"i":0.02},"geometry":{"type":"Point","coordinates":[56.96411,24.13673]}},{"type":"Feature","properties":{"i":0.1},"geometry":{"type":"Point","coordinates":[56.78833,24.11667]}},{"type":"Feature","properties":{"i":0.88},"geometry":{"type":"Point","coordinates":[56.8103,24.11667]}},{"type":"Feature","properties":{"i":0.82},"geometry":{"type":"Point","coordinates":[56.83228,24.11667]}},{"type":"Feature","properties":{"i":0.89},"geometry":{"type":"Point","coordinates":[56.85425,24.11667]}},{"type":"Feature","properties":{"i":0.64},"geometry":{"type":"Point","coordinates":[56.87622,24.11667]}},{"type":"Feature","properties":{"i":1},"geometry":{"type":"Point","coordinates":[56.89819,24.11667]}},{"type":"Feature","properties":{"i":1},"geometry":{"type":"Point","coordinates":[56.92017,24.11667]}},{"type":"Feature","properties":{"i":1},"geometry":{"type":"Point","coordinates":[56.94214,24.11667]}},{"type":"Feature","properties":{"i":0.22},"geometry":{"type":"Point","coordinates":[56.96411,24.11667]}},{"type":"Feature","properties":{"i":0.48},"geometry":{"type":"Point","coordinates":[56.78833,24.09662]}},{"type":"Feature","properties":{"i":0.84},"geometry":{"type":"Point","coordinates":[56.8103,24.09662]}},{"type":"Feature","properties":{"i":0.72},"geometry":{"type":"Point","coordinates":[56.83228,24.09662]}},{"type":"Feature","properties":{"i":0.64},"geometry":{"type":"Point","coordinates":[56.85425,24.09662]}},{"type":"Feature","properties":{"i":0.48},"geometry":{"type":"Point","coordinates":[56.87622,24.09662]}},{"type":"Feature","properties":{"i":0.68},"geometry":{"type":"Point","coordinates":[56.89819,24.09662]}},{"type":"Feature","properties":{"i":1},"geometry":{"type":"Point","coordinates":[56.92017,24.09662]}},{"type":"Feature","properties":{"i":0.97},"geometry":{"type":"Point","coordinates":[56.94214,24.09662]}},{"type":"Feature","properties":{"i":0.85},"geometry":{"type":"Point","coordinates":[56.96411,24.09662]}},{"type":"Feature","properties":{"i":0.28},"geometry":{"type":"Point","coordinates":[56.98608,24.09662]}},{"type":"Feature","properties":{"i":0.02},"geometry":{"type":"Point","coordinates":[57.00806,24.09662]}},{"type":"Feature","properties":{"i":0.3},"geometry":{"type":"Point","coordinates":[56.41479,24.07656]}},{"type":"Feature","properties":{"i":0.11},"geometry":{"type":"Point","coordinates":[56.74438,24.07656]}},{"type":"Feature","properties":{"i":0.8},"geometry":{"type":"Point","coordinates":[56.76636,24.07656]}},{"type":"Feature","properties":{"i":0.95},"geometry":{"type":"Point","coordinates":[56.78833,24.07656]}},{"type":"Feature","properties":{"i":0.67},"geometry":{"type":"Point","coordinates":[56.8103,24.07656]}},{"type":"Feature","properties":{"i":0.05},"geometry":{"type":"Point","coordinates":[56.83228,24.07656]}},{"type":"Feature","properties":{"i":0.05},"geometry":{"type":"Point","coordinates":[56.85425,24.07656]}},{"type":"Feature","properties":{"i":0.1},"geometry":{"type":"Point","coordinates":[56.87622,24.07656]}},{"type":"Feature","properties":{"i":0.67},"geometry":{"type":"Point","coordinates":[56.89819,24.07656]}},{"type":"Feature","properties":{"i":0.87},"geometry":{"type":"Point","coordinates":[56.92017,24.07656]}},{"type":"Feature","properties":{"i":1},"geometry":{"type":"Point","coordinates":[56.94214,24.07656]}},{"type":"Feature","properties":{"i":1},"geometry":{"type":"Point","coordinates":[56.96411,24.07656]}},{"type":"Feature","properties":{"i":0.88},"geometry":{"type":"Point","coordinates":[56.98608,24.07656]}},{"type":"Feature","properties":{"i":0.28},"geometry":{"type":"Point","coordinates":[57.00806,24.07656]}},{"type":"Feature","properties":{"i":0.08},"geometry":{"type":"Point","coordinates":[57.03003,24.07656]}},{"type":"Feature","properties":{"i":0.13},"geometry":{"type":"Point","coordinates":[56.70044,24.0565]}},{"type":"Feature","properties":{"i":0.09},"geometry":{"type":"Point","coordinates":[56.72241,24.0565]}},{"type":"Feature","properties":{"i":0.02},"geometry":{"type":"Point","coordinates":[56.74438,24.0565]}},{"type":"Feature","properties":{"i":0.71},"geometry":{"type":"Point","coordinates":[56.76636,24.0565]}},{"type":"Feature","properties":{"i":0.85},"geometry":{"type":"Point","coordinates":[56.78833,24.0565]}},{"type":"Feature","properties":{"i":0.13},"geometry":{"type":"Point","coordinates":[56.8103,24.0565]}},{"type":"Feature","properties":{"i":0.17},"geometry":{"type":"Point","coordinates":[56.89819,24.0565]}},{"type":"Feature","properties":{"i":0.64},"geometry":{"type":"Point","coordinates":[56.92017,24.0565]}},{"type":"Feature","properties":{"i":0.59},"geometry":{"type":"Point","coordinates":[56.94214,24.0565]}},{"type":"Feature","properties":{"i":1},"geometry":{"type":"Point","coordinates":[56.96411,24.0565]}},{"type":"Feature","properties":{"i":0.93},"geometry":{"type":"Point","coordinates":[56.98608,24.0565]}},{"type":"Feature","properties":{"i":0.86},"geometry":{"type":"Point","coordinates":[57.00806,24.0565]}},{"type":"Feature","properties":{"i":0.46},"geometry":{"type":"Point","coordinates":[57.03003,24.0565]}},{"type":"Feature","properties":{"i":0.07},"geometry":{"type":"Point","coordinates":[57.052,24.0565]}},{"type":"Feature","properties":{"i":0.09},"geometry":{"type":"Point","coordinates":[56.70044,24.03643]}},{"type":"Feature","properties":{"i":0.71},"geometry":{"type":"Point","coordinates":[56.76636,24.03643]}},{"type":"Feature","properties":{"i":0.74},"geometry":{"type":"Point","coordinates":[56.78833,24.03643]}},{"type":"Feature","properties":{"i":0.15},"geometry":{"type":"Point","coordinates":[56.89819,24.03643]}},{"type":"Feature","properties":{"i":0.21},"geometry":{"type":"Point","coordinates":[56.92017,24.03643]}},{"type":"Feature","properties":{"i":0.6},"geometry":{"type":"Point","coordinates":[56.94214,24.03643]}},{"type":"Feature","properties":{"i":1},"geometry":{"type":"Point","coordinates":[56.96411,24.03643]}},{"type":"Feature","properties":{"i":1},"geometry":{"type":"Point","coordinates":[56.98608,24.03643]}},{"type":"Feature","properties":{"i":0.96},"geometry":{"type":"Point","coordinates":[57.00806,24.03643]}},{"type":"Feature","properties":{"i":0.95},"geometry":{"type":"Point","coordinates":[57.03003,24.03643]}},{"type":"Feature","properties":{"i":0.65},"geometry":{"type":"Point","coordinates":[57.052,24.03643]}},{"type":"Feature","properties":{"i":0.03},"geometry":{"type":"Point","coordinates":[57.07397,24.03643]}},{"type":"Feature","properties":{"i":0.02},"geometry":{"type":"Point","coordinates":[56.54663,24.01636]}},{"type":"Feature","properties":{"i":0.38},"geometry":{"type":"Point","coordinates":[56.70044,24.01636]}},{"type":"Feature","properties":{"i":0.11},"geometry":{"type":"Point","coordinates":[56.76636,24.01636]}},{"type":"Feature","properties":{"i":0.02},"geometry":{"type":"Point","coordinates":[56.89819,24.01636]}},{"type":"Feature","properties":{"i":0.33},"geometry":{"type":"Point","coordinates":[56.92017,24.01636]}},{"type":"Feature","properties":{"i":0.18},"geometry":{"type":"Point","coordinates":[56.94214,24.01636]}},{"type":"Feature","properties":{"i":0.76},"geometry":{"type":"Point","coordinates":[56.96411,24.01636]}},{"type":"Feature","properties":{"i":0.76},"geometry":{"type":"Point","coordinates":[56.98608,24.01636]}},{"type":"Feature","properties":{"i":0.51},"geometry":{"type":"Point","coordinates":[57.00806,24.01636]}},{"type":"Feature","properties":{"i":0.74},"geometry":{"type":"Point","coordinates":[57.03003,24.01636]}},{"type":"Feature","properties":{"i":0.84},"geometry":{"type":"Point","coordinates":[57.052,24.01636]}},{"type":"Feature","properties":{"i":0.97},"geometry":{"type":"Point","coordinates":[57.07397,24.01636]}},{"type":"Feature","properties":{"i":0.36},"geometry":{"type":"Point","coordinates":[57.09595,24.01636]}},{"type":"Feature","properties":{"i":0.46},"geometry":{"type":"Point","coordinates":[56.52466,23.99629]}},{"type":"Feature","properties":{"i":0.31},"geometry":{"type":"Point","coordinates":[56.65649,23.99629]}},{"type":"Feature","properties":{"i":0.66},"geometry":{"type":"Point","coordinates":[56.78833,23.99629]}},{"type":"Feature","properties":{"i":0.42},"geometry":{"type":"Point","coordinates":[56.8103,23.99629]}},{"type":"Feature","properties":{"i":0.08},"geometry":{"type":"Point","coordinates":[56.94214,23.99629]}},{"type":"Feature","properties":{"i":0.81},"geometry":{"type":"Point","coordinates":[56.96411,23.99629]}},{"type":"Feature","properties":{"i":0.64},"geometry":{"type":"Point","coordinates":[56.98608,23.99629]}},{"type":"Feature","properties":{"i":0.21},"geometry":{"type":"Point","coordinates":[57.00806,23.99629]}},{"type":"Feature","properties":{"i":0.55},"geometry":{"type":"Point","coordinates":[57.03003,23.99629]}},{"type":"Feature","properties":{"i":0.85},"geometry":{"type":"Point","coordinates":[57.052,23.99629]}},{"type":"Feature","properties":{"i":1},"geometry":{"type":"Point","coordinates":[57.07397,23.99629]}},{"type":"Feature","properties":{"i":1},"geometry":{"type":"Point","coordinates":[57.09595,23.99629]}},{"type":"Feature","properties":{"i":0.16},"geometry":{"type":"Point","coordinates":[57.11792,23.99629]}},{"type":"Feature","properties":{"i":0.02},"geometry":{"type":"Point","coordinates":[57.13989,23.99629]}},{"type":"Feature","properties":{"i":0.47},"geometry":{"type":"Point","coordinates":[56.50269,23.97621]}},{"type":"Feature","properties":{"i":0.54},"geometry":{"type":"Point","coordinates":[56.52466,23.97621]}},{"type":"Feature","properties":{"i":0.45},"geometry":{"type":"Point","coordinates":[56.94214,23.97621]}},{"type":"Feature","properties":{"i":0.56},"geometry":{"type":"Point","coordinates":[56.96411,23.97621]}},{"type":"Feature","properties":{"i":0.09},"geometry":{"type":"Point","coordinates":[56.98608,23.97621]}},{"type":"Feature","properties":{"i":0.14},"geometry":{"type":"Point","coordinates":[57.00806,23.97621]}},{"type":"Feature","properties":{"i":0.17},"geometry":{"type":"Point","coordinates":[57.03003,23.97621]}},{"type":"Feature","properties":{"i":0.67},"geometry":{"type":"Point","coordinates":[57.052,23.97621]}},{"type":"Feature","properties":{"i":0.93},"geometry":{"type":"Point","coordinates":[57.07397,23.97621]}},{"type":"Feature","properties":{"i":1},"geometry":{"type":"Point","coordinates":[57.09595,23.97621]}},{"type":"Feature","properties":{"i":1},"geometry":{"type":"Point","coordinates":[57.11792,23.97621]}},{"type":"Feature","properties":{"i":0.35},"geometry":{"type":"Point","coordinates":[57.13989,23.97621]}},{"type":"Feature","properties":{"i":0.07},"geometry":{"type":"Point","coordinates":[57.16187,23.97621]}},{"type":"Feature","properties":{"i":0.55},"geometry":{"type":"Point","coordinates":[56.72241,23.95614]}},{"type":"Feature","properties":{"i":0.22},"geometry":{"type":"Point","coordinates":[56.85425,23.95614]}},{"type":"Feature","properties":{"i":0.04},"geometry":{"type":"Point","coordinates":[56.87622,23.95614]}},{"type":"Feature","properties":{"i":0.09},"geometry":{"type":"Point","coordinates":[56.94214,23.95614]}},{"type":"Feature","properties":{"i":0.24},"geometry":{"type":"Point","coordinates":[56.96411,23.95614]}},{"type":"Feature","properties":{"i":0.17},"geometry":{"type":"Point","coordinates":[56.98608,23.95614]}},{"type":"Feature","properties":{"i":0.08},"geometry":{"type":"Point","coordinates":[57.00806,23.95614]}},{"type":"Feature","properties":{"i":0.23},"geometry":{"type":"Point","coordinates":[57.03003,23.95614]}},{"type":"Feature","properties":{"i":0.87},"geometry":{"type":"Point","coordinates":[57.052,23.95614]}},{"type":"Feature","properties":{"i":1},"geometry":{"type":"Point","coordinates":[57.07397,23.95614]}},{"type":"Feature","properties":{"i":1},"geometry":{"type":"Point","coordinates":[57.09595,23.95614]}},{"type":"Feature","properties":{"i":1},"geometry":{"type":"Point","coordinates":[57.11792,23.95614]}},{"type":"Feature","properties":{"i":0.78},"geometry":{"type":"Point","coordinates":[57.13989,23.95614]}},{"type":"Feature","properties":{"i":0.36},"geometry":{"type":"Point","coordinates":[57.16187,23.95614]}},{"type":"Feature","properties":{"i":0.1},"geometry":{"type":"Point","coordinates":[57.18384,23.95614]}},{"type":"Feature","properties":{"i":0.3},"geometry":{"type":"Point","coordinates":[56.41479,23.93605]}},{"type":"Feature","properties":{"i":0.38},"geometry":{"type":"Point","coordinates":[56.52466,23.93605]}},{"type":"Feature","properties":{"i":0.37},"geometry":{"type":"Point","coordinates":[56.54663,23.93605]}},{"type":"Feature","properties":{"i":0.6},"geometry":{"type":"Point","coordinates":[56.5686,23.93605]}},{"type":"Feature","properties":{"i":0.33},"geometry":{"type":"Point","coordinates":[56.70044,23.93605]}},{"type":"Feature","properties":{"i":0.75},"geometry":{"type":"Point","coordinates":[56.72241,23.93605]}},{"type":"Feature","properties":{"i":0.48},"geometry":{"type":"Point","coordinates":[57.03003,23.93605]}},{"type":"Feature","properties":{"i":0.88},"geometry":{"type":"Point","coordinates":[57.052,23.93605]}},{"type":"Feature","properties":{"i":0.7},"geometry":{"type":"Point","coordinates":[57.07397,23.93605]}},{"type":"Feature","properties":{"i":0.43},"geometry":{"type":"Point","coordinates":[57.09595,23.93605]}},{"type":"Feature","properties":{"i":0.88},"geometry":{"type":"Point","coordinates":[57.11792,23.93605]}},{"type":"Feature","properties":{"i":0.82},"geometry":{"type":"Point","coordinates":[57.13989,23.93605]}},{"type":"Feature","properties":{"i":0.94},"geometry":{"type":"Point","coordinates":[57.16187,23.93605]}},{"type":"Feature","properties":{"i":0.87},"geometry":{"type":"Point","coordinates":[57.18384,23.93605]}},{"type":"Feature","properties":{"i":0.45},"geometry":{"type":"Point","coordinates":[57.20581,23.93605]}},{"type":"Feature","properties":{"i":0.09},"geometry":{"type":"Point","coordinates":[57.22778,23.93605]}},{"type":"Feature","properties":{"i":0.45},"geometry":{"type":"Point","coordinates":[56.52466,23.91597]}},{"type":"Feature","properties":{"i":0.69},"geometry":{"type":"Point","coordinates":[56.54663,23.91597]}},{"type":"Feature","properties":{"i":0.62},"geometry":{"type":"Point","coordinates":[56.5686,23.91597]}},{"type":"Feature","properties":{"i":0.46},"geometry":{"type":"Point","coordinates":[56.70044,23.91597]}},{"type":"Feature","properties":{"i":0.51},"geometry":{"type":"Point","coordinates":[56.72241,23.91597]}},{"type":"Feature","properties":{"i":0.11},"geometry":{"type":"Point","coordinates":[56.8103,23.91597]}},{"type":"Feature","properties":{"i":0.11},"geometry":{"type":"Point","coordinates":[56.83228,23.91597]}},{"type":"Feature","properties":{"i":0.1},"geometry":{"type":"Point","coordinates":[56.98608,23.91597]}},{"type":"Feature","properties":{"i":0.46},"geometry":{"type":"Point","coordinates":[57.00806,23.91597]}},{"type":"Feature","properties":{"i":0.52},"geometry":{"type":"Point","coordinates":[57.03003,23.91597]}},{"type":"Feature","properties":{"i":0.19},"geometry":{"type":"Point","coordinates":[57.052,23.91597]}},{"type":"Feature","properties":{"i":0.17},"geometry":{"type":"Point","coordinates":[57.07397,23.91597]}},{"type":"Feature","properties":{"i":0.41},"geometry":{"type":"Point","coordinates":[57.09595,23.91597]}},{"type":"Feature","properties":{"i":0.72},"geometry":{"type":"Point","coordinates":[57.11792,23.91597]}},{"type":"Feature","properties":{"i":0.88},"geometry":{"type":"Point","coordinates":[57.13989,23.91597]}},{"type":"Feature","properties":{"i":1},"geometry":{"type":"Point","coordinates":[57.16187,23.91597]}},{"type":"Feature","properties":{"i":0.98},"geometry":{"type":"Point","coordinates":[57.18384,23.91597]}},{"type":"Feature","properties":{"i":0.78},"geometry":{"type":"Point","coordinates":[57.20581,23.91597]}},{"type":"Feature","properties":{"i":0.65},"geometry":{"type":"Point","coordinates":[57.22778,23.91597]}},{"type":"Feature","properties":{"i":0.56},"geometry":{"type":"Point","coordinates":[57.24976,23.91597]}},{"type":"Feature","properties":{"i":0.48},"geometry":{"type":"Point","coordinates":[56.52466,23.89588]}},{"type":"Feature","properties":{"i":0.53},"geometry":{"type":"Point","coordinates":[56.54663,23.89588]}},{"type":"Feature","properties":{"i":0.44},"geometry":{"type":"Point","coordinates":[56.5686,23.89588]}},{"type":"Feature","properties":{"i":0.28},"geometry":{"type":"Point","coordinates":[56.59058,23.89588]}},{"type":"Feature","properties":{"i":0.27},"geometry":{"type":"Point","coordinates":[56.61255,23.89588]}},{"type":"Feature","properties":{"i":0.25},"geometry":{"type":"Point","coordinates":[57.00806,23.89588]}},{"type":"Feature","properties":{"i":0.38},"geometry":{"type":"Point","coordinates":[57.03003,23.89588]}},{"type":"Feature","properties":{"i":0.03},"geometry":{"type":"Point","coordinates":[57.052,23.89588]}},{"type":"Feature","properties":{"i":0.11},"geometry":{"type":"Point","coordinates":[57.07397,23.89588]}},{"type":"Feature","properties":{"i":0.78},"geometry":{"type":"Point","coordinates":[57.09595,23.89588]}},{"type":"Feature","properties":{"i":0.64},"geometry":{"type":"Point","coordinates":[57.11792,23.89588]}},{"type":"Feature","properties":{"i":0.76},"geometry":{"type":"Point","coordinates":[57.13989,23.89588]}},{"type":"Feature","properties":{"i":0.76},"geometry":{"type":"Point","coordinates":[57.16187,23.89588]}},{"type":"Feature","properties":{"i":0.65},"geometry":{"type":"Point","coordinates":[57.18384,23.89588]}},{"type":"Feature","properties":{"i":0.83},"geometry":{"type":"Point","coordinates":[57.20581,23.89588]}},{"type":"Feature","properties":{"i":0.81},"geometry":{"type":"Point","coordinates":[57.22778,23.89588]}},{"type":"Feature","properties":{"i":0.79},"geometry":{"type":"Point","coordinates":[57.24976,23.89588]}},{"type":"Feature","properties":{"i":0.19},"geometry":{"type":"Point","coordinates":[56.39282,23.87579]}},{"type":"Feature","properties":{"i":0.38},"geometry":{"type":"Point","coordinates":[56.52466,23.87579]}},{"type":"Feature","properties":{"i":0.45},"geometry":{"type":"Point","coordinates":[56.54663,23.87579]}},{"type":"Feature","properties":{"i":0.26},"geometry":{"type":"Point","coordinates":[56.89819,23.87579]}},{"type":"Feature","properties":{"i":0.26},"geometry":{"type":"Point","coordinates":[56.92017,23.87579]}},{"type":"Feature","properties":{"i":0.39},"geometry":{"type":"Point","coordinates":[57.00806,23.87579]}},{"type":"Feature","properties":{"i":0.22},"geometry":{"type":"Point","coordinates":[57.03003,23.87579]}},{"type":"Feature","properties":{"i":0.12},"geometry":{"type":"Point","coordinates":[57.052,23.87579]}},{"type":"Feature","properties":{"i":0.03},"geometry":{"type":"Point","coordinates":[57.07397,23.87579]}},{"type":"Feature","properties":{"i":0.23},"geometry":{"type":"Point","coordinates":[57.09595,23.87579]}},{"type":"Feature","properties":{"i":0.16},"geometry":{"type":"Point","coordinates":[57.11792,23.87579]}},{"type":"Feature","properties":{"i":0.28},"geometry":{"type":"Point","coordinates":[57.13989,23.87579]}},{"type":"Feature","properties":{"i":0.36},"geometry":{"type":"Point","coordinates":[57.16187,23.87579]}},{"type":"Feature","properties":{"i":0.55},"geometry":{"type":"Point","coordinates":[57.18384,23.87579]}},{"type":"Feature","properties":{"i":0.73},"geometry":{"type":"Point","coordinates":[57.20581,23.87579]}},{"type":"Feature","properties":{"i":0.49},"geometry":{"type":"Point","coordinates":[57.22778,23.87579]}},{"type":"Feature","properties":{"i":0.76},"geometry":{"type":"Point","coordinates":[57.24976,23.87579]}},{"type":"Feature","properties":{"i":0.16},"geometry":{"type":"Point","coordinates":[56.37085,23.8557]}},{"type":"Feature","properties":{"i":0.53},"geometry":{"type":"Point","coordinates":[56.39282,23.8557]}},{"type":"Feature","properties":{"i":0.53},"geometry":{"type":"Point","coordinates":[56.41479,23.8557]}},{"type":"Feature","properties":{"i":0.37},"geometry":{"type":"Point","coordinates":[56.52466,23.8557]}},{"type":"Feature","properties":{"i":0.49},"geometry":{"type":"Point","coordinates":[56.54663,23.8557]}},{"type":"Feature","properties":{"i":0.43},"geometry":{"type":"Point","coordinates":[56.5686,23.8557]}},{"type":"Feature","properties":{"i":0.26},"geometry":{"type":"Point","coordinates":[56.89819,23.8557]}},{"type":"Feature","properties":{"i":0.25},"geometry":{"type":"Point","coordinates":[56.92017,23.8557]}},{"type":"Feature","properties":{"i":0.02},"geometry":{"type":"Point","coordinates":[56.98608,23.8557]}},{"type":"Feature","properties":{"i":0.79},"geometry":{"type":"Point","coordinates":[57.00806,23.8557]}},{"type":"Feature","properties":{"i":0.35},"geometry":{"type":"Point","coordinates":[57.09595,23.8557]}},{"type":"Feature","properties":{"i":0.38},"geometry":{"type":"Point","coordinates":[57.11792,23.8557]}},{"type":"Feature","properties":{"i":0.02},"geometry":{"type":"Point","coordinates":[57.13989,23.8557]}},{"type":"Feature","properties":{"i":0.22},"geometry":{"type":"Point","coordinates":[57.16187,23.8557]}},{"type":"Feature","properties":{"i":0.35},"geometry":{"type":"Point","coordinates":[57.18384,23.8557]}},{"type":"Feature","properties":{"i":0.35},"geometry":{"type":"Point","coordinates":[57.20581,23.8557]}},{"type":"Feature","properties":{"i":0.38},"geometry":{"type":"Point","coordinates":[57.22778,23.8557]}},{"type":"Feature","properties":{"i":0.52},"geometry":{"type":"Point","coordinates":[57.24976,23.8557]}},{"type":"Feature","properties":{"i":0.33},"geometry":{"type":"Point","coordinates":[56.41479,23.8356]}},{"type":"Feature","properties":{"i":0.42},"geometry":{"type":"Point","coordinates":[56.5686,23.8356]}},{"type":"Feature","properties":{"i":0.25},"geometry":{"type":"Point","coordinates":[56.59058,23.8356]}},{"type":"Feature","properties":{"i":0.21},"geometry":{"type":"Point","coordinates":[56.63452,23.8356]}},{"type":"Feature","properties":{"i":0.72},"geometry":{"type":"Point","coordinates":[56.96411,23.8356]}},{"type":"Feature","properties":{"i":0.72},"geometry":{"type":"Point","coordinates":[56.98608,23.8356]}},{"type":"Feature","properties":{"i":0.6},"geometry":{"type":"Point","coordinates":[57.00806,23.8356]}},{"type":"Feature","properties":{"i":0.75},"geometry":{"type":"Point","coordinates":[57.09595,23.8356]}},{"type":"Feature","properties":{"i":0.39},"geometry":{"type":"Point","coordinates":[57.11792,23.8356]}},{"type":"Feature","properties":{"i":0.02},"geometry":{"type":"Point","coordinates":[57.20581,23.8356]}},{"type":"Feature","properties":{"i":0.04},"geometry":{"type":"Point","coordinates":[57.24976,23.8356]}},{"type":"Feature","properties":{"i":0.42},"geometry":{"type":"Point","coordinates":[56.39282,23.8155]}},{"type":"Feature","properties":{"i":0.22},"geometry":{"type":"Point","coordinates":[56.41479,23.8155]}},{"type":"Feature","properties":{"i":0.25},"geometry":{"type":"Point","coordinates":[56.61255,23.8155]}},{"type":"Feature","properties":{"i":0.37},"geometry":{"type":"Point","coordinates":[56.96411,23.8155]}},{"type":"Feature","properties":{"i":0.67},"geometry":{"type":"Point","coordinates":[56.98608,23.8155]}},{"type":"Feature","properties":{"i":0.04},"geometry":{"type":"Point","coordinates":[57.00806,23.8155]}},{"type":"Feature","properties":{"i":0.18},"geometry":{"type":"Point","coordinates":[57.09595,23.8155]}},{"type":"Feature","properties":{"i":0.04},"geometry":{"type":"Point","coordinates":[57.11792,23.8155]}},{"type":"Feature","properties":{"i":0.21},"geometry":{"type":"Point","coordinates":[57.13989,23.8155]}},{"type":"Feature","properties":{"i":0.51},"geometry":{"type":"Point","coordinates":[57.16187,23.8155]}},{"type":"Feature","properties":{"i":0.26},"geometry":{"type":"Point","coordinates":[56.39282,23.7954]}},{"type":"Feature","properties":{"i":0.11},"geometry":{"type":"Point","coordinates":[56.85425,23.7954]}},{"type":"Feature","properties":{"i":0.37},"geometry":{"type":"Point","coordinates":[56.87622,23.7954]}},{"type":"Feature","properties":{"i":0.17},"geometry":{"type":"Point","coordinates":[56.89819,23.7954]}},{"type":"Feature","properties":{"i":0.03},"geometry":{"type":"Point","coordinates":[56.96411,23.7954]}},{"type":"Feature","properties":{"i":0.47},"geometry":{"type":"Point","coordinates":[56.98608,23.7954]}},{"type":"Feature","properties":{"i":0.88},"geometry":{"type":"Point","coordinates":[57.13989,23.7954]}},{"type":"Feature","properties":{"i":0.81},"geometry":{"type":"Point","coordinates":[57.16187,23.7954]}},{"type":"Feature","properties":{"i":0.12},"geometry":{"type":"Point","coordinates":[56.61255,23.77529]}},{"type":"Feature","properties":{"i":0.42},"geometry":{"type":"Point","coordinates":[56.63452,23.77529]}},{"type":"Feature","properties":{"i":0.09},"geometry":{"type":"Point","coordinates":[56.65649,23.77529]}},{"type":"Feature","properties":{"i":0.19},"geometry":{"type":"Point","coordinates":[56.87622,23.77529]}},{"type":"Feature","properties":{"i":0.34},"geometry":{"type":"Point","coordinates":[57.09595,23.77529]}},{"type":"Feature","properties":{"i":0.19},"geometry":{"type":"Point","coordinates":[57.24976,23.77529]}},{"type":"Feature","properties":{"i":0.18},"geometry":{"type":"Point","coordinates":[56.83228,23.75518]}},{"type":"Feature","properties":{"i":0.42},"geometry":{"type":"Point","coordinates":[57.11792,23.75518]}},{"type":"Feature","properties":{"i":0.23},"geometry":{"type":"Point","coordinates":[57.03003,23.73507]}},{"type":"Feature","properties":{"i":0.4},"geometry":{"type":"Point","coordinates":[57.052,23.73507]}},{"type":"Feature","properties":{"i":0.67},"geometry":{"type":"Point","coordinates":[57.20581,23.73507]}},{"type":"Feature","properties":{"i":0.63},"geometry":{"type":"Point","coordinates":[57.22778,23.73507]}},{"type":"Feature","properties":{"i":0.18},"geometry":{"type":"Point","coordinates":[56.41479,23.71495]}},{"type":"Feature","properties":{"i":0.3},"geometry":{"type":"Point","coordinates":[57.03003,23.71495]}},{"type":"Feature","properties":{"i":0.22},"geometry":{"type":"Point","coordinates":[57.052,23.71495]}},{"type":"Feature","properties":{"i":0.25},"geometry":{"type":"Point","coordinates":[57.20581,23.71495]}},{"type":"Feature","properties":{"i":0.47},"geometry":{"type":"Point","coordinates":[57.22778,23.71495]}},{"type":"Feature","properties":{"i":0.74},"geometry":{"type":"Point","coordinates":[57.24976,23.71495]}},{"type":"Feature","properties":{"i":0.17},"geometry":{"type":"Point","coordinates":[56.26099,23.69483]}},{"type":"Feature","properties":{"i":0.28},"geometry":{"type":"Point","coordinates":[56.43677,23.69483]}},{"type":"Feature","properties":{"i":0.08},"geometry":{"type":"Point","coordinates":[56.45874,23.69483]}},{"type":"Feature","properties":{"i":0.64},"geometry":{"type":"Point","coordinates":[56.50269,23.69483]}},{"type":"Feature","properties":{"i":0.18},"geometry":{"type":"Point","coordinates":[56.89819,23.69483]}},{"type":"Feature","properties":{"i":0.12},"geometry":{"type":"Point","coordinates":[56.92017,23.69483]}},{"type":"Feature","properties":{"i":0.38},"geometry":{"type":"Point","coordinates":[57.07397,23.69483]}},{"type":"Feature","properties":{"i":0.27},"geometry":{"type":"Point","coordinates":[57.20581,23.69483]}},{"type":"Feature","properties":{"i":0.08},"geometry":{"type":"Point","coordinates":[57.22778,23.69483]}},{"type":"Feature","properties":{"i":0.15},"geometry":{"type":"Point","coordinates":[56.50269,23.67471]}},{"type":"Feature","properties":{"i":0.04},"geometry":{"type":"Point","coordinates":[56.54663,23.67471]}},{"type":"Feature","properties":{"i":0.19},"geometry":{"type":"Point","coordinates":[56.5686,23.67471]}},{"type":"Feature","properties":{"i":0.36},"geometry":{"type":"Point","coordinates":[56.92017,23.67471]}},{"type":"Feature","properties":{"i":0.37},"geometry":{"type":"Point","coordinates":[57.07397,23.67471]}},{"type":"Feature","properties":{"i":0.03},"geometry":{"type":"Point","coordinates":[57.20581,23.67471]}},{"type":"Feature","properties":{"i":0.05},"geometry":{"type":"Point","coordinates":[57.22778,23.67471]}},{"type":"Feature","properties":{"i":0.55},"geometry":{"type":"Point","coordinates":[56.3269,23.65459]}},{"type":"Feature","properties":{"i":0.45},"geometry":{"type":"Point","coordinates":[56.34888,23.65459]}},{"type":"Feature","properties":{"i":0.35},"geometry":{"type":"Point","coordinates":[56.48071,23.65459]}},{"type":"Feature","properties":{"i":0.11},"geometry":{"type":"Point","coordinates":[56.52466,23.65459]}},{"type":"Feature","properties":{"i":0.58},"geometry":{"type":"Point","coordinates":[56.54663,23.65459]}},{"type":"Feature","properties":{"i":0.15},"geometry":{"type":"Point","coordinates":[56.5686,23.65459]}},{"type":"Feature","properties":{"i":0.07},"geometry":{"type":"Point","coordinates":[56.59058,23.65459]}},{"type":"Feature","properties":{"i":0.1},"geometry":{"type":"Point","coordinates":[56.76636,23.65459]}},{"type":"Feature","properties":{"i":0.1},"geometry":{"type":"Point","coordinates":[56.78833,23.65459]}},{"type":"Feature","properties":{"i":0.44},"geometry":{"type":"Point","coordinates":[57.09595,23.65459]}},{"type":"Feature","properties":{"i":0.19},"geometry":{"type":"Point","coordinates":[57.13989,23.65459]}},{"type":"Feature","properties":{"i":0.18},"geometry":{"type":"Point","coordinates":[57.16187,23.65459]}},{"type":"Feature","properties":{"i":0.03},"geometry":{"type":"Point","coordinates":[57.18384,23.65459]}},{"type":"Feature","properties":{"i":0.45},"geometry":{"type":"Point","coordinates":[56.45874,23.63446]}},{"type":"Feature","properties":{"i":0.44},"geometry":{"type":"Point","coordinates":[56.48071,23.63446]}},{"type":"Feature","properties":{"i":0.4},"geometry":{"type":"Point","coordinates":[56.50269,23.63446]}},{"type":"Feature","properties":{"i":0.71},"geometry":{"type":"Point","coordinates":[56.52466,23.63446]}},{"type":"Feature","properties":{"i":0.76},"geometry":{"type":"Point","coordinates":[56.54663,23.63446]}},{"type":"Feature","properties":{"i":0.12},"geometry":{"type":"Point","coordinates":[56.5686,23.63446]}},{"type":"Feature","properties":{"i":0.12},"geometry":{"type":"Point","coordinates":[56.61255,23.63446]}},{"type":"Feature","properties":{"i":0.18},"geometry":{"type":"Point","coordinates":[56.63452,23.63446]}},{"type":"Feature","properties":{"i":0.11},"geometry":{"type":"Point","coordinates":[56.65649,23.63446]}},{"type":"Feature","properties":{"i":0.07},"geometry":{"type":"Point","coordinates":[56.78833,23.63446]}},{"type":"Feature","properties":{"i":0.34},"geometry":{"type":"Point","coordinates":[56.8103,23.63446]}},{"type":"Feature","properties":{"i":0.65},"geometry":{"type":"Point","coordinates":[57.11792,23.63446]}},{"type":"Feature","properties":{"i":0.68},"geometry":{"type":"Point","coordinates":[57.13989,23.63446]}},{"type":"Feature","properties":{"i":0.42},"geometry":{"type":"Point","coordinates":[56.41479,23.61433]}},{"type":"Feature","properties":{"i":0.38},"geometry":{"type":"Point","coordinates":[56.48071,23.61433]}},{"type":"Feature","properties":{"i":0.33},"geometry":{"type":"Point","coordinates":[56.50269,23.61433]}},{"type":"Feature","properties":{"i":0.49},"geometry":{"type":"Point","coordinates":[56.52466,23.61433]}},{"type":"Feature","properties":{"i":0.66},"geometry":{"type":"Point","coordinates":[56.54663,23.61433]}},{"type":"Feature","properties":{"i":0.71},"geometry":{"type":"Point","coordinates":[56.5686,23.61433]}},{"type":"Feature","properties":{"i":0.11},"geometry":{"type":"Point","coordinates":[56.59058,23.61433]}},{"type":"Feature","properties":{"i":0.04},"geometry":{"type":"Point","coordinates":[56.61255,23.61433]}},{"type":"Feature","properties":{"i":0.25},"geometry":{"type":"Point","coordinates":[56.8103,23.61433]}},{"type":"Feature","properties":{"i":0.36},"geometry":{"type":"Point","coordinates":[56.45874,23.59419]}},{"type":"Feature","properties":{"i":0.42},"geometry":{"type":"Point","coordinates":[56.52466,23.59419]}},{"type":"Feature","properties":{"i":0.83},"geometry":{"type":"Point","coordinates":[56.54663,23.59419]}},{"type":"Feature","properties":{"i":0.65},"geometry":{"type":"Point","coordinates":[56.5686,23.59419]}},{"type":"Feature","properties":{"i":0.52},"geometry":{"type":"Point","coordinates":[56.59058,23.59419]}},{"type":"Feature","properties":{"i":0.02},"geometry":{"type":"Point","coordinates":[56.61255,23.59419]}},{"type":"Feature","properties":{"i":0.17},"geometry":{"type":"Point","coordinates":[56.63452,23.59419]}},{"type":"Feature","properties":{"i":0.17},"geometry":{"type":"Point","coordinates":[56.65649,23.59419]}},{"type":"Feature","properties":{"i":0.16},"geometry":{"type":"Point","coordinates":[57.22778,23.59419]}},{"type":"Feature","properties":{"i":0.88},"geometry":{"type":"Point","coordinates":[56.26099,23.57406]}},{"type":"Feature","properties":{"i":0.63},"geometry":{"type":"Point","coordinates":[56.28296,23.57406]}},{"type":"Feature","properties":{"i":0.84},"geometry":{"type":"Point","coordinates":[56.52466,23.57406]}},{"type":"Feature","properties":{"i":0.82},"geometry":{"type":"Point","coordinates":[56.54663,23.57406]}},{"type":"Feature","properties":{"i":0.92},"geometry":{"type":"Point","coordinates":[56.5686,23.57406]}},{"type":"Feature","properties":{"i":0.73},"geometry":{"type":"Point","coordinates":[56.59058,23.57406]}},{"type":"Feature","properties":{"i":0.02},"geometry":{"type":"Point","coordinates":[56.61255,23.57406]}},{"type":"Feature","properties":{"i":0.57},"geometry":{"type":"Point","coordinates":[56.63452,23.57406]}},{"type":"Feature","properties":{"i":0.28},"geometry":{"type":"Point","coordinates":[56.65649,23.57406]}},{"type":"Feature","properties":{"i":0.27},"geometry":{"type":"Point","coordinates":[57.18384,23.57406]}},{"type":"Feature","properties":{"i":0.71},"geometry":{"type":"Point","coordinates":[57.20581,23.57406]}},{"type":"Feature","properties":{"i":0.16},"geometry":{"type":"Point","coordinates":[57.22778,23.57406]}},{"type":"Feature","properties":{"i":0.03},"geometry":{"type":"Point","coordinates":[57.24976,23.57406]}},{"type":"Feature","properties":{"i":1},"geometry":{"type":"Point","coordinates":[56.26099,23.55392]}},{"type":"Feature","properties":{"i":0.7},"geometry":{"type":"Point","coordinates":[56.28296,23.55392]}},{"type":"Feature","properties":{"i":0.14},"geometry":{"type":"Point","coordinates":[56.30493,23.55392]}},{"type":"Feature","properties":{"i":0.34},"geometry":{"type":"Point","coordinates":[56.34888,23.55392]}},{"type":"Feature","properties":{"i":0.33},"geometry":{"type":"Point","coordinates":[56.37085,23.55392]}},{"type":"Feature","properties":{"i":0.37},"geometry":{"type":"Point","coordinates":[56.52466,23.55392]}},{"type":"Feature","properties":{"i":0.22},"geometry":{"type":"Point","coordinates":[56.54663,23.55392]}},{"type":"Feature","properties":{"i":0.58},"geometry":{"type":"Point","coordinates":[56.5686,23.55392]}},{"type":"Feature","properties":{"i":0.71},"geometry":{"type":"Point","coordinates":[56.59058,23.55392]}},{"type":"Feature","properties":{"i":0.09},"geometry":{"type":"Point","coordinates":[56.61255,23.55392]}},{"type":"Feature","properties":{"i":0.1},"geometry":{"type":"Point","coordinates":[56.63452,23.55392]}},{"type":"Feature","properties":{"i":0.03},"geometry":{"type":"Point","coordinates":[56.65649,23.55392]}},{"type":"Feature","properties":{"i":0.23},"geometry":{"type":"Point","coordinates":[56.76636,23.55392]}},{"type":"Feature","properties":{"i":0.47},"geometry":{"type":"Point","coordinates":[56.78833,23.55392]}},{"type":"Feature","properties":{"i":0.31},"geometry":{"type":"Point","coordinates":[57.18384,23.55392]}},{"type":"Feature","properties":{"i":0.15},"geometry":{"type":"Point","coordinates":[57.20581,23.55392]}},{"type":"Feature","properties":{"i":0.19},"geometry":{"type":"Point","coordinates":[57.22778,23.55392]}},{"type":"Feature","properties":{"i":0.86},"geometry":{"type":"Point","coordinates":[56.26099,23.53377]}},{"type":"Feature","properties":{"i":0.9},"geometry":{"type":"Point","coordinates":[56.28296,23.53377]}},{"type":"Feature","properties":{"i":0.51},"geometry":{"type":"Point","coordinates":[56.30493,23.53377]}},{"type":"Feature","properties":{"i":0.85},"geometry":{"type":"Point","coordinates":[56.3269,23.53377]}},{"type":"Feature","properties":{"i":0.9},"geometry":{"type":"Point","coordinates":[56.34888,23.53377]}},{"type":"Feature","properties":{"i":0.5},"geometry":{"type":"Point","coordinates":[56.37085,23.53377]}},{"type":"Feature","properties":{"i":0.49},"geometry":{"type":"Point","coordinates":[56.39282,23.53377]}},{"type":"Feature","properties":{"i":0.22},"geometry":{"type":"Point","coordinates":[56.43677,23.53377]}},{"type":"Feature","properties":{"i":0.38},"geometry":{"type":"Point","coordinates":[56.54663,23.53377]}},{"type":"Feature","properties":{"i":0.53},"geometry":{"type":"Point","coordinates":[56.5686,23.53377]}},{"type":"Feature","properties":{"i":0.63},"geometry":{"type":"Point","coordinates":[56.59058,23.53377]}},{"type":"Feature","properties":{"i":0.72},"geometry":{"type":"Point","coordinates":[56.61255,23.53377]}},{"type":"Feature","properties":{"i":0.38},"geometry":{"type":"Point","coordinates":[56.63452,23.53377]}},{"type":"Feature","properties":{"i":0.07},"geometry":{"type":"Point","coordinates":[56.65649,23.53377]}},{"type":"Feature","properties":{"i":0.44},"geometry":{"type":"Point","coordinates":[56.67847,23.53377]}},{"type":"Feature","properties":{"i":0.32},"geometry":{"type":"Point","coordinates":[56.70044,23.53377]}},{"type":"Feature","properties":{"i":0.12},"geometry":{"type":"Point","coordinates":[56.74438,23.53377]}},{"type":"Feature","properties":{"i":0.22},"geometry":{"type":"Point","coordinates":[56.76636,23.53377]}},{"type":"Feature","properties":{"i":0.17},"geometry":{"type":"Point","coordinates":[57.20581,23.53377]}},{"type":"Feature","properties":{"i":0.16},"geometry":{"type":"Point","coordinates":[57.22778,23.53377]}},{"type":"Feature","properties":{"i":0.27},"geometry":{"type":"Point","coordinates":[56.26099,23.51363]}},{"type":"Feature","properties":{"i":0.16},"geometry":{"type":"Point","coordinates":[56.28296,23.51363]}},{"type":"Feature","properties":{"i":0.14},"geometry":{"type":"Point","coordinates":[56.3269,23.51363]}},{"type":"Feature","properties":{"i":0.08},"geometry":{"type":"Point","coordinates":[56.34888,23.51363]}},{"type":"Feature","properties":{"i":0.25},"geometry":{"type":"Point","coordinates":[56.43677,23.51363]}},{"type":"Feature","properties":{"i":0.84},"geometry":{"type":"Point","coordinates":[56.45874,23.51363]}},{"type":"Feature","properties":{"i":0.67},"geometry":{"type":"Point","coordinates":[56.48071,23.51363]}},{"type":"Feature","properties":{"i":0.96},"geometry":{"type":"Point","coordinates":[56.54663,23.51363]}},{"type":"Feature","properties":{"i":0.53},"geometry":{"type":"Point","coordinates":[56.5686,23.51363]}},{"type":"Feature","properties":{"i":0.36},"geometry":{"type":"Point","coordinates":[56.61255,23.51363]}},{"type":"Feature","properties":{"i":0.56},"geometry":{"type":"Point","coordinates":[56.63452,23.51363]}},{"type":"Feature","properties":{"i":0.35},"geometry":{"type":"Point","coordinates":[56.85425,23.51363]}},{"type":"Feature","properties":{"i":0.19},"geometry":{"type":"Point","coordinates":[56.87622,23.51363]}},{"type":"Feature","properties":{"i":0.11},"geometry":{"type":"Point","coordinates":[56.92017,23.51363]}},{"type":"Feature","properties":{"i":0.25},"geometry":{"type":"Point","coordinates":[56.43677,23.49348]}},{"type":"Feature","properties":{"i":0.33},"geometry":{"type":"Point","coordinates":[56.45874,23.49348]}},{"type":"Feature","properties":{"i":0.33},"geometry":{"type":"Point","coordinates":[56.48071,23.49348]}},{"type":"Feature","properties":{"i":0.69},"geometry":{"type":"Point","coordinates":[56.63452,23.49348]}},{"type":"Feature","properties":{"i":0.67},"geometry":{"type":"Point","coordinates":[56.65649,23.49348]}},{"type":"Feature","properties":{"i":0.1},"geometry":{"type":"Point","coordinates":[56.8103,23.49348]}},{"type":"Feature","properties":{"i":0.33},"geometry":{"type":"Point","coordinates":[56.83228,23.49348]}},{"type":"Feature","properties":{"i":0.63},"geometry":{"type":"Point","coordinates":[56.85425,23.49348]}},{"type":"Feature","properties":{"i":0.11},"geometry":{"type":"Point","coordinates":[56.87622,23.49348]}},{"type":"Feature","properties":{"i":0.19},"geometry":{"type":"Point","coordinates":[56.89819,23.49348]}},{"type":"Feature","properties":{"i":0.28},"geometry":{"type":"Point","coordinates":[57.00806,23.49348]}},{"type":"Feature","properties":{"i":0.69},"geometry":{"type":"Point","coordinates":[56.63452,23.47332]}},{"type":"Feature","properties":{"i":0.62},"geometry":{"type":"Point","coordinates":[56.65649,23.47332]}},{"type":"Feature","properties":{"i":0.33},"geometry":{"type":"Point","coordinates":[56.67847,23.47332]}},{"type":"Feature","properties":{"i":0.23},"geometry":{"type":"Point","coordinates":[56.78833,23.47332]}},{"type":"Feature","properties":{"i":0.18},"geometry":{"type":"Point","coordinates":[56.8103,23.47332]}},{"type":"Feature","properties":{"i":0.22},"geometry":{"type":"Point","coordinates":[56.83228,23.47332]}},{"type":"Feature","properties":{"i":0.18},"geometry":{"type":"Point","coordinates":[57.00806,23.47332]}},{"type":"Feature","properties":{"i":0.24},"geometry":{"type":"Point","coordinates":[56.61255,23.45317]}},{"type":"Feature","properties":{"i":0.71},"geometry":{"type":"Point","coordinates":[56.63452,23.45317]}},{"type":"Feature","properties":{"i":0.64},"geometry":{"type":"Point","coordinates":[56.65649,23.45317]}},{"type":"Feature","properties":{"i":0.02},"geometry":{"type":"Point","coordinates":[56.67847,23.45317]}},{"type":"Feature","properties":{"i":0.19},"geometry":{"type":"Point","coordinates":[56.78833,23.45317]}},{"type":"Feature","properties":{"i":0.12},"geometry":{"type":"Point","coordinates":[56.8103,23.45317]}},{"type":"Feature","properties":{"i":0.1},"geometry":{"type":"Point","coordinates":[57.11792,23.45317]}},{"type":"Feature","properties":{"i":0.46},"geometry":{"type":"Point","coordinates":[56.61255,23.43301]}},{"type":"Feature","properties":{"i":0.83},"geometry":{"type":"Point","coordinates":[56.63452,23.43301]}},{"type":"Feature","properties":{"i":0.76},"geometry":{"type":"Point","coordinates":[56.65649,23.43301]}},{"type":"Feature","properties":{"i":0.25},"geometry":{"type":"Point","coordinates":[56.70044,23.43301]}},{"type":"Feature","properties":{"i":0.55},"geometry":{"type":"Point","coordinates":[56.72241,23.43301]}},{"type":"Feature","properties":{"i":0.5},"geometry":{"type":"Point","coordinates":[56.74438,23.43301]}},{"type":"Feature","properties":{"i":0.51},"geometry":{"type":"Point","coordinates":[56.76636,23.43301]}},{"type":"Feature","properties":{"i":0.27},"geometry":{"type":"Point","coordinates":[56.78833,23.43301]}},{"type":"Feature","properties":{"i":0.34},"geometry":{"type":"Point","coordinates":[57.11792,23.43301]}},{"type":"Feature","properties":{"i":0.19},"geometry":{"type":"Point","coordinates":[57.16187,23.43301]}},{"type":"Feature","properties":{"i":0.15},"geometry":{"type":"Point","coordinates":[57.24976,23.43301]}},{"type":"Feature","properties":{"i":0.03},"geometry":{"type":"Point","coordinates":[56.26099,23.41285]}},{"type":"Feature","properties":{"i":0.11},"geometry":{"type":"Point","coordinates":[56.61255,23.41285]}},{"type":"Feature","properties":{"i":0.64},"geometry":{"type":"Point","coordinates":[56.63452,23.41285]}},{"type":"Feature","properties":{"i":0.23},"geometry":{"type":"Point","coordinates":[56.65649,23.41285]}},{"type":"Feature","properties":{"i":0.79},"geometry":{"type":"Point","coordinates":[56.72241,23.41285]}},{"type":"Feature","properties":{"i":0.8},"geometry":{"type":"Point","coordinates":[56.74438,23.41285]}},{"type":"Feature","properties":{"i":0.49},"geometry":{"type":"Point","coordinates":[56.76636,23.41285]}},{"type":"Feature","properties":{"i":0.34},"geometry":{"type":"Point","coordinates":[57.11792,23.41285]}},{"type":"Feature","properties":{"i":0.3},"geometry":{"type":"Point","coordinates":[57.13989,23.41285]}},{"type":"Feature","properties":{"i":0.12},"geometry":{"type":"Point","coordinates":[57.16187,23.41285]}},{"type":"Feature","properties":{"i":0.19},"geometry":{"type":"Point","coordinates":[57.24976,23.41285]}},{"type":"Feature","properties":{"i":0.59},"geometry":{"type":"Point","coordinates":[56.26099,23.39268]}},{"type":"Feature","properties":{"i":0.64},"geometry":{"type":"Point","coordinates":[56.28296,23.39268]}},{"type":"Feature","properties":{"i":0.04},"geometry":{"type":"Point","coordinates":[56.30493,23.39268]}},{"type":"Feature","properties":{"i":0.69},"geometry":{"type":"Point","coordinates":[56.63452,23.39268]}},{"type":"Feature","properties":{"i":0.74},"geometry":{"type":"Point","coordinates":[56.65649,23.39268]}},{"type":"Feature","properties":{"i":0.69},"geometry":{"type":"Point","coordinates":[56.70044,23.39268]}},{"type":"Feature","properties":{"i":0.78},"geometry":{"type":"Point","coordinates":[56.72241,23.39268]}},{"type":"Feature","properties":{"i":0.84},"geometry":{"type":"Point","coordinates":[56.74438,23.39268]}},{"type":"Feature","properties":{"i":0.02},"geometry":{"type":"Point","coordinates":[56.76636,23.39268]}},{"type":"Feature","properties":{"i":0.12},"geometry":{"type":"Point","coordinates":[56.78833,23.39268]}},{"type":"Feature","properties":{"i":0.34},"geometry":{"type":"Point","coordinates":[56.83228,23.39268]}},{"type":"Feature","properties":{"i":0.38},"geometry":{"type":"Point","coordinates":[56.85425,23.39268]}},{"type":"Feature","properties":{"i":0.41},"geometry":{"type":"Point","coordinates":[56.87622,23.39268]}},{"type":"Feature","properties":{"i":0.41},"geometry":{"type":"Point","coordinates":[56.89819,23.39268]}},{"type":"Feature","properties":{"i":0.44},"geometry":{"type":"Point","coordinates":[56.92017,23.39268]}},{"type":"Feature","properties":{"i":0.42},"geometry":{"type":"Point","coordinates":[56.96411,23.39268]}},{"type":"Feature","properties":{"i":0.47},"geometry":{"type":"Point","coordinates":[56.98608,23.39268]}},{"type":"Feature","properties":{"i":0.37},"geometry":{"type":"Point","coordinates":[57.00806,23.39268]}},{"type":"Feature","properties":{"i":0.27},"geometry":{"type":"Point","coordinates":[57.16187,23.39268]}},{"type":"Feature","properties":{"i":0.4},"geometry":{"type":"Point","coordinates":[57.18384,23.39268]}},{"type":"Feature","properties":{"i":0.55},"geometry":{"type":"Point","coordinates":[57.20581,23.39268]}},{"type":"Feature","properties":{"i":0.16},"geometry":{"type":"Point","coordinates":[57.22778,23.39268]}},{"type":"Feature","properties":{"i":0.22},"geometry":{"type":"Point","coordinates":[57.24976,23.39268]}},{"type":"Feature","properties":{"i":0.75},"geometry":{"type":"Point","coordinates":[56.26099,23.37251]}},{"type":"Feature","properties":{"i":1},"geometry":{"type":"Point","coordinates":[56.28296,23.37251]}},{"type":"Feature","properties":{"i":0.53},"geometry":{"type":"Point","coordinates":[56.30493,23.37251]}},{"type":"Feature","properties":{"i":0.23},"geometry":{"type":"Point","coordinates":[56.63452,23.37251]}},{"type":"Feature","properties":{"i":0.78},"geometry":{"type":"Point","coordinates":[56.65649,23.37251]}},{"type":"Feature","properties":{"i":0.84},"geometry":{"type":"Point","coordinates":[56.67847,23.37251]}},{"type":"Feature","properties":{"i":0.78},"geometry":{"type":"Point","coordinates":[56.70044,23.37251]}},{"type":"Feature","properties":{"i":0.33},"geometry":{"type":"Point","coordinates":[56.72241,23.37251]}},{"type":"Feature","properties":{"i":0.27},"geometry":{"type":"Point","coordinates":[56.83228,23.37251]}},{"type":"Feature","properties":{"i":0.63},"geometry":{"type":"Point","coordinates":[56.85425,23.37251]}},{"type":"Feature","properties":{"i":0.53},"geometry":{"type":"Point","coordinates":[56.87622,23.37251]}},{"type":"Feature","properties":{"i":0.67},"geometry":{"type":"Point","coordinates":[56.89819,23.37251]}},{"type":"Feature","properties":{"i":0.34},"geometry":{"type":"Point","coordinates":[56.92017,23.37251]}},{"type":"Feature","properties":{"i":0.1},"geometry":{"type":"Point","coordinates":[57.00806,23.37251]}},{"type":"Feature","properties":{"i":0.15},"geometry":{"type":"Point","coordinates":[57.18384,23.37251]}},{"type":"Feature","properties":{"i":0.16},"geometry":{"type":"Point","coordinates":[57.20581,23.37251]}},{"type":"Feature","properties":{"i":0.28},"geometry":{"type":"Point","coordinates":[57.22778,23.37251]}},{"type":"Feature","properties":{"i":0.75},"geometry":{"type":"Point","coordinates":[56.26099,23.35234]}},{"type":"Feature","properties":{"i":1},"geometry":{"type":"Point","coordinates":[56.28296,23.35234]}},{"type":"Feature","properties":{"i":0.64},"geometry":{"type":"Point","coordinates":[56.30493,23.35234]}},{"type":"Feature","properties":{"i":0.12},"geometry":{"type":"Point","coordinates":[56.3269,23.35234]}},{"type":"Feature","properties":{"i":0.16},"geometry":{"type":"Point","coordinates":[56.61255,23.35234]}},{"type":"Feature","properties":{"i":0.67},"geometry":{"type":"Point","coordinates":[56.63452,23.35234]}},{"type":"Feature","properties":{"i":0.82},"geometry":{"type":"Point","coordinates":[56.65649,23.35234]}},{"type":"Feature","properties":{"i":0.19},"geometry":{"type":"Point","coordinates":[56.67847,23.35234]}},{"type":"Feature","properties":{"i":0.38},"geometry":{"type":"Point","coordinates":[56.70044,23.35234]}},{"type":"Feature","properties":{"i":0.73},"geometry":{"type":"Point","coordinates":[56.78833,23.35234]}},{"type":"Feature","properties":{"i":0.62},"geometry":{"type":"Point","coordinates":[56.8103,23.35234]}},{"type":"Feature","properties":{"i":0.64},"geometry":{"type":"Point","coordinates":[56.30493,23.33217]}},{"type":"Feature","properties":{"i":0.62},"geometry":{"type":"Point","coordinates":[56.3269,23.33217]}},{"type":"Feature","properties":{"i":0.48},"geometry":{"type":"Point","coordinates":[56.59058,23.33217]}},{"type":"Feature","properties":{"i":0.84},"geometry":{"type":"Point","coordinates":[56.61255,23.33217]}},{"type":"Feature","properties":{"i":0.72},"geometry":{"type":"Point","coordinates":[56.63452,23.33217]}},{"type":"Feature","properties":{"i":0.09},"geometry":{"type":"Point","coordinates":[56.70044,23.33217]}},{"type":"Feature","properties":{"i":0.39},"geometry":{"type":"Point","coordinates":[57.03003,23.33217]}},{"type":"Feature","properties":{"i":0.42},"geometry":{"type":"Point","coordinates":[56.30493,23.31199]}},{"type":"Feature","properties":{"i":0.74},"geometry":{"type":"Point","coordinates":[56.3269,23.31199]}},{"type":"Feature","properties":{"i":0.62},"geometry":{"type":"Point","coordinates":[56.34888,23.31199]}},{"type":"Feature","properties":{"i":0.35},"geometry":{"type":"Point","coordinates":[56.54663,23.31199]}},{"type":"Feature","properties":{"i":0.56},"geometry":{"type":"Point","coordinates":[56.5686,23.31199]}},{"type":"Feature","properties":{"i":0.9},"geometry":{"type":"Point","coordinates":[56.59058,23.31199]}},{"type":"Feature","properties":{"i":1},"geometry":{"type":"Point","coordinates":[56.61255,23.31199]}},{"type":"Feature","properties":{"i":0.63},"geometry":{"type":"Point","coordinates":[56.63452,23.31199]}},{"type":"Feature","properties":{"i":0.55},"geometry":{"type":"Point","coordinates":[56.65649,23.31199]}},{"type":"Feature","properties":{"i":0.08},"geometry":{"type":"Point","coordinates":[56.67847,23.31199]}},{"type":"Feature","properties":{"i":0.13},"geometry":{"type":"Point","coordinates":[56.70044,23.31199]}},{"type":"Feature","properties":{"i":0.45},"geometry":{"type":"Point","coordinates":[56.74438,23.31199]}},{"type":"Feature","properties":{"i":0.58},"geometry":{"type":"Point","coordinates":[56.76636,23.31199]}},{"type":"Feature","properties":{"i":0.36},"geometry":{"type":"Point","coordinates":[57.03003,23.31199]}},{"type":"Feature","properties":{"i":0.61},"geometry":{"type":"Point","coordinates":[56.34888,23.29181]}},{"type":"Feature","properties":{"i":0.68},"geometry":{"type":"Point","coordinates":[56.37085,23.29181]}},{"type":"Feature","properties":{"i":0.64},"geometry":{"type":"Point","coordinates":[56.39282,23.29181]}},{"type":"Feature","properties":{"i":0.39},"geometry":{"type":"Point","coordinates":[56.52466,23.29181]}},{"type":"Feature","properties":{"i":0.95},"geometry":{"type":"Point","coordinates":[56.54663,23.29181]}},{"type":"Feature","properties":{"i":0.87},"geometry":{"type":"Point","coordinates":[56.5686,23.29181]}},{"type":"Feature","properties":{"i":0.76},"geometry":{"type":"Point","coordinates":[56.59058,23.29181]}},{"type":"Feature","properties":{"i":0.76},"geometry":{"type":"Point","coordinates":[56.61255,23.29181]}},{"type":"Feature","properties":{"i":0.44},"geometry":{"type":"Point","coordinates":[56.63452,23.29181]}},{"type":"Feature","properties":{"i":0.45},"geometry":{"type":"Point","coordinates":[56.65649,23.29181]}},{"type":"Feature","properties":{"i":0.57},"geometry":{"type":"Point","coordinates":[56.67847,23.29181]}},{"type":"Feature","properties":{"i":0.47},"geometry":{"type":"Point","coordinates":[56.70044,23.29181]}},{"type":"Feature","properties":{"i":0.15},"geometry":{"type":"Point","coordinates":[56.72241,23.29181]}},{"type":"Feature","properties":{"i":0.28},"geometry":{"type":"Point","coordinates":[56.74438,23.29181]}},{"type":"Feature","properties":{"i":0.33},"geometry":{"type":"Point","coordinates":[56.85425,23.29181]}},{"type":"Feature","properties":{"i":0.37},"geometry":{"type":"Point","coordinates":[56.87622,23.29181]}},{"type":"Feature","properties":{"i":0.64},"geometry":{"type":"Point","coordinates":[56.89819,23.29181]}},{"type":"Feature","properties":{"i":0.49},"geometry":{"type":"Point","coordinates":[56.92017,23.29181]}},{"type":"Feature","properties":{"i":0.16},"geometry":{"type":"Point","coordinates":[56.94214,23.29181]}},{"type":"Feature","properties":{"i":0.95},"geometry":{"type":"Point","coordinates":[56.37085,23.27163]}},{"type":"Feature","properties":{"i":0.85},"geometry":{"type":"Point","coordinates":[56.39282,23.27163]}},{"type":"Feature","properties":{"i":0.14},"geometry":{"type":"Point","coordinates":[56.41479,23.27163]}},{"type":"Feature","properties":{"i":0.3},"geometry":{"type":"Point","coordinates":[56.43677,23.27163]}},{"type":"Feature","properties":{"i":0.38},"geometry":{"type":"Point","coordinates":[56.45874,23.27163]}},{"type":"Feature","properties":{"i":0.68},"geometry":{"type":"Point","coordinates":[56.48071,23.27163]}},{"type":"Feature","properties":{"i":0.57},"geometry":{"type":"Point","coordinates":[56.50269,23.27163]}},{"type":"Feature","properties":{"i":0.89},"geometry":{"type":"Point","coordinates":[56.52466,23.27163]}},{"type":"Feature","properties":{"i":1},"geometry":{"type":"Point","coordinates":[56.54663,23.27163]}},{"type":"Feature","properties":{"i":0.67},"geometry":{"type":"Point","coordinates":[56.5686,23.27163]}},{"type":"Feature","properties":{"i":0.14},"geometry":{"type":"Point","coordinates":[56.59058,23.27163]}},{"type":"Feature","properties":{"i":0.47},"geometry":{"type":"Point","coordinates":[56.70044,23.27163]}},{"type":"Feature","properties":{"i":0.56},"geometry":{"type":"Point","coordinates":[56.72241,23.27163]}},{"type":"Feature","properties":{"i":0.74},"geometry":{"type":"Point","coordinates":[56.74438,23.27163]}},{"type":"Feature","properties":{"i":0.32},"geometry":{"type":"Point","coordinates":[56.87622,23.27163]}},{"type":"Feature","properties":{"i":0.68},"geometry":{"type":"Point","coordinates":[56.89819,23.27163]}},{"type":"Feature","properties":{"i":0.63},"geometry":{"type":"Point","coordinates":[56.92017,23.27163]}},{"type":"Feature","properties":{"i":0.64},"geometry":{"type":"Point","coordinates":[56.94214,23.27163]}},{"type":"Feature","properties":{"i":0.41},"geometry":{"type":"Point","coordinates":[56.96411,23.27163]}},{"type":"Feature","properties":{"i":0.03},"geometry":{"type":"Point","coordinates":[56.37085,23.25144]}},{"type":"Feature","properties":{"i":0.53},"geometry":{"type":"Point","coordinates":[56.39282,23.25144]}},{"type":"Feature","properties":{"i":0.75},"geometry":{"type":"Point","coordinates":[56.41479,23.25144]}},{"type":"Feature","properties":{"i":0.38},"geometry":{"type":"Point","coordinates":[56.43677,23.25144]}},{"type":"Feature","properties":{"i":0.38},"geometry":{"type":"Point","coordinates":[56.45874,23.25144]}},{"type":"Feature","properties":{"i":0.48},"geometry":{"type":"Point","coordinates":[56.48071,23.25144]}},{"type":"Feature","properties":{"i":0.97},"geometry":{"type":"Point","coordinates":[56.50269,23.25144]}},{"type":"Feature","properties":{"i":1},"geometry":{"type":"Point","coordinates":[56.52466,23.25144]}},{"type":"Feature","properties":{"i":0.94},"geometry":{"type":"Point","coordinates":[56.54663,23.25144]}},{"type":"Feature","properties":{"i":0.63},"geometry":{"type":"Point","coordinates":[56.5686,23.25144]}},{"type":"Feature","properties":{"i":0.52},"geometry":{"type":"Point","coordinates":[56.59058,23.25144]}},{"type":"Feature","properties":{"i":0.12},"geometry":{"type":"Point","coordinates":[56.61255,23.25144]}},{"type":"Feature","properties":{"i":0.55},"geometry":{"type":"Point","coordinates":[56.72241,23.25144]}},{"type":"Feature","properties":{"i":0.69},"geometry":{"type":"Point","coordinates":[56.74438,23.25144]}},{"type":"Feature","properties":{"i":0.23},"geometry":{"type":"Point","coordinates":[56.76636,23.25144]}},{"type":"Feature","properties":{"i":0.55},"geometry":{"type":"Point","coordinates":[53.55835,23.23125]}},{"type":"Feature","properties":{"i":0.6},"geometry":{"type":"Point","coordinates":[53.77808,23.23125]}},{"type":"Feature","properties":{"i":0.25},"geometry":{"type":"Point","coordinates":[53.80005,23.23125]}},{"type":"Feature","properties":{"i":0.07},"geometry":{"type":"Point","coordinates":[54.08569,23.23125]}},{"type":"Feature","properties":{"i":0.08},"geometry":{"type":"Point","coordinates":[54.10767,23.23125]}},{"type":"Feature","properties":{"i":0.5},"geometry":{"type":"Point","coordinates":[54.12964,23.23125]}},{"type":"Feature","properties":{"i":0.63},"geometry":{"type":"Point","coordinates":[54.15161,23.23125]}},{"type":"Feature","properties":{"i":0.46},"geometry":{"type":"Point","coordinates":[54.17358,23.23125]}},{"type":"Feature","properties":{"i":0.61},"geometry":{"type":"Point","coordinates":[54.19556,23.23125]}},{"type":"Feature","properties":{"i":0.7},"geometry":{"type":"Point","coordinates":[54.21753,23.23125]}},{"type":"Feature","properties":{"i":1},"geometry":{"type":"Point","coordinates":[54.2395,23.23125]}},{"type":"Feature","properties":{"i":1},"geometry":{"type":"Point","coordinates":[54.26147,23.23125]}},{"type":"Feature","properties":{"i":1},"geometry":{"type":"Point","coordinates":[54.28345,23.23125]}},{"type":"Feature","properties":{"i":1},"geometry":{"type":"Point","coordinates":[54.30542,23.23125]}},{"type":"Feature","properties":{"i":0.83},"geometry":{"type":"Point","coordinates":[54.32739,23.23125]}},{"type":"Feature","properties":{"i":0.92},"geometry":{"type":"Point","coordinates":[54.34937,23.23125]}},{"type":"Feature","properties":{"i":0.45},"geometry":{"type":"Point","coordinates":[54.37134,23.23125]}},{"type":"Feature","properties":{"i":0.3},"geometry":{"type":"Point","coordinates":[54.39331,23.23125]}},{"type":"Feature","properties":{"i":0.15},"geometry":{"type":"Point","coordinates":[54.41528,23.23125]}},{"type":"Feature","properties":{"i":0.14},"geometry":{"type":"Point","coordinates":[54.43726,23.23125]}},{"type":"Feature","properties":{"i":0.08},"geometry":{"type":"Point","coordinates":[54.45923,23.23125]}},{"type":"Feature","properties":{"i":0.44},"geometry":{"type":"Point","coordinates":[54.70093,23.23125]}},{"type":"Feature","properties":{"i":1},"geometry":{"type":"Point","coordinates":[54.7229,23.23125]}},{"type":"Feature","properties":{"i":0.7},"geometry":{"type":"Point","coordinates":[54.74487,23.23125]}},{"type":"Feature","properties":{"i":0.51},"geometry":{"type":"Point","coordinates":[54.76685,23.23125]}},{"type":"Feature","properties":{"i":0.82},"geometry":{"type":"Point","coordinates":[53.77808,23.21106]}},{"type":"Feature","properties":{"i":0.82},"geometry":{"type":"Point","coordinates":[53.80005,23.21106]}},{"type":"Feature","properties":{"i":0.02},"geometry":{"type":"Point","coordinates":[53.82202,23.21106]}},{"type":"Feature","properties":{"i":0.03},"geometry":{"type":"Point","coordinates":[54.10767,23.21106]}},{"type":"Feature","properties":{"i":0.08},"geometry":{"type":"Point","coordinates":[54.12964,23.21106]}},{"type":"Feature","properties":{"i":0.16},"geometry":{"type":"Point","coordinates":[54.15161,23.21106]}},{"type":"Feature","properties":{"i":0.27},"geometry":{"type":"Point","coordinates":[54.17358,23.21106]}},{"type":"Feature","properties":{"i":0.32},"geometry":{"type":"Point","coordinates":[54.19556,23.21106]}},{"type":"Feature","properties":{"i":0.46},"geometry":{"type":"Point","coordinates":[54.21753,23.21106]}},{"type":"Feature","properties":{"i":0.55},"geometry":{"type":"Point","coordinates":[54.2395,23.21106]}},{"type":"Feature","properties":{"i":0.66},"geometry":{"type":"Point","coordinates":[54.26147,23.21106]}},{"type":"Feature","properties":{"i":0.65},"geometry":{"type":"Point","coordinates":[54.28345,23.21106]}},{"type":"Feature","properties":{"i":0.6},"geometry":{"type":"Point","coordinates":[54.30542,23.21106]}},{"type":"Feature","properties":{"i":0.53},"geometry":{"type":"Point","coordinates":[54.32739,23.21106]}},{"type":"Feature","properties":{"i":1},"geometry":{"type":"Point","coordinates":[54.34937,23.21106]}},{"type":"Feature","properties":{"i":1},"geometry":{"type":"Point","coordinates":[54.37134,23.21106]}},{"type":"Feature","properties":{"i":0.28},"geometry":{"type":"Point","coordinates":[54.39331,23.21106]}},{"type":"Feature","properties":{"i":0.15},"geometry":{"type":"Point","coordinates":[54.41528,23.21106]}},{"type":"Feature","properties":{"i":0.09},"geometry":{"type":"Point","coordinates":[54.43726,23.21106]}},{"type":"Feature","properties":{"i":0.02},"geometry":{"type":"Point","coordinates":[54.45923,23.21106]}},{"type":"Feature","properties":{"i":1},"geometry":{"type":"Point","coordinates":[54.7229,23.21106]}},{"type":"Feature","properties":{"i":0.5},"geometry":{"type":"Point","coordinates":[54.74487,23.21106]}},{"type":"Feature","properties":{"i":0.02},"geometry":{"type":"Point","coordinates":[55.36011,23.23125]}},{"type":"Feature","properties":{"i":0.14},"geometry":{"type":"Point","coordinates":[55.38208,23.23125]}},{"type":"Feature","properties":{"i":0.27},"geometry":{"type":"Point","coordinates":[55.40405,23.23125]}},{"type":"Feature","properties":{"i":0.41},"geometry":{"type":"Point","coordinates":[55.42603,23.23125]}},{"type":"Feature","properties":{"i":0.57},"geometry":{"type":"Point","coordinates":[55.448,23.23125]}},{"type":"Feature","properties":{"i":0.53},"geometry":{"type":"Point","coordinates":[55.46997,23.23125]}},{"type":"Feature","properties":{"i":0.31},"geometry":{"type":"Point","coordinates":[55.49194,23.23125]}},{"type":"Feature","properties":{"i":0.22},"geometry":{"type":"Point","coordinates":[55.51392,23.23125]}},{"type":"Feature","properties":{"i":0.07},"geometry":{"type":"Point","coordinates":[55.53589,23.23125]}},{"type":"Feature","properties":{"i":0.04},"geometry":{"type":"Point","coordinates":[55.64575,23.23125]}},{"type":"Feature","properties":{"i":0.03},"geometry":{"type":"Point","coordinates":[55.66772,23.23125]}},{"type":"Feature","properties":{"i":0.15},"geometry":{"type":"Point","coordinates":[55.6897,23.23125]}},{"type":"Feature","properties":{"i":0.05},"geometry":{"type":"Point","coordinates":[55.36011,23.21106]}},{"type":"Feature","properties":{"i":0.19},"geometry":{"type":"Point","coordinates":[55.38208,23.21106]}},{"type":"Feature","properties":{"i":0.42},"geometry":{"type":"Point","coordinates":[55.40405,23.21106]}},{"type":"Feature","properties":{"i":0.79},"geometry":{"type":"Point","coordinates":[55.42603,23.21106]}},{"type":"Feature","properties":{"i":1},"geometry":{"type":"Point","coordinates":[55.448,23.21106]}},{"type":"Feature","properties":{"i":1},"geometry":{"type":"Point","coordinates":[55.46997,23.21106]}},{"type":"Feature","properties":{"i":0.79},"geometry":{"type":"Point","coordinates":[55.49194,23.21106]}},{"type":"Feature","properties":{"i":0.47},"geometry":{"type":"Point","coordinates":[55.51392,23.21106]}},{"type":"Feature","properties":{"i":0.14},"geometry":{"type":"Point","coordinates":[55.53589,23.21106]}},{"type":"Feature","properties":{"i":0.05},"geometry":{"type":"Point","coordinates":[55.55786,23.21106]}},{"type":"Feature","properties":{"i":1},"geometry":{"type":"Point","coordinates":[55.6897,23.21106]}},{"type":"Feature","properties":{"i":1},"geometry":{"type":"Point","coordinates":[56.41479,23.23125]}},{"type":"Feature","properties":{"i":1},"geometry":{"type":"Point","coordinates":[56.43677,23.23125]}},{"type":"Feature","properties":{"i":0.42},"geometry":{"type":"Point","coordinates":[56.45874,23.23125]}},{"type":"Feature","properties":{"i":0.99},"geometry":{"type":"Point","coordinates":[56.48071,23.23125]}},{"type":"Feature","properties":{"i":1},"geometry":{"type":"Point","coordinates":[56.50269,23.23125]}},{"type":"Feature","properties":{"i":1},"geometry":{"type":"Point","coordinates":[56.52466,23.23125]}},{"type":"Feature","properties":{"i":0.6},"geometry":{"type":"Point","coordinates":[56.54663,23.23125]}},{"type":"Feature","properties":{"i":0.68},"geometry":{"type":"Point","coordinates":[56.5686,23.23125]}},{"type":"Feature","properties":{"i":0.64},"geometry":{"type":"Point","coordinates":[56.59058,23.23125]}},{"type":"Feature","properties":{"i":0.49},"geometry":{"type":"Point","coordinates":[56.61255,23.23125]}},{"type":"Feature","properties":{"i":0.05},"geometry":{"type":"Point","coordinates":[56.76636,23.23125]}},{"type":"Feature","properties":{"i":0.33},"geometry":{"type":"Point","coordinates":[56.98608,23.23125]}},{"type":"Feature","properties":{"i":0.38},"geometry":{"type":"Point","coordinates":[57.03003,23.23125]}},{"type":"Feature","properties":{"i":0.52},"geometry":{"type":"Point","coordinates":[57.052,23.23125]}},{"type":"Feature","properties":{"i":0.11},"geometry":{"type":"Point","coordinates":[57.18384,23.23125]}},{"type":"Feature","properties":{"i":0.13},"geometry":{"type":"Point","coordinates":[56.41479,23.21106]}},{"type":"Feature","properties":{"i":0.47},"geometry":{"type":"Point","coordinates":[56.43677,23.21106]}},{"type":"Feature","properties":{"i":1},"geometry":{"type":"Point","coordinates":[56.45874,23.21106]}},{"type":"Feature","properties":{"i":1},"geometry":{"type":"Point","coordinates":[56.48071,23.21106]}},{"type":"Feature","properties":{"i":1},"geometry":{"type":"Point","coordinates":[56.50269,23.21106]}},{"type":"Feature","properties":{"i":1},"geometry":{"type":"Point","coordinates":[56.52466,23.21106]}},{"type":"Feature","properties":{"i":0.87},"geometry":{"type":"Point","coordinates":[56.54663,23.21106]}},{"type":"Feature","properties":{"i":0.64},"geometry":{"type":"Point","coordinates":[56.5686,23.21106]}},{"type":"Feature","properties":{"i":0.75},"geometry":{"type":"Point","coordinates":[56.59058,23.21106]}},{"type":"Feature","properties":{"i":0.86},"geometry":{"type":"Point","coordinates":[56.61255,23.21106]}},{"type":"Feature","properties":{"i":0.63},"geometry":{"type":"Point","coordinates":[56.63452,23.21106]}},{"type":"Feature","properties":{"i":0.62},"geometry":{"type":"Point","coordinates":[56.65649,23.21106]}},{"type":"Feature","properties":{"i":0.23},"geometry":{"type":"Point","coordinates":[56.67847,23.21106]}},{"type":"Feature","properties":{"i":0.53},"geometry":{"type":"Point","coordinates":[56.94214,23.21106]}},{"type":"Feature","properties":{"i":0.64},"geometry":{"type":"Point","coordinates":[56.96411,23.21106]}},{"type":"Feature","properties":{"i":0.44},"geometry":{"type":"Point","coordinates":[56.98608,23.21106]}},{"type":"Feature","properties":{"i":0.26},"geometry":{"type":"Point","coordinates":[57.00806,23.21106]}},{"type":"Feature","properties":{"i":0.19},"geometry":{"type":"Point","coordinates":[57.03003,23.21106]}}]}