{"type":"FeatureCollection","features":[{"type":"Feature","properties":{"i":0.08},"geometry":{"type":"Point","coordinates":[76.6626,19.41479]}},{"type":"Feature","properties":{"i":0.09},"geometry":{"type":"Point","coordinates":[76.70654,19.41479]}},{"type":"Feature","properties":{"i":0.47},"geometry":{"type":"Point","coordinates":[76.79443,19.41479]}},{"type":"Feature","properties":{"i":0.11},"geometry":{"type":"Point","coordinates":[76.88232,19.41479]}},{"type":"Feature","properties":{"i":0.12},"geometry":{"type":"Point","coordinates":[76.92627,19.41479]}},{"type":"Feature","properties":{"i":0.22},"geometry":{"type":"Point","coordinates":[77.01416,19.41479]}},{"type":"Feature","properties":{"i":0.02},"geometry":{"type":"Point","coordinates":[77.05811,19.41479]}},{"type":"Feature","properties":{"i":0.08},"geometry":{"type":"Point","coordinates":[77.146,19.41479]}},{"type":"Feature","properties":{"i":0.03},"geometry":{"type":"Point","coordinates":[77.18994,19.41479]}},{"type":"Feature","properties":{"i":0.19},"geometry":{"type":"Point","coordinates":[77.23389,19.41479]}},{"type":"Feature","properties":{"i":0.13},"geometry":{"type":"Point","coordinates":[77.32178,19.41479]}},{"type":"Feature","properties":{"i":0.09},"geometry":{"type":"Point","coordinates":[77.36572,19.41479]}},{"type":"Feature","properties":{"i":0.39},"geometry":{"type":"Point","coordinates":[77.40967,19.41479]}},{"type":"Feature","properties":{"i":0.07},"geometry":{"type":"Point","coordinates":[77.45361,19.41479]}},{"type":"Feature","properties":{"i":0.08},"geometry":{"type":"Point","coordinates":[77.49756,19.41479]}},{"type":"Feature","properties":{"i":0.11},"geometry":{"type":"Point","coordinates":[77.5415,19.41479]}},{"type":"Feature","properties":{"i":0.21},"geometry":{"type":"Point","coordinates":[77.62939,19.41479]}},{"type":"Feature","properties":{"i":0.08},"geometry":{"type":"Point","coordinates":[77.67334,19.41479]}},{"type":"Feature","properties":{"i":0.07},"geometry":{"type":"Point","coordinates":[77.80518,19.41479]}},{"type":"Feature","properties":{"i":0.15},"geometry":{"type":"Point","coordinates":[77.84912,19.41479]}},{"type":"Feature","properties":{"i":0.64},"geometry":{"type":"Point","coordinates":[77.89307,19.41479]}},{"type":"Feature","properties":{"i":0.04},"geometry":{"type":"Point","coordinates":[77.93701,19.41479]}},{"type":"Feature","properties":{"i":0.08},"geometry":{"type":"Point","coordinates":[78.0249,19.41479]}},{"type":"Feature","properties":{"i":0.18},"geometry":{"type":"Point","coordinates":[78.28857,19.41479]}},{"type":"Feature","properties":{"i":0.47},"geometry":{"type":"Point","coordinates":[78.33252,19.41479]}},{"type":"Feature","properties":{"i":0.12},"geometry":{"type":"Point","coordinates":[78.42041,19.41479]}},{"type":"Feature","properties":{"i":0.65},"geometry":{"type":"Point","coordinates":[78.46436,19.41479]}},{"type":"Feature","properties":{"i":0.43},"geometry":{"type":"Point","coordinates":[78.5083,19.41479]}},{"type":"Feature","properties":{"i":0.08},"geometry":{"type":"Point","coordinates":[78.72803,19.41479]}},{"type":"Feature","properties":{"i":0.19},"geometry":{"type":"Point","coordinates":[76.44287,19.37334]}},{"type":"Feature","properties":{"i":0.3},"geometry":{"type":"Point","coordinates":[76.53076,19.37334]}},{"type":"Feature","properties":{"i":0.05},"geometry":{"type":"Point","coordinates":[76.57471,19.37334]}},{"type":"Feature","properties":{"i":0.22},"geometry":{"type":"Point","coordinates":[76.70654,19.37334]}},{"type":"Feature","properties":{"i":0.1},"geometry":{"type":"Point","coordinates":[76.88232,19.37334]}},{"type":"Feature","properties":{"i":0.23},"geometry":{"type":"Point","coordinates":[76.97021,19.37334]}},{"type":"Feature","properties":{"i":0.15},"geometry":{"type":"Point","coordinates":[77.01416,19.37334]}},{"type":"Feature","properties":{"i":0.1},"geometry":{"type":"Point","coordinates":[77.05811,19.37334]}},{"type":"Feature","properties":{"i":0.07},"geometry":{"type":"Point","coordinates":[77.146,19.37334]}},{"type":"Feature","properties":{"i":0.09},"geometry":{"type":"Point","coordinates":[77.18994,19.37334]}},{"type":"Feature","properties":{"i":0.09},"geometry":{"type":"Point","coordinates":[77.23389,19.37334]}},{"type":"Feature","properties":{"i":0.27},"geometry":{"type":"Point","coordinates":[77.32178,19.37334]}},{"type":"Feature","properties":{"i":0.26},"geometry":{"type":"Point","coordinates":[77.36572,19.37334]}},{"type":"Feature","properties":{"i":0.47},"geometry":{"type":"Point","coordinates":[77.40967,19.37334]}},{"type":"Feature","properties":{"i":0.07},"geometry":{"type":"Point","coordinates":[77.45361,19.37334]}},{"type":"Feature","properties":{"i":0.12},"geometry":{"type":"Point","coordinates":[77.49756,19.37334]}},{"type":"Feature","properties":{"i":0.39},"geometry":{"type":"Point","coordinates":[77.62939,19.37334]}},{"type":"Feature","properties":{"i":0.08},"geometry":{"type":"Point","coordinates":[77.67334,19.37334]}},{"type":"Feature","properties":{"i":0.35},"geometry":{"type":"Point","coordinates":[77.71729,19.37334]}},{"type":"Feature","properties":{"i":0.15},"geometry":{"type":"Point","coordinates":[77.76123,19.37334]}},{"type":"Feature","properties":{"i":0.1},"geometry":{"type":"Point","coordinates":[77.80518,19.37334]}},{"type":"Feature","properties":{"i":0.13},"geometry":{"type":"Point","coordinates":[77.93701,19.37334]}},{"type":"Feature","properties":{"i":0.07},"geometry":{"type":"Point","coordinates":[78.06885,19.37334]}},{"type":"Feature","properties":{"i":0.14},"geometry":{"type":"Point","coordinates":[78.33252,19.37334]}},{"type":"Feature","properties":{"i":0.21},"geometry":{"type":"Point","coordinates":[78.37646,19.37334]}},{"type":"Feature","properties":{"i":0.12},"geometry":{"type":"Point","coordinates":[78.42041,19.37334]}},{"type":"Feature","properties":{"i":0.25},"geometry":{"type":"Point","coordinates":[78.46436,19.37334]}},{"type":"Feature","properties":{"i":0.07},"geometry":{"type":"Point","coordinates":[78.5083,19.37334]}},{"type":"Feature","properties":{"i":0.1},"geometry":{"type":"Point","coordinates":[78.55225,19.37334]}},{"type":"Feature","properties":{"i":0.41},"geometry":{"type":"Point","coordinates":[76.48682,19.33188]}},{"type":"Feature","properties":{"i":0.57},"geometry":{"type":"Point","coordinates":[76.53076,19.33188]}},{"type":"Feature","properties":{"i":0.25},"geometry":{"type":"Point","coordinates":[76.57471,19.33188]}},{"type":"Feature","properties":{"i":0.28},"geometry":{"type":"Point","coordinates":[76.61865,19.33188]}},{"type":"Feature","properties":{"i":0.27},"geometry":{"type":"Point","coordinates":[76.6626,19.33188]}},{"type":"Feature","properties":{"i":0.25},"geometry":{"type":"Point","coordinates":[76.75049,19.33188]}},{"type":"Feature","properties":{"i":0.11},"geometry":{"type":"Point","coordinates":[76.79443,19.33188]}},{"type":"Feature","properties":{"i":0.17},"geometry":{"type":"Point","coordinates":[76.83838,19.33188]}},{"type":"Feature","properties":{"i":0.51},"geometry":{"type":"Point","coordinates":[76.92627,19.33188]}},{"type":"Feature","properties":{"i":0.45},"geometry":{"type":"Point","coordinates":[76.97021,19.33188]}},{"type":"Feature","properties":{"i":0.09},"geometry":{"type":"Point","coordinates":[77.05811,19.33188]}},{"type":"Feature","properties":{"i":0.17},"geometry":{"type":"Point","coordinates":[77.10205,19.33188]}},{"type":"Feature","properties":{"i":0.94},"geometry":{"type":"Point","coordinates":[77.146,19.33188]}},{"type":"Feature","properties":{"i":0.69},"geometry":{"type":"Point","coordinates":[77.18994,19.33188]}},{"type":"Feature","properties":{"i":0.3},"geometry":{"type":"Point","coordinates":[77.23389,19.33188]}},{"type":"Feature","properties":{"i":0.36},"geometry":{"type":"Point","coordinates":[77.27783,19.33188]}},{"type":"Feature","properties":{"i":0.12},"geometry":{"type":"Point","coordinates":[77.32178,19.33188]}},{"type":"Feature","properties":{"i":0.14},"geometry":{"type":"Point","coordinates":[77.36572,19.33188]}},{"type":"Feature","properties":{"i":0.47},"geometry":{"type":"Point","coordinates":[77.40967,19.33188]}},{"type":"Feature","properties":{"i":0.3},"geometry":{"type":"Point","coordinates":[77.58545,19.33188]}},{"type":"Feature","properties":{"i":0.22},"geometry":{"type":"Point","coordinates":[77.76123,19.33188]}},{"type":"Feature","properties":{"i":0.21},"geometry":{"type":"Point","coordinates":[77.80518,19.33188]}},{"type":"Feature","properties":{"i":0.09},"geometry":{"type":"Point","coordinates":[77.84912,19.33188]}},{"type":"Feature","properties":{"i":0.22},"geometry":{"type":"Point","coordinates":[78.11279,19.33188]}},{"type":"Feature","properties":{"i":0.11},"geometry":{"type":"Point","coordinates":[78.20068,19.33188]}},{"type":"Feature","properties":{"i":0.49},"geometry":{"type":"Point","coordinates":[78.33252,19.33188]}},{"type":"Feature","properties":{"i":0.28},"geometry":{"type":"Point","coordinates":[78.37646,19.33188]}},{"type":"Feature","properties":{"i":0.13},"geometry":{"type":"Point","coordinates":[78.42041,19.33188]}},{"type":"Feature","properties":{"i":0.09},"geometry":{"type":"Point","coordinates":[78.46436,19.33188]}},{"type":"Feature","properties":{"i":0.16},"geometry":{"type":"Point","coordinates":[78.5083,19.33188]}},{"type":"Feature","properties":{"i":0.09},"geometry":{"type":"Point","coordinates":[78.77197,19.41479]}},{"type":"Feature","properties":{"i":0.08},"geometry":{"type":"Point","coordinates":[78.81592,19.41479]}},{"type":"Feature","properties":{"i":0.59},"geometry":{"type":"Point","coordinates":[79.29932,19.41479]}},{"type":"Feature","properties":{"i":0.14},"geometry":{"type":"Point","coordinates":[79.82666,19.41479]}},{"type":"Feature","properties":{"i":0.3},"geometry":{"type":"Point","coordinates":[79.9585,19.41479]}},{"type":"Feature","properties":{"i":0.55},"geometry":{"type":"Point","coordinates":[80.00244,19.41479]}},{"type":"Feature","properties":{"i":0.31},"geometry":{"type":"Point","coordinates":[80.04639,19.41479]}},{"type":"Feature","properties":{"i":0.44},"geometry":{"type":"Point","coordinates":[80.09033,19.41479]}},{"type":"Feature","properties":{"i":0.03},"geometry":{"type":"Point","coordinates":[80.13428,19.41479]}},{"type":"Feature","properties":{"i":0.73},"geometry":{"type":"Point","coordinates":[78.77197,19.37334]}},{"type":"Feature","properties":{"i":0.14},"geometry":{"type":"Point","coordinates":[78.81592,19.37334]}},{"type":"Feature","properties":{"i":0.27},"geometry":{"type":"Point","coordinates":[78.90381,19.37334]}},{"type":"Feature","properties":{"i":0.3},"geometry":{"type":"Point","coordinates":[79.25537,19.37334]}},{"type":"Feature","properties":{"i":0.65},"geometry":{"type":"Point","coordinates":[79.29932,19.37334]}},{"type":"Feature","properties":{"i":0.52},"geometry":{"type":"Point","coordinates":[79.4751,19.37334]}},{"type":"Feature","properties":{"i":0.36},"geometry":{"type":"Point","coordinates":[79.51904,19.37334]}},{"type":"Feature","properties":{"i":0.15},"geometry":{"type":"Point","coordinates":[79.56299,19.37334]}},{"type":"Feature","properties":{"i":0.1},"geometry":{"type":"Point","coordinates":[79.82666,19.37334]}},{"type":"Feature","properties":{"i":0.02},"geometry":{"type":"Point","coordinates":[80.17822,19.37334]}},{"type":"Feature","properties":{"i":0.18},"geometry":{"type":"Point","coordinates":[78.81592,19.33188]}},{"type":"Feature","properties":{"i":0.1},"geometry":{"type":"Point","coordinates":[79.25537,19.33188]}},{"type":"Feature","properties":{"i":0.25},"geometry":{"type":"Point","coordinates":[79.29932,19.33188]}},{"type":"Feature","properties":{"i":0.22},"geometry":{"type":"Point","coordinates":[79.34326,19.33188]}},{"type":"Feature","properties":{"i":0.49},"geometry":{"type":"Point","coordinates":[79.38721,19.33188]}},{"type":"Feature","properties":{"i":0.11},"geometry":{"type":"Point","coordinates":[79.43115,19.33188]}},{"type":"Feature","properties":{"i":0.96},"geometry":{"type":"Point","coordinates":[79.4751,19.33188]}},{"type":"Feature","properties":{"i":0.37},"geometry":{"type":"Point","coordinates":[79.51904,19.33188]}},{"type":"Feature","properties":{"i":0.14},"geometry":{"type":"Point","coordinates":[79.56299,19.33188]}},{"type":"Feature","properties":{"i":0.05},"geometry":{"type":"Point","coordinates":[79.60693,19.33188]}},{"type":"Feature","properties":{"i":0.25},"geometry":{"type":"Point","coordinates":[79.87061,19.33188]}},{"type":"Feature","properties":{"i":0.12},"geometry":{"type":"Point","coordinates":[76.44287,19.29041]}},{"type":"Feature","properties":{"i":0.91},"geometry":{"type":"Point","coordinates":[76.48682,19.29041]}},{"type":"Feature","properties":{"i":0.49},"geometry":{"type":"Point","coordinates":[76.53076,19.29041]}},{"type":"Feature","properties":{"i":0.14},"geometry":{"type":"Point","coordinates":[76.61865,19.29041]}},{"type":"Feature","properties":{"i":0.22},"geometry":{"type":"Point","coordinates":[76.6626,19.29041]}},{"type":"Feature","properties":{"i":0.22},"geometry":{"type":"Point","coordinates":[76.70654,19.29041]}},{"type":"Feature","properties":{"i":0.9},"geometry":{"type":"Point","coordinates":[76.75049,19.29041]}},{"type":"Feature","properties":{"i":0.81},"geometry":{"type":"Point","coordinates":[76.79443,19.29041]}},{"type":"Feature","properties":{"i":0.65},"geometry":{"type":"Point","coordinates":[76.83838,19.29041]}},{"type":"Feature","properties":{"i":0.11},"geometry":{"type":"Point","coordinates":[76.97021,19.29041]}},{"type":"Feature","properties":{"i":0.15},"geometry":{"type":"Point","coordinates":[77.05811,19.29041]}},{"type":"Feature","properties":{"i":0.18},"geometry":{"type":"Point","coordinates":[77.10205,19.29041]}},{"type":"Feature","properties":{"i":0.51},"geometry":{"type":"Point","coordinates":[77.146,19.29041]}},{"type":"Feature","properties":{"i":0.34},"geometry":{"type":"Point","coordinates":[77.18994,19.29041]}},{"type":"Feature","properties":{"i":0.25},"geometry":{"type":"Point","coordinates":[77.23389,19.29041]}},{"type":"Feature","properties":{"i":0.3},"geometry":{"type":"Point","coordinates":[77.27783,19.29041]}},{"type":"Feature","properties":{"i":0.23},"geometry":{"type":"Point","coordinates":[77.32178,19.29041]}},{"type":"Feature","properties":{"i":0.58},"geometry":{"type":"Point","coordinates":[77.36572,19.29041]}},{"type":"Feature","properties":{"i":0.25},"geometry":{"type":"Point","coordinates":[77.40967,19.29041]}},{"type":"Feature","properties":{"i":0.18},"geometry":{"type":"Point","coordinates":[77.45361,19.29041]}},{"type":"Feature","properties":{"i":0.08},"geometry":{"type":"Point","coordinates":[77.49756,19.29041]}},{"type":"Feature","properties":{"i":0.14},"geometry":{"type":"Point","coordinates":[77.58545,19.29041]}},{"type":"Feature","properties":{"i":0.04},"geometry":{"type":"Point","coordinates":[77.62939,19.29041]}},{"type":"Feature","properties":{"i":0.54},"geometry":{"type":"Point","coordinates":[77.67334,19.29041]}},{"type":"Feature","properties":{"i":0.47},"geometry":{"type":"Point","coordinates":[78.33252,19.29041]}},{"type":"Feature","properties":{"i":0.21},"geometry":{"type":"Point","coordinates":[78.37646,19.29041]}},{"type":"Feature","properties":{"i":0.45},"geometry":{"type":"Point","coordinates":[78.42041,19.29041]}},{"type":"Feature","properties":{"i":0.18},"geometry":{"type":"Point","coordinates":[78.46436,19.29041]}},{"type":"Feature","properties":{"i":0.08},"geometry":{"type":"Point","coordinates":[76.39893,19.24892]}},{"type":"Feature","properties":{"i":0.92},"geometry":{"type":"Point","coordinates":[76.44287,19.24892]}},{"type":"Feature","properties":{"i":0.29},"geometry":{"type":"Point","coordinates":[76.48682,19.24892]}},{"type":"Feature","properties":{"i":0.21},"geometry":{"type":"Point","coordinates":[76.61865,19.24892]}},{"type":"Feature","properties":{"i":0.17},"geometry":{"type":"Point","coordinates":[76.6626,19.24892]}},{"type":"Feature","properties":{"i":0.14},"geometry":{"type":"Point","coordinates":[76.70654,19.24892]}},{"type":"Feature","properties":{"i":1},"geometry":{"type":"Point","coordinates":[76.75049,19.24892]}},{"type":"Feature","properties":{"i":1},"geometry":{"type":"Point","coordinates":[76.79443,19.24892]}},{"type":"Feature","properties":{"i":0.64},"geometry":{"type":"Point","coordinates":[76.83838,19.24892]}},{"type":"Feature","properties":{"i":0.36},"geometry":{"type":"Point","coordinates":[76.88232,19.24892]}},{"type":"Feature","properties":{"i":0.11},"geometry":{"type":"Point","coordinates":[76.92627,19.24892]}},{"type":"Feature","properties":{"i":0.16},"geometry":{"type":"Point","coordinates":[77.01416,19.24892]}},{"type":"Feature","properties":{"i":0.11},"geometry":{"type":"Point","coordinates":[77.05811,19.24892]}},{"type":"Feature","properties":{"i":0.21},"geometry":{"type":"Point","coordinates":[77.23389,19.24892]}},{"type":"Feature","properties":{"i":0.41},"geometry":{"type":"Point","coordinates":[77.27783,19.24892]}},{"type":"Feature","properties":{"i":0.1},"geometry":{"type":"Point","coordinates":[77.32178,19.24892]}},{"type":"Feature","properties":{"i":0.69},"geometry":{"type":"Point","coordinates":[77.36572,19.24892]}},{"type":"Feature","properties":{"i":0.16},"geometry":{"type":"Point","coordinates":[77.40967,19.24892]}},{"type":"Feature","properties":{"i":0.3},"geometry":{"type":"Point","coordinates":[77.5415,19.24892]}},{"type":"Feature","properties":{"i":0.21},"geometry":{"type":"Point","coordinates":[77.58545,19.24892]}},{"type":"Feature","properties":{"i":0.13},"geometry":{"type":"Point","coordinates":[77.62939,19.24892]}},{"type":"Feature","properties":{"i":0.1},"geometry":{"type":"Point","coordinates":[77.67334,19.24892]}},{"type":"Feature","properties":{"i":0.23},"geometry":{"type":"Point","coordinates":[77.80518,19.24892]}},{"type":"Feature","properties":{"i":0.4},"geometry":{"type":"Point","coordinates":[77.84912,19.24892]}},{"type":"Feature","properties":{"i":0.16},"geometry":{"type":"Point","coordinates":[77.93701,19.24892]}},{"type":"Feature","properties":{"i":0.31},"geometry":{"type":"Point","coordinates":[77.98096,19.24892]}},{"type":"Feature","properties":{"i":0.12},"geometry":{"type":"Point","coordinates":[78.15674,19.24892]}},{"type":"Feature","properties":{"i":0.37},"geometry":{"type":"Point","coordinates":[78.20068,19.24892]}},{"type":"Feature","properties":{"i":0.16},"geometry":{"type":"Point","coordinates":[78.42041,19.24892]}},{"type":"Feature","properties":{"i":0.07},"geometry":{"type":"Point","coordinates":[76.6626,19.20743]}},{"type":"Feature","properties":{"i":0.45},"geometry":{"type":"Point","coordinates":[76.70654,19.20743]}},{"type":"Feature","properties":{"i":0.33},"geometry":{"type":"Point","coordinates":[76.75049,19.20743]}},{"type":"Feature","properties":{"i":0.11},"geometry":{"type":"Point","coordinates":[76.79443,19.20743]}},{"type":"Feature","properties":{"i":0.05},"geometry":{"type":"Point","coordinates":[76.83838,19.20743]}},{"type":"Feature","properties":{"i":0.36},"geometry":{"type":"Point","coordinates":[76.88232,19.20743]}},{"type":"Feature","properties":{"i":0.24},"geometry":{"type":"Point","coordinates":[76.97021,19.20743]}},{"type":"Feature","properties":{"i":0.19},"geometry":{"type":"Point","coordinates":[77.01416,19.20743]}},{"type":"Feature","properties":{"i":0.04},"geometry":{"type":"Point","coordinates":[77.05811,19.20743]}},{"type":"Feature","properties":{"i":0.17},"geometry":{"type":"Point","coordinates":[77.18994,19.20743]}},{"type":"Feature","properties":{"i":0.24},"geometry":{"type":"Point","coordinates":[77.23389,19.20743]}},{"type":"Feature","properties":{"i":0.81},"geometry":{"type":"Point","coordinates":[77.27783,19.20743]}},{"type":"Feature","properties":{"i":0.88},"geometry":{"type":"Point","coordinates":[77.32178,19.20743]}},{"type":"Feature","properties":{"i":0.53},"geometry":{"type":"Point","coordinates":[77.36572,19.20743]}},{"type":"Feature","properties":{"i":0.33},"geometry":{"type":"Point","coordinates":[77.40967,19.20743]}},{"type":"Feature","properties":{"i":0.1},"geometry":{"type":"Point","coordinates":[77.45361,19.20743]}},{"type":"Feature","properties":{"i":0.08},"geometry":{"type":"Point","coordinates":[77.49756,19.20743]}},{"type":"Feature","properties":{"i":0.1},"geometry":{"type":"Point","coordinates":[77.5415,19.20743]}},{"type":"Feature","properties":{"i":0.28},"geometry":{"type":"Point","coordinates":[77.62939,19.20743]}},{"type":"Feature","properties":{"i":0.8},"geometry":{"type":"Point","coordinates":[77.67334,19.20743]}},{"type":"Feature","properties":{"i":0.3},"geometry":{"type":"Point","coordinates":[77.71729,19.20743]}},{"type":"Feature","properties":{"i":0.02},"geometry":{"type":"Point","coordinates":[77.89307,19.20743]}},{"type":"Feature","properties":{"i":0.11},"geometry":{"type":"Point","coordinates":[78.20068,19.20743]}},{"type":"Feature","properties":{"i":0.37},"geometry":{"type":"Point","coordinates":[78.24463,19.20743]}},{"type":"Feature","properties":{"i":0.28},"geometry":{"type":"Point","coordinates":[78.28857,19.20743]}},{"type":"Feature","properties":{"i":0.22},"geometry":{"type":"Point","coordinates":[78.37646,19.20743]}},{"type":"Feature","properties":{"i":0.31},"geometry":{"type":"Point","coordinates":[78.42041,19.20743]}},{"type":"Feature","properties":{"i":0.11},"geometry":{"type":"Point","coordinates":[78.46436,19.20743]}},{"type":"Feature","properties":{"i":0.19},"geometry":{"type":"Point","coordinates":[78.64014,19.20743]}},{"type":"Feature","properties":{"i":0.13},"geometry":{"type":"Point","coordinates":[76.39893,19.16592]}},{"type":"Feature","properties":{"i":0.23},"geometry":{"type":"Point","coordinates":[76.44287,19.16592]}},{"type":"Feature","properties":{"i":0.16},"geometry":{"type":"Point","coordinates":[76.48682,19.16592]}},{"type":"Feature","properties":{"i":0.1},"geometry":{"type":"Point","coordinates":[76.53076,19.16592]}},{"type":"Feature","properties":{"i":0.35},"geometry":{"type":"Point","coordinates":[76.57471,19.16592]}},{"type":"Feature","properties":{"i":0.17},"geometry":{"type":"Point","coordinates":[76.6626,19.16592]}},{"type":"Feature","properties":{"i":0.15},"geometry":{"type":"Point","coordinates":[76.70654,19.16592]}},{"type":"Feature","properties":{"i":0.41},"geometry":{"type":"Point","coordinates":[76.75049,19.16592]}},{"type":"Feature","properties":{"i":0.35},"geometry":{"type":"Point","coordinates":[76.79443,19.16592]}},{"type":"Feature","properties":{"i":0.02},"geometry":{"type":"Point","coordinates":[76.88232,19.16592]}},{"type":"Feature","properties":{"i":0.84},"geometry":{"type":"Point","coordinates":[77.01416,19.16592]}},{"type":"Feature","properties":{"i":0.65},"geometry":{"type":"Point","coordinates":[77.05811,19.16592]}},{"type":"Feature","properties":{"i":0.19},"geometry":{"type":"Point","coordinates":[77.10205,19.16592]}},{"type":"Feature","properties":{"i":0.27},"geometry":{"type":"Point","coordinates":[77.146,19.16592]}},{"type":"Feature","properties":{"i":0.22},"geometry":{"type":"Point","coordinates":[77.18994,19.16592]}},{"type":"Feature","properties":{"i":0.35},"geometry":{"type":"Point","coordinates":[77.23389,19.16592]}},{"type":"Feature","properties":{"i":0.91},"geometry":{"type":"Point","coordinates":[77.27783,19.16592]}},{"type":"Feature","properties":{"i":1},"geometry":{"type":"Point","coordinates":[77.32178,19.16592]}},{"type":"Feature","properties":{"i":0.84},"geometry":{"type":"Point","coordinates":[77.36572,19.16592]}},{"type":"Feature","properties":{"i":0.3},"geometry":{"type":"Point","coordinates":[77.40967,19.16592]}},{"type":"Feature","properties":{"i":0.3},"geometry":{"type":"Point","coordinates":[77.45361,19.16592]}},{"type":"Feature","properties":{"i":0.59},"geometry":{"type":"Point","coordinates":[77.49756,19.16592]}},{"type":"Feature","properties":{"i":0.25},"geometry":{"type":"Point","coordinates":[77.5415,19.16592]}},{"type":"Feature","properties":{"i":0.22},"geometry":{"type":"Point","coordinates":[77.67334,19.16592]}},{"type":"Feature","properties":{"i":0.28},"geometry":{"type":"Point","coordinates":[77.76123,19.16592]}},{"type":"Feature","properties":{"i":0.24},"geometry":{"type":"Point","coordinates":[77.84912,19.16592]}},{"type":"Feature","properties":{"i":0.1},"geometry":{"type":"Point","coordinates":[77.93701,19.16592]}},{"type":"Feature","properties":{"i":0.09},"geometry":{"type":"Point","coordinates":[77.98096,19.16592]}},{"type":"Feature","properties":{"i":0.22},"geometry":{"type":"Point","coordinates":[78.06885,19.16592]}},{"type":"Feature","properties":{"i":0.11},"geometry":{"type":"Point","coordinates":[78.15674,19.16592]}},{"type":"Feature","properties":{"i":0.14},"geometry":{"type":"Point","coordinates":[78.20068,19.16592]}},{"type":"Feature","properties":{"i":0.1},"geometry":{"type":"Point","coordinates":[78.24463,19.16592]}},{"type":"Feature","properties":{"i":0.3},"geometry":{"type":"Point","coordinates":[78.33252,19.16592]}},{"type":"Feature","properties":{"i":0.22},"geometry":{"type":"Point","coordinates":[78.46436,19.16592]}},{"type":"Feature","properties":{"i":0.21},"geometry":{"type":"Point","coordinates":[76.48682,19.12441]}},{"type":"Feature","properties":{"i":0.07},"geometry":{"type":"Point","coordinates":[76.53076,19.12441]}},{"type":"Feature","properties":{"i":0.13},"geometry":{"type":"Point","coordinates":[76.57471,19.12441]}},{"type":"Feature","properties":{"i":0.22},"geometry":{"type":"Point","coordinates":[76.6626,19.12441]}},{"type":"Feature","properties":{"i":0.45},"geometry":{"type":"Point","coordinates":[76.70654,19.12441]}},{"type":"Feature","properties":{"i":0.27},"geometry":{"type":"Point","coordinates":[76.75049,19.12441]}},{"type":"Feature","properties":{"i":0.33},"geometry":{"type":"Point","coordinates":[76.88232,19.12441]}},{"type":"Feature","properties":{"i":0.22},"geometry":{"type":"Point","coordinates":[76.92627,19.12441]}},{"type":"Feature","properties":{"i":0.27},"geometry":{"type":"Point","coordinates":[76.97021,19.12441]}},{"type":"Feature","properties":{"i":0.1},"geometry":{"type":"Point","coordinates":[77.01416,19.12441]}},{"type":"Feature","properties":{"i":0.07},"geometry":{"type":"Point","coordinates":[77.05811,19.12441]}},{"type":"Feature","properties":{"i":0.14},"geometry":{"type":"Point","coordinates":[77.146,19.12441]}},{"type":"Feature","properties":{"i":0.25},"geometry":{"type":"Point","coordinates":[77.18994,19.12441]}},{"type":"Feature","properties":{"i":0.28},"geometry":{"type":"Point","coordinates":[77.23389,19.12441]}},{"type":"Feature","properties":{"i":0.7},"geometry":{"type":"Point","coordinates":[77.27783,19.12441]}},{"type":"Feature","properties":{"i":1},"geometry":{"type":"Point","coordinates":[77.32178,19.12441]}},{"type":"Feature","properties":{"i":0.74},"geometry":{"type":"Point","coordinates":[77.36572,19.12441]}},{"type":"Feature","properties":{"i":0.35},"geometry":{"type":"Point","coordinates":[77.40967,19.12441]}},{"type":"Feature","properties":{"i":0.11},"geometry":{"type":"Point","coordinates":[77.45361,19.12441]}},{"type":"Feature","properties":{"i":0.53},"geometry":{"type":"Point","coordinates":[77.49756,19.12441]}},{"type":"Feature","properties":{"i":0.33},"geometry":{"type":"Point","coordinates":[77.5415,19.12441]}},{"type":"Feature","properties":{"i":0.12},"geometry":{"type":"Point","coordinates":[77.80518,19.12441]}},{"type":"Feature","properties":{"i":0.09},"geometry":{"type":"Point","coordinates":[77.93701,19.12441]}},{"type":"Feature","properties":{"i":0.71},"geometry":{"type":"Point","coordinates":[77.98096,19.12441]}},{"type":"Feature","properties":{"i":0.11},"geometry":{"type":"Point","coordinates":[78.06885,19.12441]}},{"type":"Feature","properties":{"i":0.1},"geometry":{"type":"Point","coordinates":[78.15674,19.12441]}},{"type":"Feature","properties":{"i":0.12},"geometry":{"type":"Point","coordinates":[78.24463,19.12441]}},{"type":"Feature","properties":{"i":0.33},"geometry":{"type":"Point","coordinates":[78.28857,19.12441]}},{"type":"Feature","properties":{"i":0.46},"geometry":{"type":"Point","coordinates":[78.33252,19.12441]}},{"type":"Feature","properties":{"i":0.28},"geometry":{"type":"Point","coordinates":[78.37646,19.12441]}},{"type":"Feature","properties":{"i":0.09},"geometry":{"type":"Point","coordinates":[78.42041,19.12441]}},{"type":"Feature","properties":{"i":0.07},"geometry":{"type":"Point","coordinates":[78.72803,19.12441]}},{"type":"Feature","properties":{"i":0.25},"geometry":{"type":"Point","coordinates":[76.39893,19.08288]}},{"type":"Feature","properties":{"i":0.38},"geometry":{"type":"Point","coordinates":[76.44287,19.08288]}},{"type":"Feature","properties":{"i":0.24},"geometry":{"type":"Point","coordinates":[76.48682,19.08288]}},{"type":"Feature","properties":{"i":0.03},"geometry":{"type":"Point","coordinates":[76.61865,19.08288]}},{"type":"Feature","properties":{"i":0.1},"geometry":{"type":"Point","coordinates":[76.6626,19.08288]}},{"type":"Feature","properties":{"i":0.14},"geometry":{"type":"Point","coordinates":[76.70654,19.08288]}},{"type":"Feature","properties":{"i":0.19},"geometry":{"type":"Point","coordinates":[76.75049,19.08288]}},{"type":"Feature","properties":{"i":0.24},"geometry":{"type":"Point","coordinates":[77.01416,19.08288]}},{"type":"Feature","properties":{"i":0.12},"geometry":{"type":"Point","coordinates":[77.18994,19.08288]}},{"type":"Feature","properties":{"i":0.13},"geometry":{"type":"Point","coordinates":[77.23389,19.08288]}},{"type":"Feature","properties":{"i":0.42},"geometry":{"type":"Point","coordinates":[77.27783,19.08288]}},{"type":"Feature","properties":{"i":0.56},"geometry":{"type":"Point","coordinates":[77.32178,19.08288]}},{"type":"Feature","properties":{"i":0.39},"geometry":{"type":"Point","coordinates":[77.36572,19.08288]}},{"type":"Feature","properties":{"i":0.15},"geometry":{"type":"Point","coordinates":[77.40967,19.08288]}},{"type":"Feature","properties":{"i":0.42},"geometry":{"type":"Point","coordinates":[77.45361,19.08288]}},{"type":"Feature","properties":{"i":0.11},"geometry":{"type":"Point","coordinates":[77.5415,19.08288]}},{"type":"Feature","properties":{"i":0.29},"geometry":{"type":"Point","coordinates":[77.89307,19.08288]}},{"type":"Feature","properties":{"i":0.46},"geometry":{"type":"Point","coordinates":[77.93701,19.08288]}},{"type":"Feature","properties":{"i":0.54},"geometry":{"type":"Point","coordinates":[77.98096,19.08288]}},{"type":"Feature","properties":{"i":0.13},"geometry":{"type":"Point","coordinates":[78.0249,19.08288]}},{"type":"Feature","properties":{"i":0.16},"geometry":{"type":"Point","coordinates":[78.11279,19.08288]}},{"type":"Feature","properties":{"i":0.02},"geometry":{"type":"Point","coordinates":[78.15674,19.08288]}},{"type":"Feature","properties":{"i":0.25},"geometry":{"type":"Point","coordinates":[78.20068,19.08288]}},{"type":"Feature","properties":{"i":0.31},"geometry":{"type":"Point","coordinates":[78.24463,19.08288]}},{"type":"Feature","properties":{"i":0.23},"geometry":{"type":"Point","coordinates":[78.28857,19.08288]}},{"type":"Feature","properties":{"i":0.98},"geometry":{"type":"Point","coordinates":[78.33252,19.08288]}},{"type":"Feature","properties":{"i":0.72},"geometry":{"type":"Point","coordinates":[78.37646,19.08288]}},{"type":"Feature","properties":{"i":0.49},"geometry":{"type":"Point","coordinates":[78.42041,19.08288]}},{"type":"Feature","properties":{"i":0.14},"geometry":{"type":"Point","coordinates":[78.46436,19.08288]}},{"type":"Feature","properties":{"i":0.62},"geometry":{"type":"Point","coordinates":[78.5083,19.08288]}},{"type":"Feature","properties":{"i":0.4},"geometry":{"type":"Point","coordinates":[78.55225,19.08288]}},{"type":"Feature","properties":{"i":0.37},"geometry":{"type":"Point","coordinates":[78.59619,19.08288]}},{"type":"Feature","properties":{"i":0.12},"geometry":{"type":"Point","coordinates":[78.64014,19.08288]}},{"type":"Feature","properties":{"i":0.39},"geometry":{"type":"Point","coordinates":[78.68408,19.08288]}},{"type":"Feature","properties":{"i":0.24},"geometry":{"type":"Point","coordinates":[76.39893,19.04135]}},{"type":"Feature","properties":{"i":0.14},"geometry":{"type":"Point","coordinates":[76.44287,19.04135]}},{"type":"Feature","properties":{"i":0.74},"geometry":{"type":"Point","coordinates":[76.48682,19.04135]}},{"type":"Feature","properties":{"i":0.11},"geometry":{"type":"Point","coordinates":[76.61865,19.04135]}},{"type":"Feature","properties":{"i":0.03},"geometry":{"type":"Point","coordinates":[76.70654,19.04135]}},{"type":"Feature","properties":{"i":0.09},"geometry":{"type":"Point","coordinates":[76.75049,19.04135]}},{"type":"Feature","properties":{"i":0.3},"geometry":{"type":"Point","coordinates":[76.83838,19.04135]}},{"type":"Feature","properties":{"i":0.11},"geometry":{"type":"Point","coordinates":[76.88232,19.04135]}},{"type":"Feature","properties":{"i":0.13},"geometry":{"type":"Point","coordinates":[76.97021,19.04135]}},{"type":"Feature","properties":{"i":0.23},"geometry":{"type":"Point","coordinates":[77.10205,19.04135]}},{"type":"Feature","properties":{"i":0.07},"geometry":{"type":"Point","coordinates":[77.146,19.04135]}},{"type":"Feature","properties":{"i":0.3},"geometry":{"type":"Point","coordinates":[77.23389,19.04135]}},{"type":"Feature","properties":{"i":0.19},"geometry":{"type":"Point","coordinates":[77.27783,19.04135]}},{"type":"Feature","properties":{"i":0.42},"geometry":{"type":"Point","coordinates":[77.32178,19.04135]}},{"type":"Feature","properties":{"i":0.25},"geometry":{"type":"Point","coordinates":[77.36572,19.04135]}},{"type":"Feature","properties":{"i":0.42},"geometry":{"type":"Point","coordinates":[77.40967,19.04135]}},{"type":"Feature","properties":{"i":0.18},"geometry":{"type":"Point","coordinates":[77.45361,19.04135]}},{"type":"Feature","properties":{"i":0.11},"geometry":{"type":"Point","coordinates":[77.5415,19.04135]}},{"type":"Feature","properties":{"i":0.7},"geometry":{"type":"Point","coordinates":[77.62939,19.04135]}},{"type":"Feature","properties":{"i":0.51},"geometry":{"type":"Point","coordinates":[77.67334,19.04135]}},{"type":"Feature","properties":{"i":0.11},"geometry":{"type":"Point","coordinates":[77.71729,19.04135]}},{"type":"Feature","properties":{"i":0.14},"geometry":{"type":"Point","coordinates":[77.76123,19.04135]}},{"type":"Feature","properties":{"i":0.02},"geometry":{"type":"Point","coordinates":[77.84912,19.04135]}},{"type":"Feature","properties":{"i":0.11},"geometry":{"type":"Point","coordinates":[77.93701,19.04135]}},{"type":"Feature","properties":{"i":0.14},"geometry":{"type":"Point","coordinates":[77.98096,19.04135]}},{"type":"Feature","properties":{"i":0.18},"geometry":{"type":"Point","coordinates":[78.0249,19.04135]}},{"type":"Feature","properties":{"i":0.32},"geometry":{"type":"Point","coordinates":[78.06885,19.04135]}},{"type":"Feature","properties":{"i":0.5},"geometry":{"type":"Point","coordinates":[78.11279,19.04135]}},{"type":"Feature","properties":{"i":0.24},"geometry":{"type":"Point","coordinates":[78.20068,19.04135]}},{"type":"Feature","properties":{"i":0.11},"geometry":{"type":"Point","coordinates":[78.24463,19.04135]}},{"type":"Feature","properties":{"i":0.25},"geometry":{"type":"Point","coordinates":[78.28857,19.04135]}},{"type":"Feature","properties":{"i":0.47},"geometry":{"type":"Point","coordinates":[78.33252,19.04135]}},{"type":"Feature","properties":{"i":0.48},"geometry":{"type":"Point","coordinates":[78.37646,19.04135]}},{"type":"Feature","properties":{"i":0.36},"geometry":{"type":"Point","coordinates":[78.42041,19.04135]}},{"type":"Feature","properties":{"i":0.24},"geometry":{"type":"Point","coordinates":[78.46436,19.04135]}},{"type":"Feature","properties":{"i":0.04},"geometry":{"type":"Point","coordinates":[78.5083,19.04135]}},{"type":"Feature","properties":{"i":0.03},"geometry":{"type":"Point","coordinates":[78.55225,19.04135]}},{"type":"Feature","properties":{"i":0.11},"geometry":{"type":"Point","coordinates":[78.59619,19.04135]}},{"type":"Feature","properties":{"i":0.54},"geometry":{"type":"Point","coordinates":[78.64014,19.04135]}},{"type":"Feature","properties":{"i":0.42},"geometry":{"type":"Point","coordinates":[78.68408,19.04135]}},{"type":"Feature","properties":{"i":0.13},"geometry":{"type":"Point","coordinates":[78.72803,19.04135]}},{"type":"Feature","properties":{"i":0.34},"geometry":{"type":"Point","coordinates":[76.39893,18.9998]}},{"type":"Feature","properties":{"i":0.45},"geometry":{"type":"Point","coordinates":[76.44287,18.9998]}},{"type":"Feature","properties":{"i":0.45},"geometry":{"type":"Point","coordinates":[76.48682,18.9998]}},{"type":"Feature","properties":{"i":0.48},"geometry":{"type":"Point","coordinates":[76.57471,18.9998]}},{"type":"Feature","properties":{"i":0.17},"geometry":{"type":"Point","coordinates":[76.61865,18.9998]}},{"type":"Feature","properties":{"i":0.1},"geometry":{"type":"Point","coordinates":[76.70654,18.9998]}},{"type":"Feature","properties":{"i":0.27},"geometry":{"type":"Point","coordinates":[76.75049,18.9998]}},{"type":"Feature","properties":{"i":0.13},"geometry":{"type":"Point","coordinates":[76.79443,18.9998]}},{"type":"Feature","properties":{"i":0.36},"geometry":{"type":"Point","coordinates":[76.92627,18.9998]}},{"type":"Feature","properties":{"i":0.46},"geometry":{"type":"Point","coordinates":[76.97021,18.9998]}},{"type":"Feature","properties":{"i":0.15},"geometry":{"type":"Point","coordinates":[77.01416,18.9998]}},{"type":"Feature","properties":{"i":0.21},"geometry":{"type":"Point","coordinates":[77.146,18.9998]}},{"type":"Feature","properties":{"i":0.34},"geometry":{"type":"Point","coordinates":[77.18994,18.9998]}},{"type":"Feature","properties":{"i":0.16},"geometry":{"type":"Point","coordinates":[77.27783,18.9998]}},{"type":"Feature","properties":{"i":0.25},"geometry":{"type":"Point","coordinates":[77.32178,18.9998]}},{"type":"Feature","properties":{"i":0.07},"geometry":{"type":"Point","coordinates":[77.36572,18.9998]}},{"type":"Feature","properties":{"i":0.52},"geometry":{"type":"Point","coordinates":[77.40967,18.9998]}},{"type":"Feature","properties":{"i":0.16},"geometry":{"type":"Point","coordinates":[77.45361,18.9998]}},{"type":"Feature","properties":{"i":0.16},"geometry":{"type":"Point","coordinates":[77.62939,18.9998]}},{"type":"Feature","properties":{"i":0.17},"geometry":{"type":"Point","coordinates":[77.80518,18.9998]}},{"type":"Feature","properties":{"i":0.24},"geometry":{"type":"Point","coordinates":[77.84912,18.9998]}},{"type":"Feature","properties":{"i":0.08},"geometry":{"type":"Point","coordinates":[77.93701,18.9998]}},{"type":"Feature","properties":{"i":0.22},"geometry":{"type":"Point","coordinates":[77.98096,18.9998]}},{"type":"Feature","properties":{"i":0.27},"geometry":{"type":"Point","coordinates":[78.0249,18.9998]}},{"type":"Feature","properties":{"i":0.27},"geometry":{"type":"Point","coordinates":[78.06885,18.9998]}},{"type":"Feature","properties":{"i":0.21},"geometry":{"type":"Point","coordinates":[78.11279,18.9998]}},{"type":"Feature","properties":{"i":0.25},"geometry":{"type":"Point","coordinates":[78.33252,18.9998]}},{"type":"Feature","properties":{"i":0.39},"geometry":{"type":"Point","coordinates":[78.37646,18.9998]}},{"type":"Feature","properties":{"i":0.35},"geometry":{"type":"Point","coordinates":[78.42041,18.9998]}},{"type":"Feature","properties":{"i":0.48},"geometry":{"type":"Point","coordinates":[78.46436,18.9998]}},{"type":"Feature","properties":{"i":0.27},"geometry":{"type":"Point","coordinates":[78.5083,18.9998]}},{"type":"Feature","properties":{"i":0.48},"geometry":{"type":"Point","coordinates":[78.55225,18.9998]}},{"type":"Feature","properties":{"i":0.33},"geometry":{"type":"Point","coordinates":[78.64014,18.9998]}},{"type":"Feature","properties":{"i":0.28},"geometry":{"type":"Point","coordinates":[78.68408,18.9998]}},{"type":"Feature","properties":{"i":0.23},"geometry":{"type":"Point","coordinates":[78.72803,18.9998]}},{"type":"Feature","properties":{"i":0.67},"geometry":{"type":"Point","coordinates":[76.39893,18.95825]}},{"type":"Feature","properties":{"i":0.27},"geometry":{"type":"Point","coordinates":[76.44287,18.95825]}},{"type":"Feature","properties":{"i":0.36},"geometry":{"type":"Point","coordinates":[76.48682,18.95825]}},{"type":"Feature","properties":{"i":0.27},"geometry":{"type":"Point","coordinates":[76.57471,18.95825]}},{"type":"Feature","properties":{"i":0.13},"geometry":{"type":"Point","coordinates":[76.61865,18.95825]}},{"type":"Feature","properties":{"i":0.22},"geometry":{"type":"Point","coordinates":[76.6626,18.95825]}},{"type":"Feature","properties":{"i":0.3},"geometry":{"type":"Point","coordinates":[76.70654,18.95825]}},{"type":"Feature","properties":{"i":0.81},"geometry":{"type":"Point","coordinates":[76.75049,18.95825]}},{"type":"Feature","properties":{"i":0.63},"geometry":{"type":"Point","coordinates":[76.79443,18.95825]}},{"type":"Feature","properties":{"i":0.25},"geometry":{"type":"Point","coordinates":[76.83838,18.95825]}},{"type":"Feature","properties":{"i":0.17},"geometry":{"type":"Point","coordinates":[76.88232,18.95825]}},{"type":"Feature","properties":{"i":0.14},"geometry":{"type":"Point","coordinates":[76.97021,18.95825]}},{"type":"Feature","properties":{"i":0.1},"geometry":{"type":"Point","coordinates":[77.01416,18.95825]}},{"type":"Feature","properties":{"i":0.11},"geometry":{"type":"Point","coordinates":[77.05811,18.95825]}},{"type":"Feature","properties":{"i":0.67},"geometry":{"type":"Point","coordinates":[77.10205,18.95825]}},{"type":"Feature","properties":{"i":0.78},"geometry":{"type":"Point","coordinates":[77.146,18.95825]}},{"type":"Feature","properties":{"i":0.15},"geometry":{"type":"Point","coordinates":[77.18994,18.95825]}},{"type":"Feature","properties":{"i":0.1},"geometry":{"type":"Point","coordinates":[77.23389,18.95825]}},{"type":"Feature","properties":{"i":0.15},"geometry":{"type":"Point","coordinates":[77.27783,18.95825]}},{"type":"Feature","properties":{"i":0.18},"geometry":{"type":"Point","coordinates":[77.32178,18.95825]}},{"type":"Feature","properties":{"i":0.11},"geometry":{"type":"Point","coordinates":[77.36572,18.95825]}},{"type":"Feature","properties":{"i":0.09},"geometry":{"type":"Point","coordinates":[77.40967,18.95825]}},{"type":"Feature","properties":{"i":0.19},"geometry":{"type":"Point","coordinates":[77.45361,18.95825]}},{"type":"Feature","properties":{"i":0.48},"geometry":{"type":"Point","coordinates":[77.49756,18.95825]}},{"type":"Feature","properties":{"i":0.19},"geometry":{"type":"Point","coordinates":[77.5415,18.95825]}},{"type":"Feature","properties":{"i":0.1},"geometry":{"type":"Point","coordinates":[77.58545,18.95825]}},{"type":"Feature","properties":{"i":0.61},"geometry":{"type":"Point","coordinates":[77.67334,18.95825]}},{"type":"Feature","properties":{"i":0.16},"geometry":{"type":"Point","coordinates":[77.71729,18.95825]}},{"type":"Feature","properties":{"i":0.16},"geometry":{"type":"Point","coordinates":[77.76123,18.95825]}},{"type":"Feature","properties":{"i":0.45},"geometry":{"type":"Point","coordinates":[77.89307,18.95825]}},{"type":"Feature","properties":{"i":0.3},"geometry":{"type":"Point","coordinates":[77.93701,18.95825]}},{"type":"Feature","properties":{"i":0.19},"geometry":{"type":"Point","coordinates":[77.98096,18.95825]}},{"type":"Feature","properties":{"i":0.28},"geometry":{"type":"Point","coordinates":[78.0249,18.95825]}},{"type":"Feature","properties":{"i":0.3},"geometry":{"type":"Point","coordinates":[78.06885,18.95825]}},{"type":"Feature","properties":{"i":0.22},"geometry":{"type":"Point","coordinates":[78.20068,18.95825]}},{"type":"Feature","properties":{"i":0.18},"geometry":{"type":"Point","coordinates":[78.33252,18.95825]}},{"type":"Feature","properties":{"i":0.27},"geometry":{"type":"Point","coordinates":[78.37646,18.95825]}},{"type":"Feature","properties":{"i":0.52},"geometry":{"type":"Point","coordinates":[78.42041,18.95825]}},{"type":"Feature","properties":{"i":0.25},"geometry":{"type":"Point","coordinates":[78.46436,18.95825]}},{"type":"Feature","properties":{"i":0.17},"geometry":{"type":"Point","coordinates":[78.5083,18.95825]}},{"type":"Feature","properties":{"i":0.27},"geometry":{"type":"Point","coordinates":[78.55225,18.95825]}},{"type":"Feature","properties":{"i":0.3},"geometry":{"type":"Point","coordinates":[78.59619,18.95825]}},{"type":"Feature","properties":{"i":0.27},"geometry":{"type":"Point","coordinates":[78.64014,18.95825]}},{"type":"Feature","properties":{"i":0.26},"geometry":{"type":"Point","coordinates":[78.68408,18.95825]}},{"type":"Feature","properties":{"i":0.43},"geometry":{"type":"Point","coordinates":[78.72803,18.95825]}},{"type":"Feature","properties":{"i":0.16},"geometry":{"type":"Point","coordinates":[76.39893,18.91668]}},{"type":"Feature","properties":{"i":0.24},"geometry":{"type":"Point","coordinates":[76.44287,18.91668]}},{"type":"Feature","properties":{"i":0.74},"geometry":{"type":"Point","coordinates":[76.48682,18.91668]}},{"type":"Feature","properties":{"i":0.92},"geometry":{"type":"Point","coordinates":[76.53076,18.91668]}},{"type":"Feature","properties":{"i":0.96},"geometry":{"type":"Point","coordinates":[76.57471,18.91668]}},{"type":"Feature","properties":{"i":0.34},"geometry":{"type":"Point","coordinates":[76.61865,18.91668]}},{"type":"Feature","properties":{"i":0.11},"geometry":{"type":"Point","coordinates":[76.70654,18.91668]}},{"type":"Feature","properties":{"i":0.52},"geometry":{"type":"Point","coordinates":[76.75049,18.91668]}},{"type":"Feature","properties":{"i":0.22},"geometry":{"type":"Point","coordinates":[76.79443,18.91668]}},{"type":"Feature","properties":{"i":0.23},"geometry":{"type":"Point","coordinates":[76.88232,18.91668]}},{"type":"Feature","properties":{"i":0.1},"geometry":{"type":"Point","coordinates":[76.92627,18.91668]}},{"type":"Feature","properties":{"i":0.22},"geometry":{"type":"Point","coordinates":[76.97021,18.91668]}},{"type":"Feature","properties":{"i":0.21},"geometry":{"type":"Point","coordinates":[77.01416,18.91668]}},{"type":"Feature","properties":{"i":0.15},"geometry":{"type":"Point","coordinates":[77.05811,18.91668]}},{"type":"Feature","properties":{"i":0.71},"geometry":{"type":"Point","coordinates":[77.10205,18.91668]}},{"type":"Feature","properties":{"i":0.82},"geometry":{"type":"Point","coordinates":[77.146,18.91668]}},{"type":"Feature","properties":{"i":0.22},"geometry":{"type":"Point","coordinates":[77.18994,18.91668]}},{"type":"Feature","properties":{"i":0.25},"geometry":{"type":"Point","coordinates":[77.23389,18.91668]}},{"type":"Feature","properties":{"i":0.09},"geometry":{"type":"Point","coordinates":[77.27783,18.91668]}},{"type":"Feature","properties":{"i":0.09},"geometry":{"type":"Point","coordinates":[77.32178,18.91668]}},{"type":"Feature","properties":{"i":0.09},"geometry":{"type":"Point","coordinates":[77.36572,18.91668]}},{"type":"Feature","properties":{"i":0.48},"geometry":{"type":"Point","coordinates":[77.49756,18.91668]}},{"type":"Feature","properties":{"i":0.16},"geometry":{"type":"Point","coordinates":[77.5415,18.91668]}},{"type":"Feature","properties":{"i":0.36},"geometry":{"type":"Point","coordinates":[77.58545,18.91668]}},{"type":"Feature","properties":{"i":0.11},"geometry":{"type":"Point","coordinates":[77.62939,18.91668]}},{"type":"Feature","properties":{"i":0.05},"geometry":{"type":"Point","coordinates":[77.67334,18.91668]}},{"type":"Feature","properties":{"i":0.34},"geometry":{"type":"Point","coordinates":[77.76123,18.91668]}},{"type":"Feature","properties":{"i":0.28},"geometry":{"type":"Point","coordinates":[77.80518,18.91668]}},{"type":"Feature","properties":{"i":0.22},"geometry":{"type":"Point","coordinates":[77.84912,18.91668]}},{"type":"Feature","properties":{"i":0.1},"geometry":{"type":"Point","coordinates":[77.89307,18.91668]}},{"type":"Feature","properties":{"i":0.19},"geometry":{"type":"Point","coordinates":[77.93701,18.91668]}},{"type":"Feature","properties":{"i":0.28},"geometry":{"type":"Point","coordinates":[78.11279,18.91668]}},{"type":"Feature","properties":{"i":0.45},"geometry":{"type":"Point","coordinates":[78.15674,18.91668]}},{"type":"Feature","properties":{"i":0.37},"geometry":{"type":"Point","coordinates":[78.20068,18.91668]}},{"type":"Feature","properties":{"i":0.34},"geometry":{"type":"Point","coordinates":[78.24463,18.91668]}},{"type":"Feature","properties":{"i":0.27},"geometry":{"type":"Point","coordinates":[78.33252,18.91668]}},{"type":"Feature","properties":{"i":0.46},"geometry":{"type":"Point","coordinates":[78.37646,18.91668]}},{"type":"Feature","properties":{"i":0.38},"geometry":{"type":"Point","coordinates":[78.42041,18.91668]}},{"type":"Feature","properties":{"i":0.18},"geometry":{"type":"Point","coordinates":[78.46436,18.91668]}},{"type":"Feature","properties":{"i":0.4},"geometry":{"type":"Point","coordinates":[78.5083,18.91668]}},{"type":"Feature","properties":{"i":0.31},"geometry":{"type":"Point","coordinates":[78.55225,18.91668]}},{"type":"Feature","properties":{"i":0.25},"geometry":{"type":"Point","coordinates":[78.59619,18.91668]}},{"type":"Feature","properties":{"i":0.63},"geometry":{"type":"Point","coordinates":[78.64014,18.91668]}},{"type":"Feature","properties":{"i":0.35},"geometry":{"type":"Point","coordinates":[78.68408,18.91668]}},{"type":"Feature","properties":{"i":0.15},"geometry":{"type":"Point","coordinates":[78.72803,18.91668]}},{"type":"Feature","properties":{"i":0.44},"geometry":{"type":"Point","coordinates":[76.39893,18.8751]}},{"type":"Feature","properties":{"i":0.19},"geometry":{"type":"Point","coordinates":[76.44287,18.8751]}},{"type":"Feature","properties":{"i":0.52},"geometry":{"type":"Point","coordinates":[76.48682,18.8751]}},{"type":"Feature","properties":{"i":0.96},"geometry":{"type":"Point","coordinates":[76.53076,18.8751]}},{"type":"Feature","properties":{"i":0.7},"geometry":{"type":"Point","coordinates":[76.57471,18.8751]}},{"type":"Feature","properties":{"i":0.28},"geometry":{"type":"Point","coordinates":[76.61865,18.8751]}},{"type":"Feature","properties":{"i":0.14},"geometry":{"type":"Point","coordinates":[76.70654,18.8751]}},{"type":"Feature","properties":{"i":0.22},"geometry":{"type":"Point","coordinates":[76.75049,18.8751]}},{"type":"Feature","properties":{"i":0.32},"geometry":{"type":"Point","coordinates":[76.88232,18.8751]}},{"type":"Feature","properties":{"i":0.17},"geometry":{"type":"Point","coordinates":[77.01416,18.8751]}},{"type":"Feature","properties":{"i":0.59},"geometry":{"type":"Point","coordinates":[77.05811,18.8751]}},{"type":"Feature","properties":{"i":0.07},"geometry":{"type":"Point","coordinates":[77.10205,18.8751]}},{"type":"Feature","properties":{"i":0.07},"geometry":{"type":"Point","coordinates":[77.146,18.8751]}},{"type":"Feature","properties":{"i":0.61},"geometry":{"type":"Point","coordinates":[77.18994,18.8751]}},{"type":"Feature","properties":{"i":0.12},"geometry":{"type":"Point","coordinates":[77.23389,18.8751]}},{"type":"Feature","properties":{"i":0.15},"geometry":{"type":"Point","coordinates":[77.27783,18.8751]}},{"type":"Feature","properties":{"i":0.07},"geometry":{"type":"Point","coordinates":[77.32178,18.8751]}},{"type":"Feature","properties":{"i":0.34},"geometry":{"type":"Point","coordinates":[77.36572,18.8751]}},{"type":"Feature","properties":{"i":0.12},"geometry":{"type":"Point","coordinates":[77.40967,18.8751]}},{"type":"Feature","properties":{"i":0.15},"geometry":{"type":"Point","coordinates":[77.49756,18.8751]}},{"type":"Feature","properties":{"i":0.24},"geometry":{"type":"Point","coordinates":[77.5415,18.8751]}},{"type":"Feature","properties":{"i":0.25},"geometry":{"type":"Point","coordinates":[77.62939,18.8751]}},{"type":"Feature","properties":{"i":0.29},"geometry":{"type":"Point","coordinates":[77.67334,18.8751]}},{"type":"Feature","properties":{"i":0.24},"geometry":{"type":"Point","coordinates":[77.71729,18.8751]}},{"type":"Feature","properties":{"i":0.25},"geometry":{"type":"Point","coordinates":[77.76123,18.8751]}},{"type":"Feature","properties":{"i":0.74},"geometry":{"type":"Point","coordinates":[77.84912,18.8751]}},{"type":"Feature","properties":{"i":0.35},"geometry":{"type":"Point","coordinates":[77.89307,18.8751]}},{"type":"Feature","properties":{"i":0.33},"geometry":{"type":"Point","coordinates":[77.93701,18.8751]}},{"type":"Feature","properties":{"i":0.35},"geometry":{"type":"Point","coordinates":[77.98096,18.8751]}},{"type":"Feature","properties":{"i":0.33},"geometry":{"type":"Point","coordinates":[78.06885,18.8751]}},{"type":"Feature","properties":{"i":0.25},"geometry":{"type":"Point","coordinates":[78.11279,18.8751]}},{"type":"Feature","properties":{"i":0.39},"geometry":{"type":"Point","coordinates":[78.15674,18.8751]}},{"type":"Feature","properties":{"i":0.55},"geometry":{"type":"Point","coordinates":[78.20068,18.8751]}},{"type":"Feature","properties":{"i":0.39},"geometry":{"type":"Point","coordinates":[78.28857,18.8751]}},{"type":"Feature","properties":{"i":0.56},"geometry":{"type":"Point","coordinates":[78.33252,18.8751]}},{"type":"Feature","properties":{"i":0.33},"geometry":{"type":"Point","coordinates":[78.37646,18.8751]}},{"type":"Feature","properties":{"i":0.47},"geometry":{"type":"Point","coordinates":[78.42041,18.8751]}},{"type":"Feature","properties":{"i":0.44},"geometry":{"type":"Point","coordinates":[78.46436,18.8751]}},{"type":"Feature","properties":{"i":0.39},"geometry":{"type":"Point","coordinates":[78.5083,18.8751]}},{"type":"Feature","properties":{"i":0.17},"geometry":{"type":"Point","coordinates":[78.55225,18.8751]}},{"type":"Feature","properties":{"i":0.3},"geometry":{"type":"Point","coordinates":[78.59619,18.8751]}},{"type":"Feature","properties":{"i":0.34},"geometry":{"type":"Point","coordinates":[78.64014,18.8751]}},{"type":"Feature","properties":{"i":0.51},"geometry":{"type":"Point","coordinates":[78.68408,18.8751]}},{"type":"Feature","properties":{"i":0.38},"geometry":{"type":"Point","coordinates":[78.72803,18.8751]}},{"type":"Feature","properties":{"i":0.18},"geometry":{"type":"Point","coordinates":[76.39893,18.83352]}},{"type":"Feature","properties":{"i":0.08},"geometry":{"type":"Point","coordinates":[76.44287,18.83352]}},{"type":"Feature","properties":{"i":0.52},"geometry":{"type":"Point","coordinates":[76.48682,18.83352]}},{"type":"Feature","properties":{"i":1},"geometry":{"type":"Point","coordinates":[76.53076,18.83352]}},{"type":"Feature","properties":{"i":0.45},"geometry":{"type":"Point","coordinates":[76.57471,18.83352]}},{"type":"Feature","properties":{"i":0.27},"geometry":{"type":"Point","coordinates":[76.61865,18.83352]}},{"type":"Feature","properties":{"i":0.09},"geometry":{"type":"Point","coordinates":[76.6626,18.83352]}},{"type":"Feature","properties":{"i":0.19},"geometry":{"type":"Point","coordinates":[76.75049,18.83352]}},{"type":"Feature","properties":{"i":0.03},"geometry":{"type":"Point","coordinates":[76.92627,18.83352]}},{"type":"Feature","properties":{"i":0.4},"geometry":{"type":"Point","coordinates":[77.01416,18.83352]}},{"type":"Feature","properties":{"i":0.1},"geometry":{"type":"Point","coordinates":[77.146,18.83352]}},{"type":"Feature","properties":{"i":0.08},"geometry":{"type":"Point","coordinates":[77.18994,18.83352]}},{"type":"Feature","properties":{"i":0.25},"geometry":{"type":"Point","coordinates":[77.23389,18.83352]}},{"type":"Feature","properties":{"i":0.25},"geometry":{"type":"Point","coordinates":[77.32178,18.83352]}},{"type":"Feature","properties":{"i":0.19},"geometry":{"type":"Point","coordinates":[77.36572,18.83352]}},{"type":"Feature","properties":{"i":0.4},"geometry":{"type":"Point","coordinates":[77.45361,18.83352]}},{"type":"Feature","properties":{"i":0.11},"geometry":{"type":"Point","coordinates":[77.49756,18.83352]}},{"type":"Feature","properties":{"i":0.57},"geometry":{"type":"Point","coordinates":[77.5415,18.83352]}},{"type":"Feature","properties":{"i":0.17},"geometry":{"type":"Point","coordinates":[77.58545,18.83352]}},{"type":"Feature","properties":{"i":0.25},"geometry":{"type":"Point","coordinates":[77.71729,18.83352]}},{"type":"Feature","properties":{"i":0.14},"geometry":{"type":"Point","coordinates":[77.76123,18.83352]}},{"type":"Feature","properties":{"i":0.25},"geometry":{"type":"Point","coordinates":[77.84912,18.83352]}},{"type":"Feature","properties":{"i":0.08},"geometry":{"type":"Point","coordinates":[77.89307,18.83352]}},{"type":"Feature","properties":{"i":0.26},"geometry":{"type":"Point","coordinates":[78.0249,18.83352]}},{"type":"Feature","properties":{"i":0.16},"geometry":{"type":"Point","coordinates":[78.06885,18.83352]}},{"type":"Feature","properties":{"i":0.47},"geometry":{"type":"Point","coordinates":[78.11279,18.83352]}},{"type":"Feature","properties":{"i":0.37},"geometry":{"type":"Point","coordinates":[78.15674,18.83352]}},{"type":"Feature","properties":{"i":0.39},"geometry":{"type":"Point","coordinates":[78.24463,18.83352]}},{"type":"Feature","properties":{"i":0.42},"geometry":{"type":"Point","coordinates":[78.28857,18.83352]}},{"type":"Feature","properties":{"i":0.38},"geometry":{"type":"Point","coordinates":[78.33252,18.83352]}},{"type":"Feature","properties":{"i":0.52},"geometry":{"type":"Point","coordinates":[78.37646,18.83352]}},{"type":"Feature","properties":{"i":0.28},"geometry":{"type":"Point","coordinates":[78.42041,18.83352]}},{"type":"Feature","properties":{"i":0.4},"geometry":{"type":"Point","coordinates":[78.46436,18.83352]}},{"type":"Feature","properties":{"i":0.6},"geometry":{"type":"Point","coordinates":[78.5083,18.83352]}},{"type":"Feature","properties":{"i":0.15},"geometry":{"type":"Point","coordinates":[78.55225,18.83352]}},{"type":"Feature","properties":{"i":0.4},"geometry":{"type":"Point","coordinates":[78.59619,18.83352]}},{"type":"Feature","properties":{"i":0.81},"geometry":{"type":"Point","coordinates":[78.64014,18.83352]}},{"type":"Feature","properties":{"i":0.53},"geometry":{"type":"Point","coordinates":[78.68408,18.83352]}},{"type":"Feature","properties":{"i":0.71},"geometry":{"type":"Point","coordinates":[78.72803,18.83352]}},{"type":"Feature","properties":{"i":0.45},"geometry":{"type":"Point","coordinates":[76.53076,18.79192]}},{"type":"Feature","properties":{"i":0.4},"geometry":{"type":"Point","coordinates":[76.57471,18.79192]}},{"type":"Feature","properties":{"i":0.15},"geometry":{"type":"Point","coordinates":[76.6626,18.79192]}},{"type":"Feature","properties":{"i":0.16},"geometry":{"type":"Point","coordinates":[76.70654,18.79192]}},{"type":"Feature","properties":{"i":0.19},"geometry":{"type":"Point","coordinates":[76.88232,18.79192]}},{"type":"Feature","properties":{"i":0.41},"geometry":{"type":"Point","coordinates":[76.97021,18.79192]}},{"type":"Feature","properties":{"i":0.17},"geometry":{"type":"Point","coordinates":[77.01416,18.79192]}},{"type":"Feature","properties":{"i":0.09},"geometry":{"type":"Point","coordinates":[77.05811,18.79192]}},{"type":"Feature","properties":{"i":0.02},"geometry":{"type":"Point","coordinates":[77.23389,18.79192]}},{"type":"Feature","properties":{"i":0.16},"geometry":{"type":"Point","coordinates":[77.32178,18.79192]}},{"type":"Feature","properties":{"i":0.17},"geometry":{"type":"Point","coordinates":[77.36572,18.79192]}},{"type":"Feature","properties":{"i":0.19},"geometry":{"type":"Point","coordinates":[77.40967,18.79192]}},{"type":"Feature","properties":{"i":0.18},"geometry":{"type":"Point","coordinates":[77.45361,18.79192]}},{"type":"Feature","properties":{"i":0.13},"geometry":{"type":"Point","coordinates":[77.49756,18.79192]}},{"type":"Feature","properties":{"i":0.76},"geometry":{"type":"Point","coordinates":[77.5415,18.79192]}},{"type":"Feature","properties":{"i":0.16},"geometry":{"type":"Point","coordinates":[77.58545,18.79192]}},{"type":"Feature","properties":{"i":0.22},"geometry":{"type":"Point","coordinates":[77.67334,18.79192]}},{"type":"Feature","properties":{"i":0.57},"geometry":{"type":"Point","coordinates":[77.71729,18.79192]}},{"type":"Feature","properties":{"i":0.41},"geometry":{"type":"Point","coordinates":[77.76123,18.79192]}},{"type":"Feature","properties":{"i":0.15},"geometry":{"type":"Point","coordinates":[77.80518,18.79192]}},{"type":"Feature","properties":{"i":0.22},"geometry":{"type":"Point","coordinates":[77.89307,18.79192]}},{"type":"Feature","properties":{"i":0.05},"geometry":{"type":"Point","coordinates":[77.93701,18.79192]}},{"type":"Feature","properties":{"i":0.21},"geometry":{"type":"Point","coordinates":[77.98096,18.79192]}},{"type":"Feature","properties":{"i":0.23},"geometry":{"type":"Point","coordinates":[78.0249,18.79192]}},{"type":"Feature","properties":{"i":0.36},"geometry":{"type":"Point","coordinates":[78.06885,18.79192]}},{"type":"Feature","properties":{"i":0.19},"geometry":{"type":"Point","coordinates":[78.11279,18.79192]}},{"type":"Feature","properties":{"i":0.1},"geometry":{"type":"Point","coordinates":[78.15674,18.79192]}},{"type":"Feature","properties":{"i":0.35},"geometry":{"type":"Point","coordinates":[78.20068,18.79192]}},{"type":"Feature","properties":{"i":0.3},"geometry":{"type":"Point","coordinates":[78.24463,18.79192]}},{"type":"Feature","properties":{"i":0.86},"geometry":{"type":"Point","coordinates":[78.28857,18.79192]}},{"type":"Feature","properties":{"i":0.67},"geometry":{"type":"Point","coordinates":[78.33252,18.79192]}},{"type":"Feature","properties":{"i":0.49},"geometry":{"type":"Point","coordinates":[78.37646,18.79192]}},{"type":"Feature","properties":{"i":0.42},"geometry":{"type":"Point","coordinates":[78.42041,18.79192]}},{"type":"Feature","properties":{"i":0.67},"geometry":{"type":"Point","coordinates":[78.46436,18.79192]}},{"type":"Feature","properties":{"i":0.42},"geometry":{"type":"Point","coordinates":[78.5083,18.79192]}},{"type":"Feature","properties":{"i":0.27},"geometry":{"type":"Point","coordinates":[78.55225,18.79192]}},{"type":"Feature","properties":{"i":0.14},"geometry":{"type":"Point","coordinates":[78.59619,18.79192]}},{"type":"Feature","properties":{"i":0.3},"geometry":{"type":"Point","coordinates":[78.64014,18.79192]}},{"type":"Feature","properties":{"i":0.48},"geometry":{"type":"Point","coordinates":[78.68408,18.79192]}},{"type":"Feature","properties":{"i":0.39},"geometry":{"type":"Point","coordinates":[78.72803,18.79192]}},{"type":"Feature","properties":{"i":0.78},"geometry":{"type":"Point","coordinates":[76.39893,18.75031]}},{"type":"Feature","properties":{"i":0.7},"geometry":{"type":"Point","coordinates":[76.44287,18.75031]}},{"type":"Feature","properties":{"i":0.45},"geometry":{"type":"Point","coordinates":[76.48682,18.75031]}},{"type":"Feature","properties":{"i":0.12},"geometry":{"type":"Point","coordinates":[76.53076,18.75031]}},{"type":"Feature","properties":{"i":0.19},"geometry":{"type":"Point","coordinates":[76.57471,18.75031]}},{"type":"Feature","properties":{"i":0.35},"geometry":{"type":"Point","coordinates":[76.61865,18.75031]}},{"type":"Feature","properties":{"i":0.08},"geometry":{"type":"Point","coordinates":[76.70654,18.75031]}},{"type":"Feature","properties":{"i":0.1},"geometry":{"type":"Point","coordinates":[76.75049,18.75031]}},{"type":"Feature","properties":{"i":0.12},"geometry":{"type":"Point","coordinates":[76.79443,18.75031]}},{"type":"Feature","properties":{"i":0.14},"geometry":{"type":"Point","coordinates":[76.83838,18.75031]}},{"type":"Feature","properties":{"i":0.16},"geometry":{"type":"Point","coordinates":[76.92627,18.75031]}},{"type":"Feature","properties":{"i":0.31},"geometry":{"type":"Point","coordinates":[76.97021,18.75031]}},{"type":"Feature","properties":{"i":0.07},"geometry":{"type":"Point","coordinates":[77.10205,18.75031]}},{"type":"Feature","properties":{"i":0.08},"geometry":{"type":"Point","coordinates":[77.32178,18.75031]}},{"type":"Feature","properties":{"i":0.12},"geometry":{"type":"Point","coordinates":[77.36572,18.75031]}},{"type":"Feature","properties":{"i":0.25},"geometry":{"type":"Point","coordinates":[77.40967,18.75031]}},{"type":"Feature","properties":{"i":0.16},"geometry":{"type":"Point","coordinates":[77.45361,18.75031]}},{"type":"Feature","properties":{"i":0.23},"geometry":{"type":"Point","coordinates":[77.5415,18.75031]}},{"type":"Feature","properties":{"i":0.37},"geometry":{"type":"Point","coordinates":[77.58545,18.75031]}},{"type":"Feature","properties":{"i":0.1},"geometry":{"type":"Point","coordinates":[77.62939,18.75031]}},{"type":"Feature","properties":{"i":0.72},"geometry":{"type":"Point","coordinates":[77.71729,18.75031]}},{"type":"Feature","properties":{"i":0.11},"geometry":{"type":"Point","coordinates":[77.76123,18.75031]}},{"type":"Feature","properties":{"i":0.29},"geometry":{"type":"Point","coordinates":[77.84912,18.75031]}},{"type":"Feature","properties":{"i":0.19},"geometry":{"type":"Point","coordinates":[77.89307,18.75031]}},{"type":"Feature","properties":{"i":0.41},"geometry":{"type":"Point","coordinates":[77.93701,18.75031]}},{"type":"Feature","properties":{"i":0.21},"geometry":{"type":"Point","coordinates":[77.98096,18.75031]}},{"type":"Feature","properties":{"i":0.35},"geometry":{"type":"Point","coordinates":[78.0249,18.75031]}},{"type":"Feature","properties":{"i":0.34},"geometry":{"type":"Point","coordinates":[78.06885,18.75031]}},{"type":"Feature","properties":{"i":0.27},"geometry":{"type":"Point","coordinates":[78.11279,18.75031]}},{"type":"Feature","properties":{"i":0.24},"geometry":{"type":"Point","coordinates":[78.15674,18.75031]}},{"type":"Feature","properties":{"i":0.34},"geometry":{"type":"Point","coordinates":[78.20068,18.75031]}},{"type":"Feature","properties":{"i":0.42},"geometry":{"type":"Point","coordinates":[78.24463,18.75031]}},{"type":"Feature","properties":{"i":0.53},"geometry":{"type":"Point","coordinates":[78.28857,18.75031]}},{"type":"Feature","properties":{"i":0.52},"geometry":{"type":"Point","coordinates":[78.33252,18.75031]}},{"type":"Feature","properties":{"i":0.25},"geometry":{"type":"Point","coordinates":[78.37646,18.75031]}},{"type":"Feature","properties":{"i":0.35},"geometry":{"type":"Point","coordinates":[78.42041,18.75031]}},{"type":"Feature","properties":{"i":0.12},"geometry":{"type":"Point","coordinates":[78.46436,18.75031]}},{"type":"Feature","properties":{"i":0.3},"geometry":{"type":"Point","coordinates":[78.5083,18.75031]}},{"type":"Feature","properties":{"i":0.23},"geometry":{"type":"Point","coordinates":[78.59619,18.75031]}},{"type":"Feature","properties":{"i":0.24},"geometry":{"type":"Point","coordinates":[78.64014,18.75031]}},{"type":"Feature","properties":{"i":0.41},"geometry":{"type":"Point","coordinates":[78.68408,18.75031]}},{"type":"Feature","properties":{"i":0.24},"geometry":{"type":"Point","coordinates":[78.72803,18.75031]}},{"type":"Feature","properties":{"i":0.85},"geometry":{"type":"Point","coordinates":[76.39893,18.70869]}},{"type":"Feature","properties":{"i":0.34},"geometry":{"type":"Point","coordinates":[76.44287,18.70869]}},{"type":"Feature","properties":{"i":0.03},"geometry":{"type":"Point","coordinates":[76.48682,18.70869]}},{"type":"Feature","properties":{"i":0.39},"geometry":{"type":"Point","coordinates":[76.53076,18.70869]}},{"type":"Feature","properties":{"i":0.7},"geometry":{"type":"Point","coordinates":[76.57471,18.70869]}},{"type":"Feature","properties":{"i":0.48},"geometry":{"type":"Point","coordinates":[76.61865,18.70869]}},{"type":"Feature","properties":{"i":0.3},"geometry":{"type":"Point","coordinates":[76.6626,18.70869]}},{"type":"Feature","properties":{"i":0.58},"geometry":{"type":"Point","coordinates":[76.75049,18.70869]}},{"type":"Feature","properties":{"i":0.39},"geometry":{"type":"Point","coordinates":[76.79443,18.70869]}},{"type":"Feature","properties":{"i":0.03},"geometry":{"type":"Point","coordinates":[76.83838,18.70869]}},{"type":"Feature","properties":{"i":0.75},"geometry":{"type":"Point","coordinates":[76.92627,18.70869]}},{"type":"Feature","properties":{"i":0.68},"geometry":{"type":"Point","coordinates":[76.97021,18.70869]}},{"type":"Feature","properties":{"i":0.24},"geometry":{"type":"Point","coordinates":[77.18994,18.70869]}},{"type":"Feature","properties":{"i":0.07},"geometry":{"type":"Point","coordinates":[77.27783,18.70869]}},{"type":"Feature","properties":{"i":0.13},"geometry":{"type":"Point","coordinates":[77.32178,18.70869]}},{"type":"Feature","properties":{"i":0.74},"geometry":{"type":"Point","coordinates":[77.36572,18.70869]}},{"type":"Feature","properties":{"i":0.32},"geometry":{"type":"Point","coordinates":[77.40967,18.70869]}},{"type":"Feature","properties":{"i":0.09},"geometry":{"type":"Point","coordinates":[77.45361,18.70869]}},{"type":"Feature","properties":{"i":0.15},"geometry":{"type":"Point","coordinates":[77.5415,18.70869]}},{"type":"Feature","properties":{"i":0.28},"geometry":{"type":"Point","coordinates":[77.58545,18.70869]}},{"type":"Feature","properties":{"i":0.13},"geometry":{"type":"Point","coordinates":[77.62939,18.70869]}},{"type":"Feature","properties":{"i":0.16},"geometry":{"type":"Point","coordinates":[77.67334,18.70869]}},{"type":"Feature","properties":{"i":0.17},"geometry":{"type":"Point","coordinates":[77.71729,18.70869]}},{"type":"Feature","properties":{"i":0.38},"geometry":{"type":"Point","coordinates":[77.76123,18.70869]}},{"type":"Feature","properties":{"i":0.31},"geometry":{"type":"Point","coordinates":[77.80518,18.70869]}},{"type":"Feature","properties":{"i":0.27},"geometry":{"type":"Point","coordinates":[77.84912,18.70869]}},{"type":"Feature","properties":{"i":0.1},"geometry":{"type":"Point","coordinates":[77.89307,18.70869]}},{"type":"Feature","properties":{"i":0.13},"geometry":{"type":"Point","coordinates":[77.93701,18.70869]}},{"type":"Feature","properties":{"i":0.24},"geometry":{"type":"Point","coordinates":[77.98096,18.70869]}},{"type":"Feature","properties":{"i":0.53},"geometry":{"type":"Point","coordinates":[78.0249,18.70869]}},{"type":"Feature","properties":{"i":0.53},"geometry":{"type":"Point","coordinates":[78.06885,18.70869]}},{"type":"Feature","properties":{"i":0.82},"geometry":{"type":"Point","coordinates":[78.11279,18.70869]}},{"type":"Feature","properties":{"i":0.42},"geometry":{"type":"Point","coordinates":[78.15674,18.70869]}},{"type":"Feature","properties":{"i":0.19},"geometry":{"type":"Point","coordinates":[78.20068,18.70869]}},{"type":"Feature","properties":{"i":0.1},"geometry":{"type":"Point","coordinates":[78.24463,18.70869]}},{"type":"Feature","properties":{"i":0.37},"geometry":{"type":"Point","coordinates":[78.28857,18.70869]}},{"type":"Feature","properties":{"i":0.34},"geometry":{"type":"Point","coordinates":[78.33252,18.70869]}},{"type":"Feature","properties":{"i":0.24},"geometry":{"type":"Point","coordinates":[78.37646,18.70869]}},{"type":"Feature","properties":{"i":0.37},"geometry":{"type":"Point","coordinates":[78.42041,18.70869]}},{"type":"Feature","properties":{"i":0.47},"geometry":{"type":"Point","coordinates":[78.46436,18.70869]}},{"type":"Feature","properties":{"i":0.27},"geometry":{"type":"Point","coordinates":[78.5083,18.70869]}},{"type":"Feature","properties":{"i":0.34},"geometry":{"type":"Point","coordinates":[78.55225,18.70869]}},{"type":"Feature","properties":{"i":0.36},"geometry":{"type":"Point","coordinates":[78.64014,18.70869]}},{"type":"Feature","properties":{"i":0.39},"geometry":{"type":"Point","coordinates":[78.68408,18.70869]}},{"type":"Feature","properties":{"i":0.25},"geometry":{"type":"Point","coordinates":[78.72803,18.70869]}},{"type":"Feature","properties":{"i":0.41},"geometry":{"type":"Point","coordinates":[76.39893,18.66706]}},{"type":"Feature","properties":{"i":0.24},"geometry":{"type":"Point","coordinates":[76.44287,18.66706]}},{"type":"Feature","properties":{"i":0.28},"geometry":{"type":"Point","coordinates":[76.48682,18.66706]}},{"type":"Feature","properties":{"i":0.25},"geometry":{"type":"Point","coordinates":[76.61865,18.66706]}},{"type":"Feature","properties":{"i":0.02},"geometry":{"type":"Point","coordinates":[76.79443,18.66706]}},{"type":"Feature","properties":{"i":0.27},"geometry":{"type":"Point","coordinates":[76.92627,18.66706]}},{"type":"Feature","properties":{"i":0.45},"geometry":{"type":"Point","coordinates":[76.97021,18.66706]}},{"type":"Feature","properties":{"i":0.22},"geometry":{"type":"Point","coordinates":[77.05811,18.66706]}},{"type":"Feature","properties":{"i":0.03},"geometry":{"type":"Point","coordinates":[77.10205,18.66706]}},{"type":"Feature","properties":{"i":0.05},"geometry":{"type":"Point","coordinates":[77.18994,18.66706]}},{"type":"Feature","properties":{"i":0.31},"geometry":{"type":"Point","coordinates":[77.23389,18.66706]}},{"type":"Feature","properties":{"i":0.12},"geometry":{"type":"Point","coordinates":[77.36572,18.66706]}},{"type":"Feature","properties":{"i":0.12},"geometry":{"type":"Point","coordinates":[77.40967,18.66706]}},{"type":"Feature","properties":{"i":0.19},"geometry":{"type":"Point","coordinates":[77.49756,18.66706]}},{"type":"Feature","properties":{"i":0.09},"geometry":{"type":"Point","coordinates":[77.58545,18.66706]}},{"type":"Feature","properties":{"i":0.03},"geometry":{"type":"Point","coordinates":[77.62939,18.66706]}},{"type":"Feature","properties":{"i":0.13},"geometry":{"type":"Point","coordinates":[77.67334,18.66706]}},{"type":"Feature","properties":{"i":0.22},"geometry":{"type":"Point","coordinates":[77.71729,18.66706]}},{"type":"Feature","properties":{"i":0.19},"geometry":{"type":"Point","coordinates":[77.76123,18.66706]}},{"type":"Feature","properties":{"i":0.34},"geometry":{"type":"Point","coordinates":[77.80518,18.66706]}},{"type":"Feature","properties":{"i":0.21},"geometry":{"type":"Point","coordinates":[77.84912,18.66706]}},{"type":"Feature","properties":{"i":0.86},"geometry":{"type":"Point","coordinates":[77.89307,18.66706]}},{"type":"Feature","properties":{"i":0.48},"geometry":{"type":"Point","coordinates":[77.93701,18.66706]}},{"type":"Feature","properties":{"i":0.61},"geometry":{"type":"Point","coordinates":[77.98096,18.66706]}},{"type":"Feature","properties":{"i":0.22},"geometry":{"type":"Point","coordinates":[78.0249,18.66706]}},{"type":"Feature","properties":{"i":0.92},"geometry":{"type":"Point","coordinates":[78.06885,18.66706]}},{"type":"Feature","properties":{"i":1},"geometry":{"type":"Point","coordinates":[78.11279,18.66706]}},{"type":"Feature","properties":{"i":0.42},"geometry":{"type":"Point","coordinates":[78.15674,18.66706]}},{"type":"Feature","properties":{"i":0.31},"geometry":{"type":"Point","coordinates":[78.20068,18.66706]}},{"type":"Feature","properties":{"i":0.28},"geometry":{"type":"Point","coordinates":[78.24463,18.66706]}},{"type":"Feature","properties":{"i":0.1},"geometry":{"type":"Point","coordinates":[78.28857,18.66706]}},{"type":"Feature","properties":{"i":0.24},"geometry":{"type":"Point","coordinates":[78.33252,18.66706]}},{"type":"Feature","properties":{"i":0.12},"geometry":{"type":"Point","coordinates":[78.37646,18.66706]}},{"type":"Feature","properties":{"i":0.21},"geometry":{"type":"Point","coordinates":[78.42041,18.66706]}},{"type":"Feature","properties":{"i":0.17},"geometry":{"type":"Point","coordinates":[78.46436,18.66706]}},{"type":"Feature","properties":{"i":0.32},"geometry":{"type":"Point","coordinates":[78.5083,18.66706]}},{"type":"Feature","properties":{"i":0.28},"geometry":{"type":"Point","coordinates":[78.68408,18.66706]}},{"type":"Feature","properties":{"i":0.42},"geometry":{"type":"Point","coordinates":[78.72803,18.66706]}},{"type":"Feature","properties":{"i":0.19},"geometry":{"type":"Point","coordinates":[76.39893,18.62542]}},{"type":"Feature","properties":{"i":0.18},"geometry":{"type":"Point","coordinates":[76.44287,18.62542]}},{"type":"Feature","properties":{"i":0.61},"geometry":{"type":"Point","coordinates":[76.48682,18.62542]}},{"type":"Feature","properties":{"i":0.23},"geometry":{"type":"Point","coordinates":[76.53076,18.62542]}},{"type":"Feature","properties":{"i":0.58},"geometry":{"type":"Point","coordinates":[76.61865,18.62542]}},{"type":"Feature","properties":{"i":0.14},"geometry":{"type":"Point","coordinates":[76.6626,18.62542]}},{"type":"Feature","properties":{"i":0.18},"geometry":{"type":"Point","coordinates":[76.92627,18.62542]}},{"type":"Feature","properties":{"i":0.83},"geometry":{"type":"Point","coordinates":[76.97021,18.62542]}},{"type":"Feature","properties":{"i":0.07},"geometry":{"type":"Point","coordinates":[77.10205,18.62542]}},{"type":"Feature","properties":{"i":0.03},"geometry":{"type":"Point","coordinates":[77.146,18.62542]}},{"type":"Feature","properties":{"i":0.25},"geometry":{"type":"Point","coordinates":[77.18994,18.62542]}},{"type":"Feature","properties":{"i":0.18},"geometry":{"type":"Point","coordinates":[77.23389,18.62542]}},{"type":"Feature","properties":{"i":0.12},"geometry":{"type":"Point","coordinates":[77.27783,18.62542]}},{"type":"Feature","properties":{"i":0.08},"geometry":{"type":"Point","coordinates":[77.40967,18.62542]}},{"type":"Feature","properties":{"i":0.17},"geometry":{"type":"Point","coordinates":[77.45361,18.62542]}},{"type":"Feature","properties":{"i":0.4},"geometry":{"type":"Point","coordinates":[77.58545,18.62542]}},{"type":"Feature","properties":{"i":0.02},"geometry":{"type":"Point","coordinates":[77.80518,18.62542]}},{"type":"Feature","properties":{"i":0.29},"geometry":{"type":"Point","coordinates":[77.84912,18.62542]}},{"type":"Feature","properties":{"i":0.56},"geometry":{"type":"Point","coordinates":[77.89307,18.62542]}},{"type":"Feature","properties":{"i":0.51},"geometry":{"type":"Point","coordinates":[77.93701,18.62542]}},{"type":"Feature","properties":{"i":0.44},"geometry":{"type":"Point","coordinates":[77.98096,18.62542]}},{"type":"Feature","properties":{"i":0.11},"geometry":{"type":"Point","coordinates":[78.0249,18.62542]}},{"type":"Feature","properties":{"i":0.39},"geometry":{"type":"Point","coordinates":[78.06885,18.62542]}},{"type":"Feature","properties":{"i":0.48},"geometry":{"type":"Point","coordinates":[78.11279,18.62542]}},{"type":"Feature","properties":{"i":0.45},"geometry":{"type":"Point","coordinates":[78.15674,18.62542]}},{"type":"Feature","properties":{"i":0.57},"geometry":{"type":"Point","coordinates":[78.20068,18.62542]}},{"type":"Feature","properties":{"i":0.34},"geometry":{"type":"Point","coordinates":[78.24463,18.62542]}},{"type":"Feature","properties":{"i":0.18},"geometry":{"type":"Point","coordinates":[78.28857,18.62542]}},{"type":"Feature","properties":{"i":0.22},"geometry":{"type":"Point","coordinates":[78.33252,18.62542]}},{"type":"Feature","properties":{"i":0.38},"geometry":{"type":"Point","coordinates":[78.37646,18.62542]}},{"type":"Feature","properties":{"i":0.22},"geometry":{"type":"Point","coordinates":[78.42041,18.62542]}},{"type":"Feature","properties":{"i":0.4},"geometry":{"type":"Point","coordinates":[78.46436,18.62542]}},{"type":"Feature","properties":{"i":0.1},"geometry":{"type":"Point","coordinates":[78.5083,18.62542]}},{"type":"Feature","properties":{"i":0.08},"geometry":{"type":"Point","coordinates":[78.55225,18.62542]}},{"type":"Feature","properties":{"i":0.16},"geometry":{"type":"Point","coordinates":[78.59619,18.62542]}},{"type":"Feature","properties":{"i":0.59},"geometry":{"type":"Point","coordinates":[78.68408,18.62542]}},{"type":"Feature","properties":{"i":0.61},"geometry":{"type":"Point","coordinates":[78.72803,18.62542]}},{"type":"Feature","properties":{"i":0.25},"geometry":{"type":"Point","coordinates":[76.44287,18.58378]}},{"type":"Feature","properties":{"i":0.21},"geometry":{"type":"Point","coordinates":[76.48682,18.58378]}},{"type":"Feature","properties":{"i":0.25},"geometry":{"type":"Point","coordinates":[76.53076,18.58378]}},{"type":"Feature","properties":{"i":0.27},"geometry":{"type":"Point","coordinates":[76.57471,18.58378]}},{"type":"Feature","properties":{"i":0.23},"geometry":{"type":"Point","coordinates":[76.61865,18.58378]}},{"type":"Feature","properties":{"i":0.13},"geometry":{"type":"Point","coordinates":[76.75049,18.58378]}},{"type":"Feature","properties":{"i":0.05},"geometry":{"type":"Point","coordinates":[76.79443,18.58378]}},{"type":"Feature","properties":{"i":0.02},"geometry":{"type":"Point","coordinates":[76.83838,18.58378]}},{"type":"Feature","properties":{"i":0.11},"geometry":{"type":"Point","coordinates":[76.88232,18.58378]}},{"type":"Feature","properties":{"i":0.21},"geometry":{"type":"Point","coordinates":[76.92627,18.58378]}},{"type":"Feature","properties":{"i":0.1},"geometry":{"type":"Point","coordinates":[76.97021,18.58378]}},{"type":"Feature","properties":{"i":0.16},"geometry":{"type":"Point","coordinates":[77.05811,18.58378]}},{"type":"Feature","properties":{"i":0.13},"geometry":{"type":"Point","coordinates":[77.18994,18.58378]}},{"type":"Feature","properties":{"i":0.08},"geometry":{"type":"Point","coordinates":[77.32178,18.58378]}},{"type":"Feature","properties":{"i":0.18},"geometry":{"type":"Point","coordinates":[77.45361,18.58378]}},{"type":"Feature","properties":{"i":0.32},"geometry":{"type":"Point","coordinates":[77.58545,18.58378]}},{"type":"Feature","properties":{"i":0.32},"geometry":{"type":"Point","coordinates":[77.62939,18.58378]}},{"type":"Feature","properties":{"i":0.25},"geometry":{"type":"Point","coordinates":[77.71729,18.58378]}},{"type":"Feature","properties":{"i":0.25},"geometry":{"type":"Point","coordinates":[77.76123,18.58378]}},{"type":"Feature","properties":{"i":0.33},"geometry":{"type":"Point","coordinates":[77.80518,18.58378]}},{"type":"Feature","properties":{"i":0.39},"geometry":{"type":"Point","coordinates":[77.84912,18.58378]}},{"type":"Feature","properties":{"i":0.25},"geometry":{"type":"Point","coordinates":[77.89307,18.58378]}},{"type":"Feature","properties":{"i":0.47},"geometry":{"type":"Point","coordinates":[77.93701,18.58378]}},{"type":"Feature","properties":{"i":0.31},"geometry":{"type":"Point","coordinates":[77.98096,18.58378]}},{"type":"Feature","properties":{"i":0.17},"geometry":{"type":"Point","coordinates":[78.0249,18.58378]}},{"type":"Feature","properties":{"i":0.34},"geometry":{"type":"Point","coordinates":[78.11279,18.58378]}},{"type":"Feature","properties":{"i":0.39},"geometry":{"type":"Point","coordinates":[78.15674,18.58378]}},{"type":"Feature","properties":{"i":0.53},"geometry":{"type":"Point","coordinates":[78.20068,18.58378]}},{"type":"Feature","properties":{"i":0.46},"geometry":{"type":"Point","coordinates":[78.24463,18.58378]}},{"type":"Feature","properties":{"i":0.8},"geometry":{"type":"Point","coordinates":[78.28857,18.58378]}},{"type":"Feature","properties":{"i":0.46},"geometry":{"type":"Point","coordinates":[78.37646,18.58378]}},{"type":"Feature","properties":{"i":0.21},"geometry":{"type":"Point","coordinates":[78.42041,18.58378]}},{"type":"Feature","properties":{"i":0.25},"geometry":{"type":"Point","coordinates":[78.46436,18.58378]}},{"type":"Feature","properties":{"i":0.41},"geometry":{"type":"Point","coordinates":[78.5083,18.58378]}},{"type":"Feature","properties":{"i":0.27},"geometry":{"type":"Point","coordinates":[78.64014,18.58378]}},{"type":"Feature","properties":{"i":0.25},"geometry":{"type":"Point","coordinates":[78.72803,18.58378]}},{"type":"Feature","properties":{"i":0.19},"geometry":{"type":"Point","coordinates":[76.39893,18.54212]}},{"type":"Feature","properties":{"i":0.22},"geometry":{"type":"Point","coordinates":[76.44287,18.54212]}},{"type":"Feature","properties":{"i":0.34},"geometry":{"type":"Point","coordinates":[76.48682,18.54212]}},{"type":"Feature","properties":{"i":0.43},"geometry":{"type":"Point","coordinates":[76.53076,18.54212]}},{"type":"Feature","properties":{"i":0.44},"geometry":{"type":"Point","coordinates":[76.57471,18.54212]}},{"type":"Feature","properties":{"i":0.72},"geometry":{"type":"Point","coordinates":[76.61865,18.54212]}},{"type":"Feature","properties":{"i":0.19},"geometry":{"type":"Point","coordinates":[76.6626,18.54212]}},{"type":"Feature","properties":{"i":0.11},"geometry":{"type":"Point","coordinates":[76.70654,18.54212]}},{"type":"Feature","properties":{"i":0.36},"geometry":{"type":"Point","coordinates":[76.75049,18.54212]}},{"type":"Feature","properties":{"i":0.33},"geometry":{"type":"Point","coordinates":[76.79443,18.54212]}},{"type":"Feature","properties":{"i":0.08},"geometry":{"type":"Point","coordinates":[76.83838,18.54212]}},{"type":"Feature","properties":{"i":0.81},"geometry":{"type":"Point","coordinates":[76.88232,18.54212]}},{"type":"Feature","properties":{"i":0.19},"geometry":{"type":"Point","coordinates":[76.92627,18.54212]}},{"type":"Feature","properties":{"i":0.12},"geometry":{"type":"Point","coordinates":[76.97021,18.54212]}},{"type":"Feature","properties":{"i":0.46},"geometry":{"type":"Point","coordinates":[77.01416,18.54212]}},{"type":"Feature","properties":{"i":0.17},"geometry":{"type":"Point","coordinates":[77.05811,18.54212]}},{"type":"Feature","properties":{"i":0.53},"geometry":{"type":"Point","coordinates":[77.32178,18.54212]}},{"type":"Feature","properties":{"i":0.21},"geometry":{"type":"Point","coordinates":[77.36572,18.54212]}},{"type":"Feature","properties":{"i":0.1},"geometry":{"type":"Point","coordinates":[77.40967,18.54212]}},{"type":"Feature","properties":{"i":0.16},"geometry":{"type":"Point","coordinates":[77.45361,18.54212]}},{"type":"Feature","properties":{"i":0.11},"geometry":{"type":"Point","coordinates":[77.5415,18.54212]}},{"type":"Feature","properties":{"i":0.75},"geometry":{"type":"Point","coordinates":[77.58545,18.54212]}},{"type":"Feature","properties":{"i":0.15},"geometry":{"type":"Point","coordinates":[77.62939,18.54212]}},{"type":"Feature","properties":{"i":0.02},"geometry":{"type":"Point","coordinates":[77.80518,18.54212]}},{"type":"Feature","properties":{"i":0.12},"geometry":{"type":"Point","coordinates":[77.84912,18.54212]}},{"type":"Feature","properties":{"i":0.44},"geometry":{"type":"Point","coordinates":[77.89307,18.54212]}},{"type":"Feature","properties":{"i":0.31},"geometry":{"type":"Point","coordinates":[77.93701,18.54212]}},{"type":"Feature","properties":{"i":0.18},"geometry":{"type":"Point","coordinates":[77.98096,18.54212]}},{"type":"Feature","properties":{"i":0.18},"geometry":{"type":"Point","coordinates":[78.06885,18.54212]}},{"type":"Feature","properties":{"i":0.27},"geometry":{"type":"Point","coordinates":[78.11279,18.54212]}},{"type":"Feature","properties":{"i":0.37},"geometry":{"type":"Point","coordinates":[78.15674,18.54212]}},{"type":"Feature","properties":{"i":0.09},"geometry":{"type":"Point","coordinates":[78.20068,18.54212]}},{"type":"Feature","properties":{"i":0.65},"geometry":{"type":"Point","coordinates":[78.24463,18.54212]}},{"type":"Feature","properties":{"i":0.22},"geometry":{"type":"Point","coordinates":[78.28857,18.54212]}},{"type":"Feature","properties":{"i":0.13},"geometry":{"type":"Point","coordinates":[78.33252,18.54212]}},{"type":"Feature","properties":{"i":0.22},"geometry":{"type":"Point","coordinates":[78.37646,18.54212]}},{"type":"Feature","properties":{"i":0.1},"geometry":{"type":"Point","coordinates":[78.42041,18.54212]}},{"type":"Feature","properties":{"i":0.35},"geometry":{"type":"Point","coordinates":[78.55225,18.54212]}},{"type":"Feature","properties":{"i":0.3},"geometry":{"type":"Point","coordinates":[78.59619,18.54212]}},{"type":"Feature","properties":{"i":0.33},"geometry":{"type":"Point","coordinates":[78.68408,18.54212]}},{"type":"Feature","properties":{"i":0.31},"geometry":{"type":"Point","coordinates":[78.72803,18.54212]}},{"type":"Feature","properties":{"i":0.23},"geometry":{"type":"Point","coordinates":[76.39893,18.50045]}},{"type":"Feature","properties":{"i":0.35},"geometry":{"type":"Point","coordinates":[76.44287,18.50045]}},{"type":"Feature","properties":{"i":0.27},"geometry":{"type":"Point","coordinates":[76.48682,18.50045]}},{"type":"Feature","properties":{"i":0.15},"geometry":{"type":"Point","coordinates":[76.53076,18.50045]}},{"type":"Feature","properties":{"i":0.48},"geometry":{"type":"Point","coordinates":[76.57471,18.50045]}},{"type":"Feature","properties":{"i":0.14},"geometry":{"type":"Point","coordinates":[76.61865,18.50045]}},{"type":"Feature","properties":{"i":0.3},"geometry":{"type":"Point","coordinates":[76.6626,18.50045]}},{"type":"Feature","properties":{"i":0.1},"geometry":{"type":"Point","coordinates":[76.75049,18.50045]}},{"type":"Feature","properties":{"i":0.13},"geometry":{"type":"Point","coordinates":[76.79443,18.50045]}},{"type":"Feature","properties":{"i":0.81},"geometry":{"type":"Point","coordinates":[76.83838,18.50045]}},{"type":"Feature","properties":{"i":0.91},"geometry":{"type":"Point","coordinates":[76.88232,18.50045]}},{"type":"Feature","properties":{"i":0.1},"geometry":{"type":"Point","coordinates":[76.92627,18.50045]}},{"type":"Feature","properties":{"i":0.09},"geometry":{"type":"Point","coordinates":[76.97021,18.50045]}},{"type":"Feature","properties":{"i":0.08},"geometry":{"type":"Point","coordinates":[77.01416,18.50045]}},{"type":"Feature","properties":{"i":0.12},"geometry":{"type":"Point","coordinates":[77.05811,18.50045]}},{"type":"Feature","properties":{"i":0.28},"geometry":{"type":"Point","coordinates":[77.10205,18.50045]}},{"type":"Feature","properties":{"i":0.28},"geometry":{"type":"Point","coordinates":[77.146,18.50045]}},{"type":"Feature","properties":{"i":0.22},"geometry":{"type":"Point","coordinates":[77.18994,18.50045]}},{"type":"Feature","properties":{"i":0.13},"geometry":{"type":"Point","coordinates":[77.27783,18.50045]}},{"type":"Feature","properties":{"i":0.1},"geometry":{"type":"Point","coordinates":[77.32178,18.50045]}},{"type":"Feature","properties":{"i":0.12},"geometry":{"type":"Point","coordinates":[77.5415,18.50045]}},{"type":"Feature","properties":{"i":0.25},"geometry":{"type":"Point","coordinates":[77.58545,18.50045]}},{"type":"Feature","properties":{"i":0.49},"geometry":{"type":"Point","coordinates":[77.62939,18.50045]}},{"type":"Feature","properties":{"i":0.27},"geometry":{"type":"Point","coordinates":[77.67334,18.50045]}},{"type":"Feature","properties":{"i":0.11},"geometry":{"type":"Point","coordinates":[77.80518,18.50045]}},{"type":"Feature","properties":{"i":0.28},"geometry":{"type":"Point","coordinates":[77.84912,18.50045]}},{"type":"Feature","properties":{"i":0.1},"geometry":{"type":"Point","coordinates":[77.93701,18.50045]}},{"type":"Feature","properties":{"i":0.13},"geometry":{"type":"Point","coordinates":[78.11279,18.50045]}},{"type":"Feature","properties":{"i":0.22},"geometry":{"type":"Point","coordinates":[78.15674,18.50045]}},{"type":"Feature","properties":{"i":0.14},"geometry":{"type":"Point","coordinates":[78.20068,18.50045]}},{"type":"Feature","properties":{"i":0.52},"geometry":{"type":"Point","coordinates":[78.24463,18.50045]}},{"type":"Feature","properties":{"i":0.38},"geometry":{"type":"Point","coordinates":[78.28857,18.50045]}},{"type":"Feature","properties":{"i":0.07},"geometry":{"type":"Point","coordinates":[78.33252,18.50045]}},{"type":"Feature","properties":{"i":0.27},"geometry":{"type":"Point","coordinates":[78.42041,18.50045]}},{"type":"Feature","properties":{"i":0.36},"geometry":{"type":"Point","coordinates":[78.46436,18.50045]}},{"type":"Feature","properties":{"i":0.19},"geometry":{"type":"Point","coordinates":[78.59619,18.50045]}},{"type":"Feature","properties":{"i":0.17},"geometry":{"type":"Point","coordinates":[78.68408,18.50045]}},{"type":"Feature","properties":{"i":0.22},"geometry":{"type":"Point","coordinates":[78.72803,18.50045]}},{"type":"Feature","properties":{"i":0.21},"geometry":{"type":"Point","coordinates":[76.44287,18.45877]}},{"type":"Feature","properties":{"i":0.3},"geometry":{"type":"Point","coordinates":[76.48682,18.45877]}},{"type":"Feature","properties":{"i":0.41},"geometry":{"type":"Point","coordinates":[76.53076,18.45877]}},{"type":"Feature","properties":{"i":0.37},"geometry":{"type":"Point","coordinates":[76.57471,18.45877]}},{"type":"Feature","properties":{"i":0.19},"geometry":{"type":"Point","coordinates":[76.61865,18.45877]}},{"type":"Feature","properties":{"i":0.49},"geometry":{"type":"Point","coordinates":[76.6626,18.45877]}},{"type":"Feature","properties":{"i":0.28},"geometry":{"type":"Point","coordinates":[76.70654,18.45877]}},{"type":"Feature","properties":{"i":0.45},"geometry":{"type":"Point","coordinates":[76.75049,18.45877]}},{"type":"Feature","properties":{"i":0.19},"geometry":{"type":"Point","coordinates":[76.79443,18.45877]}},{"type":"Feature","properties":{"i":0.26},"geometry":{"type":"Point","coordinates":[76.97021,18.45877]}},{"type":"Feature","properties":{"i":0.28},"geometry":{"type":"Point","coordinates":[77.05811,18.45877]}},{"type":"Feature","properties":{"i":0.22},"geometry":{"type":"Point","coordinates":[77.10205,18.45877]}},{"type":"Feature","properties":{"i":0.21},"geometry":{"type":"Point","coordinates":[77.18994,18.45877]}},{"type":"Feature","properties":{"i":0.3},"geometry":{"type":"Point","coordinates":[77.36572,18.45877]}},{"type":"Feature","properties":{"i":0.07},"geometry":{"type":"Point","coordinates":[77.40967,18.45877]}},{"type":"Feature","properties":{"i":0.04},"geometry":{"type":"Point","coordinates":[77.58545,18.45877]}},{"type":"Feature","properties":{"i":0.11},"geometry":{"type":"Point","coordinates":[77.67334,18.45877]}},{"type":"Feature","properties":{"i":0.44},"geometry":{"type":"Point","coordinates":[77.80518,18.45877]}},{"type":"Feature","properties":{"i":0.17},"geometry":{"type":"Point","coordinates":[77.84912,18.45877]}},{"type":"Feature","properties":{"i":0.24},"geometry":{"type":"Point","coordinates":[77.89307,18.45877]}},{"type":"Feature","properties":{"i":0.14},"geometry":{"type":"Point","coordinates":[77.93701,18.45877]}},{"type":"Feature","properties":{"i":0.18},"geometry":{"type":"Point","coordinates":[78.06885,18.45877]}},{"type":"Feature","properties":{"i":0.08},"geometry":{"type":"Point","coordinates":[78.11279,18.45877]}},{"type":"Feature","properties":{"i":0.22},"geometry":{"type":"Point","coordinates":[78.15674,18.45877]}},{"type":"Feature","properties":{"i":0.41},"geometry":{"type":"Point","coordinates":[78.20068,18.45877]}},{"type":"Feature","properties":{"i":0.27},"geometry":{"type":"Point","coordinates":[78.24463,18.45877]}},{"type":"Feature","properties":{"i":0.11},"geometry":{"type":"Point","coordinates":[78.33252,18.45877]}},{"type":"Feature","properties":{"i":0.16},"geometry":{"type":"Point","coordinates":[78.59619,18.45877]}},{"type":"Feature","properties":{"i":0.16},"geometry":{"type":"Point","coordinates":[78.64014,18.45877]}},{"type":"Feature","properties":{"i":0.32},"geometry":{"type":"Point","coordinates":[78.72803,18.45877]}},{"type":"Feature","properties":{"i":0.11},"geometry":{"type":"Point","coordinates":[76.39893,18.41708]}},{"type":"Feature","properties":{"i":0.24},"geometry":{"type":"Point","coordinates":[76.44287,18.41708]}},{"type":"Feature","properties":{"i":0.35},"geometry":{"type":"Point","coordinates":[76.48682,18.41708]}},{"type":"Feature","properties":{"i":0.87},"geometry":{"type":"Point","coordinates":[76.53076,18.41708]}},{"type":"Feature","properties":{"i":0.92},"geometry":{"type":"Point","coordinates":[76.57471,18.41708]}},{"type":"Feature","properties":{"i":0.9},"geometry":{"type":"Point","coordinates":[76.61865,18.41708]}},{"type":"Feature","properties":{"i":0.72},"geometry":{"type":"Point","coordinates":[76.6626,18.41708]}},{"type":"Feature","properties":{"i":0.75},"geometry":{"type":"Point","coordinates":[76.70654,18.41708]}},{"type":"Feature","properties":{"i":0.11},"geometry":{"type":"Point","coordinates":[76.75049,18.41708]}},{"type":"Feature","properties":{"i":0.25},"geometry":{"type":"Point","coordinates":[76.79443,18.41708]}},{"type":"Feature","properties":{"i":0.17},"geometry":{"type":"Point","coordinates":[76.83838,18.41708]}},{"type":"Feature","properties":{"i":0.14},"geometry":{"type":"Point","coordinates":[76.97021,18.41708]}},{"type":"Feature","properties":{"i":0.98},"geometry":{"type":"Point","coordinates":[77.05811,18.41708]}},{"type":"Feature","properties":{"i":0.62},"geometry":{"type":"Point","coordinates":[77.10205,18.41708]}},{"type":"Feature","properties":{"i":0.42},"geometry":{"type":"Point","coordinates":[77.146,18.41708]}},{"type":"Feature","properties":{"i":0.24},"geometry":{"type":"Point","coordinates":[77.18994,18.41708]}},{"type":"Feature","properties":{"i":0.1},"geometry":{"type":"Point","coordinates":[77.40967,18.41708]}},{"type":"Feature","properties":{"i":0.42},"geometry":{"type":"Point","coordinates":[77.45361,18.41708]}},{"type":"Feature","properties":{"i":0.28},"geometry":{"type":"Point","coordinates":[77.49756,18.41708]}},{"type":"Feature","properties":{"i":0.04},"geometry":{"type":"Point","coordinates":[77.62939,18.41708]}},{"type":"Feature","properties":{"i":0.18},"geometry":{"type":"Point","coordinates":[77.67334,18.41708]}},{"type":"Feature","properties":{"i":0.23},"geometry":{"type":"Point","coordinates":[77.71729,18.41708]}},{"type":"Feature","properties":{"i":0.16},"geometry":{"type":"Point","coordinates":[77.76123,18.41708]}},{"type":"Feature","properties":{"i":0.09},"geometry":{"type":"Point","coordinates":[77.80518,18.41708]}},{"type":"Feature","properties":{"i":0.15},"geometry":{"type":"Point","coordinates":[77.84912,18.41708]}},{"type":"Feature","properties":{"i":0.55},"geometry":{"type":"Point","coordinates":[77.89307,18.41708]}},{"type":"Feature","properties":{"i":0.11},"geometry":{"type":"Point","coordinates":[77.93701,18.41708]}},{"type":"Feature","properties":{"i":0.22},"geometry":{"type":"Point","coordinates":[77.98096,18.41708]}},{"type":"Feature","properties":{"i":0.25},"geometry":{"type":"Point","coordinates":[78.0249,18.41708]}},{"type":"Feature","properties":{"i":0.05},"geometry":{"type":"Point","coordinates":[78.06885,18.41708]}},{"type":"Feature","properties":{"i":0.12},"geometry":{"type":"Point","coordinates":[78.15674,18.41708]}},{"type":"Feature","properties":{"i":0.28},"geometry":{"type":"Point","coordinates":[78.20068,18.41708]}},{"type":"Feature","properties":{"i":0.65},"geometry":{"type":"Point","coordinates":[78.24463,18.41708]}},{"type":"Feature","properties":{"i":0.49},"geometry":{"type":"Point","coordinates":[78.28857,18.41708]}},{"type":"Feature","properties":{"i":0.51},"geometry":{"type":"Point","coordinates":[78.33252,18.41708]}},{"type":"Feature","properties":{"i":0.52},"geometry":{"type":"Point","coordinates":[78.37646,18.41708]}},{"type":"Feature","properties":{"i":0.36},"geometry":{"type":"Point","coordinates":[78.42041,18.41708]}},{"type":"Feature","properties":{"i":0.33},"geometry":{"type":"Point","coordinates":[78.46436,18.41708]}},{"type":"Feature","properties":{"i":0.32},"geometry":{"type":"Point","coordinates":[78.5083,18.41708]}},{"type":"Feature","properties":{"i":0.13},"geometry":{"type":"Point","coordinates":[78.59619,18.41708]}},{"type":"Feature","properties":{"i":0.22},"geometry":{"type":"Point","coordinates":[78.64014,18.41708]}},{"type":"Feature","properties":{"i":0.15},"geometry":{"type":"Point","coordinates":[78.72803,18.41708]}},{"type":"Feature","properties":{"i":0.3},"geometry":{"type":"Point","coordinates":[76.39893,18.37538]}},{"type":"Feature","properties":{"i":0.53},"geometry":{"type":"Point","coordinates":[76.44287,18.37538]}},{"type":"Feature","properties":{"i":0.94},"geometry":{"type":"Point","coordinates":[76.48682,18.37538]}},{"type":"Feature","properties":{"i":0.44},"geometry":{"type":"Point","coordinates":[76.53076,18.37538]}},{"type":"Feature","properties":{"i":0.96},"geometry":{"type":"Point","coordinates":[76.57471,18.37538]}},{"type":"Feature","properties":{"i":0.99},"geometry":{"type":"Point","coordinates":[76.61865,18.37538]}},{"type":"Feature","properties":{"i":0.28},"geometry":{"type":"Point","coordinates":[76.6626,18.37538]}},{"type":"Feature","properties":{"i":0.23},"geometry":{"type":"Point","coordinates":[76.70654,18.37538]}},{"type":"Feature","properties":{"i":0.09},"geometry":{"type":"Point","coordinates":[76.75049,18.37538]}},{"type":"Feature","properties":{"i":0.02},"geometry":{"type":"Point","coordinates":[76.92627,18.37538]}},{"type":"Feature","properties":{"i":0.11},"geometry":{"type":"Point","coordinates":[76.97021,18.37538]}},{"type":"Feature","properties":{"i":0.25},"geometry":{"type":"Point","coordinates":[77.01416,18.37538]}},{"type":"Feature","properties":{"i":0.13},"geometry":{"type":"Point","coordinates":[77.05811,18.37538]}},{"type":"Feature","properties":{"i":1},"geometry":{"type":"Point","coordinates":[77.10205,18.37538]}},{"type":"Feature","properties":{"i":0.9},"geometry":{"type":"Point","coordinates":[77.146,18.37538]}},{"type":"Feature","properties":{"i":0.14},"geometry":{"type":"Point","coordinates":[77.18994,18.37538]}},{"type":"Feature","properties":{"i":0.03},"geometry":{"type":"Point","coordinates":[77.23389,18.37538]}},{"type":"Feature","properties":{"i":0.27},"geometry":{"type":"Point","coordinates":[77.36572,18.37538]}},{"type":"Feature","properties":{"i":0.12},"geometry":{"type":"Point","coordinates":[77.45361,18.37538]}},{"type":"Feature","properties":{"i":0.1},"geometry":{"type":"Point","coordinates":[77.49756,18.37538]}},{"type":"Feature","properties":{"i":0.09},"geometry":{"type":"Point","coordinates":[77.5415,18.37538]}},{"type":"Feature","properties":{"i":0.02},"geometry":{"type":"Point","coordinates":[77.58545,18.37538]}},{"type":"Feature","properties":{"i":0.44},"geometry":{"type":"Point","coordinates":[77.62939,18.37538]}},{"type":"Feature","properties":{"i":0.49},"geometry":{"type":"Point","coordinates":[77.67334,18.37538]}},{"type":"Feature","properties":{"i":0.26},"geometry":{"type":"Point","coordinates":[77.71729,18.37538]}},{"type":"Feature","properties":{"i":0.11},"geometry":{"type":"Point","coordinates":[77.76123,18.37538]}},{"type":"Feature","properties":{"i":0.25},"geometry":{"type":"Point","coordinates":[77.80518,18.37538]}},{"type":"Feature","properties":{"i":0.19},"geometry":{"type":"Point","coordinates":[77.84912,18.37538]}},{"type":"Feature","properties":{"i":0.64},"geometry":{"type":"Point","coordinates":[77.89307,18.37538]}},{"type":"Feature","properties":{"i":0.21},"geometry":{"type":"Point","coordinates":[77.93701,18.37538]}},{"type":"Feature","properties":{"i":0.19},"geometry":{"type":"Point","coordinates":[78.0249,18.37538]}},{"type":"Feature","properties":{"i":0.21},"geometry":{"type":"Point","coordinates":[78.06885,18.37538]}},{"type":"Feature","properties":{"i":0.46},"geometry":{"type":"Point","coordinates":[78.11279,18.37538]}},{"type":"Feature","properties":{"i":0.21},"geometry":{"type":"Point","coordinates":[78.15674,18.37538]}},{"type":"Feature","properties":{"i":0.38},"geometry":{"type":"Point","coordinates":[78.20068,18.37538]}},{"type":"Feature","properties":{"i":0.17},"geometry":{"type":"Point","coordinates":[78.24463,18.37538]}},{"type":"Feature","properties":{"i":0.66},"geometry":{"type":"Point","coordinates":[78.28857,18.37538]}},{"type":"Feature","properties":{"i":0.33},"geometry":{"type":"Point","coordinates":[78.33252,18.37538]}},{"type":"Feature","properties":{"i":0.13},"geometry":{"type":"Point","coordinates":[78.37646,18.37538]}},{"type":"Feature","properties":{"i":0.1},"geometry":{"type":"Point","coordinates":[78.42041,18.37538]}},{"type":"Feature","properties":{"i":0.36},"geometry":{"type":"Point","coordinates":[78.59619,18.37538]}},{"type":"Feature","properties":{"i":0.63},"geometry":{"type":"Point","coordinates":[78.64014,18.37538]}},{"type":"Feature","properties":{"i":0.52},"geometry":{"type":"Point","coordinates":[78.68408,18.37538]}},{"type":"Feature","properties":{"i":0.4},"geometry":{"type":"Point","coordinates":[78.72803,18.37538]}},{"type":"Feature","properties":{"i":0.24},"geometry":{"type":"Point","coordinates":[76.39893,18.33367]}},{"type":"Feature","properties":{"i":0.16},"geometry":{"type":"Point","coordinates":[76.44287,18.33367]}},{"type":"Feature","properties":{"i":0.22},"geometry":{"type":"Point","coordinates":[76.48682,18.33367]}},{"type":"Feature","properties":{"i":0.39},"geometry":{"type":"Point","coordinates":[76.53076,18.33367]}},{"type":"Feature","properties":{"i":0.51},"geometry":{"type":"Point","coordinates":[76.57471,18.33367]}},{"type":"Feature","properties":{"i":0.15},"geometry":{"type":"Point","coordinates":[76.61865,18.33367]}},{"type":"Feature","properties":{"i":0.19},"geometry":{"type":"Point","coordinates":[76.6626,18.33367]}},{"type":"Feature","properties":{"i":0.19},"geometry":{"type":"Point","coordinates":[76.70654,18.33367]}},{"type":"Feature","properties":{"i":0.13},"geometry":{"type":"Point","coordinates":[76.79443,18.33367]}},{"type":"Feature","properties":{"i":0.55},"geometry":{"type":"Point","coordinates":[76.83838,18.33367]}},{"type":"Feature","properties":{"i":0.09},"geometry":{"type":"Point","coordinates":[77.10205,18.33367]}},{"type":"Feature","properties":{"i":0.23},"geometry":{"type":"Point","coordinates":[77.146,18.33367]}},{"type":"Feature","properties":{"i":0.04},"geometry":{"type":"Point","coordinates":[77.27783,18.33367]}},{"type":"Feature","properties":{"i":0.03},"geometry":{"type":"Point","coordinates":[77.32178,18.33367]}},{"type":"Feature","properties":{"i":0.27},"geometry":{"type":"Point","coordinates":[77.45361,18.33367]}},{"type":"Feature","properties":{"i":0.03},"geometry":{"type":"Point","coordinates":[77.67334,18.33367]}},{"type":"Feature","properties":{"i":0.25},"geometry":{"type":"Point","coordinates":[77.71729,18.33367]}},{"type":"Feature","properties":{"i":0.14},"geometry":{"type":"Point","coordinates":[77.84912,18.33367]}},{"type":"Feature","properties":{"i":0.1},"geometry":{"type":"Point","coordinates":[77.89307,18.33367]}},{"type":"Feature","properties":{"i":0.08},"geometry":{"type":"Point","coordinates":[78.0249,18.33367]}},{"type":"Feature","properties":{"i":0.13},"geometry":{"type":"Point","coordinates":[78.11279,18.33367]}},{"type":"Feature","properties":{"i":0.23},"geometry":{"type":"Point","coordinates":[78.24463,18.33367]}},{"type":"Feature","properties":{"i":0.28},"geometry":{"type":"Point","coordinates":[78.28857,18.33367]}},{"type":"Feature","properties":{"i":0.84},"geometry":{"type":"Point","coordinates":[78.33252,18.33367]}},{"type":"Feature","properties":{"i":0.57},"geometry":{"type":"Point","coordinates":[78.37646,18.33367]}},{"type":"Feature","properties":{"i":0.48},"geometry":{"type":"Point","coordinates":[78.42041,18.33367]}},{"type":"Feature","properties":{"i":0.27},"geometry":{"type":"Point","coordinates":[78.46436,18.33367]}},{"type":"Feature","properties":{"i":0.49},"geometry":{"type":"Point","coordinates":[78.5083,18.33367]}},{"type":"Feature","properties":{"i":0.12},"geometry":{"type":"Point","coordinates":[78.55225,18.33367]}},{"type":"Feature","properties":{"i":0.13},"geometry":{"type":"Point","coordinates":[78.64014,18.33367]}},{"type":"Feature","properties":{"i":0.58},"geometry":{"type":"Point","coordinates":[78.68408,18.33367]}},{"type":"Feature","properties":{"i":0.18},"geometry":{"type":"Point","coordinates":[78.72803,18.33367]}},{"type":"Feature","properties":{"i":0.23},"geometry":{"type":"Point","coordinates":[76.48682,18.29195]}},{"type":"Feature","properties":{"i":0.69},"geometry":{"type":"Point","coordinates":[76.53076,18.29195]}},{"type":"Feature","properties":{"i":0.28},"geometry":{"type":"Point","coordinates":[76.57471,18.29195]}},{"type":"Feature","properties":{"i":0.18},"geometry":{"type":"Point","coordinates":[76.6626,18.29195]}},{"type":"Feature","properties":{"i":0.23},"geometry":{"type":"Point","coordinates":[76.70654,18.29195]}},{"type":"Feature","properties":{"i":0.34},"geometry":{"type":"Point","coordinates":[76.88232,18.29195]}},{"type":"Feature","properties":{"i":0.09},"geometry":{"type":"Point","coordinates":[76.92627,18.29195]}},{"type":"Feature","properties":{"i":0.17},"geometry":{"type":"Point","coordinates":[76.97021,18.29195]}},{"type":"Feature","properties":{"i":0.15},"geometry":{"type":"Point","coordinates":[77.146,18.29195]}},{"type":"Feature","properties":{"i":0.09},"geometry":{"type":"Point","coordinates":[77.18994,18.29195]}},{"type":"Feature","properties":{"i":0.46},"geometry":{"type":"Point","coordinates":[77.27783,18.29195]}},{"type":"Feature","properties":{"i":0.41},"geometry":{"type":"Point","coordinates":[77.32178,18.29195]}},{"type":"Feature","properties":{"i":0.13},"geometry":{"type":"Point","coordinates":[77.36572,18.29195]}},{"type":"Feature","properties":{"i":0.19},"geometry":{"type":"Point","coordinates":[77.71729,18.29195]}},{"type":"Feature","properties":{"i":0.4},"geometry":{"type":"Point","coordinates":[77.76123,18.29195]}},{"type":"Feature","properties":{"i":0.35},"geometry":{"type":"Point","coordinates":[77.80518,18.29195]}},{"type":"Feature","properties":{"i":0.28},"geometry":{"type":"Point","coordinates":[77.84912,18.29195]}},{"type":"Feature","properties":{"i":0.19},"geometry":{"type":"Point","coordinates":[77.89307,18.29195]}},{"type":"Feature","properties":{"i":0.08},"geometry":{"type":"Point","coordinates":[78.11279,18.29195]}},{"type":"Feature","properties":{"i":0.1},"geometry":{"type":"Point","coordinates":[78.20068,18.29195]}},{"type":"Feature","properties":{"i":0.33},"geometry":{"type":"Point","coordinates":[78.24463,18.29195]}},{"type":"Feature","properties":{"i":0.24},"geometry":{"type":"Point","coordinates":[78.28857,18.29195]}},{"type":"Feature","properties":{"i":0.45},"geometry":{"type":"Point","coordinates":[78.33252,18.29195]}},{"type":"Feature","properties":{"i":0.42},"geometry":{"type":"Point","coordinates":[78.37646,18.29195]}},{"type":"Feature","properties":{"i":0.14},"geometry":{"type":"Point","coordinates":[78.42041,18.29195]}},{"type":"Feature","properties":{"i":0.44},"geometry":{"type":"Point","coordinates":[78.46436,18.29195]}},{"type":"Feature","properties":{"i":0.49},"geometry":{"type":"Point","coordinates":[78.5083,18.29195]}},{"type":"Feature","properties":{"i":0.34},"geometry":{"type":"Point","coordinates":[78.55225,18.29195]}},{"type":"Feature","properties":{"i":0.56},"geometry":{"type":"Point","coordinates":[78.59619,18.29195]}},{"type":"Feature","properties":{"i":0.16},"geometry":{"type":"Point","coordinates":[78.64014,18.29195]}},{"type":"Feature","properties":{"i":0.23},"geometry":{"type":"Point","coordinates":[78.68408,18.29195]}},{"type":"Feature","properties":{"i":0.41},"geometry":{"type":"Point","coordinates":[78.72803,18.29195]}},{"type":"Feature","properties":{"i":0.17},"geometry":{"type":"Point","coordinates":[76.39893,18.25022]}},{"type":"Feature","properties":{"i":0.77},"geometry":{"type":"Point","coordinates":[76.48682,18.25022]}},{"type":"Feature","properties":{"i":0.95},"geometry":{"type":"Point","coordinates":[76.53076,18.25022]}},{"type":"Feature","properties":{"i":0.21},"geometry":{"type":"Point","coordinates":[76.57471,18.25022]}},{"type":"Feature","properties":{"i":0.07},"geometry":{"type":"Point","coordinates":[76.61865,18.25022]}},{"type":"Feature","properties":{"i":0.1},"geometry":{"type":"Point","coordinates":[76.6626,18.25022]}},{"type":"Feature","properties":{"i":0.18},"geometry":{"type":"Point","coordinates":[76.70654,18.25022]}},{"type":"Feature","properties":{"i":0.21},"geometry":{"type":"Point","coordinates":[76.75049,18.25022]}},{"type":"Feature","properties":{"i":0.42},"geometry":{"type":"Point","coordinates":[76.79443,18.25022]}},{"type":"Feature","properties":{"i":0.26},"geometry":{"type":"Point","coordinates":[76.97021,18.25022]}},{"type":"Feature","properties":{"i":0.18},"geometry":{"type":"Point","coordinates":[77.01416,18.25022]}},{"type":"Feature","properties":{"i":0.1},"geometry":{"type":"Point","coordinates":[77.05811,18.25022]}},{"type":"Feature","properties":{"i":0.57},"geometry":{"type":"Point","coordinates":[77.10205,18.25022]}},{"type":"Feature","properties":{"i":0.31},"geometry":{"type":"Point","coordinates":[77.18994,18.25022]}},{"type":"Feature","properties":{"i":0.1},"geometry":{"type":"Point","coordinates":[77.23389,18.25022]}},{"type":"Feature","properties":{"i":0.31},"geometry":{"type":"Point","coordinates":[77.27783,18.25022]}},{"type":"Feature","properties":{"i":0.69},"geometry":{"type":"Point","coordinates":[77.40967,18.25022]}},{"type":"Feature","properties":{"i":0.57},"geometry":{"type":"Point","coordinates":[77.45361,18.25022]}},{"type":"Feature","properties":{"i":0.08},"geometry":{"type":"Point","coordinates":[77.49756,18.25022]}},{"type":"Feature","properties":{"i":0.33},"geometry":{"type":"Point","coordinates":[77.58545,18.25022]}},{"type":"Feature","properties":{"i":0.22},"geometry":{"type":"Point","coordinates":[77.62939,18.25022]}},{"type":"Feature","properties":{"i":0.13},"geometry":{"type":"Point","coordinates":[77.76123,18.25022]}},{"type":"Feature","properties":{"i":0.34},"geometry":{"type":"Point","coordinates":[77.80518,18.25022]}},{"type":"Feature","properties":{"i":0.17},"geometry":{"type":"Point","coordinates":[77.84912,18.25022]}},{"type":"Feature","properties":{"i":0.44},"geometry":{"type":"Point","coordinates":[77.89307,18.25022]}},{"type":"Feature","properties":{"i":0.35},"geometry":{"type":"Point","coordinates":[77.93701,18.25022]}},{"type":"Feature","properties":{"i":0.22},"geometry":{"type":"Point","coordinates":[77.98096,18.25022]}},{"type":"Feature","properties":{"i":0.25},"geometry":{"type":"Point","coordinates":[78.11279,18.25022]}},{"type":"Feature","properties":{"i":0.35},"geometry":{"type":"Point","coordinates":[78.15674,18.25022]}},{"type":"Feature","properties":{"i":0.33},"geometry":{"type":"Point","coordinates":[78.33252,18.25022]}},{"type":"Feature","properties":{"i":0.52},"geometry":{"type":"Point","coordinates":[78.37646,18.25022]}},{"type":"Feature","properties":{"i":0.58},"geometry":{"type":"Point","coordinates":[78.42041,18.25022]}},{"type":"Feature","properties":{"i":0.4},"geometry":{"type":"Point","coordinates":[78.46436,18.25022]}},{"type":"Feature","properties":{"i":0.24},"geometry":{"type":"Point","coordinates":[78.5083,18.25022]}},{"type":"Feature","properties":{"i":0.27},"geometry":{"type":"Point","coordinates":[78.55225,18.25022]}},{"type":"Feature","properties":{"i":0.1},"geometry":{"type":"Point","coordinates":[78.59619,18.25022]}},{"type":"Feature","properties":{"i":0.26},"geometry":{"type":"Point","coordinates":[78.64014,18.25022]}},{"type":"Feature","properties":{"i":0.23},"geometry":{"type":"Point","coordinates":[78.68408,18.25022]}},{"type":"Feature","properties":{"i":0.27},"geometry":{"type":"Point","coordinates":[78.72803,18.25022]}},{"type":"Feature","properties":{"i":0.04},"geometry":{"type":"Point","coordinates":[76.39893,18.20848]}},{"type":"Feature","properties":{"i":0.32},"geometry":{"type":"Point","coordinates":[76.44287,18.20848]}},{"type":"Feature","properties":{"i":0.38},"geometry":{"type":"Point","coordinates":[76.48682,18.20848]}},{"type":"Feature","properties":{"i":0.22},"geometry":{"type":"Point","coordinates":[76.53076,18.20848]}},{"type":"Feature","properties":{"i":0.17},"geometry":{"type":"Point","coordinates":[76.70654,18.20848]}},{"type":"Feature","properties":{"i":0.19},"geometry":{"type":"Point","coordinates":[76.75049,18.20848]}},{"type":"Feature","properties":{"i":0.21},"geometry":{"type":"Point","coordinates":[76.83838,18.20848]}},{"type":"Feature","properties":{"i":0.27},"geometry":{"type":"Point","coordinates":[76.92627,18.20848]}},{"type":"Feature","properties":{"i":0.23},"geometry":{"type":"Point","coordinates":[76.97021,18.20848]}},{"type":"Feature","properties":{"i":0.03},"geometry":{"type":"Point","coordinates":[77.01416,18.20848]}},{"type":"Feature","properties":{"i":0.22},"geometry":{"type":"Point","coordinates":[77.10205,18.20848]}},{"type":"Feature","properties":{"i":0.44},"geometry":{"type":"Point","coordinates":[77.18994,18.20848]}},{"type":"Feature","properties":{"i":0.19},"geometry":{"type":"Point","coordinates":[77.23389,18.20848]}},{"type":"Feature","properties":{"i":0.24},"geometry":{"type":"Point","coordinates":[77.32178,18.20848]}},{"type":"Feature","properties":{"i":0.15},"geometry":{"type":"Point","coordinates":[77.40967,18.20848]}},{"type":"Feature","properties":{"i":0.19},"geometry":{"type":"Point","coordinates":[77.45361,18.20848]}},{"type":"Feature","properties":{"i":0.18},"geometry":{"type":"Point","coordinates":[77.5415,18.20848]}},{"type":"Feature","properties":{"i":0.33},"geometry":{"type":"Point","coordinates":[77.62939,18.20848]}},{"type":"Feature","properties":{"i":0.21},"geometry":{"type":"Point","coordinates":[77.67334,18.20848]}},{"type":"Feature","properties":{"i":0.17},"geometry":{"type":"Point","coordinates":[77.71729,18.20848]}},{"type":"Feature","properties":{"i":0.43},"geometry":{"type":"Point","coordinates":[77.80518,18.20848]}},{"type":"Feature","properties":{"i":0.64},"geometry":{"type":"Point","coordinates":[77.84912,18.20848]}},{"type":"Feature","properties":{"i":0.11},"geometry":{"type":"Point","coordinates":[77.89307,18.20848]}},{"type":"Feature","properties":{"i":0.22},"geometry":{"type":"Point","coordinates":[77.93701,18.20848]}},{"type":"Feature","properties":{"i":0.74},"geometry":{"type":"Point","coordinates":[78.0249,18.20848]}},{"type":"Feature","properties":{"i":0.11},"geometry":{"type":"Point","coordinates":[78.11279,18.20848]}},{"type":"Feature","properties":{"i":0.1},"geometry":{"type":"Point","coordinates":[78.15674,18.20848]}},{"type":"Feature","properties":{"i":0.08},"geometry":{"type":"Point","coordinates":[78.20068,18.20848]}},{"type":"Feature","properties":{"i":0.44},"geometry":{"type":"Point","coordinates":[78.37646,18.20848]}},{"type":"Feature","properties":{"i":0.58},"geometry":{"type":"Point","coordinates":[78.42041,18.20848]}},{"type":"Feature","properties":{"i":0.23},"geometry":{"type":"Point","coordinates":[78.46436,18.20848]}},{"type":"Feature","properties":{"i":0.59},"geometry":{"type":"Point","coordinates":[78.5083,18.20848]}},{"type":"Feature","properties":{"i":0.33},"geometry":{"type":"Point","coordinates":[78.55225,18.20848]}},{"type":"Feature","properties":{"i":0.27},"geometry":{"type":"Point","coordinates":[78.59619,18.20848]}},{"type":"Feature","properties":{"i":0.29},"geometry":{"type":"Point","coordinates":[78.64014,18.20848]}},{"type":"Feature","properties":{"i":0.42},"geometry":{"type":"Point","coordinates":[78.68408,18.20848]}},{"type":"Feature","properties":{"i":0.1},"geometry":{"type":"Point","coordinates":[78.72803,18.20848]}},{"type":"Feature","properties":{"i":0.45},"geometry":{"type":"Point","coordinates":[76.39893,18.16673]}},{"type":"Feature","properties":{"i":0.25},"geometry":{"type":"Point","coordinates":[76.53076,18.16673]}},{"type":"Feature","properties":{"i":0.21},"geometry":{"type":"Point","coordinates":[76.57471,18.16673]}},{"type":"Feature","properties":{"i":0.4},"geometry":{"type":"Point","coordinates":[76.61865,18.16673]}},{"type":"Feature","properties":{"i":0.17},"geometry":{"type":"Point","coordinates":[76.6626,18.16673]}},{"type":"Feature","properties":{"i":0.24},"geometry":{"type":"Point","coordinates":[76.75049,18.16673]}},{"type":"Feature","properties":{"i":0.11},"geometry":{"type":"Point","coordinates":[76.79443,18.16673]}},{"type":"Feature","properties":{"i":0.45},"geometry":{"type":"Point","coordinates":[76.83838,18.16673]}},{"type":"Feature","properties":{"i":0.21},"geometry":{"type":"Point","coordinates":[76.97021,18.16673]}},{"type":"Feature","properties":{"i":0.12},"geometry":{"type":"Point","coordinates":[77.146,18.16673]}},{"type":"Feature","properties":{"i":0.09},"geometry":{"type":"Point","coordinates":[77.23389,18.16673]}},{"type":"Feature","properties":{"i":0.08},"geometry":{"type":"Point","coordinates":[77.27783,18.16673]}},{"type":"Feature","properties":{"i":0.48},"geometry":{"type":"Point","coordinates":[77.32178,18.16673]}},{"type":"Feature","properties":{"i":0.22},"geometry":{"type":"Point","coordinates":[77.36572,18.16673]}},{"type":"Feature","properties":{"i":0.17},"geometry":{"type":"Point","coordinates":[77.45361,18.16673]}},{"type":"Feature","properties":{"i":0.22},"geometry":{"type":"Point","coordinates":[77.5415,18.16673]}},{"type":"Feature","properties":{"i":0.11},"geometry":{"type":"Point","coordinates":[77.62939,18.16673]}},{"type":"Feature","properties":{"i":0.21},"geometry":{"type":"Point","coordinates":[77.71729,18.16673]}},{"type":"Feature","properties":{"i":0.22},"geometry":{"type":"Point","coordinates":[77.76123,18.16673]}},{"type":"Feature","properties":{"i":0.22},"geometry":{"type":"Point","coordinates":[77.80518,18.16673]}},{"type":"Feature","properties":{"i":0.28},"geometry":{"type":"Point","coordinates":[77.89307,18.16673]}},{"type":"Feature","properties":{"i":0.36},"geometry":{"type":"Point","coordinates":[78.0249,18.16673]}},{"type":"Feature","properties":{"i":0.15},"geometry":{"type":"Point","coordinates":[78.06885,18.16673]}},{"type":"Feature","properties":{"i":0.29},"geometry":{"type":"Point","coordinates":[78.15674,18.16673]}},{"type":"Feature","properties":{"i":0.15},"geometry":{"type":"Point","coordinates":[78.24463,18.16673]}},{"type":"Feature","properties":{"i":0.18},"geometry":{"type":"Point","coordinates":[78.28857,18.16673]}},{"type":"Feature","properties":{"i":0.29},"geometry":{"type":"Point","coordinates":[78.37646,18.16673]}},{"type":"Feature","properties":{"i":0.67},"geometry":{"type":"Point","coordinates":[78.42041,18.16673]}},{"type":"Feature","properties":{"i":0.4},"geometry":{"type":"Point","coordinates":[78.46436,18.16673]}},{"type":"Feature","properties":{"i":0.22},"geometry":{"type":"Point","coordinates":[78.5083,18.16673]}},{"type":"Feature","properties":{"i":0.32},"geometry":{"type":"Point","coordinates":[78.55225,18.16673]}},{"type":"Feature","properties":{"i":0.25},"geometry":{"type":"Point","coordinates":[78.59619,18.16673]}},{"type":"Feature","properties":{"i":0.55},"geometry":{"type":"Point","coordinates":[78.64014,18.16673]}},{"type":"Feature","properties":{"i":0.47},"geometry":{"type":"Point","coordinates":[78.68408,18.16673]}},{"type":"Feature","properties":{"i":0.23},"geometry":{"type":"Point","coordinates":[78.72803,18.16673]}},{"type":"Feature","properties":{"i":0.09},"geometry":{"type":"Point","coordinates":[76.39893,18.12497]}},{"type":"Feature","properties":{"i":0.09},"geometry":{"type":"Point","coordinates":[76.44287,18.12497]}},{"type":"Feature","properties":{"i":0.39},"geometry":{"type":"Point","coordinates":[76.48682,18.12497]}},{"type":"Feature","properties":{"i":0.08},"geometry":{"type":"Point","coordinates":[76.53076,18.12497]}},{"type":"Feature","properties":{"i":0.09},"geometry":{"type":"Point","coordinates":[76.57471,18.12497]}},{"type":"Feature","properties":{"i":0.18},"geometry":{"type":"Point","coordinates":[76.61865,18.12497]}},{"type":"Feature","properties":{"i":0.18},"geometry":{"type":"Point","coordinates":[76.70654,18.12497]}},{"type":"Feature","properties":{"i":0.8},"geometry":{"type":"Point","coordinates":[76.75049,18.12497]}},{"type":"Feature","properties":{"i":0.5},"geometry":{"type":"Point","coordinates":[76.79443,18.12497]}},{"type":"Feature","properties":{"i":0.21},"geometry":{"type":"Point","coordinates":[76.92627,18.12497]}},{"type":"Feature","properties":{"i":0.47},"geometry":{"type":"Point","coordinates":[77.27783,18.12497]}},{"type":"Feature","properties":{"i":0.19},"geometry":{"type":"Point","coordinates":[77.32178,18.12497]}},{"type":"Feature","properties":{"i":0.26},"geometry":{"type":"Point","coordinates":[77.36572,18.12497]}},{"type":"Feature","properties":{"i":0.25},"geometry":{"type":"Point","coordinates":[77.40967,18.12497]}},{"type":"Feature","properties":{"i":0.3},"geometry":{"type":"Point","coordinates":[77.58545,18.12497]}},{"type":"Feature","properties":{"i":0.42},"geometry":{"type":"Point","coordinates":[77.76123,18.12497]}},{"type":"Feature","properties":{"i":0.1},"geometry":{"type":"Point","coordinates":[77.84912,18.12497]}},{"type":"Feature","properties":{"i":0.27},"geometry":{"type":"Point","coordinates":[78.0249,18.12497]}},{"type":"Feature","properties":{"i":0.15},"geometry":{"type":"Point","coordinates":[78.06885,18.12497]}},{"type":"Feature","properties":{"i":0.03},"geometry":{"type":"Point","coordinates":[78.11279,18.12497]}},{"type":"Feature","properties":{"i":0.19},"geometry":{"type":"Point","coordinates":[78.15674,18.12497]}},{"type":"Feature","properties":{"i":0.08},"geometry":{"type":"Point","coordinates":[78.28857,18.12497]}},{"type":"Feature","properties":{"i":0.25},"geometry":{"type":"Point","coordinates":[78.37646,18.12497]}},{"type":"Feature","properties":{"i":0.77},"geometry":{"type":"Point","coordinates":[78.42041,18.12497]}},{"type":"Feature","properties":{"i":0.7},"geometry":{"type":"Point","coordinates":[78.46436,18.12497]}},{"type":"Feature","properties":{"i":0.54},"geometry":{"type":"Point","coordinates":[78.5083,18.12497]}},{"type":"Feature","properties":{"i":0.42},"geometry":{"type":"Point","coordinates":[78.55225,18.12497]}},{"type":"Feature","properties":{"i":0.4},"geometry":{"type":"Point","coordinates":[78.59619,18.12497]}},{"type":"Feature","properties":{"i":0.38},"geometry":{"type":"Point","coordinates":[78.64014,18.12497]}},{"type":"Feature","properties":{"i":0.23},"geometry":{"type":"Point","coordinates":[78.68408,18.12497]}},{"type":"Feature","properties":{"i":0.38},"geometry":{"type":"Point","coordinates":[78.72803,18.12497]}},{"type":"Feature","properties":{"i":0.23},"geometry":{"type":"Point","coordinates":[76.48682,18.0832]}},{"type":"Feature","properties":{"i":0.58},"geometry":{"type":"Point","coordinates":[76.57471,18.0832]}},{"type":"Feature","properties":{"i":0.52},"geometry":{"type":"Point","coordinates":[76.61865,18.0832]}},{"type":"Feature","properties":{"i":0.39},"geometry":{"type":"Point","coordinates":[76.75049,18.0832]}},{"type":"Feature","properties":{"i":0.07},"geometry":{"type":"Point","coordinates":[76.79443,18.0832]}},{"type":"Feature","properties":{"i":0.23},"geometry":{"type":"Point","coordinates":[76.88232,18.0832]}},{"type":"Feature","properties":{"i":0.15},"geometry":{"type":"Point","coordinates":[76.92627,18.0832]}},{"type":"Feature","properties":{"i":0.3},"geometry":{"type":"Point","coordinates":[77.01416,18.0832]}},{"type":"Feature","properties":{"i":0.5},"geometry":{"type":"Point","coordinates":[77.146,18.0832]}},{"type":"Feature","properties":{"i":0.38},"geometry":{"type":"Point","coordinates":[77.18994,18.0832]}},{"type":"Feature","properties":{"i":0.19},"geometry":{"type":"Point","coordinates":[77.23389,18.0832]}},{"type":"Feature","properties":{"i":0.27},"geometry":{"type":"Point","coordinates":[77.27783,18.0832]}},{"type":"Feature","properties":{"i":0.19},"geometry":{"type":"Point","coordinates":[77.40967,18.0832]}},{"type":"Feature","properties":{"i":0.47},"geometry":{"type":"Point","coordinates":[77.45361,18.0832]}},{"type":"Feature","properties":{"i":0.1},"geometry":{"type":"Point","coordinates":[77.58545,18.0832]}},{"type":"Feature","properties":{"i":0.33},"geometry":{"type":"Point","coordinates":[77.62939,18.0832]}},{"type":"Feature","properties":{"i":0.13},"geometry":{"type":"Point","coordinates":[77.67334,18.0832]}},{"type":"Feature","properties":{"i":0.16},"geometry":{"type":"Point","coordinates":[77.71729,18.0832]}},{"type":"Feature","properties":{"i":0.27},"geometry":{"type":"Point","coordinates":[77.76123,18.0832]}},{"type":"Feature","properties":{"i":0.19},"geometry":{"type":"Point","coordinates":[77.80518,18.0832]}},{"type":"Feature","properties":{"i":0.21},"geometry":{"type":"Point","coordinates":[77.84912,18.0832]}},{"type":"Feature","properties":{"i":0.37},"geometry":{"type":"Point","coordinates":[77.89307,18.0832]}},{"type":"Feature","properties":{"i":0.27},"geometry":{"type":"Point","coordinates":[77.93701,18.0832]}},{"type":"Feature","properties":{"i":0.23},"geometry":{"type":"Point","coordinates":[77.98096,18.0832]}},{"type":"Feature","properties":{"i":0.17},"geometry":{"type":"Point","coordinates":[78.0249,18.0832]}},{"type":"Feature","properties":{"i":0.14},"geometry":{"type":"Point","coordinates":[78.06885,18.0832]}},{"type":"Feature","properties":{"i":0.33},"geometry":{"type":"Point","coordinates":[78.11279,18.0832]}},{"type":"Feature","properties":{"i":0.27},"geometry":{"type":"Point","coordinates":[78.15674,18.0832]}},{"type":"Feature","properties":{"i":0.31},"geometry":{"type":"Point","coordinates":[78.20068,18.0832]}},{"type":"Feature","properties":{"i":0.17},"geometry":{"type":"Point","coordinates":[78.24463,18.0832]}},{"type":"Feature","properties":{"i":0.64},"geometry":{"type":"Point","coordinates":[78.28857,18.0832]}},{"type":"Feature","properties":{"i":0.22},"geometry":{"type":"Point","coordinates":[78.37646,18.0832]}},{"type":"Feature","properties":{"i":0.6},"geometry":{"type":"Point","coordinates":[78.42041,18.0832]}},{"type":"Feature","properties":{"i":0.33},"geometry":{"type":"Point","coordinates":[78.46436,18.0832]}},{"type":"Feature","properties":{"i":0.19},"geometry":{"type":"Point","coordinates":[78.5083,18.0832]}},{"type":"Feature","properties":{"i":0.27},"geometry":{"type":"Point","coordinates":[78.55225,18.0832]}},{"type":"Feature","properties":{"i":0.17},"geometry":{"type":"Point","coordinates":[78.59619,18.0832]}},{"type":"Feature","properties":{"i":0.13},"geometry":{"type":"Point","coordinates":[78.64014,18.0832]}},{"type":"Feature","properties":{"i":0.24},"geometry":{"type":"Point","coordinates":[78.68408,18.0832]}},{"type":"Feature","properties":{"i":0.24},"geometry":{"type":"Point","coordinates":[78.72803,18.0832]}},{"type":"Feature","properties":{"i":0.19},"geometry":{"type":"Point","coordinates":[76.48682,18.04142]}},{"type":"Feature","properties":{"i":0.25},"geometry":{"type":"Point","coordinates":[76.53076,18.04142]}},{"type":"Feature","properties":{"i":0.28},"geometry":{"type":"Point","coordinates":[76.57471,18.04142]}},{"type":"Feature","properties":{"i":0.75},"geometry":{"type":"Point","coordinates":[76.61865,18.04142]}},{"type":"Feature","properties":{"i":0.08},"geometry":{"type":"Point","coordinates":[76.6626,18.04142]}},{"type":"Feature","properties":{"i":0.12},"geometry":{"type":"Point","coordinates":[76.70654,18.04142]}},{"type":"Feature","properties":{"i":0.15},"geometry":{"type":"Point","coordinates":[76.88232,18.04142]}},{"type":"Feature","properties":{"i":0.38},"geometry":{"type":"Point","coordinates":[76.92627,18.04142]}},{"type":"Feature","properties":{"i":0.07},"geometry":{"type":"Point","coordinates":[77.01416,18.04142]}},{"type":"Feature","properties":{"i":0.23},"geometry":{"type":"Point","coordinates":[77.05811,18.04142]}},{"type":"Feature","properties":{"i":0.27},"geometry":{"type":"Point","coordinates":[77.146,18.04142]}},{"type":"Feature","properties":{"i":0.41},"geometry":{"type":"Point","coordinates":[77.18994,18.04142]}},{"type":"Feature","properties":{"i":0.72},"geometry":{"type":"Point","coordinates":[77.23389,18.04142]}},{"type":"Feature","properties":{"i":0.35},"geometry":{"type":"Point","coordinates":[77.27783,18.04142]}},{"type":"Feature","properties":{"i":0.23},"geometry":{"type":"Point","coordinates":[77.32178,18.04142]}},{"type":"Feature","properties":{"i":0.33},"geometry":{"type":"Point","coordinates":[77.36572,18.04142]}},{"type":"Feature","properties":{"i":0.14},"geometry":{"type":"Point","coordinates":[77.40967,18.04142]}},{"type":"Feature","properties":{"i":0.09},"geometry":{"type":"Point","coordinates":[77.45361,18.04142]}},{"type":"Feature","properties":{"i":0.41},"geometry":{"type":"Point","coordinates":[77.5415,18.04142]}},{"type":"Feature","properties":{"i":0.16},"geometry":{"type":"Point","coordinates":[77.58545,18.04142]}},{"type":"Feature","properties":{"i":0.36},"geometry":{"type":"Point","coordinates":[77.67334,18.04142]}},{"type":"Feature","properties":{"i":0.28},"geometry":{"type":"Point","coordinates":[77.71729,18.04142]}},{"type":"Feature","properties":{"i":0.61},"geometry":{"type":"Point","coordinates":[77.76123,18.04142]}},{"type":"Feature","properties":{"i":0.73},"geometry":{"type":"Point","coordinates":[77.80518,18.04142]}},{"type":"Feature","properties":{"i":0.24},"geometry":{"type":"Point","coordinates":[77.84912,18.04142]}},{"type":"Feature","properties":{"i":0.43},"geometry":{"type":"Point","coordinates":[77.89307,18.04142]}},{"type":"Feature","properties":{"i":0.62},"geometry":{"type":"Point","coordinates":[77.93701,18.04142]}},{"type":"Feature","properties":{"i":0.19},"geometry":{"type":"Point","coordinates":[77.98096,18.04142]}},{"type":"Feature","properties":{"i":0.08},"geometry":{"type":"Point","coordinates":[78.0249,18.04142]}},{"type":"Feature","properties":{"i":0.3},"geometry":{"type":"Point","coordinates":[78.06885,18.04142]}},{"type":"Feature","properties":{"i":0.33},"geometry":{"type":"Point","coordinates":[78.11279,18.04142]}},{"type":"Feature","properties":{"i":0.34},"geometry":{"type":"Point","coordinates":[78.15674,18.04142]}},{"type":"Feature","properties":{"i":0.19},"geometry":{"type":"Point","coordinates":[78.20068,18.04142]}},{"type":"Feature","properties":{"i":0.65},"geometry":{"type":"Point","coordinates":[78.24463,18.04142]}},{"type":"Feature","properties":{"i":0.73},"geometry":{"type":"Point","coordinates":[78.28857,18.04142]}},{"type":"Feature","properties":{"i":0.28},"geometry":{"type":"Point","coordinates":[78.33252,18.04142]}},{"type":"Feature","properties":{"i":0.4},"geometry":{"type":"Point","coordinates":[78.37646,18.04142]}},{"type":"Feature","properties":{"i":0.51},"geometry":{"type":"Point","coordinates":[78.42041,18.04142]}},{"type":"Feature","properties":{"i":0.19},"geometry":{"type":"Point","coordinates":[78.46436,18.04142]}},{"type":"Feature","properties":{"i":0.5},"geometry":{"type":"Point","coordinates":[78.5083,18.04142]}},{"type":"Feature","properties":{"i":0.42},"geometry":{"type":"Point","coordinates":[78.55225,18.04142]}},{"type":"Feature","properties":{"i":0.29},"geometry":{"type":"Point","coordinates":[78.59619,18.04142]}},{"type":"Feature","properties":{"i":0.41},"geometry":{"type":"Point","coordinates":[78.64014,18.04142]}},{"type":"Feature","properties":{"i":0.24},"geometry":{"type":"Point","coordinates":[78.68408,18.04142]}},{"type":"Feature","properties":{"i":0.36},"geometry":{"type":"Point","coordinates":[78.72803,18.04142]}},{"type":"Feature","properties":{"i":0.09},"geometry":{"type":"Point","coordinates":[76.39893,17.99963]}},{"type":"Feature","properties":{"i":0.29},"geometry":{"type":"Point","coordinates":[76.44287,17.99963]}},{"type":"Feature","properties":{"i":0.48},"geometry":{"type":"Point","coordinates":[76.48682,17.99963]}},{"type":"Feature","properties":{"i":0.02},"geometry":{"type":"Point","coordinates":[76.53076,17.99963]}},{"type":"Feature","properties":{"i":0.27},"geometry":{"type":"Point","coordinates":[76.57471,17.99963]}},{"type":"Feature","properties":{"i":0.13},"geometry":{"type":"Point","coordinates":[76.61865,17.99963]}},{"type":"Feature","properties":{"i":0.12},"geometry":{"type":"Point","coordinates":[76.79443,17.99963]}},{"type":"Feature","properties":{"i":0.12},"geometry":{"type":"Point","coordinates":[76.83838,17.99963]}},{"type":"Feature","properties":{"i":0.24},"geometry":{"type":"Point","coordinates":[76.97021,17.99963]}},{"type":"Feature","properties":{"i":0.53},"geometry":{"type":"Point","coordinates":[77.01416,17.99963]}},{"type":"Feature","properties":{"i":0.13},"geometry":{"type":"Point","coordinates":[77.05811,17.99963]}},{"type":"Feature","properties":{"i":0.03},"geometry":{"type":"Point","coordinates":[77.146,17.99963]}},{"type":"Feature","properties":{"i":0.14},"geometry":{"type":"Point","coordinates":[77.18994,17.99963]}},{"type":"Feature","properties":{"i":0.18},"geometry":{"type":"Point","coordinates":[77.23389,17.99963]}},{"type":"Feature","properties":{"i":0.47},"geometry":{"type":"Point","coordinates":[77.27783,17.99963]}},{"type":"Feature","properties":{"i":0.25},"geometry":{"type":"Point","coordinates":[77.32178,17.99963]}},{"type":"Feature","properties":{"i":0.15},"geometry":{"type":"Point","coordinates":[77.45361,17.99963]}},{"type":"Feature","properties":{"i":0.48},"geometry":{"type":"Point","coordinates":[77.49756,17.99963]}},{"type":"Feature","properties":{"i":0.28},"geometry":{"type":"Point","coordinates":[77.58545,17.99963]}},{"type":"Feature","properties":{"i":0.22},"geometry":{"type":"Point","coordinates":[77.62939,17.99963]}},{"type":"Feature","properties":{"i":0.25},"geometry":{"type":"Point","coordinates":[77.71729,17.99963]}},{"type":"Feature","properties":{"i":0.3},"geometry":{"type":"Point","coordinates":[77.76123,17.99963]}},{"type":"Feature","properties":{"i":0.34},"geometry":{"type":"Point","coordinates":[77.80518,17.99963]}},{"type":"Feature","properties":{"i":0.04},"geometry":{"type":"Point","coordinates":[77.89307,17.99963]}},{"type":"Feature","properties":{"i":0.33},"geometry":{"type":"Point","coordinates":[77.93701,17.99963]}},{"type":"Feature","properties":{"i":0.13},"geometry":{"type":"Point","coordinates":[77.98096,17.99963]}},{"type":"Feature","properties":{"i":0.12},"geometry":{"type":"Point","coordinates":[78.0249,17.99963]}},{"type":"Feature","properties":{"i":0.27},"geometry":{"type":"Point","coordinates":[78.06885,17.99963]}},{"type":"Feature","properties":{"i":0.17},"geometry":{"type":"Point","coordinates":[78.11279,17.99963]}},{"type":"Feature","properties":{"i":0.18},"geometry":{"type":"Point","coordinates":[78.15674,17.99963]}},{"type":"Feature","properties":{"i":0.37},"geometry":{"type":"Point","coordinates":[78.20068,17.99963]}},{"type":"Feature","properties":{"i":0.32},"geometry":{"type":"Point","coordinates":[78.24463,17.99963]}},{"type":"Feature","properties":{"i":0.22},"geometry":{"type":"Point","coordinates":[78.28857,17.99963]}},{"type":"Feature","properties":{"i":0.15},"geometry":{"type":"Point","coordinates":[78.33252,17.99963]}},{"type":"Feature","properties":{"i":0.4},"geometry":{"type":"Point","coordinates":[78.37646,17.99963]}},{"type":"Feature","properties":{"i":0.86},"geometry":{"type":"Point","coordinates":[78.42041,17.99963]}},{"type":"Feature","properties":{"i":0.4},"geometry":{"type":"Point","coordinates":[78.46436,17.99963]}},{"type":"Feature","properties":{"i":0.34},"geometry":{"type":"Point","coordinates":[78.5083,17.99963]}},{"type":"Feature","properties":{"i":0.47},"geometry":{"type":"Point","coordinates":[78.55225,17.99963]}},{"type":"Feature","properties":{"i":0.39},"geometry":{"type":"Point","coordinates":[78.59619,17.99963]}},{"type":"Feature","properties":{"i":0.36},"geometry":{"type":"Point","coordinates":[78.64014,17.99963]}},{"type":"Feature","properties":{"i":0.4},"geometry":{"type":"Point","coordinates":[78.68408,17.99963]}},{"type":"Feature","properties":{"i":0.63},"geometry":{"type":"Point","coordinates":[78.72803,17.99963]}},{"type":"Feature","properties":{"i":0.23},"geometry":{"type":"Point","coordinates":[76.39893,17.95783]}},{"type":"Feature","properties":{"i":0.14},"geometry":{"type":"Point","coordinates":[76.44287,17.95783]}},{"type":"Feature","properties":{"i":0.23},"geometry":{"type":"Point","coordinates":[76.48682,17.95783]}},{"type":"Feature","properties":{"i":0.56},"geometry":{"type":"Point","coordinates":[76.53076,17.95783]}},{"type":"Feature","properties":{"i":0.27},"geometry":{"type":"Point","coordinates":[76.57471,17.95783]}},{"type":"Feature","properties":{"i":0.07},"geometry":{"type":"Point","coordinates":[76.61865,17.95783]}},{"type":"Feature","properties":{"i":0.16},"geometry":{"type":"Point","coordinates":[76.6626,17.95783]}},{"type":"Feature","properties":{"i":0.07},"geometry":{"type":"Point","coordinates":[76.92627,17.95783]}},{"type":"Feature","properties":{"i":0.6},"geometry":{"type":"Point","coordinates":[76.97021,17.95783]}},{"type":"Feature","properties":{"i":0.35},"geometry":{"type":"Point","coordinates":[77.05811,17.95783]}},{"type":"Feature","properties":{"i":0.09},"geometry":{"type":"Point","coordinates":[77.10205,17.95783]}},{"type":"Feature","properties":{"i":0.21},"geometry":{"type":"Point","coordinates":[77.146,17.95783]}},{"type":"Feature","properties":{"i":0.15},"geometry":{"type":"Point","coordinates":[77.18994,17.95783]}},{"type":"Feature","properties":{"i":0.02},"geometry":{"type":"Point","coordinates":[77.23389,17.95783]}},{"type":"Feature","properties":{"i":0.07},"geometry":{"type":"Point","coordinates":[77.32178,17.95783]}},{"type":"Feature","properties":{"i":0.23},"geometry":{"type":"Point","coordinates":[77.36572,17.95783]}},{"type":"Feature","properties":{"i":0.42},"geometry":{"type":"Point","coordinates":[77.40967,17.95783]}},{"type":"Feature","properties":{"i":0.28},"geometry":{"type":"Point","coordinates":[77.45361,17.95783]}},{"type":"Feature","properties":{"i":0.47},"geometry":{"type":"Point","coordinates":[77.49756,17.95783]}},{"type":"Feature","properties":{"i":0.49},"geometry":{"type":"Point","coordinates":[77.5415,17.95783]}},{"type":"Feature","properties":{"i":0.18},"geometry":{"type":"Point","coordinates":[77.58545,17.95783]}},{"type":"Feature","properties":{"i":0.32},"geometry":{"type":"Point","coordinates":[77.62939,17.95783]}},{"type":"Feature","properties":{"i":0.35},"geometry":{"type":"Point","coordinates":[77.71729,17.95783]}},{"type":"Feature","properties":{"i":0.19},"geometry":{"type":"Point","coordinates":[77.76123,17.95783]}},{"type":"Feature","properties":{"i":0.16},"geometry":{"type":"Point","coordinates":[77.80518,17.95783]}},{"type":"Feature","properties":{"i":0.41},"geometry":{"type":"Point","coordinates":[77.84912,17.95783]}},{"type":"Feature","properties":{"i":0.02},"geometry":{"type":"Point","coordinates":[77.89307,17.95783]}},{"type":"Feature","properties":{"i":0.5},"geometry":{"type":"Point","coordinates":[77.93701,17.95783]}},{"type":"Feature","properties":{"i":0.62},"geometry":{"type":"Point","coordinates":[77.98096,17.95783]}},{"type":"Feature","properties":{"i":0.38},"geometry":{"type":"Point","coordinates":[78.0249,17.95783]}},{"type":"Feature","properties":{"i":0.21},"geometry":{"type":"Point","coordinates":[78.06885,17.95783]}},{"type":"Feature","properties":{"i":0.36},"geometry":{"type":"Point","coordinates":[78.11279,17.95783]}},{"type":"Feature","properties":{"i":0.32},"geometry":{"type":"Point","coordinates":[78.15674,17.95783]}},{"type":"Feature","properties":{"i":0.39},"geometry":{"type":"Point","coordinates":[78.20068,17.95783]}},{"type":"Feature","properties":{"i":0.1},"geometry":{"type":"Point","coordinates":[78.33252,17.95783]}},{"type":"Feature","properties":{"i":0.33},"geometry":{"type":"Point","coordinates":[78.37646,17.95783]}},{"type":"Feature","properties":{"i":0.56},"geometry":{"type":"Point","coordinates":[78.42041,17.95783]}},{"type":"Feature","properties":{"i":0.82},"geometry":{"type":"Point","coordinates":[78.46436,17.95783]}},{"type":"Feature","properties":{"i":0.64},"geometry":{"type":"Point","coordinates":[78.5083,17.95783]}},{"type":"Feature","properties":{"i":0.48},"geometry":{"type":"Point","coordinates":[78.55225,17.95783]}},{"type":"Feature","properties":{"i":0.38},"geometry":{"type":"Point","coordinates":[78.59619,17.95783]}},{"type":"Feature","properties":{"i":0.51},"geometry":{"type":"Point","coordinates":[78.64014,17.95783]}},{"type":"Feature","properties":{"i":0.15},"geometry":{"type":"Point","coordinates":[78.68408,17.95783]}},{"type":"Feature","properties":{"i":0.32},"geometry":{"type":"Point","coordinates":[78.72803,17.95783]}},{"type":"Feature","properties":{"i":0.52},"geometry":{"type":"Point","coordinates":[76.39893,17.91602]}},{"type":"Feature","properties":{"i":0.18},"geometry":{"type":"Point","coordinates":[76.44287,17.91602]}},{"type":"Feature","properties":{"i":0.37},"geometry":{"type":"Point","coordinates":[76.53076,17.91602]}},{"type":"Feature","properties":{"i":0.02},"geometry":{"type":"Point","coordinates":[76.57471,17.91602]}},{"type":"Feature","properties":{"i":0.29},"geometry":{"type":"Point","coordinates":[76.61865,17.91602]}},{"type":"Feature","properties":{"i":0.09},"geometry":{"type":"Point","coordinates":[76.6626,17.91602]}},{"type":"Feature","properties":{"i":0.33},"geometry":{"type":"Point","coordinates":[76.70654,17.91602]}},{"type":"Feature","properties":{"i":0.22},"geometry":{"type":"Point","coordinates":[76.75049,17.91602]}},{"type":"Feature","properties":{"i":0.27},"geometry":{"type":"Point","coordinates":[76.83838,17.91602]}},{"type":"Feature","properties":{"i":0.33},"geometry":{"type":"Point","coordinates":[76.88232,17.91602]}},{"type":"Feature","properties":{"i":0.29},"geometry":{"type":"Point","coordinates":[76.92627,17.91602]}},{"type":"Feature","properties":{"i":0.21},"geometry":{"type":"Point","coordinates":[76.97021,17.91602]}},{"type":"Feature","properties":{"i":0.29},"geometry":{"type":"Point","coordinates":[77.01416,17.91602]}},{"type":"Feature","properties":{"i":0.34},"geometry":{"type":"Point","coordinates":[77.05811,17.91602]}},{"type":"Feature","properties":{"i":0.48},"geometry":{"type":"Point","coordinates":[77.10205,17.91602]}},{"type":"Feature","properties":{"i":0.3},"geometry":{"type":"Point","coordinates":[77.146,17.91602]}},{"type":"Feature","properties":{"i":0.31},"geometry":{"type":"Point","coordinates":[77.18994,17.91602]}},{"type":"Feature","properties":{"i":0.21},"geometry":{"type":"Point","coordinates":[77.23389,17.91602]}},{"type":"Feature","properties":{"i":0.09},"geometry":{"type":"Point","coordinates":[77.32178,17.91602]}},{"type":"Feature","properties":{"i":0.48},"geometry":{"type":"Point","coordinates":[77.36572,17.91602]}},{"type":"Feature","properties":{"i":0.64},"geometry":{"type":"Point","coordinates":[77.40967,17.91602]}},{"type":"Feature","properties":{"i":0.65},"geometry":{"type":"Point","coordinates":[77.45361,17.91602]}},{"type":"Feature","properties":{"i":1},"geometry":{"type":"Point","coordinates":[77.49756,17.91602]}},{"type":"Feature","properties":{"i":1},"geometry":{"type":"Point","coordinates":[77.5415,17.91602]}},{"type":"Feature","properties":{"i":0.39},"geometry":{"type":"Point","coordinates":[77.58545,17.91602]}},{"type":"Feature","properties":{"i":0.19},"geometry":{"type":"Point","coordinates":[77.62939,17.91602]}},{"type":"Feature","properties":{"i":0.19},"geometry":{"type":"Point","coordinates":[77.67334,17.91602]}},{"type":"Feature","properties":{"i":0.11},"geometry":{"type":"Point","coordinates":[77.71729,17.91602]}},{"type":"Feature","properties":{"i":0.14},"geometry":{"type":"Point","coordinates":[77.76123,17.91602]}},{"type":"Feature","properties":{"i":0.48},"geometry":{"type":"Point","coordinates":[77.80518,17.91602]}},{"type":"Feature","properties":{"i":0.09},"geometry":{"type":"Point","coordinates":[77.84912,17.91602]}},{"type":"Feature","properties":{"i":0.18},"geometry":{"type":"Point","coordinates":[77.89307,17.91602]}},{"type":"Feature","properties":{"i":0.22},"geometry":{"type":"Point","coordinates":[77.93701,17.91602]}},{"type":"Feature","properties":{"i":0.55},"geometry":{"type":"Point","coordinates":[77.98096,17.91602]}},{"type":"Feature","properties":{"i":0.19},"geometry":{"type":"Point","coordinates":[78.0249,17.91602]}},{"type":"Feature","properties":{"i":0.19},"geometry":{"type":"Point","coordinates":[78.06885,17.91602]}},{"type":"Feature","properties":{"i":0.17},"geometry":{"type":"Point","coordinates":[78.11279,17.91602]}},{"type":"Feature","properties":{"i":0.35},"geometry":{"type":"Point","coordinates":[78.15674,17.91602]}},{"type":"Feature","properties":{"i":0.45},"geometry":{"type":"Point","coordinates":[78.20068,17.91602]}},{"type":"Feature","properties":{"i":0.34},"geometry":{"type":"Point","coordinates":[78.24463,17.91602]}},{"type":"Feature","properties":{"i":0.33},"geometry":{"type":"Point","coordinates":[78.33252,17.91602]}},{"type":"Feature","properties":{"i":0.55},"geometry":{"type":"Point","coordinates":[78.37646,17.91602]}},{"type":"Feature","properties":{"i":0.13},"geometry":{"type":"Point","coordinates":[78.42041,17.91602]}},{"type":"Feature","properties":{"i":0.62},"geometry":{"type":"Point","coordinates":[78.46436,17.91602]}},{"type":"Feature","properties":{"i":0.43},"geometry":{"type":"Point","coordinates":[78.5083,17.91602]}},{"type":"Feature","properties":{"i":0.44},"geometry":{"type":"Point","coordinates":[78.55225,17.91602]}},{"type":"Feature","properties":{"i":0.41},"geometry":{"type":"Point","coordinates":[78.59619,17.91602]}},{"type":"Feature","properties":{"i":0.36},"geometry":{"type":"Point","coordinates":[78.64014,17.91602]}},{"type":"Feature","properties":{"i":0.36},"geometry":{"type":"Point","coordinates":[78.68408,17.91602]}},{"type":"Feature","properties":{"i":0.43},"geometry":{"type":"Point","coordinates":[78.72803,17.91602]}},{"type":"Feature","properties":{"i":0.46},"geometry":{"type":"Point","coordinates":[76.39893,17.8742]}},{"type":"Feature","properties":{"i":0.09},"geometry":{"type":"Point","coordinates":[76.44287,17.8742]}},{"type":"Feature","properties":{"i":0.48},"geometry":{"type":"Point","coordinates":[76.48682,17.8742]}},{"type":"Feature","properties":{"i":0.37},"geometry":{"type":"Point","coordinates":[76.53076,17.8742]}},{"type":"Feature","properties":{"i":0.58},"geometry":{"type":"Point","coordinates":[76.57471,17.8742]}},{"type":"Feature","properties":{"i":0.25},"geometry":{"type":"Point","coordinates":[76.61865,17.8742]}},{"type":"Feature","properties":{"i":0.3},"geometry":{"type":"Point","coordinates":[76.6626,17.8742]}},{"type":"Feature","properties":{"i":0.25},"geometry":{"type":"Point","coordinates":[76.70654,17.8742]}},{"type":"Feature","properties":{"i":0.19},"geometry":{"type":"Point","coordinates":[76.79443,17.8742]}},{"type":"Feature","properties":{"i":0.09},"geometry":{"type":"Point","coordinates":[76.83838,17.8742]}},{"type":"Feature","properties":{"i":0.51},"geometry":{"type":"Point","coordinates":[76.92627,17.8742]}},{"type":"Feature","properties":{"i":0.91},"geometry":{"type":"Point","coordinates":[76.97021,17.8742]}},{"type":"Feature","properties":{"i":0.43},"geometry":{"type":"Point","coordinates":[77.01416,17.8742]}},{"type":"Feature","properties":{"i":0.25},"geometry":{"type":"Point","coordinates":[77.10205,17.8742]}},{"type":"Feature","properties":{"i":0.3},"geometry":{"type":"Point","coordinates":[77.146,17.8742]}},{"type":"Feature","properties":{"i":0.22},"geometry":{"type":"Point","coordinates":[77.18994,17.8742]}},{"type":"Feature","properties":{"i":0.21},"geometry":{"type":"Point","coordinates":[77.23389,17.8742]}},{"type":"Feature","properties":{"i":0.32},"geometry":{"type":"Point","coordinates":[77.27783,17.8742]}},{"type":"Feature","properties":{"i":0.41},"geometry":{"type":"Point","coordinates":[77.32178,17.8742]}},{"type":"Feature","properties":{"i":0.32},"geometry":{"type":"Point","coordinates":[77.36572,17.8742]}},{"type":"Feature","properties":{"i":0.25},"geometry":{"type":"Point","coordinates":[77.40967,17.8742]}},{"type":"Feature","properties":{"i":0.64},"geometry":{"type":"Point","coordinates":[77.45361,17.8742]}},{"type":"Feature","properties":{"i":1},"geometry":{"type":"Point","coordinates":[77.49756,17.8742]}},{"type":"Feature","properties":{"i":1},"geometry":{"type":"Point","coordinates":[77.5415,17.8742]}},{"type":"Feature","properties":{"i":0.42},"geometry":{"type":"Point","coordinates":[77.58545,17.8742]}},{"type":"Feature","properties":{"i":0.39},"geometry":{"type":"Point","coordinates":[77.62939,17.8742]}},{"type":"Feature","properties":{"i":0.28},"geometry":{"type":"Point","coordinates":[77.67334,17.8742]}},{"type":"Feature","properties":{"i":0.14},"geometry":{"type":"Point","coordinates":[77.71729,17.8742]}},{"type":"Feature","properties":{"i":0.12},"geometry":{"type":"Point","coordinates":[77.76123,17.8742]}},{"type":"Feature","properties":{"i":0.16},"geometry":{"type":"Point","coordinates":[77.80518,17.8742]}},{"type":"Feature","properties":{"i":0.13},"geometry":{"type":"Point","coordinates":[77.84912,17.8742]}},{"type":"Feature","properties":{"i":0.4},"geometry":{"type":"Point","coordinates":[77.93701,17.8742]}},{"type":"Feature","properties":{"i":0.25},"geometry":{"type":"Point","coordinates":[77.98096,17.8742]}},{"type":"Feature","properties":{"i":0.35},"geometry":{"type":"Point","coordinates":[78.0249,17.8742]}},{"type":"Feature","properties":{"i":0.26},"geometry":{"type":"Point","coordinates":[78.06885,17.8742]}},{"type":"Feature","properties":{"i":0.19},"geometry":{"type":"Point","coordinates":[78.11279,17.8742]}},{"type":"Feature","properties":{"i":0.13},"geometry":{"type":"Point","coordinates":[78.15674,17.8742]}},{"type":"Feature","properties":{"i":0.47},"geometry":{"type":"Point","coordinates":[78.20068,17.8742]}},{"type":"Feature","properties":{"i":0.12},"geometry":{"type":"Point","coordinates":[78.24463,17.8742]}},{"type":"Feature","properties":{"i":0.33},"geometry":{"type":"Point","coordinates":[78.28857,17.8742]}},{"type":"Feature","properties":{"i":0.28},"geometry":{"type":"Point","coordinates":[78.33252,17.8742]}},{"type":"Feature","properties":{"i":0.22},"geometry":{"type":"Point","coordinates":[78.37646,17.8742]}},{"type":"Feature","properties":{"i":0.32},"geometry":{"type":"Point","coordinates":[78.42041,17.8742]}},{"type":"Feature","properties":{"i":0.49},"geometry":{"type":"Point","coordinates":[78.46436,17.8742]}},{"type":"Feature","properties":{"i":0.47},"geometry":{"type":"Point","coordinates":[78.5083,17.8742]}},{"type":"Feature","properties":{"i":0.17},"geometry":{"type":"Point","coordinates":[78.55225,17.8742]}},{"type":"Feature","properties":{"i":0.26},"geometry":{"type":"Point","coordinates":[78.59619,17.8742]}},{"type":"Feature","properties":{"i":0.34},"geometry":{"type":"Point","coordinates":[78.64014,17.8742]}},{"type":"Feature","properties":{"i":0.35},"geometry":{"type":"Point","coordinates":[78.68408,17.8742]}},{"type":"Feature","properties":{"i":0.42},"geometry":{"type":"Point","coordinates":[78.72803,17.8742]}},{"type":"Feature","properties":{"i":0.35},"geometry":{"type":"Point","coordinates":[76.39893,17.83237]}},{"type":"Feature","properties":{"i":0.35},"geometry":{"type":"Point","coordinates":[76.44287,17.83237]}},{"type":"Feature","properties":{"i":0.22},"geometry":{"type":"Point","coordinates":[76.48682,17.83237]}},{"type":"Feature","properties":{"i":0.18},"geometry":{"type":"Point","coordinates":[76.53076,17.83237]}},{"type":"Feature","properties":{"i":0.58},"geometry":{"type":"Point","coordinates":[76.57471,17.83237]}},{"type":"Feature","properties":{"i":0.65},"geometry":{"type":"Point","coordinates":[76.61865,17.83237]}},{"type":"Feature","properties":{"i":0.79},"geometry":{"type":"Point","coordinates":[76.6626,17.83237]}},{"type":"Feature","properties":{"i":0.54},"geometry":{"type":"Point","coordinates":[76.70654,17.83237]}},{"type":"Feature","properties":{"i":0.26},"geometry":{"type":"Point","coordinates":[76.75049,17.83237]}},{"type":"Feature","properties":{"i":0.45},"geometry":{"type":"Point","coordinates":[76.79443,17.83237]}},{"type":"Feature","properties":{"i":0.39},"geometry":{"type":"Point","coordinates":[76.83838,17.83237]}},{"type":"Feature","properties":{"i":0.6},"geometry":{"type":"Point","coordinates":[76.88232,17.83237]}},{"type":"Feature","properties":{"i":0.8},"geometry":{"type":"Point","coordinates":[76.92627,17.83237]}},{"type":"Feature","properties":{"i":0.63},"geometry":{"type":"Point","coordinates":[76.97021,17.83237]}},{"type":"Feature","properties":{"i":0.02},"geometry":{"type":"Point","coordinates":[77.01416,17.83237]}},{"type":"Feature","properties":{"i":0.33},"geometry":{"type":"Point","coordinates":[77.05811,17.83237]}},{"type":"Feature","properties":{"i":0.33},"geometry":{"type":"Point","coordinates":[77.10205,17.83237]}},{"type":"Feature","properties":{"i":0.27},"geometry":{"type":"Point","coordinates":[77.146,17.83237]}},{"type":"Feature","properties":{"i":0.38},"geometry":{"type":"Point","coordinates":[77.18994,17.83237]}},{"type":"Feature","properties":{"i":0.16},"geometry":{"type":"Point","coordinates":[77.23389,17.83237]}},{"type":"Feature","properties":{"i":0.37},"geometry":{"type":"Point","coordinates":[77.27783,17.83237]}},{"type":"Feature","properties":{"i":0.19},"geometry":{"type":"Point","coordinates":[77.32178,17.83237]}},{"type":"Feature","properties":{"i":0.21},"geometry":{"type":"Point","coordinates":[77.36572,17.83237]}},{"type":"Feature","properties":{"i":0.3},"geometry":{"type":"Point","coordinates":[77.40967,17.83237]}},{"type":"Feature","properties":{"i":0.33},"geometry":{"type":"Point","coordinates":[77.45361,17.83237]}},{"type":"Feature","properties":{"i":0.61},"geometry":{"type":"Point","coordinates":[77.49756,17.83237]}},{"type":"Feature","properties":{"i":0.49},"geometry":{"type":"Point","coordinates":[77.5415,17.83237]}},{"type":"Feature","properties":{"i":0.22},"geometry":{"type":"Point","coordinates":[77.58545,17.83237]}},{"type":"Feature","properties":{"i":0.03},"geometry":{"type":"Point","coordinates":[77.62939,17.83237]}},{"type":"Feature","properties":{"i":0.08},"geometry":{"type":"Point","coordinates":[77.67334,17.83237]}},{"type":"Feature","properties":{"i":0.21},"geometry":{"type":"Point","coordinates":[77.76123,17.83237]}},{"type":"Feature","properties":{"i":0.11},"geometry":{"type":"Point","coordinates":[77.80518,17.83237]}},{"type":"Feature","properties":{"i":0.35},"geometry":{"type":"Point","coordinates":[77.93701,17.83237]}},{"type":"Feature","properties":{"i":0.38},"geometry":{"type":"Point","coordinates":[77.98096,17.83237]}},{"type":"Feature","properties":{"i":0.38},"geometry":{"type":"Point","coordinates":[78.0249,17.83237]}},{"type":"Feature","properties":{"i":0.82},"geometry":{"type":"Point","coordinates":[78.06885,17.83237]}},{"type":"Feature","properties":{"i":0.23},"geometry":{"type":"Point","coordinates":[78.11279,17.83237]}},{"type":"Feature","properties":{"i":0.25},"geometry":{"type":"Point","coordinates":[78.15674,17.83237]}},{"type":"Feature","properties":{"i":0.23},"geometry":{"type":"Point","coordinates":[78.20068,17.83237]}},{"type":"Feature","properties":{"i":0.19},"geometry":{"type":"Point","coordinates":[78.24463,17.83237]}},{"type":"Feature","properties":{"i":0.24},"geometry":{"type":"Point","coordinates":[78.28857,17.83237]}},{"type":"Feature","properties":{"i":0.15},"geometry":{"type":"Point","coordinates":[78.33252,17.83237]}},{"type":"Feature","properties":{"i":0.27},"geometry":{"type":"Point","coordinates":[78.37646,17.83237]}},{"type":"Feature","properties":{"i":0.46},"geometry":{"type":"Point","coordinates":[78.42041,17.83237]}},{"type":"Feature","properties":{"i":0.66},"geometry":{"type":"Point","coordinates":[78.46436,17.83237]}},{"type":"Feature","properties":{"i":0.56},"geometry":{"type":"Point","coordinates":[78.5083,17.83237]}},{"type":"Feature","properties":{"i":0.26},"geometry":{"type":"Point","coordinates":[78.55225,17.83237]}},{"type":"Feature","properties":{"i":0.42},"geometry":{"type":"Point","coordinates":[78.59619,17.83237]}},{"type":"Feature","properties":{"i":0.36},"geometry":{"type":"Point","coordinates":[78.64014,17.83237]}},{"type":"Feature","properties":{"i":0.88},"geometry":{"type":"Point","coordinates":[78.68408,17.83237]}},{"type":"Feature","properties":{"i":0.69},"geometry":{"type":"Point","coordinates":[78.72803,17.83237]}},{"type":"Feature","properties":{"i":0.58},"geometry":{"type":"Point","coordinates":[76.39893,17.79054]}},{"type":"Feature","properties":{"i":0.53},"geometry":{"type":"Point","coordinates":[76.48682,17.79054]}},{"type":"Feature","properties":{"i":0.08},"geometry":{"type":"Point","coordinates":[76.53076,17.79054]}},{"type":"Feature","properties":{"i":0.26},"geometry":{"type":"Point","coordinates":[76.57471,17.79054]}},{"type":"Feature","properties":{"i":0.28},"geometry":{"type":"Point","coordinates":[76.61865,17.79054]}},{"type":"Feature","properties":{"i":0.09},"geometry":{"type":"Point","coordinates":[76.6626,17.79054]}},{"type":"Feature","properties":{"i":0.33},"geometry":{"type":"Point","coordinates":[76.75049,17.79054]}},{"type":"Feature","properties":{"i":0.1},"geometry":{"type":"Point","coordinates":[76.79443,17.79054]}},{"type":"Feature","properties":{"i":0.25},"geometry":{"type":"Point","coordinates":[76.88232,17.79054]}},{"type":"Feature","properties":{"i":0.28},"geometry":{"type":"Point","coordinates":[76.92627,17.79054]}},{"type":"Feature","properties":{"i":0.31},"geometry":{"type":"Point","coordinates":[76.97021,17.79054]}},{"type":"Feature","properties":{"i":0.6},"geometry":{"type":"Point","coordinates":[77.01416,17.79054]}},{"type":"Feature","properties":{"i":0.61},"geometry":{"type":"Point","coordinates":[77.05811,17.79054]}},{"type":"Feature","properties":{"i":0.6},"geometry":{"type":"Point","coordinates":[77.10205,17.79054]}},{"type":"Feature","properties":{"i":0.61},"geometry":{"type":"Point","coordinates":[77.146,17.79054]}},{"type":"Feature","properties":{"i":0.37},"geometry":{"type":"Point","coordinates":[77.18994,17.79054]}},{"type":"Feature","properties":{"i":0.25},"geometry":{"type":"Point","coordinates":[77.23389,17.79054]}},{"type":"Feature","properties":{"i":0.29},"geometry":{"type":"Point","coordinates":[77.27783,17.79054]}},{"type":"Feature","properties":{"i":0.25},"geometry":{"type":"Point","coordinates":[77.32178,17.79054]}},{"type":"Feature","properties":{"i":0.38},"geometry":{"type":"Point","coordinates":[77.36572,17.79054]}},{"type":"Feature","properties":{"i":0.19},"geometry":{"type":"Point","coordinates":[77.40967,17.79054]}},{"type":"Feature","properties":{"i":0.32},"geometry":{"type":"Point","coordinates":[77.45361,17.79054]}},{"type":"Feature","properties":{"i":0.22},"geometry":{"type":"Point","coordinates":[77.49756,17.79054]}},{"type":"Feature","properties":{"i":0.19},"geometry":{"type":"Point","coordinates":[77.5415,17.79054]}},{"type":"Feature","properties":{"i":0.34},"geometry":{"type":"Point","coordinates":[77.58545,17.79054]}},{"type":"Feature","properties":{"i":0.03},"geometry":{"type":"Point","coordinates":[77.62939,17.79054]}},{"type":"Feature","properties":{"i":0.17},"geometry":{"type":"Point","coordinates":[77.67334,17.79054]}},{"type":"Feature","properties":{"i":0.24},"geometry":{"type":"Point","coordinates":[77.76123,17.79054]}},{"type":"Feature","properties":{"i":0.21},"geometry":{"type":"Point","coordinates":[77.80518,17.79054]}},{"type":"Feature","properties":{"i":0.08},"geometry":{"type":"Point","coordinates":[77.89307,17.79054]}},{"type":"Feature","properties":{"i":0.03},"geometry":{"type":"Point","coordinates":[77.93701,17.79054]}},{"type":"Feature","properties":{"i":0.15},"geometry":{"type":"Point","coordinates":[77.98096,17.79054]}},{"type":"Feature","properties":{"i":0.11},"geometry":{"type":"Point","coordinates":[78.0249,17.79054]}},{"type":"Feature","properties":{"i":0.49},"geometry":{"type":"Point","coordinates":[78.06885,17.79054]}},{"type":"Feature","properties":{"i":0.23},"geometry":{"type":"Point","coordinates":[78.11279,17.79054]}},{"type":"Feature","properties":{"i":0.28},"geometry":{"type":"Point","coordinates":[78.15674,17.79054]}},{"type":"Feature","properties":{"i":0.22},"geometry":{"type":"Point","coordinates":[78.20068,17.79054]}},{"type":"Feature","properties":{"i":0.28},"geometry":{"type":"Point","coordinates":[78.24463,17.79054]}},{"type":"Feature","properties":{"i":0.22},"geometry":{"type":"Point","coordinates":[78.28857,17.79054]}},{"type":"Feature","properties":{"i":0.31},"geometry":{"type":"Point","coordinates":[78.33252,17.79054]}},{"type":"Feature","properties":{"i":0.41},"geometry":{"type":"Point","coordinates":[78.37646,17.79054]}},{"type":"Feature","properties":{"i":1},"geometry":{"type":"Point","coordinates":[78.42041,17.79054]}},{"type":"Feature","properties":{"i":0.6},"geometry":{"type":"Point","coordinates":[78.46436,17.79054]}},{"type":"Feature","properties":{"i":0.37},"geometry":{"type":"Point","coordinates":[78.5083,17.79054]}},{"type":"Feature","properties":{"i":0.53},"geometry":{"type":"Point","coordinates":[78.55225,17.79054]}},{"type":"Feature","properties":{"i":0.36},"geometry":{"type":"Point","coordinates":[78.59619,17.79054]}},{"type":"Feature","properties":{"i":0.42},"geometry":{"type":"Point","coordinates":[78.64014,17.79054]}},{"type":"Feature","properties":{"i":0.56},"geometry":{"type":"Point","coordinates":[78.68408,17.79054]}},{"type":"Feature","properties":{"i":0.3},"geometry":{"type":"Point","coordinates":[78.72803,17.79054]}},{"type":"Feature","properties":{"i":0.04},"geometry":{"type":"Point","coordinates":[76.48682,17.74869]}},{"type":"Feature","properties":{"i":0.09},"geometry":{"type":"Point","coordinates":[76.53076,17.74869]}},{"type":"Feature","properties":{"i":0.18},"geometry":{"type":"Point","coordinates":[76.57471,17.74869]}},{"type":"Feature","properties":{"i":0.02},"geometry":{"type":"Point","coordinates":[76.75049,17.74869]}},{"type":"Feature","properties":{"i":0.04},"geometry":{"type":"Point","coordinates":[76.92627,17.74869]}},{"type":"Feature","properties":{"i":0.1},"geometry":{"type":"Point","coordinates":[76.97021,17.74869]}},{"type":"Feature","properties":{"i":0.42},"geometry":{"type":"Point","coordinates":[77.05811,17.74869]}},{"type":"Feature","properties":{"i":0.72},"geometry":{"type":"Point","coordinates":[77.10205,17.74869]}},{"type":"Feature","properties":{"i":0.91},"geometry":{"type":"Point","coordinates":[77.146,17.74869]}},{"type":"Feature","properties":{"i":0.53},"geometry":{"type":"Point","coordinates":[77.18994,17.74869]}},{"type":"Feature","properties":{"i":0.66},"geometry":{"type":"Point","coordinates":[77.23389,17.74869]}},{"type":"Feature","properties":{"i":0.58},"geometry":{"type":"Point","coordinates":[77.27783,17.74869]}},{"type":"Feature","properties":{"i":0.62},"geometry":{"type":"Point","coordinates":[77.32178,17.74869]}},{"type":"Feature","properties":{"i":0.43},"geometry":{"type":"Point","coordinates":[77.36572,17.74869]}},{"type":"Feature","properties":{"i":0.08},"geometry":{"type":"Point","coordinates":[77.40967,17.74869]}},{"type":"Feature","properties":{"i":0.39},"geometry":{"type":"Point","coordinates":[77.45361,17.74869]}},{"type":"Feature","properties":{"i":0.4},"geometry":{"type":"Point","coordinates":[77.49756,17.74869]}},{"type":"Feature","properties":{"i":0.33},"geometry":{"type":"Point","coordinates":[77.5415,17.74869]}},{"type":"Feature","properties":{"i":0.51},"geometry":{"type":"Point","coordinates":[77.58545,17.74869]}},{"type":"Feature","properties":{"i":0.33},"geometry":{"type":"Point","coordinates":[77.62939,17.74869]}},{"type":"Feature","properties":{"i":0.42},"geometry":{"type":"Point","coordinates":[77.67334,17.74869]}},{"type":"Feature","properties":{"i":0.41},"geometry":{"type":"Point","coordinates":[77.71729,17.74869]}},{"type":"Feature","properties":{"i":0.05},"geometry":{"type":"Point","coordinates":[77.76123,17.74869]}},{"type":"Feature","properties":{"i":0.12},"geometry":{"type":"Point","coordinates":[77.80518,17.74869]}},{"type":"Feature","properties":{"i":0.24},"geometry":{"type":"Point","coordinates":[77.84912,17.74869]}},{"type":"Feature","properties":{"i":0.23},"geometry":{"type":"Point","coordinates":[77.93701,17.74869]}},{"type":"Feature","properties":{"i":0.28},"geometry":{"type":"Point","coordinates":[77.98096,17.74869]}},{"type":"Feature","properties":{"i":0.22},"geometry":{"type":"Point","coordinates":[78.0249,17.74869]}},{"type":"Feature","properties":{"i":0.16},"geometry":{"type":"Point","coordinates":[78.06885,17.74869]}},{"type":"Feature","properties":{"i":0.36},"geometry":{"type":"Point","coordinates":[78.11279,17.74869]}},{"type":"Feature","properties":{"i":0.62},"geometry":{"type":"Point","coordinates":[78.15674,17.74869]}},{"type":"Feature","properties":{"i":0.39},"geometry":{"type":"Point","coordinates":[78.20068,17.74869]}},{"type":"Feature","properties":{"i":0.48},"geometry":{"type":"Point","coordinates":[78.24463,17.74869]}},{"type":"Feature","properties":{"i":0.91},"geometry":{"type":"Point","coordinates":[78.28857,17.74869]}},{"type":"Feature","properties":{"i":0.22},"geometry":{"type":"Point","coordinates":[78.33252,17.74869]}},{"type":"Feature","properties":{"i":0.25},"geometry":{"type":"Point","coordinates":[78.37646,17.74869]}},{"type":"Feature","properties":{"i":0.46},"geometry":{"type":"Point","coordinates":[78.42041,17.74869]}},{"type":"Feature","properties":{"i":0.82},"geometry":{"type":"Point","coordinates":[78.46436,17.74869]}},{"type":"Feature","properties":{"i":0.84},"geometry":{"type":"Point","coordinates":[78.5083,17.74869]}},{"type":"Feature","properties":{"i":0.3},"geometry":{"type":"Point","coordinates":[78.55225,17.74869]}},{"type":"Feature","properties":{"i":0.89},"geometry":{"type":"Point","coordinates":[78.59619,17.74869]}},{"type":"Feature","properties":{"i":0.64},"geometry":{"type":"Point","coordinates":[78.64014,17.74869]}},{"type":"Feature","properties":{"i":0.45},"geometry":{"type":"Point","coordinates":[78.68408,17.74869]}},{"type":"Feature","properties":{"i":0.29},"geometry":{"type":"Point","coordinates":[78.72803,17.74869]}},{"type":"Feature","properties":{"i":0.4},"geometry":{"type":"Point","coordinates":[76.39893,17.70683]}},{"type":"Feature","properties":{"i":0.19},"geometry":{"type":"Point","coordinates":[76.44287,17.70683]}},{"type":"Feature","properties":{"i":0.16},"geometry":{"type":"Point","coordinates":[76.57471,17.70683]}},{"type":"Feature","properties":{"i":0.33},"geometry":{"type":"Point","coordinates":[76.6626,17.70683]}},{"type":"Feature","properties":{"i":0.3},"geometry":{"type":"Point","coordinates":[76.83838,17.70683]}},{"type":"Feature","properties":{"i":0.43},"geometry":{"type":"Point","coordinates":[76.92627,17.70683]}},{"type":"Feature","properties":{"i":0.25},"geometry":{"type":"Point","coordinates":[76.97021,17.70683]}},{"type":"Feature","properties":{"i":0.23},"geometry":{"type":"Point","coordinates":[77.05811,17.70683]}},{"type":"Feature","properties":{"i":0.16},"geometry":{"type":"Point","coordinates":[77.10205,17.70683]}},{"type":"Feature","properties":{"i":0.17},"geometry":{"type":"Point","coordinates":[77.146,17.70683]}},{"type":"Feature","properties":{"i":0.35},"geometry":{"type":"Point","coordinates":[77.18994,17.70683]}},{"type":"Feature","properties":{"i":0.45},"geometry":{"type":"Point","coordinates":[77.23389,17.70683]}},{"type":"Feature","properties":{"i":0.35},"geometry":{"type":"Point","coordinates":[77.27783,17.70683]}},{"type":"Feature","properties":{"i":0.34},"geometry":{"type":"Point","coordinates":[77.32178,17.70683]}},{"type":"Feature","properties":{"i":0.9},"geometry":{"type":"Point","coordinates":[77.36572,17.70683]}},{"type":"Feature","properties":{"i":0.49},"geometry":{"type":"Point","coordinates":[77.40967,17.70683]}},{"type":"Feature","properties":{"i":0.52},"geometry":{"type":"Point","coordinates":[77.45361,17.70683]}},{"type":"Feature","properties":{"i":0.36},"geometry":{"type":"Point","coordinates":[77.49756,17.70683]}},{"type":"Feature","properties":{"i":0.35},"geometry":{"type":"Point","coordinates":[77.5415,17.70683]}},{"type":"Feature","properties":{"i":0.5},"geometry":{"type":"Point","coordinates":[77.58545,17.70683]}},{"type":"Feature","properties":{"i":0.56},"geometry":{"type":"Point","coordinates":[77.62939,17.70683]}},{"type":"Feature","properties":{"i":0.32},"geometry":{"type":"Point","coordinates":[77.67334,17.70683]}},{"type":"Feature","properties":{"i":0.35},"geometry":{"type":"Point","coordinates":[77.71729,17.70683]}},{"type":"Feature","properties":{"i":0.15},"geometry":{"type":"Point","coordinates":[77.80518,17.70683]}},{"type":"Feature","properties":{"i":0.33},"geometry":{"type":"Point","coordinates":[77.84912,17.70683]}},{"type":"Feature","properties":{"i":0.05},"geometry":{"type":"Point","coordinates":[77.89307,17.70683]}},{"type":"Feature","properties":{"i":0.14},"geometry":{"type":"Point","coordinates":[77.93701,17.70683]}},{"type":"Feature","properties":{"i":0.11},"geometry":{"type":"Point","coordinates":[77.98096,17.70683]}},{"type":"Feature","properties":{"i":0.25},"geometry":{"type":"Point","coordinates":[78.06885,17.70683]}},{"type":"Feature","properties":{"i":0.67},"geometry":{"type":"Point","coordinates":[78.11279,17.70683]}},{"type":"Feature","properties":{"i":0.48},"geometry":{"type":"Point","coordinates":[78.15674,17.70683]}},{"type":"Feature","properties":{"i":0.71},"geometry":{"type":"Point","coordinates":[78.20068,17.70683]}},{"type":"Feature","properties":{"i":0.46},"geometry":{"type":"Point","coordinates":[78.24463,17.70683]}},{"type":"Feature","properties":{"i":0.38},"geometry":{"type":"Point","coordinates":[78.28857,17.70683]}},{"type":"Feature","properties":{"i":0.33},"geometry":{"type":"Point","coordinates":[78.33252,17.70683]}},{"type":"Feature","properties":{"i":0.59},"geometry":{"type":"Point","coordinates":[78.37646,17.70683]}},{"type":"Feature","properties":{"i":0.47},"geometry":{"type":"Point","coordinates":[78.42041,17.70683]}},{"type":"Feature","properties":{"i":0.95},"geometry":{"type":"Point","coordinates":[78.46436,17.70683]}},{"type":"Feature","properties":{"i":1},"geometry":{"type":"Point","coordinates":[78.5083,17.70683]}},{"type":"Feature","properties":{"i":0.67},"geometry":{"type":"Point","coordinates":[78.55225,17.70683]}},{"type":"Feature","properties":{"i":0.82},"geometry":{"type":"Point","coordinates":[78.59619,17.70683]}},{"type":"Feature","properties":{"i":0.8},"geometry":{"type":"Point","coordinates":[78.64014,17.70683]}},{"type":"Feature","properties":{"i":0.34},"geometry":{"type":"Point","coordinates":[78.68408,17.70683]}},{"type":"Feature","properties":{"i":0.29},"geometry":{"type":"Point","coordinates":[78.72803,17.70683]}},{"type":"Feature","properties":{"i":0.13},"geometry":{"type":"Point","coordinates":[76.39893,17.66496]}},{"type":"Feature","properties":{"i":0.28},"geometry":{"type":"Point","coordinates":[76.57471,17.66496]}},{"type":"Feature","properties":{"i":0.19},"geometry":{"type":"Point","coordinates":[76.61865,17.66496]}},{"type":"Feature","properties":{"i":0.13},"geometry":{"type":"Point","coordinates":[76.6626,17.66496]}},{"type":"Feature","properties":{"i":0.17},"geometry":{"type":"Point","coordinates":[76.75049,17.66496]}},{"type":"Feature","properties":{"i":0.35},"geometry":{"type":"Point","coordinates":[76.79443,17.66496]}},{"type":"Feature","properties":{"i":0.11},"geometry":{"type":"Point","coordinates":[76.83838,17.66496]}},{"type":"Feature","properties":{"i":0.11},"geometry":{"type":"Point","coordinates":[76.88232,17.66496]}},{"type":"Feature","properties":{"i":0.04},"geometry":{"type":"Point","coordinates":[76.97021,17.66496]}},{"type":"Feature","properties":{"i":0.08},"geometry":{"type":"Point","coordinates":[77.01416,17.66496]}},{"type":"Feature","properties":{"i":0.3},"geometry":{"type":"Point","coordinates":[77.05811,17.66496]}},{"type":"Feature","properties":{"i":0.23},"geometry":{"type":"Point","coordinates":[77.18994,17.66496]}},{"type":"Feature","properties":{"i":0.19},"geometry":{"type":"Point","coordinates":[77.23389,17.66496]}},{"type":"Feature","properties":{"i":0.18},"geometry":{"type":"Point","coordinates":[77.27783,17.66496]}},{"type":"Feature","properties":{"i":0.6},"geometry":{"type":"Point","coordinates":[77.32178,17.66496]}},{"type":"Feature","properties":{"i":0.25},"geometry":{"type":"Point","coordinates":[77.36572,17.66496]}},{"type":"Feature","properties":{"i":0.5},"geometry":{"type":"Point","coordinates":[77.40967,17.66496]}},{"type":"Feature","properties":{"i":0.69},"geometry":{"type":"Point","coordinates":[77.45361,17.66496]}},{"type":"Feature","properties":{"i":0.31},"geometry":{"type":"Point","coordinates":[77.49756,17.66496]}},{"type":"Feature","properties":{"i":0.38},"geometry":{"type":"Point","coordinates":[77.5415,17.66496]}},{"type":"Feature","properties":{"i":1},"geometry":{"type":"Point","coordinates":[77.58545,17.66496]}},{"type":"Feature","properties":{"i":0.75},"geometry":{"type":"Point","coordinates":[77.62939,17.66496]}},{"type":"Feature","properties":{"i":0.67},"geometry":{"type":"Point","coordinates":[77.67334,17.66496]}},{"type":"Feature","properties":{"i":0.83},"geometry":{"type":"Point","coordinates":[77.71729,17.66496]}},{"type":"Feature","properties":{"i":0.62},"geometry":{"type":"Point","coordinates":[77.76123,17.66496]}},{"type":"Feature","properties":{"i":0.35},"geometry":{"type":"Point","coordinates":[77.80518,17.66496]}},{"type":"Feature","properties":{"i":0.22},"geometry":{"type":"Point","coordinates":[77.84912,17.66496]}},{"type":"Feature","properties":{"i":0.11},"geometry":{"type":"Point","coordinates":[77.89307,17.66496]}},{"type":"Feature","properties":{"i":0.34},"geometry":{"type":"Point","coordinates":[77.93701,17.66496]}},{"type":"Feature","properties":{"i":0.28},"geometry":{"type":"Point","coordinates":[77.98096,17.66496]}},{"type":"Feature","properties":{"i":0.24},"geometry":{"type":"Point","coordinates":[78.0249,17.66496]}},{"type":"Feature","properties":{"i":0.28},"geometry":{"type":"Point","coordinates":[78.06885,17.66496]}},{"type":"Feature","properties":{"i":0.51},"geometry":{"type":"Point","coordinates":[78.11279,17.66496]}},{"type":"Feature","properties":{"i":0.85},"geometry":{"type":"Point","coordinates":[78.15674,17.66496]}},{"type":"Feature","properties":{"i":0.96},"geometry":{"type":"Point","coordinates":[78.20068,17.66496]}},{"type":"Feature","properties":{"i":0.62},"geometry":{"type":"Point","coordinates":[78.24463,17.66496]}},{"type":"Feature","properties":{"i":0.36},"geometry":{"type":"Point","coordinates":[78.28857,17.66496]}},{"type":"Feature","properties":{"i":0.51},"geometry":{"type":"Point","coordinates":[78.33252,17.66496]}},{"type":"Feature","properties":{"i":0.97},"geometry":{"type":"Point","coordinates":[78.37646,17.66496]}},{"type":"Feature","properties":{"i":0.6},"geometry":{"type":"Point","coordinates":[78.42041,17.66496]}},{"type":"Feature","properties":{"i":0.73},"geometry":{"type":"Point","coordinates":[78.46436,17.66496]}},{"type":"Feature","properties":{"i":0.72},"geometry":{"type":"Point","coordinates":[78.5083,17.66496]}},{"type":"Feature","properties":{"i":0.6},"geometry":{"type":"Point","coordinates":[78.55225,17.66496]}},{"type":"Feature","properties":{"i":0.99},"geometry":{"type":"Point","coordinates":[78.59619,17.66496]}},{"type":"Feature","properties":{"i":1},"geometry":{"type":"Point","coordinates":[78.64014,17.66496]}},{"type":"Feature","properties":{"i":0.38},"geometry":{"type":"Point","coordinates":[78.68408,17.66496]}},{"type":"Feature","properties":{"i":0.88},"geometry":{"type":"Point","coordinates":[78.72803,17.66496]}},{"type":"Feature","properties":{"i":0.3},"geometry":{"type":"Point","coordinates":[76.39893,17.62308]}},{"type":"Feature","properties":{"i":0.42},"geometry":{"type":"Point","coordinates":[76.48682,17.62308]}},{"type":"Feature","properties":{"i":0.31},"geometry":{"type":"Point","coordinates":[76.53076,17.62308]}},{"type":"Feature","properties":{"i":0.4},"geometry":{"type":"Point","coordinates":[76.61865,17.62308]}},{"type":"Feature","properties":{"i":0.42},"geometry":{"type":"Point","coordinates":[76.6626,17.62308]}},{"type":"Feature","properties":{"i":0.1},"geometry":{"type":"Point","coordinates":[76.70654,17.62308]}},{"type":"Feature","properties":{"i":0.04},"geometry":{"type":"Point","coordinates":[76.75049,17.62308]}},{"type":"Feature","properties":{"i":0.31},"geometry":{"type":"Point","coordinates":[76.79443,17.62308]}},{"type":"Feature","properties":{"i":0.18},"geometry":{"type":"Point","coordinates":[76.83838,17.62308]}},{"type":"Feature","properties":{"i":0.35},"geometry":{"type":"Point","coordinates":[76.88232,17.62308]}},{"type":"Feature","properties":{"i":0.11},"geometry":{"type":"Point","coordinates":[76.97021,17.62308]}},{"type":"Feature","properties":{"i":0.15},"geometry":{"type":"Point","coordinates":[77.01416,17.62308]}},{"type":"Feature","properties":{"i":0.4},"geometry":{"type":"Point","coordinates":[77.10205,17.62308]}},{"type":"Feature","properties":{"i":0.22},"geometry":{"type":"Point","coordinates":[77.146,17.62308]}},{"type":"Feature","properties":{"i":0.14},"geometry":{"type":"Point","coordinates":[77.27783,17.62308]}},{"type":"Feature","properties":{"i":0.28},"geometry":{"type":"Point","coordinates":[77.32178,17.62308]}},{"type":"Feature","properties":{"i":0.15},"geometry":{"type":"Point","coordinates":[77.36572,17.62308]}},{"type":"Feature","properties":{"i":0.58},"geometry":{"type":"Point","coordinates":[77.40967,17.62308]}},{"type":"Feature","properties":{"i":0.21},"geometry":{"type":"Point","coordinates":[77.45361,17.62308]}},{"type":"Feature","properties":{"i":0.42},"geometry":{"type":"Point","coordinates":[77.49756,17.62308]}},{"type":"Feature","properties":{"i":0.52},"geometry":{"type":"Point","coordinates":[77.5415,17.62308]}},{"type":"Feature","properties":{"i":0.36},"geometry":{"type":"Point","coordinates":[77.58545,17.62308]}},{"type":"Feature","properties":{"i":0.14},"geometry":{"type":"Point","coordinates":[77.62939,17.62308]}},{"type":"Feature","properties":{"i":0.25},"geometry":{"type":"Point","coordinates":[77.67334,17.62308]}},{"type":"Feature","properties":{"i":0.29},"geometry":{"type":"Point","coordinates":[77.71729,17.62308]}},{"type":"Feature","properties":{"i":0.1},"geometry":{"type":"Point","coordinates":[77.76123,17.62308]}},{"type":"Feature","properties":{"i":0.7},"geometry":{"type":"Point","coordinates":[77.80518,17.62308]}},{"type":"Feature","properties":{"i":0.86},"geometry":{"type":"Point","coordinates":[77.84912,17.62308]}},{"type":"Feature","properties":{"i":0.74},"geometry":{"type":"Point","coordinates":[77.89307,17.62308]}},{"type":"Feature","properties":{"i":1},"geometry":{"type":"Point","coordinates":[77.93701,17.62308]}},{"type":"Feature","properties":{"i":0.93},"geometry":{"type":"Point","coordinates":[77.98096,17.62308]}},{"type":"Feature","properties":{"i":0.47},"geometry":{"type":"Point","coordinates":[78.0249,17.62308]}},{"type":"Feature","properties":{"i":0.82},"geometry":{"type":"Point","coordinates":[78.06885,17.62308]}},{"type":"Feature","properties":{"i":0.82},"geometry":{"type":"Point","coordinates":[78.11279,17.62308]}},{"type":"Feature","properties":{"i":0.67},"geometry":{"type":"Point","coordinates":[78.15674,17.62308]}},{"type":"Feature","properties":{"i":0.48},"geometry":{"type":"Point","coordinates":[78.20068,17.62308]}},{"type":"Feature","properties":{"i":0.39},"geometry":{"type":"Point","coordinates":[78.24463,17.62308]}},{"type":"Feature","properties":{"i":0.48},"geometry":{"type":"Point","coordinates":[78.28857,17.62308]}},{"type":"Feature","properties":{"i":0.65},"geometry":{"type":"Point","coordinates":[78.33252,17.62308]}},{"type":"Feature","properties":{"i":0.85},"geometry":{"type":"Point","coordinates":[78.37646,17.62308]}},{"type":"Feature","properties":{"i":0.65},"geometry":{"type":"Point","coordinates":[78.42041,17.62308]}},{"type":"Feature","properties":{"i":0.81},"geometry":{"type":"Point","coordinates":[78.46436,17.62308]}},{"type":"Feature","properties":{"i":1},"geometry":{"type":"Point","coordinates":[78.5083,17.62308]}},{"type":"Feature","properties":{"i":0.93},"geometry":{"type":"Point","coordinates":[78.55225,17.62308]}},{"type":"Feature","properties":{"i":0.74},"geometry":{"type":"Point","coordinates":[78.59619,17.62308]}},{"type":"Feature","properties":{"i":0.58},"geometry":{"type":"Point","coordinates":[78.64014,17.62308]}},{"type":"Feature","properties":{"i":0.49},"geometry":{"type":"Point","coordinates":[78.68408,17.62308]}},{"type":"Feature","properties":{"i":0.33},"geometry":{"type":"Point","coordinates":[78.72803,17.62308]}},{"type":"Feature","properties":{"i":0.3},"geometry":{"type":"Point","coordinates":[76.39893,17.58119]}},{"type":"Feature","properties":{"i":0.3},"geometry":{"type":"Point","coordinates":[76.44287,17.58119]}},{"type":"Feature","properties":{"i":0.11},"geometry":{"type":"Point","coordinates":[76.53076,17.58119]}},{"type":"Feature","properties":{"i":0.55},"geometry":{"type":"Point","coordinates":[76.57471,17.58119]}},{"type":"Feature","properties":{"i":0.21},"geometry":{"type":"Point","coordinates":[76.6626,17.58119]}},{"type":"Feature","properties":{"i":0.23},"geometry":{"type":"Point","coordinates":[76.70654,17.58119]}},{"type":"Feature","properties":{"i":0.17},"geometry":{"type":"Point","coordinates":[76.75049,17.58119]}},{"type":"Feature","properties":{"i":0.48},"geometry":{"type":"Point","coordinates":[76.97021,17.58119]}},{"type":"Feature","properties":{"i":0.67},"geometry":{"type":"Point","coordinates":[77.01416,17.58119]}},{"type":"Feature","properties":{"i":0.22},"geometry":{"type":"Point","coordinates":[77.05811,17.58119]}},{"type":"Feature","properties":{"i":0.08},"geometry":{"type":"Point","coordinates":[77.10205,17.58119]}},{"type":"Feature","properties":{"i":0.15},"geometry":{"type":"Point","coordinates":[77.146,17.58119]}},{"type":"Feature","properties":{"i":0.23},"geometry":{"type":"Point","coordinates":[77.23389,17.58119]}},{"type":"Feature","properties":{"i":0.02},"geometry":{"type":"Point","coordinates":[77.27783,17.58119]}},{"type":"Feature","properties":{"i":0.12},"geometry":{"type":"Point","coordinates":[77.32178,17.58119]}},{"type":"Feature","properties":{"i":0.23},"geometry":{"type":"Point","coordinates":[77.36572,17.58119]}},{"type":"Feature","properties":{"i":0.61},"geometry":{"type":"Point","coordinates":[77.40967,17.58119]}},{"type":"Feature","properties":{"i":0.63},"geometry":{"type":"Point","coordinates":[77.45361,17.58119]}},{"type":"Feature","properties":{"i":0.49},"geometry":{"type":"Point","coordinates":[77.5415,17.58119]}},{"type":"Feature","properties":{"i":0.07},"geometry":{"type":"Point","coordinates":[77.58545,17.58119]}},{"type":"Feature","properties":{"i":0.14},"geometry":{"type":"Point","coordinates":[77.62939,17.58119]}},{"type":"Feature","properties":{"i":0.33},"geometry":{"type":"Point","coordinates":[77.67334,17.58119]}},{"type":"Feature","properties":{"i":0.19},"geometry":{"type":"Point","coordinates":[77.71729,17.58119]}},{"type":"Feature","properties":{"i":0.15},"geometry":{"type":"Point","coordinates":[77.76123,17.58119]}},{"type":"Feature","properties":{"i":0.25},"geometry":{"type":"Point","coordinates":[77.80518,17.58119]}},{"type":"Feature","properties":{"i":0.18},"geometry":{"type":"Point","coordinates":[77.84912,17.58119]}},{"type":"Feature","properties":{"i":0.22},"geometry":{"type":"Point","coordinates":[77.89307,17.58119]}},{"type":"Feature","properties":{"i":0.59},"geometry":{"type":"Point","coordinates":[77.93701,17.58119]}},{"type":"Feature","properties":{"i":0.72},"geometry":{"type":"Point","coordinates":[77.98096,17.58119]}},{"type":"Feature","properties":{"i":0.7},"geometry":{"type":"Point","coordinates":[78.0249,17.58119]}},{"type":"Feature","properties":{"i":0.93},"geometry":{"type":"Point","coordinates":[78.06885,17.58119]}},{"type":"Feature","properties":{"i":0.98},"geometry":{"type":"Point","coordinates":[78.11279,17.58119]}},{"type":"Feature","properties":{"i":1},"geometry":{"type":"Point","coordinates":[78.15674,17.58119]}},{"type":"Feature","properties":{"i":0.67},"geometry":{"type":"Point","coordinates":[78.20068,17.58119]}},{"type":"Feature","properties":{"i":0.75},"geometry":{"type":"Point","coordinates":[78.24463,17.58119]}},{"type":"Feature","properties":{"i":0.84},"geometry":{"type":"Point","coordinates":[78.28857,17.58119]}},{"type":"Feature","properties":{"i":1},"geometry":{"type":"Point","coordinates":[78.33252,17.58119]}},{"type":"Feature","properties":{"i":1},"geometry":{"type":"Point","coordinates":[78.37646,17.58119]}},{"type":"Feature","properties":{"i":1},"geometry":{"type":"Point","coordinates":[78.42041,17.58119]}},{"type":"Feature","properties":{"i":0.95},"geometry":{"type":"Point","coordinates":[78.46436,17.58119]}},{"type":"Feature","properties":{"i":1},"geometry":{"type":"Point","coordinates":[78.5083,17.58119]}},{"type":"Feature","properties":{"i":0.85},"geometry":{"type":"Point","coordinates":[78.55225,17.58119]}},{"type":"Feature","properties":{"i":0.94},"geometry":{"type":"Point","coordinates":[78.59619,17.58119]}},{"type":"Feature","properties":{"i":0.72},"geometry":{"type":"Point","coordinates":[78.64014,17.58119]}},{"type":"Feature","properties":{"i":0.43},"geometry":{"type":"Point","coordinates":[78.68408,17.58119]}},{"type":"Feature","properties":{"i":0.68},"geometry":{"type":"Point","coordinates":[78.72803,17.58119]}},{"type":"Feature","properties":{"i":0.22},"geometry":{"type":"Point","coordinates":[76.44287,17.5393]}},{"type":"Feature","properties":{"i":0.3},"geometry":{"type":"Point","coordinates":[76.48682,17.5393]}},{"type":"Feature","properties":{"i":0.26},"geometry":{"type":"Point","coordinates":[76.53076,17.5393]}},{"type":"Feature","properties":{"i":0.67},"geometry":{"type":"Point","coordinates":[76.57471,17.5393]}},{"type":"Feature","properties":{"i":0.23},"geometry":{"type":"Point","coordinates":[76.61865,17.5393]}},{"type":"Feature","properties":{"i":0.15},"geometry":{"type":"Point","coordinates":[76.83838,17.5393]}},{"type":"Feature","properties":{"i":0.28},"geometry":{"type":"Point","coordinates":[76.97021,17.5393]}},{"type":"Feature","properties":{"i":0.73},"geometry":{"type":"Point","coordinates":[77.01416,17.5393]}},{"type":"Feature","properties":{"i":0.3},"geometry":{"type":"Point","coordinates":[77.10205,17.5393]}},{"type":"Feature","properties":{"i":0.11},"geometry":{"type":"Point","coordinates":[77.146,17.5393]}},{"type":"Feature","properties":{"i":0.18},"geometry":{"type":"Point","coordinates":[77.27783,17.5393]}},{"type":"Feature","properties":{"i":0.36},"geometry":{"type":"Point","coordinates":[77.32178,17.5393]}},{"type":"Feature","properties":{"i":0.22},"geometry":{"type":"Point","coordinates":[77.36572,17.5393]}},{"type":"Feature","properties":{"i":0.09},"geometry":{"type":"Point","coordinates":[77.40967,17.5393]}},{"type":"Feature","properties":{"i":0.09},"geometry":{"type":"Point","coordinates":[77.45361,17.5393]}},{"type":"Feature","properties":{"i":0.02},"geometry":{"type":"Point","coordinates":[77.62939,17.5393]}},{"type":"Feature","properties":{"i":0.26},"geometry":{"type":"Point","coordinates":[77.67334,17.5393]}},{"type":"Feature","properties":{"i":0.32},"geometry":{"type":"Point","coordinates":[77.71729,17.5393]}},{"type":"Feature","properties":{"i":0.45},"geometry":{"type":"Point","coordinates":[77.76123,17.5393]}},{"type":"Feature","properties":{"i":0.21},"geometry":{"type":"Point","coordinates":[77.80518,17.5393]}},{"type":"Feature","properties":{"i":0.36},"geometry":{"type":"Point","coordinates":[77.84912,17.5393]}},{"type":"Feature","properties":{"i":0.33},"geometry":{"type":"Point","coordinates":[77.89307,17.5393]}},{"type":"Feature","properties":{"i":0.46},"geometry":{"type":"Point","coordinates":[77.93701,17.5393]}},{"type":"Feature","properties":{"i":0.57},"geometry":{"type":"Point","coordinates":[77.98096,17.5393]}},{"type":"Feature","properties":{"i":0.55},"geometry":{"type":"Point","coordinates":[78.0249,17.5393]}},{"type":"Feature","properties":{"i":0.8},"geometry":{"type":"Point","coordinates":[78.06885,17.5393]}},{"type":"Feature","properties":{"i":0.62},"geometry":{"type":"Point","coordinates":[78.11279,17.5393]}},{"type":"Feature","properties":{"i":0.97},"geometry":{"type":"Point","coordinates":[78.15674,17.5393]}},{"type":"Feature","properties":{"i":1},"geometry":{"type":"Point","coordinates":[78.20068,17.5393]}},{"type":"Feature","properties":{"i":1},"geometry":{"type":"Point","coordinates":[78.24463,17.5393]}},{"type":"Feature","properties":{"i":1},"geometry":{"type":"Point","coordinates":[78.28857,17.5393]}},{"type":"Feature","properties":{"i":1},"geometry":{"type":"Point","coordinates":[78.33252,17.5393]}},{"type":"Feature","properties":{"i":1},"geometry":{"type":"Point","coordinates":[78.37646,17.5393]}},{"type":"Feature","properties":{"i":1},"geometry":{"type":"Point","coordinates":[78.42041,17.5393]}},{"type":"Feature","properties":{"i":1},"geometry":{"type":"Point","coordinates":[78.46436,17.5393]}},{"type":"Feature","properties":{"i":1},"geometry":{"type":"Point","coordinates":[78.5083,17.5393]}},{"type":"Feature","properties":{"i":0.91},"geometry":{"type":"Point","coordinates":[78.55225,17.5393]}},{"type":"Feature","properties":{"i":0.85},"geometry":{"type":"Point","coordinates":[78.59619,17.5393]}},{"type":"Feature","properties":{"i":0.72},"geometry":{"type":"Point","coordinates":[78.64014,17.5393]}},{"type":"Feature","properties":{"i":0.59},"geometry":{"type":"Point","coordinates":[78.68408,17.5393]}},{"type":"Feature","properties":{"i":0.45},"geometry":{"type":"Point","coordinates":[78.72803,17.5393]}},{"type":"Feature","properties":{"i":0.12},"geometry":{"type":"Point","coordinates":[76.44287,17.49739]}},{"type":"Feature","properties":{"i":0.03},"geometry":{"type":"Point","coordinates":[76.48682,17.49739]}},{"type":"Feature","properties":{"i":0.56},"geometry":{"type":"Point","coordinates":[76.57471,17.49739]}},{"type":"Feature","properties":{"i":0.11},"geometry":{"type":"Point","coordinates":[76.61865,17.49739]}},{"type":"Feature","properties":{"i":0.28},"geometry":{"type":"Point","coordinates":[76.70654,17.49739]}},{"type":"Feature","properties":{"i":0.27},"geometry":{"type":"Point","coordinates":[76.75049,17.49739]}},{"type":"Feature","properties":{"i":0.18},"geometry":{"type":"Point","coordinates":[76.88232,17.49739]}},{"type":"Feature","properties":{"i":0.22},"geometry":{"type":"Point","coordinates":[76.92627,17.49739]}},{"type":"Feature","properties":{"i":0.45},"geometry":{"type":"Point","coordinates":[76.97021,17.49739]}},{"type":"Feature","properties":{"i":0.05},"geometry":{"type":"Point","coordinates":[77.05811,17.49739]}},{"type":"Feature","properties":{"i":0.27},"geometry":{"type":"Point","coordinates":[77.10205,17.49739]}},{"type":"Feature","properties":{"i":0.22},"geometry":{"type":"Point","coordinates":[77.18994,17.49739]}},{"type":"Feature","properties":{"i":0.23},"geometry":{"type":"Point","coordinates":[77.40967,17.49739]}},{"type":"Feature","properties":{"i":0.37},"geometry":{"type":"Point","coordinates":[77.62939,17.49739]}},{"type":"Feature","properties":{"i":0.25},"geometry":{"type":"Point","coordinates":[77.67334,17.49739]}},{"type":"Feature","properties":{"i":0.21},"geometry":{"type":"Point","coordinates":[77.71729,17.49739]}},{"type":"Feature","properties":{"i":0.1},"geometry":{"type":"Point","coordinates":[77.84912,17.49739]}},{"type":"Feature","properties":{"i":0.69},"geometry":{"type":"Point","coordinates":[77.89307,17.49739]}},{"type":"Feature","properties":{"i":0.13},"geometry":{"type":"Point","coordinates":[77.93701,17.49739]}},{"type":"Feature","properties":{"i":0.34},"geometry":{"type":"Point","coordinates":[77.98096,17.49739]}},{"type":"Feature","properties":{"i":0.47},"geometry":{"type":"Point","coordinates":[78.0249,17.49739]}},{"type":"Feature","properties":{"i":0.32},"geometry":{"type":"Point","coordinates":[78.06885,17.49739]}},{"type":"Feature","properties":{"i":0.84},"geometry":{"type":"Point","coordinates":[78.11279,17.49739]}},{"type":"Feature","properties":{"i":0.79},"geometry":{"type":"Point","coordinates":[78.15674,17.49739]}},{"type":"Feature","properties":{"i":0.86},"geometry":{"type":"Point","coordinates":[78.20068,17.49739]}},{"type":"Feature","properties":{"i":1},"geometry":{"type":"Point","coordinates":[78.24463,17.49739]}},{"type":"Feature","properties":{"i":1},"geometry":{"type":"Point","coordinates":[78.28857,17.49739]}},{"type":"Feature","properties":{"i":1},"geometry":{"type":"Point","coordinates":[78.33252,17.49739]}},{"type":"Feature","properties":{"i":1},"geometry":{"type":"Point","coordinates":[78.37646,17.49739]}},{"type":"Feature","properties":{"i":1},"geometry":{"type":"Point","coordinates":[78.42041,17.49739]}},{"type":"Feature","properties":{"i":1},"geometry":{"type":"Point","coordinates":[78.46436,17.49739]}},{"type":"Feature","properties":{"i":1},"geometry":{"type":"Point","coordinates":[78.5083,17.49739]}},{"type":"Feature","properties":{"i":0.97},"geometry":{"type":"Point","coordinates":[78.55225,17.49739]}},{"type":"Feature","properties":{"i":0.99},"geometry":{"type":"Point","coordinates":[78.59619,17.49739]}},{"type":"Feature","properties":{"i":0.91},"geometry":{"type":"Point","coordinates":[78.64014,17.49739]}},{"type":"Feature","properties":{"i":0.85},"geometry":{"type":"Point","coordinates":[78.68408,17.49739]}},{"type":"Feature","properties":{"i":0.38},"geometry":{"type":"Point","coordinates":[78.72803,17.49739]}},{"type":"Feature","properties":{"i":0.62},"geometry":{"type":"Point","coordinates":[76.39893,17.45547]}},{"type":"Feature","properties":{"i":0.11},"geometry":{"type":"Point","coordinates":[76.48682,17.45547]}},{"type":"Feature","properties":{"i":0.42},"geometry":{"type":"Point","coordinates":[76.53076,17.45547]}},{"type":"Feature","properties":{"i":0.11},"geometry":{"type":"Point","coordinates":[76.57471,17.45547]}},{"type":"Feature","properties":{"i":0.31},"geometry":{"type":"Point","coordinates":[76.61865,17.45547]}},{"type":"Feature","properties":{"i":0.35},"geometry":{"type":"Point","coordinates":[76.6626,17.45547]}},{"type":"Feature","properties":{"i":0.13},"geometry":{"type":"Point","coordinates":[76.70654,17.45547]}},{"type":"Feature","properties":{"i":0.13},"geometry":{"type":"Point","coordinates":[76.75049,17.45547]}},{"type":"Feature","properties":{"i":0.19},"geometry":{"type":"Point","coordinates":[76.79443,17.45547]}},{"type":"Feature","properties":{"i":0.12},"geometry":{"type":"Point","coordinates":[76.83838,17.45547]}},{"type":"Feature","properties":{"i":0.18},"geometry":{"type":"Point","coordinates":[76.88232,17.45547]}},{"type":"Feature","properties":{"i":0.23},"geometry":{"type":"Point","coordinates":[76.92627,17.45547]}},{"type":"Feature","properties":{"i":0.05},"geometry":{"type":"Point","coordinates":[76.97021,17.45547]}},{"type":"Feature","properties":{"i":0.33},"geometry":{"type":"Point","coordinates":[77.05811,17.45547]}},{"type":"Feature","properties":{"i":0.27},"geometry":{"type":"Point","coordinates":[77.10205,17.45547]}},{"type":"Feature","properties":{"i":0.14},"geometry":{"type":"Point","coordinates":[77.18994,17.45547]}},{"type":"Feature","properties":{"i":0.12},"geometry":{"type":"Point","coordinates":[77.32178,17.45547]}},{"type":"Feature","properties":{"i":1},"geometry":{"type":"Point","coordinates":[77.40967,17.45547]}},{"type":"Feature","properties":{"i":0.38},"geometry":{"type":"Point","coordinates":[77.45361,17.45547]}},{"type":"Feature","properties":{"i":0.18},"geometry":{"type":"Point","coordinates":[77.5415,17.45547]}},{"type":"Feature","properties":{"i":0.19},"geometry":{"type":"Point","coordinates":[77.58545,17.45547]}},{"type":"Feature","properties":{"i":0.21},"geometry":{"type":"Point","coordinates":[77.62939,17.45547]}},{"type":"Feature","properties":{"i":0.34},"geometry":{"type":"Point","coordinates":[77.67334,17.45547]}},{"type":"Feature","properties":{"i":0.03},"geometry":{"type":"Point","coordinates":[77.71729,17.45547]}},{"type":"Feature","properties":{"i":0.37},"geometry":{"type":"Point","coordinates":[77.76123,17.45547]}},{"type":"Feature","properties":{"i":0.35},"geometry":{"type":"Point","coordinates":[77.80518,17.45547]}},{"type":"Feature","properties":{"i":0.14},"geometry":{"type":"Point","coordinates":[77.84912,17.45547]}},{"type":"Feature","properties":{"i":0.17},"geometry":{"type":"Point","coordinates":[77.89307,17.45547]}},{"type":"Feature","properties":{"i":0.16},"geometry":{"type":"Point","coordinates":[77.93701,17.45547]}},{"type":"Feature","properties":{"i":0.19},"geometry":{"type":"Point","coordinates":[77.98096,17.45547]}},{"type":"Feature","properties":{"i":0.26},"geometry":{"type":"Point","coordinates":[78.0249,17.45547]}},{"type":"Feature","properties":{"i":0.66},"geometry":{"type":"Point","coordinates":[78.06885,17.45547]}},{"type":"Feature","properties":{"i":0.65},"geometry":{"type":"Point","coordinates":[78.11279,17.45547]}},{"type":"Feature","properties":{"i":0.8},"geometry":{"type":"Point","coordinates":[78.15674,17.45547]}},{"type":"Feature","properties":{"i":0.84},"geometry":{"type":"Point","coordinates":[78.20068,17.45547]}},{"type":"Feature","properties":{"i":1},"geometry":{"type":"Point","coordinates":[78.24463,17.45547]}},{"type":"Feature","properties":{"i":1},"geometry":{"type":"Point","coordinates":[78.28857,17.45547]}},{"type":"Feature","properties":{"i":1},"geometry":{"type":"Point","coordinates":[78.33252,17.45547]}},{"type":"Feature","properties":{"i":1},"geometry":{"type":"Point","coordinates":[78.37646,17.45547]}},{"type":"Feature","properties":{"i":1},"geometry":{"type":"Point","coordinates":[78.42041,17.45547]}},{"type":"Feature","properties":{"i":1},"geometry":{"type":"Point","coordinates":[78.46436,17.45547]}},{"type":"Feature","properties":{"i":1},"geometry":{"type":"Point","coordinates":[78.5083,17.45547]}},{"type":"Feature","properties":{"i":1},"geometry":{"type":"Point","coordinates":[78.55225,17.45547]}},{"type":"Feature","properties":{"i":1},"geometry":{"type":"Point","coordinates":[78.59619,17.45547]}},{"type":"Feature","properties":{"i":1},"geometry":{"type":"Point","coordinates":[78.64014,17.45547]}},{"type":"Feature","properties":{"i":0.8},"geometry":{"type":"Point","coordinates":[78.68408,17.45547]}},{"type":"Feature","properties":{"i":0.61},"geometry":{"type":"Point","coordinates":[78.72803,17.45547]}},{"type":"Feature","properties":{"i":0.16},"geometry":{"type":"Point","coordinates":[76.57471,17.41355]}},{"type":"Feature","properties":{"i":0.5},"geometry":{"type":"Point","coordinates":[76.6626,17.41355]}},{"type":"Feature","properties":{"i":0.04},"geometry":{"type":"Point","coordinates":[76.70654,17.41355]}},{"type":"Feature","properties":{"i":0.17},"geometry":{"type":"Point","coordinates":[76.79443,17.41355]}},{"type":"Feature","properties":{"i":0.28},"geometry":{"type":"Point","coordinates":[76.83838,17.41355]}},{"type":"Feature","properties":{"i":0.55},"geometry":{"type":"Point","coordinates":[76.88232,17.41355]}},{"type":"Feature","properties":{"i":0.18},"geometry":{"type":"Point","coordinates":[76.92627,17.41355]}},{"type":"Feature","properties":{"i":0.3},"geometry":{"type":"Point","coordinates":[76.97021,17.41355]}},{"type":"Feature","properties":{"i":0.25},"geometry":{"type":"Point","coordinates":[77.146,17.41355]}},{"type":"Feature","properties":{"i":0.34},"geometry":{"type":"Point","coordinates":[77.18994,17.41355]}},{"type":"Feature","properties":{"i":0.17},"geometry":{"type":"Point","coordinates":[77.32178,17.41355]}},{"type":"Feature","properties":{"i":0.48},"geometry":{"type":"Point","coordinates":[77.36572,17.41355]}},{"type":"Feature","properties":{"i":0.11},"geometry":{"type":"Point","coordinates":[77.40967,17.41355]}},{"type":"Feature","properties":{"i":0.27},"geometry":{"type":"Point","coordinates":[77.45361,17.41355]}},{"type":"Feature","properties":{"i":0.25},"geometry":{"type":"Point","coordinates":[77.49756,17.41355]}},{"type":"Feature","properties":{"i":0.27},"geometry":{"type":"Point","coordinates":[77.5415,17.41355]}},{"type":"Feature","properties":{"i":0.19},"geometry":{"type":"Point","coordinates":[77.58545,17.41355]}},{"type":"Feature","properties":{"i":0.22},"geometry":{"type":"Point","coordinates":[77.67334,17.41355]}},{"type":"Feature","properties":{"i":0.47},"geometry":{"type":"Point","coordinates":[77.76123,17.41355]}},{"type":"Feature","properties":{"i":0.4},"geometry":{"type":"Point","coordinates":[77.80518,17.41355]}},{"type":"Feature","properties":{"i":0.25},"geometry":{"type":"Point","coordinates":[77.89307,17.41355]}},{"type":"Feature","properties":{"i":0.03},"geometry":{"type":"Point","coordinates":[77.93701,17.41355]}},{"type":"Feature","properties":{"i":0.45},"geometry":{"type":"Point","coordinates":[77.98096,17.41355]}},{"type":"Feature","properties":{"i":0.57},"geometry":{"type":"Point","coordinates":[78.0249,17.41355]}},{"type":"Feature","properties":{"i":0.3},"geometry":{"type":"Point","coordinates":[78.06885,17.41355]}},{"type":"Feature","properties":{"i":0.42},"geometry":{"type":"Point","coordinates":[78.11279,17.41355]}},{"type":"Feature","properties":{"i":0.42},"geometry":{"type":"Point","coordinates":[78.15674,17.41355]}},{"type":"Feature","properties":{"i":0.83},"geometry":{"type":"Point","coordinates":[78.20068,17.41355]}},{"type":"Feature","properties":{"i":1},"geometry":{"type":"Point","coordinates":[78.24463,17.41355]}},{"type":"Feature","properties":{"i":1},"geometry":{"type":"Point","coordinates":[78.28857,17.41355]}},{"type":"Feature","properties":{"i":1},"geometry":{"type":"Point","coordinates":[78.33252,17.41355]}},{"type":"Feature","properties":{"i":1},"geometry":{"type":"Point","coordinates":[78.37646,17.41355]}},{"type":"Feature","properties":{"i":1},"geometry":{"type":"Point","coordinates":[78.42041,17.41355]}},{"type":"Feature","properties":{"i":1},"geometry":{"type":"Point","coordinates":[78.46436,17.41355]}},{"type":"Feature","properties":{"i":1},"geometry":{"type":"Point","coordinates":[78.5083,17.41355]}},{"type":"Feature","properties":{"i":1},"geometry":{"type":"Point","coordinates":[78.55225,17.41355]}},{"type":"Feature","properties":{"i":1},"geometry":{"type":"Point","coordinates":[78.59619,17.41355]}},{"type":"Feature","properties":{"i":0.96},"geometry":{"type":"Point","coordinates":[78.64014,17.41355]}},{"type":"Feature","properties":{"i":0.88},"geometry":{"type":"Point","coordinates":[78.68408,17.41355]}},{"type":"Feature","properties":{"i":0.5},"geometry":{"type":"Point","coordinates":[78.72803,17.41355]}},{"type":"Feature","properties":{"i":0.56},"geometry":{"type":"Point","coordinates":[76.39893,17.37161]}},{"type":"Feature","properties":{"i":0.22},"geometry":{"type":"Point","coordinates":[76.44287,17.37161]}},{"type":"Feature","properties":{"i":0.27},"geometry":{"type":"Point","coordinates":[76.48682,17.37161]}},{"type":"Feature","properties":{"i":0.34},"geometry":{"type":"Point","coordinates":[76.57471,17.37161]}},{"type":"Feature","properties":{"i":0.21},"geometry":{"type":"Point","coordinates":[76.61865,17.37161]}},{"type":"Feature","properties":{"i":0.08},"geometry":{"type":"Point","coordinates":[76.6626,17.37161]}},{"type":"Feature","properties":{"i":0.63},"geometry":{"type":"Point","coordinates":[76.79443,17.37161]}},{"type":"Feature","properties":{"i":0.97},"geometry":{"type":"Point","coordinates":[76.83838,17.37161]}},{"type":"Feature","properties":{"i":0.81},"geometry":{"type":"Point","coordinates":[76.88232,17.37161]}},{"type":"Feature","properties":{"i":0.37},"geometry":{"type":"Point","coordinates":[76.92627,17.37161]}},{"type":"Feature","properties":{"i":0.03},"geometry":{"type":"Point","coordinates":[76.97021,17.37161]}},{"type":"Feature","properties":{"i":0.09},"geometry":{"type":"Point","coordinates":[77.01416,17.37161]}},{"type":"Feature","properties":{"i":0.22},"geometry":{"type":"Point","coordinates":[77.10205,17.37161]}},{"type":"Feature","properties":{"i":0.38},"geometry":{"type":"Point","coordinates":[77.146,17.37161]}},{"type":"Feature","properties":{"i":0.34},"geometry":{"type":"Point","coordinates":[77.18994,17.37161]}},{"type":"Feature","properties":{"i":0.26},"geometry":{"type":"Point","coordinates":[77.40967,17.37161]}},{"type":"Feature","properties":{"i":0.84},"geometry":{"type":"Point","coordinates":[77.45361,17.37161]}},{"type":"Feature","properties":{"i":0.34},"geometry":{"type":"Point","coordinates":[77.49756,17.37161]}},{"type":"Feature","properties":{"i":0.17},"geometry":{"type":"Point","coordinates":[77.5415,17.37161]}},{"type":"Feature","properties":{"i":0.04},"geometry":{"type":"Point","coordinates":[77.62939,17.37161]}},{"type":"Feature","properties":{"i":0.08},"geometry":{"type":"Point","coordinates":[77.71729,17.37161]}},{"type":"Feature","properties":{"i":0.38},"geometry":{"type":"Point","coordinates":[77.76123,17.37161]}},{"type":"Feature","properties":{"i":0.17},"geometry":{"type":"Point","coordinates":[77.80518,17.37161]}},{"type":"Feature","properties":{"i":0.3},"geometry":{"type":"Point","coordinates":[77.84912,17.37161]}},{"type":"Feature","properties":{"i":0.33},"geometry":{"type":"Point","coordinates":[77.89307,17.37161]}},{"type":"Feature","properties":{"i":0.08},"geometry":{"type":"Point","coordinates":[77.93701,17.37161]}},{"type":"Feature","properties":{"i":0.3},"geometry":{"type":"Point","coordinates":[77.98096,17.37161]}},{"type":"Feature","properties":{"i":0.22},"geometry":{"type":"Point","coordinates":[78.0249,17.37161]}},{"type":"Feature","properties":{"i":0.29},"geometry":{"type":"Point","coordinates":[78.06885,17.37161]}},{"type":"Feature","properties":{"i":0.38},"geometry":{"type":"Point","coordinates":[78.11279,17.37161]}},{"type":"Feature","properties":{"i":0.42},"geometry":{"type":"Point","coordinates":[78.15674,17.37161]}},{"type":"Feature","properties":{"i":0.44},"geometry":{"type":"Point","coordinates":[78.20068,17.37161]}},{"type":"Feature","properties":{"i":0.65},"geometry":{"type":"Point","coordinates":[78.24463,17.37161]}},{"type":"Feature","properties":{"i":0.83},"geometry":{"type":"Point","coordinates":[78.28857,17.37161]}},{"type":"Feature","properties":{"i":1},"geometry":{"type":"Point","coordinates":[78.33252,17.37161]}},{"type":"Feature","properties":{"i":1},"geometry":{"type":"Point","coordinates":[78.37646,17.37161]}},{"type":"Feature","properties":{"i":1},"geometry":{"type":"Point","coordinates":[78.42041,17.37161]}},{"type":"Feature","properties":{"i":1},"geometry":{"type":"Point","coordinates":[78.46436,17.37161]}},{"type":"Feature","properties":{"i":1},"geometry":{"type":"Point","coordinates":[78.5083,17.37161]}},{"type":"Feature","properties":{"i":1},"geometry":{"type":"Point","coordinates":[78.55225,17.37161]}},{"type":"Feature","properties":{"i":1},"geometry":{"type":"Point","coordinates":[78.59619,17.37161]}},{"type":"Feature","properties":{"i":0.79},"geometry":{"type":"Point","coordinates":[78.64014,17.37161]}},{"type":"Feature","properties":{"i":0.69},"geometry":{"type":"Point","coordinates":[78.68408,17.37161]}},{"type":"Feature","properties":{"i":0.59},"geometry":{"type":"Point","coordinates":[78.72803,17.37161]}},{"type":"Feature","properties":{"i":0.3},"geometry":{"type":"Point","coordinates":[76.39893,17.32966]}},{"type":"Feature","properties":{"i":0.18},"geometry":{"type":"Point","coordinates":[76.44287,17.32966]}},{"type":"Feature","properties":{"i":0.34},"geometry":{"type":"Point","coordinates":[76.48682,17.32966]}},{"type":"Feature","properties":{"i":0.3},"geometry":{"type":"Point","coordinates":[76.57471,17.32966]}},{"type":"Feature","properties":{"i":0.33},"geometry":{"type":"Point","coordinates":[76.61865,17.32966]}},{"type":"Feature","properties":{"i":0.28},"geometry":{"type":"Point","coordinates":[76.6626,17.32966]}},{"type":"Feature","properties":{"i":0.15},"geometry":{"type":"Point","coordinates":[76.70654,17.32966]}},{"type":"Feature","properties":{"i":0.29},"geometry":{"type":"Point","coordinates":[76.75049,17.32966]}},{"type":"Feature","properties":{"i":1},"geometry":{"type":"Point","coordinates":[76.79443,17.32966]}},{"type":"Feature","properties":{"i":1},"geometry":{"type":"Point","coordinates":[76.83838,17.32966]}},{"type":"Feature","properties":{"i":1},"geometry":{"type":"Point","coordinates":[76.88232,17.32966]}},{"type":"Feature","properties":{"i":0.35},"geometry":{"type":"Point","coordinates":[76.92627,17.32966]}},{"type":"Feature","properties":{"i":0.17},"geometry":{"type":"Point","coordinates":[76.97021,17.32966]}},{"type":"Feature","properties":{"i":0.22},"geometry":{"type":"Point","coordinates":[77.01416,17.32966]}},{"type":"Feature","properties":{"i":0.13},"geometry":{"type":"Point","coordinates":[77.05811,17.32966]}},{"type":"Feature","properties":{"i":0.24},"geometry":{"type":"Point","coordinates":[77.10205,17.32966]}},{"type":"Feature","properties":{"i":0.61},"geometry":{"type":"Point","coordinates":[77.146,17.32966]}},{"type":"Feature","properties":{"i":0.32},"geometry":{"type":"Point","coordinates":[77.40967,17.32966]}},{"type":"Feature","properties":{"i":0.57},"geometry":{"type":"Point","coordinates":[77.45361,17.32966]}},{"type":"Feature","properties":{"i":0.62},"geometry":{"type":"Point","coordinates":[77.49756,17.32966]}},{"type":"Feature","properties":{"i":0.3},"geometry":{"type":"Point","coordinates":[77.5415,17.32966]}},{"type":"Feature","properties":{"i":0.3},"geometry":{"type":"Point","coordinates":[77.62939,17.32966]}},{"type":"Feature","properties":{"i":0.18},"geometry":{"type":"Point","coordinates":[77.67334,17.32966]}},{"type":"Feature","properties":{"i":0.23},"geometry":{"type":"Point","coordinates":[77.71729,17.32966]}},{"type":"Feature","properties":{"i":0.39},"geometry":{"type":"Point","coordinates":[77.80518,17.32966]}},{"type":"Feature","properties":{"i":0.21},"geometry":{"type":"Point","coordinates":[77.84912,17.32966]}},{"type":"Feature","properties":{"i":0.83},"geometry":{"type":"Point","coordinates":[77.89307,17.32966]}},{"type":"Feature","properties":{"i":0.67},"geometry":{"type":"Point","coordinates":[77.93701,17.32966]}},{"type":"Feature","properties":{"i":0.33},"geometry":{"type":"Point","coordinates":[77.98096,17.32966]}},{"type":"Feature","properties":{"i":0.59},"geometry":{"type":"Point","coordinates":[78.0249,17.32966]}},{"type":"Feature","properties":{"i":0.57},"geometry":{"type":"Point","coordinates":[78.06885,17.32966]}},{"type":"Feature","properties":{"i":0.4},"geometry":{"type":"Point","coordinates":[78.11279,17.32966]}},{"type":"Feature","properties":{"i":0.64},"geometry":{"type":"Point","coordinates":[78.15674,17.32966]}},{"type":"Feature","properties":{"i":0.69},"geometry":{"type":"Point","coordinates":[78.20068,17.32966]}},{"type":"Feature","properties":{"i":0.53},"geometry":{"type":"Point","coordinates":[78.24463,17.32966]}},{"type":"Feature","properties":{"i":0.74},"geometry":{"type":"Point","coordinates":[78.28857,17.32966]}},{"type":"Feature","properties":{"i":0.98},"geometry":{"type":"Point","coordinates":[78.33252,17.32966]}},{"type":"Feature","properties":{"i":1},"geometry":{"type":"Point","coordinates":[78.37646,17.32966]}},{"type":"Feature","properties":{"i":1},"geometry":{"type":"Point","coordinates":[78.42041,17.32966]}},{"type":"Feature","properties":{"i":1},"geometry":{"type":"Point","coordinates":[78.46436,17.32966]}},{"type":"Feature","properties":{"i":1},"geometry":{"type":"Point","coordinates":[78.5083,17.32966]}},{"type":"Feature","properties":{"i":1},"geometry":{"type":"Point","coordinates":[78.55225,17.32966]}},{"type":"Feature","properties":{"i":1},"geometry":{"type":"Point","coordinates":[78.59619,17.32966]}},{"type":"Feature","properties":{"i":0.97},"geometry":{"type":"Point","coordinates":[78.64014,17.32966]}},{"type":"Feature","properties":{"i":1},"geometry":{"type":"Point","coordinates":[78.68408,17.32966]}},{"type":"Feature","properties":{"i":0.61},"geometry":{"type":"Point","coordinates":[78.72803,17.32966]}},{"type":"Feature","properties":{"i":0.17},"geometry":{"type":"Point","coordinates":[76.39893,17.28771]}},{"type":"Feature","properties":{"i":0.09},"geometry":{"type":"Point","coordinates":[76.44287,17.28771]}},{"type":"Feature","properties":{"i":0.27},"geometry":{"type":"Point","coordinates":[76.61865,17.28771]}},{"type":"Feature","properties":{"i":0.37},"geometry":{"type":"Point","coordinates":[76.75049,17.28771]}},{"type":"Feature","properties":{"i":0.69},"geometry":{"type":"Point","coordinates":[76.79443,17.28771]}},{"type":"Feature","properties":{"i":0.84},"geometry":{"type":"Point","coordinates":[76.83838,17.28771]}},{"type":"Feature","properties":{"i":0.7},"geometry":{"type":"Point","coordinates":[76.88232,17.28771]}},{"type":"Feature","properties":{"i":0.27},"geometry":{"type":"Point","coordinates":[76.92627,17.28771]}},{"type":"Feature","properties":{"i":0.49},"geometry":{"type":"Point","coordinates":[76.97021,17.28771]}},{"type":"Feature","properties":{"i":0.25},"geometry":{"type":"Point","coordinates":[77.01416,17.28771]}},{"type":"Feature","properties":{"i":0.11},"geometry":{"type":"Point","coordinates":[77.05811,17.28771]}},{"type":"Feature","properties":{"i":0.1},"geometry":{"type":"Point","coordinates":[77.10205,17.28771]}},{"type":"Feature","properties":{"i":0.32},"geometry":{"type":"Point","coordinates":[77.18994,17.28771]}},{"type":"Feature","properties":{"i":0.15},"geometry":{"type":"Point","coordinates":[77.32178,17.28771]}},{"type":"Feature","properties":{"i":0.27},"geometry":{"type":"Point","coordinates":[77.36572,17.28771]}},{"type":"Feature","properties":{"i":0.28},"geometry":{"type":"Point","coordinates":[77.40967,17.28771]}},{"type":"Feature","properties":{"i":0.71},"geometry":{"type":"Point","coordinates":[77.45361,17.28771]}},{"type":"Feature","properties":{"i":0.53},"geometry":{"type":"Point","coordinates":[77.49756,17.28771]}},{"type":"Feature","properties":{"i":0.37},"geometry":{"type":"Point","coordinates":[77.5415,17.28771]}},{"type":"Feature","properties":{"i":0.39},"geometry":{"type":"Point","coordinates":[77.58545,17.28771]}},{"type":"Feature","properties":{"i":0.3},"geometry":{"type":"Point","coordinates":[77.62939,17.28771]}},{"type":"Feature","properties":{"i":0.4},"geometry":{"type":"Point","coordinates":[77.67334,17.28771]}},{"type":"Feature","properties":{"i":0.25},"geometry":{"type":"Point","coordinates":[77.71729,17.28771]}},{"type":"Feature","properties":{"i":0.34},"geometry":{"type":"Point","coordinates":[77.76123,17.28771]}},{"type":"Feature","properties":{"i":0.35},"geometry":{"type":"Point","coordinates":[77.80518,17.28771]}},{"type":"Feature","properties":{"i":0.25},"geometry":{"type":"Point","coordinates":[77.84912,17.28771]}},{"type":"Feature","properties":{"i":0.17},"geometry":{"type":"Point","coordinates":[77.89307,17.28771]}},{"type":"Feature","properties":{"i":0.22},"geometry":{"type":"Point","coordinates":[77.93701,17.28771]}},{"type":"Feature","properties":{"i":0.71},"geometry":{"type":"Point","coordinates":[77.98096,17.28771]}},{"type":"Feature","properties":{"i":0.38},"geometry":{"type":"Point","coordinates":[78.0249,17.28771]}},{"type":"Feature","properties":{"i":0.45},"geometry":{"type":"Point","coordinates":[78.06885,17.28771]}},{"type":"Feature","properties":{"i":0.35},"geometry":{"type":"Point","coordinates":[78.11279,17.28771]}},{"type":"Feature","properties":{"i":0.6},"geometry":{"type":"Point","coordinates":[78.15674,17.28771]}},{"type":"Feature","properties":{"i":0.58},"geometry":{"type":"Point","coordinates":[78.20068,17.28771]}},{"type":"Feature","properties":{"i":0.56},"geometry":{"type":"Point","coordinates":[78.24463,17.28771]}},{"type":"Feature","properties":{"i":0.83},"geometry":{"type":"Point","coordinates":[78.28857,17.28771]}},{"type":"Feature","properties":{"i":0.73},"geometry":{"type":"Point","coordinates":[78.33252,17.28771]}},{"type":"Feature","properties":{"i":0.92},"geometry":{"type":"Point","coordinates":[78.37646,17.28771]}},{"type":"Feature","properties":{"i":1},"geometry":{"type":"Point","coordinates":[78.42041,17.28771]}},{"type":"Feature","properties":{"i":1},"geometry":{"type":"Point","coordinates":[78.46436,17.28771]}},{"type":"Feature","properties":{"i":1},"geometry":{"type":"Point","coordinates":[78.5083,17.28771]}},{"type":"Feature","properties":{"i":1},"geometry":{"type":"Point","coordinates":[78.55225,17.28771]}},{"type":"Feature","properties":{"i":0.83},"geometry":{"type":"Point","coordinates":[78.59619,17.28771]}},{"type":"Feature","properties":{"i":0.82},"geometry":{"type":"Point","coordinates":[78.64014,17.28771]}},{"type":"Feature","properties":{"i":0.83},"geometry":{"type":"Point","coordinates":[78.68408,17.28771]}},{"type":"Feature","properties":{"i":0.9},"geometry":{"type":"Point","coordinates":[78.72803,17.28771]}},{"type":"Feature","properties":{"i":0.56},"geometry":{"type":"Point","coordinates":[76.48682,17.24574]}},{"type":"Feature","properties":{"i":0.4},"geometry":{"type":"Point","coordinates":[76.57471,17.24574]}},{"type":"Feature","properties":{"i":0.21},"geometry":{"type":"Point","coordinates":[76.6626,17.24574]}},{"type":"Feature","properties":{"i":0.28},"geometry":{"type":"Point","coordinates":[76.70654,17.24574]}},{"type":"Feature","properties":{"i":0.38},"geometry":{"type":"Point","coordinates":[76.79443,17.24574]}},{"type":"Feature","properties":{"i":0.57},"geometry":{"type":"Point","coordinates":[76.83838,17.24574]}},{"type":"Feature","properties":{"i":0.74},"geometry":{"type":"Point","coordinates":[76.88232,17.24574]}},{"type":"Feature","properties":{"i":0.29},"geometry":{"type":"Point","coordinates":[76.92627,17.24574]}},{"type":"Feature","properties":{"i":0.28},"geometry":{"type":"Point","coordinates":[76.97021,17.24574]}},{"type":"Feature","properties":{"i":0.44},"geometry":{"type":"Point","coordinates":[77.05811,17.24574]}},{"type":"Feature","properties":{"i":0.19},"geometry":{"type":"Point","coordinates":[77.146,17.24574]}},{"type":"Feature","properties":{"i":0.25},"geometry":{"type":"Point","coordinates":[77.45361,17.24574]}},{"type":"Feature","properties":{"i":0.31},"geometry":{"type":"Point","coordinates":[77.49756,17.24574]}},{"type":"Feature","properties":{"i":0.18},"geometry":{"type":"Point","coordinates":[77.5415,17.24574]}},{"type":"Feature","properties":{"i":0.92},"geometry":{"type":"Point","coordinates":[77.58545,17.24574]}},{"type":"Feature","properties":{"i":0.63},"geometry":{"type":"Point","coordinates":[77.62939,17.24574]}},{"type":"Feature","properties":{"i":0.1},"geometry":{"type":"Point","coordinates":[77.67334,17.24574]}},{"type":"Feature","properties":{"i":0.09},"geometry":{"type":"Point","coordinates":[77.71729,17.24574]}},{"type":"Feature","properties":{"i":0.27},"geometry":{"type":"Point","coordinates":[77.76123,17.24574]}},{"type":"Feature","properties":{"i":0.29},"geometry":{"type":"Point","coordinates":[77.80518,17.24574]}},{"type":"Feature","properties":{"i":0.12},"geometry":{"type":"Point","coordinates":[77.84912,17.24574]}},{"type":"Feature","properties":{"i":0.34},"geometry":{"type":"Point","coordinates":[77.93701,17.24574]}},{"type":"Feature","properties":{"i":0.54},"geometry":{"type":"Point","coordinates":[77.98096,17.24574]}},{"type":"Feature","properties":{"i":0.18},"geometry":{"type":"Point","coordinates":[78.0249,17.24574]}},{"type":"Feature","properties":{"i":0.44},"geometry":{"type":"Point","coordinates":[78.06885,17.24574]}},{"type":"Feature","properties":{"i":0.42},"geometry":{"type":"Point","coordinates":[78.11279,17.24574]}},{"type":"Feature","properties":{"i":0.58},"geometry":{"type":"Point","coordinates":[78.15674,17.24574]}},{"type":"Feature","properties":{"i":1},"geometry":{"type":"Point","coordinates":[78.20068,17.24574]}},{"type":"Feature","properties":{"i":0.68},"geometry":{"type":"Point","coordinates":[78.24463,17.24574]}},{"type":"Feature","properties":{"i":0.5},"geometry":{"type":"Point","coordinates":[78.28857,17.24574]}},{"type":"Feature","properties":{"i":0.79},"geometry":{"type":"Point","coordinates":[78.33252,17.24574]}},{"type":"Feature","properties":{"i":1},"geometry":{"type":"Point","coordinates":[78.37646,17.24574]}},{"type":"Feature","properties":{"i":1},"geometry":{"type":"Point","coordinates":[78.42041,17.24574]}},{"type":"Feature","properties":{"i":1},"geometry":{"type":"Point","coordinates":[78.46436,17.24574]}},{"type":"Feature","properties":{"i":0.74},"geometry":{"type":"Point","coordinates":[78.5083,17.24574]}},{"type":"Feature","properties":{"i":0.91},"geometry":{"type":"Point","coordinates":[78.55225,17.24574]}},{"type":"Feature","properties":{"i":0.79},"geometry":{"type":"Point","coordinates":[78.59619,17.24574]}},{"type":"Feature","properties":{"i":0.63},"geometry":{"type":"Point","coordinates":[78.64014,17.24574]}},{"type":"Feature","properties":{"i":0.58},"geometry":{"type":"Point","coordinates":[78.68408,17.24574]}},{"type":"Feature","properties":{"i":0.38},"geometry":{"type":"Point","coordinates":[78.72803,17.24574]}},{"type":"Feature","properties":{"i":0.42},"geometry":{"type":"Point","coordinates":[76.39893,17.20377]}},{"type":"Feature","properties":{"i":0.1},"geometry":{"type":"Point","coordinates":[76.48682,17.20377]}},{"type":"Feature","properties":{"i":0.36},"geometry":{"type":"Point","coordinates":[76.53076,17.20377]}},{"type":"Feature","properties":{"i":0.59},"geometry":{"type":"Point","coordinates":[76.57471,17.20377]}},{"type":"Feature","properties":{"i":0.31},"geometry":{"type":"Point","coordinates":[76.75049,17.20377]}},{"type":"Feature","properties":{"i":0.28},"geometry":{"type":"Point","coordinates":[76.88232,17.20377]}},{"type":"Feature","properties":{"i":0.19},"geometry":{"type":"Point","coordinates":[76.92627,17.20377]}},{"type":"Feature","properties":{"i":0.29},"geometry":{"type":"Point","coordinates":[76.97021,17.20377]}},{"type":"Feature","properties":{"i":0.16},"geometry":{"type":"Point","coordinates":[77.05811,17.20377]}},{"type":"Feature","properties":{"i":0.47},"geometry":{"type":"Point","coordinates":[77.146,17.20377]}},{"type":"Feature","properties":{"i":0.19},"geometry":{"type":"Point","coordinates":[77.18994,17.20377]}},{"type":"Feature","properties":{"i":0.16},"geometry":{"type":"Point","coordinates":[77.23389,17.20377]}},{"type":"Feature","properties":{"i":0.29},"geometry":{"type":"Point","coordinates":[77.27783,17.20377]}},{"type":"Feature","properties":{"i":0.12},"geometry":{"type":"Point","coordinates":[77.32178,17.20377]}},{"type":"Feature","properties":{"i":0.25},"geometry":{"type":"Point","coordinates":[77.36572,17.20377]}},{"type":"Feature","properties":{"i":0.53},"geometry":{"type":"Point","coordinates":[77.40967,17.20377]}},{"type":"Feature","properties":{"i":0.34},"geometry":{"type":"Point","coordinates":[77.45361,17.20377]}},{"type":"Feature","properties":{"i":0.1},"geometry":{"type":"Point","coordinates":[77.49756,17.20377]}},{"type":"Feature","properties":{"i":0.14},"geometry":{"type":"Point","coordinates":[77.5415,17.20377]}},{"type":"Feature","properties":{"i":0.26},"geometry":{"type":"Point","coordinates":[77.58545,17.20377]}},{"type":"Feature","properties":{"i":0.31},"geometry":{"type":"Point","coordinates":[77.62939,17.20377]}},{"type":"Feature","properties":{"i":0.11},"geometry":{"type":"Point","coordinates":[77.67334,17.20377]}},{"type":"Feature","properties":{"i":0.18},"geometry":{"type":"Point","coordinates":[77.71729,17.20377]}},{"type":"Feature","properties":{"i":0.26},"geometry":{"type":"Point","coordinates":[77.76123,17.20377]}},{"type":"Feature","properties":{"i":0.11},"geometry":{"type":"Point","coordinates":[77.80518,17.20377]}},{"type":"Feature","properties":{"i":0.11},"geometry":{"type":"Point","coordinates":[77.84912,17.20377]}},{"type":"Feature","properties":{"i":0.37},"geometry":{"type":"Point","coordinates":[77.89307,17.20377]}},{"type":"Feature","properties":{"i":0.33},"geometry":{"type":"Point","coordinates":[77.93701,17.20377]}},{"type":"Feature","properties":{"i":0.31},"geometry":{"type":"Point","coordinates":[77.98096,17.20377]}},{"type":"Feature","properties":{"i":0.41},"geometry":{"type":"Point","coordinates":[78.0249,17.20377]}},{"type":"Feature","properties":{"i":0.29},"geometry":{"type":"Point","coordinates":[78.06885,17.20377]}},{"type":"Feature","properties":{"i":0.6},"geometry":{"type":"Point","coordinates":[78.11279,17.20377]}},{"type":"Feature","properties":{"i":0.91},"geometry":{"type":"Point","coordinates":[78.15674,17.20377]}},{"type":"Feature","properties":{"i":0.99},"geometry":{"type":"Point","coordinates":[78.20068,17.20377]}},{"type":"Feature","properties":{"i":0.47},"geometry":{"type":"Point","coordinates":[78.24463,17.20377]}},{"type":"Feature","properties":{"i":0.71},"geometry":{"type":"Point","coordinates":[78.28857,17.20377]}},{"type":"Feature","properties":{"i":0.74},"geometry":{"type":"Point","coordinates":[78.33252,17.20377]}},{"type":"Feature","properties":{"i":0.75},"geometry":{"type":"Point","coordinates":[78.37646,17.20377]}},{"type":"Feature","properties":{"i":1},"geometry":{"type":"Point","coordinates":[78.42041,17.20377]}},{"type":"Feature","properties":{"i":0.98},"geometry":{"type":"Point","coordinates":[78.46436,17.20377]}},{"type":"Feature","properties":{"i":1},"geometry":{"type":"Point","coordinates":[78.5083,17.20377]}},{"type":"Feature","properties":{"i":0.95},"geometry":{"type":"Point","coordinates":[78.55225,17.20377]}},{"type":"Feature","properties":{"i":0.89},"geometry":{"type":"Point","coordinates":[78.59619,17.20377]}},{"type":"Feature","properties":{"i":0.81},"geometry":{"type":"Point","coordinates":[78.64014,17.20377]}},{"type":"Feature","properties":{"i":0.5},"geometry":{"type":"Point","coordinates":[78.68408,17.20377]}},{"type":"Feature","properties":{"i":0.35},"geometry":{"type":"Point","coordinates":[78.72803,17.20377]}},{"type":"Feature","properties":{"i":0.17},"geometry":{"type":"Point","coordinates":[76.44287,17.16179]}},{"type":"Feature","properties":{"i":0.62},"geometry":{"type":"Point","coordinates":[76.53076,17.16179]}},{"type":"Feature","properties":{"i":0.12},"geometry":{"type":"Point","coordinates":[76.57471,17.16179]}},{"type":"Feature","properties":{"i":0.21},"geometry":{"type":"Point","coordinates":[76.79443,17.16179]}},{"type":"Feature","properties":{"i":0.43},"geometry":{"type":"Point","coordinates":[76.92627,17.16179]}},{"type":"Feature","properties":{"i":0.35},"geometry":{"type":"Point","coordinates":[76.97021,17.16179]}},{"type":"Feature","properties":{"i":0.42},"geometry":{"type":"Point","coordinates":[77.10205,17.16179]}},{"type":"Feature","properties":{"i":0.37},"geometry":{"type":"Point","coordinates":[77.146,17.16179]}},{"type":"Feature","properties":{"i":0.93},"geometry":{"type":"Point","coordinates":[77.18994,17.16179]}},{"type":"Feature","properties":{"i":0.32},"geometry":{"type":"Point","coordinates":[77.23389,17.16179]}},{"type":"Feature","properties":{"i":1},"geometry":{"type":"Point","coordinates":[77.27783,17.16179]}},{"type":"Feature","properties":{"i":0.96},"geometry":{"type":"Point","coordinates":[77.32178,17.16179]}},{"type":"Feature","properties":{"i":0.35},"geometry":{"type":"Point","coordinates":[77.36572,17.16179]}},{"type":"Feature","properties":{"i":0.14},"geometry":{"type":"Point","coordinates":[77.40967,17.16179]}},{"type":"Feature","properties":{"i":0.11},"geometry":{"type":"Point","coordinates":[77.45361,17.16179]}},{"type":"Feature","properties":{"i":0.13},"geometry":{"type":"Point","coordinates":[77.5415,17.16179]}},{"type":"Feature","properties":{"i":0.35},"geometry":{"type":"Point","coordinates":[77.58545,17.16179]}},{"type":"Feature","properties":{"i":0.23},"geometry":{"type":"Point","coordinates":[77.62939,17.16179]}},{"type":"Feature","properties":{"i":0.27},"geometry":{"type":"Point","coordinates":[77.67334,17.16179]}},{"type":"Feature","properties":{"i":0.38},"geometry":{"type":"Point","coordinates":[77.71729,17.16179]}},{"type":"Feature","properties":{"i":0.53},"geometry":{"type":"Point","coordinates":[77.76123,17.16179]}},{"type":"Feature","properties":{"i":0.22},"geometry":{"type":"Point","coordinates":[77.80518,17.16179]}},{"type":"Feature","properties":{"i":0.46},"geometry":{"type":"Point","coordinates":[77.84912,17.16179]}},{"type":"Feature","properties":{"i":0.6},"geometry":{"type":"Point","coordinates":[77.89307,17.16179]}},{"type":"Feature","properties":{"i":0.28},"geometry":{"type":"Point","coordinates":[77.93701,17.16179]}},{"type":"Feature","properties":{"i":0.25},"geometry":{"type":"Point","coordinates":[77.98096,17.16179]}},{"type":"Feature","properties":{"i":0.11},"geometry":{"type":"Point","coordinates":[78.0249,17.16179]}},{"type":"Feature","properties":{"i":0.33},"geometry":{"type":"Point","coordinates":[78.06885,17.16179]}},{"type":"Feature","properties":{"i":0.33},"geometry":{"type":"Point","coordinates":[78.11279,17.16179]}},{"type":"Feature","properties":{"i":0.62},"geometry":{"type":"Point","coordinates":[78.15674,17.16179]}},{"type":"Feature","properties":{"i":0.78},"geometry":{"type":"Point","coordinates":[78.20068,17.16179]}},{"type":"Feature","properties":{"i":0.8},"geometry":{"type":"Point","coordinates":[78.24463,17.16179]}},{"type":"Feature","properties":{"i":0.9},"geometry":{"type":"Point","coordinates":[78.28857,17.16179]}},{"type":"Feature","properties":{"i":0.67},"geometry":{"type":"Point","coordinates":[78.33252,17.16179]}},{"type":"Feature","properties":{"i":0.58},"geometry":{"type":"Point","coordinates":[78.37646,17.16179]}},{"type":"Feature","properties":{"i":0.58},"geometry":{"type":"Point","coordinates":[78.42041,17.16179]}},{"type":"Feature","properties":{"i":0.99},"geometry":{"type":"Point","coordinates":[78.46436,17.16179]}},{"type":"Feature","properties":{"i":0.82},"geometry":{"type":"Point","coordinates":[78.5083,17.16179]}},{"type":"Feature","properties":{"i":0.47},"geometry":{"type":"Point","coordinates":[78.55225,17.16179]}},{"type":"Feature","properties":{"i":0.4},"geometry":{"type":"Point","coordinates":[78.59619,17.16179]}},{"type":"Feature","properties":{"i":0.6},"geometry":{"type":"Point","coordinates":[78.64014,17.16179]}},{"type":"Feature","properties":{"i":0.41},"geometry":{"type":"Point","coordinates":[78.68408,17.16179]}},{"type":"Feature","properties":{"i":0.37},"geometry":{"type":"Point","coordinates":[78.72803,17.16179]}},{"type":"Feature","properties":{"i":0.34},"geometry":{"type":"Point","coordinates":[76.39893,17.11979]}},{"type":"Feature","properties":{"i":0.15},"geometry":{"type":"Point","coordinates":[76.44287,17.11979]}},{"type":"Feature","properties":{"i":0.13},"geometry":{"type":"Point","coordinates":[76.48682,17.11979]}},{"type":"Feature","properties":{"i":0.03},"geometry":{"type":"Point","coordinates":[76.83838,17.11979]}},{"type":"Feature","properties":{"i":0.19},"geometry":{"type":"Point","coordinates":[76.88232,17.11979]}},{"type":"Feature","properties":{"i":1},"geometry":{"type":"Point","coordinates":[76.92627,17.11979]}},{"type":"Feature","properties":{"i":0.94},"geometry":{"type":"Point","coordinates":[76.97021,17.11979]}},{"type":"Feature","properties":{"i":0.22},"geometry":{"type":"Point","coordinates":[77.05811,17.11979]}},{"type":"Feature","properties":{"i":0.65},"geometry":{"type":"Point","coordinates":[77.10205,17.11979]}},{"type":"Feature","properties":{"i":0.67},"geometry":{"type":"Point","coordinates":[77.146,17.11979]}},{"type":"Feature","properties":{"i":1},"geometry":{"type":"Point","coordinates":[77.18994,17.11979]}},{"type":"Feature","properties":{"i":0.27},"geometry":{"type":"Point","coordinates":[77.23389,17.11979]}},{"type":"Feature","properties":{"i":0.09},"geometry":{"type":"Point","coordinates":[77.27783,17.11979]}},{"type":"Feature","properties":{"i":0.27},"geometry":{"type":"Point","coordinates":[77.32178,17.11979]}},{"type":"Feature","properties":{"i":0.18},"geometry":{"type":"Point","coordinates":[77.36572,17.11979]}},{"type":"Feature","properties":{"i":0.27},"geometry":{"type":"Point","coordinates":[77.40967,17.11979]}},{"type":"Feature","properties":{"i":0.23},"geometry":{"type":"Point","coordinates":[77.45361,17.11979]}},{"type":"Feature","properties":{"i":0.41},"geometry":{"type":"Point","coordinates":[77.49756,17.11979]}},{"type":"Feature","properties":{"i":0.13},"geometry":{"type":"Point","coordinates":[77.5415,17.11979]}},{"type":"Feature","properties":{"i":0.14},"geometry":{"type":"Point","coordinates":[77.58545,17.11979]}},{"type":"Feature","properties":{"i":0.66},"geometry":{"type":"Point","coordinates":[77.62939,17.11979]}},{"type":"Feature","properties":{"i":0.37},"geometry":{"type":"Point","coordinates":[77.67334,17.11979]}},{"type":"Feature","properties":{"i":0.31},"geometry":{"type":"Point","coordinates":[77.71729,17.11979]}},{"type":"Feature","properties":{"i":0.25},"geometry":{"type":"Point","coordinates":[77.76123,17.11979]}},{"type":"Feature","properties":{"i":0.11},"geometry":{"type":"Point","coordinates":[77.80518,17.11979]}},{"type":"Feature","properties":{"i":0.21},"geometry":{"type":"Point","coordinates":[77.84912,17.11979]}},{"type":"Feature","properties":{"i":0.39},"geometry":{"type":"Point","coordinates":[77.89307,17.11979]}},{"type":"Feature","properties":{"i":0.26},"geometry":{"type":"Point","coordinates":[77.93701,17.11979]}},{"type":"Feature","properties":{"i":0.23},"geometry":{"type":"Point","coordinates":[77.98096,17.11979]}},{"type":"Feature","properties":{"i":0.27},"geometry":{"type":"Point","coordinates":[78.0249,17.11979]}},{"type":"Feature","properties":{"i":0.51},"geometry":{"type":"Point","coordinates":[78.06885,17.11979]}},{"type":"Feature","properties":{"i":0.35},"geometry":{"type":"Point","coordinates":[78.11279,17.11979]}},{"type":"Feature","properties":{"i":0.45},"geometry":{"type":"Point","coordinates":[78.15674,17.11979]}},{"type":"Feature","properties":{"i":0.68},"geometry":{"type":"Point","coordinates":[78.20068,17.11979]}},{"type":"Feature","properties":{"i":0.84},"geometry":{"type":"Point","coordinates":[78.24463,17.11979]}},{"type":"Feature","properties":{"i":0.88},"geometry":{"type":"Point","coordinates":[78.28857,17.11979]}},{"type":"Feature","properties":{"i":0.54},"geometry":{"type":"Point","coordinates":[78.33252,17.11979]}},{"type":"Feature","properties":{"i":0.58},"geometry":{"type":"Point","coordinates":[78.37646,17.11979]}},{"type":"Feature","properties":{"i":0.92},"geometry":{"type":"Point","coordinates":[78.42041,17.11979]}},{"type":"Feature","properties":{"i":0.61},"geometry":{"type":"Point","coordinates":[78.46436,17.11979]}},{"type":"Feature","properties":{"i":0.63},"geometry":{"type":"Point","coordinates":[78.5083,17.11979]}},{"type":"Feature","properties":{"i":0.62},"geometry":{"type":"Point","coordinates":[78.55225,17.11979]}},{"type":"Feature","properties":{"i":0.35},"geometry":{"type":"Point","coordinates":[78.59619,17.11979]}},{"type":"Feature","properties":{"i":0.22},"geometry":{"type":"Point","coordinates":[78.64014,17.11979]}},{"type":"Feature","properties":{"i":0.28},"geometry":{"type":"Point","coordinates":[78.68408,17.11979]}},{"type":"Feature","properties":{"i":0.25},"geometry":{"type":"Point","coordinates":[78.72803,17.11979]}},{"type":"Feature","properties":{"i":0.52},"geometry":{"type":"Point","coordinates":[76.39893,17.07779]}},{"type":"Feature","properties":{"i":0.27},"geometry":{"type":"Point","coordinates":[76.75049,17.07779]}},{"type":"Feature","properties":{"i":0.22},"geometry":{"type":"Point","coordinates":[76.79443,17.07779]}},{"type":"Feature","properties":{"i":0.18},"geometry":{"type":"Point","coordinates":[76.88232,17.07779]}},{"type":"Feature","properties":{"i":0.05},"geometry":{"type":"Point","coordinates":[76.92627,17.07779]}},{"type":"Feature","properties":{"i":0.91},"geometry":{"type":"Point","coordinates":[76.97021,17.07779]}},{"type":"Feature","properties":{"i":0.64},"geometry":{"type":"Point","coordinates":[77.01416,17.07779]}},{"type":"Feature","properties":{"i":0.18},"geometry":{"type":"Point","coordinates":[77.05811,17.07779]}},{"type":"Feature","properties":{"i":0.65},"geometry":{"type":"Point","coordinates":[77.10205,17.07779]}},{"type":"Feature","properties":{"i":0.4},"geometry":{"type":"Point","coordinates":[77.146,17.07779]}},{"type":"Feature","properties":{"i":0.13},"geometry":{"type":"Point","coordinates":[77.18994,17.07779]}},{"type":"Feature","properties":{"i":0.3},"geometry":{"type":"Point","coordinates":[77.32178,17.07779]}},{"type":"Feature","properties":{"i":0.15},"geometry":{"type":"Point","coordinates":[77.40967,17.07779]}},{"type":"Feature","properties":{"i":0.28},"geometry":{"type":"Point","coordinates":[77.45361,17.07779]}},{"type":"Feature","properties":{"i":0.3},"geometry":{"type":"Point","coordinates":[77.5415,17.07779]}},{"type":"Feature","properties":{"i":0.28},"geometry":{"type":"Point","coordinates":[77.58545,17.07779]}},{"type":"Feature","properties":{"i":0.42},"geometry":{"type":"Point","coordinates":[77.62939,17.07779]}},{"type":"Feature","properties":{"i":0.45},"geometry":{"type":"Point","coordinates":[77.67334,17.07779]}},{"type":"Feature","properties":{"i":0.25},"geometry":{"type":"Point","coordinates":[77.71729,17.07779]}},{"type":"Feature","properties":{"i":0.33},"geometry":{"type":"Point","coordinates":[77.76123,17.07779]}},{"type":"Feature","properties":{"i":0.19},"geometry":{"type":"Point","coordinates":[77.84912,17.07779]}},{"type":"Feature","properties":{"i":0.16},"geometry":{"type":"Point","coordinates":[77.89307,17.07779]}},{"type":"Feature","properties":{"i":0.09},"geometry":{"type":"Point","coordinates":[77.93701,17.07779]}},{"type":"Feature","properties":{"i":0.48},"geometry":{"type":"Point","coordinates":[77.98096,17.07779]}},{"type":"Feature","properties":{"i":0.72},"geometry":{"type":"Point","coordinates":[78.0249,17.07779]}},{"type":"Feature","properties":{"i":0.53},"geometry":{"type":"Point","coordinates":[78.06885,17.07779]}},{"type":"Feature","properties":{"i":0.73},"geometry":{"type":"Point","coordinates":[78.11279,17.07779]}},{"type":"Feature","properties":{"i":0.8},"geometry":{"type":"Point","coordinates":[78.15674,17.07779]}},{"type":"Feature","properties":{"i":1},"geometry":{"type":"Point","coordinates":[78.20068,17.07779]}},{"type":"Feature","properties":{"i":0.84},"geometry":{"type":"Point","coordinates":[78.24463,17.07779]}},{"type":"Feature","properties":{"i":0.98},"geometry":{"type":"Point","coordinates":[78.28857,17.07779]}},{"type":"Feature","properties":{"i":0.85},"geometry":{"type":"Point","coordinates":[78.33252,17.07779]}},{"type":"Feature","properties":{"i":0.54},"geometry":{"type":"Point","coordinates":[78.37646,17.07779]}},{"type":"Feature","properties":{"i":0.51},"geometry":{"type":"Point","coordinates":[78.42041,17.07779]}},{"type":"Feature","properties":{"i":0.77},"geometry":{"type":"Point","coordinates":[78.46436,17.07779]}},{"type":"Feature","properties":{"i":0.53},"geometry":{"type":"Point","coordinates":[78.5083,17.07779]}},{"type":"Feature","properties":{"i":0.4},"geometry":{"type":"Point","coordinates":[78.55225,17.07779]}},{"type":"Feature","properties":{"i":0.57},"geometry":{"type":"Point","coordinates":[78.59619,17.07779]}},{"type":"Feature","properties":{"i":0.24},"geometry":{"type":"Point","coordinates":[78.64014,17.07779]}},{"type":"Feature","properties":{"i":0.25},"geometry":{"type":"Point","coordinates":[78.68408,17.07779]}},{"type":"Feature","properties":{"i":0.09},"geometry":{"type":"Point","coordinates":[76.39893,17.03578]}},{"type":"Feature","properties":{"i":0.19},"geometry":{"type":"Point","coordinates":[76.70654,17.03578]}},{"type":"Feature","properties":{"i":0.4},"geometry":{"type":"Point","coordinates":[76.79443,17.03578]}},{"type":"Feature","properties":{"i":0.16},"geometry":{"type":"Point","coordinates":[76.92627,17.03578]}},{"type":"Feature","properties":{"i":1},"geometry":{"type":"Point","coordinates":[76.97021,17.03578]}},{"type":"Feature","properties":{"i":0.94},"geometry":{"type":"Point","coordinates":[77.01416,17.03578]}},{"type":"Feature","properties":{"i":0.28},"geometry":{"type":"Point","coordinates":[77.05811,17.03578]}},{"type":"Feature","properties":{"i":0.33},"geometry":{"type":"Point","coordinates":[77.10205,17.03578]}},{"type":"Feature","properties":{"i":0.37},"geometry":{"type":"Point","coordinates":[77.18994,17.03578]}},{"type":"Feature","properties":{"i":0.9},"geometry":{"type":"Point","coordinates":[77.23389,17.03578]}},{"type":"Feature","properties":{"i":0.32},"geometry":{"type":"Point","coordinates":[77.27783,17.03578]}},{"type":"Feature","properties":{"i":0.27},"geometry":{"type":"Point","coordinates":[77.32178,17.03578]}},{"type":"Feature","properties":{"i":0.22},"geometry":{"type":"Point","coordinates":[77.36572,17.03578]}},{"type":"Feature","properties":{"i":0.09},"geometry":{"type":"Point","coordinates":[77.40967,17.03578]}},{"type":"Feature","properties":{"i":0.14},"geometry":{"type":"Point","coordinates":[77.45361,17.03578]}},{"type":"Feature","properties":{"i":0.33},"geometry":{"type":"Point","coordinates":[77.49756,17.03578]}},{"type":"Feature","properties":{"i":0.27},"geometry":{"type":"Point","coordinates":[77.5415,17.03578]}},{"type":"Feature","properties":{"i":0.25},"geometry":{"type":"Point","coordinates":[77.58545,17.03578]}},{"type":"Feature","properties":{"i":0.51},"geometry":{"type":"Point","coordinates":[77.62939,17.03578]}},{"type":"Feature","properties":{"i":0.19},"geometry":{"type":"Point","coordinates":[77.67334,17.03578]}},{"type":"Feature","properties":{"i":0.34},"geometry":{"type":"Point","coordinates":[77.71729,17.03578]}},{"type":"Feature","properties":{"i":0.32},"geometry":{"type":"Point","coordinates":[77.76123,17.03578]}},{"type":"Feature","properties":{"i":0.4},"geometry":{"type":"Point","coordinates":[77.80518,17.03578]}},{"type":"Feature","properties":{"i":0.51},"geometry":{"type":"Point","coordinates":[77.84912,17.03578]}},{"type":"Feature","properties":{"i":0.29},"geometry":{"type":"Point","coordinates":[77.89307,17.03578]}},{"type":"Feature","properties":{"i":0.52},"geometry":{"type":"Point","coordinates":[77.93701,17.03578]}},{"type":"Feature","properties":{"i":0.37},"geometry":{"type":"Point","coordinates":[77.98096,17.03578]}},{"type":"Feature","properties":{"i":0.49},"geometry":{"type":"Point","coordinates":[78.0249,17.03578]}},{"type":"Feature","properties":{"i":0.42},"geometry":{"type":"Point","coordinates":[78.06885,17.03578]}},{"type":"Feature","properties":{"i":0.33},"geometry":{"type":"Point","coordinates":[78.11279,17.03578]}},{"type":"Feature","properties":{"i":0.48},"geometry":{"type":"Point","coordinates":[78.15674,17.03578]}},{"type":"Feature","properties":{"i":0.96},"geometry":{"type":"Point","coordinates":[78.20068,17.03578]}},{"type":"Feature","properties":{"i":0.61},"geometry":{"type":"Point","coordinates":[78.24463,17.03578]}},{"type":"Feature","properties":{"i":0.55},"geometry":{"type":"Point","coordinates":[78.28857,17.03578]}},{"type":"Feature","properties":{"i":0.39},"geometry":{"type":"Point","coordinates":[78.33252,17.03578]}},{"type":"Feature","properties":{"i":0.44},"geometry":{"type":"Point","coordinates":[78.37646,17.03578]}},{"type":"Feature","properties":{"i":0.28},"geometry":{"type":"Point","coordinates":[78.42041,17.03578]}},{"type":"Feature","properties":{"i":0.48},"geometry":{"type":"Point","coordinates":[78.46436,17.03578]}},{"type":"Feature","properties":{"i":0.51},"geometry":{"type":"Point","coordinates":[78.5083,17.03578]}},{"type":"Feature","properties":{"i":0.95},"geometry":{"type":"Point","coordinates":[78.55225,17.03578]}},{"type":"Feature","properties":{"i":0.42},"geometry":{"type":"Point","coordinates":[78.59619,17.03578]}},{"type":"Feature","properties":{"i":0.38},"geometry":{"type":"Point","coordinates":[78.64014,17.03578]}},{"type":"Feature","properties":{"i":0.55},"geometry":{"type":"Point","coordinates":[78.68408,17.03578]}},{"type":"Feature","properties":{"i":0.16},"geometry":{"type":"Point","coordinates":[78.72803,17.03578]}},{"type":"Feature","properties":{"i":0.21},"geometry":{"type":"Point","coordinates":[76.39893,16.99376]}},{"type":"Feature","properties":{"i":0.11},"geometry":{"type":"Point","coordinates":[76.44287,16.99376]}},{"type":"Feature","properties":{"i":0.07},"geometry":{"type":"Point","coordinates":[76.53076,16.99376]}},{"type":"Feature","properties":{"i":0.21},"geometry":{"type":"Point","coordinates":[76.57471,16.99376]}},{"type":"Feature","properties":{"i":0.48},"geometry":{"type":"Point","coordinates":[76.75049,16.99376]}},{"type":"Feature","properties":{"i":0.66},"geometry":{"type":"Point","coordinates":[76.79443,16.99376]}},{"type":"Feature","properties":{"i":0.28},"geometry":{"type":"Point","coordinates":[76.83838,16.99376]}},{"type":"Feature","properties":{"i":0.23},"geometry":{"type":"Point","coordinates":[76.92627,16.99376]}},{"type":"Feature","properties":{"i":0.46},"geometry":{"type":"Point","coordinates":[76.97021,16.99376]}},{"type":"Feature","properties":{"i":0.29},"geometry":{"type":"Point","coordinates":[77.01416,16.99376]}},{"type":"Feature","properties":{"i":0.22},"geometry":{"type":"Point","coordinates":[77.05811,16.99376]}},{"type":"Feature","properties":{"i":0.08},"geometry":{"type":"Point","coordinates":[77.10205,16.99376]}},{"type":"Feature","properties":{"i":0.19},"geometry":{"type":"Point","coordinates":[77.32178,16.99376]}},{"type":"Feature","properties":{"i":0.15},"geometry":{"type":"Point","coordinates":[77.45361,16.99376]}},{"type":"Feature","properties":{"i":0.42},"geometry":{"type":"Point","coordinates":[77.49756,16.99376]}},{"type":"Feature","properties":{"i":0.11},"geometry":{"type":"Point","coordinates":[77.5415,16.99376]}},{"type":"Feature","properties":{"i":0.69},"geometry":{"type":"Point","coordinates":[77.58545,16.99376]}},{"type":"Feature","properties":{"i":0.17},"geometry":{"type":"Point","coordinates":[77.62939,16.99376]}},{"type":"Feature","properties":{"i":0.3},"geometry":{"type":"Point","coordinates":[77.67334,16.99376]}},{"type":"Feature","properties":{"i":0.93},"geometry":{"type":"Point","coordinates":[77.71729,16.99376]}},{"type":"Feature","properties":{"i":0.28},"geometry":{"type":"Point","coordinates":[77.76123,16.99376]}},{"type":"Feature","properties":{"i":0.3},"geometry":{"type":"Point","coordinates":[77.80518,16.99376]}},{"type":"Feature","properties":{"i":0.11},"geometry":{"type":"Point","coordinates":[77.84912,16.99376]}},{"type":"Feature","properties":{"i":0.45},"geometry":{"type":"Point","coordinates":[77.89307,16.99376]}},{"type":"Feature","properties":{"i":0.25},"geometry":{"type":"Point","coordinates":[77.93701,16.99376]}},{"type":"Feature","properties":{"i":0.53},"geometry":{"type":"Point","coordinates":[77.98096,16.99376]}},{"type":"Feature","properties":{"i":0.27},"geometry":{"type":"Point","coordinates":[78.0249,16.99376]}},{"type":"Feature","properties":{"i":0.42},"geometry":{"type":"Point","coordinates":[78.06885,16.99376]}},{"type":"Feature","properties":{"i":0.38},"geometry":{"type":"Point","coordinates":[78.11279,16.99376]}},{"type":"Feature","properties":{"i":0.44},"geometry":{"type":"Point","coordinates":[78.15674,16.99376]}},{"type":"Feature","properties":{"i":0.65},"geometry":{"type":"Point","coordinates":[78.20068,16.99376]}},{"type":"Feature","properties":{"i":0.5},"geometry":{"type":"Point","coordinates":[78.24463,16.99376]}},{"type":"Feature","properties":{"i":0.61},"geometry":{"type":"Point","coordinates":[78.28857,16.99376]}},{"type":"Feature","properties":{"i":0.35},"geometry":{"type":"Point","coordinates":[78.33252,16.99376]}},{"type":"Feature","properties":{"i":0.31},"geometry":{"type":"Point","coordinates":[78.37646,16.99376]}},{"type":"Feature","properties":{"i":0.3},"geometry":{"type":"Point","coordinates":[78.42041,16.99376]}},{"type":"Feature","properties":{"i":0.28},"geometry":{"type":"Point","coordinates":[78.46436,16.99376]}},{"type":"Feature","properties":{"i":0.68},"geometry":{"type":"Point","coordinates":[78.5083,16.99376]}},{"type":"Feature","properties":{"i":0.48},"geometry":{"type":"Point","coordinates":[78.55225,16.99376]}},{"type":"Feature","properties":{"i":0.22},"geometry":{"type":"Point","coordinates":[78.59619,16.99376]}},{"type":"Feature","properties":{"i":0.16},"geometry":{"type":"Point","coordinates":[78.68408,16.99376]}},{"type":"Feature","properties":{"i":0.33},"geometry":{"type":"Point","coordinates":[78.72803,16.99376]}},{"type":"Feature","properties":{"i":0.11},"geometry":{"type":"Point","coordinates":[76.48682,16.95172]}},{"type":"Feature","properties":{"i":0.03},"geometry":{"type":"Point","coordinates":[76.75049,16.95172]}},{"type":"Feature","properties":{"i":0.35},"geometry":{"type":"Point","coordinates":[76.83838,16.95172]}},{"type":"Feature","properties":{"i":0.31},"geometry":{"type":"Point","coordinates":[77.01416,16.95172]}},{"type":"Feature","properties":{"i":0.1},"geometry":{"type":"Point","coordinates":[77.05811,16.95172]}},{"type":"Feature","properties":{"i":0.14},"geometry":{"type":"Point","coordinates":[77.10205,16.95172]}},{"type":"Feature","properties":{"i":0.26},"geometry":{"type":"Point","coordinates":[77.146,16.95172]}},{"type":"Feature","properties":{"i":0.27},"geometry":{"type":"Point","coordinates":[77.18994,16.95172]}},{"type":"Feature","properties":{"i":0.12},"geometry":{"type":"Point","coordinates":[77.23389,16.95172]}},{"type":"Feature","properties":{"i":0.22},"geometry":{"type":"Point","coordinates":[77.49756,16.95172]}},{"type":"Feature","properties":{"i":0.12},"geometry":{"type":"Point","coordinates":[77.5415,16.95172]}},{"type":"Feature","properties":{"i":0.21},"geometry":{"type":"Point","coordinates":[77.58545,16.95172]}},{"type":"Feature","properties":{"i":0.39},"geometry":{"type":"Point","coordinates":[77.62939,16.95172]}},{"type":"Feature","properties":{"i":0.24},"geometry":{"type":"Point","coordinates":[77.67334,16.95172]}},{"type":"Feature","properties":{"i":0.22},"geometry":{"type":"Point","coordinates":[77.71729,16.95172]}},{"type":"Feature","properties":{"i":0.48},"geometry":{"type":"Point","coordinates":[77.76123,16.95172]}},{"type":"Feature","properties":{"i":0.55},"geometry":{"type":"Point","coordinates":[77.80518,16.95172]}},{"type":"Feature","properties":{"i":0.27},"geometry":{"type":"Point","coordinates":[77.84912,16.95172]}},{"type":"Feature","properties":{"i":0.29},"geometry":{"type":"Point","coordinates":[77.89307,16.95172]}},{"type":"Feature","properties":{"i":0.19},"geometry":{"type":"Point","coordinates":[77.93701,16.95172]}},{"type":"Feature","properties":{"i":0.28},"geometry":{"type":"Point","coordinates":[77.98096,16.95172]}},{"type":"Feature","properties":{"i":0.23},"geometry":{"type":"Point","coordinates":[78.0249,16.95172]}},{"type":"Feature","properties":{"i":0.33},"geometry":{"type":"Point","coordinates":[78.06885,16.95172]}},{"type":"Feature","properties":{"i":0.39},"geometry":{"type":"Point","coordinates":[78.11279,16.95172]}},{"type":"Feature","properties":{"i":0.52},"geometry":{"type":"Point","coordinates":[78.15674,16.95172]}},{"type":"Feature","properties":{"i":0.66},"geometry":{"type":"Point","coordinates":[78.20068,16.95172]}},{"type":"Feature","properties":{"i":0.48},"geometry":{"type":"Point","coordinates":[78.24463,16.95172]}},{"type":"Feature","properties":{"i":0.29},"geometry":{"type":"Point","coordinates":[78.28857,16.95172]}},{"type":"Feature","properties":{"i":0.36},"geometry":{"type":"Point","coordinates":[78.33252,16.95172]}},{"type":"Feature","properties":{"i":0.25},"geometry":{"type":"Point","coordinates":[78.37646,16.95172]}},{"type":"Feature","properties":{"i":0.22},"geometry":{"type":"Point","coordinates":[78.42041,16.95172]}},{"type":"Feature","properties":{"i":0.22},"geometry":{"type":"Point","coordinates":[78.46436,16.95172]}},{"type":"Feature","properties":{"i":0.72},"geometry":{"type":"Point","coordinates":[78.5083,16.95172]}},{"type":"Feature","properties":{"i":0.27},"geometry":{"type":"Point","coordinates":[78.55225,16.95172]}},{"type":"Feature","properties":{"i":0.3},"geometry":{"type":"Point","coordinates":[78.68408,16.95172]}},{"type":"Feature","properties":{"i":0.56},"geometry":{"type":"Point","coordinates":[78.72803,16.95172]}},{"type":"Feature","properties":{"i":0.4},"geometry":{"type":"Point","coordinates":[76.70654,16.90968]}},{"type":"Feature","properties":{"i":0.03},"geometry":{"type":"Point","coordinates":[77.01416,16.90968]}},{"type":"Feature","properties":{"i":0.3},"geometry":{"type":"Point","coordinates":[77.05811,16.90968]}},{"type":"Feature","properties":{"i":0.05},"geometry":{"type":"Point","coordinates":[77.32178,16.90968]}},{"type":"Feature","properties":{"i":0.03},"geometry":{"type":"Point","coordinates":[77.40967,16.90968]}},{"type":"Feature","properties":{"i":0.41},"geometry":{"type":"Point","coordinates":[77.45361,16.90968]}},{"type":"Feature","properties":{"i":0.1},"geometry":{"type":"Point","coordinates":[77.49756,16.90968]}},{"type":"Feature","properties":{"i":0.36},"geometry":{"type":"Point","coordinates":[77.5415,16.90968]}},{"type":"Feature","properties":{"i":0.28},"geometry":{"type":"Point","coordinates":[77.58545,16.90968]}},{"type":"Feature","properties":{"i":0.33},"geometry":{"type":"Point","coordinates":[77.62939,16.90968]}},{"type":"Feature","properties":{"i":0.36},"geometry":{"type":"Point","coordinates":[77.67334,16.90968]}},{"type":"Feature","properties":{"i":0.33},"geometry":{"type":"Point","coordinates":[77.71729,16.90968]}},{"type":"Feature","properties":{"i":0.28},"geometry":{"type":"Point","coordinates":[77.76123,16.90968]}},{"type":"Feature","properties":{"i":0.61},"geometry":{"type":"Point","coordinates":[77.80518,16.90968]}},{"type":"Feature","properties":{"i":0.56},"geometry":{"type":"Point","coordinates":[77.84912,16.90968]}},{"type":"Feature","properties":{"i":0.28},"geometry":{"type":"Point","coordinates":[77.89307,16.90968]}},{"type":"Feature","properties":{"i":0.36},"geometry":{"type":"Point","coordinates":[77.98096,16.90968]}},{"type":"Feature","properties":{"i":0.27},"geometry":{"type":"Point","coordinates":[78.0249,16.90968]}},{"type":"Feature","properties":{"i":0.35},"geometry":{"type":"Point","coordinates":[78.06885,16.90968]}},{"type":"Feature","properties":{"i":0.26},"geometry":{"type":"Point","coordinates":[78.11279,16.90968]}},{"type":"Feature","properties":{"i":0.25},"geometry":{"type":"Point","coordinates":[78.15674,16.90968]}},{"type":"Feature","properties":{"i":0.55},"geometry":{"type":"Point","coordinates":[78.20068,16.90968]}},{"type":"Feature","properties":{"i":0.34},"geometry":{"type":"Point","coordinates":[78.24463,16.90968]}},{"type":"Feature","properties":{"i":0.47},"geometry":{"type":"Point","coordinates":[78.28857,16.90968]}},{"type":"Feature","properties":{"i":0.25},"geometry":{"type":"Point","coordinates":[78.33252,16.90968]}},{"type":"Feature","properties":{"i":0.26},"geometry":{"type":"Point","coordinates":[78.37646,16.90968]}},{"type":"Feature","properties":{"i":0.19},"geometry":{"type":"Point","coordinates":[78.42041,16.90968]}},{"type":"Feature","properties":{"i":0.31},"geometry":{"type":"Point","coordinates":[78.46436,16.90968]}},{"type":"Feature","properties":{"i":0.22},"geometry":{"type":"Point","coordinates":[78.5083,16.90968]}},{"type":"Feature","properties":{"i":0.36},"geometry":{"type":"Point","coordinates":[78.55225,16.90968]}},{"type":"Feature","properties":{"i":0.57},"geometry":{"type":"Point","coordinates":[78.59619,16.90968]}},{"type":"Feature","properties":{"i":0.37},"geometry":{"type":"Point","coordinates":[78.64014,16.90968]}},{"type":"Feature","properties":{"i":0.32},"geometry":{"type":"Point","coordinates":[78.68408,16.90968]}},{"type":"Feature","properties":{"i":0.41},"geometry":{"type":"Point","coordinates":[78.72803,16.90968]}},{"type":"Feature","properties":{"i":0.68},"geometry":{"type":"Point","coordinates":[76.53076,16.86763]}},{"type":"Feature","properties":{"i":0.15},"geometry":{"type":"Point","coordinates":[76.57471,16.86763]}},{"type":"Feature","properties":{"i":0.18},"geometry":{"type":"Point","coordinates":[76.97021,16.86763]}},{"type":"Feature","properties":{"i":0.14},"geometry":{"type":"Point","coordinates":[77.10205,16.86763]}},{"type":"Feature","properties":{"i":0.67},"geometry":{"type":"Point","coordinates":[77.40967,16.86763]}},{"type":"Feature","properties":{"i":0.17},"geometry":{"type":"Point","coordinates":[77.45361,16.86763]}},{"type":"Feature","properties":{"i":0.23},"geometry":{"type":"Point","coordinates":[77.49756,16.86763]}},{"type":"Feature","properties":{"i":0.22},"geometry":{"type":"Point","coordinates":[77.5415,16.86763]}},{"type":"Feature","properties":{"i":0.34},"geometry":{"type":"Point","coordinates":[77.58545,16.86763]}},{"type":"Feature","properties":{"i":0.4},"geometry":{"type":"Point","coordinates":[77.62939,16.86763]}},{"type":"Feature","properties":{"i":0.6},"geometry":{"type":"Point","coordinates":[77.67334,16.86763]}},{"type":"Feature","properties":{"i":0.26},"geometry":{"type":"Point","coordinates":[77.71729,16.86763]}},{"type":"Feature","properties":{"i":0.25},"geometry":{"type":"Point","coordinates":[77.76123,16.86763]}},{"type":"Feature","properties":{"i":0.18},"geometry":{"type":"Point","coordinates":[77.80518,16.86763]}},{"type":"Feature","properties":{"i":0.19},"geometry":{"type":"Point","coordinates":[77.84912,16.86763]}},{"type":"Feature","properties":{"i":0.69},"geometry":{"type":"Point","coordinates":[77.89307,16.86763]}},{"type":"Feature","properties":{"i":0.28},"geometry":{"type":"Point","coordinates":[77.93701,16.86763]}},{"type":"Feature","properties":{"i":0.4},"geometry":{"type":"Point","coordinates":[78.0249,16.86763]}},{"type":"Feature","properties":{"i":0.14},"geometry":{"type":"Point","coordinates":[78.06885,16.86763]}},{"type":"Feature","properties":{"i":0.25},"geometry":{"type":"Point","coordinates":[78.11279,16.86763]}},{"type":"Feature","properties":{"i":0.6},"geometry":{"type":"Point","coordinates":[78.15674,16.86763]}},{"type":"Feature","properties":{"i":0.22},"geometry":{"type":"Point","coordinates":[78.20068,16.86763]}},{"type":"Feature","properties":{"i":0.19},"geometry":{"type":"Point","coordinates":[78.24463,16.86763]}},{"type":"Feature","properties":{"i":0.22},"geometry":{"type":"Point","coordinates":[78.28857,16.86763]}},{"type":"Feature","properties":{"i":0.29},"geometry":{"type":"Point","coordinates":[78.33252,16.86763]}},{"type":"Feature","properties":{"i":0.37},"geometry":{"type":"Point","coordinates":[78.37646,16.86763]}},{"type":"Feature","properties":{"i":0.41},"geometry":{"type":"Point","coordinates":[78.42041,16.86763]}},{"type":"Feature","properties":{"i":0.4},"geometry":{"type":"Point","coordinates":[78.46436,16.86763]}},{"type":"Feature","properties":{"i":0.18},"geometry":{"type":"Point","coordinates":[78.5083,16.86763]}},{"type":"Feature","properties":{"i":0.49},"geometry":{"type":"Point","coordinates":[78.55225,16.86763]}},{"type":"Feature","properties":{"i":0.4},"geometry":{"type":"Point","coordinates":[78.59619,16.86763]}},{"type":"Feature","properties":{"i":0.42},"geometry":{"type":"Point","coordinates":[78.64014,16.86763]}},{"type":"Feature","properties":{"i":0.42},"geometry":{"type":"Point","coordinates":[78.68408,16.86763]}},{"type":"Feature","properties":{"i":0.41},"geometry":{"type":"Point","coordinates":[76.53076,16.82557]}},{"type":"Feature","properties":{"i":0.16},"geometry":{"type":"Point","coordinates":[76.6626,16.82557]}},{"type":"Feature","properties":{"i":0.39},"geometry":{"type":"Point","coordinates":[76.83838,16.82557]}},{"type":"Feature","properties":{"i":0.09},"geometry":{"type":"Point","coordinates":[76.92627,16.82557]}},{"type":"Feature","properties":{"i":0.16},"geometry":{"type":"Point","coordinates":[77.01416,16.82557]}},{"type":"Feature","properties":{"i":0.21},"geometry":{"type":"Point","coordinates":[77.146,16.82557]}},{"type":"Feature","properties":{"i":0.16},"geometry":{"type":"Point","coordinates":[77.18994,16.82557]}},{"type":"Feature","properties":{"i":0.02},"geometry":{"type":"Point","coordinates":[77.23389,16.82557]}},{"type":"Feature","properties":{"i":0.28},"geometry":{"type":"Point","coordinates":[77.27783,16.82557]}},{"type":"Feature","properties":{"i":0.11},"geometry":{"type":"Point","coordinates":[77.36572,16.82557]}},{"type":"Feature","properties":{"i":0.08},"geometry":{"type":"Point","coordinates":[77.40967,16.82557]}},{"type":"Feature","properties":{"i":0.04},"geometry":{"type":"Point","coordinates":[77.45361,16.82557]}},{"type":"Feature","properties":{"i":0.39},"geometry":{"type":"Point","coordinates":[77.49756,16.82557]}},{"type":"Feature","properties":{"i":0.25},"geometry":{"type":"Point","coordinates":[77.5415,16.82557]}},{"type":"Feature","properties":{"i":0.36},"geometry":{"type":"Point","coordinates":[77.58545,16.82557]}},{"type":"Feature","properties":{"i":0.47},"geometry":{"type":"Point","coordinates":[77.62939,16.82557]}},{"type":"Feature","properties":{"i":0.55},"geometry":{"type":"Point","coordinates":[77.67334,16.82557]}},{"type":"Feature","properties":{"i":0.62},"geometry":{"type":"Point","coordinates":[77.71729,16.82557]}},{"type":"Feature","properties":{"i":0.27},"geometry":{"type":"Point","coordinates":[77.76123,16.82557]}},{"type":"Feature","properties":{"i":0.21},"geometry":{"type":"Point","coordinates":[77.80518,16.82557]}},{"type":"Feature","properties":{"i":0.29},"geometry":{"type":"Point","coordinates":[77.84912,16.82557]}},{"type":"Feature","properties":{"i":0.35},"geometry":{"type":"Point","coordinates":[77.89307,16.82557]}},{"type":"Feature","properties":{"i":0.36},"geometry":{"type":"Point","coordinates":[77.93701,16.82557]}},{"type":"Feature","properties":{"i":0.27},"geometry":{"type":"Point","coordinates":[77.98096,16.82557]}},{"type":"Feature","properties":{"i":0.76},"geometry":{"type":"Point","coordinates":[78.0249,16.82557]}},{"type":"Feature","properties":{"i":0.38},"geometry":{"type":"Point","coordinates":[78.06885,16.82557]}},{"type":"Feature","properties":{"i":0.61},"geometry":{"type":"Point","coordinates":[78.11279,16.82557]}},{"type":"Feature","properties":{"i":1},"geometry":{"type":"Point","coordinates":[78.15674,16.82557]}},{"type":"Feature","properties":{"i":0.3},"geometry":{"type":"Point","coordinates":[78.20068,16.82557]}},{"type":"Feature","properties":{"i":0.28},"geometry":{"type":"Point","coordinates":[78.24463,16.82557]}},{"type":"Feature","properties":{"i":0.53},"geometry":{"type":"Point","coordinates":[78.28857,16.82557]}},{"type":"Feature","properties":{"i":0.29},"geometry":{"type":"Point","coordinates":[78.33252,16.82557]}},{"type":"Feature","properties":{"i":0.16},"geometry":{"type":"Point","coordinates":[78.37646,16.82557]}},{"type":"Feature","properties":{"i":0.15},"geometry":{"type":"Point","coordinates":[78.42041,16.82557]}},{"type":"Feature","properties":{"i":0.13},"geometry":{"type":"Point","coordinates":[78.46436,16.82557]}},{"type":"Feature","properties":{"i":0.34},"geometry":{"type":"Point","coordinates":[78.5083,16.82557]}},{"type":"Feature","properties":{"i":0.56},"geometry":{"type":"Point","coordinates":[78.55225,16.82557]}},{"type":"Feature","properties":{"i":0.28},"geometry":{"type":"Point","coordinates":[78.59619,16.82557]}},{"type":"Feature","properties":{"i":0.51},"geometry":{"type":"Point","coordinates":[78.64014,16.82557]}},{"type":"Feature","properties":{"i":0.45},"geometry":{"type":"Point","coordinates":[78.68408,16.82557]}},{"type":"Feature","properties":{"i":0.43},"geometry":{"type":"Point","coordinates":[78.72803,16.82557]}},{"type":"Feature","properties":{"i":0.04},"geometry":{"type":"Point","coordinates":[76.44287,16.78351]}},{"type":"Feature","properties":{"i":0.22},"geometry":{"type":"Point","coordinates":[76.48682,16.78351]}},{"type":"Feature","properties":{"i":0.39},"geometry":{"type":"Point","coordinates":[76.88232,16.78351]}},{"type":"Feature","properties":{"i":0.25},"geometry":{"type":"Point","coordinates":[76.92627,16.78351]}},{"type":"Feature","properties":{"i":0.29},"geometry":{"type":"Point","coordinates":[76.97021,16.78351]}},{"type":"Feature","properties":{"i":0.22},"geometry":{"type":"Point","coordinates":[77.05811,16.78351]}},{"type":"Feature","properties":{"i":0.56},"geometry":{"type":"Point","coordinates":[77.10205,16.78351]}},{"type":"Feature","properties":{"i":1},"geometry":{"type":"Point","coordinates":[77.146,16.78351]}},{"type":"Feature","properties":{"i":0.58},"geometry":{"type":"Point","coordinates":[77.18994,16.78351]}},{"type":"Feature","properties":{"i":0.42},"geometry":{"type":"Point","coordinates":[77.23389,16.78351]}},{"type":"Feature","properties":{"i":0.22},"geometry":{"type":"Point","coordinates":[77.32178,16.78351]}},{"type":"Feature","properties":{"i":0.35},"geometry":{"type":"Point","coordinates":[77.45361,16.78351]}},{"type":"Feature","properties":{"i":0.25},"geometry":{"type":"Point","coordinates":[77.49756,16.78351]}},{"type":"Feature","properties":{"i":0.34},"geometry":{"type":"Point","coordinates":[77.5415,16.78351]}},{"type":"Feature","properties":{"i":0.27},"geometry":{"type":"Point","coordinates":[77.62939,16.78351]}},{"type":"Feature","properties":{"i":0.5},"geometry":{"type":"Point","coordinates":[77.67334,16.78351]}},{"type":"Feature","properties":{"i":0.42},"geometry":{"type":"Point","coordinates":[77.71729,16.78351]}},{"type":"Feature","properties":{"i":0.19},"geometry":{"type":"Point","coordinates":[77.76123,16.78351]}},{"type":"Feature","properties":{"i":0.52},"geometry":{"type":"Point","coordinates":[77.80518,16.78351]}},{"type":"Feature","properties":{"i":0.34},"geometry":{"type":"Point","coordinates":[77.84912,16.78351]}},{"type":"Feature","properties":{"i":0.23},"geometry":{"type":"Point","coordinates":[77.89307,16.78351]}},{"type":"Feature","properties":{"i":0.48},"geometry":{"type":"Point","coordinates":[77.93701,16.78351]}},{"type":"Feature","properties":{"i":0.55},"geometry":{"type":"Point","coordinates":[77.98096,16.78351]}},{"type":"Feature","properties":{"i":0.48},"geometry":{"type":"Point","coordinates":[78.0249,16.78351]}},{"type":"Feature","properties":{"i":0.31},"geometry":{"type":"Point","coordinates":[78.06885,16.78351]}},{"type":"Feature","properties":{"i":0.94},"geometry":{"type":"Point","coordinates":[78.11279,16.78351]}},{"type":"Feature","properties":{"i":0.77},"geometry":{"type":"Point","coordinates":[78.15674,16.78351]}},{"type":"Feature","properties":{"i":0.49},"geometry":{"type":"Point","coordinates":[78.20068,16.78351]}},{"type":"Feature","properties":{"i":0.21},"geometry":{"type":"Point","coordinates":[78.24463,16.78351]}},{"type":"Feature","properties":{"i":0.21},"geometry":{"type":"Point","coordinates":[78.28857,16.78351]}},{"type":"Feature","properties":{"i":0.26},"geometry":{"type":"Point","coordinates":[78.33252,16.78351]}},{"type":"Feature","properties":{"i":0.24},"geometry":{"type":"Point","coordinates":[78.37646,16.78351]}},{"type":"Feature","properties":{"i":0.49},"geometry":{"type":"Point","coordinates":[78.46436,16.78351]}},{"type":"Feature","properties":{"i":0.51},"geometry":{"type":"Point","coordinates":[78.5083,16.78351]}},{"type":"Feature","properties":{"i":0.49},"geometry":{"type":"Point","coordinates":[78.55225,16.78351]}},{"type":"Feature","properties":{"i":0.23},"geometry":{"type":"Point","coordinates":[78.59619,16.78351]}},{"type":"Feature","properties":{"i":0.32},"geometry":{"type":"Point","coordinates":[78.64014,16.78351]}},{"type":"Feature","properties":{"i":0.25},"geometry":{"type":"Point","coordinates":[78.68408,16.78351]}},{"type":"Feature","properties":{"i":0.24},"geometry":{"type":"Point","coordinates":[78.72803,16.78351]}},{"type":"Feature","properties":{"i":0.26},"geometry":{"type":"Point","coordinates":[76.44287,16.74143]}},{"type":"Feature","properties":{"i":0.44},"geometry":{"type":"Point","coordinates":[76.48682,16.74143]}},{"type":"Feature","properties":{"i":0.14},"geometry":{"type":"Point","coordinates":[76.57471,16.74143]}},{"type":"Feature","properties":{"i":0.43},"geometry":{"type":"Point","coordinates":[76.75049,16.74143]}},{"type":"Feature","properties":{"i":0.23},"geometry":{"type":"Point","coordinates":[76.79443,16.74143]}},{"type":"Feature","properties":{"i":0.09},"geometry":{"type":"Point","coordinates":[76.83838,16.74143]}},{"type":"Feature","properties":{"i":0.15},"geometry":{"type":"Point","coordinates":[76.92627,16.74143]}},{"type":"Feature","properties":{"i":0.41},"geometry":{"type":"Point","coordinates":[76.97021,16.74143]}},{"type":"Feature","properties":{"i":0.08},"geometry":{"type":"Point","coordinates":[77.01416,16.74143]}},{"type":"Feature","properties":{"i":0.25},"geometry":{"type":"Point","coordinates":[77.10205,16.74143]}},{"type":"Feature","properties":{"i":0.86},"geometry":{"type":"Point","coordinates":[77.146,16.74143]}},{"type":"Feature","properties":{"i":0.27},"geometry":{"type":"Point","coordinates":[77.18994,16.74143]}},{"type":"Feature","properties":{"i":0.11},"geometry":{"type":"Point","coordinates":[77.23389,16.74143]}},{"type":"Feature","properties":{"i":0.19},"geometry":{"type":"Point","coordinates":[77.27783,16.74143]}},{"type":"Feature","properties":{"i":0.15},"geometry":{"type":"Point","coordinates":[77.40967,16.74143]}},{"type":"Feature","properties":{"i":0.37},"geometry":{"type":"Point","coordinates":[77.45361,16.74143]}},{"type":"Feature","properties":{"i":0.8},"geometry":{"type":"Point","coordinates":[77.49756,16.74143]}},{"type":"Feature","properties":{"i":0.36},"geometry":{"type":"Point","coordinates":[77.5415,16.74143]}},{"type":"Feature","properties":{"i":0.02},"geometry":{"type":"Point","coordinates":[77.58545,16.74143]}},{"type":"Feature","properties":{"i":0.16},"geometry":{"type":"Point","coordinates":[77.62939,16.74143]}},{"type":"Feature","properties":{"i":0.16},"geometry":{"type":"Point","coordinates":[77.67334,16.74143]}},{"type":"Feature","properties":{"i":0.14},"geometry":{"type":"Point","coordinates":[77.71729,16.74143]}},{"type":"Feature","properties":{"i":0.19},"geometry":{"type":"Point","coordinates":[77.76123,16.74143]}},{"type":"Feature","properties":{"i":0.36},"geometry":{"type":"Point","coordinates":[77.80518,16.74143]}},{"type":"Feature","properties":{"i":0.61},"geometry":{"type":"Point","coordinates":[77.84912,16.74143]}},{"type":"Feature","properties":{"i":0.1},"geometry":{"type":"Point","coordinates":[77.89307,16.74143]}},{"type":"Feature","properties":{"i":0.38},"geometry":{"type":"Point","coordinates":[77.93701,16.74143]}},{"type":"Feature","properties":{"i":1},"geometry":{"type":"Point","coordinates":[77.98096,16.74143]}},{"type":"Feature","properties":{"i":1},"geometry":{"type":"Point","coordinates":[78.0249,16.74143]}},{"type":"Feature","properties":{"i":1},"geometry":{"type":"Point","coordinates":[78.06885,16.74143]}},{"type":"Feature","properties":{"i":0.56},"geometry":{"type":"Point","coordinates":[78.11279,16.74143]}},{"type":"Feature","properties":{"i":0.74},"geometry":{"type":"Point","coordinates":[78.15674,16.74143]}},{"type":"Feature","properties":{"i":0.34},"geometry":{"type":"Point","coordinates":[78.20068,16.74143]}},{"type":"Feature","properties":{"i":0.13},"geometry":{"type":"Point","coordinates":[78.24463,16.74143]}},{"type":"Feature","properties":{"i":0.25},"geometry":{"type":"Point","coordinates":[78.28857,16.74143]}},{"type":"Feature","properties":{"i":0.61},"geometry":{"type":"Point","coordinates":[78.33252,16.74143]}},{"type":"Feature","properties":{"i":0.14},"geometry":{"type":"Point","coordinates":[78.37646,16.74143]}},{"type":"Feature","properties":{"i":0.63},"geometry":{"type":"Point","coordinates":[78.42041,16.74143]}},{"type":"Feature","properties":{"i":0.19},"geometry":{"type":"Point","coordinates":[78.46436,16.74143]}},{"type":"Feature","properties":{"i":0.38},"geometry":{"type":"Point","coordinates":[78.5083,16.74143]}},{"type":"Feature","properties":{"i":0.34},"geometry":{"type":"Point","coordinates":[78.55225,16.74143]}},{"type":"Feature","properties":{"i":0.25},"geometry":{"type":"Point","coordinates":[78.59619,16.74143]}},{"type":"Feature","properties":{"i":0.27},"geometry":{"type":"Point","coordinates":[78.64014,16.74143]}},{"type":"Feature","properties":{"i":0.17},"geometry":{"type":"Point","coordinates":[78.68408,16.74143]}},{"type":"Feature","properties":{"i":0.33},"geometry":{"type":"Point","coordinates":[78.72803,16.74143]}},{"type":"Feature","properties":{"i":0.31},"geometry":{"type":"Point","coordinates":[76.6626,16.69934]}},{"type":"Feature","properties":{"i":0.42},"geometry":{"type":"Point","coordinates":[76.79443,16.69934]}},{"type":"Feature","properties":{"i":0.96},"geometry":{"type":"Point","coordinates":[76.83838,16.69934]}},{"type":"Feature","properties":{"i":0.48},"geometry":{"type":"Point","coordinates":[76.88232,16.69934]}},{"type":"Feature","properties":{"i":0.07},"geometry":{"type":"Point","coordinates":[76.92627,16.69934]}},{"type":"Feature","properties":{"i":0.08},"geometry":{"type":"Point","coordinates":[76.97021,16.69934]}},{"type":"Feature","properties":{"i":0.09},"geometry":{"type":"Point","coordinates":[77.01416,16.69934]}},{"type":"Feature","properties":{"i":0.21},"geometry":{"type":"Point","coordinates":[77.05811,16.69934]}},{"type":"Feature","properties":{"i":0.07},"geometry":{"type":"Point","coordinates":[77.10205,16.69934]}},{"type":"Feature","properties":{"i":0.08},"geometry":{"type":"Point","coordinates":[77.146,16.69934]}},{"type":"Feature","properties":{"i":0.19},"geometry":{"type":"Point","coordinates":[77.18994,16.69934]}},{"type":"Feature","properties":{"i":0.33},"geometry":{"type":"Point","coordinates":[77.23389,16.69934]}},{"type":"Feature","properties":{"i":0.15},"geometry":{"type":"Point","coordinates":[77.45361,16.69934]}},{"type":"Feature","properties":{"i":0.17},"geometry":{"type":"Point","coordinates":[77.49756,16.69934]}},{"type":"Feature","properties":{"i":0.37},"geometry":{"type":"Point","coordinates":[77.5415,16.69934]}},{"type":"Feature","properties":{"i":0.52},"geometry":{"type":"Point","coordinates":[77.58545,16.69934]}},{"type":"Feature","properties":{"i":0.11},"geometry":{"type":"Point","coordinates":[77.62939,16.69934]}},{"type":"Feature","properties":{"i":0.29},"geometry":{"type":"Point","coordinates":[77.71729,16.69934]}},{"type":"Feature","properties":{"i":0.3},"geometry":{"type":"Point","coordinates":[77.76123,16.69934]}},{"type":"Feature","properties":{"i":0.46},"geometry":{"type":"Point","coordinates":[77.80518,16.69934]}},{"type":"Feature","properties":{"i":0.32},"geometry":{"type":"Point","coordinates":[77.89307,16.69934]}},{"type":"Feature","properties":{"i":0.37},"geometry":{"type":"Point","coordinates":[77.93701,16.69934]}},{"type":"Feature","properties":{"i":0.73},"geometry":{"type":"Point","coordinates":[77.98096,16.69934]}},{"type":"Feature","properties":{"i":0.79},"geometry":{"type":"Point","coordinates":[78.0249,16.69934]}},{"type":"Feature","properties":{"i":0.72},"geometry":{"type":"Point","coordinates":[78.06885,16.69934]}},{"type":"Feature","properties":{"i":0.29},"geometry":{"type":"Point","coordinates":[78.11279,16.69934]}},{"type":"Feature","properties":{"i":0.3},"geometry":{"type":"Point","coordinates":[78.15674,16.69934]}},{"type":"Feature","properties":{"i":0.34},"geometry":{"type":"Point","coordinates":[78.20068,16.69934]}},{"type":"Feature","properties":{"i":0.44},"geometry":{"type":"Point","coordinates":[78.24463,16.69934]}},{"type":"Feature","properties":{"i":0.33},"geometry":{"type":"Point","coordinates":[78.28857,16.69934]}},{"type":"Feature","properties":{"i":0.49},"geometry":{"type":"Point","coordinates":[78.37646,16.69934]}},{"type":"Feature","properties":{"i":0.33},"geometry":{"type":"Point","coordinates":[78.42041,16.69934]}},{"type":"Feature","properties":{"i":0.39},"geometry":{"type":"Point","coordinates":[78.46436,16.69934]}},{"type":"Feature","properties":{"i":0.34},"geometry":{"type":"Point","coordinates":[78.5083,16.69934]}},{"type":"Feature","properties":{"i":0.22},"geometry":{"type":"Point","coordinates":[78.55225,16.69934]}},{"type":"Feature","properties":{"i":0.33},"geometry":{"type":"Point","coordinates":[78.59619,16.69934]}},{"type":"Feature","properties":{"i":0.23},"geometry":{"type":"Point","coordinates":[78.68408,16.69934]}},{"type":"Feature","properties":{"i":0.62},"geometry":{"type":"Point","coordinates":[78.72803,16.69934]}},{"type":"Feature","properties":{"i":0.62},"geometry":{"type":"Point","coordinates":[76.53076,16.65724]}},{"type":"Feature","properties":{"i":0.34},"geometry":{"type":"Point","coordinates":[76.61865,16.65724]}},{"type":"Feature","properties":{"i":0.21},"geometry":{"type":"Point","coordinates":[76.70654,16.65724]}},{"type":"Feature","properties":{"i":0.7},"geometry":{"type":"Point","coordinates":[76.83838,16.65724]}},{"type":"Feature","properties":{"i":0.32},"geometry":{"type":"Point","coordinates":[76.88232,16.65724]}},{"type":"Feature","properties":{"i":0.24},"geometry":{"type":"Point","coordinates":[77.01416,16.65724]}},{"type":"Feature","properties":{"i":0.05},"geometry":{"type":"Point","coordinates":[77.05811,16.65724]}},{"type":"Feature","properties":{"i":0.07},"geometry":{"type":"Point","coordinates":[77.10205,16.65724]}},{"type":"Feature","properties":{"i":0.11},"geometry":{"type":"Point","coordinates":[77.146,16.65724]}},{"type":"Feature","properties":{"i":0.28},"geometry":{"type":"Point","coordinates":[77.18994,16.65724]}},{"type":"Feature","properties":{"i":0.22},"geometry":{"type":"Point","coordinates":[77.27783,16.65724]}},{"type":"Feature","properties":{"i":0.04},"geometry":{"type":"Point","coordinates":[77.32178,16.65724]}},{"type":"Feature","properties":{"i":0.15},"geometry":{"type":"Point","coordinates":[77.36572,16.65724]}},{"type":"Feature","properties":{"i":0.08},"geometry":{"type":"Point","coordinates":[77.40967,16.65724]}},{"type":"Feature","properties":{"i":0.53},"geometry":{"type":"Point","coordinates":[77.49756,16.65724]}},{"type":"Feature","properties":{"i":0.64},"geometry":{"type":"Point","coordinates":[77.5415,16.65724]}},{"type":"Feature","properties":{"i":0.3},"geometry":{"type":"Point","coordinates":[77.58545,16.65724]}},{"type":"Feature","properties":{"i":0.58},"geometry":{"type":"Point","coordinates":[77.62939,16.65724]}},{"type":"Feature","properties":{"i":0.24},"geometry":{"type":"Point","coordinates":[77.71729,16.65724]}},{"type":"Feature","properties":{"i":0.44},"geometry":{"type":"Point","coordinates":[77.76123,16.65724]}},{"type":"Feature","properties":{"i":0.45},"geometry":{"type":"Point","coordinates":[77.80518,16.65724]}},{"type":"Feature","properties":{"i":0.38},"geometry":{"type":"Point","coordinates":[77.84912,16.65724]}},{"type":"Feature","properties":{"i":0.42},"geometry":{"type":"Point","coordinates":[77.89307,16.65724]}},{"type":"Feature","properties":{"i":0.46},"geometry":{"type":"Point","coordinates":[77.93701,16.65724]}},{"type":"Feature","properties":{"i":0.46},"geometry":{"type":"Point","coordinates":[77.98096,16.65724]}},{"type":"Feature","properties":{"i":0.36},"geometry":{"type":"Point","coordinates":[78.0249,16.65724]}},{"type":"Feature","properties":{"i":0.44},"geometry":{"type":"Point","coordinates":[78.06885,16.65724]}},{"type":"Feature","properties":{"i":0.21},"geometry":{"type":"Point","coordinates":[78.11279,16.65724]}},{"type":"Feature","properties":{"i":0.32},"geometry":{"type":"Point","coordinates":[78.15674,16.65724]}},{"type":"Feature","properties":{"i":0.35},"geometry":{"type":"Point","coordinates":[78.20068,16.65724]}},{"type":"Feature","properties":{"i":0.28},"geometry":{"type":"Point","coordinates":[78.24463,16.65724]}},{"type":"Feature","properties":{"i":0.4},"geometry":{"type":"Point","coordinates":[78.28857,16.65724]}},{"type":"Feature","properties":{"i":0.46},"geometry":{"type":"Point","coordinates":[78.33252,16.65724]}},{"type":"Feature","properties":{"i":0.57},"geometry":{"type":"Point","coordinates":[78.42041,16.65724]}},{"type":"Feature","properties":{"i":0.44},"geometry":{"type":"Point","coordinates":[78.46436,16.65724]}},{"type":"Feature","properties":{"i":0.74},"geometry":{"type":"Point","coordinates":[78.5083,16.65724]}},{"type":"Feature","properties":{"i":0.39},"geometry":{"type":"Point","coordinates":[78.55225,16.65724]}},{"type":"Feature","properties":{"i":0.47},"geometry":{"type":"Point","coordinates":[78.59619,16.65724]}},{"type":"Feature","properties":{"i":0.31},"geometry":{"type":"Point","coordinates":[78.64014,16.65724]}},{"type":"Feature","properties":{"i":0.1},"geometry":{"type":"Point","coordinates":[78.72803,16.65724]}},{"type":"Feature","properties":{"i":0.66},"geometry":{"type":"Point","coordinates":[79.38721,19.29041]}},{"type":"Feature","properties":{"i":0.08},"geometry":{"type":"Point","coordinates":[79.43115,19.29041]}},{"type":"Feature","properties":{"i":0.12},"geometry":{"type":"Point","coordinates":[79.03564,19.24892]}},{"type":"Feature","properties":{"i":0.53},"geometry":{"type":"Point","coordinates":[79.25537,19.24892]}},{"type":"Feature","properties":{"i":0.64},"geometry":{"type":"Point","coordinates":[79.29932,19.24892]}},{"type":"Feature","properties":{"i":0.08},"geometry":{"type":"Point","coordinates":[79.38721,19.24892]}},{"type":"Feature","properties":{"i":0.32},"geometry":{"type":"Point","coordinates":[79.43115,19.24892]}},{"type":"Feature","properties":{"i":0.11},"geometry":{"type":"Point","coordinates":[79.4751,19.24892]}},{"type":"Feature","properties":{"i":0.1},"geometry":{"type":"Point","coordinates":[79.73877,19.24892]}},{"type":"Feature","properties":{"i":0.15},"geometry":{"type":"Point","coordinates":[79.78271,19.24892]}},{"type":"Feature","properties":{"i":0.35},"geometry":{"type":"Point","coordinates":[78.94775,19.20743]}},{"type":"Feature","properties":{"i":0.52},"geometry":{"type":"Point","coordinates":[79.29932,19.20743]}},{"type":"Feature","properties":{"i":0.47},"geometry":{"type":"Point","coordinates":[79.38721,19.20743]}},{"type":"Feature","properties":{"i":0.49},"geometry":{"type":"Point","coordinates":[79.43115,19.20743]}},{"type":"Feature","properties":{"i":0.18},"geometry":{"type":"Point","coordinates":[79.60693,19.20743]}},{"type":"Feature","properties":{"i":0.15},"geometry":{"type":"Point","coordinates":[80.04639,19.20743]}},{"type":"Feature","properties":{"i":0.09},"geometry":{"type":"Point","coordinates":[78.94775,19.16592]}},{"type":"Feature","properties":{"i":0.17},"geometry":{"type":"Point","coordinates":[78.9917,19.16592]}},{"type":"Feature","properties":{"i":0.02},"geometry":{"type":"Point","coordinates":[79.25537,19.16592]}},{"type":"Feature","properties":{"i":0.68},"geometry":{"type":"Point","coordinates":[79.43115,19.16592]}},{"type":"Feature","properties":{"i":0.46},"geometry":{"type":"Point","coordinates":[79.4751,19.16592]}},{"type":"Feature","properties":{"i":0.28},"geometry":{"type":"Point","coordinates":[79.51904,19.16592]}},{"type":"Feature","properties":{"i":0.04},"geometry":{"type":"Point","coordinates":[79.65088,19.16592]}},{"type":"Feature","properties":{"i":0.37},"geometry":{"type":"Point","coordinates":[78.94775,19.12441]}},{"type":"Feature","properties":{"i":0.34},"geometry":{"type":"Point","coordinates":[78.9917,19.12441]}},{"type":"Feature","properties":{"i":0.53},"geometry":{"type":"Point","coordinates":[79.43115,19.12441]}},{"type":"Feature","properties":{"i":0.27},"geometry":{"type":"Point","coordinates":[79.4751,19.12441]}},{"type":"Feature","properties":{"i":0.31},"geometry":{"type":"Point","coordinates":[78.77197,19.08288]}},{"type":"Feature","properties":{"i":0.19},"geometry":{"type":"Point","coordinates":[78.81592,19.08288]}},{"type":"Feature","properties":{"i":0.24},"geometry":{"type":"Point","coordinates":[78.85986,19.08288]}},{"type":"Feature","properties":{"i":0.3},"geometry":{"type":"Point","coordinates":[78.90381,19.08288]}},{"type":"Feature","properties":{"i":0.18},"geometry":{"type":"Point","coordinates":[78.94775,19.08288]}},{"type":"Feature","properties":{"i":0.14},"geometry":{"type":"Point","coordinates":[78.9917,19.08288]}},{"type":"Feature","properties":{"i":0.12},"geometry":{"type":"Point","coordinates":[79.03564,19.08288]}},{"type":"Feature","properties":{"i":0.11},"geometry":{"type":"Point","coordinates":[79.38721,19.08288]}},{"type":"Feature","properties":{"i":0.85},"geometry":{"type":"Point","coordinates":[79.4751,19.08288]}},{"type":"Feature","properties":{"i":0.42},"geometry":{"type":"Point","coordinates":[79.51904,19.08288]}},{"type":"Feature","properties":{"i":0.15},"geometry":{"type":"Point","coordinates":[79.65088,19.08288]}},{"type":"Feature","properties":{"i":0.11},"geometry":{"type":"Point","coordinates":[78.81592,19.04135]}},{"type":"Feature","properties":{"i":0.33},"geometry":{"type":"Point","coordinates":[78.9917,19.04135]}},{"type":"Feature","properties":{"i":0.1},"geometry":{"type":"Point","coordinates":[79.03564,19.04135]}},{"type":"Feature","properties":{"i":0.09},"geometry":{"type":"Point","coordinates":[79.07959,19.04135]}},{"type":"Feature","properties":{"i":0.1},"geometry":{"type":"Point","coordinates":[79.12354,19.04135]}},{"type":"Feature","properties":{"i":0.72},"geometry":{"type":"Point","coordinates":[79.34326,19.04135]}},{"type":"Feature","properties":{"i":0.38},"geometry":{"type":"Point","coordinates":[79.38721,19.04135]}},{"type":"Feature","properties":{"i":0.34},"geometry":{"type":"Point","coordinates":[79.43115,19.04135]}},{"type":"Feature","properties":{"i":0.86},"geometry":{"type":"Point","coordinates":[79.4751,19.04135]}},{"type":"Feature","properties":{"i":0.55},"geometry":{"type":"Point","coordinates":[79.51904,19.04135]}},{"type":"Feature","properties":{"i":0.19},"geometry":{"type":"Point","coordinates":[79.56299,19.04135]}},{"type":"Feature","properties":{"i":0.22},"geometry":{"type":"Point","coordinates":[78.85986,18.9998]}},{"type":"Feature","properties":{"i":0.4},"geometry":{"type":"Point","coordinates":[78.9917,18.9998]}},{"type":"Feature","properties":{"i":0.19},"geometry":{"type":"Point","coordinates":[79.03564,18.9998]}},{"type":"Feature","properties":{"i":0.28},"geometry":{"type":"Point","coordinates":[79.07959,18.9998]}},{"type":"Feature","properties":{"i":0.15},"geometry":{"type":"Point","coordinates":[79.12354,18.9998]}},{"type":"Feature","properties":{"i":0.08},"geometry":{"type":"Point","coordinates":[79.16748,18.9998]}},{"type":"Feature","properties":{"i":0.31},"geometry":{"type":"Point","coordinates":[79.34326,18.9998]}},{"type":"Feature","properties":{"i":0.09},"geometry":{"type":"Point","coordinates":[79.38721,18.9998]}},{"type":"Feature","properties":{"i":0.14},"geometry":{"type":"Point","coordinates":[79.43115,18.9998]}},{"type":"Feature","properties":{"i":1},"geometry":{"type":"Point","coordinates":[79.4751,18.9998]}},{"type":"Feature","properties":{"i":0.21},"geometry":{"type":"Point","coordinates":[79.51904,18.9998]}},{"type":"Feature","properties":{"i":0.18},"geometry":{"type":"Point","coordinates":[79.60693,18.9998]}},{"type":"Feature","properties":{"i":0.38},"geometry":{"type":"Point","coordinates":[78.77197,18.95825]}},{"type":"Feature","properties":{"i":0.33},"geometry":{"type":"Point","coordinates":[78.81592,18.95825]}},{"type":"Feature","properties":{"i":0.15},"geometry":{"type":"Point","coordinates":[78.85986,18.95825]}},{"type":"Feature","properties":{"i":0.07},"geometry":{"type":"Point","coordinates":[78.9917,18.95825]}},{"type":"Feature","properties":{"i":0.76},"geometry":{"type":"Point","coordinates":[79.07959,18.95825]}},{"type":"Feature","properties":{"i":0.68},"geometry":{"type":"Point","coordinates":[79.12354,18.95825]}},{"type":"Feature","properties":{"i":0.26},"geometry":{"type":"Point","coordinates":[79.16748,18.95825]}},{"type":"Feature","properties":{"i":0.21},"geometry":{"type":"Point","coordinates":[79.21143,18.95825]}},{"type":"Feature","properties":{"i":0.13},"geometry":{"type":"Point","coordinates":[79.43115,18.95825]}},{"type":"Feature","properties":{"i":0.63},"geometry":{"type":"Point","coordinates":[79.4751,18.95825]}},{"type":"Feature","properties":{"i":0.32},"geometry":{"type":"Point","coordinates":[79.51904,18.95825]}},{"type":"Feature","properties":{"i":0.22},"geometry":{"type":"Point","coordinates":[79.56299,18.95825]}},{"type":"Feature","properties":{"i":0.25},"geometry":{"type":"Point","coordinates":[79.60693,18.95825]}},{"type":"Feature","properties":{"i":0.08},"geometry":{"type":"Point","coordinates":[79.65088,18.95825]}},{"type":"Feature","properties":{"i":0.09},"geometry":{"type":"Point","coordinates":[79.78271,18.95825]}},{"type":"Feature","properties":{"i":0.11},"geometry":{"type":"Point","coordinates":[79.82666,18.95825]}},{"type":"Feature","properties":{"i":0.09},"geometry":{"type":"Point","coordinates":[80.00244,18.95825]}},{"type":"Feature","properties":{"i":0.44},"geometry":{"type":"Point","coordinates":[78.77197,18.91668]}},{"type":"Feature","properties":{"i":0.53},"geometry":{"type":"Point","coordinates":[78.81592,18.91668]}},{"type":"Feature","properties":{"i":0.25},"geometry":{"type":"Point","coordinates":[78.85986,18.91668]}},{"type":"Feature","properties":{"i":0.12},"geometry":{"type":"Point","coordinates":[78.94775,18.91668]}},{"type":"Feature","properties":{"i":0.3},"geometry":{"type":"Point","coordinates":[79.03564,18.91668]}},{"type":"Feature","properties":{"i":0.63},"geometry":{"type":"Point","coordinates":[79.07959,18.91668]}},{"type":"Feature","properties":{"i":0.55},"geometry":{"type":"Point","coordinates":[79.12354,18.91668]}},{"type":"Feature","properties":{"i":0.16},"geometry":{"type":"Point","coordinates":[79.16748,18.91668]}},{"type":"Feature","properties":{"i":0.33},"geometry":{"type":"Point","coordinates":[79.21143,18.91668]}},{"type":"Feature","properties":{"i":0.13},"geometry":{"type":"Point","coordinates":[79.25537,18.91668]}},{"type":"Feature","properties":{"i":0.56},"geometry":{"type":"Point","coordinates":[79.43115,18.91668]}},{"type":"Feature","properties":{"i":0.78},"geometry":{"type":"Point","coordinates":[79.4751,18.91668]}},{"type":"Feature","properties":{"i":0.22},"geometry":{"type":"Point","coordinates":[79.51904,18.91668]}},{"type":"Feature","properties":{"i":0.15},"geometry":{"type":"Point","coordinates":[79.56299,18.91668]}},{"type":"Feature","properties":{"i":0.35},"geometry":{"type":"Point","coordinates":[78.77197,18.8751]}},{"type":"Feature","properties":{"i":0.35},"geometry":{"type":"Point","coordinates":[78.81592,18.8751]}},{"type":"Feature","properties":{"i":0.36},"geometry":{"type":"Point","coordinates":[78.85986,18.8751]}},{"type":"Feature","properties":{"i":0.24},"geometry":{"type":"Point","coordinates":[78.90381,18.8751]}},{"type":"Feature","properties":{"i":0.4},"geometry":{"type":"Point","coordinates":[78.94775,18.8751]}},{"type":"Feature","properties":{"i":0.25},"geometry":{"type":"Point","coordinates":[78.9917,18.8751]}},{"type":"Feature","properties":{"i":0.29},"geometry":{"type":"Point","coordinates":[79.03564,18.8751]}},{"type":"Feature","properties":{"i":0.27},"geometry":{"type":"Point","coordinates":[79.07959,18.8751]}},{"type":"Feature","properties":{"i":0.23},"geometry":{"type":"Point","coordinates":[79.12354,18.8751]}},{"type":"Feature","properties":{"i":0.36},"geometry":{"type":"Point","coordinates":[79.16748,18.8751]}},{"type":"Feature","properties":{"i":0.59},"geometry":{"type":"Point","coordinates":[79.21143,18.8751]}},{"type":"Feature","properties":{"i":0.28},"geometry":{"type":"Point","coordinates":[79.25537,18.8751]}},{"type":"Feature","properties":{"i":0.26},"geometry":{"type":"Point","coordinates":[79.29932,18.8751]}},{"type":"Feature","properties":{"i":0.3},"geometry":{"type":"Point","coordinates":[79.34326,18.8751]}},{"type":"Feature","properties":{"i":0.42},"geometry":{"type":"Point","coordinates":[79.38721,18.8751]}},{"type":"Feature","properties":{"i":0.87},"geometry":{"type":"Point","coordinates":[79.43115,18.8751]}},{"type":"Feature","properties":{"i":0.96},"geometry":{"type":"Point","coordinates":[79.4751,18.8751]}},{"type":"Feature","properties":{"i":0.78},"geometry":{"type":"Point","coordinates":[79.51904,18.8751]}},{"type":"Feature","properties":{"i":0.27},"geometry":{"type":"Point","coordinates":[79.56299,18.8751]}},{"type":"Feature","properties":{"i":0.38},"geometry":{"type":"Point","coordinates":[79.78271,18.8751]}},{"type":"Feature","properties":{"i":0.09},"geometry":{"type":"Point","coordinates":[79.82666,18.8751]}},{"type":"Feature","properties":{"i":0.09},"geometry":{"type":"Point","coordinates":[80.00244,18.8751]}},{"type":"Feature","properties":{"i":0.02},"geometry":{"type":"Point","coordinates":[80.17822,18.8751]}},{"type":"Feature","properties":{"i":0.16},"geometry":{"type":"Point","coordinates":[78.77197,18.83352]}},{"type":"Feature","properties":{"i":0.56},"geometry":{"type":"Point","coordinates":[78.81592,18.83352]}},{"type":"Feature","properties":{"i":0.47},"geometry":{"type":"Point","coordinates":[78.85986,18.83352]}},{"type":"Feature","properties":{"i":0.4},"geometry":{"type":"Point","coordinates":[78.90381,18.83352]}},{"type":"Feature","properties":{"i":0.36},"geometry":{"type":"Point","coordinates":[78.94775,18.83352]}},{"type":"Feature","properties":{"i":0.26},"geometry":{"type":"Point","coordinates":[78.9917,18.83352]}},{"type":"Feature","properties":{"i":0.11},"geometry":{"type":"Point","coordinates":[79.03564,18.83352]}},{"type":"Feature","properties":{"i":0.34},"geometry":{"type":"Point","coordinates":[79.07959,18.83352]}},{"type":"Feature","properties":{"i":0.15},"geometry":{"type":"Point","coordinates":[79.12354,18.83352]}},{"type":"Feature","properties":{"i":0.42},"geometry":{"type":"Point","coordinates":[79.16748,18.83352]}},{"type":"Feature","properties":{"i":0.19},"geometry":{"type":"Point","coordinates":[79.21143,18.83352]}},{"type":"Feature","properties":{"i":0.03},"geometry":{"type":"Point","coordinates":[79.25537,18.83352]}},{"type":"Feature","properties":{"i":0.22},"geometry":{"type":"Point","coordinates":[79.29932,18.83352]}},{"type":"Feature","properties":{"i":0.07},"geometry":{"type":"Point","coordinates":[79.34326,18.83352]}},{"type":"Feature","properties":{"i":0.44},"geometry":{"type":"Point","coordinates":[79.38721,18.83352]}},{"type":"Feature","properties":{"i":0.55},"geometry":{"type":"Point","coordinates":[79.43115,18.83352]}},{"type":"Feature","properties":{"i":0.76},"geometry":{"type":"Point","coordinates":[79.4751,18.83352]}},{"type":"Feature","properties":{"i":0.97},"geometry":{"type":"Point","coordinates":[79.51904,18.83352]}},{"type":"Feature","properties":{"i":1},"geometry":{"type":"Point","coordinates":[79.56299,18.83352]}},{"type":"Feature","properties":{"i":0.65},"geometry":{"type":"Point","coordinates":[79.60693,18.83352]}},{"type":"Feature","properties":{"i":0.11},"geometry":{"type":"Point","coordinates":[79.65088,18.83352]}},{"type":"Feature","properties":{"i":0.36},"geometry":{"type":"Point","coordinates":[79.69482,18.83352]}},{"type":"Feature","properties":{"i":0.22},"geometry":{"type":"Point","coordinates":[79.73877,18.83352]}},{"type":"Feature","properties":{"i":0.57},"geometry":{"type":"Point","coordinates":[79.78271,18.83352]}},{"type":"Feature","properties":{"i":0.3},"geometry":{"type":"Point","coordinates":[79.82666,18.83352]}},{"type":"Feature","properties":{"i":0.59},"geometry":{"type":"Point","coordinates":[79.9585,18.83352]}},{"type":"Feature","properties":{"i":0.11},"geometry":{"type":"Point","coordinates":[80.00244,18.83352]}},{"type":"Feature","properties":{"i":0.38},"geometry":{"type":"Point","coordinates":[78.77197,18.79192]}},{"type":"Feature","properties":{"i":0.4},"geometry":{"type":"Point","coordinates":[78.81592,18.79192]}},{"type":"Feature","properties":{"i":0.38},"geometry":{"type":"Point","coordinates":[78.85986,18.79192]}},{"type":"Feature","properties":{"i":0.79},"geometry":{"type":"Point","coordinates":[78.90381,18.79192]}},{"type":"Feature","properties":{"i":0.8},"geometry":{"type":"Point","coordinates":[78.94775,18.79192]}},{"type":"Feature","properties":{"i":0.44},"geometry":{"type":"Point","coordinates":[78.9917,18.79192]}},{"type":"Feature","properties":{"i":0.22},"geometry":{"type":"Point","coordinates":[79.03564,18.79192]}},{"type":"Feature","properties":{"i":0.5},"geometry":{"type":"Point","coordinates":[79.07959,18.79192]}},{"type":"Feature","properties":{"i":0.37},"geometry":{"type":"Point","coordinates":[79.12354,18.79192]}},{"type":"Feature","properties":{"i":0.33},"geometry":{"type":"Point","coordinates":[79.16748,18.79192]}},{"type":"Feature","properties":{"i":0.15},"geometry":{"type":"Point","coordinates":[79.21143,18.79192]}},{"type":"Feature","properties":{"i":0.4},"geometry":{"type":"Point","coordinates":[79.25537,18.79192]}},{"type":"Feature","properties":{"i":0.19},"geometry":{"type":"Point","coordinates":[79.29932,18.79192]}},{"type":"Feature","properties":{"i":0.22},"geometry":{"type":"Point","coordinates":[79.34326,18.79192]}},{"type":"Feature","properties":{"i":0.16},"geometry":{"type":"Point","coordinates":[79.38721,18.79192]}},{"type":"Feature","properties":{"i":0.56},"geometry":{"type":"Point","coordinates":[79.43115,18.79192]}},{"type":"Feature","properties":{"i":0.53},"geometry":{"type":"Point","coordinates":[79.4751,18.79192]}},{"type":"Feature","properties":{"i":0.73},"geometry":{"type":"Point","coordinates":[79.51904,18.79192]}},{"type":"Feature","properties":{"i":0.84},"geometry":{"type":"Point","coordinates":[79.56299,18.79192]}},{"type":"Feature","properties":{"i":0.25},"geometry":{"type":"Point","coordinates":[79.60693,18.79192]}},{"type":"Feature","properties":{"i":0.72},"geometry":{"type":"Point","coordinates":[79.91455,18.79192]}},{"type":"Feature","properties":{"i":0.17},"geometry":{"type":"Point","coordinates":[79.9585,18.79192]}},{"type":"Feature","properties":{"i":0.42},"geometry":{"type":"Point","coordinates":[78.77197,18.75031]}},{"type":"Feature","properties":{"i":0.42},"geometry":{"type":"Point","coordinates":[78.81592,18.75031]}},{"type":"Feature","properties":{"i":0.34},"geometry":{"type":"Point","coordinates":[78.85986,18.75031]}},{"type":"Feature","properties":{"i":0.55},"geometry":{"type":"Point","coordinates":[78.90381,18.75031]}},{"type":"Feature","properties":{"i":0.25},"geometry":{"type":"Point","coordinates":[78.94775,18.75031]}},{"type":"Feature","properties":{"i":0.14},"geometry":{"type":"Point","coordinates":[78.9917,18.75031]}},{"type":"Feature","properties":{"i":0.28},"geometry":{"type":"Point","coordinates":[79.03564,18.75031]}},{"type":"Feature","properties":{"i":0.25},"geometry":{"type":"Point","coordinates":[79.07959,18.75031]}},{"type":"Feature","properties":{"i":0.32},"geometry":{"type":"Point","coordinates":[79.12354,18.75031]}},{"type":"Feature","properties":{"i":0.24},"geometry":{"type":"Point","coordinates":[79.16748,18.75031]}},{"type":"Feature","properties":{"i":0.35},"geometry":{"type":"Point","coordinates":[79.21143,18.75031]}},{"type":"Feature","properties":{"i":0.27},"geometry":{"type":"Point","coordinates":[79.29932,18.75031]}},{"type":"Feature","properties":{"i":0.28},"geometry":{"type":"Point","coordinates":[79.34326,18.75031]}},{"type":"Feature","properties":{"i":0.1},"geometry":{"type":"Point","coordinates":[79.38721,18.75031]}},{"type":"Feature","properties":{"i":0.67},"geometry":{"type":"Point","coordinates":[79.43115,18.75031]}},{"type":"Feature","properties":{"i":1},"geometry":{"type":"Point","coordinates":[79.4751,18.75031]}},{"type":"Feature","properties":{"i":1},"geometry":{"type":"Point","coordinates":[79.51904,18.75031]}},{"type":"Feature","properties":{"i":1},"geometry":{"type":"Point","coordinates":[79.56299,18.75031]}},{"type":"Feature","properties":{"i":0.23},"geometry":{"type":"Point","coordinates":[79.60693,18.75031]}},{"type":"Feature","properties":{"i":0.35},"geometry":{"type":"Point","coordinates":[79.65088,18.75031]}},{"type":"Feature","properties":{"i":0.23},"geometry":{"type":"Point","coordinates":[79.73877,18.75031]}},{"type":"Feature","properties":{"i":0.28},"geometry":{"type":"Point","coordinates":[79.78271,18.75031]}},{"type":"Feature","properties":{"i":0.27},"geometry":{"type":"Point","coordinates":[79.82666,18.75031]}},{"type":"Feature","properties":{"i":0.4},"geometry":{"type":"Point","coordinates":[78.77197,18.70869]}},{"type":"Feature","properties":{"i":0.22},"geometry":{"type":"Point","coordinates":[78.81592,18.70869]}},{"type":"Feature","properties":{"i":0.22},"geometry":{"type":"Point","coordinates":[78.85986,18.70869]}},{"type":"Feature","properties":{"i":0.43},"geometry":{"type":"Point","coordinates":[78.90381,18.70869]}},{"type":"Feature","properties":{"i":0.24},"geometry":{"type":"Point","coordinates":[78.94775,18.70869]}},{"type":"Feature","properties":{"i":0.28},"geometry":{"type":"Point","coordinates":[78.9917,18.70869]}},{"type":"Feature","properties":{"i":0.49},"geometry":{"type":"Point","coordinates":[79.03564,18.70869]}},{"type":"Feature","properties":{"i":0.27},"geometry":{"type":"Point","coordinates":[79.07959,18.70869]}},{"type":"Feature","properties":{"i":0.23},"geometry":{"type":"Point","coordinates":[79.12354,18.70869]}},{"type":"Feature","properties":{"i":0.26},"geometry":{"type":"Point","coordinates":[79.16748,18.70869]}},{"type":"Feature","properties":{"i":0.33},"geometry":{"type":"Point","coordinates":[79.21143,18.70869]}},{"type":"Feature","properties":{"i":0.46},"geometry":{"type":"Point","coordinates":[79.25537,18.70869]}},{"type":"Feature","properties":{"i":0.16},"geometry":{"type":"Point","coordinates":[79.29932,18.70869]}},{"type":"Feature","properties":{"i":0.67},"geometry":{"type":"Point","coordinates":[79.34326,18.70869]}},{"type":"Feature","properties":{"i":0.5},"geometry":{"type":"Point","coordinates":[79.38721,18.70869]}},{"type":"Feature","properties":{"i":0.48},"geometry":{"type":"Point","coordinates":[79.43115,18.70869]}},{"type":"Feature","properties":{"i":0.78},"geometry":{"type":"Point","coordinates":[79.4751,18.70869]}},{"type":"Feature","properties":{"i":1},"geometry":{"type":"Point","coordinates":[79.51904,18.70869]}},{"type":"Feature","properties":{"i":1},"geometry":{"type":"Point","coordinates":[79.56299,18.70869]}},{"type":"Feature","properties":{"i":0.58},"geometry":{"type":"Point","coordinates":[79.60693,18.70869]}},{"type":"Feature","properties":{"i":0.35},"geometry":{"type":"Point","coordinates":[79.65088,18.70869]}},{"type":"Feature","properties":{"i":0.1},"geometry":{"type":"Point","coordinates":[79.82666,18.70869]}},{"type":"Feature","properties":{"i":0.53},"geometry":{"type":"Point","coordinates":[80.00244,18.70869]}},{"type":"Feature","properties":{"i":0.27},"geometry":{"type":"Point","coordinates":[80.09033,18.70869]}},{"type":"Feature","properties":{"i":0.09},"geometry":{"type":"Point","coordinates":[80.17822,18.70869]}},{"type":"Feature","properties":{"i":0.19},"geometry":{"type":"Point","coordinates":[80.22217,18.70869]}},{"type":"Feature","properties":{"i":0.26},"geometry":{"type":"Point","coordinates":[78.77197,18.66706]}},{"type":"Feature","properties":{"i":0.32},"geometry":{"type":"Point","coordinates":[78.90381,18.66706]}},{"type":"Feature","properties":{"i":0.38},"geometry":{"type":"Point","coordinates":[78.94775,18.66706]}},{"type":"Feature","properties":{"i":0.3},"geometry":{"type":"Point","coordinates":[78.9917,18.66706]}},{"type":"Feature","properties":{"i":0.27},"geometry":{"type":"Point","coordinates":[79.03564,18.66706]}},{"type":"Feature","properties":{"i":0.24},"geometry":{"type":"Point","coordinates":[79.07959,18.66706]}},{"type":"Feature","properties":{"i":0.09},"geometry":{"type":"Point","coordinates":[79.12354,18.66706]}},{"type":"Feature","properties":{"i":0.28},"geometry":{"type":"Point","coordinates":[79.16748,18.66706]}},{"type":"Feature","properties":{"i":0.19},"geometry":{"type":"Point","coordinates":[79.21143,18.66706]}},{"type":"Feature","properties":{"i":0.25},"geometry":{"type":"Point","coordinates":[79.25537,18.66706]}},{"type":"Feature","properties":{"i":0.21},"geometry":{"type":"Point","coordinates":[79.34326,18.66706]}},{"type":"Feature","properties":{"i":0.22},"geometry":{"type":"Point","coordinates":[79.38721,18.66706]}},{"type":"Feature","properties":{"i":0.38},"geometry":{"type":"Point","coordinates":[79.43115,18.66706]}},{"type":"Feature","properties":{"i":0.28},"geometry":{"type":"Point","coordinates":[79.4751,18.66706]}},{"type":"Feature","properties":{"i":0.69},"geometry":{"type":"Point","coordinates":[79.51904,18.66706]}},{"type":"Feature","properties":{"i":0.73},"geometry":{"type":"Point","coordinates":[79.56299,18.66706]}},{"type":"Feature","properties":{"i":0.5},"geometry":{"type":"Point","coordinates":[79.60693,18.66706]}},{"type":"Feature","properties":{"i":0.43},"geometry":{"type":"Point","coordinates":[79.65088,18.66706]}},{"type":"Feature","properties":{"i":0.25},"geometry":{"type":"Point","coordinates":[79.69482,18.66706]}},{"type":"Feature","properties":{"i":0.08},"geometry":{"type":"Point","coordinates":[79.82666,18.66706]}},{"type":"Feature","properties":{"i":0.08},"geometry":{"type":"Point","coordinates":[79.87061,18.66706]}},{"type":"Feature","properties":{"i":0.12},"geometry":{"type":"Point","coordinates":[79.9585,18.66706]}},{"type":"Feature","properties":{"i":0.54},"geometry":{"type":"Point","coordinates":[78.90381,18.62542]}},{"type":"Feature","properties":{"i":0.3},"geometry":{"type":"Point","coordinates":[78.94775,18.62542]}},{"type":"Feature","properties":{"i":0.26},"geometry":{"type":"Point","coordinates":[78.9917,18.62542]}},{"type":"Feature","properties":{"i":0.34},"geometry":{"type":"Point","coordinates":[79.03564,18.62542]}},{"type":"Feature","properties":{"i":0.38},"geometry":{"type":"Point","coordinates":[79.07959,18.62542]}},{"type":"Feature","properties":{"i":0.46},"geometry":{"type":"Point","coordinates":[79.12354,18.62542]}},{"type":"Feature","properties":{"i":0.34},"geometry":{"type":"Point","coordinates":[79.16748,18.62542]}},{"type":"Feature","properties":{"i":0.18},"geometry":{"type":"Point","coordinates":[79.21143,18.62542]}},{"type":"Feature","properties":{"i":0.25},"geometry":{"type":"Point","coordinates":[79.25537,18.62542]}},{"type":"Feature","properties":{"i":0.25},"geometry":{"type":"Point","coordinates":[79.29932,18.62542]}},{"type":"Feature","properties":{"i":0.15},"geometry":{"type":"Point","coordinates":[79.34326,18.62542]}},{"type":"Feature","properties":{"i":0.82},"geometry":{"type":"Point","coordinates":[79.38721,18.62542]}},{"type":"Feature","properties":{"i":0.68},"geometry":{"type":"Point","coordinates":[79.43115,18.62542]}},{"type":"Feature","properties":{"i":0.45},"geometry":{"type":"Point","coordinates":[79.4751,18.62542]}},{"type":"Feature","properties":{"i":0.37},"geometry":{"type":"Point","coordinates":[79.51904,18.62542]}},{"type":"Feature","properties":{"i":0.98},"geometry":{"type":"Point","coordinates":[79.56299,18.62542]}},{"type":"Feature","properties":{"i":0.72},"geometry":{"type":"Point","coordinates":[79.60693,18.62542]}},{"type":"Feature","properties":{"i":0.61},"geometry":{"type":"Point","coordinates":[79.65088,18.62542]}},{"type":"Feature","properties":{"i":0.37},"geometry":{"type":"Point","coordinates":[79.69482,18.62542]}},{"type":"Feature","properties":{"i":0.07},"geometry":{"type":"Point","coordinates":[79.78271,18.62542]}},{"type":"Feature","properties":{"i":0.17},"geometry":{"type":"Point","coordinates":[79.82666,18.62542]}},{"type":"Feature","properties":{"i":0.16},"geometry":{"type":"Point","coordinates":[79.87061,18.62542]}},{"type":"Feature","properties":{"i":0.28},"geometry":{"type":"Point","coordinates":[79.91455,18.62542]}},{"type":"Feature","properties":{"i":0.33},"geometry":{"type":"Point","coordinates":[79.9585,18.62542]}},{"type":"Feature","properties":{"i":0.45},"geometry":{"type":"Point","coordinates":[78.77197,18.58378]}},{"type":"Feature","properties":{"i":0.3},"geometry":{"type":"Point","coordinates":[78.81592,18.58378]}},{"type":"Feature","properties":{"i":0.19},"geometry":{"type":"Point","coordinates":[78.94775,18.58378]}},{"type":"Feature","properties":{"i":0.42},"geometry":{"type":"Point","coordinates":[78.9917,18.58378]}},{"type":"Feature","properties":{"i":0.27},"geometry":{"type":"Point","coordinates":[79.03564,18.58378]}},{"type":"Feature","properties":{"i":0.19},"geometry":{"type":"Point","coordinates":[79.07959,18.58378]}},{"type":"Feature","properties":{"i":0.58},"geometry":{"type":"Point","coordinates":[79.12354,18.58378]}},{"type":"Feature","properties":{"i":0.72},"geometry":{"type":"Point","coordinates":[79.16748,18.58378]}},{"type":"Feature","properties":{"i":0.42},"geometry":{"type":"Point","coordinates":[79.21143,18.58378]}},{"type":"Feature","properties":{"i":0.14},"geometry":{"type":"Point","coordinates":[79.25537,18.58378]}},{"type":"Feature","properties":{"i":0.29},"geometry":{"type":"Point","coordinates":[79.29932,18.58378]}},{"type":"Feature","properties":{"i":0.3},"geometry":{"type":"Point","coordinates":[79.34326,18.58378]}},{"type":"Feature","properties":{"i":0.76},"geometry":{"type":"Point","coordinates":[79.38721,18.58378]}},{"type":"Feature","properties":{"i":0.37},"geometry":{"type":"Point","coordinates":[79.43115,18.58378]}},{"type":"Feature","properties":{"i":0.37},"geometry":{"type":"Point","coordinates":[79.56299,18.58378]}},{"type":"Feature","properties":{"i":0.1},"geometry":{"type":"Point","coordinates":[79.60693,18.58378]}},{"type":"Feature","properties":{"i":0.1},"geometry":{"type":"Point","coordinates":[79.65088,18.58378]}},{"type":"Feature","properties":{"i":0.11},"geometry":{"type":"Point","coordinates":[79.69482,18.58378]}},{"type":"Feature","properties":{"i":0.38},"geometry":{"type":"Point","coordinates":[79.78271,18.58378]}},{"type":"Feature","properties":{"i":0.11},"geometry":{"type":"Point","coordinates":[79.82666,18.58378]}},{"type":"Feature","properties":{"i":0.15},"geometry":{"type":"Point","coordinates":[79.9585,18.58378]}},{"type":"Feature","properties":{"i":0.36},"geometry":{"type":"Point","coordinates":[80.00244,18.58378]}},{"type":"Feature","properties":{"i":0.3},"geometry":{"type":"Point","coordinates":[78.77197,18.54212]}},{"type":"Feature","properties":{"i":0.3},"geometry":{"type":"Point","coordinates":[78.81592,18.54212]}},{"type":"Feature","properties":{"i":0.26},"geometry":{"type":"Point","coordinates":[78.85986,18.54212]}},{"type":"Feature","properties":{"i":0.24},"geometry":{"type":"Point","coordinates":[78.90381,18.54212]}},{"type":"Feature","properties":{"i":0.11},"geometry":{"type":"Point","coordinates":[78.94775,18.54212]}},{"type":"Feature","properties":{"i":0.27},"geometry":{"type":"Point","coordinates":[78.9917,18.54212]}},{"type":"Feature","properties":{"i":0.22},"geometry":{"type":"Point","coordinates":[79.03564,18.54212]}},{"type":"Feature","properties":{"i":0.25},"geometry":{"type":"Point","coordinates":[79.07959,18.54212]}},{"type":"Feature","properties":{"i":0.32},"geometry":{"type":"Point","coordinates":[79.12354,18.54212]}},{"type":"Feature","properties":{"i":0.19},"geometry":{"type":"Point","coordinates":[79.16748,18.54212]}},{"type":"Feature","properties":{"i":0.3},"geometry":{"type":"Point","coordinates":[79.21143,18.54212]}},{"type":"Feature","properties":{"i":0.34},"geometry":{"type":"Point","coordinates":[79.25537,18.54212]}},{"type":"Feature","properties":{"i":0.42},"geometry":{"type":"Point","coordinates":[79.29932,18.54212]}},{"type":"Feature","properties":{"i":0.69},"geometry":{"type":"Point","coordinates":[79.34326,18.54212]}},{"type":"Feature","properties":{"i":0.25},"geometry":{"type":"Point","coordinates":[79.38721,18.54212]}},{"type":"Feature","properties":{"i":0.13},"geometry":{"type":"Point","coordinates":[79.4751,18.54212]}},{"type":"Feature","properties":{"i":0.27},"geometry":{"type":"Point","coordinates":[79.51904,18.54212]}},{"type":"Feature","properties":{"i":0.25},"geometry":{"type":"Point","coordinates":[79.60693,18.54212]}},{"type":"Feature","properties":{"i":0.24},"geometry":{"type":"Point","coordinates":[79.69482,18.54212]}},{"type":"Feature","properties":{"i":0.72},"geometry":{"type":"Point","coordinates":[79.73877,18.54212]}},{"type":"Feature","properties":{"i":0.22},"geometry":{"type":"Point","coordinates":[79.78271,18.54212]}},{"type":"Feature","properties":{"i":0.18},"geometry":{"type":"Point","coordinates":[79.91455,18.54212]}},{"type":"Feature","properties":{"i":0.08},"geometry":{"type":"Point","coordinates":[78.77197,18.50045]}},{"type":"Feature","properties":{"i":0.14},"geometry":{"type":"Point","coordinates":[78.81592,18.50045]}},{"type":"Feature","properties":{"i":0.19},"geometry":{"type":"Point","coordinates":[78.85986,18.50045]}},{"type":"Feature","properties":{"i":0.38},"geometry":{"type":"Point","coordinates":[78.90381,18.50045]}},{"type":"Feature","properties":{"i":0.27},"geometry":{"type":"Point","coordinates":[78.94775,18.50045]}},{"type":"Feature","properties":{"i":0.35},"geometry":{"type":"Point","coordinates":[78.9917,18.50045]}},{"type":"Feature","properties":{"i":0.27},"geometry":{"type":"Point","coordinates":[79.03564,18.50045]}},{"type":"Feature","properties":{"i":0.67},"geometry":{"type":"Point","coordinates":[79.07959,18.50045]}},{"type":"Feature","properties":{"i":0.64},"geometry":{"type":"Point","coordinates":[79.12354,18.50045]}},{"type":"Feature","properties":{"i":0.43},"geometry":{"type":"Point","coordinates":[79.16748,18.50045]}},{"type":"Feature","properties":{"i":0.42},"geometry":{"type":"Point","coordinates":[79.21143,18.50045]}},{"type":"Feature","properties":{"i":0.46},"geometry":{"type":"Point","coordinates":[79.25537,18.50045]}},{"type":"Feature","properties":{"i":0.53},"geometry":{"type":"Point","coordinates":[79.29932,18.50045]}},{"type":"Feature","properties":{"i":0.49},"geometry":{"type":"Point","coordinates":[79.34326,18.50045]}},{"type":"Feature","properties":{"i":0.22},"geometry":{"type":"Point","coordinates":[79.38721,18.50045]}},{"type":"Feature","properties":{"i":0.22},"geometry":{"type":"Point","coordinates":[79.43115,18.50045]}},{"type":"Feature","properties":{"i":0.13},"geometry":{"type":"Point","coordinates":[79.4751,18.50045]}},{"type":"Feature","properties":{"i":0.25},"geometry":{"type":"Point","coordinates":[79.51904,18.50045]}},{"type":"Feature","properties":{"i":0.07},"geometry":{"type":"Point","coordinates":[79.56299,18.50045]}},{"type":"Feature","properties":{"i":0.22},"geometry":{"type":"Point","coordinates":[79.65088,18.50045]}},{"type":"Feature","properties":{"i":0.92},"geometry":{"type":"Point","coordinates":[79.73877,18.50045]}},{"type":"Feature","properties":{"i":0.16},"geometry":{"type":"Point","coordinates":[79.78271,18.50045]}},{"type":"Feature","properties":{"i":0.1},"geometry":{"type":"Point","coordinates":[80.09033,18.50045]}},{"type":"Feature","properties":{"i":0.09},"geometry":{"type":"Point","coordinates":[80.354,18.50045]}},{"type":"Feature","properties":{"i":0.07},"geometry":{"type":"Point","coordinates":[78.77197,18.45877]}},{"type":"Feature","properties":{"i":0.29},"geometry":{"type":"Point","coordinates":[78.81592,18.45877]}},{"type":"Feature","properties":{"i":0.85},"geometry":{"type":"Point","coordinates":[78.85986,18.45877]}},{"type":"Feature","properties":{"i":0.53},"geometry":{"type":"Point","coordinates":[78.90381,18.45877]}},{"type":"Feature","properties":{"i":0.31},"geometry":{"type":"Point","coordinates":[78.94775,18.45877]}},{"type":"Feature","properties":{"i":0.32},"geometry":{"type":"Point","coordinates":[78.9917,18.45877]}},{"type":"Feature","properties":{"i":0.59},"geometry":{"type":"Point","coordinates":[79.03564,18.45877]}},{"type":"Feature","properties":{"i":0.68},"geometry":{"type":"Point","coordinates":[79.07959,18.45877]}},{"type":"Feature","properties":{"i":0.98},"geometry":{"type":"Point","coordinates":[79.12354,18.45877]}},{"type":"Feature","properties":{"i":0.86},"geometry":{"type":"Point","coordinates":[79.16748,18.45877]}},{"type":"Feature","properties":{"i":0.47},"geometry":{"type":"Point","coordinates":[79.21143,18.45877]}},{"type":"Feature","properties":{"i":0.24},"geometry":{"type":"Point","coordinates":[79.25537,18.45877]}},{"type":"Feature","properties":{"i":0.4},"geometry":{"type":"Point","coordinates":[79.34326,18.45877]}},{"type":"Feature","properties":{"i":0.22},"geometry":{"type":"Point","coordinates":[79.38721,18.45877]}},{"type":"Feature","properties":{"i":0.19},"geometry":{"type":"Point","coordinates":[79.43115,18.45877]}},{"type":"Feature","properties":{"i":0.3},"geometry":{"type":"Point","coordinates":[79.4751,18.45877]}},{"type":"Feature","properties":{"i":0.17},"geometry":{"type":"Point","coordinates":[79.51904,18.45877]}},{"type":"Feature","properties":{"i":0.21},"geometry":{"type":"Point","coordinates":[79.56299,18.45877]}},{"type":"Feature","properties":{"i":0.1},"geometry":{"type":"Point","coordinates":[79.60693,18.45877]}},{"type":"Feature","properties":{"i":0.08},"geometry":{"type":"Point","coordinates":[79.65088,18.45877]}},{"type":"Feature","properties":{"i":0.43},"geometry":{"type":"Point","coordinates":[79.82666,18.45877]}},{"type":"Feature","properties":{"i":0.74},"geometry":{"type":"Point","coordinates":[79.87061,18.45877]}},{"type":"Feature","properties":{"i":0.1},"geometry":{"type":"Point","coordinates":[79.91455,18.45877]}},{"type":"Feature","properties":{"i":0.15},"geometry":{"type":"Point","coordinates":[80.04639,18.45877]}},{"type":"Feature","properties":{"i":0.33},"geometry":{"type":"Point","coordinates":[78.77197,18.41708]}},{"type":"Feature","properties":{"i":0.58},"geometry":{"type":"Point","coordinates":[78.81592,18.41708]}},{"type":"Feature","properties":{"i":0.41},"geometry":{"type":"Point","coordinates":[78.85986,18.41708]}},{"type":"Feature","properties":{"i":0.5},"geometry":{"type":"Point","coordinates":[78.90381,18.41708]}},{"type":"Feature","properties":{"i":0.59},"geometry":{"type":"Point","coordinates":[78.94775,18.41708]}},{"type":"Feature","properties":{"i":0.53},"geometry":{"type":"Point","coordinates":[78.9917,18.41708]}},{"type":"Feature","properties":{"i":0.9},"geometry":{"type":"Point","coordinates":[79.03564,18.41708]}},{"type":"Feature","properties":{"i":0.55},"geometry":{"type":"Point","coordinates":[79.07959,18.41708]}},{"type":"Feature","properties":{"i":1},"geometry":{"type":"Point","coordinates":[79.12354,18.41708]}},{"type":"Feature","properties":{"i":0.98},"geometry":{"type":"Point","coordinates":[79.16748,18.41708]}},{"type":"Feature","properties":{"i":0.51},"geometry":{"type":"Point","coordinates":[79.21143,18.41708]}},{"type":"Feature","properties":{"i":0.17},"geometry":{"type":"Point","coordinates":[79.25537,18.41708]}},{"type":"Feature","properties":{"i":0.18},"geometry":{"type":"Point","coordinates":[79.29932,18.41708]}},{"type":"Feature","properties":{"i":0.25},"geometry":{"type":"Point","coordinates":[79.34326,18.41708]}},{"type":"Feature","properties":{"i":0.31},"geometry":{"type":"Point","coordinates":[79.38721,18.41708]}},{"type":"Feature","properties":{"i":0.19},"geometry":{"type":"Point","coordinates":[79.43115,18.41708]}},{"type":"Feature","properties":{"i":0.1},"geometry":{"type":"Point","coordinates":[79.4751,18.41708]}},{"type":"Feature","properties":{"i":0.25},"geometry":{"type":"Point","coordinates":[79.51904,18.41708]}},{"type":"Feature","properties":{"i":0.12},"geometry":{"type":"Point","coordinates":[79.56299,18.41708]}},{"type":"Feature","properties":{"i":0.33},"geometry":{"type":"Point","coordinates":[79.65088,18.41708]}},{"type":"Feature","properties":{"i":0.22},"geometry":{"type":"Point","coordinates":[79.69482,18.41708]}},{"type":"Feature","properties":{"i":0.28},"geometry":{"type":"Point","coordinates":[79.78271,18.41708]}},{"type":"Feature","properties":{"i":0.24},"geometry":{"type":"Point","coordinates":[79.82666,18.41708]}},{"type":"Feature","properties":{"i":0.82},"geometry":{"type":"Point","coordinates":[79.87061,18.41708]}},{"type":"Feature","properties":{"i":0.19},"geometry":{"type":"Point","coordinates":[79.91455,18.41708]}},{"type":"Feature","properties":{"i":0.37},"geometry":{"type":"Point","coordinates":[80.04639,18.41708]}},{"type":"Feature","properties":{"i":0.45},"geometry":{"type":"Point","coordinates":[78.77197,18.37538]}},{"type":"Feature","properties":{"i":0.78},"geometry":{"type":"Point","coordinates":[78.81592,18.37538]}},{"type":"Feature","properties":{"i":0.34},"geometry":{"type":"Point","coordinates":[78.85986,18.37538]}},{"type":"Feature","properties":{"i":0.12},"geometry":{"type":"Point","coordinates":[78.90381,18.37538]}},{"type":"Feature","properties":{"i":0.29},"geometry":{"type":"Point","coordinates":[78.94775,18.37538]}},{"type":"Feature","properties":{"i":0.38},"geometry":{"type":"Point","coordinates":[78.9917,18.37538]}},{"type":"Feature","properties":{"i":0.35},"geometry":{"type":"Point","coordinates":[79.03564,18.37538]}},{"type":"Feature","properties":{"i":0.13},"geometry":{"type":"Point","coordinates":[79.07959,18.37538]}},{"type":"Feature","properties":{"i":0.25},"geometry":{"type":"Point","coordinates":[79.12354,18.37538]}},{"type":"Feature","properties":{"i":0.53},"geometry":{"type":"Point","coordinates":[79.16748,18.37538]}},{"type":"Feature","properties":{"i":0.44},"geometry":{"type":"Point","coordinates":[79.21143,18.37538]}},{"type":"Feature","properties":{"i":0.49},"geometry":{"type":"Point","coordinates":[79.25537,18.37538]}},{"type":"Feature","properties":{"i":0.13},"geometry":{"type":"Point","coordinates":[79.29932,18.37538]}},{"type":"Feature","properties":{"i":0.3},"geometry":{"type":"Point","coordinates":[79.34326,18.37538]}},{"type":"Feature","properties":{"i":0.26},"geometry":{"type":"Point","coordinates":[79.38721,18.37538]}},{"type":"Feature","properties":{"i":0.29},"geometry":{"type":"Point","coordinates":[79.43115,18.37538]}},{"type":"Feature","properties":{"i":0.25},"geometry":{"type":"Point","coordinates":[79.4751,18.37538]}},{"type":"Feature","properties":{"i":0.22},"geometry":{"type":"Point","coordinates":[79.51904,18.37538]}},{"type":"Feature","properties":{"i":0.28},"geometry":{"type":"Point","coordinates":[79.56299,18.37538]}},{"type":"Feature","properties":{"i":0.03},"geometry":{"type":"Point","coordinates":[79.60693,18.37538]}},{"type":"Feature","properties":{"i":0.15},"geometry":{"type":"Point","coordinates":[79.65088,18.37538]}},{"type":"Feature","properties":{"i":0.3},"geometry":{"type":"Point","coordinates":[79.73877,18.37538]}},{"type":"Feature","properties":{"i":0.76},"geometry":{"type":"Point","coordinates":[79.82666,18.37538]}},{"type":"Feature","properties":{"i":0.6},"geometry":{"type":"Point","coordinates":[79.87061,18.37538]}},{"type":"Feature","properties":{"i":0.45},"geometry":{"type":"Point","coordinates":[79.91455,18.37538]}},{"type":"Feature","properties":{"i":0.09},"geometry":{"type":"Point","coordinates":[79.9585,18.37538]}},{"type":"Feature","properties":{"i":0.14},"geometry":{"type":"Point","coordinates":[78.77197,18.33367]}},{"type":"Feature","properties":{"i":0.33},"geometry":{"type":"Point","coordinates":[78.81592,18.33367]}},{"type":"Feature","properties":{"i":0.16},"geometry":{"type":"Point","coordinates":[78.85986,18.33367]}},{"type":"Feature","properties":{"i":0.15},"geometry":{"type":"Point","coordinates":[78.90381,18.33367]}},{"type":"Feature","properties":{"i":0.13},"geometry":{"type":"Point","coordinates":[78.94775,18.33367]}},{"type":"Feature","properties":{"i":0.42},"geometry":{"type":"Point","coordinates":[78.9917,18.33367]}},{"type":"Feature","properties":{"i":0.26},"geometry":{"type":"Point","coordinates":[79.03564,18.33367]}},{"type":"Feature","properties":{"i":0.22},"geometry":{"type":"Point","coordinates":[79.07959,18.33367]}},{"type":"Feature","properties":{"i":0.05},"geometry":{"type":"Point","coordinates":[79.12354,18.33367]}},{"type":"Feature","properties":{"i":0.36},"geometry":{"type":"Point","coordinates":[79.16748,18.33367]}},{"type":"Feature","properties":{"i":0.41},"geometry":{"type":"Point","coordinates":[79.21143,18.33367]}},{"type":"Feature","properties":{"i":0.39},"geometry":{"type":"Point","coordinates":[79.25537,18.33367]}},{"type":"Feature","properties":{"i":0.28},"geometry":{"type":"Point","coordinates":[79.29932,18.33367]}},{"type":"Feature","properties":{"i":0.24},"geometry":{"type":"Point","coordinates":[79.34326,18.33367]}},{"type":"Feature","properties":{"i":0.22},"geometry":{"type":"Point","coordinates":[79.38721,18.33367]}},{"type":"Feature","properties":{"i":0.47},"geometry":{"type":"Point","coordinates":[79.43115,18.33367]}},{"type":"Feature","properties":{"i":0.27},"geometry":{"type":"Point","coordinates":[79.4751,18.33367]}},{"type":"Feature","properties":{"i":0.37},"geometry":{"type":"Point","coordinates":[79.51904,18.33367]}},{"type":"Feature","properties":{"i":0.29},"geometry":{"type":"Point","coordinates":[79.56299,18.33367]}},{"type":"Feature","properties":{"i":0.3},"geometry":{"type":"Point","coordinates":[79.60693,18.33367]}},{"type":"Feature","properties":{"i":0.37},"geometry":{"type":"Point","coordinates":[79.65088,18.33367]}},{"type":"Feature","properties":{"i":0.34},"geometry":{"type":"Point","coordinates":[79.69482,18.33367]}},{"type":"Feature","properties":{"i":0.3},"geometry":{"type":"Point","coordinates":[79.78271,18.33367]}},{"type":"Feature","properties":{"i":0.14},"geometry":{"type":"Point","coordinates":[79.82666,18.33367]}},{"type":"Feature","properties":{"i":0.23},"geometry":{"type":"Point","coordinates":[79.87061,18.33367]}},{"type":"Feature","properties":{"i":0.76},"geometry":{"type":"Point","coordinates":[79.91455,18.33367]}},{"type":"Feature","properties":{"i":0.18},"geometry":{"type":"Point","coordinates":[79.9585,18.33367]}},{"type":"Feature","properties":{"i":0.43},"geometry":{"type":"Point","coordinates":[80.22217,18.33367]}},{"type":"Feature","properties":{"i":0.46},"geometry":{"type":"Point","coordinates":[80.26611,18.33367]}},{"type":"Feature","properties":{"i":0.45},"geometry":{"type":"Point","coordinates":[78.81592,18.29195]}},{"type":"Feature","properties":{"i":0.22},"geometry":{"type":"Point","coordinates":[78.85986,18.29195]}},{"type":"Feature","properties":{"i":0.38},"geometry":{"type":"Point","coordinates":[78.90381,18.29195]}},{"type":"Feature","properties":{"i":0.67},"geometry":{"type":"Point","coordinates":[78.94775,18.29195]}},{"type":"Feature","properties":{"i":0.23},"geometry":{"type":"Point","coordinates":[78.9917,18.29195]}},{"type":"Feature","properties":{"i":0.3},"geometry":{"type":"Point","coordinates":[79.03564,18.29195]}},{"type":"Feature","properties":{"i":0.17},"geometry":{"type":"Point","coordinates":[79.07959,18.29195]}},{"type":"Feature","properties":{"i":0.38},"geometry":{"type":"Point","coordinates":[79.12354,18.29195]}},{"type":"Feature","properties":{"i":0.3},"geometry":{"type":"Point","coordinates":[79.16748,18.29195]}},{"type":"Feature","properties":{"i":0.41},"geometry":{"type":"Point","coordinates":[79.21143,18.29195]}},{"type":"Feature","properties":{"i":0.27},"geometry":{"type":"Point","coordinates":[79.25537,18.29195]}},{"type":"Feature","properties":{"i":0.3},"geometry":{"type":"Point","coordinates":[79.29932,18.29195]}},{"type":"Feature","properties":{"i":0.38},"geometry":{"type":"Point","coordinates":[79.34326,18.29195]}},{"type":"Feature","properties":{"i":0.18},"geometry":{"type":"Point","coordinates":[79.38721,18.29195]}},{"type":"Feature","properties":{"i":0.26},"geometry":{"type":"Point","coordinates":[79.43115,18.29195]}},{"type":"Feature","properties":{"i":0.57},"geometry":{"type":"Point","coordinates":[79.4751,18.29195]}},{"type":"Feature","properties":{"i":0.35},"geometry":{"type":"Point","coordinates":[79.51904,18.29195]}},{"type":"Feature","properties":{"i":0.28},"geometry":{"type":"Point","coordinates":[79.56299,18.29195]}},{"type":"Feature","properties":{"i":0.13},"geometry":{"type":"Point","coordinates":[79.60693,18.29195]}},{"type":"Feature","properties":{"i":0.3},"geometry":{"type":"Point","coordinates":[79.65088,18.29195]}},{"type":"Feature","properties":{"i":0.12},"geometry":{"type":"Point","coordinates":[79.69482,18.29195]}},{"type":"Feature","properties":{"i":0.46},"geometry":{"type":"Point","coordinates":[79.73877,18.29195]}},{"type":"Feature","properties":{"i":0.31},"geometry":{"type":"Point","coordinates":[79.78271,18.29195]}},{"type":"Feature","properties":{"i":0.41},"geometry":{"type":"Point","coordinates":[79.87061,18.29195]}},{"type":"Feature","properties":{"i":0.13},"geometry":{"type":"Point","coordinates":[79.91455,18.29195]}},{"type":"Feature","properties":{"i":0.33},"geometry":{"type":"Point","coordinates":[79.9585,18.29195]}},{"type":"Feature","properties":{"i":0.09},"geometry":{"type":"Point","coordinates":[80.26611,18.29195]}},{"type":"Feature","properties":{"i":0.19},"geometry":{"type":"Point","coordinates":[78.77197,18.25022]}},{"type":"Feature","properties":{"i":0.44},"geometry":{"type":"Point","coordinates":[78.81592,18.25022]}},{"type":"Feature","properties":{"i":0.67},"geometry":{"type":"Point","coordinates":[78.90381,18.25022]}},{"type":"Feature","properties":{"i":0.3},"geometry":{"type":"Point","coordinates":[78.94775,18.25022]}},{"type":"Feature","properties":{"i":0.19},"geometry":{"type":"Point","coordinates":[78.9917,18.25022]}},{"type":"Feature","properties":{"i":0.38},"geometry":{"type":"Point","coordinates":[79.03564,18.25022]}},{"type":"Feature","properties":{"i":0.27},"geometry":{"type":"Point","coordinates":[79.07959,18.25022]}},{"type":"Feature","properties":{"i":0.18},"geometry":{"type":"Point","coordinates":[79.12354,18.25022]}},{"type":"Feature","properties":{"i":0.16},"geometry":{"type":"Point","coordinates":[79.16748,18.25022]}},{"type":"Feature","properties":{"i":0.1},"geometry":{"type":"Point","coordinates":[79.21143,18.25022]}},{"type":"Feature","properties":{"i":0.38},"geometry":{"type":"Point","coordinates":[79.25537,18.25022]}},{"type":"Feature","properties":{"i":0.19},"geometry":{"type":"Point","coordinates":[79.29932,18.25022]}},{"type":"Feature","properties":{"i":0.34},"geometry":{"type":"Point","coordinates":[79.34326,18.25022]}},{"type":"Feature","properties":{"i":0.27},"geometry":{"type":"Point","coordinates":[79.38721,18.25022]}},{"type":"Feature","properties":{"i":0.29},"geometry":{"type":"Point","coordinates":[79.43115,18.25022]}},{"type":"Feature","properties":{"i":0.42},"geometry":{"type":"Point","coordinates":[79.4751,18.25022]}},{"type":"Feature","properties":{"i":0.14},"geometry":{"type":"Point","coordinates":[79.51904,18.25022]}},{"type":"Feature","properties":{"i":0.34},"geometry":{"type":"Point","coordinates":[79.56299,18.25022]}},{"type":"Feature","properties":{"i":0.18},"geometry":{"type":"Point","coordinates":[79.60693,18.25022]}},{"type":"Feature","properties":{"i":0.19},"geometry":{"type":"Point","coordinates":[79.65088,18.25022]}},{"type":"Feature","properties":{"i":0.18},"geometry":{"type":"Point","coordinates":[79.69482,18.25022]}},{"type":"Feature","properties":{"i":0.42},"geometry":{"type":"Point","coordinates":[79.73877,18.25022]}},{"type":"Feature","properties":{"i":0.28},"geometry":{"type":"Point","coordinates":[79.78271,18.25022]}},{"type":"Feature","properties":{"i":0.23},"geometry":{"type":"Point","coordinates":[79.87061,18.25022]}},{"type":"Feature","properties":{"i":0.13},"geometry":{"type":"Point","coordinates":[79.91455,18.25022]}},{"type":"Feature","properties":{"i":0.14},"geometry":{"type":"Point","coordinates":[79.9585,18.25022]}},{"type":"Feature","properties":{"i":0.44},"geometry":{"type":"Point","coordinates":[80.00244,18.25022]}},{"type":"Feature","properties":{"i":0.19},"geometry":{"type":"Point","coordinates":[80.31006,18.25022]}},{"type":"Feature","properties":{"i":0.39},"geometry":{"type":"Point","coordinates":[78.77197,18.20848]}},{"type":"Feature","properties":{"i":0.19},"geometry":{"type":"Point","coordinates":[78.81592,18.20848]}},{"type":"Feature","properties":{"i":0.27},"geometry":{"type":"Point","coordinates":[78.85986,18.20848]}},{"type":"Feature","properties":{"i":0.39},"geometry":{"type":"Point","coordinates":[78.90381,18.20848]}},{"type":"Feature","properties":{"i":0.35},"geometry":{"type":"Point","coordinates":[78.9917,18.20848]}},{"type":"Feature","properties":{"i":0.46},"geometry":{"type":"Point","coordinates":[79.03564,18.20848]}},{"type":"Feature","properties":{"i":0.29},"geometry":{"type":"Point","coordinates":[79.07959,18.20848]}},{"type":"Feature","properties":{"i":0.23},"geometry":{"type":"Point","coordinates":[79.12354,18.20848]}},{"type":"Feature","properties":{"i":0.15},"geometry":{"type":"Point","coordinates":[79.16748,18.20848]}},{"type":"Feature","properties":{"i":0.3},"geometry":{"type":"Point","coordinates":[79.25537,18.20848]}},{"type":"Feature","properties":{"i":0.47},"geometry":{"type":"Point","coordinates":[79.29932,18.20848]}},{"type":"Feature","properties":{"i":0.15},"geometry":{"type":"Point","coordinates":[79.34326,18.20848]}},{"type":"Feature","properties":{"i":0.58},"geometry":{"type":"Point","coordinates":[79.38721,18.20848]}},{"type":"Feature","properties":{"i":0.28},"geometry":{"type":"Point","coordinates":[79.43115,18.20848]}},{"type":"Feature","properties":{"i":0.28},"geometry":{"type":"Point","coordinates":[79.4751,18.20848]}},{"type":"Feature","properties":{"i":0.25},"geometry":{"type":"Point","coordinates":[79.51904,18.20848]}},{"type":"Feature","properties":{"i":0.35},"geometry":{"type":"Point","coordinates":[79.56299,18.20848]}},{"type":"Feature","properties":{"i":0.17},"geometry":{"type":"Point","coordinates":[79.60693,18.20848]}},{"type":"Feature","properties":{"i":0.26},"geometry":{"type":"Point","coordinates":[79.65088,18.20848]}},{"type":"Feature","properties":{"i":0.63},"geometry":{"type":"Point","coordinates":[79.69482,18.20848]}},{"type":"Feature","properties":{"i":0.31},"geometry":{"type":"Point","coordinates":[79.73877,18.20848]}},{"type":"Feature","properties":{"i":0.23},"geometry":{"type":"Point","coordinates":[79.82666,18.20848]}},{"type":"Feature","properties":{"i":0.3},"geometry":{"type":"Point","coordinates":[79.91455,18.20848]}},{"type":"Feature","properties":{"i":0.51},"geometry":{"type":"Point","coordinates":[79.9585,18.20848]}},{"type":"Feature","properties":{"i":0.3},"geometry":{"type":"Point","coordinates":[80.00244,18.20848]}},{"type":"Feature","properties":{"i":0.3},"geometry":{"type":"Point","coordinates":[80.04639,18.20848]}},{"type":"Feature","properties":{"i":0.41},"geometry":{"type":"Point","coordinates":[80.09033,18.20848]}},{"type":"Feature","properties":{"i":0.48},"geometry":{"type":"Point","coordinates":[80.13428,18.20848]}},{"type":"Feature","properties":{"i":0.55},"geometry":{"type":"Point","coordinates":[80.17822,18.20848]}},{"type":"Feature","properties":{"i":0.6},"geometry":{"type":"Point","coordinates":[78.77197,18.16673]}},{"type":"Feature","properties":{"i":0.3},"geometry":{"type":"Point","coordinates":[78.81592,18.16673]}},{"type":"Feature","properties":{"i":0.93},"geometry":{"type":"Point","coordinates":[78.85986,18.16673]}},{"type":"Feature","properties":{"i":0.53},"geometry":{"type":"Point","coordinates":[78.90381,18.16673]}},{"type":"Feature","properties":{"i":0.22},"geometry":{"type":"Point","coordinates":[78.94775,18.16673]}},{"type":"Feature","properties":{"i":0.4},"geometry":{"type":"Point","coordinates":[78.9917,18.16673]}},{"type":"Feature","properties":{"i":0.36},"geometry":{"type":"Point","coordinates":[79.03564,18.16673]}},{"type":"Feature","properties":{"i":0.46},"geometry":{"type":"Point","coordinates":[79.07959,18.16673]}},{"type":"Feature","properties":{"i":0.39},"geometry":{"type":"Point","coordinates":[79.12354,18.16673]}},{"type":"Feature","properties":{"i":0.3},"geometry":{"type":"Point","coordinates":[79.16748,18.16673]}},{"type":"Feature","properties":{"i":0.14},"geometry":{"type":"Point","coordinates":[79.21143,18.16673]}},{"type":"Feature","properties":{"i":0.28},"geometry":{"type":"Point","coordinates":[79.29932,18.16673]}},{"type":"Feature","properties":{"i":0.25},"geometry":{"type":"Point","coordinates":[79.34326,18.16673]}},{"type":"Feature","properties":{"i":0.3},"geometry":{"type":"Point","coordinates":[79.38721,18.16673]}},{"type":"Feature","properties":{"i":0.35},"geometry":{"type":"Point","coordinates":[79.43115,18.16673]}},{"type":"Feature","properties":{"i":0.42},"geometry":{"type":"Point","coordinates":[79.4751,18.16673]}},{"type":"Feature","properties":{"i":0.51},"geometry":{"type":"Point","coordinates":[79.51904,18.16673]}},{"type":"Feature","properties":{"i":0.46},"geometry":{"type":"Point","coordinates":[79.56299,18.16673]}},{"type":"Feature","properties":{"i":0.3},"geometry":{"type":"Point","coordinates":[79.60693,18.16673]}},{"type":"Feature","properties":{"i":0.3},"geometry":{"type":"Point","coordinates":[79.65088,18.16673]}},{"type":"Feature","properties":{"i":0.48},"geometry":{"type":"Point","coordinates":[79.69482,18.16673]}},{"type":"Feature","properties":{"i":0.46},"geometry":{"type":"Point","coordinates":[79.73877,18.16673]}},{"type":"Feature","properties":{"i":0.17},"geometry":{"type":"Point","coordinates":[79.78271,18.16673]}},{"type":"Feature","properties":{"i":0.38},"geometry":{"type":"Point","coordinates":[79.82666,18.16673]}},{"type":"Feature","properties":{"i":0.16},"geometry":{"type":"Point","coordinates":[79.87061,18.16673]}},{"type":"Feature","properties":{"i":0.5},"geometry":{"type":"Point","coordinates":[79.91455,18.16673]}},{"type":"Feature","properties":{"i":0.51},"geometry":{"type":"Point","coordinates":[79.9585,18.16673]}},{"type":"Feature","properties":{"i":0.25},"geometry":{"type":"Point","coordinates":[80.00244,18.16673]}},{"type":"Feature","properties":{"i":0.08},"geometry":{"type":"Point","coordinates":[80.13428,18.16673]}},{"type":"Feature","properties":{"i":0.05},"geometry":{"type":"Point","coordinates":[80.17822,18.16673]}},{"type":"Feature","properties":{"i":0.28},"geometry":{"type":"Point","coordinates":[78.77197,18.12497]}},{"type":"Feature","properties":{"i":0.57},"geometry":{"type":"Point","coordinates":[78.81592,18.12497]}},{"type":"Feature","properties":{"i":0.69},"geometry":{"type":"Point","coordinates":[78.85986,18.12497]}},{"type":"Feature","properties":{"i":0.53},"geometry":{"type":"Point","coordinates":[78.90381,18.12497]}},{"type":"Feature","properties":{"i":0.52},"geometry":{"type":"Point","coordinates":[78.94775,18.12497]}},{"type":"Feature","properties":{"i":0.27},"geometry":{"type":"Point","coordinates":[78.9917,18.12497]}},{"type":"Feature","properties":{"i":0.08},"geometry":{"type":"Point","coordinates":[79.03564,18.12497]}},{"type":"Feature","properties":{"i":0.28},"geometry":{"type":"Point","coordinates":[79.12354,18.12497]}},{"type":"Feature","properties":{"i":0.4},"geometry":{"type":"Point","coordinates":[79.16748,18.12497]}},{"type":"Feature","properties":{"i":0.69},"geometry":{"type":"Point","coordinates":[79.21143,18.12497]}},{"type":"Feature","properties":{"i":0.49},"geometry":{"type":"Point","coordinates":[79.25537,18.12497]}},{"type":"Feature","properties":{"i":0.29},"geometry":{"type":"Point","coordinates":[79.29932,18.12497]}},{"type":"Feature","properties":{"i":0.12},"geometry":{"type":"Point","coordinates":[79.34326,18.12497]}},{"type":"Feature","properties":{"i":0.09},"geometry":{"type":"Point","coordinates":[79.38721,18.12497]}},{"type":"Feature","properties":{"i":0.78},"geometry":{"type":"Point","coordinates":[79.43115,18.12497]}},{"type":"Feature","properties":{"i":0.44},"geometry":{"type":"Point","coordinates":[79.4751,18.12497]}},{"type":"Feature","properties":{"i":0.3},"geometry":{"type":"Point","coordinates":[79.51904,18.12497]}},{"type":"Feature","properties":{"i":0.24},"geometry":{"type":"Point","coordinates":[79.56299,18.12497]}},{"type":"Feature","properties":{"i":0.22},"geometry":{"type":"Point","coordinates":[79.60693,18.12497]}},{"type":"Feature","properties":{"i":0.25},"geometry":{"type":"Point","coordinates":[79.65088,18.12497]}},{"type":"Feature","properties":{"i":0.23},"geometry":{"type":"Point","coordinates":[79.69482,18.12497]}},{"type":"Feature","properties":{"i":0.37},"geometry":{"type":"Point","coordinates":[79.73877,18.12497]}},{"type":"Feature","properties":{"i":0.18},"geometry":{"type":"Point","coordinates":[79.78271,18.12497]}},{"type":"Feature","properties":{"i":0.45},"geometry":{"type":"Point","coordinates":[79.87061,18.12497]}},{"type":"Feature","properties":{"i":0.19},"geometry":{"type":"Point","coordinates":[79.91455,18.12497]}},{"type":"Feature","properties":{"i":0.09},"geometry":{"type":"Point","coordinates":[79.9585,18.12497]}},{"type":"Feature","properties":{"i":0.04},"geometry":{"type":"Point","coordinates":[80.00244,18.12497]}},{"type":"Feature","properties":{"i":0.39},"geometry":{"type":"Point","coordinates":[78.77197,18.0832]}},{"type":"Feature","properties":{"i":0.69},"geometry":{"type":"Point","coordinates":[78.81592,18.0832]}},{"type":"Feature","properties":{"i":0.87},"geometry":{"type":"Point","coordinates":[78.85986,18.0832]}},{"type":"Feature","properties":{"i":0.48},"geometry":{"type":"Point","coordinates":[78.90381,18.0832]}},{"type":"Feature","properties":{"i":0.34},"geometry":{"type":"Point","coordinates":[78.94775,18.0832]}},{"type":"Feature","properties":{"i":0.18},"geometry":{"type":"Point","coordinates":[78.9917,18.0832]}},{"type":"Feature","properties":{"i":0.28},"geometry":{"type":"Point","coordinates":[79.03564,18.0832]}},{"type":"Feature","properties":{"i":0.36},"geometry":{"type":"Point","coordinates":[79.07959,18.0832]}},{"type":"Feature","properties":{"i":0.25},"geometry":{"type":"Point","coordinates":[79.12354,18.0832]}},{"type":"Feature","properties":{"i":0.16},"geometry":{"type":"Point","coordinates":[79.16748,18.0832]}},{"type":"Feature","properties":{"i":0.22},"geometry":{"type":"Point","coordinates":[79.21143,18.0832]}},{"type":"Feature","properties":{"i":0.14},"geometry":{"type":"Point","coordinates":[79.25537,18.0832]}},{"type":"Feature","properties":{"i":0.11},"geometry":{"type":"Point","coordinates":[79.34326,18.0832]}},{"type":"Feature","properties":{"i":0.42},"geometry":{"type":"Point","coordinates":[79.38721,18.0832]}},{"type":"Feature","properties":{"i":0.59},"geometry":{"type":"Point","coordinates":[79.43115,18.0832]}},{"type":"Feature","properties":{"i":0.53},"geometry":{"type":"Point","coordinates":[79.4751,18.0832]}},{"type":"Feature","properties":{"i":0.46},"geometry":{"type":"Point","coordinates":[79.51904,18.0832]}},{"type":"Feature","properties":{"i":0.25},"geometry":{"type":"Point","coordinates":[79.56299,18.0832]}},{"type":"Feature","properties":{"i":0.27},"geometry":{"type":"Point","coordinates":[79.60693,18.0832]}},{"type":"Feature","properties":{"i":0.17},"geometry":{"type":"Point","coordinates":[79.65088,18.0832]}},{"type":"Feature","properties":{"i":0.34},"geometry":{"type":"Point","coordinates":[79.69482,18.0832]}},{"type":"Feature","properties":{"i":0.59},"geometry":{"type":"Point","coordinates":[79.73877,18.0832]}},{"type":"Feature","properties":{"i":0.36},"geometry":{"type":"Point","coordinates":[79.78271,18.0832]}},{"type":"Feature","properties":{"i":0.37},"geometry":{"type":"Point","coordinates":[79.82666,18.0832]}},{"type":"Feature","properties":{"i":0.42},"geometry":{"type":"Point","coordinates":[79.87061,18.0832]}},{"type":"Feature","properties":{"i":0.02},"geometry":{"type":"Point","coordinates":[79.9585,18.0832]}},{"type":"Feature","properties":{"i":0.22},"geometry":{"type":"Point","coordinates":[78.77197,18.04142]}},{"type":"Feature","properties":{"i":0.26},"geometry":{"type":"Point","coordinates":[78.81592,18.04142]}},{"type":"Feature","properties":{"i":0.64},"geometry":{"type":"Point","coordinates":[78.85986,18.04142]}},{"type":"Feature","properties":{"i":0.43},"geometry":{"type":"Point","coordinates":[78.90381,18.04142]}},{"type":"Feature","properties":{"i":0.22},"geometry":{"type":"Point","coordinates":[78.94775,18.04142]}},{"type":"Feature","properties":{"i":0.19},"geometry":{"type":"Point","coordinates":[78.9917,18.04142]}},{"type":"Feature","properties":{"i":0.33},"geometry":{"type":"Point","coordinates":[79.03564,18.04142]}},{"type":"Feature","properties":{"i":0.09},"geometry":{"type":"Point","coordinates":[79.12354,18.04142]}},{"type":"Feature","properties":{"i":0.29},"geometry":{"type":"Point","coordinates":[79.21143,18.04142]}},{"type":"Feature","properties":{"i":0.27},"geometry":{"type":"Point","coordinates":[79.25537,18.04142]}},{"type":"Feature","properties":{"i":0.02},"geometry":{"type":"Point","coordinates":[79.29932,18.04142]}},{"type":"Feature","properties":{"i":0.28},"geometry":{"type":"Point","coordinates":[79.34326,18.04142]}},{"type":"Feature","properties":{"i":0.22},"geometry":{"type":"Point","coordinates":[79.43115,18.04142]}},{"type":"Feature","properties":{"i":0.38},"geometry":{"type":"Point","coordinates":[79.4751,18.04142]}},{"type":"Feature","properties":{"i":0.75},"geometry":{"type":"Point","coordinates":[79.51904,18.04142]}},{"type":"Feature","properties":{"i":0.73},"geometry":{"type":"Point","coordinates":[79.56299,18.04142]}},{"type":"Feature","properties":{"i":0.49},"geometry":{"type":"Point","coordinates":[79.60693,18.04142]}},{"type":"Feature","properties":{"i":0.41},"geometry":{"type":"Point","coordinates":[79.65088,18.04142]}},{"type":"Feature","properties":{"i":0.5},"geometry":{"type":"Point","coordinates":[79.69482,18.04142]}},{"type":"Feature","properties":{"i":0.29},"geometry":{"type":"Point","coordinates":[79.73877,18.04142]}},{"type":"Feature","properties":{"i":0.27},"geometry":{"type":"Point","coordinates":[79.78271,18.04142]}},{"type":"Feature","properties":{"i":0.02},"geometry":{"type":"Point","coordinates":[79.82666,18.04142]}},{"type":"Feature","properties":{"i":0.19},"geometry":{"type":"Point","coordinates":[79.87061,18.04142]}},{"type":"Feature","properties":{"i":0.09},"geometry":{"type":"Point","coordinates":[79.91455,18.04142]}},{"type":"Feature","properties":{"i":0.13},"geometry":{"type":"Point","coordinates":[79.9585,18.04142]}},{"type":"Feature","properties":{"i":0.78},"geometry":{"type":"Point","coordinates":[78.77197,17.99963]}},{"type":"Feature","properties":{"i":0.3},"geometry":{"type":"Point","coordinates":[78.81592,17.99963]}},{"type":"Feature","properties":{"i":0.33},"geometry":{"type":"Point","coordinates":[78.85986,17.99963]}},{"type":"Feature","properties":{"i":0.34},"geometry":{"type":"Point","coordinates":[78.90381,17.99963]}},{"type":"Feature","properties":{"i":0.12},"geometry":{"type":"Point","coordinates":[78.94775,17.99963]}},{"type":"Feature","properties":{"i":0.16},"geometry":{"type":"Point","coordinates":[78.9917,17.99963]}},{"type":"Feature","properties":{"i":0.11},"geometry":{"type":"Point","coordinates":[79.07959,17.99963]}},{"type":"Feature","properties":{"i":0.22},"geometry":{"type":"Point","coordinates":[79.12354,17.99963]}},{"type":"Feature","properties":{"i":0.41},"geometry":{"type":"Point","coordinates":[79.21143,17.99963]}},{"type":"Feature","properties":{"i":0.14},"geometry":{"type":"Point","coordinates":[79.25537,17.99963]}},{"type":"Feature","properties":{"i":0.23},"geometry":{"type":"Point","coordinates":[79.29932,17.99963]}},{"type":"Feature","properties":{"i":0.28},"geometry":{"type":"Point","coordinates":[79.34326,17.99963]}},{"type":"Feature","properties":{"i":0.51},"geometry":{"type":"Point","coordinates":[79.38721,17.99963]}},{"type":"Feature","properties":{"i":0.47},"geometry":{"type":"Point","coordinates":[79.43115,17.99963]}},{"type":"Feature","properties":{"i":0.82},"geometry":{"type":"Point","coordinates":[79.4751,17.99963]}},{"type":"Feature","properties":{"i":0.85},"geometry":{"type":"Point","coordinates":[79.51904,17.99963]}},{"type":"Feature","properties":{"i":0.91},"geometry":{"type":"Point","coordinates":[79.56299,17.99963]}},{"type":"Feature","properties":{"i":0.86},"geometry":{"type":"Point","coordinates":[79.60693,17.99963]}},{"type":"Feature","properties":{"i":0.67},"geometry":{"type":"Point","coordinates":[79.65088,17.99963]}},{"type":"Feature","properties":{"i":0.38},"geometry":{"type":"Point","coordinates":[79.69482,17.99963]}},{"type":"Feature","properties":{"i":0.28},"geometry":{"type":"Point","coordinates":[79.73877,17.99963]}},{"type":"Feature","properties":{"i":0.09},"geometry":{"type":"Point","coordinates":[79.78271,17.99963]}},{"type":"Feature","properties":{"i":0.22},"geometry":{"type":"Point","coordinates":[79.82666,17.99963]}},{"type":"Feature","properties":{"i":0.18},"geometry":{"type":"Point","coordinates":[79.87061,17.99963]}},{"type":"Feature","properties":{"i":0.25},"geometry":{"type":"Point","coordinates":[79.91455,17.99963]}},{"type":"Feature","properties":{"i":0.45},"geometry":{"type":"Point","coordinates":[78.85986,17.95783]}},{"type":"Feature","properties":{"i":0.47},"geometry":{"type":"Point","coordinates":[78.90381,17.95783]}},{"type":"Feature","properties":{"i":0.32},"geometry":{"type":"Point","coordinates":[78.94775,17.95783]}},{"type":"Feature","properties":{"i":0.3},"geometry":{"type":"Point","coordinates":[78.9917,17.95783]}},{"type":"Feature","properties":{"i":0.34},"geometry":{"type":"Point","coordinates":[79.03564,17.95783]}},{"type":"Feature","properties":{"i":0.05},"geometry":{"type":"Point","coordinates":[79.07959,17.95783]}},{"type":"Feature","properties":{"i":0.03},"geometry":{"type":"Point","coordinates":[79.12354,17.95783]}},{"type":"Feature","properties":{"i":0.34},"geometry":{"type":"Point","coordinates":[79.16748,17.95783]}},{"type":"Feature","properties":{"i":0.36},"geometry":{"type":"Point","coordinates":[79.21143,17.95783]}},{"type":"Feature","properties":{"i":0.28},"geometry":{"type":"Point","coordinates":[79.25537,17.95783]}},{"type":"Feature","properties":{"i":0.49},"geometry":{"type":"Point","coordinates":[79.29932,17.95783]}},{"type":"Feature","properties":{"i":0.34},"geometry":{"type":"Point","coordinates":[79.34326,17.95783]}},{"type":"Feature","properties":{"i":0.13},"geometry":{"type":"Point","coordinates":[79.38721,17.95783]}},{"type":"Feature","properties":{"i":0.32},"geometry":{"type":"Point","coordinates":[79.43115,17.95783]}},{"type":"Feature","properties":{"i":0.72},"geometry":{"type":"Point","coordinates":[79.4751,17.95783]}},{"type":"Feature","properties":{"i":0.8},"geometry":{"type":"Point","coordinates":[79.51904,17.95783]}},{"type":"Feature","properties":{"i":0.58},"geometry":{"type":"Point","coordinates":[79.56299,17.95783]}},{"type":"Feature","properties":{"i":1},"geometry":{"type":"Point","coordinates":[79.60693,17.95783]}},{"type":"Feature","properties":{"i":0.67},"geometry":{"type":"Point","coordinates":[79.65088,17.95783]}},{"type":"Feature","properties":{"i":0.4},"geometry":{"type":"Point","coordinates":[79.69482,17.95783]}},{"type":"Feature","properties":{"i":0.19},"geometry":{"type":"Point","coordinates":[79.73877,17.95783]}},{"type":"Feature","properties":{"i":0.38},"geometry":{"type":"Point","coordinates":[79.78271,17.95783]}},{"type":"Feature","properties":{"i":0.27},"geometry":{"type":"Point","coordinates":[79.82666,17.95783]}},{"type":"Feature","properties":{"i":0.25},"geometry":{"type":"Point","coordinates":[79.87061,17.95783]}},{"type":"Feature","properties":{"i":0.23},"geometry":{"type":"Point","coordinates":[79.91455,17.95783]}},{"type":"Feature","properties":{"i":0.39},"geometry":{"type":"Point","coordinates":[79.9585,17.95783]}},{"type":"Feature","properties":{"i":0.14},"geometry":{"type":"Point","coordinates":[80.04639,17.95783]}},{"type":"Feature","properties":{"i":0.1},"geometry":{"type":"Point","coordinates":[80.09033,17.95783]}},{"type":"Feature","properties":{"i":0.19},"geometry":{"type":"Point","coordinates":[78.77197,17.91602]}},{"type":"Feature","properties":{"i":0.19},"geometry":{"type":"Point","coordinates":[78.81592,17.91602]}},{"type":"Feature","properties":{"i":0.31},"geometry":{"type":"Point","coordinates":[78.85986,17.91602]}},{"type":"Feature","properties":{"i":0.57},"geometry":{"type":"Point","coordinates":[78.90381,17.91602]}},{"type":"Feature","properties":{"i":0.37},"geometry":{"type":"Point","coordinates":[78.94775,17.91602]}},{"type":"Feature","properties":{"i":0.3},"geometry":{"type":"Point","coordinates":[78.9917,17.91602]}},{"type":"Feature","properties":{"i":0.27},"geometry":{"type":"Point","coordinates":[79.03564,17.91602]}},{"type":"Feature","properties":{"i":0.27},"geometry":{"type":"Point","coordinates":[79.07959,17.91602]}},{"type":"Feature","properties":{"i":0.35},"geometry":{"type":"Point","coordinates":[79.12354,17.91602]}},{"type":"Feature","properties":{"i":0.34},"geometry":{"type":"Point","coordinates":[79.16748,17.91602]}},{"type":"Feature","properties":{"i":0.08},"geometry":{"type":"Point","coordinates":[79.21143,17.91602]}},{"type":"Feature","properties":{"i":0.25},"geometry":{"type":"Point","coordinates":[79.25537,17.91602]}},{"type":"Feature","properties":{"i":0.38},"geometry":{"type":"Point","coordinates":[79.29932,17.91602]}},{"type":"Feature","properties":{"i":0.19},"geometry":{"type":"Point","coordinates":[79.34326,17.91602]}},{"type":"Feature","properties":{"i":0.22},"geometry":{"type":"Point","coordinates":[79.38721,17.91602]}},{"type":"Feature","properties":{"i":0.63},"geometry":{"type":"Point","coordinates":[79.43115,17.91602]}},{"type":"Feature","properties":{"i":0.6},"geometry":{"type":"Point","coordinates":[79.4751,17.91602]}},{"type":"Feature","properties":{"i":0.26},"geometry":{"type":"Point","coordinates":[79.51904,17.91602]}},{"type":"Feature","properties":{"i":0.36},"geometry":{"type":"Point","coordinates":[79.56299,17.91602]}},{"type":"Feature","properties":{"i":0.58},"geometry":{"type":"Point","coordinates":[79.60693,17.91602]}},{"type":"Feature","properties":{"i":0.25},"geometry":{"type":"Point","coordinates":[79.65088,17.91602]}},{"type":"Feature","properties":{"i":0.82},"geometry":{"type":"Point","coordinates":[79.69482,17.91602]}},{"type":"Feature","properties":{"i":0.34},"geometry":{"type":"Point","coordinates":[79.73877,17.91602]}},{"type":"Feature","properties":{"i":0.45},"geometry":{"type":"Point","coordinates":[79.78271,17.91602]}},{"type":"Feature","properties":{"i":0.14},"geometry":{"type":"Point","coordinates":[79.82666,17.91602]}},{"type":"Feature","properties":{"i":0.53},"geometry":{"type":"Point","coordinates":[79.87061,17.91602]}},{"type":"Feature","properties":{"i":0.59},"geometry":{"type":"Point","coordinates":[79.91455,17.91602]}},{"type":"Feature","properties":{"i":0.19},"geometry":{"type":"Point","coordinates":[79.9585,17.91602]}},{"type":"Feature","properties":{"i":0.33},"geometry":{"type":"Point","coordinates":[80.04639,17.91602]}},{"type":"Feature","properties":{"i":0.11},"geometry":{"type":"Point","coordinates":[80.09033,17.91602]}},{"type":"Feature","properties":{"i":0.4},"geometry":{"type":"Point","coordinates":[80.31006,17.91602]}},{"type":"Feature","properties":{"i":0.25},"geometry":{"type":"Point","coordinates":[78.77197,17.8742]}},{"type":"Feature","properties":{"i":0.46},"geometry":{"type":"Point","coordinates":[78.81592,17.8742]}},{"type":"Feature","properties":{"i":0.36},"geometry":{"type":"Point","coordinates":[78.85986,17.8742]}},{"type":"Feature","properties":{"i":0.1},"geometry":{"type":"Point","coordinates":[78.90381,17.8742]}},{"type":"Feature","properties":{"i":0.13},"geometry":{"type":"Point","coordinates":[78.94775,17.8742]}},{"type":"Feature","properties":{"i":0.15},"geometry":{"type":"Point","coordinates":[78.9917,17.8742]}},{"type":"Feature","properties":{"i":0.28},"geometry":{"type":"Point","coordinates":[79.03564,17.8742]}},{"type":"Feature","properties":{"i":0.13},"geometry":{"type":"Point","coordinates":[79.07959,17.8742]}},{"type":"Feature","properties":{"i":0.37},"geometry":{"type":"Point","coordinates":[79.16748,17.8742]}},{"type":"Feature","properties":{"i":0.08},"geometry":{"type":"Point","coordinates":[79.21143,17.8742]}},{"type":"Feature","properties":{"i":0.17},"geometry":{"type":"Point","coordinates":[79.25537,17.8742]}},{"type":"Feature","properties":{"i":0.16},"geometry":{"type":"Point","coordinates":[79.29932,17.8742]}},{"type":"Feature","properties":{"i":0.35},"geometry":{"type":"Point","coordinates":[79.34326,17.8742]}},{"type":"Feature","properties":{"i":0.65},"geometry":{"type":"Point","coordinates":[79.38721,17.8742]}},{"type":"Feature","properties":{"i":0.63},"geometry":{"type":"Point","coordinates":[79.43115,17.8742]}},{"type":"Feature","properties":{"i":0.25},"geometry":{"type":"Point","coordinates":[79.4751,17.8742]}},{"type":"Feature","properties":{"i":0.27},"geometry":{"type":"Point","coordinates":[79.51904,17.8742]}},{"type":"Feature","properties":{"i":0.19},"geometry":{"type":"Point","coordinates":[79.56299,17.8742]}},{"type":"Feature","properties":{"i":0.49},"geometry":{"type":"Point","coordinates":[79.60693,17.8742]}},{"type":"Feature","properties":{"i":0.31},"geometry":{"type":"Point","coordinates":[79.65088,17.8742]}},{"type":"Feature","properties":{"i":0.33},"geometry":{"type":"Point","coordinates":[79.69482,17.8742]}},{"type":"Feature","properties":{"i":0.27},"geometry":{"type":"Point","coordinates":[79.73877,17.8742]}},{"type":"Feature","properties":{"i":0.19},"geometry":{"type":"Point","coordinates":[79.78271,17.8742]}},{"type":"Feature","properties":{"i":0.32},"geometry":{"type":"Point","coordinates":[79.82666,17.8742]}},{"type":"Feature","properties":{"i":0.29},"geometry":{"type":"Point","coordinates":[79.87061,17.8742]}},{"type":"Feature","properties":{"i":0.28},"geometry":{"type":"Point","coordinates":[79.91455,17.8742]}},{"type":"Feature","properties":{"i":0.3},"geometry":{"type":"Point","coordinates":[79.9585,17.8742]}},{"type":"Feature","properties":{"i":0.3},"geometry":{"type":"Point","coordinates":[78.77197,17.83237]}},{"type":"Feature","properties":{"i":0.15},"geometry":{"type":"Point","coordinates":[78.81592,17.83237]}},{"type":"Feature","properties":{"i":0.27},"geometry":{"type":"Point","coordinates":[78.85986,17.83237]}},{"type":"Feature","properties":{"i":0.36},"geometry":{"type":"Point","coordinates":[78.90381,17.83237]}},{"type":"Feature","properties":{"i":0.22},"geometry":{"type":"Point","coordinates":[78.94775,17.83237]}},{"type":"Feature","properties":{"i":0.37},"geometry":{"type":"Point","coordinates":[78.9917,17.83237]}},{"type":"Feature","properties":{"i":0.24},"geometry":{"type":"Point","coordinates":[79.03564,17.83237]}},{"type":"Feature","properties":{"i":0.27},"geometry":{"type":"Point","coordinates":[79.07959,17.83237]}},{"type":"Feature","properties":{"i":0.12},"geometry":{"type":"Point","coordinates":[79.16748,17.83237]}},{"type":"Feature","properties":{"i":0.11},"geometry":{"type":"Point","coordinates":[79.21143,17.83237]}},{"type":"Feature","properties":{"i":0.05},"geometry":{"type":"Point","coordinates":[79.25537,17.83237]}},{"type":"Feature","properties":{"i":0.45},"geometry":{"type":"Point","coordinates":[79.34326,17.83237]}},{"type":"Feature","properties":{"i":0.51},"geometry":{"type":"Point","coordinates":[79.38721,17.83237]}},{"type":"Feature","properties":{"i":0.15},"geometry":{"type":"Point","coordinates":[79.43115,17.83237]}},{"type":"Feature","properties":{"i":0.31},"geometry":{"type":"Point","coordinates":[79.4751,17.83237]}},{"type":"Feature","properties":{"i":0.21},"geometry":{"type":"Point","coordinates":[79.56299,17.83237]}},{"type":"Feature","properties":{"i":0.19},"geometry":{"type":"Point","coordinates":[79.60693,17.83237]}},{"type":"Feature","properties":{"i":0.25},"geometry":{"type":"Point","coordinates":[79.65088,17.83237]}},{"type":"Feature","properties":{"i":0.19},"geometry":{"type":"Point","coordinates":[79.69482,17.83237]}},{"type":"Feature","properties":{"i":0.27},"geometry":{"type":"Point","coordinates":[79.73877,17.83237]}},{"type":"Feature","properties":{"i":0.3},"geometry":{"type":"Point","coordinates":[79.78271,17.83237]}},{"type":"Feature","properties":{"i":0.16},"geometry":{"type":"Point","coordinates":[79.82666,17.83237]}},{"type":"Feature","properties":{"i":0.12},"geometry":{"type":"Point","coordinates":[79.87061,17.83237]}},{"type":"Feature","properties":{"i":0.21},"geometry":{"type":"Point","coordinates":[79.91455,17.83237]}},{"type":"Feature","properties":{"i":0.36},"geometry":{"type":"Point","coordinates":[78.77197,17.79054]}},{"type":"Feature","properties":{"i":0.27},"geometry":{"type":"Point","coordinates":[78.81592,17.79054]}},{"type":"Feature","properties":{"i":0.11},"geometry":{"type":"Point","coordinates":[78.9917,17.79054]}},{"type":"Feature","properties":{"i":0.35},"geometry":{"type":"Point","coordinates":[79.03564,17.79054]}},{"type":"Feature","properties":{"i":0.08},"geometry":{"type":"Point","coordinates":[79.07959,17.79054]}},{"type":"Feature","properties":{"i":0.1},"geometry":{"type":"Point","coordinates":[79.12354,17.79054]}},{"type":"Feature","properties":{"i":0.19},"geometry":{"type":"Point","coordinates":[79.16748,17.79054]}},{"type":"Feature","properties":{"i":0.15},"geometry":{"type":"Point","coordinates":[79.21143,17.79054]}},{"type":"Feature","properties":{"i":0.34},"geometry":{"type":"Point","coordinates":[79.25537,17.79054]}},{"type":"Feature","properties":{"i":0.45},"geometry":{"type":"Point","coordinates":[79.29932,17.79054]}},{"type":"Feature","properties":{"i":0.28},"geometry":{"type":"Point","coordinates":[79.34326,17.79054]}},{"type":"Feature","properties":{"i":0.1},"geometry":{"type":"Point","coordinates":[79.38721,17.79054]}},{"type":"Feature","properties":{"i":0.11},"geometry":{"type":"Point","coordinates":[79.43115,17.79054]}},{"type":"Feature","properties":{"i":0.15},"geometry":{"type":"Point","coordinates":[79.4751,17.79054]}},{"type":"Feature","properties":{"i":0.09},"geometry":{"type":"Point","coordinates":[79.51904,17.79054]}},{"type":"Feature","properties":{"i":0.1},"geometry":{"type":"Point","coordinates":[79.56299,17.79054]}},{"type":"Feature","properties":{"i":0.27},"geometry":{"type":"Point","coordinates":[79.60693,17.79054]}},{"type":"Feature","properties":{"i":0.08},"geometry":{"type":"Point","coordinates":[79.65088,17.79054]}},{"type":"Feature","properties":{"i":0.19},"geometry":{"type":"Point","coordinates":[79.69482,17.79054]}},{"type":"Feature","properties":{"i":0.35},"geometry":{"type":"Point","coordinates":[79.78271,17.79054]}},{"type":"Feature","properties":{"i":0.44},"geometry":{"type":"Point","coordinates":[79.82666,17.79054]}},{"type":"Feature","properties":{"i":0.22},"geometry":{"type":"Point","coordinates":[79.87061,17.79054]}},{"type":"Feature","properties":{"i":0.09},"geometry":{"type":"Point","coordinates":[79.91455,17.79054]}},{"type":"Feature","properties":{"i":0.22},"geometry":{"type":"Point","coordinates":[79.9585,17.79054]}},{"type":"Feature","properties":{"i":0.58},"geometry":{"type":"Point","coordinates":[80.00244,17.79054]}},{"type":"Feature","properties":{"i":0.51},"geometry":{"type":"Point","coordinates":[78.77197,17.74869]}},{"type":"Feature","properties":{"i":0.51},"geometry":{"type":"Point","coordinates":[78.81592,17.74869]}},{"type":"Feature","properties":{"i":0.23},"geometry":{"type":"Point","coordinates":[78.85986,17.74869]}},{"type":"Feature","properties":{"i":0.35},"geometry":{"type":"Point","coordinates":[78.90381,17.74869]}},{"type":"Feature","properties":{"i":0.26},"geometry":{"type":"Point","coordinates":[78.94775,17.74869]}},{"type":"Feature","properties":{"i":0.27},"geometry":{"type":"Point","coordinates":[78.9917,17.74869]}},{"type":"Feature","properties":{"i":0.24},"geometry":{"type":"Point","coordinates":[79.03564,17.74869]}},{"type":"Feature","properties":{"i":0.15},"geometry":{"type":"Point","coordinates":[79.07959,17.74869]}},{"type":"Feature","properties":{"i":0.27},"geometry":{"type":"Point","coordinates":[79.12354,17.74869]}},{"type":"Feature","properties":{"i":0.44},"geometry":{"type":"Point","coordinates":[79.16748,17.74869]}},{"type":"Feature","properties":{"i":0.45},"geometry":{"type":"Point","coordinates":[79.21143,17.74869]}},{"type":"Feature","properties":{"i":0.64},"geometry":{"type":"Point","coordinates":[79.25537,17.74869]}},{"type":"Feature","properties":{"i":0.38},"geometry":{"type":"Point","coordinates":[79.29932,17.74869]}},{"type":"Feature","properties":{"i":0.02},"geometry":{"type":"Point","coordinates":[79.34326,17.74869]}},{"type":"Feature","properties":{"i":0.26},"geometry":{"type":"Point","coordinates":[79.38721,17.74869]}},{"type":"Feature","properties":{"i":0.13},"geometry":{"type":"Point","coordinates":[79.43115,17.74869]}},{"type":"Feature","properties":{"i":0.27},"geometry":{"type":"Point","coordinates":[79.4751,17.74869]}},{"type":"Feature","properties":{"i":0.42},"geometry":{"type":"Point","coordinates":[79.56299,17.74869]}},{"type":"Feature","properties":{"i":0.12},"geometry":{"type":"Point","coordinates":[79.60693,17.74869]}},{"type":"Feature","properties":{"i":0.28},"geometry":{"type":"Point","coordinates":[79.65088,17.74869]}},{"type":"Feature","properties":{"i":0.16},"geometry":{"type":"Point","coordinates":[79.69482,17.74869]}},{"type":"Feature","properties":{"i":0.05},"geometry":{"type":"Point","coordinates":[79.73877,17.74869]}},{"type":"Feature","properties":{"i":0.07},"geometry":{"type":"Point","coordinates":[79.78271,17.74869]}},{"type":"Feature","properties":{"i":0.08},"geometry":{"type":"Point","coordinates":[79.82666,17.74869]}},{"type":"Feature","properties":{"i":0.39},"geometry":{"type":"Point","coordinates":[79.9585,17.74869]}},{"type":"Feature","properties":{"i":0.16},"geometry":{"type":"Point","coordinates":[78.77197,17.70683]}},{"type":"Feature","properties":{"i":0.19},"geometry":{"type":"Point","coordinates":[78.81592,17.70683]}},{"type":"Feature","properties":{"i":0.21},"geometry":{"type":"Point","coordinates":[78.85986,17.70683]}},{"type":"Feature","properties":{"i":0.35},"geometry":{"type":"Point","coordinates":[78.90381,17.70683]}},{"type":"Feature","properties":{"i":0.26},"geometry":{"type":"Point","coordinates":[78.94775,17.70683]}},{"type":"Feature","properties":{"i":0.35},"geometry":{"type":"Point","coordinates":[79.03564,17.70683]}},{"type":"Feature","properties":{"i":0.17},"geometry":{"type":"Point","coordinates":[79.07959,17.70683]}},{"type":"Feature","properties":{"i":0.37},"geometry":{"type":"Point","coordinates":[79.12354,17.70683]}},{"type":"Feature","properties":{"i":0.87},"geometry":{"type":"Point","coordinates":[79.16748,17.70683]}},{"type":"Feature","properties":{"i":0.58},"geometry":{"type":"Point","coordinates":[79.21143,17.70683]}},{"type":"Feature","properties":{"i":0.24},"geometry":{"type":"Point","coordinates":[79.25537,17.70683]}},{"type":"Feature","properties":{"i":0.21},"geometry":{"type":"Point","coordinates":[79.34326,17.70683]}},{"type":"Feature","properties":{"i":0.43},"geometry":{"type":"Point","coordinates":[79.43115,17.70683]}},{"type":"Feature","properties":{"i":0.1},"geometry":{"type":"Point","coordinates":[79.4751,17.70683]}},{"type":"Feature","properties":{"i":0.15},"geometry":{"type":"Point","coordinates":[79.51904,17.70683]}},{"type":"Feature","properties":{"i":0.38},"geometry":{"type":"Point","coordinates":[79.56299,17.70683]}},{"type":"Feature","properties":{"i":0.25},"geometry":{"type":"Point","coordinates":[79.60693,17.70683]}},{"type":"Feature","properties":{"i":0.02},"geometry":{"type":"Point","coordinates":[79.65088,17.70683]}},{"type":"Feature","properties":{"i":0.25},"geometry":{"type":"Point","coordinates":[79.69482,17.70683]}},{"type":"Feature","properties":{"i":0.26},"geometry":{"type":"Point","coordinates":[79.82666,17.70683]}},{"type":"Feature","properties":{"i":0.45},"geometry":{"type":"Point","coordinates":[79.87061,17.70683]}},{"type":"Feature","properties":{"i":0.39},"geometry":{"type":"Point","coordinates":[79.91455,17.70683]}},{"type":"Feature","properties":{"i":0.39},"geometry":{"type":"Point","coordinates":[79.9585,17.70683]}},{"type":"Feature","properties":{"i":0.24},"geometry":{"type":"Point","coordinates":[80.00244,17.70683]}},{"type":"Feature","properties":{"i":0.04},"geometry":{"type":"Point","coordinates":[80.26611,17.70683]}},{"type":"Feature","properties":{"i":0.12},"geometry":{"type":"Point","coordinates":[80.31006,17.70683]}},{"type":"Feature","properties":{"i":0.3},"geometry":{"type":"Point","coordinates":[80.354,17.70683]}},{"type":"Feature","properties":{"i":0.25},"geometry":{"type":"Point","coordinates":[78.77197,17.66496]}},{"type":"Feature","properties":{"i":0.42},"geometry":{"type":"Point","coordinates":[78.81592,17.66496]}},{"type":"Feature","properties":{"i":0.17},"geometry":{"type":"Point","coordinates":[78.85986,17.66496]}},{"type":"Feature","properties":{"i":0.03},"geometry":{"type":"Point","coordinates":[78.90381,17.66496]}},{"type":"Feature","properties":{"i":0.22},"geometry":{"type":"Point","coordinates":[78.94775,17.66496]}},{"type":"Feature","properties":{"i":0.21},"geometry":{"type":"Point","coordinates":[78.9917,17.66496]}},{"type":"Feature","properties":{"i":0.1},"geometry":{"type":"Point","coordinates":[79.03564,17.66496]}},{"type":"Feature","properties":{"i":0.33},"geometry":{"type":"Point","coordinates":[79.07959,17.66496]}},{"type":"Feature","properties":{"i":0.74},"geometry":{"type":"Point","coordinates":[79.12354,17.66496]}},{"type":"Feature","properties":{"i":0.28},"geometry":{"type":"Point","coordinates":[79.16748,17.66496]}},{"type":"Feature","properties":{"i":0.15},"geometry":{"type":"Point","coordinates":[79.21143,17.66496]}},{"type":"Feature","properties":{"i":0.12},"geometry":{"type":"Point","coordinates":[79.25537,17.66496]}},{"type":"Feature","properties":{"i":0.19},"geometry":{"type":"Point","coordinates":[79.29932,17.66496]}},{"type":"Feature","properties":{"i":0.11},"geometry":{"type":"Point","coordinates":[79.34326,17.66496]}},{"type":"Feature","properties":{"i":0.19},"geometry":{"type":"Point","coordinates":[79.38721,17.66496]}},{"type":"Feature","properties":{"i":0.53},"geometry":{"type":"Point","coordinates":[79.43115,17.66496]}},{"type":"Feature","properties":{"i":0.03},"geometry":{"type":"Point","coordinates":[79.4751,17.66496]}},{"type":"Feature","properties":{"i":0.22},"geometry":{"type":"Point","coordinates":[79.65088,17.66496]}},{"type":"Feature","properties":{"i":0.25},"geometry":{"type":"Point","coordinates":[79.69482,17.66496]}},{"type":"Feature","properties":{"i":0.15},"geometry":{"type":"Point","coordinates":[79.73877,17.66496]}},{"type":"Feature","properties":{"i":0.34},"geometry":{"type":"Point","coordinates":[79.78271,17.66496]}},{"type":"Feature","properties":{"i":0.25},"geometry":{"type":"Point","coordinates":[79.82666,17.66496]}},{"type":"Feature","properties":{"i":0.48},"geometry":{"type":"Point","coordinates":[79.87061,17.66496]}},{"type":"Feature","properties":{"i":0.6},"geometry":{"type":"Point","coordinates":[79.91455,17.66496]}},{"type":"Feature","properties":{"i":0.04},"geometry":{"type":"Point","coordinates":[79.9585,17.66496]}},{"type":"Feature","properties":{"i":0.19},"geometry":{"type":"Point","coordinates":[80.00244,17.66496]}},{"type":"Feature","properties":{"i":0.25},"geometry":{"type":"Point","coordinates":[80.04639,17.66496]}},{"type":"Feature","properties":{"i":0.42},"geometry":{"type":"Point","coordinates":[78.77197,17.62308]}},{"type":"Feature","properties":{"i":0.17},"geometry":{"type":"Point","coordinates":[78.81592,17.62308]}},{"type":"Feature","properties":{"i":0.25},"geometry":{"type":"Point","coordinates":[78.85986,17.62308]}},{"type":"Feature","properties":{"i":0.25},"geometry":{"type":"Point","coordinates":[78.90381,17.62308]}},{"type":"Feature","properties":{"i":0.15},"geometry":{"type":"Point","coordinates":[78.94775,17.62308]}},{"type":"Feature","properties":{"i":0.22},"geometry":{"type":"Point","coordinates":[78.9917,17.62308]}},{"type":"Feature","properties":{"i":0.75},"geometry":{"type":"Point","coordinates":[79.03564,17.62308]}},{"type":"Feature","properties":{"i":0.28},"geometry":{"type":"Point","coordinates":[79.07959,17.62308]}},{"type":"Feature","properties":{"i":0.22},"geometry":{"type":"Point","coordinates":[79.12354,17.62308]}},{"type":"Feature","properties":{"i":0.19},"geometry":{"type":"Point","coordinates":[79.16748,17.62308]}},{"type":"Feature","properties":{"i":0.34},"geometry":{"type":"Point","coordinates":[79.25537,17.62308]}},{"type":"Feature","properties":{"i":0.19},"geometry":{"type":"Point","coordinates":[79.29932,17.62308]}},{"type":"Feature","properties":{"i":0.13},"geometry":{"type":"Point","coordinates":[79.38721,17.62308]}},{"type":"Feature","properties":{"i":0.28},"geometry":{"type":"Point","coordinates":[79.43115,17.62308]}},{"type":"Feature","properties":{"i":0.25},"geometry":{"type":"Point","coordinates":[79.51904,17.62308]}},{"type":"Feature","properties":{"i":0.34},"geometry":{"type":"Point","coordinates":[79.60693,17.62308]}},{"type":"Feature","properties":{"i":0.09},"geometry":{"type":"Point","coordinates":[79.65088,17.62308]}},{"type":"Feature","properties":{"i":0.29},"geometry":{"type":"Point","coordinates":[79.69482,17.62308]}},{"type":"Feature","properties":{"i":0.16},"geometry":{"type":"Point","coordinates":[79.73877,17.62308]}},{"type":"Feature","properties":{"i":0.33},"geometry":{"type":"Point","coordinates":[79.78271,17.62308]}},{"type":"Feature","properties":{"i":0.23},"geometry":{"type":"Point","coordinates":[79.82666,17.62308]}},{"type":"Feature","properties":{"i":0.33},"geometry":{"type":"Point","coordinates":[79.87061,17.62308]}},{"type":"Feature","properties":{"i":0.38},"geometry":{"type":"Point","coordinates":[79.91455,17.62308]}},{"type":"Feature","properties":{"i":0.22},"geometry":{"type":"Point","coordinates":[79.9585,17.62308]}},{"type":"Feature","properties":{"i":0.4},"geometry":{"type":"Point","coordinates":[80.00244,17.62308]}},{"type":"Feature","properties":{"i":0.23},"geometry":{"type":"Point","coordinates":[80.04639,17.62308]}},{"type":"Feature","properties":{"i":0.27},"geometry":{"type":"Point","coordinates":[80.09033,17.62308]}},{"type":"Feature","properties":{"i":0.19},"geometry":{"type":"Point","coordinates":[80.31006,17.62308]}},{"type":"Feature","properties":{"i":0.42},"geometry":{"type":"Point","coordinates":[78.77197,17.58119]}},{"type":"Feature","properties":{"i":0.26},"geometry":{"type":"Point","coordinates":[78.81592,17.58119]}},{"type":"Feature","properties":{"i":0.14},"geometry":{"type":"Point","coordinates":[78.85986,17.58119]}},{"type":"Feature","properties":{"i":0.19},"geometry":{"type":"Point","coordinates":[78.90381,17.58119]}},{"type":"Feature","properties":{"i":1},"geometry":{"type":"Point","coordinates":[78.94775,17.58119]}},{"type":"Feature","properties":{"i":0.32},"geometry":{"type":"Point","coordinates":[78.9917,17.58119]}},{"type":"Feature","properties":{"i":0.13},"geometry":{"type":"Point","coordinates":[79.03564,17.58119]}},{"type":"Feature","properties":{"i":0.19},"geometry":{"type":"Point","coordinates":[79.12354,17.58119]}},{"type":"Feature","properties":{"i":0.36},"geometry":{"type":"Point","coordinates":[79.16748,17.58119]}},{"type":"Feature","properties":{"i":0.11},"geometry":{"type":"Point","coordinates":[79.21143,17.58119]}},{"type":"Feature","properties":{"i":0.15},"geometry":{"type":"Point","coordinates":[79.25537,17.58119]}},{"type":"Feature","properties":{"i":0.11},"geometry":{"type":"Point","coordinates":[79.29932,17.58119]}},{"type":"Feature","properties":{"i":0.13},"geometry":{"type":"Point","coordinates":[79.34326,17.58119]}},{"type":"Feature","properties":{"i":0.26},"geometry":{"type":"Point","coordinates":[79.38721,17.58119]}},{"type":"Feature","properties":{"i":0.09},"geometry":{"type":"Point","coordinates":[79.43115,17.58119]}},{"type":"Feature","properties":{"i":0.16},"geometry":{"type":"Point","coordinates":[79.4751,17.58119]}},{"type":"Feature","properties":{"i":0.04},"geometry":{"type":"Point","coordinates":[79.51904,17.58119]}},{"type":"Feature","properties":{"i":0.11},"geometry":{"type":"Point","coordinates":[79.56299,17.58119]}},{"type":"Feature","properties":{"i":0.23},"geometry":{"type":"Point","coordinates":[79.60693,17.58119]}},{"type":"Feature","properties":{"i":0.74},"geometry":{"type":"Point","coordinates":[79.65088,17.58119]}},{"type":"Feature","properties":{"i":0.42},"geometry":{"type":"Point","coordinates":[79.69482,17.58119]}},{"type":"Feature","properties":{"i":0.28},"geometry":{"type":"Point","coordinates":[79.73877,17.58119]}},{"type":"Feature","properties":{"i":0.21},"geometry":{"type":"Point","coordinates":[79.78271,17.58119]}},{"type":"Feature","properties":{"i":0.19},"geometry":{"type":"Point","coordinates":[79.87061,17.58119]}},{"type":"Feature","properties":{"i":0.22},"geometry":{"type":"Point","coordinates":[79.91455,17.58119]}},{"type":"Feature","properties":{"i":0.22},"geometry":{"type":"Point","coordinates":[79.9585,17.58119]}},{"type":"Feature","properties":{"i":0.56},"geometry":{"type":"Point","coordinates":[80.00244,17.58119]}},{"type":"Feature","properties":{"i":0.29},"geometry":{"type":"Point","coordinates":[80.04639,17.58119]}},{"type":"Feature","properties":{"i":0.44},"geometry":{"type":"Point","coordinates":[80.09033,17.58119]}},{"type":"Feature","properties":{"i":0.25},"geometry":{"type":"Point","coordinates":[80.13428,17.58119]}},{"type":"Feature","properties":{"i":0.23},"geometry":{"type":"Point","coordinates":[80.17822,17.58119]}},{"type":"Feature","properties":{"i":0.09},"geometry":{"type":"Point","coordinates":[80.22217,17.58119]}},{"type":"Feature","properties":{"i":0.13},"geometry":{"type":"Point","coordinates":[80.26611,17.58119]}},{"type":"Feature","properties":{"i":0.59},"geometry":{"type":"Point","coordinates":[80.31006,17.58119]}},{"type":"Feature","properties":{"i":0.7},"geometry":{"type":"Point","coordinates":[80.354,17.58119]}},{"type":"Feature","properties":{"i":0.32},"geometry":{"type":"Point","coordinates":[78.77197,17.5393]}},{"type":"Feature","properties":{"i":0.41},"geometry":{"type":"Point","coordinates":[78.81592,17.5393]}},{"type":"Feature","properties":{"i":0.45},"geometry":{"type":"Point","coordinates":[78.85986,17.5393]}},{"type":"Feature","properties":{"i":0.65},"geometry":{"type":"Point","coordinates":[78.90381,17.5393]}},{"type":"Feature","properties":{"i":0.53},"geometry":{"type":"Point","coordinates":[78.94775,17.5393]}},{"type":"Feature","properties":{"i":0.22},"geometry":{"type":"Point","coordinates":[78.9917,17.5393]}},{"type":"Feature","properties":{"i":0.31},"geometry":{"type":"Point","coordinates":[79.03564,17.5393]}},{"type":"Feature","properties":{"i":0.02},"geometry":{"type":"Point","coordinates":[79.12354,17.5393]}},{"type":"Feature","properties":{"i":0.25},"geometry":{"type":"Point","coordinates":[79.16748,17.5393]}},{"type":"Feature","properties":{"i":0.19},"geometry":{"type":"Point","coordinates":[79.25537,17.5393]}},{"type":"Feature","properties":{"i":0.22},"geometry":{"type":"Point","coordinates":[79.34326,17.5393]}},{"type":"Feature","properties":{"i":0.15},"geometry":{"type":"Point","coordinates":[79.38721,17.5393]}},{"type":"Feature","properties":{"i":0.27},"geometry":{"type":"Point","coordinates":[79.51904,17.5393]}},{"type":"Feature","properties":{"i":0.09},"geometry":{"type":"Point","coordinates":[79.56299,17.5393]}},{"type":"Feature","properties":{"i":0.35},"geometry":{"type":"Point","coordinates":[79.60693,17.5393]}},{"type":"Feature","properties":{"i":0.16},"geometry":{"type":"Point","coordinates":[79.65088,17.5393]}},{"type":"Feature","properties":{"i":0.17},"geometry":{"type":"Point","coordinates":[79.69482,17.5393]}},{"type":"Feature","properties":{"i":0.22},"geometry":{"type":"Point","coordinates":[79.82666,17.5393]}},{"type":"Feature","properties":{"i":0.27},"geometry":{"type":"Point","coordinates":[79.87061,17.5393]}},{"type":"Feature","properties":{"i":0.28},"geometry":{"type":"Point","coordinates":[79.91455,17.5393]}},{"type":"Feature","properties":{"i":0.13},"geometry":{"type":"Point","coordinates":[79.9585,17.5393]}},{"type":"Feature","properties":{"i":0.31},"geometry":{"type":"Point","coordinates":[80.00244,17.5393]}},{"type":"Feature","properties":{"i":0.14},"geometry":{"type":"Point","coordinates":[80.04639,17.5393]}},{"type":"Feature","properties":{"i":0.22},"geometry":{"type":"Point","coordinates":[80.09033,17.5393]}},{"type":"Feature","properties":{"i":0.35},"geometry":{"type":"Point","coordinates":[80.13428,17.5393]}},{"type":"Feature","properties":{"i":0.26},"geometry":{"type":"Point","coordinates":[80.17822,17.5393]}},{"type":"Feature","properties":{"i":0.19},"geometry":{"type":"Point","coordinates":[80.22217,17.5393]}},{"type":"Feature","properties":{"i":0.14},"geometry":{"type":"Point","coordinates":[80.26611,17.5393]}},{"type":"Feature","properties":{"i":0.46},"geometry":{"type":"Point","coordinates":[80.31006,17.5393]}},{"type":"Feature","properties":{"i":0.28},"geometry":{"type":"Point","coordinates":[80.354,17.5393]}},{"type":"Feature","properties":{"i":0.52},"geometry":{"type":"Point","coordinates":[78.77197,17.49739]}},{"type":"Feature","properties":{"i":0.66},"geometry":{"type":"Point","coordinates":[78.81592,17.49739]}},{"type":"Feature","properties":{"i":0.85},"geometry":{"type":"Point","coordinates":[78.85986,17.49739]}},{"type":"Feature","properties":{"i":0.82},"geometry":{"type":"Point","coordinates":[78.90381,17.49739]}},{"type":"Feature","properties":{"i":0.25},"geometry":{"type":"Point","coordinates":[78.94775,17.49739]}},{"type":"Feature","properties":{"i":0.39},"geometry":{"type":"Point","coordinates":[78.9917,17.49739]}},{"type":"Feature","properties":{"i":0.15},"geometry":{"type":"Point","coordinates":[79.03564,17.49739]}},{"type":"Feature","properties":{"i":0.25},"geometry":{"type":"Point","coordinates":[79.07959,17.49739]}},{"type":"Feature","properties":{"i":0.22},"geometry":{"type":"Point","coordinates":[79.29932,17.49739]}},{"type":"Feature","properties":{"i":0.14},"geometry":{"type":"Point","coordinates":[79.34326,17.49739]}},{"type":"Feature","properties":{"i":0.28},"geometry":{"type":"Point","coordinates":[79.38721,17.49739]}},{"type":"Feature","properties":{"i":0.18},"geometry":{"type":"Point","coordinates":[79.43115,17.49739]}},{"type":"Feature","properties":{"i":0.39},"geometry":{"type":"Point","coordinates":[79.4751,17.49739]}},{"type":"Feature","properties":{"i":0.34},"geometry":{"type":"Point","coordinates":[79.51904,17.49739]}},{"type":"Feature","properties":{"i":0.15},"geometry":{"type":"Point","coordinates":[79.56299,17.49739]}},{"type":"Feature","properties":{"i":0.22},"geometry":{"type":"Point","coordinates":[79.60693,17.49739]}},{"type":"Feature","properties":{"i":0.11},"geometry":{"type":"Point","coordinates":[79.65088,17.49739]}},{"type":"Feature","properties":{"i":0.18},"geometry":{"type":"Point","coordinates":[79.69482,17.49739]}},{"type":"Feature","properties":{"i":0.48},"geometry":{"type":"Point","coordinates":[79.73877,17.49739]}},{"type":"Feature","properties":{"i":0.17},"geometry":{"type":"Point","coordinates":[79.78271,17.49739]}},{"type":"Feature","properties":{"i":0.33},"geometry":{"type":"Point","coordinates":[79.82666,17.49739]}},{"type":"Feature","properties":{"i":0.21},"geometry":{"type":"Point","coordinates":[79.87061,17.49739]}},{"type":"Feature","properties":{"i":0.34},"geometry":{"type":"Point","coordinates":[79.91455,17.49739]}},{"type":"Feature","properties":{"i":0.15},"geometry":{"type":"Point","coordinates":[79.9585,17.49739]}},{"type":"Feature","properties":{"i":0.15},"geometry":{"type":"Point","coordinates":[80.00244,17.49739]}},{"type":"Feature","properties":{"i":0.27},"geometry":{"type":"Point","coordinates":[80.04639,17.49739]}},{"type":"Feature","properties":{"i":0.25},"geometry":{"type":"Point","coordinates":[80.09033,17.49739]}},{"type":"Feature","properties":{"i":0.54},"geometry":{"type":"Point","coordinates":[80.13428,17.49739]}},{"type":"Feature","properties":{"i":0.38},"geometry":{"type":"Point","coordinates":[80.26611,17.49739]}},{"type":"Feature","properties":{"i":0.73},"geometry":{"type":"Point","coordinates":[78.77197,17.45547]}},{"type":"Feature","properties":{"i":0.63},"geometry":{"type":"Point","coordinates":[78.81592,17.45547]}},{"type":"Feature","properties":{"i":0.35},"geometry":{"type":"Point","coordinates":[78.85986,17.45547]}},{"type":"Feature","properties":{"i":0.4},"geometry":{"type":"Point","coordinates":[78.90381,17.45547]}},{"type":"Feature","properties":{"i":0.25},"geometry":{"type":"Point","coordinates":[78.94775,17.45547]}},{"type":"Feature","properties":{"i":0.23},"geometry":{"type":"Point","coordinates":[78.9917,17.45547]}},{"type":"Feature","properties":{"i":0.22},"geometry":{"type":"Point","coordinates":[79.03564,17.45547]}},{"type":"Feature","properties":{"i":0.33},"geometry":{"type":"Point","coordinates":[79.12354,17.45547]}},{"type":"Feature","properties":{"i":0.27},"geometry":{"type":"Point","coordinates":[79.16748,17.45547]}},{"type":"Feature","properties":{"i":0.1},"geometry":{"type":"Point","coordinates":[79.21143,17.45547]}},{"type":"Feature","properties":{"i":0.68},"geometry":{"type":"Point","coordinates":[79.25537,17.45547]}},{"type":"Feature","properties":{"i":0.33},"geometry":{"type":"Point","coordinates":[79.29932,17.45547]}},{"type":"Feature","properties":{"i":0.03},"geometry":{"type":"Point","coordinates":[79.34326,17.45547]}},{"type":"Feature","properties":{"i":0.1},"geometry":{"type":"Point","coordinates":[79.38721,17.45547]}},{"type":"Feature","properties":{"i":0.52},"geometry":{"type":"Point","coordinates":[79.43115,17.45547]}},{"type":"Feature","properties":{"i":0.41},"geometry":{"type":"Point","coordinates":[79.4751,17.45547]}},{"type":"Feature","properties":{"i":0.26},"geometry":{"type":"Point","coordinates":[79.51904,17.45547]}},{"type":"Feature","properties":{"i":0.11},"geometry":{"type":"Point","coordinates":[79.56299,17.45547]}},{"type":"Feature","properties":{"i":0.33},"geometry":{"type":"Point","coordinates":[79.60693,17.45547]}},{"type":"Feature","properties":{"i":0.19},"geometry":{"type":"Point","coordinates":[79.65088,17.45547]}},{"type":"Feature","properties":{"i":0.27},"geometry":{"type":"Point","coordinates":[79.69482,17.45547]}},{"type":"Feature","properties":{"i":0.14},"geometry":{"type":"Point","coordinates":[79.73877,17.45547]}},{"type":"Feature","properties":{"i":0.34},"geometry":{"type":"Point","coordinates":[79.78271,17.45547]}},{"type":"Feature","properties":{"i":0.11},"geometry":{"type":"Point","coordinates":[79.82666,17.45547]}},{"type":"Feature","properties":{"i":0.24},"geometry":{"type":"Point","coordinates":[79.87061,17.45547]}},{"type":"Feature","properties":{"i":0.33},"geometry":{"type":"Point","coordinates":[79.9585,17.45547]}},{"type":"Feature","properties":{"i":0.22},"geometry":{"type":"Point","coordinates":[80.00244,17.45547]}},{"type":"Feature","properties":{"i":0.15},"geometry":{"type":"Point","coordinates":[80.04639,17.45547]}},{"type":"Feature","properties":{"i":0.24},"geometry":{"type":"Point","coordinates":[80.09033,17.45547]}},{"type":"Feature","properties":{"i":0.4},"geometry":{"type":"Point","coordinates":[80.13428,17.45547]}},{"type":"Feature","properties":{"i":0.57},"geometry":{"type":"Point","coordinates":[80.17822,17.45547]}},{"type":"Feature","properties":{"i":0.18},"geometry":{"type":"Point","coordinates":[80.22217,17.45547]}},{"type":"Feature","properties":{"i":0.23},"geometry":{"type":"Point","coordinates":[80.26611,17.45547]}},{"type":"Feature","properties":{"i":0.35},"geometry":{"type":"Point","coordinates":[80.31006,17.45547]}},{"type":"Feature","properties":{"i":0.41},"geometry":{"type":"Point","coordinates":[78.77197,17.41355]}},{"type":"Feature","properties":{"i":0.54},"geometry":{"type":"Point","coordinates":[78.81592,17.41355]}},{"type":"Feature","properties":{"i":0.3},"geometry":{"type":"Point","coordinates":[78.85986,17.41355]}},{"type":"Feature","properties":{"i":0.11},"geometry":{"type":"Point","coordinates":[78.90381,17.41355]}},{"type":"Feature","properties":{"i":0.26},"geometry":{"type":"Point","coordinates":[78.94775,17.41355]}},{"type":"Feature","properties":{"i":0.27},"geometry":{"type":"Point","coordinates":[78.9917,17.41355]}},{"type":"Feature","properties":{"i":0.33},"geometry":{"type":"Point","coordinates":[79.03564,17.41355]}},{"type":"Feature","properties":{"i":0.26},"geometry":{"type":"Point","coordinates":[79.07959,17.41355]}},{"type":"Feature","properties":{"i":0.13},"geometry":{"type":"Point","coordinates":[79.16748,17.41355]}},{"type":"Feature","properties":{"i":0.08},"geometry":{"type":"Point","coordinates":[79.25537,17.41355]}},{"type":"Feature","properties":{"i":0.18},"geometry":{"type":"Point","coordinates":[79.34326,17.41355]}},{"type":"Feature","properties":{"i":0.17},"geometry":{"type":"Point","coordinates":[79.38721,17.41355]}},{"type":"Feature","properties":{"i":0.24},"geometry":{"type":"Point","coordinates":[79.43115,17.41355]}},{"type":"Feature","properties":{"i":0.29},"geometry":{"type":"Point","coordinates":[79.4751,17.41355]}},{"type":"Feature","properties":{"i":0.02},"geometry":{"type":"Point","coordinates":[79.51904,17.41355]}},{"type":"Feature","properties":{"i":0.17},"geometry":{"type":"Point","coordinates":[79.56299,17.41355]}},{"type":"Feature","properties":{"i":0.34},"geometry":{"type":"Point","coordinates":[79.60693,17.41355]}},{"type":"Feature","properties":{"i":0.15},"geometry":{"type":"Point","coordinates":[79.65088,17.41355]}},{"type":"Feature","properties":{"i":0.29},"geometry":{"type":"Point","coordinates":[79.69482,17.41355]}},{"type":"Feature","properties":{"i":0.18},"geometry":{"type":"Point","coordinates":[79.73877,17.41355]}},{"type":"Feature","properties":{"i":0.33},"geometry":{"type":"Point","coordinates":[79.78271,17.41355]}},{"type":"Feature","properties":{"i":0.18},"geometry":{"type":"Point","coordinates":[79.82666,17.41355]}},{"type":"Feature","properties":{"i":0.12},"geometry":{"type":"Point","coordinates":[79.87061,17.41355]}},{"type":"Feature","properties":{"i":0.11},"geometry":{"type":"Point","coordinates":[79.91455,17.41355]}},{"type":"Feature","properties":{"i":0.22},"geometry":{"type":"Point","coordinates":[79.9585,17.41355]}},{"type":"Feature","properties":{"i":0.34},"geometry":{"type":"Point","coordinates":[80.00244,17.41355]}},{"type":"Feature","properties":{"i":0.26},"geometry":{"type":"Point","coordinates":[80.04639,17.41355]}},{"type":"Feature","properties":{"i":0.19},"geometry":{"type":"Point","coordinates":[80.09033,17.41355]}},{"type":"Feature","properties":{"i":0.45},"geometry":{"type":"Point","coordinates":[80.13428,17.41355]}},{"type":"Feature","properties":{"i":0.3},"geometry":{"type":"Point","coordinates":[80.17822,17.41355]}},{"type":"Feature","properties":{"i":0.33},"geometry":{"type":"Point","coordinates":[80.22217,17.41355]}},{"type":"Feature","properties":{"i":0.22},"geometry":{"type":"Point","coordinates":[80.26611,17.41355]}},{"type":"Feature","properties":{"i":0.44},"geometry":{"type":"Point","coordinates":[78.77197,17.37161]}},{"type":"Feature","properties":{"i":0.52},"geometry":{"type":"Point","coordinates":[78.81592,17.37161]}},{"type":"Feature","properties":{"i":0.32},"geometry":{"type":"Point","coordinates":[78.85986,17.37161]}},{"type":"Feature","properties":{"i":0.22},"geometry":{"type":"Point","coordinates":[78.90381,17.37161]}},{"type":"Feature","properties":{"i":0.23},"geometry":{"type":"Point","coordinates":[78.94775,17.37161]}},{"type":"Feature","properties":{"i":0.13},"geometry":{"type":"Point","coordinates":[78.9917,17.37161]}},{"type":"Feature","properties":{"i":0.25},"geometry":{"type":"Point","coordinates":[79.03564,17.37161]}},{"type":"Feature","properties":{"i":0.12},"geometry":{"type":"Point","coordinates":[79.07959,17.37161]}},{"type":"Feature","properties":{"i":0.14},"geometry":{"type":"Point","coordinates":[79.12354,17.37161]}},{"type":"Feature","properties":{"i":0.37},"geometry":{"type":"Point","coordinates":[79.16748,17.37161]}},{"type":"Feature","properties":{"i":0.08},"geometry":{"type":"Point","coordinates":[79.21143,17.37161]}},{"type":"Feature","properties":{"i":0.24},"geometry":{"type":"Point","coordinates":[79.29932,17.37161]}},{"type":"Feature","properties":{"i":0.28},"geometry":{"type":"Point","coordinates":[79.34326,17.37161]}},{"type":"Feature","properties":{"i":0.15},"geometry":{"type":"Point","coordinates":[79.38721,17.37161]}},{"type":"Feature","properties":{"i":0.4},"geometry":{"type":"Point","coordinates":[79.4751,17.37161]}},{"type":"Feature","properties":{"i":0.08},"geometry":{"type":"Point","coordinates":[79.51904,17.37161]}},{"type":"Feature","properties":{"i":0.12},"geometry":{"type":"Point","coordinates":[79.60693,17.37161]}},{"type":"Feature","properties":{"i":0.3},"geometry":{"type":"Point","coordinates":[79.65088,17.37161]}},{"type":"Feature","properties":{"i":0.14},"geometry":{"type":"Point","coordinates":[79.73877,17.37161]}},{"type":"Feature","properties":{"i":0.13},"geometry":{"type":"Point","coordinates":[79.78271,17.37161]}},{"type":"Feature","properties":{"i":0.22},"geometry":{"type":"Point","coordinates":[79.87061,17.37161]}},{"type":"Feature","properties":{"i":0.53},"geometry":{"type":"Point","coordinates":[79.91455,17.37161]}},{"type":"Feature","properties":{"i":0.11},"geometry":{"type":"Point","coordinates":[79.9585,17.37161]}},{"type":"Feature","properties":{"i":0.18},"geometry":{"type":"Point","coordinates":[80.00244,17.37161]}},{"type":"Feature","properties":{"i":0.24},"geometry":{"type":"Point","coordinates":[80.04639,17.37161]}},{"type":"Feature","properties":{"i":0.37},"geometry":{"type":"Point","coordinates":[80.09033,17.37161]}},{"type":"Feature","properties":{"i":0.19},"geometry":{"type":"Point","coordinates":[80.13428,17.37161]}},{"type":"Feature","properties":{"i":0.12},"geometry":{"type":"Point","coordinates":[80.17822,17.37161]}},{"type":"Feature","properties":{"i":0.37},"geometry":{"type":"Point","coordinates":[80.22217,17.37161]}},{"type":"Feature","properties":{"i":0.25},"geometry":{"type":"Point","coordinates":[80.26611,17.37161]}},{"type":"Feature","properties":{"i":0.19},"geometry":{"type":"Point","coordinates":[80.31006,17.37161]}},{"type":"Feature","properties":{"i":0.19},"geometry":{"type":"Point","coordinates":[80.354,17.37161]}},{"type":"Feature","properties":{"i":0.38},"geometry":{"type":"Point","coordinates":[78.77197,17.32966]}},{"type":"Feature","properties":{"i":0.64},"geometry":{"type":"Point","coordinates":[78.81592,17.32966]}},{"type":"Feature","properties":{"i":0.26},"geometry":{"type":"Point","coordinates":[78.85986,17.32966]}},{"type":"Feature","properties":{"i":0.14},"geometry":{"type":"Point","coordinates":[78.90381,17.32966]}},{"type":"Feature","properties":{"i":0.23},"geometry":{"type":"Point","coordinates":[78.94775,17.32966]}},{"type":"Feature","properties":{"i":0.3},"geometry":{"type":"Point","coordinates":[78.9917,17.32966]}},{"type":"Feature","properties":{"i":0.26},"geometry":{"type":"Point","coordinates":[79.03564,17.32966]}},{"type":"Feature","properties":{"i":0.33},"geometry":{"type":"Point","coordinates":[79.07959,17.32966]}},{"type":"Feature","properties":{"i":0.38},"geometry":{"type":"Point","coordinates":[79.12354,17.32966]}},{"type":"Feature","properties":{"i":0.3},"geometry":{"type":"Point","coordinates":[79.16748,17.32966]}},{"type":"Feature","properties":{"i":0.19},"geometry":{"type":"Point","coordinates":[79.25537,17.32966]}},{"type":"Feature","properties":{"i":0.28},"geometry":{"type":"Point","coordinates":[79.29932,17.32966]}},{"type":"Feature","properties":{"i":0.13},"geometry":{"type":"Point","coordinates":[79.34326,17.32966]}},{"type":"Feature","properties":{"i":0.12},"geometry":{"type":"Point","coordinates":[79.38721,17.32966]}},{"type":"Feature","properties":{"i":0.3},"geometry":{"type":"Point","coordinates":[79.43115,17.32966]}},{"type":"Feature","properties":{"i":0.14},"geometry":{"type":"Point","coordinates":[79.4751,17.32966]}},{"type":"Feature","properties":{"i":0.25},"geometry":{"type":"Point","coordinates":[79.51904,17.32966]}},{"type":"Feature","properties":{"i":0.33},"geometry":{"type":"Point","coordinates":[79.69482,17.32966]}},{"type":"Feature","properties":{"i":0.11},"geometry":{"type":"Point","coordinates":[79.73877,17.32966]}},{"type":"Feature","properties":{"i":0.16},"geometry":{"type":"Point","coordinates":[79.78271,17.32966]}},{"type":"Feature","properties":{"i":0.35},"geometry":{"type":"Point","coordinates":[79.82666,17.32966]}},{"type":"Feature","properties":{"i":0.41},"geometry":{"type":"Point","coordinates":[79.87061,17.32966]}},{"type":"Feature","properties":{"i":0.04},"geometry":{"type":"Point","coordinates":[80.00244,17.32966]}},{"type":"Feature","properties":{"i":0.15},"geometry":{"type":"Point","coordinates":[80.04639,17.32966]}},{"type":"Feature","properties":{"i":0.1},"geometry":{"type":"Point","coordinates":[80.09033,17.32966]}},{"type":"Feature","properties":{"i":0.16},"geometry":{"type":"Point","coordinates":[80.13428,17.32966]}},{"type":"Feature","properties":{"i":0.18},"geometry":{"type":"Point","coordinates":[80.17822,17.32966]}},{"type":"Feature","properties":{"i":0.33},"geometry":{"type":"Point","coordinates":[80.22217,17.32966]}},{"type":"Feature","properties":{"i":0.08},"geometry":{"type":"Point","coordinates":[80.26611,17.32966]}},{"type":"Feature","properties":{"i":0.09},"geometry":{"type":"Point","coordinates":[80.31006,17.32966]}},{"type":"Feature","properties":{"i":0.78},"geometry":{"type":"Point","coordinates":[78.77197,17.28771]}},{"type":"Feature","properties":{"i":0.95},"geometry":{"type":"Point","coordinates":[78.81592,17.28771]}},{"type":"Feature","properties":{"i":0.5},"geometry":{"type":"Point","coordinates":[78.85986,17.28771]}},{"type":"Feature","properties":{"i":0.41},"geometry":{"type":"Point","coordinates":[78.90381,17.28771]}},{"type":"Feature","properties":{"i":0.54},"geometry":{"type":"Point","coordinates":[78.94775,17.28771]}},{"type":"Feature","properties":{"i":0.18},"geometry":{"type":"Point","coordinates":[78.9917,17.28771]}},{"type":"Feature","properties":{"i":0.08},"geometry":{"type":"Point","coordinates":[79.03564,17.28771]}},{"type":"Feature","properties":{"i":0.56},"geometry":{"type":"Point","coordinates":[79.07959,17.28771]}},{"type":"Feature","properties":{"i":0.3},"geometry":{"type":"Point","coordinates":[79.12354,17.28771]}},{"type":"Feature","properties":{"i":0.28},"geometry":{"type":"Point","coordinates":[79.21143,17.28771]}},{"type":"Feature","properties":{"i":0.28},"geometry":{"type":"Point","coordinates":[79.25537,17.28771]}},{"type":"Feature","properties":{"i":0.11},"geometry":{"type":"Point","coordinates":[79.29932,17.28771]}},{"type":"Feature","properties":{"i":0.15},"geometry":{"type":"Point","coordinates":[79.34326,17.28771]}},{"type":"Feature","properties":{"i":0.21},"geometry":{"type":"Point","coordinates":[79.38721,17.28771]}},{"type":"Feature","properties":{"i":0.04},"geometry":{"type":"Point","coordinates":[79.43115,17.28771]}},{"type":"Feature","properties":{"i":0.21},"geometry":{"type":"Point","coordinates":[79.4751,17.28771]}},{"type":"Feature","properties":{"i":0.21},"geometry":{"type":"Point","coordinates":[79.56299,17.28771]}},{"type":"Feature","properties":{"i":0.14},"geometry":{"type":"Point","coordinates":[79.65088,17.28771]}},{"type":"Feature","properties":{"i":0.15},"geometry":{"type":"Point","coordinates":[79.69482,17.28771]}},{"type":"Feature","properties":{"i":0.27},"geometry":{"type":"Point","coordinates":[79.73877,17.28771]}},{"type":"Feature","properties":{"i":0.18},"geometry":{"type":"Point","coordinates":[79.78271,17.28771]}},{"type":"Feature","properties":{"i":0.16},"geometry":{"type":"Point","coordinates":[79.82666,17.28771]}},{"type":"Feature","properties":{"i":0.02},"geometry":{"type":"Point","coordinates":[79.87061,17.28771]}},{"type":"Feature","properties":{"i":0.08},"geometry":{"type":"Point","coordinates":[79.91455,17.28771]}},{"type":"Feature","properties":{"i":0.19},"geometry":{"type":"Point","coordinates":[80.00244,17.28771]}},{"type":"Feature","properties":{"i":0.51},"geometry":{"type":"Point","coordinates":[80.04639,17.28771]}},{"type":"Feature","properties":{"i":0.36},"geometry":{"type":"Point","coordinates":[80.09033,17.28771]}},{"type":"Feature","properties":{"i":0.47},"geometry":{"type":"Point","coordinates":[80.13428,17.28771]}},{"type":"Feature","properties":{"i":0.46},"geometry":{"type":"Point","coordinates":[80.17822,17.28771]}},{"type":"Feature","properties":{"i":0.35},"geometry":{"type":"Point","coordinates":[80.22217,17.28771]}},{"type":"Feature","properties":{"i":0.16},"geometry":{"type":"Point","coordinates":[80.26611,17.28771]}},{"type":"Feature","properties":{"i":0.13},"geometry":{"type":"Point","coordinates":[80.31006,17.28771]}},{"type":"Feature","properties":{"i":0.91},"geometry":{"type":"Point","coordinates":[78.77197,17.24574]}},{"type":"Feature","properties":{"i":0.9},"geometry":{"type":"Point","coordinates":[78.81592,17.24574]}},{"type":"Feature","properties":{"i":0.8},"geometry":{"type":"Point","coordinates":[78.85986,17.24574]}},{"type":"Feature","properties":{"i":0.82},"geometry":{"type":"Point","coordinates":[78.90381,17.24574]}},{"type":"Feature","properties":{"i":1},"geometry":{"type":"Point","coordinates":[78.94775,17.24574]}},{"type":"Feature","properties":{"i":0.58},"geometry":{"type":"Point","coordinates":[78.9917,17.24574]}},{"type":"Feature","properties":{"i":0.45},"geometry":{"type":"Point","coordinates":[79.03564,17.24574]}},{"type":"Feature","properties":{"i":0.37},"geometry":{"type":"Point","coordinates":[79.07959,17.24574]}},{"type":"Feature","properties":{"i":0.57},"geometry":{"type":"Point","coordinates":[79.12354,17.24574]}},{"type":"Feature","properties":{"i":0.14},"geometry":{"type":"Point","coordinates":[79.16748,17.24574]}},{"type":"Feature","properties":{"i":0.3},"geometry":{"type":"Point","coordinates":[79.21143,17.24574]}},{"type":"Feature","properties":{"i":0.22},"geometry":{"type":"Point","coordinates":[79.25537,17.24574]}},{"type":"Feature","properties":{"i":0.25},"geometry":{"type":"Point","coordinates":[79.29932,17.24574]}},{"type":"Feature","properties":{"i":0.28},"geometry":{"type":"Point","coordinates":[79.34326,17.24574]}},{"type":"Feature","properties":{"i":0.36},"geometry":{"type":"Point","coordinates":[79.38721,17.24574]}},{"type":"Feature","properties":{"i":0.33},"geometry":{"type":"Point","coordinates":[79.43115,17.24574]}},{"type":"Feature","properties":{"i":0.24},"geometry":{"type":"Point","coordinates":[79.4751,17.24574]}},{"type":"Feature","properties":{"i":0.08},"geometry":{"type":"Point","coordinates":[79.56299,17.24574]}},{"type":"Feature","properties":{"i":0.28},"geometry":{"type":"Point","coordinates":[79.60693,17.24574]}},{"type":"Feature","properties":{"i":0.3},"geometry":{"type":"Point","coordinates":[79.65088,17.24574]}},{"type":"Feature","properties":{"i":0.28},"geometry":{"type":"Point","coordinates":[79.69482,17.24574]}},{"type":"Feature","properties":{"i":0.15},"geometry":{"type":"Point","coordinates":[79.78271,17.24574]}},{"type":"Feature","properties":{"i":0.19},"geometry":{"type":"Point","coordinates":[79.87061,17.24574]}},{"type":"Feature","properties":{"i":0.07},"geometry":{"type":"Point","coordinates":[79.91455,17.24574]}},{"type":"Feature","properties":{"i":0.09},"geometry":{"type":"Point","coordinates":[79.9585,17.24574]}},{"type":"Feature","properties":{"i":0.21},"geometry":{"type":"Point","coordinates":[80.00244,17.24574]}},{"type":"Feature","properties":{"i":0.42},"geometry":{"type":"Point","coordinates":[80.04639,17.24574]}},{"type":"Feature","properties":{"i":0.69},"geometry":{"type":"Point","coordinates":[80.09033,17.24574]}},{"type":"Feature","properties":{"i":1},"geometry":{"type":"Point","coordinates":[80.13428,17.24574]}},{"type":"Feature","properties":{"i":0.91},"geometry":{"type":"Point","coordinates":[80.17822,17.24574]}},{"type":"Feature","properties":{"i":0.62},"geometry":{"type":"Point","coordinates":[80.22217,17.24574]}},{"type":"Feature","properties":{"i":0.48},"geometry":{"type":"Point","coordinates":[80.26611,17.24574]}},{"type":"Feature","properties":{"i":0.14},"geometry":{"type":"Point","coordinates":[80.354,17.24574]}},{"type":"Feature","properties":{"i":0.25},"geometry":{"type":"Point","coordinates":[78.77197,17.20377]}},{"type":"Feature","properties":{"i":0.22},"geometry":{"type":"Point","coordinates":[78.81592,17.20377]}},{"type":"Feature","properties":{"i":0.14},"geometry":{"type":"Point","coordinates":[78.85986,17.20377]}},{"type":"Feature","properties":{"i":0.34},"geometry":{"type":"Point","coordinates":[78.90381,17.20377]}},{"type":"Feature","properties":{"i":1},"geometry":{"type":"Point","coordinates":[78.94775,17.20377]}},{"type":"Feature","properties":{"i":0.51},"geometry":{"type":"Point","coordinates":[78.9917,17.20377]}},{"type":"Feature","properties":{"i":0.92},"geometry":{"type":"Point","coordinates":[79.03564,17.20377]}},{"type":"Feature","properties":{"i":0.56},"geometry":{"type":"Point","coordinates":[79.07959,17.20377]}},{"type":"Feature","properties":{"i":0.65},"geometry":{"type":"Point","coordinates":[79.12354,17.20377]}},{"type":"Feature","properties":{"i":0.7},"geometry":{"type":"Point","coordinates":[79.16748,17.20377]}},{"type":"Feature","properties":{"i":0.72},"geometry":{"type":"Point","coordinates":[79.21143,17.20377]}},{"type":"Feature","properties":{"i":0.53},"geometry":{"type":"Point","coordinates":[79.25537,17.20377]}},{"type":"Feature","properties":{"i":0.21},"geometry":{"type":"Point","coordinates":[79.29932,17.20377]}},{"type":"Feature","properties":{"i":0.03},"geometry":{"type":"Point","coordinates":[79.34326,17.20377]}},{"type":"Feature","properties":{"i":0.12},"geometry":{"type":"Point","coordinates":[79.38721,17.20377]}},{"type":"Feature","properties":{"i":0.23},"geometry":{"type":"Point","coordinates":[79.43115,17.20377]}},{"type":"Feature","properties":{"i":0.37},"geometry":{"type":"Point","coordinates":[79.4751,17.20377]}},{"type":"Feature","properties":{"i":0.12},"geometry":{"type":"Point","coordinates":[79.51904,17.20377]}},{"type":"Feature","properties":{"i":0.27},"geometry":{"type":"Point","coordinates":[79.56299,17.20377]}},{"type":"Feature","properties":{"i":0.66},"geometry":{"type":"Point","coordinates":[79.60693,17.20377]}},{"type":"Feature","properties":{"i":0.29},"geometry":{"type":"Point","coordinates":[79.65088,17.20377]}},{"type":"Feature","properties":{"i":0.22},"geometry":{"type":"Point","coordinates":[79.69482,17.20377]}},{"type":"Feature","properties":{"i":0.22},"geometry":{"type":"Point","coordinates":[79.73877,17.20377]}},{"type":"Feature","properties":{"i":0.12},"geometry":{"type":"Point","coordinates":[79.78271,17.20377]}},{"type":"Feature","properties":{"i":0.02},"geometry":{"type":"Point","coordinates":[79.82666,17.20377]}},{"type":"Feature","properties":{"i":0.84},"geometry":{"type":"Point","coordinates":[79.87061,17.20377]}},{"type":"Feature","properties":{"i":0.4},"geometry":{"type":"Point","coordinates":[79.91455,17.20377]}},{"type":"Feature","properties":{"i":0.58},"geometry":{"type":"Point","coordinates":[79.9585,17.20377]}},{"type":"Feature","properties":{"i":0.4},"geometry":{"type":"Point","coordinates":[80.00244,17.20377]}},{"type":"Feature","properties":{"i":0.67},"geometry":{"type":"Point","coordinates":[80.04639,17.20377]}},{"type":"Feature","properties":{"i":0.51},"geometry":{"type":"Point","coordinates":[80.09033,17.20377]}},{"type":"Feature","properties":{"i":0.83},"geometry":{"type":"Point","coordinates":[80.13428,17.20377]}},{"type":"Feature","properties":{"i":0.64},"geometry":{"type":"Point","coordinates":[80.17822,17.20377]}},{"type":"Feature","properties":{"i":0.31},"geometry":{"type":"Point","coordinates":[80.22217,17.20377]}},{"type":"Feature","properties":{"i":0.35},"geometry":{"type":"Point","coordinates":[80.26611,17.20377]}},{"type":"Feature","properties":{"i":0.32},"geometry":{"type":"Point","coordinates":[80.31006,17.20377]}},{"type":"Feature","properties":{"i":0.55},"geometry":{"type":"Point","coordinates":[80.354,17.20377]}},{"type":"Feature","properties":{"i":0.21},"geometry":{"type":"Point","coordinates":[78.77197,17.16179]}},{"type":"Feature","properties":{"i":0.11},"geometry":{"type":"Point","coordinates":[78.81592,17.16179]}},{"type":"Feature","properties":{"i":0.3},"geometry":{"type":"Point","coordinates":[78.85986,17.16179]}},{"type":"Feature","properties":{"i":0.5},"geometry":{"type":"Point","coordinates":[78.90381,17.16179]}},{"type":"Feature","properties":{"i":0.25},"geometry":{"type":"Point","coordinates":[78.94775,17.16179]}},{"type":"Feature","properties":{"i":0.53},"geometry":{"type":"Point","coordinates":[78.9917,17.16179]}},{"type":"Feature","properties":{"i":0.15},"geometry":{"type":"Point","coordinates":[79.03564,17.16179]}},{"type":"Feature","properties":{"i":0.08},"geometry":{"type":"Point","coordinates":[79.07959,17.16179]}},{"type":"Feature","properties":{"i":0.17},"geometry":{"type":"Point","coordinates":[79.12354,17.16179]}},{"type":"Feature","properties":{"i":0.25},"geometry":{"type":"Point","coordinates":[79.16748,17.16179]}},{"type":"Feature","properties":{"i":0.62},"geometry":{"type":"Point","coordinates":[79.21143,17.16179]}},{"type":"Feature","properties":{"i":0.41},"geometry":{"type":"Point","coordinates":[79.25537,17.16179]}},{"type":"Feature","properties":{"i":0.58},"geometry":{"type":"Point","coordinates":[79.29932,17.16179]}},{"type":"Feature","properties":{"i":0.64},"geometry":{"type":"Point","coordinates":[79.34326,17.16179]}},{"type":"Feature","properties":{"i":0.58},"geometry":{"type":"Point","coordinates":[79.38721,17.16179]}},{"type":"Feature","properties":{"i":0.86},"geometry":{"type":"Point","coordinates":[79.43115,17.16179]}},{"type":"Feature","properties":{"i":0.44},"geometry":{"type":"Point","coordinates":[79.4751,17.16179]}},{"type":"Feature","properties":{"i":0.46},"geometry":{"type":"Point","coordinates":[79.51904,17.16179]}},{"type":"Feature","properties":{"i":0.49},"geometry":{"type":"Point","coordinates":[79.56299,17.16179]}},{"type":"Feature","properties":{"i":0.7},"geometry":{"type":"Point","coordinates":[79.60693,17.16179]}},{"type":"Feature","properties":{"i":0.86},"geometry":{"type":"Point","coordinates":[79.65088,17.16179]}},{"type":"Feature","properties":{"i":0.48},"geometry":{"type":"Point","coordinates":[79.69482,17.16179]}},{"type":"Feature","properties":{"i":0.38},"geometry":{"type":"Point","coordinates":[79.73877,17.16179]}},{"type":"Feature","properties":{"i":0.43},"geometry":{"type":"Point","coordinates":[79.78271,17.16179]}},{"type":"Feature","properties":{"i":0.44},"geometry":{"type":"Point","coordinates":[79.82666,17.16179]}},{"type":"Feature","properties":{"i":0.16},"geometry":{"type":"Point","coordinates":[79.87061,17.16179]}},{"type":"Feature","properties":{"i":0.13},"geometry":{"type":"Point","coordinates":[79.9585,17.16179]}},{"type":"Feature","properties":{"i":0.1},"geometry":{"type":"Point","coordinates":[80.00244,17.16179]}},{"type":"Feature","properties":{"i":0.37},"geometry":{"type":"Point","coordinates":[80.04639,17.16179]}},{"type":"Feature","properties":{"i":0.36},"geometry":{"type":"Point","coordinates":[80.09033,17.16179]}},{"type":"Feature","properties":{"i":0.19},"geometry":{"type":"Point","coordinates":[80.13428,17.16179]}},{"type":"Feature","properties":{"i":0.48},"geometry":{"type":"Point","coordinates":[80.17822,17.16179]}},{"type":"Feature","properties":{"i":0.1},"geometry":{"type":"Point","coordinates":[80.22217,17.16179]}},{"type":"Feature","properties":{"i":0.18},"geometry":{"type":"Point","coordinates":[80.26611,17.16179]}},{"type":"Feature","properties":{"i":0.59},"geometry":{"type":"Point","coordinates":[80.354,17.16179]}},{"type":"Feature","properties":{"i":0.37},"geometry":{"type":"Point","coordinates":[78.77197,17.11979]}},{"type":"Feature","properties":{"i":0.07},"geometry":{"type":"Point","coordinates":[78.81592,17.11979]}},{"type":"Feature","properties":{"i":0.23},"geometry":{"type":"Point","coordinates":[78.90381,17.11979]}},{"type":"Feature","properties":{"i":0.52},"geometry":{"type":"Point","coordinates":[78.94775,17.11979]}},{"type":"Feature","properties":{"i":0.19},"geometry":{"type":"Point","coordinates":[79.03564,17.11979]}},{"type":"Feature","properties":{"i":0.35},"geometry":{"type":"Point","coordinates":[79.07959,17.11979]}},{"type":"Feature","properties":{"i":0.15},"geometry":{"type":"Point","coordinates":[79.12354,17.11979]}},{"type":"Feature","properties":{"i":0.22},"geometry":{"type":"Point","coordinates":[79.16748,17.11979]}},{"type":"Feature","properties":{"i":0.33},"geometry":{"type":"Point","coordinates":[79.21143,17.11979]}},{"type":"Feature","properties":{"i":0.44},"geometry":{"type":"Point","coordinates":[79.25537,17.11979]}},{"type":"Feature","properties":{"i":0.23},"geometry":{"type":"Point","coordinates":[79.29932,17.11979]}},{"type":"Feature","properties":{"i":0.27},"geometry":{"type":"Point","coordinates":[79.34326,17.11979]}},{"type":"Feature","properties":{"i":0.43},"geometry":{"type":"Point","coordinates":[79.38721,17.11979]}},{"type":"Feature","properties":{"i":0.28},"geometry":{"type":"Point","coordinates":[79.43115,17.11979]}},{"type":"Feature","properties":{"i":0.09},"geometry":{"type":"Point","coordinates":[79.4751,17.11979]}},{"type":"Feature","properties":{"i":0.27},"geometry":{"type":"Point","coordinates":[79.51904,17.11979]}},{"type":"Feature","properties":{"i":0.19},"geometry":{"type":"Point","coordinates":[79.56299,17.11979]}},{"type":"Feature","properties":{"i":0.75},"geometry":{"type":"Point","coordinates":[79.60693,17.11979]}},{"type":"Feature","properties":{"i":0.74},"geometry":{"type":"Point","coordinates":[79.65088,17.11979]}},{"type":"Feature","properties":{"i":0.51},"geometry":{"type":"Point","coordinates":[79.69482,17.11979]}},{"type":"Feature","properties":{"i":0.34},"geometry":{"type":"Point","coordinates":[79.73877,17.11979]}},{"type":"Feature","properties":{"i":0.37},"geometry":{"type":"Point","coordinates":[79.78271,17.11979]}},{"type":"Feature","properties":{"i":0.26},"geometry":{"type":"Point","coordinates":[79.82666,17.11979]}},{"type":"Feature","properties":{"i":0.04},"geometry":{"type":"Point","coordinates":[79.87061,17.11979]}},{"type":"Feature","properties":{"i":0.12},"geometry":{"type":"Point","coordinates":[79.91455,17.11979]}},{"type":"Feature","properties":{"i":0.03},"geometry":{"type":"Point","coordinates":[79.9585,17.11979]}},{"type":"Feature","properties":{"i":0.22},"geometry":{"type":"Point","coordinates":[80.00244,17.11979]}},{"type":"Feature","properties":{"i":0.23},"geometry":{"type":"Point","coordinates":[80.04639,17.11979]}},{"type":"Feature","properties":{"i":0.23},"geometry":{"type":"Point","coordinates":[80.09033,17.11979]}},{"type":"Feature","properties":{"i":0.27},"geometry":{"type":"Point","coordinates":[80.13428,17.11979]}},{"type":"Feature","properties":{"i":0.02},"geometry":{"type":"Point","coordinates":[80.17822,17.11979]}},{"type":"Feature","properties":{"i":0.11},"geometry":{"type":"Point","coordinates":[80.22217,17.11979]}},{"type":"Feature","properties":{"i":0.13},"geometry":{"type":"Point","coordinates":[80.26611,17.11979]}},{"type":"Feature","properties":{"i":0.19},"geometry":{"type":"Point","coordinates":[80.354,17.11979]}},{"type":"Feature","properties":{"i":0.37},"geometry":{"type":"Point","coordinates":[78.77197,17.07779]}},{"type":"Feature","properties":{"i":0.13},"geometry":{"type":"Point","coordinates":[78.81592,17.07779]}},{"type":"Feature","properties":{"i":0.11},"geometry":{"type":"Point","coordinates":[78.85986,17.07779]}},{"type":"Feature","properties":{"i":0.48},"geometry":{"type":"Point","coordinates":[78.90381,17.07779]}},{"type":"Feature","properties":{"i":0.6},"geometry":{"type":"Point","coordinates":[78.94775,17.07779]}},{"type":"Feature","properties":{"i":0.27},"geometry":{"type":"Point","coordinates":[78.9917,17.07779]}},{"type":"Feature","properties":{"i":0.5},"geometry":{"type":"Point","coordinates":[79.07959,17.07779]}},{"type":"Feature","properties":{"i":0.22},"geometry":{"type":"Point","coordinates":[79.12354,17.07779]}},{"type":"Feature","properties":{"i":0.19},"geometry":{"type":"Point","coordinates":[79.16748,17.07779]}},{"type":"Feature","properties":{"i":0.49},"geometry":{"type":"Point","coordinates":[79.21143,17.07779]}},{"type":"Feature","properties":{"i":1},"geometry":{"type":"Point","coordinates":[79.25537,17.07779]}},{"type":"Feature","properties":{"i":0.94},"geometry":{"type":"Point","coordinates":[79.29932,17.07779]}},{"type":"Feature","properties":{"i":0.34},"geometry":{"type":"Point","coordinates":[79.34326,17.07779]}},{"type":"Feature","properties":{"i":0.28},"geometry":{"type":"Point","coordinates":[79.38721,17.07779]}},{"type":"Feature","properties":{"i":0.21},"geometry":{"type":"Point","coordinates":[79.43115,17.07779]}},{"type":"Feature","properties":{"i":0.35},"geometry":{"type":"Point","coordinates":[79.4751,17.07779]}},{"type":"Feature","properties":{"i":0.3},"geometry":{"type":"Point","coordinates":[79.56299,17.07779]}},{"type":"Feature","properties":{"i":0.3},"geometry":{"type":"Point","coordinates":[79.60693,17.07779]}},{"type":"Feature","properties":{"i":0.61},"geometry":{"type":"Point","coordinates":[79.65088,17.07779]}},{"type":"Feature","properties":{"i":0.59},"geometry":{"type":"Point","coordinates":[79.69482,17.07779]}},{"type":"Feature","properties":{"i":0.36},"geometry":{"type":"Point","coordinates":[79.73877,17.07779]}},{"type":"Feature","properties":{"i":0.37},"geometry":{"type":"Point","coordinates":[79.78271,17.07779]}},{"type":"Feature","properties":{"i":0.19},"geometry":{"type":"Point","coordinates":[79.82666,17.07779]}},{"type":"Feature","properties":{"i":0.25},"geometry":{"type":"Point","coordinates":[79.87061,17.07779]}},{"type":"Feature","properties":{"i":0.25},"geometry":{"type":"Point","coordinates":[79.9585,17.07779]}},{"type":"Feature","properties":{"i":0.11},"geometry":{"type":"Point","coordinates":[80.00244,17.07779]}},{"type":"Feature","properties":{"i":0.41},"geometry":{"type":"Point","coordinates":[80.04639,17.07779]}},{"type":"Feature","properties":{"i":0.1},"geometry":{"type":"Point","coordinates":[80.09033,17.07779]}},{"type":"Feature","properties":{"i":0.14},"geometry":{"type":"Point","coordinates":[80.13428,17.07779]}},{"type":"Feature","properties":{"i":0.15},"geometry":{"type":"Point","coordinates":[80.17822,17.07779]}},{"type":"Feature","properties":{"i":0.22},"geometry":{"type":"Point","coordinates":[80.22217,17.07779]}},{"type":"Feature","properties":{"i":0.22},"geometry":{"type":"Point","coordinates":[80.26611,17.07779]}},{"type":"Feature","properties":{"i":0.12},"geometry":{"type":"Point","coordinates":[80.354,17.07779]}},{"type":"Feature","properties":{"i":0.28},"geometry":{"type":"Point","coordinates":[78.77197,17.03578]}},{"type":"Feature","properties":{"i":0.21},"geometry":{"type":"Point","coordinates":[78.81592,17.03578]}},{"type":"Feature","properties":{"i":0.35},"geometry":{"type":"Point","coordinates":[78.85986,17.03578]}},{"type":"Feature","properties":{"i":0.05},"geometry":{"type":"Point","coordinates":[78.90381,17.03578]}},{"type":"Feature","properties":{"i":0.28},"geometry":{"type":"Point","coordinates":[78.94775,17.03578]}},{"type":"Feature","properties":{"i":0.39},"geometry":{"type":"Point","coordinates":[79.03564,17.03578]}},{"type":"Feature","properties":{"i":0.07},"geometry":{"type":"Point","coordinates":[79.07959,17.03578]}},{"type":"Feature","properties":{"i":0.35},"geometry":{"type":"Point","coordinates":[79.12354,17.03578]}},{"type":"Feature","properties":{"i":0.44},"geometry":{"type":"Point","coordinates":[79.21143,17.03578]}},{"type":"Feature","properties":{"i":1},"geometry":{"type":"Point","coordinates":[79.25537,17.03578]}},{"type":"Feature","properties":{"i":1},"geometry":{"type":"Point","coordinates":[79.29932,17.03578]}},{"type":"Feature","properties":{"i":0.39},"geometry":{"type":"Point","coordinates":[79.34326,17.03578]}},{"type":"Feature","properties":{"i":0.36},"geometry":{"type":"Point","coordinates":[79.38721,17.03578]}},{"type":"Feature","properties":{"i":0.11},"geometry":{"type":"Point","coordinates":[79.43115,17.03578]}},{"type":"Feature","properties":{"i":0.24},"geometry":{"type":"Point","coordinates":[79.4751,17.03578]}},{"type":"Feature","properties":{"i":0.09},"geometry":{"type":"Point","coordinates":[79.51904,17.03578]}},{"type":"Feature","properties":{"i":0.33},"geometry":{"type":"Point","coordinates":[79.56299,17.03578]}},{"type":"Feature","properties":{"i":0.28},"geometry":{"type":"Point","coordinates":[79.60693,17.03578]}},{"type":"Feature","properties":{"i":0.27},"geometry":{"type":"Point","coordinates":[79.65088,17.03578]}},{"type":"Feature","properties":{"i":0.13},"geometry":{"type":"Point","coordinates":[79.69482,17.03578]}},{"type":"Feature","properties":{"i":0.16},"geometry":{"type":"Point","coordinates":[79.73877,17.03578]}},{"type":"Feature","properties":{"i":0.21},"geometry":{"type":"Point","coordinates":[79.78271,17.03578]}},{"type":"Feature","properties":{"i":0.35},"geometry":{"type":"Point","coordinates":[79.82666,17.03578]}},{"type":"Feature","properties":{"i":0.34},"geometry":{"type":"Point","coordinates":[79.87061,17.03578]}},{"type":"Feature","properties":{"i":0.11},"geometry":{"type":"Point","coordinates":[79.91455,17.03578]}},{"type":"Feature","properties":{"i":0.19},"geometry":{"type":"Point","coordinates":[79.9585,17.03578]}},{"type":"Feature","properties":{"i":0.25},"geometry":{"type":"Point","coordinates":[80.00244,17.03578]}},{"type":"Feature","properties":{"i":0.6},"geometry":{"type":"Point","coordinates":[80.04639,17.03578]}},{"type":"Feature","properties":{"i":0.37},"geometry":{"type":"Point","coordinates":[80.09033,17.03578]}},{"type":"Feature","properties":{"i":0.13},"geometry":{"type":"Point","coordinates":[80.17822,17.03578]}},{"type":"Feature","properties":{"i":0.26},"geometry":{"type":"Point","coordinates":[80.22217,17.03578]}},{"type":"Feature","properties":{"i":0.26},"geometry":{"type":"Point","coordinates":[80.26611,17.03578]}},{"type":"Feature","properties":{"i":0.28},"geometry":{"type":"Point","coordinates":[80.31006,17.03578]}},{"type":"Feature","properties":{"i":0.19},"geometry":{"type":"Point","coordinates":[78.81592,16.99376]}},{"type":"Feature","properties":{"i":0.12},"geometry":{"type":"Point","coordinates":[78.90381,16.99376]}},{"type":"Feature","properties":{"i":0.19},"geometry":{"type":"Point","coordinates":[78.94775,16.99376]}},{"type":"Feature","properties":{"i":0.37},"geometry":{"type":"Point","coordinates":[78.9917,16.99376]}},{"type":"Feature","properties":{"i":0.29},"geometry":{"type":"Point","coordinates":[79.03564,16.99376]}},{"type":"Feature","properties":{"i":0.89},"geometry":{"type":"Point","coordinates":[79.07959,16.99376]}},{"type":"Feature","properties":{"i":0.15},"geometry":{"type":"Point","coordinates":[79.12354,16.99376]}},{"type":"Feature","properties":{"i":0.48},"geometry":{"type":"Point","coordinates":[79.21143,16.99376]}},{"type":"Feature","properties":{"i":0.27},"geometry":{"type":"Point","coordinates":[79.25537,16.99376]}},{"type":"Feature","properties":{"i":0.21},"geometry":{"type":"Point","coordinates":[79.29932,16.99376]}},{"type":"Feature","properties":{"i":0.09},"geometry":{"type":"Point","coordinates":[79.34326,16.99376]}},{"type":"Feature","properties":{"i":0.34},"geometry":{"type":"Point","coordinates":[79.38721,16.99376]}},{"type":"Feature","properties":{"i":0.53},"geometry":{"type":"Point","coordinates":[79.43115,16.99376]}},{"type":"Feature","properties":{"i":0.35},"geometry":{"type":"Point","coordinates":[79.4751,16.99376]}},{"type":"Feature","properties":{"i":0.04},"geometry":{"type":"Point","coordinates":[79.56299,16.99376]}},{"type":"Feature","properties":{"i":0.34},"geometry":{"type":"Point","coordinates":[79.60693,16.99376]}},{"type":"Feature","properties":{"i":0.18},"geometry":{"type":"Point","coordinates":[79.65088,16.99376]}},{"type":"Feature","properties":{"i":0.12},"geometry":{"type":"Point","coordinates":[79.69482,16.99376]}},{"type":"Feature","properties":{"i":0.11},"geometry":{"type":"Point","coordinates":[79.73877,16.99376]}},{"type":"Feature","properties":{"i":0.15},"geometry":{"type":"Point","coordinates":[79.87061,16.99376]}},{"type":"Feature","properties":{"i":0.28},"geometry":{"type":"Point","coordinates":[79.91455,16.99376]}},{"type":"Feature","properties":{"i":0.67},"geometry":{"type":"Point","coordinates":[79.9585,16.99376]}},{"type":"Feature","properties":{"i":0.58},"geometry":{"type":"Point","coordinates":[80.00244,16.99376]}},{"type":"Feature","properties":{"i":0.24},"geometry":{"type":"Point","coordinates":[80.04639,16.99376]}},{"type":"Feature","properties":{"i":0.19},"geometry":{"type":"Point","coordinates":[80.09033,16.99376]}},{"type":"Feature","properties":{"i":0.11},"geometry":{"type":"Point","coordinates":[80.13428,16.99376]}},{"type":"Feature","properties":{"i":0.02},"geometry":{"type":"Point","coordinates":[80.17822,16.99376]}},{"type":"Feature","properties":{"i":0.13},"geometry":{"type":"Point","coordinates":[80.22217,16.99376]}},{"type":"Feature","properties":{"i":0.28},"geometry":{"type":"Point","coordinates":[80.26611,16.99376]}},{"type":"Feature","properties":{"i":0.25},"geometry":{"type":"Point","coordinates":[80.354,16.99376]}},{"type":"Feature","properties":{"i":0.1},"geometry":{"type":"Point","coordinates":[78.77197,16.95172]}},{"type":"Feature","properties":{"i":0.18},"geometry":{"type":"Point","coordinates":[78.81592,16.95172]}},{"type":"Feature","properties":{"i":0.28},"geometry":{"type":"Point","coordinates":[78.85986,16.95172]}},{"type":"Feature","properties":{"i":0.16},"geometry":{"type":"Point","coordinates":[78.90381,16.95172]}},{"type":"Feature","properties":{"i":0.32},"geometry":{"type":"Point","coordinates":[78.94775,16.95172]}},{"type":"Feature","properties":{"i":0.18},"geometry":{"type":"Point","coordinates":[78.9917,16.95172]}},{"type":"Feature","properties":{"i":0.12},"geometry":{"type":"Point","coordinates":[79.03564,16.95172]}},{"type":"Feature","properties":{"i":0.52},"geometry":{"type":"Point","coordinates":[79.07959,16.95172]}},{"type":"Feature","properties":{"i":0.22},"geometry":{"type":"Point","coordinates":[79.12354,16.95172]}},{"type":"Feature","properties":{"i":0.05},"geometry":{"type":"Point","coordinates":[79.16748,16.95172]}},{"type":"Feature","properties":{"i":0.27},"geometry":{"type":"Point","coordinates":[79.21143,16.95172]}},{"type":"Feature","properties":{"i":0.31},"geometry":{"type":"Point","coordinates":[79.25537,16.95172]}},{"type":"Feature","properties":{"i":0.08},"geometry":{"type":"Point","coordinates":[79.29932,16.95172]}},{"type":"Feature","properties":{"i":0.19},"geometry":{"type":"Point","coordinates":[79.34326,16.95172]}},{"type":"Feature","properties":{"i":0.17},"geometry":{"type":"Point","coordinates":[79.43115,16.95172]}},{"type":"Feature","properties":{"i":0.33},"geometry":{"type":"Point","coordinates":[79.4751,16.95172]}},{"type":"Feature","properties":{"i":0.21},"geometry":{"type":"Point","coordinates":[79.51904,16.95172]}},{"type":"Feature","properties":{"i":0.19},"geometry":{"type":"Point","coordinates":[79.56299,16.95172]}},{"type":"Feature","properties":{"i":0.53},"geometry":{"type":"Point","coordinates":[79.60693,16.95172]}},{"type":"Feature","properties":{"i":0.17},"geometry":{"type":"Point","coordinates":[79.65088,16.95172]}},{"type":"Feature","properties":{"i":0.3},"geometry":{"type":"Point","coordinates":[79.69482,16.95172]}},{"type":"Feature","properties":{"i":0.17},"geometry":{"type":"Point","coordinates":[79.73877,16.95172]}},{"type":"Feature","properties":{"i":0.14},"geometry":{"type":"Point","coordinates":[79.78271,16.95172]}},{"type":"Feature","properties":{"i":0.29},"geometry":{"type":"Point","coordinates":[79.82666,16.95172]}},{"type":"Feature","properties":{"i":0.51},"geometry":{"type":"Point","coordinates":[79.87061,16.95172]}},{"type":"Feature","properties":{"i":0.42},"geometry":{"type":"Point","coordinates":[79.91455,16.95172]}},{"type":"Feature","properties":{"i":0.22},"geometry":{"type":"Point","coordinates":[79.9585,16.95172]}},{"type":"Feature","properties":{"i":0.49},"geometry":{"type":"Point","coordinates":[80.00244,16.95172]}},{"type":"Feature","properties":{"i":0.5},"geometry":{"type":"Point","coordinates":[80.04639,16.95172]}},{"type":"Feature","properties":{"i":0.49},"geometry":{"type":"Point","coordinates":[80.09033,16.95172]}},{"type":"Feature","properties":{"i":0.12},"geometry":{"type":"Point","coordinates":[80.17822,16.95172]}},{"type":"Feature","properties":{"i":0.13},"geometry":{"type":"Point","coordinates":[80.22217,16.95172]}},{"type":"Feature","properties":{"i":0.1},"geometry":{"type":"Point","coordinates":[80.26611,16.95172]}},{"type":"Feature","properties":{"i":0.15},"geometry":{"type":"Point","coordinates":[80.31006,16.95172]}},{"type":"Feature","properties":{"i":0.51},"geometry":{"type":"Point","coordinates":[80.354,16.95172]}},{"type":"Feature","properties":{"i":0.25},"geometry":{"type":"Point","coordinates":[78.77197,16.90968]}},{"type":"Feature","properties":{"i":0.27},"geometry":{"type":"Point","coordinates":[78.81592,16.90968]}},{"type":"Feature","properties":{"i":0.36},"geometry":{"type":"Point","coordinates":[78.90381,16.90968]}},{"type":"Feature","properties":{"i":0.07},"geometry":{"type":"Point","coordinates":[78.94775,16.90968]}},{"type":"Feature","properties":{"i":0.1},"geometry":{"type":"Point","coordinates":[78.9917,16.90968]}},{"type":"Feature","properties":{"i":0.12},"geometry":{"type":"Point","coordinates":[79.03564,16.90968]}},{"type":"Feature","properties":{"i":0.13},"geometry":{"type":"Point","coordinates":[79.07959,16.90968]}},{"type":"Feature","properties":{"i":0.05},"geometry":{"type":"Point","coordinates":[79.21143,16.90968]}},{"type":"Feature","properties":{"i":0.05},"geometry":{"type":"Point","coordinates":[79.25537,16.90968]}},{"type":"Feature","properties":{"i":0.31},"geometry":{"type":"Point","coordinates":[79.34326,16.90968]}},{"type":"Feature","properties":{"i":0.36},"geometry":{"type":"Point","coordinates":[79.38721,16.90968]}},{"type":"Feature","properties":{"i":0.11},"geometry":{"type":"Point","coordinates":[79.43115,16.90968]}},{"type":"Feature","properties":{"i":0.22},"geometry":{"type":"Point","coordinates":[79.4751,16.90968]}},{"type":"Feature","properties":{"i":0.41},"geometry":{"type":"Point","coordinates":[79.51904,16.90968]}},{"type":"Feature","properties":{"i":0.45},"geometry":{"type":"Point","coordinates":[79.56299,16.90968]}},{"type":"Feature","properties":{"i":0.42},"geometry":{"type":"Point","coordinates":[79.60693,16.90968]}},{"type":"Feature","properties":{"i":0.3},"geometry":{"type":"Point","coordinates":[79.65088,16.90968]}},{"type":"Feature","properties":{"i":0.08},"geometry":{"type":"Point","coordinates":[79.69482,16.90968]}},{"type":"Feature","properties":{"i":0.28},"geometry":{"type":"Point","coordinates":[79.73877,16.90968]}},{"type":"Feature","properties":{"i":0.28},"geometry":{"type":"Point","coordinates":[79.78271,16.90968]}},{"type":"Feature","properties":{"i":0.36},"geometry":{"type":"Point","coordinates":[79.82666,16.90968]}},{"type":"Feature","properties":{"i":0.68},"geometry":{"type":"Point","coordinates":[79.87061,16.90968]}},{"type":"Feature","properties":{"i":0.26},"geometry":{"type":"Point","coordinates":[79.91455,16.90968]}},{"type":"Feature","properties":{"i":0.18},"geometry":{"type":"Point","coordinates":[79.9585,16.90968]}},{"type":"Feature","properties":{"i":0.25},"geometry":{"type":"Point","coordinates":[80.00244,16.90968]}},{"type":"Feature","properties":{"i":0.13},"geometry":{"type":"Point","coordinates":[80.04639,16.90968]}},{"type":"Feature","properties":{"i":0.58},"geometry":{"type":"Point","coordinates":[80.09033,16.90968]}},{"type":"Feature","properties":{"i":0.48},"geometry":{"type":"Point","coordinates":[80.13428,16.90968]}},{"type":"Feature","properties":{"i":0.28},"geometry":{"type":"Point","coordinates":[80.17822,16.90968]}},{"type":"Feature","properties":{"i":0.48},"geometry":{"type":"Point","coordinates":[80.22217,16.90968]}},{"type":"Feature","properties":{"i":0.35},"geometry":{"type":"Point","coordinates":[80.26611,16.90968]}},{"type":"Feature","properties":{"i":0.17},"geometry":{"type":"Point","coordinates":[80.31006,16.90968]}},{"type":"Feature","properties":{"i":0.73},"geometry":{"type":"Point","coordinates":[80.354,16.90968]}},{"type":"Feature","properties":{"i":0.47},"geometry":{"type":"Point","coordinates":[78.77197,16.86763]}},{"type":"Feature","properties":{"i":0.3},"geometry":{"type":"Point","coordinates":[78.81592,16.86763]}},{"type":"Feature","properties":{"i":0.34},"geometry":{"type":"Point","coordinates":[78.94775,16.86763]}},{"type":"Feature","properties":{"i":0.1},"geometry":{"type":"Point","coordinates":[78.9917,16.86763]}},{"type":"Feature","properties":{"i":0.11},"geometry":{"type":"Point","coordinates":[79.03564,16.86763]}},{"type":"Feature","properties":{"i":0.13},"geometry":{"type":"Point","coordinates":[79.12354,16.86763]}},{"type":"Feature","properties":{"i":0.18},"geometry":{"type":"Point","coordinates":[79.21143,16.86763]}},{"type":"Feature","properties":{"i":0.02},"geometry":{"type":"Point","coordinates":[79.38721,16.86763]}},{"type":"Feature","properties":{"i":0.11},"geometry":{"type":"Point","coordinates":[79.43115,16.86763]}},{"type":"Feature","properties":{"i":0.56},"geometry":{"type":"Point","coordinates":[79.4751,16.86763]}},{"type":"Feature","properties":{"i":0.37},"geometry":{"type":"Point","coordinates":[79.51904,16.86763]}},{"type":"Feature","properties":{"i":0.94},"geometry":{"type":"Point","coordinates":[79.56299,16.86763]}},{"type":"Feature","properties":{"i":0.71},"geometry":{"type":"Point","coordinates":[79.60693,16.86763]}},{"type":"Feature","properties":{"i":0.38},"geometry":{"type":"Point","coordinates":[79.65088,16.86763]}},{"type":"Feature","properties":{"i":0.58},"geometry":{"type":"Point","coordinates":[79.69482,16.86763]}},{"type":"Feature","properties":{"i":0.22},"geometry":{"type":"Point","coordinates":[79.73877,16.86763]}},{"type":"Feature","properties":{"i":0.24},"geometry":{"type":"Point","coordinates":[79.78271,16.86763]}},{"type":"Feature","properties":{"i":0.56},"geometry":{"type":"Point","coordinates":[79.87061,16.86763]}},{"type":"Feature","properties":{"i":0.48},"geometry":{"type":"Point","coordinates":[79.91455,16.86763]}},{"type":"Feature","properties":{"i":0.44},"geometry":{"type":"Point","coordinates":[79.9585,16.86763]}},{"type":"Feature","properties":{"i":0.79},"geometry":{"type":"Point","coordinates":[80.00244,16.86763]}},{"type":"Feature","properties":{"i":0.97},"geometry":{"type":"Point","coordinates":[80.04639,16.86763]}},{"type":"Feature","properties":{"i":0.59},"geometry":{"type":"Point","coordinates":[80.09033,16.86763]}},{"type":"Feature","properties":{"i":0.7},"geometry":{"type":"Point","coordinates":[80.13428,16.86763]}},{"type":"Feature","properties":{"i":0.47},"geometry":{"type":"Point","coordinates":[80.17822,16.86763]}},{"type":"Feature","properties":{"i":0.63},"geometry":{"type":"Point","coordinates":[80.22217,16.86763]}},{"type":"Feature","properties":{"i":0.1},"geometry":{"type":"Point","coordinates":[80.26611,16.86763]}},{"type":"Feature","properties":{"i":0.19},"geometry":{"type":"Point","coordinates":[80.31006,16.86763]}},{"type":"Feature","properties":{"i":0.11},"geometry":{"type":"Point","coordinates":[80.354,16.86763]}},{"type":"Feature","properties":{"i":0.41},"geometry":{"type":"Point","coordinates":[78.77197,16.82557]}},{"type":"Feature","properties":{"i":0.49},"geometry":{"type":"Point","coordinates":[78.81592,16.82557]}},{"type":"Feature","properties":{"i":0.38},"geometry":{"type":"Point","coordinates":[78.85986,16.82557]}},{"type":"Feature","properties":{"i":0.25},"geometry":{"type":"Point","coordinates":[78.90381,16.82557]}},{"type":"Feature","properties":{"i":0.11},"geometry":{"type":"Point","coordinates":[78.9917,16.82557]}},{"type":"Feature","properties":{"i":0.05},"geometry":{"type":"Point","coordinates":[79.16748,16.82557]}},{"type":"Feature","properties":{"i":0.1},"geometry":{"type":"Point","coordinates":[79.34326,16.82557]}},{"type":"Feature","properties":{"i":0.34},"geometry":{"type":"Point","coordinates":[79.38721,16.82557]}},{"type":"Feature","properties":{"i":0.88},"geometry":{"type":"Point","coordinates":[79.43115,16.82557]}},{"type":"Feature","properties":{"i":0.39},"geometry":{"type":"Point","coordinates":[79.4751,16.82557]}},{"type":"Feature","properties":{"i":0.44},"geometry":{"type":"Point","coordinates":[79.51904,16.82557]}},{"type":"Feature","properties":{"i":0.51},"geometry":{"type":"Point","coordinates":[79.56299,16.82557]}},{"type":"Feature","properties":{"i":0.64},"geometry":{"type":"Point","coordinates":[79.60693,16.82557]}},{"type":"Feature","properties":{"i":0.19},"geometry":{"type":"Point","coordinates":[79.65088,16.82557]}},{"type":"Feature","properties":{"i":0.31},"geometry":{"type":"Point","coordinates":[79.69482,16.82557]}},{"type":"Feature","properties":{"i":0.22},"geometry":{"type":"Point","coordinates":[79.73877,16.82557]}},{"type":"Feature","properties":{"i":0.26},"geometry":{"type":"Point","coordinates":[79.78271,16.82557]}},{"type":"Feature","properties":{"i":0.12},"geometry":{"type":"Point","coordinates":[79.87061,16.82557]}},{"type":"Feature","properties":{"i":0.83},"geometry":{"type":"Point","coordinates":[79.91455,16.82557]}},{"type":"Feature","properties":{"i":0.49},"geometry":{"type":"Point","coordinates":[79.9585,16.82557]}},{"type":"Feature","properties":{"i":0.38},"geometry":{"type":"Point","coordinates":[80.00244,16.82557]}},{"type":"Feature","properties":{"i":0.67},"geometry":{"type":"Point","coordinates":[80.04639,16.82557]}},{"type":"Feature","properties":{"i":0.62},"geometry":{"type":"Point","coordinates":[80.09033,16.82557]}},{"type":"Feature","properties":{"i":0.59},"geometry":{"type":"Point","coordinates":[80.13428,16.82557]}},{"type":"Feature","properties":{"i":0.18},"geometry":{"type":"Point","coordinates":[80.17822,16.82557]}},{"type":"Feature","properties":{"i":0.39},"geometry":{"type":"Point","coordinates":[80.22217,16.82557]}},{"type":"Feature","properties":{"i":0.14},"geometry":{"type":"Point","coordinates":[80.26611,16.82557]}},{"type":"Feature","properties":{"i":0.25},"geometry":{"type":"Point","coordinates":[80.31006,16.82557]}},{"type":"Feature","properties":{"i":0.25},"geometry":{"type":"Point","coordinates":[78.77197,16.78351]}},{"type":"Feature","properties":{"i":0.33},"geometry":{"type":"Point","coordinates":[78.81592,16.78351]}},{"type":"Feature","properties":{"i":0.36},"geometry":{"type":"Point","coordinates":[78.85986,16.78351]}},{"type":"Feature","properties":{"i":0.3},"geometry":{"type":"Point","coordinates":[78.90381,16.78351]}},{"type":"Feature","properties":{"i":0.15},"geometry":{"type":"Point","coordinates":[78.9917,16.78351]}},{"type":"Feature","properties":{"i":0.12},"geometry":{"type":"Point","coordinates":[79.21143,16.78351]}},{"type":"Feature","properties":{"i":0.28},"geometry":{"type":"Point","coordinates":[79.29932,16.78351]}},{"type":"Feature","properties":{"i":0.88},"geometry":{"type":"Point","coordinates":[79.34326,16.78351]}},{"type":"Feature","properties":{"i":0.14},"geometry":{"type":"Point","coordinates":[79.38721,16.78351]}},{"type":"Feature","properties":{"i":0.31},"geometry":{"type":"Point","coordinates":[79.43115,16.78351]}},{"type":"Feature","properties":{"i":0.22},"geometry":{"type":"Point","coordinates":[79.4751,16.78351]}},{"type":"Feature","properties":{"i":0.24},"geometry":{"type":"Point","coordinates":[79.51904,16.78351]}},{"type":"Feature","properties":{"i":0.3},"geometry":{"type":"Point","coordinates":[79.56299,16.78351]}},{"type":"Feature","properties":{"i":0.3},"geometry":{"type":"Point","coordinates":[79.60693,16.78351]}},{"type":"Feature","properties":{"i":0.1},"geometry":{"type":"Point","coordinates":[79.65088,16.78351]}},{"type":"Feature","properties":{"i":0.29},"geometry":{"type":"Point","coordinates":[79.69482,16.78351]}},{"type":"Feature","properties":{"i":0.16},"geometry":{"type":"Point","coordinates":[79.73877,16.78351]}},{"type":"Feature","properties":{"i":0.12},"geometry":{"type":"Point","coordinates":[79.78271,16.78351]}},{"type":"Feature","properties":{"i":0.25},"geometry":{"type":"Point","coordinates":[79.82666,16.78351]}},{"type":"Feature","properties":{"i":0.71},"geometry":{"type":"Point","coordinates":[79.87061,16.78351]}},{"type":"Feature","properties":{"i":1},"geometry":{"type":"Point","coordinates":[79.91455,16.78351]}},{"type":"Feature","properties":{"i":0.37},"geometry":{"type":"Point","coordinates":[79.9585,16.78351]}},{"type":"Feature","properties":{"i":0.53},"geometry":{"type":"Point","coordinates":[80.00244,16.78351]}},{"type":"Feature","properties":{"i":0.52},"geometry":{"type":"Point","coordinates":[80.04639,16.78351]}},{"type":"Feature","properties":{"i":0.18},"geometry":{"type":"Point","coordinates":[80.13428,16.78351]}},{"type":"Feature","properties":{"i":0.16},"geometry":{"type":"Point","coordinates":[80.17822,16.78351]}},{"type":"Feature","properties":{"i":0.07},"geometry":{"type":"Point","coordinates":[80.22217,16.78351]}},{"type":"Feature","properties":{"i":0.48},"geometry":{"type":"Point","coordinates":[80.26611,16.78351]}},{"type":"Feature","properties":{"i":0.56},"geometry":{"type":"Point","coordinates":[80.31006,16.78351]}},{"type":"Feature","properties":{"i":0.1},"geometry":{"type":"Point","coordinates":[80.354,16.78351]}},{"type":"Feature","properties":{"i":0.24},"geometry":{"type":"Point","coordinates":[78.77197,16.74143]}},{"type":"Feature","properties":{"i":0.1},"geometry":{"type":"Point","coordinates":[78.81592,16.74143]}},{"type":"Feature","properties":{"i":0.14},"geometry":{"type":"Point","coordinates":[78.85986,16.74143]}},{"type":"Feature","properties":{"i":0.19},"geometry":{"type":"Point","coordinates":[78.90381,16.74143]}},{"type":"Feature","properties":{"i":0.18},"geometry":{"type":"Point","coordinates":[78.94775,16.74143]}},{"type":"Feature","properties":{"i":0.21},"geometry":{"type":"Point","coordinates":[78.9917,16.74143]}},{"type":"Feature","properties":{"i":0.13},"geometry":{"type":"Point","coordinates":[79.07959,16.74143]}},{"type":"Feature","properties":{"i":0.09},"geometry":{"type":"Point","coordinates":[79.12354,16.74143]}},{"type":"Feature","properties":{"i":0.44},"geometry":{"type":"Point","coordinates":[79.29932,16.74143]}},{"type":"Feature","properties":{"i":0.28},"geometry":{"type":"Point","coordinates":[79.34326,16.74143]}},{"type":"Feature","properties":{"i":0.09},"geometry":{"type":"Point","coordinates":[79.38721,16.74143]}},{"type":"Feature","properties":{"i":0.11},"geometry":{"type":"Point","coordinates":[79.43115,16.74143]}},{"type":"Feature","properties":{"i":0.14},"geometry":{"type":"Point","coordinates":[79.4751,16.74143]}},{"type":"Feature","properties":{"i":0.27},"geometry":{"type":"Point","coordinates":[79.51904,16.74143]}},{"type":"Feature","properties":{"i":0.39},"geometry":{"type":"Point","coordinates":[79.56299,16.74143]}},{"type":"Feature","properties":{"i":0.27},"geometry":{"type":"Point","coordinates":[79.60693,16.74143]}},{"type":"Feature","properties":{"i":0.37},"geometry":{"type":"Point","coordinates":[79.65088,16.74143]}},{"type":"Feature","properties":{"i":0.16},"geometry":{"type":"Point","coordinates":[79.69482,16.74143]}},{"type":"Feature","properties":{"i":0.15},"geometry":{"type":"Point","coordinates":[79.73877,16.74143]}},{"type":"Feature","properties":{"i":0.19},"geometry":{"type":"Point","coordinates":[79.78271,16.74143]}},{"type":"Feature","properties":{"i":0.23},"geometry":{"type":"Point","coordinates":[79.82666,16.74143]}},{"type":"Feature","properties":{"i":0.74},"geometry":{"type":"Point","coordinates":[79.87061,16.74143]}},{"type":"Feature","properties":{"i":0.08},"geometry":{"type":"Point","coordinates":[79.91455,16.74143]}},{"type":"Feature","properties":{"i":0.07},"geometry":{"type":"Point","coordinates":[79.9585,16.74143]}},{"type":"Feature","properties":{"i":0.23},"geometry":{"type":"Point","coordinates":[80.00244,16.74143]}},{"type":"Feature","properties":{"i":0.19},"geometry":{"type":"Point","coordinates":[80.04639,16.74143]}},{"type":"Feature","properties":{"i":0.46},"geometry":{"type":"Point","coordinates":[80.13428,16.74143]}},{"type":"Feature","properties":{"i":0.21},"geometry":{"type":"Point","coordinates":[80.17822,16.74143]}},{"type":"Feature","properties":{"i":0.1},"geometry":{"type":"Point","coordinates":[80.22217,16.74143]}},{"type":"Feature","properties":{"i":0.38},"geometry":{"type":"Point","coordinates":[80.26611,16.74143]}},{"type":"Feature","properties":{"i":0.37},"geometry":{"type":"Point","coordinates":[80.31006,16.74143]}},{"type":"Feature","properties":{"i":0.12},"geometry":{"type":"Point","coordinates":[80.354,16.74143]}},{"type":"Feature","properties":{"i":0.39},"geometry":{"type":"Point","coordinates":[78.81592,16.69934]}},{"type":"Feature","properties":{"i":0.22},"geometry":{"type":"Point","coordinates":[78.85986,16.69934]}},{"type":"Feature","properties":{"i":0.78},"geometry":{"type":"Point","coordinates":[78.90381,16.69934]}},{"type":"Feature","properties":{"i":0.67},"geometry":{"type":"Point","coordinates":[78.94775,16.69934]}},{"type":"Feature","properties":{"i":0.41},"geometry":{"type":"Point","coordinates":[78.9917,16.69934]}},{"type":"Feature","properties":{"i":0.19},"geometry":{"type":"Point","coordinates":[79.03564,16.69934]}},{"type":"Feature","properties":{"i":0.38},"geometry":{"type":"Point","coordinates":[79.07959,16.69934]}},{"type":"Feature","properties":{"i":0.39},"geometry":{"type":"Point","coordinates":[79.12354,16.69934]}},{"type":"Feature","properties":{"i":0.14},"geometry":{"type":"Point","coordinates":[79.16748,16.69934]}},{"type":"Feature","properties":{"i":0.12},"geometry":{"type":"Point","coordinates":[79.21143,16.69934]}},{"type":"Feature","properties":{"i":0.22},"geometry":{"type":"Point","coordinates":[79.25537,16.69934]}},{"type":"Feature","properties":{"i":0.21},"geometry":{"type":"Point","coordinates":[79.29932,16.69934]}},{"type":"Feature","properties":{"i":0.32},"geometry":{"type":"Point","coordinates":[79.34326,16.69934]}},{"type":"Feature","properties":{"i":0.08},"geometry":{"type":"Point","coordinates":[79.38721,16.69934]}},{"type":"Feature","properties":{"i":0.51},"geometry":{"type":"Point","coordinates":[79.51904,16.69934]}},{"type":"Feature","properties":{"i":1},"geometry":{"type":"Point","coordinates":[79.56299,16.69934]}},{"type":"Feature","properties":{"i":1},"geometry":{"type":"Point","coordinates":[79.60693,16.69934]}},{"type":"Feature","properties":{"i":0.61},"geometry":{"type":"Point","coordinates":[79.65088,16.69934]}},{"type":"Feature","properties":{"i":0.81},"geometry":{"type":"Point","coordinates":[79.69482,16.69934]}},{"type":"Feature","properties":{"i":0.62},"geometry":{"type":"Point","coordinates":[79.73877,16.69934]}},{"type":"Feature","properties":{"i":0.35},"geometry":{"type":"Point","coordinates":[79.82666,16.69934]}},{"type":"Feature","properties":{"i":0.1},"geometry":{"type":"Point","coordinates":[79.9585,16.69934]}},{"type":"Feature","properties":{"i":0.23},"geometry":{"type":"Point","coordinates":[80.00244,16.69934]}},{"type":"Feature","properties":{"i":0.28},"geometry":{"type":"Point","coordinates":[80.22217,16.69934]}},{"type":"Feature","properties":{"i":0.25},"geometry":{"type":"Point","coordinates":[80.26611,16.69934]}},{"type":"Feature","properties":{"i":0.42},"geometry":{"type":"Point","coordinates":[80.31006,16.69934]}},{"type":"Feature","properties":{"i":0.35},"geometry":{"type":"Point","coordinates":[80.354,16.69934]}},{"type":"Feature","properties":{"i":0.33},"geometry":{"type":"Point","coordinates":[78.77197,16.65724]}},{"type":"Feature","properties":{"i":0.19},"geometry":{"type":"Point","coordinates":[78.85986,16.65724]}},{"type":"Feature","properties":{"i":0.45},"geometry":{"type":"Point","coordinates":[78.90381,16.65724]}},{"type":"Feature","properties":{"i":0.24},"geometry":{"type":"Point","coordinates":[78.94775,16.65724]}},{"type":"Feature","properties":{"i":0.3},"geometry":{"type":"Point","coordinates":[78.9917,16.65724]}},{"type":"Feature","properties":{"i":0.23},"geometry":{"type":"Point","coordinates":[79.03564,16.65724]}},{"type":"Feature","properties":{"i":0.03},"geometry":{"type":"Point","coordinates":[79.07959,16.65724]}},{"type":"Feature","properties":{"i":0.11},"geometry":{"type":"Point","coordinates":[79.16748,16.65724]}},{"type":"Feature","properties":{"i":0.25},"geometry":{"type":"Point","coordinates":[79.21143,16.65724]}},{"type":"Feature","properties":{"i":0.26},"geometry":{"type":"Point","coordinates":[79.25537,16.65724]}},{"type":"Feature","properties":{"i":0.08},"geometry":{"type":"Point","coordinates":[79.29932,16.65724]}},{"type":"Feature","properties":{"i":0.03},"geometry":{"type":"Point","coordinates":[79.43115,16.65724]}},{"type":"Feature","properties":{"i":0.15},"geometry":{"type":"Point","coordinates":[79.4751,16.65724]}},{"type":"Feature","properties":{"i":0.19},"geometry":{"type":"Point","coordinates":[79.51904,16.65724]}},{"type":"Feature","properties":{"i":0.13},"geometry":{"type":"Point","coordinates":[79.56299,16.65724]}},{"type":"Feature","properties":{"i":0.41},"geometry":{"type":"Point","coordinates":[79.60693,16.65724]}},{"type":"Feature","properties":{"i":0.39},"geometry":{"type":"Point","coordinates":[79.65088,16.65724]}},{"type":"Feature","properties":{"i":0.9},"geometry":{"type":"Point","coordinates":[79.69482,16.65724]}},{"type":"Feature","properties":{"i":0.14},"geometry":{"type":"Point","coordinates":[79.73877,16.65724]}},{"type":"Feature","properties":{"i":0.25},"geometry":{"type":"Point","coordinates":[79.78271,16.65724]}},{"type":"Feature","properties":{"i":0.38},"geometry":{"type":"Point","coordinates":[79.82666,16.65724]}},{"type":"Feature","properties":{"i":0.11},"geometry":{"type":"Point","coordinates":[80.09033,16.65724]}},{"type":"Feature","properties":{"i":0.16},"geometry":{"type":"Point","coordinates":[80.22217,16.65724]}},{"type":"Feature","properties":{"i":0.16},"geometry":{"type":"Point","coordinates":[80.26611,16.65724]}},{"type":"Feature","properties":{"i":0.1},"geometry":{"type":"Point","coordinates":[80.354,16.65724]}},{"type":"Feature","properties":{"i":0.17},"geometry":{"type":"Point","coordinates":[76.44287,16.61514]}},{"type":"Feature","properties":{"i":0.17},"geometry":{"type":"Point","coordinates":[76.48682,16.61514]}},{"type":"Feature","properties":{"i":0.07},"geometry":{"type":"Point","coordinates":[76.53076,16.61514]}},{"type":"Feature","properties":{"i":0.09},"geometry":{"type":"Point","coordinates":[76.61865,16.61514]}},{"type":"Feature","properties":{"i":0.19},"geometry":{"type":"Point","coordinates":[76.6626,16.61514]}},{"type":"Feature","properties":{"i":0.35},"geometry":{"type":"Point","coordinates":[76.79443,16.61514]}},{"type":"Feature","properties":{"i":0.33},"geometry":{"type":"Point","coordinates":[76.83838,16.61514]}},{"type":"Feature","properties":{"i":0.28},"geometry":{"type":"Point","coordinates":[76.88232,16.61514]}},{"type":"Feature","properties":{"i":0.28},"geometry":{"type":"Point","coordinates":[76.97021,16.61514]}},{"type":"Feature","properties":{"i":0.11},"geometry":{"type":"Point","coordinates":[77.18994,16.61514]}},{"type":"Feature","properties":{"i":0.22},"geometry":{"type":"Point","coordinates":[77.23389,16.61514]}},{"type":"Feature","properties":{"i":0.26},"geometry":{"type":"Point","coordinates":[77.36572,16.61514]}},{"type":"Feature","properties":{"i":0.33},"geometry":{"type":"Point","coordinates":[77.49756,16.61514]}},{"type":"Feature","properties":{"i":0.13},"geometry":{"type":"Point","coordinates":[77.5415,16.61514]}},{"type":"Feature","properties":{"i":0.28},"geometry":{"type":"Point","coordinates":[77.62939,16.61514]}},{"type":"Feature","properties":{"i":0.36},"geometry":{"type":"Point","coordinates":[77.67334,16.61514]}},{"type":"Feature","properties":{"i":0.59},"geometry":{"type":"Point","coordinates":[77.71729,16.61514]}},{"type":"Feature","properties":{"i":0.44},"geometry":{"type":"Point","coordinates":[77.76123,16.61514]}},{"type":"Feature","properties":{"i":0.32},"geometry":{"type":"Point","coordinates":[77.80518,16.61514]}},{"type":"Feature","properties":{"i":0.54},"geometry":{"type":"Point","coordinates":[77.84912,16.61514]}},{"type":"Feature","properties":{"i":0.34},"geometry":{"type":"Point","coordinates":[77.89307,16.61514]}},{"type":"Feature","properties":{"i":0.47},"geometry":{"type":"Point","coordinates":[77.93701,16.61514]}},{"type":"Feature","properties":{"i":0.61},"geometry":{"type":"Point","coordinates":[77.98096,16.61514]}},{"type":"Feature","properties":{"i":0.33},"geometry":{"type":"Point","coordinates":[78.0249,16.61514]}},{"type":"Feature","properties":{"i":0.35},"geometry":{"type":"Point","coordinates":[78.06885,16.61514]}},{"type":"Feature","properties":{"i":0.47},"geometry":{"type":"Point","coordinates":[78.11279,16.61514]}},{"type":"Feature","properties":{"i":0.11},"geometry":{"type":"Point","coordinates":[78.15674,16.61514]}},{"type":"Feature","properties":{"i":0.5},"geometry":{"type":"Point","coordinates":[78.20068,16.61514]}},{"type":"Feature","properties":{"i":0.11},"geometry":{"type":"Point","coordinates":[78.24463,16.61514]}},{"type":"Feature","properties":{"i":0.44},"geometry":{"type":"Point","coordinates":[78.28857,16.61514]}},{"type":"Feature","properties":{"i":0.3},"geometry":{"type":"Point","coordinates":[78.33252,16.61514]}},{"type":"Feature","properties":{"i":0.27},"geometry":{"type":"Point","coordinates":[78.37646,16.61514]}},{"type":"Feature","properties":{"i":0.38},"geometry":{"type":"Point","coordinates":[78.42041,16.61514]}},{"type":"Feature","properties":{"i":0.45},"geometry":{"type":"Point","coordinates":[78.46436,16.61514]}},{"type":"Feature","properties":{"i":0.25},"geometry":{"type":"Point","coordinates":[78.5083,16.61514]}},{"type":"Feature","properties":{"i":0.25},"geometry":{"type":"Point","coordinates":[78.55225,16.61514]}},{"type":"Feature","properties":{"i":0.28},"geometry":{"type":"Point","coordinates":[78.59619,16.61514]}},{"type":"Feature","properties":{"i":0.38},"geometry":{"type":"Point","coordinates":[78.64014,16.61514]}},{"type":"Feature","properties":{"i":0.37},"geometry":{"type":"Point","coordinates":[78.68408,16.61514]}},{"type":"Feature","properties":{"i":0.4},"geometry":{"type":"Point","coordinates":[78.72803,16.61514]}},{"type":"Feature","properties":{"i":0.29},"geometry":{"type":"Point","coordinates":[76.61865,16.57302]}},{"type":"Feature","properties":{"i":0.22},"geometry":{"type":"Point","coordinates":[76.70654,16.57302]}},{"type":"Feature","properties":{"i":0.18},"geometry":{"type":"Point","coordinates":[76.75049,16.57302]}},{"type":"Feature","properties":{"i":0.03},"geometry":{"type":"Point","coordinates":[76.79443,16.57302]}},{"type":"Feature","properties":{"i":0.03},"geometry":{"type":"Point","coordinates":[76.83838,16.57302]}},{"type":"Feature","properties":{"i":0.62},"geometry":{"type":"Point","coordinates":[77.10205,16.57302]}},{"type":"Feature","properties":{"i":0.1},"geometry":{"type":"Point","coordinates":[77.23389,16.57302]}},{"type":"Feature","properties":{"i":0.35},"geometry":{"type":"Point","coordinates":[77.27783,16.57302]}},{"type":"Feature","properties":{"i":0.21},"geometry":{"type":"Point","coordinates":[77.32178,16.57302]}},{"type":"Feature","properties":{"i":0.08},"geometry":{"type":"Point","coordinates":[77.40967,16.57302]}},{"type":"Feature","properties":{"i":0.39},"geometry":{"type":"Point","coordinates":[77.49756,16.57302]}},{"type":"Feature","properties":{"i":0.27},"geometry":{"type":"Point","coordinates":[77.5415,16.57302]}},{"type":"Feature","properties":{"i":0.22},"geometry":{"type":"Point","coordinates":[77.58545,16.57302]}},{"type":"Feature","properties":{"i":0.4},"geometry":{"type":"Point","coordinates":[77.62939,16.57302]}},{"type":"Feature","properties":{"i":0.22},"geometry":{"type":"Point","coordinates":[77.67334,16.57302]}},{"type":"Feature","properties":{"i":0.41},"geometry":{"type":"Point","coordinates":[77.71729,16.57302]}},{"type":"Feature","properties":{"i":0.24},"geometry":{"type":"Point","coordinates":[77.76123,16.57302]}},{"type":"Feature","properties":{"i":0.43},"geometry":{"type":"Point","coordinates":[77.80518,16.57302]}},{"type":"Feature","properties":{"i":0.46},"geometry":{"type":"Point","coordinates":[77.84912,16.57302]}},{"type":"Feature","properties":{"i":0.46},"geometry":{"type":"Point","coordinates":[77.89307,16.57302]}},{"type":"Feature","properties":{"i":0.72},"geometry":{"type":"Point","coordinates":[77.93701,16.57302]}},{"type":"Feature","properties":{"i":0.48},"geometry":{"type":"Point","coordinates":[77.98096,16.57302]}},{"type":"Feature","properties":{"i":0.17},"geometry":{"type":"Point","coordinates":[78.0249,16.57302]}},{"type":"Feature","properties":{"i":0.28},"geometry":{"type":"Point","coordinates":[78.06885,16.57302]}},{"type":"Feature","properties":{"i":0.35},"geometry":{"type":"Point","coordinates":[78.11279,16.57302]}},{"type":"Feature","properties":{"i":0.81},"geometry":{"type":"Point","coordinates":[78.15674,16.57302]}},{"type":"Feature","properties":{"i":0.4},"geometry":{"type":"Point","coordinates":[78.20068,16.57302]}},{"type":"Feature","properties":{"i":0.46},"geometry":{"type":"Point","coordinates":[78.24463,16.57302]}},{"type":"Feature","properties":{"i":0.36},"geometry":{"type":"Point","coordinates":[78.28857,16.57302]}},{"type":"Feature","properties":{"i":0.13},"geometry":{"type":"Point","coordinates":[78.33252,16.57302]}},{"type":"Feature","properties":{"i":0.56},"geometry":{"type":"Point","coordinates":[78.37646,16.57302]}},{"type":"Feature","properties":{"i":0.53},"geometry":{"type":"Point","coordinates":[78.42041,16.57302]}},{"type":"Feature","properties":{"i":0.03},"geometry":{"type":"Point","coordinates":[78.46436,16.57302]}},{"type":"Feature","properties":{"i":0.17},"geometry":{"type":"Point","coordinates":[78.55225,16.57302]}},{"type":"Feature","properties":{"i":0.49},"geometry":{"type":"Point","coordinates":[78.68408,16.57302]}},{"type":"Feature","properties":{"i":0.11},"geometry":{"type":"Point","coordinates":[76.53076,16.5309]}},{"type":"Feature","properties":{"i":0.18},"geometry":{"type":"Point","coordinates":[76.6626,16.5309]}},{"type":"Feature","properties":{"i":0.09},"geometry":{"type":"Point","coordinates":[76.70654,16.5309]}},{"type":"Feature","properties":{"i":0.96},"geometry":{"type":"Point","coordinates":[76.75049,16.5309]}},{"type":"Feature","properties":{"i":0.81},"geometry":{"type":"Point","coordinates":[76.79443,16.5309]}},{"type":"Feature","properties":{"i":0.02},"geometry":{"type":"Point","coordinates":[77.10205,16.5309]}},{"type":"Feature","properties":{"i":0.4},"geometry":{"type":"Point","coordinates":[77.27783,16.5309]}},{"type":"Feature","properties":{"i":0.48},"geometry":{"type":"Point","coordinates":[77.32178,16.5309]}},{"type":"Feature","properties":{"i":0.17},"geometry":{"type":"Point","coordinates":[77.40967,16.5309]}},{"type":"Feature","properties":{"i":0.29},"geometry":{"type":"Point","coordinates":[77.45361,16.5309]}},{"type":"Feature","properties":{"i":0.13},"geometry":{"type":"Point","coordinates":[77.49756,16.5309]}},{"type":"Feature","properties":{"i":0.24},"geometry":{"type":"Point","coordinates":[77.5415,16.5309]}},{"type":"Feature","properties":{"i":0.27},"geometry":{"type":"Point","coordinates":[77.58545,16.5309]}},{"type":"Feature","properties":{"i":0.07},"geometry":{"type":"Point","coordinates":[77.67334,16.5309]}},{"type":"Feature","properties":{"i":0.65},"geometry":{"type":"Point","coordinates":[77.71729,16.5309]}},{"type":"Feature","properties":{"i":0.51},"geometry":{"type":"Point","coordinates":[77.76123,16.5309]}},{"type":"Feature","properties":{"i":0.1},"geometry":{"type":"Point","coordinates":[77.80518,16.5309]}},{"type":"Feature","properties":{"i":0.72},"geometry":{"type":"Point","coordinates":[77.84912,16.5309]}},{"type":"Feature","properties":{"i":0.48},"geometry":{"type":"Point","coordinates":[77.89307,16.5309]}},{"type":"Feature","properties":{"i":0.4},"geometry":{"type":"Point","coordinates":[77.93701,16.5309]}},{"type":"Feature","properties":{"i":0.5},"geometry":{"type":"Point","coordinates":[77.98096,16.5309]}},{"type":"Feature","properties":{"i":0.52},"geometry":{"type":"Point","coordinates":[78.0249,16.5309]}},{"type":"Feature","properties":{"i":0.33},"geometry":{"type":"Point","coordinates":[78.06885,16.5309]}},{"type":"Feature","properties":{"i":0.49},"geometry":{"type":"Point","coordinates":[78.11279,16.5309]}},{"type":"Feature","properties":{"i":0.44},"geometry":{"type":"Point","coordinates":[78.15674,16.5309]}},{"type":"Feature","properties":{"i":0.69},"geometry":{"type":"Point","coordinates":[78.20068,16.5309]}},{"type":"Feature","properties":{"i":0.57},"geometry":{"type":"Point","coordinates":[78.24463,16.5309]}},{"type":"Feature","properties":{"i":0.45},"geometry":{"type":"Point","coordinates":[78.28857,16.5309]}},{"type":"Feature","properties":{"i":0.29},"geometry":{"type":"Point","coordinates":[78.33252,16.5309]}},{"type":"Feature","properties":{"i":0.55},"geometry":{"type":"Point","coordinates":[78.37646,16.5309]}},{"type":"Feature","properties":{"i":0.27},"geometry":{"type":"Point","coordinates":[78.42041,16.5309]}},{"type":"Feature","properties":{"i":0.34},"geometry":{"type":"Point","coordinates":[78.46436,16.5309]}},{"type":"Feature","properties":{"i":0.25},"geometry":{"type":"Point","coordinates":[78.5083,16.5309]}},{"type":"Feature","properties":{"i":0.3},"geometry":{"type":"Point","coordinates":[78.55225,16.5309]}},{"type":"Feature","properties":{"i":0.36},"geometry":{"type":"Point","coordinates":[78.59619,16.5309]}},{"type":"Feature","properties":{"i":0.34},"geometry":{"type":"Point","coordinates":[78.64014,16.5309]}},{"type":"Feature","properties":{"i":0.52},"geometry":{"type":"Point","coordinates":[78.68408,16.5309]}},{"type":"Feature","properties":{"i":0.13},"geometry":{"type":"Point","coordinates":[78.72803,16.5309]}},{"type":"Feature","properties":{"i":0.57},"geometry":{"type":"Point","coordinates":[76.75049,16.48876]}},{"type":"Feature","properties":{"i":0.23},"geometry":{"type":"Point","coordinates":[76.79443,16.48876]}},{"type":"Feature","properties":{"i":0.34},"geometry":{"type":"Point","coordinates":[76.83838,16.48876]}},{"type":"Feature","properties":{"i":0.22},"geometry":{"type":"Point","coordinates":[76.97021,16.48876]}},{"type":"Feature","properties":{"i":0.35},"geometry":{"type":"Point","coordinates":[77.18994,16.48876]}},{"type":"Feature","properties":{"i":0.25},"geometry":{"type":"Point","coordinates":[77.23389,16.48876]}},{"type":"Feature","properties":{"i":0.09},"geometry":{"type":"Point","coordinates":[77.27783,16.48876]}},{"type":"Feature","properties":{"i":0.3},"geometry":{"type":"Point","coordinates":[77.32178,16.48876]}},{"type":"Feature","properties":{"i":0.26},"geometry":{"type":"Point","coordinates":[77.40967,16.48876]}},{"type":"Feature","properties":{"i":0.3},"geometry":{"type":"Point","coordinates":[77.45361,16.48876]}},{"type":"Feature","properties":{"i":0.9},"geometry":{"type":"Point","coordinates":[77.49756,16.48876]}},{"type":"Feature","properties":{"i":0.82},"geometry":{"type":"Point","coordinates":[77.5415,16.48876]}},{"type":"Feature","properties":{"i":0.31},"geometry":{"type":"Point","coordinates":[77.58545,16.48876]}},{"type":"Feature","properties":{"i":0.5},"geometry":{"type":"Point","coordinates":[77.62939,16.48876]}},{"type":"Feature","properties":{"i":0.13},"geometry":{"type":"Point","coordinates":[77.67334,16.48876]}},{"type":"Feature","properties":{"i":0.34},"geometry":{"type":"Point","coordinates":[77.71729,16.48876]}},{"type":"Feature","properties":{"i":0.3},"geometry":{"type":"Point","coordinates":[77.76123,16.48876]}},{"type":"Feature","properties":{"i":0.42},"geometry":{"type":"Point","coordinates":[77.80518,16.48876]}},{"type":"Feature","properties":{"i":0.19},"geometry":{"type":"Point","coordinates":[77.84912,16.48876]}},{"type":"Feature","properties":{"i":0.27},"geometry":{"type":"Point","coordinates":[77.89307,16.48876]}},{"type":"Feature","properties":{"i":0.53},"geometry":{"type":"Point","coordinates":[77.93701,16.48876]}},{"type":"Feature","properties":{"i":0.28},"geometry":{"type":"Point","coordinates":[77.98096,16.48876]}},{"type":"Feature","properties":{"i":0.5},"geometry":{"type":"Point","coordinates":[78.0249,16.48876]}},{"type":"Feature","properties":{"i":0.14},"geometry":{"type":"Point","coordinates":[78.06885,16.48876]}},{"type":"Feature","properties":{"i":0.16},"geometry":{"type":"Point","coordinates":[78.11279,16.48876]}},{"type":"Feature","properties":{"i":0.56},"geometry":{"type":"Point","coordinates":[78.15674,16.48876]}},{"type":"Feature","properties":{"i":0.61},"geometry":{"type":"Point","coordinates":[78.20068,16.48876]}},{"type":"Feature","properties":{"i":0.25},"geometry":{"type":"Point","coordinates":[78.24463,16.48876]}},{"type":"Feature","properties":{"i":0.7},"geometry":{"type":"Point","coordinates":[78.28857,16.48876]}},{"type":"Feature","properties":{"i":0.94},"geometry":{"type":"Point","coordinates":[78.33252,16.48876]}},{"type":"Feature","properties":{"i":0.27},"geometry":{"type":"Point","coordinates":[78.37646,16.48876]}},{"type":"Feature","properties":{"i":0.3},"geometry":{"type":"Point","coordinates":[78.42041,16.48876]}},{"type":"Feature","properties":{"i":0.37},"geometry":{"type":"Point","coordinates":[78.46436,16.48876]}},{"type":"Feature","properties":{"i":0.61},"geometry":{"type":"Point","coordinates":[78.5083,16.48876]}},{"type":"Feature","properties":{"i":0.18},"geometry":{"type":"Point","coordinates":[78.55225,16.48876]}},{"type":"Feature","properties":{"i":0.39},"geometry":{"type":"Point","coordinates":[78.59619,16.48876]}},{"type":"Feature","properties":{"i":0.18},"geometry":{"type":"Point","coordinates":[78.68408,16.48876]}},{"type":"Feature","properties":{"i":0.22},"geometry":{"type":"Point","coordinates":[78.72803,16.48876]}},{"type":"Feature","properties":{"i":0.33},"geometry":{"type":"Point","coordinates":[76.39893,16.44662]}},{"type":"Feature","properties":{"i":0.35},"geometry":{"type":"Point","coordinates":[76.53076,16.44662]}},{"type":"Feature","properties":{"i":0.46},"geometry":{"type":"Point","coordinates":[76.75049,16.44662]}},{"type":"Feature","properties":{"i":0.27},"geometry":{"type":"Point","coordinates":[76.92627,16.44662]}},{"type":"Feature","properties":{"i":0.08},"geometry":{"type":"Point","coordinates":[76.97021,16.44662]}},{"type":"Feature","properties":{"i":0.07},"geometry":{"type":"Point","coordinates":[77.05811,16.44662]}},{"type":"Feature","properties":{"i":0.48},"geometry":{"type":"Point","coordinates":[77.18994,16.44662]}},{"type":"Feature","properties":{"i":0.1},"geometry":{"type":"Point","coordinates":[77.36572,16.44662]}},{"type":"Feature","properties":{"i":0.27},"geometry":{"type":"Point","coordinates":[77.40967,16.44662]}},{"type":"Feature","properties":{"i":0.14},"geometry":{"type":"Point","coordinates":[77.49756,16.44662]}},{"type":"Feature","properties":{"i":0.28},"geometry":{"type":"Point","coordinates":[77.5415,16.44662]}},{"type":"Feature","properties":{"i":0.3},"geometry":{"type":"Point","coordinates":[77.71729,16.44662]}},{"type":"Feature","properties":{"i":0.44},"geometry":{"type":"Point","coordinates":[77.76123,16.44662]}},{"type":"Feature","properties":{"i":0.82},"geometry":{"type":"Point","coordinates":[77.80518,16.44662]}},{"type":"Feature","properties":{"i":0.25},"geometry":{"type":"Point","coordinates":[77.84912,16.44662]}},{"type":"Feature","properties":{"i":0.4},"geometry":{"type":"Point","coordinates":[77.93701,16.44662]}},{"type":"Feature","properties":{"i":0.27},"geometry":{"type":"Point","coordinates":[77.98096,16.44662]}},{"type":"Feature","properties":{"i":0.12},"geometry":{"type":"Point","coordinates":[78.0249,16.44662]}},{"type":"Feature","properties":{"i":0.33},"geometry":{"type":"Point","coordinates":[78.06885,16.44662]}},{"type":"Feature","properties":{"i":0.28},"geometry":{"type":"Point","coordinates":[78.11279,16.44662]}},{"type":"Feature","properties":{"i":0.48},"geometry":{"type":"Point","coordinates":[78.15674,16.44662]}},{"type":"Feature","properties":{"i":0.08},"geometry":{"type":"Point","coordinates":[78.20068,16.44662]}},{"type":"Feature","properties":{"i":0.24},"geometry":{"type":"Point","coordinates":[78.24463,16.44662]}},{"type":"Feature","properties":{"i":0.22},"geometry":{"type":"Point","coordinates":[78.28857,16.44662]}},{"type":"Feature","properties":{"i":0.56},"geometry":{"type":"Point","coordinates":[78.33252,16.44662]}},{"type":"Feature","properties":{"i":0.35},"geometry":{"type":"Point","coordinates":[78.37646,16.44662]}},{"type":"Feature","properties":{"i":0.3},"geometry":{"type":"Point","coordinates":[78.42041,16.44662]}},{"type":"Feature","properties":{"i":0.76},"geometry":{"type":"Point","coordinates":[78.46436,16.44662]}},{"type":"Feature","properties":{"i":0.33},"geometry":{"type":"Point","coordinates":[78.5083,16.44662]}},{"type":"Feature","properties":{"i":0.27},"geometry":{"type":"Point","coordinates":[78.55225,16.44662]}},{"type":"Feature","properties":{"i":0.49},"geometry":{"type":"Point","coordinates":[78.59619,16.44662]}},{"type":"Feature","properties":{"i":0.44},"geometry":{"type":"Point","coordinates":[78.64014,16.44662]}},{"type":"Feature","properties":{"i":0.21},"geometry":{"type":"Point","coordinates":[78.68408,16.44662]}},{"type":"Feature","properties":{"i":0.08},"geometry":{"type":"Point","coordinates":[78.72803,16.44662]}},{"type":"Feature","properties":{"i":0.12},"geometry":{"type":"Point","coordinates":[76.53076,16.40447]}},{"type":"Feature","properties":{"i":0.28},"geometry":{"type":"Point","coordinates":[76.57471,16.40447]}},{"type":"Feature","properties":{"i":0.08},"geometry":{"type":"Point","coordinates":[76.61865,16.40447]}},{"type":"Feature","properties":{"i":0.1},"geometry":{"type":"Point","coordinates":[76.6626,16.40447]}},{"type":"Feature","properties":{"i":0.09},"geometry":{"type":"Point","coordinates":[76.70654,16.40447]}},{"type":"Feature","properties":{"i":0.25},"geometry":{"type":"Point","coordinates":[76.75049,16.40447]}},{"type":"Feature","properties":{"i":0.65},"geometry":{"type":"Point","coordinates":[76.92627,16.40447]}},{"type":"Feature","properties":{"i":0.46},"geometry":{"type":"Point","coordinates":[76.97021,16.40447]}},{"type":"Feature","properties":{"i":0.07},"geometry":{"type":"Point","coordinates":[77.05811,16.40447]}},{"type":"Feature","properties":{"i":0.09},"geometry":{"type":"Point","coordinates":[77.27783,16.40447]}},{"type":"Feature","properties":{"i":0.33},"geometry":{"type":"Point","coordinates":[77.32178,16.40447]}},{"type":"Feature","properties":{"i":0.37},"geometry":{"type":"Point","coordinates":[77.36572,16.40447]}},{"type":"Feature","properties":{"i":0.61},"geometry":{"type":"Point","coordinates":[77.40967,16.40447]}},{"type":"Feature","properties":{"i":0.14},"geometry":{"type":"Point","coordinates":[77.45361,16.40447]}},{"type":"Feature","properties":{"i":0.22},"geometry":{"type":"Point","coordinates":[77.5415,16.40447]}},{"type":"Feature","properties":{"i":0.14},"geometry":{"type":"Point","coordinates":[77.67334,16.40447]}},{"type":"Feature","properties":{"i":0.12},"geometry":{"type":"Point","coordinates":[77.76123,16.40447]}},{"type":"Feature","properties":{"i":0.1},"geometry":{"type":"Point","coordinates":[77.80518,16.40447]}},{"type":"Feature","properties":{"i":0.22},"geometry":{"type":"Point","coordinates":[77.84912,16.40447]}},{"type":"Feature","properties":{"i":0.49},"geometry":{"type":"Point","coordinates":[77.89307,16.40447]}},{"type":"Feature","properties":{"i":0.46},"geometry":{"type":"Point","coordinates":[77.93701,16.40447]}},{"type":"Feature","properties":{"i":0.34},"geometry":{"type":"Point","coordinates":[77.98096,16.40447]}},{"type":"Feature","properties":{"i":0.56},"geometry":{"type":"Point","coordinates":[78.0249,16.40447]}},{"type":"Feature","properties":{"i":0.31},"geometry":{"type":"Point","coordinates":[78.06885,16.40447]}},{"type":"Feature","properties":{"i":0.3},"geometry":{"type":"Point","coordinates":[78.11279,16.40447]}},{"type":"Feature","properties":{"i":0.34},"geometry":{"type":"Point","coordinates":[78.15674,16.40447]}},{"type":"Feature","properties":{"i":0.13},"geometry":{"type":"Point","coordinates":[78.20068,16.40447]}},{"type":"Feature","properties":{"i":0.46},"geometry":{"type":"Point","coordinates":[78.24463,16.40447]}},{"type":"Feature","properties":{"i":0.35},"geometry":{"type":"Point","coordinates":[78.28857,16.40447]}},{"type":"Feature","properties":{"i":0.34},"geometry":{"type":"Point","coordinates":[78.33252,16.40447]}},{"type":"Feature","properties":{"i":0.6},"geometry":{"type":"Point","coordinates":[78.37646,16.40447]}},{"type":"Feature","properties":{"i":0.31},"geometry":{"type":"Point","coordinates":[78.46436,16.40447]}},{"type":"Feature","properties":{"i":0.39},"geometry":{"type":"Point","coordinates":[78.5083,16.40447]}},{"type":"Feature","properties":{"i":0.25},"geometry":{"type":"Point","coordinates":[78.55225,16.40447]}},{"type":"Feature","properties":{"i":0.36},"geometry":{"type":"Point","coordinates":[78.59619,16.40447]}},{"type":"Feature","properties":{"i":0.78},"geometry":{"type":"Point","coordinates":[78.64014,16.40447]}},{"type":"Feature","properties":{"i":0.42},"geometry":{"type":"Point","coordinates":[78.68408,16.40447]}},{"type":"Feature","properties":{"i":0.19},"geometry":{"type":"Point","coordinates":[78.72803,16.40447]}},{"type":"Feature","properties":{"i":0.4},"geometry":{"type":"Point","coordinates":[76.39893,16.36231]}},{"type":"Feature","properties":{"i":0.41},"geometry":{"type":"Point","coordinates":[76.44287,16.36231]}},{"type":"Feature","properties":{"i":0.11},"geometry":{"type":"Point","coordinates":[76.48682,16.36231]}},{"type":"Feature","properties":{"i":0.38},"geometry":{"type":"Point","coordinates":[76.57471,16.36231]}},{"type":"Feature","properties":{"i":0.12},"geometry":{"type":"Point","coordinates":[76.61865,16.36231]}},{"type":"Feature","properties":{"i":0.19},"geometry":{"type":"Point","coordinates":[76.6626,16.36231]}},{"type":"Feature","properties":{"i":0.44},"geometry":{"type":"Point","coordinates":[76.79443,16.36231]}},{"type":"Feature","properties":{"i":0.1},"geometry":{"type":"Point","coordinates":[76.92627,16.36231]}},{"type":"Feature","properties":{"i":0.07},"geometry":{"type":"Point","coordinates":[76.97021,16.36231]}},{"type":"Feature","properties":{"i":0.47},"geometry":{"type":"Point","coordinates":[77.01416,16.36231]}},{"type":"Feature","properties":{"i":0.77},"geometry":{"type":"Point","coordinates":[77.32178,16.36231]}},{"type":"Feature","properties":{"i":0.85},"geometry":{"type":"Point","coordinates":[77.36572,16.36231]}},{"type":"Feature","properties":{"i":0.25},"geometry":{"type":"Point","coordinates":[77.40967,16.36231]}},{"type":"Feature","properties":{"i":0.15},"geometry":{"type":"Point","coordinates":[77.45361,16.36231]}},{"type":"Feature","properties":{"i":0.12},"geometry":{"type":"Point","coordinates":[77.49756,16.36231]}},{"type":"Feature","properties":{"i":0.6},"geometry":{"type":"Point","coordinates":[77.5415,16.36231]}},{"type":"Feature","properties":{"i":0.15},"geometry":{"type":"Point","coordinates":[77.71729,16.36231]}},{"type":"Feature","properties":{"i":0.48},"geometry":{"type":"Point","coordinates":[77.76123,16.36231]}},{"type":"Feature","properties":{"i":0.53},"geometry":{"type":"Point","coordinates":[77.80518,16.36231]}},{"type":"Feature","properties":{"i":0.15},"geometry":{"type":"Point","coordinates":[77.84912,16.36231]}},{"type":"Feature","properties":{"i":0.55},"geometry":{"type":"Point","coordinates":[77.89307,16.36231]}},{"type":"Feature","properties":{"i":0.92},"geometry":{"type":"Point","coordinates":[77.93701,16.36231]}},{"type":"Feature","properties":{"i":0.36},"geometry":{"type":"Point","coordinates":[77.98096,16.36231]}},{"type":"Feature","properties":{"i":0.49},"geometry":{"type":"Point","coordinates":[78.0249,16.36231]}},{"type":"Feature","properties":{"i":0.92},"geometry":{"type":"Point","coordinates":[78.06885,16.36231]}},{"type":"Feature","properties":{"i":0.33},"geometry":{"type":"Point","coordinates":[78.11279,16.36231]}},{"type":"Feature","properties":{"i":0.12},"geometry":{"type":"Point","coordinates":[78.15674,16.36231]}},{"type":"Feature","properties":{"i":0.34},"geometry":{"type":"Point","coordinates":[78.20068,16.36231]}},{"type":"Feature","properties":{"i":0.15},"geometry":{"type":"Point","coordinates":[78.24463,16.36231]}},{"type":"Feature","properties":{"i":0.47},"geometry":{"type":"Point","coordinates":[78.28857,16.36231]}},{"type":"Feature","properties":{"i":0.21},"geometry":{"type":"Point","coordinates":[78.33252,16.36231]}},{"type":"Feature","properties":{"i":0.09},"geometry":{"type":"Point","coordinates":[78.37646,16.36231]}},{"type":"Feature","properties":{"i":0.15},"geometry":{"type":"Point","coordinates":[78.42041,16.36231]}},{"type":"Feature","properties":{"i":0.47},"geometry":{"type":"Point","coordinates":[78.46436,16.36231]}},{"type":"Feature","properties":{"i":0.11},"geometry":{"type":"Point","coordinates":[78.5083,16.36231]}},{"type":"Feature","properties":{"i":0.13},"geometry":{"type":"Point","coordinates":[78.55225,16.36231]}},{"type":"Feature","properties":{"i":0.16},"geometry":{"type":"Point","coordinates":[78.59619,16.36231]}},{"type":"Feature","properties":{"i":0.11},"geometry":{"type":"Point","coordinates":[78.64014,16.36231]}},{"type":"Feature","properties":{"i":0.3},"geometry":{"type":"Point","coordinates":[78.68408,16.36231]}},{"type":"Feature","properties":{"i":0.1},"geometry":{"type":"Point","coordinates":[78.72803,16.36231]}},{"type":"Feature","properties":{"i":0.12},"geometry":{"type":"Point","coordinates":[76.57471,16.32014]}},{"type":"Feature","properties":{"i":0.24},"geometry":{"type":"Point","coordinates":[76.75049,16.32014]}},{"type":"Feature","properties":{"i":0.26},"geometry":{"type":"Point","coordinates":[76.79443,16.32014]}},{"type":"Feature","properties":{"i":0.19},"geometry":{"type":"Point","coordinates":[76.83838,16.32014]}},{"type":"Feature","properties":{"i":0.38},"geometry":{"type":"Point","coordinates":[76.92627,16.32014]}},{"type":"Feature","properties":{"i":0.15},"geometry":{"type":"Point","coordinates":[76.97021,16.32014]}},{"type":"Feature","properties":{"i":0.21},"geometry":{"type":"Point","coordinates":[77.01416,16.32014]}},{"type":"Feature","properties":{"i":0.14},"geometry":{"type":"Point","coordinates":[77.05811,16.32014]}},{"type":"Feature","properties":{"i":0.68},"geometry":{"type":"Point","coordinates":[77.146,16.32014]}},{"type":"Feature","properties":{"i":0.35},"geometry":{"type":"Point","coordinates":[77.27783,16.32014]}},{"type":"Feature","properties":{"i":0.16},"geometry":{"type":"Point","coordinates":[77.32178,16.32014]}},{"type":"Feature","properties":{"i":0.76},"geometry":{"type":"Point","coordinates":[77.36572,16.32014]}},{"type":"Feature","properties":{"i":0.39},"geometry":{"type":"Point","coordinates":[77.40967,16.32014]}},{"type":"Feature","properties":{"i":0.08},"geometry":{"type":"Point","coordinates":[77.45361,16.32014]}},{"type":"Feature","properties":{"i":0.19},"geometry":{"type":"Point","coordinates":[77.49756,16.32014]}},{"type":"Feature","properties":{"i":0.15},"geometry":{"type":"Point","coordinates":[77.62939,16.32014]}},{"type":"Feature","properties":{"i":0.21},"geometry":{"type":"Point","coordinates":[77.71729,16.32014]}},{"type":"Feature","properties":{"i":0.21},"geometry":{"type":"Point","coordinates":[77.76123,16.32014]}},{"type":"Feature","properties":{"i":0.65},"geometry":{"type":"Point","coordinates":[77.80518,16.32014]}},{"type":"Feature","properties":{"i":0.26},"geometry":{"type":"Point","coordinates":[77.84912,16.32014]}},{"type":"Feature","properties":{"i":0.24},"geometry":{"type":"Point","coordinates":[77.89307,16.32014]}},{"type":"Feature","properties":{"i":0.23},"geometry":{"type":"Point","coordinates":[77.93701,16.32014]}},{"type":"Feature","properties":{"i":0.72},"geometry":{"type":"Point","coordinates":[77.98096,16.32014]}},{"type":"Feature","properties":{"i":0.42},"geometry":{"type":"Point","coordinates":[78.0249,16.32014]}},{"type":"Feature","properties":{"i":0.65},"geometry":{"type":"Point","coordinates":[78.06885,16.32014]}},{"type":"Feature","properties":{"i":0.28},"geometry":{"type":"Point","coordinates":[78.11279,16.32014]}},{"type":"Feature","properties":{"i":0.34},"geometry":{"type":"Point","coordinates":[78.15674,16.32014]}},{"type":"Feature","properties":{"i":0.12},"geometry":{"type":"Point","coordinates":[78.20068,16.32014]}},{"type":"Feature","properties":{"i":0.39},"geometry":{"type":"Point","coordinates":[78.24463,16.32014]}},{"type":"Feature","properties":{"i":0.87},"geometry":{"type":"Point","coordinates":[78.28857,16.32014]}},{"type":"Feature","properties":{"i":0.61},"geometry":{"type":"Point","coordinates":[78.33252,16.32014]}},{"type":"Feature","properties":{"i":0.4},"geometry":{"type":"Point","coordinates":[78.37646,16.32014]}},{"type":"Feature","properties":{"i":0.27},"geometry":{"type":"Point","coordinates":[78.5083,16.32014]}},{"type":"Feature","properties":{"i":0.48},"geometry":{"type":"Point","coordinates":[78.55225,16.32014]}},{"type":"Feature","properties":{"i":0.48},"geometry":{"type":"Point","coordinates":[78.59619,16.32014]}},{"type":"Feature","properties":{"i":0.37},"geometry":{"type":"Point","coordinates":[78.64014,16.32014]}},{"type":"Feature","properties":{"i":0.57},"geometry":{"type":"Point","coordinates":[76.61865,16.27796]}},{"type":"Feature","properties":{"i":0.34},"geometry":{"type":"Point","coordinates":[76.6626,16.27796]}},{"type":"Feature","properties":{"i":0.15},"geometry":{"type":"Point","coordinates":[76.79443,16.27796]}},{"type":"Feature","properties":{"i":0.3},"geometry":{"type":"Point","coordinates":[76.83838,16.27796]}},{"type":"Feature","properties":{"i":0.38},"geometry":{"type":"Point","coordinates":[76.97021,16.27796]}},{"type":"Feature","properties":{"i":0.1},"geometry":{"type":"Point","coordinates":[77.05811,16.27796]}},{"type":"Feature","properties":{"i":0.04},"geometry":{"type":"Point","coordinates":[77.10205,16.27796]}},{"type":"Feature","properties":{"i":0.27},"geometry":{"type":"Point","coordinates":[77.18994,16.27796]}},{"type":"Feature","properties":{"i":0.11},"geometry":{"type":"Point","coordinates":[77.23389,16.27796]}},{"type":"Feature","properties":{"i":0.33},"geometry":{"type":"Point","coordinates":[77.32178,16.27796]}},{"type":"Feature","properties":{"i":0.9},"geometry":{"type":"Point","coordinates":[77.36572,16.27796]}},{"type":"Feature","properties":{"i":0.61},"geometry":{"type":"Point","coordinates":[77.40967,16.27796]}},{"type":"Feature","properties":{"i":0.26},"geometry":{"type":"Point","coordinates":[77.45361,16.27796]}},{"type":"Feature","properties":{"i":0.27},"geometry":{"type":"Point","coordinates":[77.49756,16.27796]}},{"type":"Feature","properties":{"i":0.19},"geometry":{"type":"Point","coordinates":[77.5415,16.27796]}},{"type":"Feature","properties":{"i":0.3},"geometry":{"type":"Point","coordinates":[77.58545,16.27796]}},{"type":"Feature","properties":{"i":0.36},"geometry":{"type":"Point","coordinates":[77.62939,16.27796]}},{"type":"Feature","properties":{"i":0.22},"geometry":{"type":"Point","coordinates":[77.67334,16.27796]}},{"type":"Feature","properties":{"i":0.13},"geometry":{"type":"Point","coordinates":[77.71729,16.27796]}},{"type":"Feature","properties":{"i":0.09},"geometry":{"type":"Point","coordinates":[77.76123,16.27796]}},{"type":"Feature","properties":{"i":0.07},"geometry":{"type":"Point","coordinates":[77.84912,16.27796]}},{"type":"Feature","properties":{"i":0.23},"geometry":{"type":"Point","coordinates":[77.89307,16.27796]}},{"type":"Feature","properties":{"i":0.37},"geometry":{"type":"Point","coordinates":[77.93701,16.27796]}},{"type":"Feature","properties":{"i":0.16},"geometry":{"type":"Point","coordinates":[77.98096,16.27796]}},{"type":"Feature","properties":{"i":0.3},"geometry":{"type":"Point","coordinates":[78.0249,16.27796]}},{"type":"Feature","properties":{"i":0.28},"geometry":{"type":"Point","coordinates":[78.06885,16.27796]}},{"type":"Feature","properties":{"i":0.45},"geometry":{"type":"Point","coordinates":[78.11279,16.27796]}},{"type":"Feature","properties":{"i":0.1},"geometry":{"type":"Point","coordinates":[78.15674,16.27796]}},{"type":"Feature","properties":{"i":0.13},"geometry":{"type":"Point","coordinates":[78.20068,16.27796]}},{"type":"Feature","properties":{"i":0.19},"geometry":{"type":"Point","coordinates":[78.24463,16.27796]}},{"type":"Feature","properties":{"i":0.5},"geometry":{"type":"Point","coordinates":[78.28857,16.27796]}},{"type":"Feature","properties":{"i":0.39},"geometry":{"type":"Point","coordinates":[78.33252,16.27796]}},{"type":"Feature","properties":{"i":0.37},"geometry":{"type":"Point","coordinates":[78.37646,16.27796]}},{"type":"Feature","properties":{"i":0.53},"geometry":{"type":"Point","coordinates":[78.42041,16.27796]}},{"type":"Feature","properties":{"i":0.52},"geometry":{"type":"Point","coordinates":[78.46436,16.27796]}},{"type":"Feature","properties":{"i":0.57},"geometry":{"type":"Point","coordinates":[78.5083,16.27796]}},{"type":"Feature","properties":{"i":0.04},"geometry":{"type":"Point","coordinates":[78.55225,16.27796]}},{"type":"Feature","properties":{"i":0.19},"geometry":{"type":"Point","coordinates":[78.64014,16.27796]}},{"type":"Feature","properties":{"i":0.76},"geometry":{"type":"Point","coordinates":[76.39893,16.23577]}},{"type":"Feature","properties":{"i":0.39},"geometry":{"type":"Point","coordinates":[76.57471,16.23577]}},{"type":"Feature","properties":{"i":0.37},"geometry":{"type":"Point","coordinates":[76.6626,16.23577]}},{"type":"Feature","properties":{"i":0.08},"geometry":{"type":"Point","coordinates":[76.83838,16.23577]}},{"type":"Feature","properties":{"i":0.49},"geometry":{"type":"Point","coordinates":[76.92627,16.23577]}},{"type":"Feature","properties":{"i":0.21},"geometry":{"type":"Point","coordinates":[77.27783,16.23577]}},{"type":"Feature","properties":{"i":0.48},"geometry":{"type":"Point","coordinates":[77.32178,16.23577]}},{"type":"Feature","properties":{"i":1},"geometry":{"type":"Point","coordinates":[77.36572,16.23577]}},{"type":"Feature","properties":{"i":0.44},"geometry":{"type":"Point","coordinates":[77.40967,16.23577]}},{"type":"Feature","properties":{"i":0.46},"geometry":{"type":"Point","coordinates":[77.45361,16.23577]}},{"type":"Feature","properties":{"i":0.13},"geometry":{"type":"Point","coordinates":[77.49756,16.23577]}},{"type":"Feature","properties":{"i":0.12},"geometry":{"type":"Point","coordinates":[77.5415,16.23577]}},{"type":"Feature","properties":{"i":0.16},"geometry":{"type":"Point","coordinates":[77.58545,16.23577]}},{"type":"Feature","properties":{"i":0.15},"geometry":{"type":"Point","coordinates":[77.62939,16.23577]}},{"type":"Feature","properties":{"i":0.42},"geometry":{"type":"Point","coordinates":[77.71729,16.23577]}},{"type":"Feature","properties":{"i":0.3},"geometry":{"type":"Point","coordinates":[77.76123,16.23577]}},{"type":"Feature","properties":{"i":0.92},"geometry":{"type":"Point","coordinates":[77.80518,16.23577]}},{"type":"Feature","properties":{"i":0.42},"geometry":{"type":"Point","coordinates":[77.84912,16.23577]}},{"type":"Feature","properties":{"i":0.08},"geometry":{"type":"Point","coordinates":[77.89307,16.23577]}},{"type":"Feature","properties":{"i":0.15},"geometry":{"type":"Point","coordinates":[77.93701,16.23577]}},{"type":"Feature","properties":{"i":0.35},"geometry":{"type":"Point","coordinates":[77.98096,16.23577]}},{"type":"Feature","properties":{"i":0.3},"geometry":{"type":"Point","coordinates":[78.0249,16.23577]}},{"type":"Feature","properties":{"i":0.26},"geometry":{"type":"Point","coordinates":[78.06885,16.23577]}},{"type":"Feature","properties":{"i":0.29},"geometry":{"type":"Point","coordinates":[78.11279,16.23577]}},{"type":"Feature","properties":{"i":0.07},"geometry":{"type":"Point","coordinates":[78.15674,16.23577]}},{"type":"Feature","properties":{"i":0.13},"geometry":{"type":"Point","coordinates":[78.20068,16.23577]}},{"type":"Feature","properties":{"i":0.17},"geometry":{"type":"Point","coordinates":[78.24463,16.23577]}},{"type":"Feature","properties":{"i":0.58},"geometry":{"type":"Point","coordinates":[78.28857,16.23577]}},{"type":"Feature","properties":{"i":0.31},"geometry":{"type":"Point","coordinates":[78.33252,16.23577]}},{"type":"Feature","properties":{"i":0.33},"geometry":{"type":"Point","coordinates":[78.37646,16.23577]}},{"type":"Feature","properties":{"i":0.27},"geometry":{"type":"Point","coordinates":[78.42041,16.23577]}},{"type":"Feature","properties":{"i":0.14},"geometry":{"type":"Point","coordinates":[78.46436,16.23577]}},{"type":"Feature","properties":{"i":0.18},"geometry":{"type":"Point","coordinates":[78.5083,16.23577]}},{"type":"Feature","properties":{"i":0.42},"geometry":{"type":"Point","coordinates":[76.39893,16.19357]}},{"type":"Feature","properties":{"i":0.13},"geometry":{"type":"Point","coordinates":[76.44287,16.19357]}},{"type":"Feature","properties":{"i":0.16},"geometry":{"type":"Point","coordinates":[76.53076,16.19357]}},{"type":"Feature","properties":{"i":0.48},"geometry":{"type":"Point","coordinates":[76.6626,16.19357]}},{"type":"Feature","properties":{"i":0.08},"geometry":{"type":"Point","coordinates":[76.88232,16.19357]}},{"type":"Feature","properties":{"i":0.11},"geometry":{"type":"Point","coordinates":[76.92627,16.19357]}},{"type":"Feature","properties":{"i":0.03},"geometry":{"type":"Point","coordinates":[76.97021,16.19357]}},{"type":"Feature","properties":{"i":0.33},"geometry":{"type":"Point","coordinates":[77.01416,16.19357]}},{"type":"Feature","properties":{"i":0.24},"geometry":{"type":"Point","coordinates":[77.05811,16.19357]}},{"type":"Feature","properties":{"i":0.44},"geometry":{"type":"Point","coordinates":[77.10205,16.19357]}},{"type":"Feature","properties":{"i":0.23},"geometry":{"type":"Point","coordinates":[77.23389,16.19357]}},{"type":"Feature","properties":{"i":0.33},"geometry":{"type":"Point","coordinates":[77.27783,16.19357]}},{"type":"Feature","properties":{"i":1},"geometry":{"type":"Point","coordinates":[77.32178,16.19357]}},{"type":"Feature","properties":{"i":1},"geometry":{"type":"Point","coordinates":[77.36572,16.19357]}},{"type":"Feature","properties":{"i":0.71},"geometry":{"type":"Point","coordinates":[77.40967,16.19357]}},{"type":"Feature","properties":{"i":0.37},"geometry":{"type":"Point","coordinates":[77.45361,16.19357]}},{"type":"Feature","properties":{"i":0.41},"geometry":{"type":"Point","coordinates":[77.49756,16.19357]}},{"type":"Feature","properties":{"i":0.07},"geometry":{"type":"Point","coordinates":[77.67334,16.19357]}},{"type":"Feature","properties":{"i":0.27},"geometry":{"type":"Point","coordinates":[77.71729,16.19357]}},{"type":"Feature","properties":{"i":0.1},"geometry":{"type":"Point","coordinates":[77.76123,16.19357]}},{"type":"Feature","properties":{"i":0.41},"geometry":{"type":"Point","coordinates":[77.80518,16.19357]}},{"type":"Feature","properties":{"i":0.35},"geometry":{"type":"Point","coordinates":[77.84912,16.19357]}},{"type":"Feature","properties":{"i":0.1},"geometry":{"type":"Point","coordinates":[77.89307,16.19357]}},{"type":"Feature","properties":{"i":0.32},"geometry":{"type":"Point","coordinates":[77.93701,16.19357]}},{"type":"Feature","properties":{"i":0.81},"geometry":{"type":"Point","coordinates":[77.98096,16.19357]}},{"type":"Feature","properties":{"i":0.52},"geometry":{"type":"Point","coordinates":[78.0249,16.19357]}},{"type":"Feature","properties":{"i":0.49},"geometry":{"type":"Point","coordinates":[78.06885,16.19357]}},{"type":"Feature","properties":{"i":0.15},"geometry":{"type":"Point","coordinates":[78.11279,16.19357]}},{"type":"Feature","properties":{"i":0.1},"geometry":{"type":"Point","coordinates":[78.15674,16.19357]}},{"type":"Feature","properties":{"i":0.32},"geometry":{"type":"Point","coordinates":[78.20068,16.19357]}},{"type":"Feature","properties":{"i":0.42},"geometry":{"type":"Point","coordinates":[78.24463,16.19357]}},{"type":"Feature","properties":{"i":0.09},"geometry":{"type":"Point","coordinates":[78.28857,16.19357]}},{"type":"Feature","properties":{"i":0.61},"geometry":{"type":"Point","coordinates":[78.33252,16.19357]}},{"type":"Feature","properties":{"i":0.21},"geometry":{"type":"Point","coordinates":[76.39893,16.15137]}},{"type":"Feature","properties":{"i":0.45},"geometry":{"type":"Point","coordinates":[76.48682,16.15137]}},{"type":"Feature","properties":{"i":0.87},"geometry":{"type":"Point","coordinates":[76.53076,16.15137]}},{"type":"Feature","properties":{"i":0.11},"geometry":{"type":"Point","coordinates":[76.57471,16.15137]}},{"type":"Feature","properties":{"i":0.4},"geometry":{"type":"Point","coordinates":[76.6626,16.15137]}},{"type":"Feature","properties":{"i":0.27},"geometry":{"type":"Point","coordinates":[76.75049,16.15137]}},{"type":"Feature","properties":{"i":0.19},"geometry":{"type":"Point","coordinates":[76.88232,16.15137]}},{"type":"Feature","properties":{"i":0.23},"geometry":{"type":"Point","coordinates":[76.92627,16.15137]}},{"type":"Feature","properties":{"i":0.15},"geometry":{"type":"Point","coordinates":[76.97021,16.15137]}},{"type":"Feature","properties":{"i":0.7},"geometry":{"type":"Point","coordinates":[77.01416,16.15137]}},{"type":"Feature","properties":{"i":0.23},"geometry":{"type":"Point","coordinates":[77.05811,16.15137]}},{"type":"Feature","properties":{"i":0.07},"geometry":{"type":"Point","coordinates":[77.10205,16.15137]}},{"type":"Feature","properties":{"i":0.83},"geometry":{"type":"Point","coordinates":[77.23389,16.15137]}},{"type":"Feature","properties":{"i":0.49},"geometry":{"type":"Point","coordinates":[77.27783,16.15137]}},{"type":"Feature","properties":{"i":0.7},"geometry":{"type":"Point","coordinates":[77.32178,16.15137]}},{"type":"Feature","properties":{"i":0.7},"geometry":{"type":"Point","coordinates":[77.36572,16.15137]}},{"type":"Feature","properties":{"i":0.55},"geometry":{"type":"Point","coordinates":[77.40967,16.15137]}},{"type":"Feature","properties":{"i":0.16},"geometry":{"type":"Point","coordinates":[77.45361,16.15137]}},{"type":"Feature","properties":{"i":0.19},"geometry":{"type":"Point","coordinates":[77.49756,16.15137]}},{"type":"Feature","properties":{"i":0.11},"geometry":{"type":"Point","coordinates":[77.5415,16.15137]}},{"type":"Feature","properties":{"i":0.1},"geometry":{"type":"Point","coordinates":[77.58545,16.15137]}},{"type":"Feature","properties":{"i":0.13},"geometry":{"type":"Point","coordinates":[77.62939,16.15137]}},{"type":"Feature","properties":{"i":0.16},"geometry":{"type":"Point","coordinates":[77.67334,16.15137]}},{"type":"Feature","properties":{"i":0.18},"geometry":{"type":"Point","coordinates":[77.76123,16.15137]}},{"type":"Feature","properties":{"i":0.08},"geometry":{"type":"Point","coordinates":[77.80518,16.15137]}},{"type":"Feature","properties":{"i":0.17},"geometry":{"type":"Point","coordinates":[77.84912,16.15137]}},{"type":"Feature","properties":{"i":0.35},"geometry":{"type":"Point","coordinates":[77.89307,16.15137]}},{"type":"Feature","properties":{"i":0.6},"geometry":{"type":"Point","coordinates":[77.93701,16.15137]}},{"type":"Feature","properties":{"i":0.45},"geometry":{"type":"Point","coordinates":[77.98096,16.15137]}},{"type":"Feature","properties":{"i":0.19},"geometry":{"type":"Point","coordinates":[78.0249,16.15137]}},{"type":"Feature","properties":{"i":0.13},"geometry":{"type":"Point","coordinates":[78.06885,16.15137]}},{"type":"Feature","properties":{"i":0.27},"geometry":{"type":"Point","coordinates":[78.11279,16.15137]}},{"type":"Feature","properties":{"i":0.11},"geometry":{"type":"Point","coordinates":[78.15674,16.15137]}},{"type":"Feature","properties":{"i":0.11},"geometry":{"type":"Point","coordinates":[78.20068,16.15137]}},{"type":"Feature","properties":{"i":0.19},"geometry":{"type":"Point","coordinates":[78.24463,16.15137]}},{"type":"Feature","properties":{"i":0.43},"geometry":{"type":"Point","coordinates":[78.28857,16.15137]}},{"type":"Feature","properties":{"i":0.58},"geometry":{"type":"Point","coordinates":[78.33252,16.15137]}},{"type":"Feature","properties":{"i":0.23},"geometry":{"type":"Point","coordinates":[78.37646,16.15137]}},{"type":"Feature","properties":{"i":0.28},"geometry":{"type":"Point","coordinates":[78.42041,16.15137]}},{"type":"Feature","properties":{"i":0.03},"geometry":{"type":"Point","coordinates":[76.44287,16.10915]}},{"type":"Feature","properties":{"i":0.09},"geometry":{"type":"Point","coordinates":[76.48682,16.10915]}},{"type":"Feature","properties":{"i":0.59},"geometry":{"type":"Point","coordinates":[76.53076,16.10915]}},{"type":"Feature","properties":{"i":0.3},"geometry":{"type":"Point","coordinates":[76.57471,16.10915]}},{"type":"Feature","properties":{"i":0.26},"geometry":{"type":"Point","coordinates":[76.6626,16.10915]}},{"type":"Feature","properties":{"i":0.25},"geometry":{"type":"Point","coordinates":[76.75049,16.10915]}},{"type":"Feature","properties":{"i":0.49},"geometry":{"type":"Point","coordinates":[76.79443,16.10915]}},{"type":"Feature","properties":{"i":0.15},"geometry":{"type":"Point","coordinates":[76.83838,16.10915]}},{"type":"Feature","properties":{"i":0.03},"geometry":{"type":"Point","coordinates":[76.92627,16.10915]}},{"type":"Feature","properties":{"i":0.3},"geometry":{"type":"Point","coordinates":[76.97021,16.10915]}},{"type":"Feature","properties":{"i":0.11},"geometry":{"type":"Point","coordinates":[77.01416,16.10915]}},{"type":"Feature","properties":{"i":0.26},"geometry":{"type":"Point","coordinates":[77.05811,16.10915]}},{"type":"Feature","properties":{"i":0.25},"geometry":{"type":"Point","coordinates":[77.18994,16.10915]}},{"type":"Feature","properties":{"i":0.12},"geometry":{"type":"Point","coordinates":[77.27783,16.10915]}},{"type":"Feature","properties":{"i":0.49},"geometry":{"type":"Point","coordinates":[77.32178,16.10915]}},{"type":"Feature","properties":{"i":0.12},"geometry":{"type":"Point","coordinates":[77.36572,16.10915]}},{"type":"Feature","properties":{"i":0.21},"geometry":{"type":"Point","coordinates":[77.40967,16.10915]}},{"type":"Feature","properties":{"i":0.08},"geometry":{"type":"Point","coordinates":[77.58545,16.10915]}},{"type":"Feature","properties":{"i":0.72},"geometry":{"type":"Point","coordinates":[77.71729,16.10915]}},{"type":"Feature","properties":{"i":0.33},"geometry":{"type":"Point","coordinates":[77.76123,16.10915]}},{"type":"Feature","properties":{"i":0.22},"geometry":{"type":"Point","coordinates":[77.89307,16.10915]}},{"type":"Feature","properties":{"i":0.17},"geometry":{"type":"Point","coordinates":[77.93701,16.10915]}},{"type":"Feature","properties":{"i":0.25},"geometry":{"type":"Point","coordinates":[77.98096,16.10915]}},{"type":"Feature","properties":{"i":0.22},"geometry":{"type":"Point","coordinates":[78.0249,16.10915]}},{"type":"Feature","properties":{"i":0.12},"geometry":{"type":"Point","coordinates":[78.06885,16.10915]}},{"type":"Feature","properties":{"i":0.29},"geometry":{"type":"Point","coordinates":[78.11279,16.10915]}},{"type":"Feature","properties":{"i":0.39},"geometry":{"type":"Point","coordinates":[78.15674,16.10915]}},{"type":"Feature","properties":{"i":0.22},"geometry":{"type":"Point","coordinates":[78.24463,16.10915]}},{"type":"Feature","properties":{"i":0.36},"geometry":{"type":"Point","coordinates":[78.28857,16.10915]}},{"type":"Feature","properties":{"i":0.94},"geometry":{"type":"Point","coordinates":[78.33252,16.10915]}},{"type":"Feature","properties":{"i":0.51},"geometry":{"type":"Point","coordinates":[78.37646,16.10915]}},{"type":"Feature","properties":{"i":0.11},"geometry":{"type":"Point","coordinates":[78.42041,16.10915]}},{"type":"Feature","properties":{"i":0.21},"geometry":{"type":"Point","coordinates":[76.39893,16.06693]}},{"type":"Feature","properties":{"i":0.09},"geometry":{"type":"Point","coordinates":[76.57471,16.06693]}},{"type":"Feature","properties":{"i":0.27},"geometry":{"type":"Point","coordinates":[76.92627,16.06693]}},{"type":"Feature","properties":{"i":0.02},"geometry":{"type":"Point","coordinates":[77.01416,16.06693]}},{"type":"Feature","properties":{"i":0.22},"geometry":{"type":"Point","coordinates":[77.05811,16.06693]}},{"type":"Feature","properties":{"i":0.22},"geometry":{"type":"Point","coordinates":[77.23389,16.06693]}},{"type":"Feature","properties":{"i":0.22},"geometry":{"type":"Point","coordinates":[77.27783,16.06693]}},{"type":"Feature","properties":{"i":0.43},"geometry":{"type":"Point","coordinates":[77.40967,16.06693]}},{"type":"Feature","properties":{"i":0.37},"geometry":{"type":"Point","coordinates":[77.45361,16.06693]}},{"type":"Feature","properties":{"i":0.32},"geometry":{"type":"Point","coordinates":[77.5415,16.06693]}},{"type":"Feature","properties":{"i":0.08},"geometry":{"type":"Point","coordinates":[77.62939,16.06693]}},{"type":"Feature","properties":{"i":0.19},"geometry":{"type":"Point","coordinates":[77.67334,16.06693]}},{"type":"Feature","properties":{"i":0.12},"geometry":{"type":"Point","coordinates":[77.76123,16.06693]}},{"type":"Feature","properties":{"i":0.41},"geometry":{"type":"Point","coordinates":[77.84912,16.06693]}},{"type":"Feature","properties":{"i":0.23},"geometry":{"type":"Point","coordinates":[77.89307,16.06693]}},{"type":"Feature","properties":{"i":0.22},"geometry":{"type":"Point","coordinates":[77.93701,16.06693]}},{"type":"Feature","properties":{"i":0.05},"geometry":{"type":"Point","coordinates":[78.06885,16.06693]}},{"type":"Feature","properties":{"i":0.32},"geometry":{"type":"Point","coordinates":[78.11279,16.06693]}},{"type":"Feature","properties":{"i":0.32},"geometry":{"type":"Point","coordinates":[78.15674,16.06693]}},{"type":"Feature","properties":{"i":0.44},"geometry":{"type":"Point","coordinates":[78.20068,16.06693]}},{"type":"Feature","properties":{"i":0.53},"geometry":{"type":"Point","coordinates":[78.24463,16.06693]}},{"type":"Feature","properties":{"i":0.21},"geometry":{"type":"Point","coordinates":[78.28857,16.06693]}},{"type":"Feature","properties":{"i":0.12},"geometry":{"type":"Point","coordinates":[76.39893,16.0247]}},{"type":"Feature","properties":{"i":0.75},"geometry":{"type":"Point","coordinates":[76.44287,16.0247]}},{"type":"Feature","properties":{"i":0.19},"geometry":{"type":"Point","coordinates":[76.48682,16.0247]}},{"type":"Feature","properties":{"i":0.08},"geometry":{"type":"Point","coordinates":[76.53076,16.0247]}},{"type":"Feature","properties":{"i":0.17},"geometry":{"type":"Point","coordinates":[76.61865,16.0247]}},{"type":"Feature","properties":{"i":0.25},"geometry":{"type":"Point","coordinates":[76.70654,16.0247]}},{"type":"Feature","properties":{"i":0.13},"geometry":{"type":"Point","coordinates":[76.79443,16.0247]}},{"type":"Feature","properties":{"i":0.15},"geometry":{"type":"Point","coordinates":[76.83838,16.0247]}},{"type":"Feature","properties":{"i":0.18},"geometry":{"type":"Point","coordinates":[77.01416,16.0247]}},{"type":"Feature","properties":{"i":0.55},"geometry":{"type":"Point","coordinates":[77.05811,16.0247]}},{"type":"Feature","properties":{"i":0.76},"geometry":{"type":"Point","coordinates":[77.10205,16.0247]}},{"type":"Feature","properties":{"i":0.78},"geometry":{"type":"Point","coordinates":[77.146,16.0247]}},{"type":"Feature","properties":{"i":0.1},"geometry":{"type":"Point","coordinates":[77.23389,16.0247]}},{"type":"Feature","properties":{"i":0.4},"geometry":{"type":"Point","coordinates":[77.27783,16.0247]}},{"type":"Feature","properties":{"i":0.45},"geometry":{"type":"Point","coordinates":[77.32178,16.0247]}},{"type":"Feature","properties":{"i":0.22},"geometry":{"type":"Point","coordinates":[77.36572,16.0247]}},{"type":"Feature","properties":{"i":0.33},"geometry":{"type":"Point","coordinates":[77.40967,16.0247]}},{"type":"Feature","properties":{"i":0.13},"geometry":{"type":"Point","coordinates":[77.45361,16.0247]}},{"type":"Feature","properties":{"i":0.14},"geometry":{"type":"Point","coordinates":[77.62939,16.0247]}},{"type":"Feature","properties":{"i":0.71},"geometry":{"type":"Point","coordinates":[77.67334,16.0247]}},{"type":"Feature","properties":{"i":0.42},"geometry":{"type":"Point","coordinates":[77.71729,16.0247]}},{"type":"Feature","properties":{"i":0.09},"geometry":{"type":"Point","coordinates":[77.76123,16.0247]}},{"type":"Feature","properties":{"i":0.14},"geometry":{"type":"Point","coordinates":[77.84912,16.0247]}},{"type":"Feature","properties":{"i":0.22},"geometry":{"type":"Point","coordinates":[77.93701,16.0247]}},{"type":"Feature","properties":{"i":0.1},"geometry":{"type":"Point","coordinates":[77.98096,16.0247]}},{"type":"Feature","properties":{"i":0.09},"geometry":{"type":"Point","coordinates":[78.11279,16.0247]}},{"type":"Feature","properties":{"i":0.57},"geometry":{"type":"Point","coordinates":[78.15674,16.0247]}},{"type":"Feature","properties":{"i":0.44},"geometry":{"type":"Point","coordinates":[78.20068,16.0247]}},{"type":"Feature","properties":{"i":0.48},"geometry":{"type":"Point","coordinates":[78.33252,16.0247]}},{"type":"Feature","properties":{"i":0.1},"geometry":{"type":"Point","coordinates":[76.39893,15.98245]}},{"type":"Feature","properties":{"i":0.83},"geometry":{"type":"Point","coordinates":[76.44287,15.98245]}},{"type":"Feature","properties":{"i":0.1},"geometry":{"type":"Point","coordinates":[76.48682,15.98245]}},{"type":"Feature","properties":{"i":0.12},"geometry":{"type":"Point","coordinates":[76.53076,15.98245]}},{"type":"Feature","properties":{"i":0.02},"geometry":{"type":"Point","coordinates":[76.57471,15.98245]}},{"type":"Feature","properties":{"i":0.59},"geometry":{"type":"Point","coordinates":[76.6626,15.98245]}},{"type":"Feature","properties":{"i":0.1},"geometry":{"type":"Point","coordinates":[76.70654,15.98245]}},{"type":"Feature","properties":{"i":0.11},"geometry":{"type":"Point","coordinates":[76.79443,15.98245]}},{"type":"Feature","properties":{"i":0.37},"geometry":{"type":"Point","coordinates":[76.88232,15.98245]}},{"type":"Feature","properties":{"i":0.08},"geometry":{"type":"Point","coordinates":[76.97021,15.98245]}},{"type":"Feature","properties":{"i":0.55},"geometry":{"type":"Point","coordinates":[77.01416,15.98245]}},{"type":"Feature","properties":{"i":0.77},"geometry":{"type":"Point","coordinates":[77.05811,15.98245]}},{"type":"Feature","properties":{"i":0.28},"geometry":{"type":"Point","coordinates":[77.10205,15.98245]}},{"type":"Feature","properties":{"i":0.12},"geometry":{"type":"Point","coordinates":[77.146,15.98245]}},{"type":"Feature","properties":{"i":0.09},"geometry":{"type":"Point","coordinates":[77.18994,15.98245]}},{"type":"Feature","properties":{"i":0.1},"geometry":{"type":"Point","coordinates":[77.23389,15.98245]}},{"type":"Feature","properties":{"i":0.25},"geometry":{"type":"Point","coordinates":[77.27783,15.98245]}},{"type":"Feature","properties":{"i":0.19},"geometry":{"type":"Point","coordinates":[77.32178,15.98245]}},{"type":"Feature","properties":{"i":0.3},"geometry":{"type":"Point","coordinates":[77.36572,15.98245]}},{"type":"Feature","properties":{"i":0.25},"geometry":{"type":"Point","coordinates":[77.40967,15.98245]}},{"type":"Feature","properties":{"i":0.27},"geometry":{"type":"Point","coordinates":[77.45361,15.98245]}},{"type":"Feature","properties":{"i":0.41},"geometry":{"type":"Point","coordinates":[77.58545,15.98245]}},{"type":"Feature","properties":{"i":0.14},"geometry":{"type":"Point","coordinates":[77.62939,15.98245]}},{"type":"Feature","properties":{"i":0.46},"geometry":{"type":"Point","coordinates":[77.67334,15.98245]}},{"type":"Feature","properties":{"i":0.15},"geometry":{"type":"Point","coordinates":[77.71729,15.98245]}},{"type":"Feature","properties":{"i":0.12},"geometry":{"type":"Point","coordinates":[77.76123,15.98245]}},{"type":"Feature","properties":{"i":0.25},"geometry":{"type":"Point","coordinates":[77.84912,15.98245]}},{"type":"Feature","properties":{"i":0.19},"geometry":{"type":"Point","coordinates":[77.93701,15.98245]}},{"type":"Feature","properties":{"i":0.42},"geometry":{"type":"Point","coordinates":[77.98096,15.98245]}},{"type":"Feature","properties":{"i":0.29},"geometry":{"type":"Point","coordinates":[78.0249,15.98245]}},{"type":"Feature","properties":{"i":0.11},"geometry":{"type":"Point","coordinates":[78.11279,15.98245]}},{"type":"Feature","properties":{"i":0.28},"geometry":{"type":"Point","coordinates":[78.20068,15.98245]}},{"type":"Feature","properties":{"i":0.22},"geometry":{"type":"Point","coordinates":[78.28857,15.98245]}},{"type":"Feature","properties":{"i":0.15},"geometry":{"type":"Point","coordinates":[78.33252,15.98245]}},{"type":"Feature","properties":{"i":0.02},"geometry":{"type":"Point","coordinates":[76.39893,15.9402]}},{"type":"Feature","properties":{"i":0.13},"geometry":{"type":"Point","coordinates":[76.44287,15.9402]}},{"type":"Feature","properties":{"i":0.19},"geometry":{"type":"Point","coordinates":[76.57471,15.9402]}},{"type":"Feature","properties":{"i":0.16},"geometry":{"type":"Point","coordinates":[76.61865,15.9402]}},{"type":"Feature","properties":{"i":0.64},"geometry":{"type":"Point","coordinates":[76.6626,15.9402]}},{"type":"Feature","properties":{"i":0.14},"geometry":{"type":"Point","coordinates":[76.70654,15.9402]}},{"type":"Feature","properties":{"i":0.33},"geometry":{"type":"Point","coordinates":[76.75049,15.9402]}},{"type":"Feature","properties":{"i":0.17},"geometry":{"type":"Point","coordinates":[76.79443,15.9402]}},{"type":"Feature","properties":{"i":0.18},"geometry":{"type":"Point","coordinates":[76.88232,15.9402]}},{"type":"Feature","properties":{"i":0.18},"geometry":{"type":"Point","coordinates":[76.92627,15.9402]}},{"type":"Feature","properties":{"i":0.4},"geometry":{"type":"Point","coordinates":[76.97021,15.9402]}},{"type":"Feature","properties":{"i":0.22},"geometry":{"type":"Point","coordinates":[77.05811,15.9402]}},{"type":"Feature","properties":{"i":0.1},"geometry":{"type":"Point","coordinates":[77.10205,15.9402]}},{"type":"Feature","properties":{"i":0.25},"geometry":{"type":"Point","coordinates":[77.32178,15.9402]}},{"type":"Feature","properties":{"i":0.22},"geometry":{"type":"Point","coordinates":[77.36572,15.9402]}},{"type":"Feature","properties":{"i":0.84},"geometry":{"type":"Point","coordinates":[77.40967,15.9402]}},{"type":"Feature","properties":{"i":0.82},"geometry":{"type":"Point","coordinates":[77.45361,15.9402]}},{"type":"Feature","properties":{"i":0.13},"geometry":{"type":"Point","coordinates":[77.49756,15.9402]}},{"type":"Feature","properties":{"i":0.25},"geometry":{"type":"Point","coordinates":[77.58545,15.9402]}},{"type":"Feature","properties":{"i":0.36},"geometry":{"type":"Point","coordinates":[77.62939,15.9402]}},{"type":"Feature","properties":{"i":0.27},"geometry":{"type":"Point","coordinates":[77.67334,15.9402]}},{"type":"Feature","properties":{"i":0.08},"geometry":{"type":"Point","coordinates":[77.76123,15.9402]}},{"type":"Feature","properties":{"i":0.4},"geometry":{"type":"Point","coordinates":[77.80518,15.9402]}},{"type":"Feature","properties":{"i":0.53},"geometry":{"type":"Point","coordinates":[77.84912,15.9402]}},{"type":"Feature","properties":{"i":0.23},"geometry":{"type":"Point","coordinates":[77.89307,15.9402]}},{"type":"Feature","properties":{"i":0.44},"geometry":{"type":"Point","coordinates":[77.93701,15.9402]}},{"type":"Feature","properties":{"i":0.04},"geometry":{"type":"Point","coordinates":[77.98096,15.9402]}},{"type":"Feature","properties":{"i":0.42},"geometry":{"type":"Point","coordinates":[78.0249,15.9402]}},{"type":"Feature","properties":{"i":0.19},"geometry":{"type":"Point","coordinates":[78.15674,15.9402]}},{"type":"Feature","properties":{"i":0.19},"geometry":{"type":"Point","coordinates":[78.28857,15.9402]}},{"type":"Feature","properties":{"i":0.19},"geometry":{"type":"Point","coordinates":[78.33252,15.9402]}},{"type":"Feature","properties":{"i":0.16},"geometry":{"type":"Point","coordinates":[78.5083,15.9402]}},{"type":"Feature","properties":{"i":0.29},"geometry":{"type":"Point","coordinates":[78.55225,15.9402]}},{"type":"Feature","properties":{"i":0.33},"geometry":{"type":"Point","coordinates":[76.44287,15.89794]}},{"type":"Feature","properties":{"i":0.1},"geometry":{"type":"Point","coordinates":[76.48682,15.89794]}},{"type":"Feature","properties":{"i":0.03},"geometry":{"type":"Point","coordinates":[76.61865,15.89794]}},{"type":"Feature","properties":{"i":0.19},"geometry":{"type":"Point","coordinates":[76.6626,15.89794]}},{"type":"Feature","properties":{"i":0.35},"geometry":{"type":"Point","coordinates":[76.88232,15.89794]}},{"type":"Feature","properties":{"i":0.09},"geometry":{"type":"Point","coordinates":[76.92627,15.89794]}},{"type":"Feature","properties":{"i":0.07},"geometry":{"type":"Point","coordinates":[76.97021,15.89794]}},{"type":"Feature","properties":{"i":0.14},"geometry":{"type":"Point","coordinates":[77.05811,15.89794]}},{"type":"Feature","properties":{"i":0.25},"geometry":{"type":"Point","coordinates":[77.146,15.89794]}},{"type":"Feature","properties":{"i":0.15},"geometry":{"type":"Point","coordinates":[77.23389,15.89794]}},{"type":"Feature","properties":{"i":0.1},"geometry":{"type":"Point","coordinates":[77.32178,15.89794]}},{"type":"Feature","properties":{"i":0.71},"geometry":{"type":"Point","coordinates":[77.36572,15.89794]}},{"type":"Feature","properties":{"i":0.11},"geometry":{"type":"Point","coordinates":[77.40967,15.89794]}},{"type":"Feature","properties":{"i":0.1},"geometry":{"type":"Point","coordinates":[77.45361,15.89794]}},{"type":"Feature","properties":{"i":0.14},"geometry":{"type":"Point","coordinates":[77.49756,15.89794]}},{"type":"Feature","properties":{"i":0.18},"geometry":{"type":"Point","coordinates":[77.58545,15.89794]}},{"type":"Feature","properties":{"i":0.15},"geometry":{"type":"Point","coordinates":[77.67334,15.89794]}},{"type":"Feature","properties":{"i":0.17},"geometry":{"type":"Point","coordinates":[77.80518,15.89794]}},{"type":"Feature","properties":{"i":0.31},"geometry":{"type":"Point","coordinates":[77.84912,15.89794]}},{"type":"Feature","properties":{"i":0.21},"geometry":{"type":"Point","coordinates":[77.89307,15.89794]}},{"type":"Feature","properties":{"i":0.42},"geometry":{"type":"Point","coordinates":[77.93701,15.89794]}},{"type":"Feature","properties":{"i":0.28},"geometry":{"type":"Point","coordinates":[77.98096,15.89794]}},{"type":"Feature","properties":{"i":0.49},"geometry":{"type":"Point","coordinates":[78.0249,15.89794]}},{"type":"Feature","properties":{"i":0.15},"geometry":{"type":"Point","coordinates":[78.06885,15.89794]}},{"type":"Feature","properties":{"i":0.11},"geometry":{"type":"Point","coordinates":[78.11279,15.89794]}},{"type":"Feature","properties":{"i":0.13},"geometry":{"type":"Point","coordinates":[78.15674,15.89794]}},{"type":"Feature","properties":{"i":0.03},"geometry":{"type":"Point","coordinates":[78.37646,15.89794]}},{"type":"Feature","properties":{"i":0.04},"geometry":{"type":"Point","coordinates":[78.42041,15.89794]}},{"type":"Feature","properties":{"i":0.09},"geometry":{"type":"Point","coordinates":[78.59619,15.89794]}},{"type":"Feature","properties":{"i":0.13},"geometry":{"type":"Point","coordinates":[76.61865,15.85567]}},{"type":"Feature","properties":{"i":0.14},"geometry":{"type":"Point","coordinates":[76.70654,15.85567]}},{"type":"Feature","properties":{"i":0.13},"geometry":{"type":"Point","coordinates":[76.75049,15.85567]}},{"type":"Feature","properties":{"i":0.39},"geometry":{"type":"Point","coordinates":[76.79443,15.85567]}},{"type":"Feature","properties":{"i":0.22},"geometry":{"type":"Point","coordinates":[76.83838,15.85567]}},{"type":"Feature","properties":{"i":0.28},"geometry":{"type":"Point","coordinates":[76.97021,15.85567]}},{"type":"Feature","properties":{"i":0.14},"geometry":{"type":"Point","coordinates":[77.05811,15.85567]}},{"type":"Feature","properties":{"i":0.57},"geometry":{"type":"Point","coordinates":[77.23389,15.85567]}},{"type":"Feature","properties":{"i":0.1},"geometry":{"type":"Point","coordinates":[77.27783,15.85567]}},{"type":"Feature","properties":{"i":0.47},"geometry":{"type":"Point","coordinates":[77.32178,15.85567]}},{"type":"Feature","properties":{"i":0.31},"geometry":{"type":"Point","coordinates":[77.36572,15.85567]}},{"type":"Feature","properties":{"i":0.3},"geometry":{"type":"Point","coordinates":[77.45361,15.85567]}},{"type":"Feature","properties":{"i":0.21},"geometry":{"type":"Point","coordinates":[77.5415,15.85567]}},{"type":"Feature","properties":{"i":0.09},"geometry":{"type":"Point","coordinates":[77.76123,15.85567]}},{"type":"Feature","properties":{"i":0.19},"geometry":{"type":"Point","coordinates":[77.80518,15.85567]}},{"type":"Feature","properties":{"i":0.07},"geometry":{"type":"Point","coordinates":[77.84912,15.85567]}},{"type":"Feature","properties":{"i":0.15},"geometry":{"type":"Point","coordinates":[77.89307,15.85567]}},{"type":"Feature","properties":{"i":0.43},"geometry":{"type":"Point","coordinates":[77.98096,15.85567]}},{"type":"Feature","properties":{"i":0.82},"geometry":{"type":"Point","coordinates":[78.0249,15.85567]}},{"type":"Feature","properties":{"i":0.99},"geometry":{"type":"Point","coordinates":[78.06885,15.85567]}},{"type":"Feature","properties":{"i":0.22},"geometry":{"type":"Point","coordinates":[78.11279,15.85567]}},{"type":"Feature","properties":{"i":0.35},"geometry":{"type":"Point","coordinates":[78.15674,15.85567]}},{"type":"Feature","properties":{"i":0.25},"geometry":{"type":"Point","coordinates":[78.20068,15.85567]}},{"type":"Feature","properties":{"i":0.33},"geometry":{"type":"Point","coordinates":[78.24463,15.85567]}},{"type":"Feature","properties":{"i":0.5},"geometry":{"type":"Point","coordinates":[78.28857,15.85567]}},{"type":"Feature","properties":{"i":0.4},"geometry":{"type":"Point","coordinates":[78.33252,15.85567]}},{"type":"Feature","properties":{"i":0.26},"geometry":{"type":"Point","coordinates":[78.37646,15.85567]}},{"type":"Feature","properties":{"i":0.41},"geometry":{"type":"Point","coordinates":[78.42041,15.85567]}},{"type":"Feature","properties":{"i":0.44},"geometry":{"type":"Point","coordinates":[78.46436,15.85567]}},{"type":"Feature","properties":{"i":0.09},"geometry":{"type":"Point","coordinates":[78.5083,15.85567]}},{"type":"Feature","properties":{"i":0.28},"geometry":{"type":"Point","coordinates":[78.55225,15.85567]}},{"type":"Feature","properties":{"i":0.58},"geometry":{"type":"Point","coordinates":[78.59619,15.85567]}},{"type":"Feature","properties":{"i":0.25},"geometry":{"type":"Point","coordinates":[76.61865,15.8134]}},{"type":"Feature","properties":{"i":0.22},"geometry":{"type":"Point","coordinates":[76.6626,15.8134]}},{"type":"Feature","properties":{"i":0.27},"geometry":{"type":"Point","coordinates":[76.75049,15.8134]}},{"type":"Feature","properties":{"i":0.07},"geometry":{"type":"Point","coordinates":[76.79443,15.8134]}},{"type":"Feature","properties":{"i":0.55},"geometry":{"type":"Point","coordinates":[76.83838,15.8134]}},{"type":"Feature","properties":{"i":0.13},"geometry":{"type":"Point","coordinates":[76.97021,15.8134]}},{"type":"Feature","properties":{"i":0.21},"geometry":{"type":"Point","coordinates":[77.10205,15.8134]}},{"type":"Feature","properties":{"i":0.23},"geometry":{"type":"Point","coordinates":[77.18994,15.8134]}},{"type":"Feature","properties":{"i":0.14},"geometry":{"type":"Point","coordinates":[77.32178,15.8134]}},{"type":"Feature","properties":{"i":0.14},"geometry":{"type":"Point","coordinates":[77.40967,15.8134]}},{"type":"Feature","properties":{"i":0.07},"geometry":{"type":"Point","coordinates":[77.45361,15.8134]}},{"type":"Feature","properties":{"i":0.32},"geometry":{"type":"Point","coordinates":[77.49756,15.8134]}},{"type":"Feature","properties":{"i":0.19},"geometry":{"type":"Point","coordinates":[77.58545,15.8134]}},{"type":"Feature","properties":{"i":0.02},"geometry":{"type":"Point","coordinates":[77.62939,15.8134]}},{"type":"Feature","properties":{"i":0.13},"geometry":{"type":"Point","coordinates":[77.67334,15.8134]}},{"type":"Feature","properties":{"i":0.41},"geometry":{"type":"Point","coordinates":[77.71729,15.8134]}},{"type":"Feature","properties":{"i":0.18},"geometry":{"type":"Point","coordinates":[77.80518,15.8134]}},{"type":"Feature","properties":{"i":0.44},"geometry":{"type":"Point","coordinates":[77.98096,15.8134]}},{"type":"Feature","properties":{"i":0.86},"geometry":{"type":"Point","coordinates":[78.0249,15.8134]}},{"type":"Feature","properties":{"i":0.8},"geometry":{"type":"Point","coordinates":[78.06885,15.8134]}},{"type":"Feature","properties":{"i":0.28},"geometry":{"type":"Point","coordinates":[78.11279,15.8134]}},{"type":"Feature","properties":{"i":0.29},"geometry":{"type":"Point","coordinates":[78.20068,15.8134]}},{"type":"Feature","properties":{"i":0.37},"geometry":{"type":"Point","coordinates":[78.24463,15.8134]}},{"type":"Feature","properties":{"i":0.48},"geometry":{"type":"Point","coordinates":[78.28857,15.8134]}},{"type":"Feature","properties":{"i":0.08},"geometry":{"type":"Point","coordinates":[78.42041,15.8134]}},{"type":"Feature","properties":{"i":0.07},"geometry":{"type":"Point","coordinates":[78.46436,15.8134]}},{"type":"Feature","properties":{"i":0.02},"geometry":{"type":"Point","coordinates":[78.5083,15.8134]}},{"type":"Feature","properties":{"i":0.22},"geometry":{"type":"Point","coordinates":[78.55225,15.8134]}},{"type":"Feature","properties":{"i":0.74},"geometry":{"type":"Point","coordinates":[76.39893,15.77111]}},{"type":"Feature","properties":{"i":0.09},"geometry":{"type":"Point","coordinates":[76.44287,15.77111]}},{"type":"Feature","properties":{"i":0.25},"geometry":{"type":"Point","coordinates":[76.53076,15.77111]}},{"type":"Feature","properties":{"i":0.73},"geometry":{"type":"Point","coordinates":[76.61865,15.77111]}},{"type":"Feature","properties":{"i":0.04},"geometry":{"type":"Point","coordinates":[76.6626,15.77111]}},{"type":"Feature","properties":{"i":0.22},"geometry":{"type":"Point","coordinates":[76.70654,15.77111]}},{"type":"Feature","properties":{"i":0.89},"geometry":{"type":"Point","coordinates":[76.75049,15.77111]}},{"type":"Feature","properties":{"i":0.45},"geometry":{"type":"Point","coordinates":[76.79443,15.77111]}},{"type":"Feature","properties":{"i":0.24},"geometry":{"type":"Point","coordinates":[76.92627,15.77111]}},{"type":"Feature","properties":{"i":0.4},"geometry":{"type":"Point","coordinates":[77.146,15.77111]}},{"type":"Feature","properties":{"i":0.19},"geometry":{"type":"Point","coordinates":[77.18994,15.77111]}},{"type":"Feature","properties":{"i":0.25},"geometry":{"type":"Point","coordinates":[77.32178,15.77111]}},{"type":"Feature","properties":{"i":0.14},"geometry":{"type":"Point","coordinates":[77.40967,15.77111]}},{"type":"Feature","properties":{"i":0.58},"geometry":{"type":"Point","coordinates":[77.45361,15.77111]}},{"type":"Feature","properties":{"i":0.76},"geometry":{"type":"Point","coordinates":[77.49756,15.77111]}},{"type":"Feature","properties":{"i":0.37},"geometry":{"type":"Point","coordinates":[77.5415,15.77111]}},{"type":"Feature","properties":{"i":0.08},"geometry":{"type":"Point","coordinates":[77.58545,15.77111]}},{"type":"Feature","properties":{"i":0.24},"geometry":{"type":"Point","coordinates":[77.67334,15.77111]}},{"type":"Feature","properties":{"i":0.14},"geometry":{"type":"Point","coordinates":[77.93701,15.77111]}},{"type":"Feature","properties":{"i":0.19},"geometry":{"type":"Point","coordinates":[77.98096,15.77111]}},{"type":"Feature","properties":{"i":0.81},"geometry":{"type":"Point","coordinates":[78.0249,15.77111]}},{"type":"Feature","properties":{"i":0.61},"geometry":{"type":"Point","coordinates":[78.06885,15.77111]}},{"type":"Feature","properties":{"i":0.56},"geometry":{"type":"Point","coordinates":[78.11279,15.77111]}},{"type":"Feature","properties":{"i":0.39},"geometry":{"type":"Point","coordinates":[78.15674,15.77111]}},{"type":"Feature","properties":{"i":0.08},"geometry":{"type":"Point","coordinates":[78.20068,15.77111]}},{"type":"Feature","properties":{"i":0.19},"geometry":{"type":"Point","coordinates":[78.24463,15.77111]}},{"type":"Feature","properties":{"i":0.19},"geometry":{"type":"Point","coordinates":[78.28857,15.77111]}},{"type":"Feature","properties":{"i":0.07},"geometry":{"type":"Point","coordinates":[76.39893,15.72881]}},{"type":"Feature","properties":{"i":0.09},"geometry":{"type":"Point","coordinates":[76.48682,15.72881]}},{"type":"Feature","properties":{"i":0.08},"geometry":{"type":"Point","coordinates":[76.53076,15.72881]}},{"type":"Feature","properties":{"i":0.17},"geometry":{"type":"Point","coordinates":[76.61865,15.72881]}},{"type":"Feature","properties":{"i":0.1},"geometry":{"type":"Point","coordinates":[76.70654,15.72881]}},{"type":"Feature","properties":{"i":0.4},"geometry":{"type":"Point","coordinates":[76.75049,15.72881]}},{"type":"Feature","properties":{"i":0.12},"geometry":{"type":"Point","coordinates":[76.79443,15.72881]}},{"type":"Feature","properties":{"i":0.07},"geometry":{"type":"Point","coordinates":[76.83838,15.72881]}},{"type":"Feature","properties":{"i":0.19},"geometry":{"type":"Point","coordinates":[77.10205,15.72881]}},{"type":"Feature","properties":{"i":0.13},"geometry":{"type":"Point","coordinates":[77.146,15.72881]}},{"type":"Feature","properties":{"i":0.07},"geometry":{"type":"Point","coordinates":[77.32178,15.72881]}},{"type":"Feature","properties":{"i":0.17},"geometry":{"type":"Point","coordinates":[77.45361,15.72881]}},{"type":"Feature","properties":{"i":0.25},"geometry":{"type":"Point","coordinates":[77.49756,15.72881]}},{"type":"Feature","properties":{"i":0.17},"geometry":{"type":"Point","coordinates":[77.5415,15.72881]}},{"type":"Feature","properties":{"i":0.44},"geometry":{"type":"Point","coordinates":[77.58545,15.72881]}},{"type":"Feature","properties":{"i":0.19},"geometry":{"type":"Point","coordinates":[77.62939,15.72881]}},{"type":"Feature","properties":{"i":0.27},"geometry":{"type":"Point","coordinates":[77.71729,15.72881]}},{"type":"Feature","properties":{"i":0.34},"geometry":{"type":"Point","coordinates":[77.80518,15.72881]}},{"type":"Feature","properties":{"i":0.14},"geometry":{"type":"Point","coordinates":[77.89307,15.72881]}},{"type":"Feature","properties":{"i":0.33},"geometry":{"type":"Point","coordinates":[77.98096,15.72881]}},{"type":"Feature","properties":{"i":0.49},"geometry":{"type":"Point","coordinates":[78.0249,15.72881]}},{"type":"Feature","properties":{"i":0.75},"geometry":{"type":"Point","coordinates":[78.06885,15.72881]}},{"type":"Feature","properties":{"i":0.47},"geometry":{"type":"Point","coordinates":[78.11279,15.72881]}},{"type":"Feature","properties":{"i":0.21},"geometry":{"type":"Point","coordinates":[78.15674,15.72881]}},{"type":"Feature","properties":{"i":0.16},"geometry":{"type":"Point","coordinates":[78.20068,15.72881]}},{"type":"Feature","properties":{"i":0.15},"geometry":{"type":"Point","coordinates":[78.46436,15.72881]}},{"type":"Feature","properties":{"i":0.03},"geometry":{"type":"Point","coordinates":[78.5083,15.72881]}},{"type":"Feature","properties":{"i":0.32},"geometry":{"type":"Point","coordinates":[78.55225,15.72881]}},{"type":"Feature","properties":{"i":0.23},"geometry":{"type":"Point","coordinates":[78.59619,15.72881]}},{"type":"Feature","properties":{"i":0.36},"geometry":{"type":"Point","coordinates":[76.6626,15.68651]}},{"type":"Feature","properties":{"i":0.34},"geometry":{"type":"Point","coordinates":[76.70654,15.68651]}},{"type":"Feature","properties":{"i":0.17},"geometry":{"type":"Point","coordinates":[76.75049,15.68651]}},{"type":"Feature","properties":{"i":0.11},"geometry":{"type":"Point","coordinates":[76.79443,15.68651]}},{"type":"Feature","properties":{"i":0.25},"geometry":{"type":"Point","coordinates":[76.88232,15.68651]}},{"type":"Feature","properties":{"i":0.1},"geometry":{"type":"Point","coordinates":[76.92627,15.68651]}},{"type":"Feature","properties":{"i":0.34},"geometry":{"type":"Point","coordinates":[77.05811,15.68651]}},{"type":"Feature","properties":{"i":0.08},"geometry":{"type":"Point","coordinates":[77.27783,15.68651]}},{"type":"Feature","properties":{"i":0.23},"geometry":{"type":"Point","coordinates":[77.40967,15.68651]}},{"type":"Feature","properties":{"i":0.13},"geometry":{"type":"Point","coordinates":[77.45361,15.68651]}},{"type":"Feature","properties":{"i":0.11},"geometry":{"type":"Point","coordinates":[77.49756,15.68651]}},{"type":"Feature","properties":{"i":0.09},"geometry":{"type":"Point","coordinates":[77.58545,15.68651]}},{"type":"Feature","properties":{"i":0.18},"geometry":{"type":"Point","coordinates":[77.62939,15.68651]}},{"type":"Feature","properties":{"i":0.43},"geometry":{"type":"Point","coordinates":[77.76123,15.68651]}},{"type":"Feature","properties":{"i":0.14},"geometry":{"type":"Point","coordinates":[77.80518,15.68651]}},{"type":"Feature","properties":{"i":0.26},"geometry":{"type":"Point","coordinates":[77.84912,15.68651]}},{"type":"Feature","properties":{"i":0.18},"geometry":{"type":"Point","coordinates":[77.89307,15.68651]}},{"type":"Feature","properties":{"i":0.39},"geometry":{"type":"Point","coordinates":[77.98096,15.68651]}},{"type":"Feature","properties":{"i":0.19},"geometry":{"type":"Point","coordinates":[78.0249,15.68651]}},{"type":"Feature","properties":{"i":0.17},"geometry":{"type":"Point","coordinates":[78.06885,15.68651]}},{"type":"Feature","properties":{"i":0.33},"geometry":{"type":"Point","coordinates":[78.11279,15.68651]}},{"type":"Feature","properties":{"i":0.31},"geometry":{"type":"Point","coordinates":[78.15674,15.68651]}},{"type":"Feature","properties":{"i":0.71},"geometry":{"type":"Point","coordinates":[78.20068,15.68651]}},{"type":"Feature","properties":{"i":0.27},"geometry":{"type":"Point","coordinates":[78.24463,15.68651]}},{"type":"Feature","properties":{"i":0.08},"geometry":{"type":"Point","coordinates":[78.28857,15.68651]}},{"type":"Feature","properties":{"i":0.15},"geometry":{"type":"Point","coordinates":[78.42041,15.68651]}},{"type":"Feature","properties":{"i":0.81},"geometry":{"type":"Point","coordinates":[78.46436,15.68651]}},{"type":"Feature","properties":{"i":0.26},"geometry":{"type":"Point","coordinates":[78.5083,15.68651]}},{"type":"Feature","properties":{"i":0.17},"geometry":{"type":"Point","coordinates":[78.55225,15.68651]}},{"type":"Feature","properties":{"i":0.03},"geometry":{"type":"Point","coordinates":[76.44287,15.6442]}},{"type":"Feature","properties":{"i":0.02},"geometry":{"type":"Point","coordinates":[76.48682,15.6442]}},{"type":"Feature","properties":{"i":0.52},"geometry":{"type":"Point","coordinates":[76.53076,15.6442]}},{"type":"Feature","properties":{"i":0.02},"geometry":{"type":"Point","coordinates":[76.61865,15.6442]}},{"type":"Feature","properties":{"i":0.1},"geometry":{"type":"Point","coordinates":[76.6626,15.6442]}},{"type":"Feature","properties":{"i":0.11},"geometry":{"type":"Point","coordinates":[76.70654,15.6442]}},{"type":"Feature","properties":{"i":0.76},"geometry":{"type":"Point","coordinates":[76.79443,15.6442]}},{"type":"Feature","properties":{"i":0.96},"geometry":{"type":"Point","coordinates":[76.88232,15.6442]}},{"type":"Feature","properties":{"i":0.44},"geometry":{"type":"Point","coordinates":[76.92627,15.6442]}},{"type":"Feature","properties":{"i":0.1},"geometry":{"type":"Point","coordinates":[76.97021,15.6442]}},{"type":"Feature","properties":{"i":0.08},"geometry":{"type":"Point","coordinates":[77.05811,15.6442]}},{"type":"Feature","properties":{"i":0.13},"geometry":{"type":"Point","coordinates":[77.10205,15.6442]}},{"type":"Feature","properties":{"i":0.27},"geometry":{"type":"Point","coordinates":[77.23389,15.6442]}},{"type":"Feature","properties":{"i":0.6},"geometry":{"type":"Point","coordinates":[77.27783,15.6442]}},{"type":"Feature","properties":{"i":0.48},"geometry":{"type":"Point","coordinates":[77.32178,15.6442]}},{"type":"Feature","properties":{"i":0.28},"geometry":{"type":"Point","coordinates":[77.36572,15.6442]}},{"type":"Feature","properties":{"i":0.08},"geometry":{"type":"Point","coordinates":[77.49756,15.6442]}},{"type":"Feature","properties":{"i":0.27},"geometry":{"type":"Point","coordinates":[77.5415,15.6442]}},{"type":"Feature","properties":{"i":0.18},"geometry":{"type":"Point","coordinates":[77.76123,15.6442]}},{"type":"Feature","properties":{"i":0.1},"geometry":{"type":"Point","coordinates":[77.80518,15.6442]}},{"type":"Feature","properties":{"i":0.25},"geometry":{"type":"Point","coordinates":[77.89307,15.6442]}},{"type":"Feature","properties":{"i":0.12},"geometry":{"type":"Point","coordinates":[77.93701,15.6442]}},{"type":"Feature","properties":{"i":0.74},"geometry":{"type":"Point","coordinates":[77.98096,15.6442]}},{"type":"Feature","properties":{"i":0.55},"geometry":{"type":"Point","coordinates":[78.11279,15.6442]}},{"type":"Feature","properties":{"i":0.91},"geometry":{"type":"Point","coordinates":[78.15674,15.6442]}},{"type":"Feature","properties":{"i":0.38},"geometry":{"type":"Point","coordinates":[78.20068,15.6442]}},{"type":"Feature","properties":{"i":0.75},"geometry":{"type":"Point","coordinates":[78.24463,15.6442]}},{"type":"Feature","properties":{"i":0.22},"geometry":{"type":"Point","coordinates":[78.28857,15.6442]}},{"type":"Feature","properties":{"i":0.14},"geometry":{"type":"Point","coordinates":[78.46436,15.6442]}},{"type":"Feature","properties":{"i":0.19},"geometry":{"type":"Point","coordinates":[78.5083,15.6442]}},{"type":"Feature","properties":{"i":0.1},"geometry":{"type":"Point","coordinates":[78.55225,15.6442]}},{"type":"Feature","properties":{"i":0.26},"geometry":{"type":"Point","coordinates":[78.59619,15.6442]}},{"type":"Feature","properties":{"i":0.04},"geometry":{"type":"Point","coordinates":[76.39893,15.60187]}},{"type":"Feature","properties":{"i":0.17},"geometry":{"type":"Point","coordinates":[76.44287,15.60187]}},{"type":"Feature","properties":{"i":0.17},"geometry":{"type":"Point","coordinates":[76.61865,15.60187]}},{"type":"Feature","properties":{"i":0.45},"geometry":{"type":"Point","coordinates":[76.6626,15.60187]}},{"type":"Feature","properties":{"i":0.28},"geometry":{"type":"Point","coordinates":[76.70654,15.60187]}},{"type":"Feature","properties":{"i":0.22},"geometry":{"type":"Point","coordinates":[76.83838,15.60187]}},{"type":"Feature","properties":{"i":0.51},"geometry":{"type":"Point","coordinates":[76.88232,15.60187]}},{"type":"Feature","properties":{"i":0.24},"geometry":{"type":"Point","coordinates":[76.92627,15.60187]}},{"type":"Feature","properties":{"i":0.14},"geometry":{"type":"Point","coordinates":[76.97021,15.60187]}},{"type":"Feature","properties":{"i":0.16},"geometry":{"type":"Point","coordinates":[77.23389,15.60187]}},{"type":"Feature","properties":{"i":0.74},"geometry":{"type":"Point","coordinates":[77.27783,15.60187]}},{"type":"Feature","properties":{"i":0.53},"geometry":{"type":"Point","coordinates":[77.32178,15.60187]}},{"type":"Feature","properties":{"i":0.07},"geometry":{"type":"Point","coordinates":[77.36572,15.60187]}},{"type":"Feature","properties":{"i":0.08},"geometry":{"type":"Point","coordinates":[77.84912,15.60187]}},{"type":"Feature","properties":{"i":0.28},"geometry":{"type":"Point","coordinates":[77.93701,15.60187]}},{"type":"Feature","properties":{"i":0.08},"geometry":{"type":"Point","coordinates":[77.98096,15.60187]}},{"type":"Feature","properties":{"i":0.34},"geometry":{"type":"Point","coordinates":[78.15674,15.60187]}},{"type":"Feature","properties":{"i":0.58},"geometry":{"type":"Point","coordinates":[78.20068,15.60187]}},{"type":"Feature","properties":{"i":0.67},"geometry":{"type":"Point","coordinates":[78.24463,15.60187]}},{"type":"Feature","properties":{"i":0.3},"geometry":{"type":"Point","coordinates":[78.28857,15.60187]}},{"type":"Feature","properties":{"i":0.36},"geometry":{"type":"Point","coordinates":[78.37646,15.60187]}},{"type":"Feature","properties":{"i":0.12},"geometry":{"type":"Point","coordinates":[78.46436,15.60187]}},{"type":"Feature","properties":{"i":0.51},"geometry":{"type":"Point","coordinates":[76.39893,15.55954]}},{"type":"Feature","properties":{"i":0.45},"geometry":{"type":"Point","coordinates":[76.44287,15.55954]}},{"type":"Feature","properties":{"i":0.19},"geometry":{"type":"Point","coordinates":[76.48682,15.55954]}},{"type":"Feature","properties":{"i":0.11},"geometry":{"type":"Point","coordinates":[76.53076,15.55954]}},{"type":"Feature","properties":{"i":0.09},"geometry":{"type":"Point","coordinates":[76.57471,15.55954]}},{"type":"Feature","properties":{"i":0.33},"geometry":{"type":"Point","coordinates":[76.61865,15.55954]}},{"type":"Feature","properties":{"i":0.19},"geometry":{"type":"Point","coordinates":[76.6626,15.55954]}},{"type":"Feature","properties":{"i":0.15},"geometry":{"type":"Point","coordinates":[76.70654,15.55954]}},{"type":"Feature","properties":{"i":0.21},"geometry":{"type":"Point","coordinates":[76.83838,15.55954]}},{"type":"Feature","properties":{"i":0.12},"geometry":{"type":"Point","coordinates":[76.88232,15.55954]}},{"type":"Feature","properties":{"i":0.27},"geometry":{"type":"Point","coordinates":[77.146,15.55954]}},{"type":"Feature","properties":{"i":0.08},"geometry":{"type":"Point","coordinates":[77.45361,15.55954]}},{"type":"Feature","properties":{"i":0.19},"geometry":{"type":"Point","coordinates":[77.5415,15.55954]}},{"type":"Feature","properties":{"i":0.18},"geometry":{"type":"Point","coordinates":[77.84912,15.55954]}},{"type":"Feature","properties":{"i":0.51},"geometry":{"type":"Point","coordinates":[77.93701,15.55954]}},{"type":"Feature","properties":{"i":0.3},"geometry":{"type":"Point","coordinates":[78.20068,15.55954]}},{"type":"Feature","properties":{"i":0.18},"geometry":{"type":"Point","coordinates":[78.24463,15.55954]}},{"type":"Feature","properties":{"i":0.12},"geometry":{"type":"Point","coordinates":[78.28857,15.55954]}},{"type":"Feature","properties":{"i":0.1},"geometry":{"type":"Point","coordinates":[78.42041,15.55954]}},{"type":"Feature","properties":{"i":0.23},"geometry":{"type":"Point","coordinates":[78.5083,15.55954]}},{"type":"Feature","properties":{"i":0.28},"geometry":{"type":"Point","coordinates":[78.55225,15.55954]}},{"type":"Feature","properties":{"i":0.28},"geometry":{"type":"Point","coordinates":[76.44287,15.51721]}},{"type":"Feature","properties":{"i":0.22},"geometry":{"type":"Point","coordinates":[76.48682,15.51721]}},{"type":"Feature","properties":{"i":0.31},"geometry":{"type":"Point","coordinates":[76.53076,15.51721]}},{"type":"Feature","properties":{"i":0.32},"geometry":{"type":"Point","coordinates":[76.57471,15.51721]}},{"type":"Feature","properties":{"i":0.61},"geometry":{"type":"Point","coordinates":[76.61865,15.51721]}},{"type":"Feature","properties":{"i":0.64},"geometry":{"type":"Point","coordinates":[76.6626,15.51721]}},{"type":"Feature","properties":{"i":0.07},"geometry":{"type":"Point","coordinates":[76.70654,15.51721]}},{"type":"Feature","properties":{"i":0.07},"geometry":{"type":"Point","coordinates":[76.75049,15.51721]}},{"type":"Feature","properties":{"i":0.04},"geometry":{"type":"Point","coordinates":[76.79443,15.51721]}},{"type":"Feature","properties":{"i":0.6},"geometry":{"type":"Point","coordinates":[76.88232,15.51721]}},{"type":"Feature","properties":{"i":0.1},"geometry":{"type":"Point","coordinates":[76.92627,15.51721]}},{"type":"Feature","properties":{"i":0.25},"geometry":{"type":"Point","coordinates":[76.97021,15.51721]}},{"type":"Feature","properties":{"i":0.15},"geometry":{"type":"Point","coordinates":[77.36572,15.51721]}},{"type":"Feature","properties":{"i":0.42},"geometry":{"type":"Point","coordinates":[77.5415,15.51721]}},{"type":"Feature","properties":{"i":0.27},"geometry":{"type":"Point","coordinates":[77.93701,15.51721]}},{"type":"Feature","properties":{"i":0.44},"geometry":{"type":"Point","coordinates":[78.20068,15.51721]}},{"type":"Feature","properties":{"i":0.41},"geometry":{"type":"Point","coordinates":[78.33252,15.51721]}},{"type":"Feature","properties":{"i":0.35},"geometry":{"type":"Point","coordinates":[78.37646,15.51721]}},{"type":"Feature","properties":{"i":0.19},"geometry":{"type":"Point","coordinates":[78.42041,15.51721]}},{"type":"Feature","properties":{"i":0.37},"geometry":{"type":"Point","coordinates":[78.46436,15.51721]}},{"type":"Feature","properties":{"i":0.39},"geometry":{"type":"Point","coordinates":[78.5083,15.51721]}},{"type":"Feature","properties":{"i":0.44},"geometry":{"type":"Point","coordinates":[76.44287,15.47486]}},{"type":"Feature","properties":{"i":0.3},"geometry":{"type":"Point","coordinates":[76.48682,15.47486]}},{"type":"Feature","properties":{"i":0.46},"geometry":{"type":"Point","coordinates":[76.53076,15.47486]}},{"type":"Feature","properties":{"i":0.37},"geometry":{"type":"Point","coordinates":[76.57471,15.47486]}},{"type":"Feature","properties":{"i":0.09},"geometry":{"type":"Point","coordinates":[76.61865,15.47486]}},{"type":"Feature","properties":{"i":0.27},"geometry":{"type":"Point","coordinates":[76.6626,15.47486]}},{"type":"Feature","properties":{"i":0.08},"geometry":{"type":"Point","coordinates":[76.79443,15.47486]}},{"type":"Feature","properties":{"i":0.09},"geometry":{"type":"Point","coordinates":[76.97021,15.47486]}},{"type":"Feature","properties":{"i":0.36},"geometry":{"type":"Point","coordinates":[77.05811,15.47486]}},{"type":"Feature","properties":{"i":0.33},"geometry":{"type":"Point","coordinates":[77.146,15.47486]}},{"type":"Feature","properties":{"i":0.15},"geometry":{"type":"Point","coordinates":[77.40967,15.47486]}},{"type":"Feature","properties":{"i":0.31},"geometry":{"type":"Point","coordinates":[77.45361,15.47486]}},{"type":"Feature","properties":{"i":0.25},"geometry":{"type":"Point","coordinates":[77.89307,15.47486]}},{"type":"Feature","properties":{"i":0.22},"geometry":{"type":"Point","coordinates":[78.11279,15.47486]}},{"type":"Feature","properties":{"i":0.45},"geometry":{"type":"Point","coordinates":[78.15674,15.47486]}},{"type":"Feature","properties":{"i":0.15},"geometry":{"type":"Point","coordinates":[78.20068,15.47486]}},{"type":"Feature","properties":{"i":0.47},"geometry":{"type":"Point","coordinates":[78.24463,15.47486]}},{"type":"Feature","properties":{"i":0.26},"geometry":{"type":"Point","coordinates":[78.37646,15.47486]}},{"type":"Feature","properties":{"i":0.49},"geometry":{"type":"Point","coordinates":[78.42041,15.47486]}},{"type":"Feature","properties":{"i":0.72},"geometry":{"type":"Point","coordinates":[78.46436,15.47486]}},{"type":"Feature","properties":{"i":0.84},"geometry":{"type":"Point","coordinates":[78.5083,15.47486]}},{"type":"Feature","properties":{"i":0.28},"geometry":{"type":"Point","coordinates":[78.55225,15.47486]}},{"type":"Feature","properties":{"i":0.12},"geometry":{"type":"Point","coordinates":[78.59619,15.47486]}},{"type":"Feature","properties":{"i":0.1},"geometry":{"type":"Point","coordinates":[78.81592,16.61514]}},{"type":"Feature","properties":{"i":0.13},"geometry":{"type":"Point","coordinates":[78.90381,16.61514]}},{"type":"Feature","properties":{"i":0.05},"geometry":{"type":"Point","coordinates":[78.94775,16.61514]}},{"type":"Feature","properties":{"i":0.28},"geometry":{"type":"Point","coordinates":[79.12354,16.61514]}},{"type":"Feature","properties":{"i":0.04},"geometry":{"type":"Point","coordinates":[79.25537,16.61514]}},{"type":"Feature","properties":{"i":0.49},"geometry":{"type":"Point","coordinates":[79.29932,16.61514]}},{"type":"Feature","properties":{"i":0.17},"geometry":{"type":"Point","coordinates":[79.34326,16.61514]}},{"type":"Feature","properties":{"i":0.11},"geometry":{"type":"Point","coordinates":[79.43115,16.61514]}},{"type":"Feature","properties":{"i":0.35},"geometry":{"type":"Point","coordinates":[79.4751,16.61514]}},{"type":"Feature","properties":{"i":0.68},"geometry":{"type":"Point","coordinates":[79.51904,16.61514]}},{"type":"Feature","properties":{"i":0.09},"geometry":{"type":"Point","coordinates":[79.56299,16.61514]}},{"type":"Feature","properties":{"i":0.16},"geometry":{"type":"Point","coordinates":[79.60693,16.61514]}},{"type":"Feature","properties":{"i":0.15},"geometry":{"type":"Point","coordinates":[79.65088,16.61514]}},{"type":"Feature","properties":{"i":0.56},"geometry":{"type":"Point","coordinates":[79.69482,16.61514]}},{"type":"Feature","properties":{"i":0.58},"geometry":{"type":"Point","coordinates":[79.73877,16.61514]}},{"type":"Feature","properties":{"i":0.26},"geometry":{"type":"Point","coordinates":[79.78271,16.61514]}},{"type":"Feature","properties":{"i":0.07},"geometry":{"type":"Point","coordinates":[80.13428,16.61514]}},{"type":"Feature","properties":{"i":0.47},"geometry":{"type":"Point","coordinates":[78.77197,16.57302]}},{"type":"Feature","properties":{"i":0.07},"geometry":{"type":"Point","coordinates":[78.81592,16.57302]}},{"type":"Feature","properties":{"i":0.08},"geometry":{"type":"Point","coordinates":[78.85986,16.57302]}},{"type":"Feature","properties":{"i":0.14},"geometry":{"type":"Point","coordinates":[78.90381,16.57302]}},{"type":"Feature","properties":{"i":0.11},"geometry":{"type":"Point","coordinates":[79.03564,16.57302]}},{"type":"Feature","properties":{"i":0.36},"geometry":{"type":"Point","coordinates":[79.07959,16.57302]}},{"type":"Feature","properties":{"i":0.36},"geometry":{"type":"Point","coordinates":[79.29932,16.57302]}},{"type":"Feature","properties":{"i":0.58},"geometry":{"type":"Point","coordinates":[79.34326,16.57302]}},{"type":"Feature","properties":{"i":0.44},"geometry":{"type":"Point","coordinates":[79.65088,16.57302]}},{"type":"Feature","properties":{"i":0.23},"geometry":{"type":"Point","coordinates":[79.69482,16.57302]}},{"type":"Feature","properties":{"i":0.78},"geometry":{"type":"Point","coordinates":[79.73877,16.57302]}},{"type":"Feature","properties":{"i":0.44},"geometry":{"type":"Point","coordinates":[79.78271,16.57302]}},{"type":"Feature","properties":{"i":0.12},"geometry":{"type":"Point","coordinates":[79.82666,16.57302]}},{"type":"Feature","properties":{"i":0.24},"geometry":{"type":"Point","coordinates":[79.87061,16.57302]}},{"type":"Feature","properties":{"i":0.57},"geometry":{"type":"Point","coordinates":[79.91455,16.57302]}},{"type":"Feature","properties":{"i":0.19},"geometry":{"type":"Point","coordinates":[80.09033,16.57302]}},{"type":"Feature","properties":{"i":0.08},"geometry":{"type":"Point","coordinates":[80.13428,16.57302]}},{"type":"Feature","properties":{"i":0.18},"geometry":{"type":"Point","coordinates":[80.17822,16.57302]}},{"type":"Feature","properties":{"i":0.07},"geometry":{"type":"Point","coordinates":[80.22217,16.57302]}},{"type":"Feature","properties":{"i":0.07},"geometry":{"type":"Point","coordinates":[80.26611,16.57302]}},{"type":"Feature","properties":{"i":0.48},"geometry":{"type":"Point","coordinates":[80.354,16.57302]}},{"type":"Feature","properties":{"i":0.14},"geometry":{"type":"Point","coordinates":[78.90381,16.5309]}},{"type":"Feature","properties":{"i":0.22},"geometry":{"type":"Point","coordinates":[78.94775,16.5309]}},{"type":"Feature","properties":{"i":0.33},"geometry":{"type":"Point","coordinates":[79.38721,16.5309]}},{"type":"Feature","properties":{"i":0.27},"geometry":{"type":"Point","coordinates":[79.51904,16.5309]}},{"type":"Feature","properties":{"i":0.17},"geometry":{"type":"Point","coordinates":[79.56299,16.5309]}},{"type":"Feature","properties":{"i":0.15},"geometry":{"type":"Point","coordinates":[79.65088,16.5309]}},{"type":"Feature","properties":{"i":0.14},"geometry":{"type":"Point","coordinates":[79.69482,16.5309]}},{"type":"Feature","properties":{"i":0.81},"geometry":{"type":"Point","coordinates":[79.73877,16.5309]}},{"type":"Feature","properties":{"i":0.84},"geometry":{"type":"Point","coordinates":[79.78271,16.5309]}},{"type":"Feature","properties":{"i":0.36},"geometry":{"type":"Point","coordinates":[79.82666,16.5309]}},{"type":"Feature","properties":{"i":0.32},"geometry":{"type":"Point","coordinates":[79.91455,16.5309]}},{"type":"Feature","properties":{"i":0.19},"geometry":{"type":"Point","coordinates":[79.9585,16.5309]}},{"type":"Feature","properties":{"i":0.18},"geometry":{"type":"Point","coordinates":[80.00244,16.5309]}},{"type":"Feature","properties":{"i":0.21},"geometry":{"type":"Point","coordinates":[80.04639,16.5309]}},{"type":"Feature","properties":{"i":0.28},"geometry":{"type":"Point","coordinates":[80.09033,16.5309]}},{"type":"Feature","properties":{"i":0.27},"geometry":{"type":"Point","coordinates":[80.13428,16.5309]}},{"type":"Feature","properties":{"i":0.21},"geometry":{"type":"Point","coordinates":[80.17822,16.5309]}},{"type":"Feature","properties":{"i":0.09},"geometry":{"type":"Point","coordinates":[80.22217,16.5309]}},{"type":"Feature","properties":{"i":0.12},"geometry":{"type":"Point","coordinates":[80.31006,16.5309]}},{"type":"Feature","properties":{"i":0.07},"geometry":{"type":"Point","coordinates":[80.354,16.5309]}},{"type":"Feature","properties":{"i":0.33},"geometry":{"type":"Point","coordinates":[78.90381,16.48876]}},{"type":"Feature","properties":{"i":0.42},"geometry":{"type":"Point","coordinates":[79.38721,16.48876]}},{"type":"Feature","properties":{"i":0.45},"geometry":{"type":"Point","coordinates":[79.43115,16.48876]}},{"type":"Feature","properties":{"i":0.23},"geometry":{"type":"Point","coordinates":[79.4751,16.48876]}},{"type":"Feature","properties":{"i":0.28},"geometry":{"type":"Point","coordinates":[79.56299,16.48876]}},{"type":"Feature","properties":{"i":0.12},"geometry":{"type":"Point","coordinates":[79.65088,16.48876]}},{"type":"Feature","properties":{"i":0.09},"geometry":{"type":"Point","coordinates":[79.69482,16.48876]}},{"type":"Feature","properties":{"i":0.12},"geometry":{"type":"Point","coordinates":[79.73877,16.48876]}},{"type":"Feature","properties":{"i":0.27},"geometry":{"type":"Point","coordinates":[79.78271,16.48876]}},{"type":"Feature","properties":{"i":0.42},"geometry":{"type":"Point","coordinates":[79.82666,16.48876]}},{"type":"Feature","properties":{"i":0.7},"geometry":{"type":"Point","coordinates":[79.87061,16.48876]}},{"type":"Feature","properties":{"i":0.78},"geometry":{"type":"Point","coordinates":[79.91455,16.48876]}},{"type":"Feature","properties":{"i":0.08},"geometry":{"type":"Point","coordinates":[79.9585,16.48876]}},{"type":"Feature","properties":{"i":0.27},"geometry":{"type":"Point","coordinates":[80.00244,16.48876]}},{"type":"Feature","properties":{"i":0.18},"geometry":{"type":"Point","coordinates":[80.04639,16.48876]}},{"type":"Feature","properties":{"i":0.18},"geometry":{"type":"Point","coordinates":[80.09033,16.48876]}},{"type":"Feature","properties":{"i":0.12},"geometry":{"type":"Point","coordinates":[80.13428,16.48876]}},{"type":"Feature","properties":{"i":0.19},"geometry":{"type":"Point","coordinates":[80.22217,16.48876]}},{"type":"Feature","properties":{"i":0.16},"geometry":{"type":"Point","coordinates":[80.31006,16.48876]}},{"type":"Feature","properties":{"i":0.09},"geometry":{"type":"Point","coordinates":[80.354,16.48876]}},{"type":"Feature","properties":{"i":0.45},"geometry":{"type":"Point","coordinates":[78.77197,16.44662]}},{"type":"Feature","properties":{"i":0.34},"geometry":{"type":"Point","coordinates":[78.85986,16.44662]}},{"type":"Feature","properties":{"i":0.22},"geometry":{"type":"Point","coordinates":[78.90381,16.44662]}},{"type":"Feature","properties":{"i":0.64},"geometry":{"type":"Point","coordinates":[79.43115,16.44662]}},{"type":"Feature","properties":{"i":0.47},"geometry":{"type":"Point","coordinates":[79.4751,16.44662]}},{"type":"Feature","properties":{"i":0.45},"geometry":{"type":"Point","coordinates":[79.69482,16.44662]}},{"type":"Feature","properties":{"i":0.35},"geometry":{"type":"Point","coordinates":[79.73877,16.44662]}},{"type":"Feature","properties":{"i":0.33},"geometry":{"type":"Point","coordinates":[79.78271,16.44662]}},{"type":"Feature","properties":{"i":0.12},"geometry":{"type":"Point","coordinates":[79.82666,16.44662]}},{"type":"Feature","properties":{"i":0.63},"geometry":{"type":"Point","coordinates":[79.87061,16.44662]}},{"type":"Feature","properties":{"i":0.82},"geometry":{"type":"Point","coordinates":[79.91455,16.44662]}},{"type":"Feature","properties":{"i":0.25},"geometry":{"type":"Point","coordinates":[79.9585,16.44662]}},{"type":"Feature","properties":{"i":0.18},"geometry":{"type":"Point","coordinates":[80.00244,16.44662]}},{"type":"Feature","properties":{"i":0.24},"geometry":{"type":"Point","coordinates":[80.04639,16.44662]}},{"type":"Feature","properties":{"i":0.26},"geometry":{"type":"Point","coordinates":[80.09033,16.44662]}},{"type":"Feature","properties":{"i":0.21},"geometry":{"type":"Point","coordinates":[80.13428,16.44662]}},{"type":"Feature","properties":{"i":0.02},"geometry":{"type":"Point","coordinates":[80.22217,16.44662]}},{"type":"Feature","properties":{"i":0.4},"geometry":{"type":"Point","coordinates":[80.26611,16.44662]}},{"type":"Feature","properties":{"i":0.28},"geometry":{"type":"Point","coordinates":[80.354,16.44662]}},{"type":"Feature","properties":{"i":0.39},"geometry":{"type":"Point","coordinates":[78.81592,16.40447]}},{"type":"Feature","properties":{"i":0.18},"geometry":{"type":"Point","coordinates":[78.85986,16.40447]}},{"type":"Feature","properties":{"i":0.19},"geometry":{"type":"Point","coordinates":[78.90381,16.40447]}},{"type":"Feature","properties":{"i":0.13},"geometry":{"type":"Point","coordinates":[78.94775,16.40447]}},{"type":"Feature","properties":{"i":0.16},"geometry":{"type":"Point","coordinates":[79.29932,16.40447]}},{"type":"Feature","properties":{"i":0.08},"geometry":{"type":"Point","coordinates":[79.4751,16.40447]}},{"type":"Feature","properties":{"i":0.05},"geometry":{"type":"Point","coordinates":[79.51904,16.40447]}},{"type":"Feature","properties":{"i":0.36},"geometry":{"type":"Point","coordinates":[79.56299,16.40447]}},{"type":"Feature","properties":{"i":0.08},"geometry":{"type":"Point","coordinates":[79.60693,16.40447]}},{"type":"Feature","properties":{"i":0.27},"geometry":{"type":"Point","coordinates":[79.73877,16.40447]}},{"type":"Feature","properties":{"i":0.27},"geometry":{"type":"Point","coordinates":[79.82666,16.40447]}},{"type":"Feature","properties":{"i":0.25},"geometry":{"type":"Point","coordinates":[79.87061,16.40447]}},{"type":"Feature","properties":{"i":0.3},"geometry":{"type":"Point","coordinates":[79.91455,16.40447]}},{"type":"Feature","properties":{"i":0.21},"geometry":{"type":"Point","coordinates":[79.9585,16.40447]}},{"type":"Feature","properties":{"i":0.03},"geometry":{"type":"Point","coordinates":[80.00244,16.40447]}},{"type":"Feature","properties":{"i":0.26},"geometry":{"type":"Point","coordinates":[80.04639,16.40447]}},{"type":"Feature","properties":{"i":0.16},"geometry":{"type":"Point","coordinates":[80.09033,16.40447]}},{"type":"Feature","properties":{"i":0.7},"geometry":{"type":"Point","coordinates":[80.13428,16.40447]}},{"type":"Feature","properties":{"i":0.56},"geometry":{"type":"Point","coordinates":[80.17822,16.40447]}},{"type":"Feature","properties":{"i":0.28},"geometry":{"type":"Point","coordinates":[80.22217,16.40447]}},{"type":"Feature","properties":{"i":0.23},"geometry":{"type":"Point","coordinates":[80.31006,16.40447]}},{"type":"Feature","properties":{"i":0.32},"geometry":{"type":"Point","coordinates":[80.354,16.40447]}},{"type":"Feature","properties":{"i":0.28},"geometry":{"type":"Point","coordinates":[78.77197,16.36231]}},{"type":"Feature","properties":{"i":0.51},"geometry":{"type":"Point","coordinates":[78.81592,16.36231]}},{"type":"Feature","properties":{"i":0.29},"geometry":{"type":"Point","coordinates":[78.85986,16.36231]}},{"type":"Feature","properties":{"i":0.18},"geometry":{"type":"Point","coordinates":[78.90381,16.36231]}},{"type":"Feature","properties":{"i":0.05},"geometry":{"type":"Point","coordinates":[79.34326,16.36231]}},{"type":"Feature","properties":{"i":0.02},"geometry":{"type":"Point","coordinates":[79.38721,16.36231]}},{"type":"Feature","properties":{"i":0.25},"geometry":{"type":"Point","coordinates":[79.4751,16.36231]}},{"type":"Feature","properties":{"i":0.09},"geometry":{"type":"Point","coordinates":[79.73877,16.36231]}},{"type":"Feature","properties":{"i":0.21},"geometry":{"type":"Point","coordinates":[79.9585,16.36231]}},{"type":"Feature","properties":{"i":0.13},"geometry":{"type":"Point","coordinates":[80.09033,16.36231]}},{"type":"Feature","properties":{"i":0.21},"geometry":{"type":"Point","coordinates":[80.13428,16.36231]}},{"type":"Feature","properties":{"i":0.26},"geometry":{"type":"Point","coordinates":[80.17822,16.36231]}},{"type":"Feature","properties":{"i":0.25},"geometry":{"type":"Point","coordinates":[80.22217,16.36231]}},{"type":"Feature","properties":{"i":0.11},"geometry":{"type":"Point","coordinates":[80.26611,16.36231]}},{"type":"Feature","properties":{"i":0.42},"geometry":{"type":"Point","coordinates":[80.31006,16.36231]}},{"type":"Feature","properties":{"i":0.3},"geometry":{"type":"Point","coordinates":[80.354,16.36231]}},{"type":"Feature","properties":{"i":0.02},"geometry":{"type":"Point","coordinates":[78.94775,16.32014]}},{"type":"Feature","properties":{"i":0.19},"geometry":{"type":"Point","coordinates":[79.12354,16.32014]}},{"type":"Feature","properties":{"i":0.19},"geometry":{"type":"Point","coordinates":[79.69482,16.32014]}},{"type":"Feature","properties":{"i":0.08},"geometry":{"type":"Point","coordinates":[79.73877,16.32014]}},{"type":"Feature","properties":{"i":0.07},"geometry":{"type":"Point","coordinates":[79.87061,16.32014]}},{"type":"Feature","properties":{"i":0.18},"geometry":{"type":"Point","coordinates":[79.9585,16.32014]}},{"type":"Feature","properties":{"i":0.08},"geometry":{"type":"Point","coordinates":[80.00244,16.32014]}},{"type":"Feature","properties":{"i":0.4},"geometry":{"type":"Point","coordinates":[80.04639,16.32014]}},{"type":"Feature","properties":{"i":0.28},"geometry":{"type":"Point","coordinates":[80.09033,16.32014]}},{"type":"Feature","properties":{"i":0.07},"geometry":{"type":"Point","coordinates":[80.13428,16.32014]}},{"type":"Feature","properties":{"i":0.23},"geometry":{"type":"Point","coordinates":[80.17822,16.32014]}},{"type":"Feature","properties":{"i":0.12},"geometry":{"type":"Point","coordinates":[80.22217,16.32014]}},{"type":"Feature","properties":{"i":0.51},"geometry":{"type":"Point","coordinates":[80.31006,16.32014]}},{"type":"Feature","properties":{"i":0.56},"geometry":{"type":"Point","coordinates":[80.354,16.32014]}},{"type":"Feature","properties":{"i":0.04},"geometry":{"type":"Point","coordinates":[79.65088,16.27796]}},{"type":"Feature","properties":{"i":0.1},"geometry":{"type":"Point","coordinates":[79.78271,16.27796]}},{"type":"Feature","properties":{"i":0.14},"geometry":{"type":"Point","coordinates":[79.82666,16.27796]}},{"type":"Feature","properties":{"i":0.37},"geometry":{"type":"Point","coordinates":[79.87061,16.27796]}},{"type":"Feature","properties":{"i":0.36},"geometry":{"type":"Point","coordinates":[79.91455,16.27796]}},{"type":"Feature","properties":{"i":0.14},"geometry":{"type":"Point","coordinates":[79.9585,16.27796]}},{"type":"Feature","properties":{"i":0.07},"geometry":{"type":"Point","coordinates":[80.00244,16.27796]}},{"type":"Feature","properties":{"i":0.19},"geometry":{"type":"Point","coordinates":[80.04639,16.27796]}},{"type":"Feature","properties":{"i":0.34},"geometry":{"type":"Point","coordinates":[80.09033,16.27796]}},{"type":"Feature","properties":{"i":0.13},"geometry":{"type":"Point","coordinates":[80.13428,16.27796]}},{"type":"Feature","properties":{"i":0.34},"geometry":{"type":"Point","coordinates":[80.17822,16.27796]}},{"type":"Feature","properties":{"i":0.15},"geometry":{"type":"Point","coordinates":[80.22217,16.27796]}},{"type":"Feature","properties":{"i":0.44},"geometry":{"type":"Point","coordinates":[80.26611,16.27796]}},{"type":"Feature","properties":{"i":0.13},"geometry":{"type":"Point","coordinates":[80.31006,16.27796]}},{"type":"Feature","properties":{"i":0.62},"geometry":{"type":"Point","coordinates":[80.354,16.27796]}},{"type":"Feature","properties":{"i":0.25},"geometry":{"type":"Point","coordinates":[79.29932,16.23577]}},{"type":"Feature","properties":{"i":0.21},"geometry":{"type":"Point","coordinates":[79.60693,16.23577]}},{"type":"Feature","properties":{"i":0.09},"geometry":{"type":"Point","coordinates":[79.78271,16.23577]}},{"type":"Feature","properties":{"i":0.44},"geometry":{"type":"Point","coordinates":[79.82666,16.23577]}},{"type":"Feature","properties":{"i":0.19},"geometry":{"type":"Point","coordinates":[79.87061,16.23577]}},{"type":"Feature","properties":{"i":0.08},"geometry":{"type":"Point","coordinates":[79.91455,16.23577]}},{"type":"Feature","properties":{"i":0.19},"geometry":{"type":"Point","coordinates":[79.9585,16.23577]}},{"type":"Feature","properties":{"i":0.42},"geometry":{"type":"Point","coordinates":[80.00244,16.23577]}},{"type":"Feature","properties":{"i":0.84},"geometry":{"type":"Point","coordinates":[80.04639,16.23577]}},{"type":"Feature","properties":{"i":0.63},"geometry":{"type":"Point","coordinates":[80.09033,16.23577]}},{"type":"Feature","properties":{"i":0.22},"geometry":{"type":"Point","coordinates":[80.13428,16.23577]}},{"type":"Feature","properties":{"i":0.12},"geometry":{"type":"Point","coordinates":[80.17822,16.23577]}},{"type":"Feature","properties":{"i":0.25},"geometry":{"type":"Point","coordinates":[80.26611,16.23577]}},{"type":"Feature","properties":{"i":0.57},"geometry":{"type":"Point","coordinates":[80.31006,16.23577]}},{"type":"Feature","properties":{"i":0.42},"geometry":{"type":"Point","coordinates":[80.354,16.23577]}},{"type":"Feature","properties":{"i":0.09},"geometry":{"type":"Point","coordinates":[79.65088,16.19357]}},{"type":"Feature","properties":{"i":0.09},"geometry":{"type":"Point","coordinates":[79.69482,16.19357]}},{"type":"Feature","properties":{"i":0.09},"geometry":{"type":"Point","coordinates":[79.73877,16.19357]}},{"type":"Feature","properties":{"i":0.25},"geometry":{"type":"Point","coordinates":[79.91455,16.19357]}},{"type":"Feature","properties":{"i":0.16},"geometry":{"type":"Point","coordinates":[79.9585,16.19357]}},{"type":"Feature","properties":{"i":0.1},"geometry":{"type":"Point","coordinates":[80.00244,16.19357]}},{"type":"Feature","properties":{"i":0.47},"geometry":{"type":"Point","coordinates":[80.04639,16.19357]}},{"type":"Feature","properties":{"i":0.4},"geometry":{"type":"Point","coordinates":[80.09033,16.19357]}},{"type":"Feature","properties":{"i":0.26},"geometry":{"type":"Point","coordinates":[80.13428,16.19357]}},{"type":"Feature","properties":{"i":0.55},"geometry":{"type":"Point","coordinates":[80.17822,16.19357]}},{"type":"Feature","properties":{"i":0.38},"geometry":{"type":"Point","coordinates":[80.22217,16.19357]}},{"type":"Feature","properties":{"i":0.68},"geometry":{"type":"Point","coordinates":[80.26611,16.19357]}},{"type":"Feature","properties":{"i":0.28},"geometry":{"type":"Point","coordinates":[80.31006,16.19357]}},{"type":"Feature","properties":{"i":0.36},"geometry":{"type":"Point","coordinates":[80.354,16.19357]}},{"type":"Feature","properties":{"i":0.24},"geometry":{"type":"Point","coordinates":[79.34326,16.15137]}},{"type":"Feature","properties":{"i":0.28},"geometry":{"type":"Point","coordinates":[79.43115,16.15137]}},{"type":"Feature","properties":{"i":0.12},"geometry":{"type":"Point","coordinates":[79.51904,16.15137]}},{"type":"Feature","properties":{"i":0.11},"geometry":{"type":"Point","coordinates":[79.69482,16.15137]}},{"type":"Feature","properties":{"i":0.87},"geometry":{"type":"Point","coordinates":[79.82666,16.15137]}},{"type":"Feature","properties":{"i":0.03},"geometry":{"type":"Point","coordinates":[79.87061,16.15137]}},{"type":"Feature","properties":{"i":0.36},"geometry":{"type":"Point","coordinates":[79.91455,16.15137]}},{"type":"Feature","properties":{"i":0.1},"geometry":{"type":"Point","coordinates":[79.9585,16.15137]}},{"type":"Feature","properties":{"i":0.28},"geometry":{"type":"Point","coordinates":[80.00244,16.15137]}},{"type":"Feature","properties":{"i":0.52},"geometry":{"type":"Point","coordinates":[80.04639,16.15137]}},{"type":"Feature","properties":{"i":0.31},"geometry":{"type":"Point","coordinates":[80.09033,16.15137]}},{"type":"Feature","properties":{"i":0.27},"geometry":{"type":"Point","coordinates":[80.13428,16.15137]}},{"type":"Feature","properties":{"i":0.35},"geometry":{"type":"Point","coordinates":[80.17822,16.15137]}},{"type":"Feature","properties":{"i":0.55},"geometry":{"type":"Point","coordinates":[80.22217,16.15137]}},{"type":"Feature","properties":{"i":0.42},"geometry":{"type":"Point","coordinates":[80.26611,16.15137]}},{"type":"Feature","properties":{"i":0.19},"geometry":{"type":"Point","coordinates":[80.31006,16.15137]}},{"type":"Feature","properties":{"i":0.34},"geometry":{"type":"Point","coordinates":[80.354,16.15137]}},{"type":"Feature","properties":{"i":0.45},"geometry":{"type":"Point","coordinates":[78.90381,16.10915]}},{"type":"Feature","properties":{"i":0.17},"geometry":{"type":"Point","coordinates":[79.38721,16.10915]}},{"type":"Feature","properties":{"i":0.08},"geometry":{"type":"Point","coordinates":[79.51904,16.10915]}},{"type":"Feature","properties":{"i":0.11},"geometry":{"type":"Point","coordinates":[79.56299,16.10915]}},{"type":"Feature","properties":{"i":0.17},"geometry":{"type":"Point","coordinates":[79.65088,16.10915]}},{"type":"Feature","properties":{"i":0.27},"geometry":{"type":"Point","coordinates":[79.69482,16.10915]}},{"type":"Feature","properties":{"i":0.07},"geometry":{"type":"Point","coordinates":[79.73877,16.10915]}},{"type":"Feature","properties":{"i":0.03},"geometry":{"type":"Point","coordinates":[79.78271,16.10915]}},{"type":"Feature","properties":{"i":0.22},"geometry":{"type":"Point","coordinates":[79.82666,16.10915]}},{"type":"Feature","properties":{"i":0.22},"geometry":{"type":"Point","coordinates":[79.87061,16.10915]}},{"type":"Feature","properties":{"i":0.38},"geometry":{"type":"Point","coordinates":[79.91455,16.10915]}},{"type":"Feature","properties":{"i":0.4},"geometry":{"type":"Point","coordinates":[79.9585,16.10915]}},{"type":"Feature","properties":{"i":0.15},"geometry":{"type":"Point","coordinates":[80.00244,16.10915]}},{"type":"Feature","properties":{"i":0.85},"geometry":{"type":"Point","coordinates":[80.04639,16.10915]}},{"type":"Feature","properties":{"i":0.47},"geometry":{"type":"Point","coordinates":[80.09033,16.10915]}},{"type":"Feature","properties":{"i":0.62},"geometry":{"type":"Point","coordinates":[80.13428,16.10915]}},{"type":"Feature","properties":{"i":0.82},"geometry":{"type":"Point","coordinates":[80.17822,16.10915]}},{"type":"Feature","properties":{"i":0.14},"geometry":{"type":"Point","coordinates":[80.22217,16.10915]}},{"type":"Feature","properties":{"i":0.21},"geometry":{"type":"Point","coordinates":[80.26611,16.10915]}},{"type":"Feature","properties":{"i":1},"geometry":{"type":"Point","coordinates":[78.85986,16.06693]}},{"type":"Feature","properties":{"i":0.62},"geometry":{"type":"Point","coordinates":[78.90381,16.06693]}},{"type":"Feature","properties":{"i":0.26},"geometry":{"type":"Point","coordinates":[79.25537,16.06693]}},{"type":"Feature","properties":{"i":0.11},"geometry":{"type":"Point","coordinates":[79.34326,16.06693]}},{"type":"Feature","properties":{"i":0.1},"geometry":{"type":"Point","coordinates":[79.38721,16.06693]}},{"type":"Feature","properties":{"i":0.1},"geometry":{"type":"Point","coordinates":[79.51904,16.06693]}},{"type":"Feature","properties":{"i":0.27},"geometry":{"type":"Point","coordinates":[79.65088,16.06693]}},{"type":"Feature","properties":{"i":0.23},"geometry":{"type":"Point","coordinates":[79.69482,16.06693]}},{"type":"Feature","properties":{"i":0.74},"geometry":{"type":"Point","coordinates":[79.73877,16.06693]}},{"type":"Feature","properties":{"i":0.36},"geometry":{"type":"Point","coordinates":[79.78271,16.06693]}},{"type":"Feature","properties":{"i":0.15},"geometry":{"type":"Point","coordinates":[79.82666,16.06693]}},{"type":"Feature","properties":{"i":0.1},"geometry":{"type":"Point","coordinates":[79.91455,16.06693]}},{"type":"Feature","properties":{"i":0.15},"geometry":{"type":"Point","coordinates":[79.9585,16.06693]}},{"type":"Feature","properties":{"i":0.09},"geometry":{"type":"Point","coordinates":[80.00244,16.06693]}},{"type":"Feature","properties":{"i":0.56},"geometry":{"type":"Point","coordinates":[80.04639,16.06693]}},{"type":"Feature","properties":{"i":0.37},"geometry":{"type":"Point","coordinates":[80.09033,16.06693]}},{"type":"Feature","properties":{"i":0.82},"geometry":{"type":"Point","coordinates":[80.13428,16.06693]}},{"type":"Feature","properties":{"i":0.65},"geometry":{"type":"Point","coordinates":[80.17822,16.06693]}},{"type":"Feature","properties":{"i":0.26},"geometry":{"type":"Point","coordinates":[80.22217,16.06693]}},{"type":"Feature","properties":{"i":0.13},"geometry":{"type":"Point","coordinates":[80.26611,16.06693]}},{"type":"Feature","properties":{"i":0.42},"geometry":{"type":"Point","coordinates":[80.354,16.06693]}},{"type":"Feature","properties":{"i":0.16},"geometry":{"type":"Point","coordinates":[78.90381,16.0247]}},{"type":"Feature","properties":{"i":0.42},"geometry":{"type":"Point","coordinates":[79.29932,16.0247]}},{"type":"Feature","properties":{"i":0.56},"geometry":{"type":"Point","coordinates":[79.4751,16.0247]}},{"type":"Feature","properties":{"i":0.45},"geometry":{"type":"Point","coordinates":[79.51904,16.0247]}},{"type":"Feature","properties":{"i":0.49},"geometry":{"type":"Point","coordinates":[79.56299,16.0247]}},{"type":"Feature","properties":{"i":0.38},"geometry":{"type":"Point","coordinates":[79.60693,16.0247]}},{"type":"Feature","properties":{"i":0.56},"geometry":{"type":"Point","coordinates":[79.69482,16.0247]}},{"type":"Feature","properties":{"i":0.59},"geometry":{"type":"Point","coordinates":[79.73877,16.0247]}},{"type":"Feature","properties":{"i":0.15},"geometry":{"type":"Point","coordinates":[79.78271,16.0247]}},{"type":"Feature","properties":{"i":0.14},"geometry":{"type":"Point","coordinates":[79.82666,16.0247]}},{"type":"Feature","properties":{"i":0.13},"geometry":{"type":"Point","coordinates":[79.87061,16.0247]}},{"type":"Feature","properties":{"i":0.53},"geometry":{"type":"Point","coordinates":[79.91455,16.0247]}},{"type":"Feature","properties":{"i":0.1},"geometry":{"type":"Point","coordinates":[79.9585,16.0247]}},{"type":"Feature","properties":{"i":0.6},"geometry":{"type":"Point","coordinates":[80.00244,16.0247]}},{"type":"Feature","properties":{"i":0.69},"geometry":{"type":"Point","coordinates":[80.04639,16.0247]}},{"type":"Feature","properties":{"i":0.23},"geometry":{"type":"Point","coordinates":[80.09033,16.0247]}},{"type":"Feature","properties":{"i":0.79},"geometry":{"type":"Point","coordinates":[80.13428,16.0247]}},{"type":"Feature","properties":{"i":0.17},"geometry":{"type":"Point","coordinates":[80.17822,16.0247]}},{"type":"Feature","properties":{"i":0.13},"geometry":{"type":"Point","coordinates":[80.22217,16.0247]}},{"type":"Feature","properties":{"i":0.16},"geometry":{"type":"Point","coordinates":[80.26611,16.0247]}},{"type":"Feature","properties":{"i":0.16},"geometry":{"type":"Point","coordinates":[80.31006,16.0247]}},{"type":"Feature","properties":{"i":0.13},"geometry":{"type":"Point","coordinates":[79.34326,15.98245]}},{"type":"Feature","properties":{"i":0.26},"geometry":{"type":"Point","coordinates":[79.43115,15.98245]}},{"type":"Feature","properties":{"i":0.65},"geometry":{"type":"Point","coordinates":[79.4751,15.98245]}},{"type":"Feature","properties":{"i":0.08},"geometry":{"type":"Point","coordinates":[79.60693,15.98245]}},{"type":"Feature","properties":{"i":0.16},"geometry":{"type":"Point","coordinates":[79.65088,15.98245]}},{"type":"Feature","properties":{"i":0.41},"geometry":{"type":"Point","coordinates":[79.69482,15.98245]}},{"type":"Feature","properties":{"i":0.09},"geometry":{"type":"Point","coordinates":[79.73877,15.98245]}},{"type":"Feature","properties":{"i":0.17},"geometry":{"type":"Point","coordinates":[79.82666,15.98245]}},{"type":"Feature","properties":{"i":0.24},"geometry":{"type":"Point","coordinates":[79.91455,15.98245]}},{"type":"Feature","properties":{"i":0.21},"geometry":{"type":"Point","coordinates":[79.9585,15.98245]}},{"type":"Feature","properties":{"i":0.27},"geometry":{"type":"Point","coordinates":[80.00244,15.98245]}},{"type":"Feature","properties":{"i":0.43},"geometry":{"type":"Point","coordinates":[80.04639,15.98245]}},{"type":"Feature","properties":{"i":0.6},"geometry":{"type":"Point","coordinates":[80.09033,15.98245]}},{"type":"Feature","properties":{"i":0.72},"geometry":{"type":"Point","coordinates":[80.13428,15.98245]}},{"type":"Feature","properties":{"i":0.28},"geometry":{"type":"Point","coordinates":[80.17822,15.98245]}},{"type":"Feature","properties":{"i":0.37},"geometry":{"type":"Point","coordinates":[80.26611,15.98245]}},{"type":"Feature","properties":{"i":0.3},"geometry":{"type":"Point","coordinates":[80.31006,15.98245]}},{"type":"Feature","properties":{"i":0.22},"geometry":{"type":"Point","coordinates":[79.12354,15.9402]}},{"type":"Feature","properties":{"i":0.09},"geometry":{"type":"Point","coordinates":[79.25537,15.9402]}},{"type":"Feature","properties":{"i":0.28},"geometry":{"type":"Point","coordinates":[79.29932,15.9402]}},{"type":"Feature","properties":{"i":0.16},"geometry":{"type":"Point","coordinates":[79.38721,15.9402]}},{"type":"Feature","properties":{"i":0.11},"geometry":{"type":"Point","coordinates":[79.43115,15.9402]}},{"type":"Feature","properties":{"i":0.12},"geometry":{"type":"Point","coordinates":[79.51904,15.9402]}},{"type":"Feature","properties":{"i":0.09},"geometry":{"type":"Point","coordinates":[79.65088,15.9402]}},{"type":"Feature","properties":{"i":0.3},"geometry":{"type":"Point","coordinates":[79.73877,15.9402]}},{"type":"Feature","properties":{"i":0.02},"geometry":{"type":"Point","coordinates":[79.82666,15.9402]}},{"type":"Feature","properties":{"i":0.3},"geometry":{"type":"Point","coordinates":[79.87061,15.9402]}},{"type":"Feature","properties":{"i":0.28},"geometry":{"type":"Point","coordinates":[79.9585,15.9402]}},{"type":"Feature","properties":{"i":0.03},"geometry":{"type":"Point","coordinates":[80.00244,15.9402]}},{"type":"Feature","properties":{"i":0.26},"geometry":{"type":"Point","coordinates":[80.04639,15.9402]}},{"type":"Feature","properties":{"i":0.51},"geometry":{"type":"Point","coordinates":[80.09033,15.9402]}},{"type":"Feature","properties":{"i":0.24},"geometry":{"type":"Point","coordinates":[80.17822,15.9402]}},{"type":"Feature","properties":{"i":0.16},"geometry":{"type":"Point","coordinates":[80.22217,15.9402]}},{"type":"Feature","properties":{"i":0.5},"geometry":{"type":"Point","coordinates":[80.26611,15.9402]}},{"type":"Feature","properties":{"i":0.44},"geometry":{"type":"Point","coordinates":[80.31006,15.9402]}},{"type":"Feature","properties":{"i":0.09},"geometry":{"type":"Point","coordinates":[80.354,15.9402]}},{"type":"Feature","properties":{"i":0.34},"geometry":{"type":"Point","coordinates":[78.9917,15.89794]}},{"type":"Feature","properties":{"i":0.4},"geometry":{"type":"Point","coordinates":[79.03564,15.89794]}},{"type":"Feature","properties":{"i":0.47},"geometry":{"type":"Point","coordinates":[79.07959,15.89794]}},{"type":"Feature","properties":{"i":0.44},"geometry":{"type":"Point","coordinates":[79.12354,15.89794]}},{"type":"Feature","properties":{"i":0.17},"geometry":{"type":"Point","coordinates":[79.16748,15.89794]}},{"type":"Feature","properties":{"i":0.25},"geometry":{"type":"Point","coordinates":[79.29932,15.89794]}},{"type":"Feature","properties":{"i":0.45},"geometry":{"type":"Point","coordinates":[79.34326,15.89794]}},{"type":"Feature","properties":{"i":0.4},"geometry":{"type":"Point","coordinates":[79.38721,15.89794]}},{"type":"Feature","properties":{"i":0.13},"geometry":{"type":"Point","coordinates":[79.43115,15.89794]}},{"type":"Feature","properties":{"i":0.3},"geometry":{"type":"Point","coordinates":[79.56299,15.89794]}},{"type":"Feature","properties":{"i":0.28},"geometry":{"type":"Point","coordinates":[79.60693,15.89794]}},{"type":"Feature","properties":{"i":0.16},"geometry":{"type":"Point","coordinates":[79.65088,15.89794]}},{"type":"Feature","properties":{"i":0.3},"geometry":{"type":"Point","coordinates":[79.82666,15.89794]}},{"type":"Feature","properties":{"i":0.19},"geometry":{"type":"Point","coordinates":[79.91455,15.89794]}},{"type":"Feature","properties":{"i":0.25},"geometry":{"type":"Point","coordinates":[79.9585,15.89794]}},{"type":"Feature","properties":{"i":0.35},"geometry":{"type":"Point","coordinates":[80.00244,15.89794]}},{"type":"Feature","properties":{"i":0.28},"geometry":{"type":"Point","coordinates":[80.04639,15.89794]}},{"type":"Feature","properties":{"i":0.4},"geometry":{"type":"Point","coordinates":[80.09033,15.89794]}},{"type":"Feature","properties":{"i":0.09},"geometry":{"type":"Point","coordinates":[80.13428,15.89794]}},{"type":"Feature","properties":{"i":0.19},"geometry":{"type":"Point","coordinates":[80.22217,15.89794]}},{"type":"Feature","properties":{"i":0.47},"geometry":{"type":"Point","coordinates":[80.31006,15.89794]}},{"type":"Feature","properties":{"i":0.22},"geometry":{"type":"Point","coordinates":[80.354,15.89794]}},{"type":"Feature","properties":{"i":0.11},"geometry":{"type":"Point","coordinates":[78.90381,15.85567]}},{"type":"Feature","properties":{"i":0.08},"geometry":{"type":"Point","coordinates":[79.16748,15.85567]}},{"type":"Feature","properties":{"i":0.22},"geometry":{"type":"Point","coordinates":[79.29932,15.85567]}},{"type":"Feature","properties":{"i":0.13},"geometry":{"type":"Point","coordinates":[79.34326,15.85567]}},{"type":"Feature","properties":{"i":0.11},"geometry":{"type":"Point","coordinates":[79.56299,15.85567]}},{"type":"Feature","properties":{"i":0.47},"geometry":{"type":"Point","coordinates":[79.69482,15.85567]}},{"type":"Feature","properties":{"i":0.12},"geometry":{"type":"Point","coordinates":[79.78271,15.85567]}},{"type":"Feature","properties":{"i":0.66},"geometry":{"type":"Point","coordinates":[79.9585,15.85567]}},{"type":"Feature","properties":{"i":0.12},"geometry":{"type":"Point","coordinates":[80.00244,15.85567]}},{"type":"Feature","properties":{"i":0.33},"geometry":{"type":"Point","coordinates":[80.04639,15.85567]}},{"type":"Feature","properties":{"i":0.17},"geometry":{"type":"Point","coordinates":[80.09033,15.85567]}},{"type":"Feature","properties":{"i":0.35},"geometry":{"type":"Point","coordinates":[80.13428,15.85567]}},{"type":"Feature","properties":{"i":0.12},"geometry":{"type":"Point","coordinates":[80.17822,15.85567]}},{"type":"Feature","properties":{"i":0.16},"geometry":{"type":"Point","coordinates":[80.22217,15.85567]}},{"type":"Feature","properties":{"i":0.05},"geometry":{"type":"Point","coordinates":[80.26611,15.85567]}},{"type":"Feature","properties":{"i":0.22},"geometry":{"type":"Point","coordinates":[80.31006,15.85567]}},{"type":"Feature","properties":{"i":0.33},"geometry":{"type":"Point","coordinates":[80.354,15.85567]}},{"type":"Feature","properties":{"i":0.23},"geometry":{"type":"Point","coordinates":[79.16748,15.8134]}},{"type":"Feature","properties":{"i":0.22},"geometry":{"type":"Point","coordinates":[79.21143,15.8134]}},{"type":"Feature","properties":{"i":0.18},"geometry":{"type":"Point","coordinates":[79.25537,15.8134]}},{"type":"Feature","properties":{"i":0.22},"geometry":{"type":"Point","coordinates":[79.34326,15.8134]}},{"type":"Feature","properties":{"i":0.33},"geometry":{"type":"Point","coordinates":[79.38721,15.8134]}},{"type":"Feature","properties":{"i":0.19},"geometry":{"type":"Point","coordinates":[79.4751,15.8134]}},{"type":"Feature","properties":{"i":0.03},"geometry":{"type":"Point","coordinates":[79.60693,15.8134]}},{"type":"Feature","properties":{"i":0.12},"geometry":{"type":"Point","coordinates":[79.65088,15.8134]}},{"type":"Feature","properties":{"i":0.23},"geometry":{"type":"Point","coordinates":[79.69482,15.8134]}},{"type":"Feature","properties":{"i":0.28},"geometry":{"type":"Point","coordinates":[79.73877,15.8134]}},{"type":"Feature","properties":{"i":0.16},"geometry":{"type":"Point","coordinates":[79.78271,15.8134]}},{"type":"Feature","properties":{"i":0.28},"geometry":{"type":"Point","coordinates":[79.82666,15.8134]}},{"type":"Feature","properties":{"i":0.08},"geometry":{"type":"Point","coordinates":[79.87061,15.8134]}},{"type":"Feature","properties":{"i":0.38},"geometry":{"type":"Point","coordinates":[79.91455,15.8134]}},{"type":"Feature","properties":{"i":0.71},"geometry":{"type":"Point","coordinates":[79.9585,15.8134]}},{"type":"Feature","properties":{"i":0.55},"geometry":{"type":"Point","coordinates":[80.00244,15.8134]}},{"type":"Feature","properties":{"i":0.42},"geometry":{"type":"Point","coordinates":[80.04639,15.8134]}},{"type":"Feature","properties":{"i":0.13},"geometry":{"type":"Point","coordinates":[80.09033,15.8134]}},{"type":"Feature","properties":{"i":0.44},"geometry":{"type":"Point","coordinates":[80.13428,15.8134]}},{"type":"Feature","properties":{"i":0.31},"geometry":{"type":"Point","coordinates":[80.17822,15.8134]}},{"type":"Feature","properties":{"i":0.16},"geometry":{"type":"Point","coordinates":[80.22217,15.8134]}},{"type":"Feature","properties":{"i":0.27},"geometry":{"type":"Point","coordinates":[80.26611,15.8134]}},{"type":"Feature","properties":{"i":0.27},"geometry":{"type":"Point","coordinates":[80.31006,15.8134]}},{"type":"Feature","properties":{"i":0.65},"geometry":{"type":"Point","coordinates":[80.354,15.8134]}},{"type":"Feature","properties":{"i":0.26},"geometry":{"type":"Point","coordinates":[79.21143,15.77111]}},{"type":"Feature","properties":{"i":0.52},"geometry":{"type":"Point","coordinates":[79.25537,15.77111]}},{"type":"Feature","properties":{"i":0.36},"geometry":{"type":"Point","coordinates":[79.29932,15.77111]}},{"type":"Feature","properties":{"i":0.48},"geometry":{"type":"Point","coordinates":[79.38721,15.77111]}},{"type":"Feature","properties":{"i":0.3},"geometry":{"type":"Point","coordinates":[79.65088,15.77111]}},{"type":"Feature","properties":{"i":0.44},"geometry":{"type":"Point","coordinates":[79.69482,15.77111]}},{"type":"Feature","properties":{"i":0.19},"geometry":{"type":"Point","coordinates":[79.73877,15.77111]}},{"type":"Feature","properties":{"i":0.45},"geometry":{"type":"Point","coordinates":[79.87061,15.77111]}},{"type":"Feature","properties":{"i":0.11},"geometry":{"type":"Point","coordinates":[79.91455,15.77111]}},{"type":"Feature","properties":{"i":0.18},"geometry":{"type":"Point","coordinates":[79.9585,15.77111]}},{"type":"Feature","properties":{"i":0.5},"geometry":{"type":"Point","coordinates":[80.00244,15.77111]}},{"type":"Feature","properties":{"i":0.16},"geometry":{"type":"Point","coordinates":[80.04639,15.77111]}},{"type":"Feature","properties":{"i":0.11},"geometry":{"type":"Point","coordinates":[80.09033,15.77111]}},{"type":"Feature","properties":{"i":0.32},"geometry":{"type":"Point","coordinates":[80.13428,15.77111]}},{"type":"Feature","properties":{"i":0.16},"geometry":{"type":"Point","coordinates":[80.17822,15.77111]}},{"type":"Feature","properties":{"i":0.29},"geometry":{"type":"Point","coordinates":[80.26611,15.77111]}},{"type":"Feature","properties":{"i":0.65},"geometry":{"type":"Point","coordinates":[80.31006,15.77111]}},{"type":"Feature","properties":{"i":0.33},"geometry":{"type":"Point","coordinates":[80.354,15.77111]}},{"type":"Feature","properties":{"i":0.53},"geometry":{"type":"Point","coordinates":[79.07959,15.72881]}},{"type":"Feature","properties":{"i":0.39},"geometry":{"type":"Point","coordinates":[79.12354,15.72881]}},{"type":"Feature","properties":{"i":0.45},"geometry":{"type":"Point","coordinates":[79.21143,15.72881]}},{"type":"Feature","properties":{"i":0.71},"geometry":{"type":"Point","coordinates":[79.25537,15.72881]}},{"type":"Feature","properties":{"i":0.56},"geometry":{"type":"Point","coordinates":[79.29932,15.72881]}},{"type":"Feature","properties":{"i":0.1},"geometry":{"type":"Point","coordinates":[79.34326,15.72881]}},{"type":"Feature","properties":{"i":0.22},"geometry":{"type":"Point","coordinates":[79.60693,15.72881]}},{"type":"Feature","properties":{"i":0.45},"geometry":{"type":"Point","coordinates":[79.69482,15.72881]}},{"type":"Feature","properties":{"i":0.42},"geometry":{"type":"Point","coordinates":[79.82666,15.72881]}},{"type":"Feature","properties":{"i":0.29},"geometry":{"type":"Point","coordinates":[79.87061,15.72881]}},{"type":"Feature","properties":{"i":0.47},"geometry":{"type":"Point","coordinates":[79.9585,15.72881]}},{"type":"Feature","properties":{"i":0.6},"geometry":{"type":"Point","coordinates":[80.00244,15.72881]}},{"type":"Feature","properties":{"i":0.44},"geometry":{"type":"Point","coordinates":[80.04639,15.72881]}},{"type":"Feature","properties":{"i":0.48},"geometry":{"type":"Point","coordinates":[80.09033,15.72881]}},{"type":"Feature","properties":{"i":0.32},"geometry":{"type":"Point","coordinates":[80.13428,15.72881]}},{"type":"Feature","properties":{"i":0.19},"geometry":{"type":"Point","coordinates":[80.17822,15.72881]}},{"type":"Feature","properties":{"i":0.39},"geometry":{"type":"Point","coordinates":[80.22217,15.72881]}},{"type":"Feature","properties":{"i":0.5},"geometry":{"type":"Point","coordinates":[80.26611,15.72881]}},{"type":"Feature","properties":{"i":0.33},"geometry":{"type":"Point","coordinates":[80.31006,15.72881]}},{"type":"Feature","properties":{"i":0.17},"geometry":{"type":"Point","coordinates":[78.94775,15.68651]}},{"type":"Feature","properties":{"i":0.21},"geometry":{"type":"Point","coordinates":[78.9917,15.68651]}},{"type":"Feature","properties":{"i":0.38},"geometry":{"type":"Point","coordinates":[79.16748,15.68651]}},{"type":"Feature","properties":{"i":0.51},"geometry":{"type":"Point","coordinates":[79.25537,15.68651]}},{"type":"Feature","properties":{"i":0.21},"geometry":{"type":"Point","coordinates":[79.29932,15.68651]}},{"type":"Feature","properties":{"i":0.09},"geometry":{"type":"Point","coordinates":[79.4751,15.68651]}},{"type":"Feature","properties":{"i":0.16},"geometry":{"type":"Point","coordinates":[79.65088,15.68651]}},{"type":"Feature","properties":{"i":0.09},"geometry":{"type":"Point","coordinates":[79.69482,15.68651]}},{"type":"Feature","properties":{"i":0.18},"geometry":{"type":"Point","coordinates":[79.78271,15.68651]}},{"type":"Feature","properties":{"i":0.31},"geometry":{"type":"Point","coordinates":[79.82666,15.68651]}},{"type":"Feature","properties":{"i":0.08},"geometry":{"type":"Point","coordinates":[79.87061,15.68651]}},{"type":"Feature","properties":{"i":0.34},"geometry":{"type":"Point","coordinates":[79.91455,15.68651]}},{"type":"Feature","properties":{"i":0.89},"geometry":{"type":"Point","coordinates":[80.00244,15.68651]}},{"type":"Feature","properties":{"i":0.5},"geometry":{"type":"Point","coordinates":[80.04639,15.68651]}},{"type":"Feature","properties":{"i":0.11},"geometry":{"type":"Point","coordinates":[80.13428,15.68651]}},{"type":"Feature","properties":{"i":0.16},"geometry":{"type":"Point","coordinates":[80.17822,15.68651]}},{"type":"Feature","properties":{"i":0.47},"geometry":{"type":"Point","coordinates":[80.22217,15.68651]}},{"type":"Feature","properties":{"i":0.55},"geometry":{"type":"Point","coordinates":[80.26611,15.68651]}},{"type":"Feature","properties":{"i":0.07},"geometry":{"type":"Point","coordinates":[79.16748,15.6442]}},{"type":"Feature","properties":{"i":0.27},"geometry":{"type":"Point","coordinates":[79.21143,15.6442]}},{"type":"Feature","properties":{"i":0.1},"geometry":{"type":"Point","coordinates":[79.25537,15.6442]}},{"type":"Feature","properties":{"i":0.27},"geometry":{"type":"Point","coordinates":[79.38721,15.6442]}},{"type":"Feature","properties":{"i":0.18},"geometry":{"type":"Point","coordinates":[79.4751,15.6442]}},{"type":"Feature","properties":{"i":0.18},"geometry":{"type":"Point","coordinates":[79.51904,15.6442]}},{"type":"Feature","properties":{"i":0.25},"geometry":{"type":"Point","coordinates":[79.73877,15.6442]}},{"type":"Feature","properties":{"i":0.15},"geometry":{"type":"Point","coordinates":[79.78271,15.6442]}},{"type":"Feature","properties":{"i":0.22},"geometry":{"type":"Point","coordinates":[79.91455,15.6442]}},{"type":"Feature","properties":{"i":0.19},"geometry":{"type":"Point","coordinates":[79.9585,15.6442]}},{"type":"Feature","properties":{"i":0.42},"geometry":{"type":"Point","coordinates":[80.00244,15.6442]}},{"type":"Feature","properties":{"i":0.29},"geometry":{"type":"Point","coordinates":[80.04639,15.6442]}},{"type":"Feature","properties":{"i":0.3},"geometry":{"type":"Point","coordinates":[80.09033,15.6442]}},{"type":"Feature","properties":{"i":0.1},"geometry":{"type":"Point","coordinates":[80.13428,15.6442]}},{"type":"Feature","properties":{"i":0.42},"geometry":{"type":"Point","coordinates":[80.22217,15.6442]}},{"type":"Feature","properties":{"i":0.22},"geometry":{"type":"Point","coordinates":[80.26611,15.6442]}},{"type":"Feature","properties":{"i":0.09},"geometry":{"type":"Point","coordinates":[79.03564,15.60187]}},{"type":"Feature","properties":{"i":0.47},"geometry":{"type":"Point","coordinates":[79.12354,15.60187]}},{"type":"Feature","properties":{"i":0.07},"geometry":{"type":"Point","coordinates":[79.21143,15.60187]}},{"type":"Feature","properties":{"i":0.28},"geometry":{"type":"Point","coordinates":[79.56299,15.60187]}},{"type":"Feature","properties":{"i":0.52},"geometry":{"type":"Point","coordinates":[79.60693,15.60187]}},{"type":"Feature","properties":{"i":0.27},"geometry":{"type":"Point","coordinates":[79.65088,15.60187]}},{"type":"Feature","properties":{"i":0.09},"geometry":{"type":"Point","coordinates":[79.73877,15.60187]}},{"type":"Feature","properties":{"i":0.3},"geometry":{"type":"Point","coordinates":[79.78271,15.60187]}},{"type":"Feature","properties":{"i":0.47},"geometry":{"type":"Point","coordinates":[79.82666,15.60187]}},{"type":"Feature","properties":{"i":0.29},"geometry":{"type":"Point","coordinates":[79.87061,15.60187]}},{"type":"Feature","properties":{"i":0.12},"geometry":{"type":"Point","coordinates":[79.91455,15.60187]}},{"type":"Feature","properties":{"i":0.08},"geometry":{"type":"Point","coordinates":[79.9585,15.60187]}},{"type":"Feature","properties":{"i":0.15},"geometry":{"type":"Point","coordinates":[80.00244,15.60187]}},{"type":"Feature","properties":{"i":0.86},"geometry":{"type":"Point","coordinates":[80.04639,15.60187]}},{"type":"Feature","properties":{"i":0.47},"geometry":{"type":"Point","coordinates":[80.09033,15.60187]}},{"type":"Feature","properties":{"i":0.19},"geometry":{"type":"Point","coordinates":[80.13428,15.60187]}},{"type":"Feature","properties":{"i":0.3},"geometry":{"type":"Point","coordinates":[80.22217,15.60187]}},{"type":"Feature","properties":{"i":0.12},"geometry":{"type":"Point","coordinates":[80.26611,15.60187]}},{"type":"Feature","properties":{"i":0.21},"geometry":{"type":"Point","coordinates":[78.94775,15.55954]}},{"type":"Feature","properties":{"i":0.19},"geometry":{"type":"Point","coordinates":[79.07959,15.55954]}},{"type":"Feature","properties":{"i":0.61},"geometry":{"type":"Point","coordinates":[79.12354,15.55954]}},{"type":"Feature","properties":{"i":0.25},"geometry":{"type":"Point","coordinates":[79.51904,15.55954]}},{"type":"Feature","properties":{"i":0.17},"geometry":{"type":"Point","coordinates":[79.56299,15.55954]}},{"type":"Feature","properties":{"i":0.14},"geometry":{"type":"Point","coordinates":[79.65088,15.55954]}},{"type":"Feature","properties":{"i":0.32},"geometry":{"type":"Point","coordinates":[79.69482,15.55954]}},{"type":"Feature","properties":{"i":0.8},"geometry":{"type":"Point","coordinates":[79.78271,15.55954]}},{"type":"Feature","properties":{"i":1},"geometry":{"type":"Point","coordinates":[79.82666,15.55954]}},{"type":"Feature","properties":{"i":0.61},"geometry":{"type":"Point","coordinates":[79.87061,15.55954]}},{"type":"Feature","properties":{"i":0.35},"geometry":{"type":"Point","coordinates":[79.91455,15.55954]}},{"type":"Feature","properties":{"i":0.27},"geometry":{"type":"Point","coordinates":[79.9585,15.55954]}},{"type":"Feature","properties":{"i":0.18},"geometry":{"type":"Point","coordinates":[80.00244,15.55954]}},{"type":"Feature","properties":{"i":0.48},"geometry":{"type":"Point","coordinates":[80.04639,15.55954]}},{"type":"Feature","properties":{"i":0.24},"geometry":{"type":"Point","coordinates":[80.09033,15.55954]}},{"type":"Feature","properties":{"i":0.42},"geometry":{"type":"Point","coordinates":[80.13428,15.55954]}},{"type":"Feature","properties":{"i":0.45},"geometry":{"type":"Point","coordinates":[80.17822,15.55954]}},{"type":"Feature","properties":{"i":0.22},"geometry":{"type":"Point","coordinates":[79.07959,15.51721]}},{"type":"Feature","properties":{"i":0.59},"geometry":{"type":"Point","coordinates":[79.12354,15.51721]}},{"type":"Feature","properties":{"i":0.16},"geometry":{"type":"Point","coordinates":[79.65088,15.51721]}},{"type":"Feature","properties":{"i":0.14},"geometry":{"type":"Point","coordinates":[79.87061,15.51721]}},{"type":"Feature","properties":{"i":0.33},"geometry":{"type":"Point","coordinates":[79.91455,15.51721]}},{"type":"Feature","properties":{"i":0.32},"geometry":{"type":"Point","coordinates":[79.9585,15.51721]}},{"type":"Feature","properties":{"i":0.72},"geometry":{"type":"Point","coordinates":[80.00244,15.51721]}},{"type":"Feature","properties":{"i":0.96},"geometry":{"type":"Point","coordinates":[80.04639,15.51721]}},{"type":"Feature","properties":{"i":0.63},"geometry":{"type":"Point","coordinates":[80.09033,15.51721]}},{"type":"Feature","properties":{"i":0.37},"geometry":{"type":"Point","coordinates":[80.13428,15.51721]}},{"type":"Feature","properties":{"i":0.19},"geometry":{"type":"Point","coordinates":[80.17822,15.51721]}},{"type":"Feature","properties":{"i":0.26},"geometry":{"type":"Point","coordinates":[80.22217,15.51721]}},{"type":"Feature","properties":{"i":0.13},"geometry":{"type":"Point","coordinates":[79.07959,15.47486]}},{"type":"Feature","properties":{"i":0.15},"geometry":{"type":"Point","coordinates":[79.34326,15.47486]}},{"type":"Feature","properties":{"i":0.25},"geometry":{"type":"Point","coordinates":[79.43115,15.47486]}},{"type":"Feature","properties":{"i":0.22},"geometry":{"type":"Point","coordinates":[79.73877,15.47486]}},{"type":"Feature","properties":{"i":0.02},"geometry":{"type":"Point","coordinates":[79.82666,15.47486]}},{"type":"Feature","properties":{"i":0.15},"geometry":{"type":"Point","coordinates":[79.87061,15.47486]}},{"type":"Feature","properties":{"i":0.13},"geometry":{"type":"Point","coordinates":[79.91455,15.47486]}},{"type":"Feature","properties":{"i":0.12},"geometry":{"type":"Point","coordinates":[79.9585,15.47486]}},{"type":"Feature","properties":{"i":0.36},"geometry":{"type":"Point","coordinates":[80.00244,15.47486]}},{"type":"Feature","properties":{"i":0.93},"geometry":{"type":"Point","coordinates":[80.04639,15.47486]}},{"type":"Feature","properties":{"i":0.62},"geometry":{"type":"Point","coordinates":[80.09033,15.47486]}},{"type":"Feature","properties":{"i":0.36},"geometry":{"type":"Point","coordinates":[80.17822,15.47486]}},{"type":"Feature","properties":{"i":0.1},"geometry":{"type":"Point","coordinates":[80.22217,15.47486]}}]}