{"type":"FeatureCollection","features":[{"type":"Feature","properties":{"i":0.22},"geometry":{"type":"Point","coordinates":[-117.10327,38.16048]}},{"type":"Feature","properties":{"i":0.53},"geometry":{"type":"Point","coordinates":[-116.77368,37.88352]}},{"type":"Feature","properties":{"i":0.53},"geometry":{"type":"Point","coordinates":[-116.75171,37.88352]}},{"type":"Feature","properties":{"i":0.42},"geometry":{"type":"Point","coordinates":[-116.77368,37.86618]}},{"type":"Feature","properties":{"i":0.4},"geometry":{"type":"Point","coordinates":[-116.75171,37.86618]}},{"type":"Feature","properties":{"i":0.63},"geometry":{"type":"Point","coordinates":[-116.77368,37.81412]}},{"type":"Feature","properties":{"i":0.59},"geometry":{"type":"Point","coordinates":[-116.77368,37.79676]}},{"type":"Feature","properties":{"i":0.39},"geometry":{"type":"Point","coordinates":[-116.75171,37.79676]}},{"type":"Feature","properties":{"i":0.53},"geometry":{"type":"Point","coordinates":[-116.75171,37.7794]}},{"type":"Feature","properties":{"i":0.69},"geometry":{"type":"Point","coordinates":[-116.51001,37.74466]}},{"type":"Feature","properties":{"i":0.69},"geometry":{"type":"Point","coordinates":[-116.48804,37.74466]}},{"type":"Feature","properties":{"i":0.71},"geometry":{"type":"Point","coordinates":[-116.51001,37.72728]}},{"type":"Feature","properties":{"i":0.71},"geometry":{"type":"Point","coordinates":[-116.48804,37.72728]}},{"type":"Feature","properties":{"i":0.14},"geometry":{"type":"Point","coordinates":[-114.20288,37.9875]}},{"type":"Feature","properties":{"i":0.04},"geometry":{"type":"Point","coordinates":[-114.44458,37.95286]}},{"type":"Feature","properties":{"i":0.9},"geometry":{"type":"Point","coordinates":[-114.42261,37.95286]}},{"type":"Feature","properties":{"i":0.04},"geometry":{"type":"Point","coordinates":[-114.40063,37.95286]}},{"type":"Feature","properties":{"i":0.08},"geometry":{"type":"Point","coordinates":[-114.46655,37.93553]}},{"type":"Feature","properties":{"i":0.54},"geometry":{"type":"Point","coordinates":[-114.44458,37.93553]}},{"type":"Feature","properties":{"i":0.28},"geometry":{"type":"Point","coordinates":[-114.40063,37.81412]}},{"type":"Feature","properties":{"i":0.28},"geometry":{"type":"Point","coordinates":[-114.40063,37.79676]}},{"type":"Feature","properties":{"i":0.65},"geometry":{"type":"Point","coordinates":[-114.37866,37.79676]}},{"type":"Feature","properties":{"i":0.25},"geometry":{"type":"Point","coordinates":[-114.40063,37.7794]}},{"type":"Feature","properties":{"i":0.65},"geometry":{"type":"Point","coordinates":[-114.37866,37.7794]}},{"type":"Feature","properties":{"i":0.23},"geometry":{"type":"Point","coordinates":[-114.35669,37.7794]}},{"type":"Feature","properties":{"i":0.11},"geometry":{"type":"Point","coordinates":[-113.19214,38.16048]}},{"type":"Feature","properties":{"i":0.27},"geometry":{"type":"Point","coordinates":[-113.14819,37.83148]}},{"type":"Feature","properties":{"i":0.05},"geometry":{"type":"Point","coordinates":[-113.302,37.79676]}},{"type":"Feature","properties":{"i":1},"geometry":{"type":"Point","coordinates":[-113.28003,37.79676]}},{"type":"Feature","properties":{"i":0.66},"geometry":{"type":"Point","coordinates":[-113.28003,37.7794]}},{"type":"Feature","properties":{"i":0.28},"geometry":{"type":"Point","coordinates":[-113.25806,37.76203]}},{"type":"Feature","properties":{"i":0.77},"geometry":{"type":"Point","coordinates":[-113.23608,37.76203]}},{"type":"Feature","properties":{"i":0.72},"geometry":{"type":"Point","coordinates":[-113.23608,37.74466]}},{"type":"Feature","properties":{"i":0.05},"geometry":{"type":"Point","coordinates":[-113.19214,37.74466]}},{"type":"Feature","properties":{"i":0.37},"geometry":{"type":"Point","coordinates":[-113.21411,37.72728]}},{"type":"Feature","properties":{"i":0.17},"geometry":{"type":"Point","coordinates":[-113.19214,37.72728]}},{"type":"Feature","properties":{"i":0.49},"geometry":{"type":"Point","coordinates":[-113.14819,37.72728]}},{"type":"Feature","properties":{"i":0.04},"geometry":{"type":"Point","coordinates":[-117.05933,37.29154]}},{"type":"Feature","properties":{"i":0.05},"geometry":{"type":"Point","coordinates":[-117.03735,37.29154]}},{"type":"Feature","properties":{"i":0.16},"geometry":{"type":"Point","coordinates":[-117.03735,37.27405]}},{"type":"Feature","properties":{"i":0.16},"geometry":{"type":"Point","coordinates":[-117.01538,37.27405]}},{"type":"Feature","properties":{"i":0.24},"geometry":{"type":"Point","coordinates":[-116.75171,36.99378]}},{"type":"Feature","properties":{"i":0.39},"geometry":{"type":"Point","coordinates":[-116.77368,36.90598]}},{"type":"Feature","properties":{"i":0.55},"geometry":{"type":"Point","coordinates":[-116.75171,36.90598]}},{"type":"Feature","properties":{"i":0.23},"geometry":{"type":"Point","coordinates":[-116.75171,36.88841]}},{"type":"Feature","properties":{"i":0.14},"geometry":{"type":"Point","coordinates":[-116.77368,36.87083]}},{"type":"Feature","properties":{"i":0.47},"geometry":{"type":"Point","coordinates":[-116.75171,36.87083]}},{"type":"Feature","properties":{"i":0.14},"geometry":{"type":"Point","coordinates":[-116.77368,36.85325]}},{"type":"Feature","properties":{"i":0.3},"geometry":{"type":"Point","coordinates":[-116.44409,37.7099]}},{"type":"Feature","properties":{"i":0.16},"geometry":{"type":"Point","coordinates":[-115.74097,37.64033]}},{"type":"Feature","properties":{"i":0.23},"geometry":{"type":"Point","coordinates":[-115.6311,37.64033]}},{"type":"Feature","properties":{"i":0.41},"geometry":{"type":"Point","coordinates":[-115.6311,37.62293]}},{"type":"Feature","properties":{"i":0.14},"geometry":{"type":"Point","coordinates":[-115.89478,37.58812]}},{"type":"Feature","properties":{"i":0.25},"geometry":{"type":"Point","coordinates":[-115.82886,37.23908]}},{"type":"Feature","properties":{"i":0.85},"geometry":{"type":"Point","coordinates":[-115.80688,37.23908]}},{"type":"Feature","properties":{"i":0.56},"geometry":{"type":"Point","coordinates":[-116.15845,37.22158]}},{"type":"Feature","properties":{"i":0.56},"geometry":{"type":"Point","coordinates":[-116.13647,37.22158]}},{"type":"Feature","properties":{"i":0.16},"geometry":{"type":"Point","coordinates":[-115.80688,37.22158]}},{"type":"Feature","properties":{"i":0.07},"geometry":{"type":"Point","coordinates":[-116.15845,37.20408]}},{"type":"Feature","properties":{"i":0.55},"geometry":{"type":"Point","coordinates":[-116.15845,37.18658]}},{"type":"Feature","properties":{"i":0.98},"geometry":{"type":"Point","coordinates":[-116.04858,37.01133]}},{"type":"Feature","properties":{"i":0.03},"geometry":{"type":"Point","coordinates":[-116.02661,37.01133]}},{"type":"Feature","properties":{"i":0.1},"geometry":{"type":"Point","coordinates":[-116.02661,36.99378]}},{"type":"Feature","properties":{"i":0.9},"geometry":{"type":"Point","coordinates":[-116.02661,36.97623]}},{"type":"Feature","properties":{"i":0.61},"geometry":{"type":"Point","coordinates":[-116.04858,36.95867]}},{"type":"Feature","properties":{"i":0.09},"geometry":{"type":"Point","coordinates":[-116.70776,36.94111]}},{"type":"Feature","properties":{"i":0.27},"geometry":{"type":"Point","coordinates":[-116.64185,36.94111]}},{"type":"Feature","properties":{"i":0.19},"geometry":{"type":"Point","coordinates":[-116.61987,36.94111]}},{"type":"Feature","properties":{"i":0.3},"geometry":{"type":"Point","coordinates":[-116.04858,36.94111]}},{"type":"Feature","properties":{"i":0.12},"geometry":{"type":"Point","coordinates":[-116.02661,36.94111]}},{"type":"Feature","properties":{"i":0.19},"geometry":{"type":"Point","coordinates":[-115.96069,36.94111]}},{"type":"Feature","properties":{"i":1},"geometry":{"type":"Point","coordinates":[-116.04858,36.90598]}},{"type":"Feature","properties":{"i":1},"geometry":{"type":"Point","coordinates":[-116.02661,36.90598]}},{"type":"Feature","properties":{"i":1},"geometry":{"type":"Point","coordinates":[-116.04858,36.88841]}},{"type":"Feature","properties":{"i":0.44},"geometry":{"type":"Point","coordinates":[-116.02661,36.88841]}},{"type":"Feature","properties":{"i":0.16},"geometry":{"type":"Point","coordinates":[-115.96069,36.85325]}},{"type":"Feature","properties":{"i":0.9},"geometry":{"type":"Point","coordinates":[-116.1145,36.78289]}},{"type":"Feature","properties":{"i":0.56},"geometry":{"type":"Point","coordinates":[-116.68579,36.76529]}},{"type":"Feature","properties":{"i":1},"geometry":{"type":"Point","coordinates":[-116.1145,36.76529]}},{"type":"Feature","properties":{"i":0.92},"geometry":{"type":"Point","coordinates":[-116.00464,36.65961]}},{"type":"Feature","properties":{"i":0.92},"geometry":{"type":"Point","coordinates":[-115.98267,36.65961]}},{"type":"Feature","properties":{"i":0.58},"geometry":{"type":"Point","coordinates":[-116.40015,36.64198]}},{"type":"Feature","properties":{"i":0.57},"geometry":{"type":"Point","coordinates":[-116.00464,36.64198]}},{"type":"Feature","properties":{"i":0.07},"geometry":{"type":"Point","coordinates":[-115.98267,36.64198]}},{"type":"Feature","properties":{"i":0.02},"geometry":{"type":"Point","coordinates":[-115.67505,36.60671]}},{"type":"Feature","properties":{"i":0.82},"geometry":{"type":"Point","coordinates":[-114.46655,37.7099]}},{"type":"Feature","properties":{"i":1},"geometry":{"type":"Point","coordinates":[-114.44458,37.7099]}},{"type":"Feature","properties":{"i":0.7},"geometry":{"type":"Point","coordinates":[-114.5105,37.62293]}},{"type":"Feature","properties":{"i":0.4},"geometry":{"type":"Point","coordinates":[-114.48853,37.62293]}},{"type":"Feature","properties":{"i":0.32},"geometry":{"type":"Point","coordinates":[-114.53247,37.60553]}},{"type":"Feature","properties":{"i":0.7},"geometry":{"type":"Point","coordinates":[-114.5105,37.60553]}},{"type":"Feature","properties":{"i":0.4},"geometry":{"type":"Point","coordinates":[-114.48853,37.60553]}},{"type":"Feature","properties":{"i":0.35},"geometry":{"type":"Point","coordinates":[-115.19165,37.46614]}},{"type":"Feature","properties":{"i":0.43},"geometry":{"type":"Point","coordinates":[-115.19165,37.4487]}},{"type":"Feature","properties":{"i":0.59},"geometry":{"type":"Point","coordinates":[-115.16968,37.36143]}},{"type":"Feature","properties":{"i":0.77},"geometry":{"type":"Point","coordinates":[-115.14771,37.36143]}},{"type":"Feature","properties":{"i":0.27},"geometry":{"type":"Point","coordinates":[-114.2688,37.36143]}},{"type":"Feature","properties":{"i":0.45},"geometry":{"type":"Point","coordinates":[-114.24683,37.36143]}},{"type":"Feature","properties":{"i":0.05},"geometry":{"type":"Point","coordinates":[-114.9939,36.97623]}},{"type":"Feature","properties":{"i":0.65},"geometry":{"type":"Point","coordinates":[-114.97192,36.97623]}},{"type":"Feature","properties":{"i":0.38},"geometry":{"type":"Point","coordinates":[-113.93921,36.92355]}},{"type":"Feature","properties":{"i":0.47},"geometry":{"type":"Point","coordinates":[-113.91724,36.92355]}},{"type":"Feature","properties":{"i":0.17},"geometry":{"type":"Point","coordinates":[-113.96118,36.90598]}},{"type":"Feature","properties":{"i":0.62},"geometry":{"type":"Point","coordinates":[-113.93921,36.90598]}},{"type":"Feature","properties":{"i":0.6},"geometry":{"type":"Point","coordinates":[-113.91724,36.90598]}},{"type":"Feature","properties":{"i":0.08},"geometry":{"type":"Point","coordinates":[-114.09302,36.88841]}},{"type":"Feature","properties":{"i":1},"geometry":{"type":"Point","coordinates":[-113.93921,36.88841]}},{"type":"Feature","properties":{"i":0.76},"geometry":{"type":"Point","coordinates":[-113.91724,36.88841]}},{"type":"Feature","properties":{"i":0.15},"geometry":{"type":"Point","coordinates":[-114.11499,36.85325]}},{"type":"Feature","properties":{"i":0.16},"geometry":{"type":"Point","coordinates":[-114.13696,36.83567]}},{"type":"Feature","properties":{"i":0.81},"geometry":{"type":"Point","coordinates":[-114.11499,36.83567]}},{"type":"Feature","properties":{"i":0.63},"geometry":{"type":"Point","coordinates":[-114.09302,36.83567]}},{"type":"Feature","properties":{"i":0.82},"geometry":{"type":"Point","coordinates":[-114.07104,36.83567]}},{"type":"Feature","properties":{"i":0.57},"geometry":{"type":"Point","coordinates":[-114.04907,36.83567]}},{"type":"Feature","properties":{"i":0.04},"geometry":{"type":"Point","coordinates":[-114.0271,36.83567]}},{"type":"Feature","properties":{"i":0.73},"geometry":{"type":"Point","coordinates":[-114.13696,36.81808]}},{"type":"Feature","properties":{"i":0.78},"geometry":{"type":"Point","coordinates":[-114.11499,36.81808]}},{"type":"Feature","properties":{"i":0.98},"geometry":{"type":"Point","coordinates":[-114.09302,36.81808]}},{"type":"Feature","properties":{"i":1},"geometry":{"type":"Point","coordinates":[-114.07104,36.81808]}},{"type":"Feature","properties":{"i":1},"geometry":{"type":"Point","coordinates":[-114.04907,36.81808]}},{"type":"Feature","properties":{"i":0.19},"geometry":{"type":"Point","coordinates":[-114.0271,36.81808]}},{"type":"Feature","properties":{"i":0.14},"geometry":{"type":"Point","coordinates":[-114.00513,36.81808]}},{"type":"Feature","properties":{"i":0.34},"geometry":{"type":"Point","coordinates":[-114.92798,36.80049]}},{"type":"Feature","properties":{"i":0.13},"geometry":{"type":"Point","coordinates":[-114.64233,36.80049]}},{"type":"Feature","properties":{"i":0.15},"geometry":{"type":"Point","coordinates":[-114.18091,36.80049]}},{"type":"Feature","properties":{"i":0.14},"geometry":{"type":"Point","coordinates":[-114.15894,36.80049]}},{"type":"Feature","properties":{"i":0.36},"geometry":{"type":"Point","coordinates":[-114.13696,36.80049]}},{"type":"Feature","properties":{"i":1},"geometry":{"type":"Point","coordinates":[-114.11499,36.80049]}},{"type":"Feature","properties":{"i":1},"geometry":{"type":"Point","coordinates":[-114.09302,36.80049]}},{"type":"Feature","properties":{"i":1},"geometry":{"type":"Point","coordinates":[-114.07104,36.80049]}},{"type":"Feature","properties":{"i":1},"geometry":{"type":"Point","coordinates":[-114.04907,36.80049]}},{"type":"Feature","properties":{"i":0.27},"geometry":{"type":"Point","coordinates":[-114.0271,36.80049]}},{"type":"Feature","properties":{"i":0.24},"geometry":{"type":"Point","coordinates":[-114.00513,36.80049]}},{"type":"Feature","properties":{"i":0.07},"geometry":{"type":"Point","coordinates":[-113.98315,36.80049]}},{"type":"Feature","properties":{"i":0.13},"geometry":{"type":"Point","coordinates":[-114.64233,36.78289]}},{"type":"Feature","properties":{"i":0.95},"geometry":{"type":"Point","coordinates":[-114.13696,36.78289]}},{"type":"Feature","properties":{"i":0.87},"geometry":{"type":"Point","coordinates":[-114.11499,36.78289]}},{"type":"Feature","properties":{"i":1},"geometry":{"type":"Point","coordinates":[-114.09302,36.78289]}},{"type":"Feature","properties":{"i":0.52},"geometry":{"type":"Point","coordinates":[-114.07104,36.78289]}},{"type":"Feature","properties":{"i":0.25},"geometry":{"type":"Point","coordinates":[-114.0271,36.78289]}},{"type":"Feature","properties":{"i":0.37},"geometry":{"type":"Point","coordinates":[-114.00513,36.78289]}},{"type":"Feature","properties":{"i":0.36},"geometry":{"type":"Point","coordinates":[-113.98315,36.78289]}},{"type":"Feature","properties":{"i":0.67},"geometry":{"type":"Point","coordinates":[-114.13696,36.76529]}},{"type":"Feature","properties":{"i":0.66},"geometry":{"type":"Point","coordinates":[-114.11499,36.76529]}},{"type":"Feature","properties":{"i":0.22},"geometry":{"type":"Point","coordinates":[-114.0271,36.76529]}},{"type":"Feature","properties":{"i":0.26},"geometry":{"type":"Point","coordinates":[-114.00513,36.76529]}},{"type":"Feature","properties":{"i":0.13},"geometry":{"type":"Point","coordinates":[-113.98315,36.76529]}},{"type":"Feature","properties":{"i":0.09},"geometry":{"type":"Point","coordinates":[-114.70825,36.71247]}},{"type":"Feature","properties":{"i":0.31},"geometry":{"type":"Point","coordinates":[-114.62036,36.69485]}},{"type":"Feature","properties":{"i":0.45},"geometry":{"type":"Point","coordinates":[-114.66431,36.67723]}},{"type":"Feature","properties":{"i":0.45},"geometry":{"type":"Point","coordinates":[-114.64233,36.67723]}},{"type":"Feature","properties":{"i":0.33},"geometry":{"type":"Point","coordinates":[-114.62036,36.67723]}},{"type":"Feature","properties":{"i":0.38},"geometry":{"type":"Point","coordinates":[-114.59839,36.67723]}},{"type":"Feature","properties":{"i":0.38},"geometry":{"type":"Point","coordinates":[-114.57642,36.67723]}},{"type":"Feature","properties":{"i":0.29},"geometry":{"type":"Point","coordinates":[-114.53247,36.67723]}},{"type":"Feature","properties":{"i":0.3},"geometry":{"type":"Point","coordinates":[-114.5105,36.67723]}},{"type":"Feature","properties":{"i":0.45},"geometry":{"type":"Point","coordinates":[-114.66431,36.65961]}},{"type":"Feature","properties":{"i":0.82},"geometry":{"type":"Point","coordinates":[-114.64233,36.65961]}},{"type":"Feature","properties":{"i":0.8},"geometry":{"type":"Point","coordinates":[-114.62036,36.65961]}},{"type":"Feature","properties":{"i":0.37},"geometry":{"type":"Point","coordinates":[-114.59839,36.65961]}},{"type":"Feature","properties":{"i":0.8},"geometry":{"type":"Point","coordinates":[-114.57642,36.65961]}},{"type":"Feature","properties":{"i":0.81},"geometry":{"type":"Point","coordinates":[-114.55444,36.65961]}},{"type":"Feature","properties":{"i":0.02},"geometry":{"type":"Point","coordinates":[-114.5105,36.65961]}},{"type":"Feature","properties":{"i":0.12},"geometry":{"type":"Point","coordinates":[-114.59839,36.64198]}},{"type":"Feature","properties":{"i":0.62},"geometry":{"type":"Point","coordinates":[-114.57642,36.64198]}},{"type":"Feature","properties":{"i":0.63},"geometry":{"type":"Point","coordinates":[-114.55444,36.64198]}},{"type":"Feature","properties":{"i":0.24},"geometry":{"type":"Point","coordinates":[-114.48853,36.62435]}},{"type":"Feature","properties":{"i":0.84},"geometry":{"type":"Point","coordinates":[-114.48853,36.60671]}},{"type":"Feature","properties":{"i":0.97},"geometry":{"type":"Point","coordinates":[-114.46655,36.60671]}},{"type":"Feature","properties":{"i":0.38},"geometry":{"type":"Point","coordinates":[-113.65356,37.7099]}},{"type":"Feature","properties":{"i":0.41},"geometry":{"type":"Point","coordinates":[-113.63159,37.7099]}},{"type":"Feature","properties":{"i":0.69},"geometry":{"type":"Point","coordinates":[-113.19214,37.7099]}},{"type":"Feature","properties":{"i":0.09},"geometry":{"type":"Point","coordinates":[-113.17017,37.7099]}},{"type":"Feature","properties":{"i":0.25},"geometry":{"type":"Point","coordinates":[-113.65356,37.69251]}},{"type":"Feature","properties":{"i":0.25},"geometry":{"type":"Point","coordinates":[-113.19214,37.69251]}},{"type":"Feature","properties":{"i":1},"geometry":{"type":"Point","coordinates":[-113.17017,37.69251]}},{"type":"Feature","properties":{"i":1},"geometry":{"type":"Point","coordinates":[-113.14819,37.69251]}},{"type":"Feature","properties":{"i":0.32},"geometry":{"type":"Point","coordinates":[-113.65356,37.67513]}},{"type":"Feature","properties":{"i":0.24},"geometry":{"type":"Point","coordinates":[-113.56567,37.67513]}},{"type":"Feature","properties":{"i":0.29},"geometry":{"type":"Point","coordinates":[-113.5437,37.67513]}},{"type":"Feature","properties":{"i":0.08},"geometry":{"type":"Point","coordinates":[-113.19214,37.67513]}},{"type":"Feature","properties":{"i":0.79},"geometry":{"type":"Point","coordinates":[-113.17017,37.67513]}},{"type":"Feature","properties":{"i":0.7},"geometry":{"type":"Point","coordinates":[-113.14819,37.67513]}},{"type":"Feature","properties":{"i":0.61},"geometry":{"type":"Point","coordinates":[-113.58765,37.65773]}},{"type":"Feature","properties":{"i":0.57},"geometry":{"type":"Point","coordinates":[-113.56567,37.65773]}},{"type":"Feature","properties":{"i":0.11},"geometry":{"type":"Point","coordinates":[-113.5437,37.65773]}},{"type":"Feature","properties":{"i":0.3},"geometry":{"type":"Point","coordinates":[-113.14819,37.65773]}},{"type":"Feature","properties":{"i":0.62},"geometry":{"type":"Point","coordinates":[-113.34595,37.64033]}},{"type":"Feature","properties":{"i":0.39},"geometry":{"type":"Point","coordinates":[-113.32397,37.64033]}},{"type":"Feature","properties":{"i":0.03},"geometry":{"type":"Point","coordinates":[-113.21411,37.64033]}},{"type":"Feature","properties":{"i":0.23},"geometry":{"type":"Point","coordinates":[-113.14819,37.64033]}},{"type":"Feature","properties":{"i":0.53},"geometry":{"type":"Point","coordinates":[-113.17017,37.60553]}},{"type":"Feature","properties":{"i":0.53},"geometry":{"type":"Point","coordinates":[-113.14819,37.60553]}},{"type":"Feature","properties":{"i":0.17},"geometry":{"type":"Point","coordinates":[-113.71948,37.58812]}},{"type":"Feature","properties":{"i":0.28},"geometry":{"type":"Point","coordinates":[-113.69751,37.58812]}},{"type":"Feature","properties":{"i":0.1},"geometry":{"type":"Point","coordinates":[-113.17017,37.58812]}},{"type":"Feature","properties":{"i":0.1},"geometry":{"type":"Point","coordinates":[-113.14819,37.58812]}},{"type":"Feature","properties":{"i":0.46},"geometry":{"type":"Point","coordinates":[-113.71948,37.57071]}},{"type":"Feature","properties":{"i":0.52},"geometry":{"type":"Point","coordinates":[-113.69751,37.57071]}},{"type":"Feature","properties":{"i":0.16},"geometry":{"type":"Point","coordinates":[-113.17017,37.53587]}},{"type":"Feature","properties":{"i":0.27},"geometry":{"type":"Point","coordinates":[-113.21411,37.51844]}},{"type":"Feature","properties":{"i":0.36},"geometry":{"type":"Point","coordinates":[-113.21411,37.50101]}},{"type":"Feature","properties":{"i":0.1},"geometry":{"type":"Point","coordinates":[-113.302,37.46614]}},{"type":"Feature","properties":{"i":0.08},"geometry":{"type":"Point","coordinates":[-113.60962,37.4138]}},{"type":"Feature","properties":{"i":0.04},"geometry":{"type":"Point","coordinates":[-113.67554,37.36143]}},{"type":"Feature","properties":{"i":1},"geometry":{"type":"Point","coordinates":[-113.25806,37.36143]}},{"type":"Feature","properties":{"i":0.17},"geometry":{"type":"Point","coordinates":[-113.69751,37.34396]}},{"type":"Feature","properties":{"i":0.17},"geometry":{"type":"Point","coordinates":[-113.69751,37.32649]}},{"type":"Feature","properties":{"i":0.03},"geometry":{"type":"Point","coordinates":[-113.67554,37.29154]}},{"type":"Feature","properties":{"i":0.42},"geometry":{"type":"Point","coordinates":[-113.32397,37.27405]}},{"type":"Feature","properties":{"i":0.76},"geometry":{"type":"Point","coordinates":[-113.302,37.27405]}},{"type":"Feature","properties":{"i":0.07},"geometry":{"type":"Point","coordinates":[-113.60962,37.25657]}},{"type":"Feature","properties":{"i":0.25},"geometry":{"type":"Point","coordinates":[-113.28003,37.25657]}},{"type":"Feature","properties":{"i":0.08},"geometry":{"type":"Point","coordinates":[-113.60962,37.23908]}},{"type":"Feature","properties":{"i":0.18},"geometry":{"type":"Point","coordinates":[-113.36792,37.23908]}},{"type":"Feature","properties":{"i":0.18},"geometry":{"type":"Point","coordinates":[-113.34595,37.23908]}},{"type":"Feature","properties":{"i":0.17},"geometry":{"type":"Point","coordinates":[-113.302,37.23908]}},{"type":"Feature","properties":{"i":0.15},"geometry":{"type":"Point","coordinates":[-113.28003,37.23908]}},{"type":"Feature","properties":{"i":0.12},"geometry":{"type":"Point","coordinates":[-113.25806,37.23908]}},{"type":"Feature","properties":{"i":0.09},"geometry":{"type":"Point","coordinates":[-113.36792,37.22158]}},{"type":"Feature","properties":{"i":0.16},"geometry":{"type":"Point","coordinates":[-113.34595,37.22158]}},{"type":"Feature","properties":{"i":0.33},"geometry":{"type":"Point","coordinates":[-113.28003,37.22158]}},{"type":"Feature","properties":{"i":0.27},"geometry":{"type":"Point","coordinates":[-113.25806,37.22158]}},{"type":"Feature","properties":{"i":0.35},"geometry":{"type":"Point","coordinates":[-113.63159,37.20408]}},{"type":"Feature","properties":{"i":0.25},"geometry":{"type":"Point","coordinates":[-113.60962,37.20408]}},{"type":"Feature","properties":{"i":0.11},"geometry":{"type":"Point","coordinates":[-113.38989,37.20408]}},{"type":"Feature","properties":{"i":0.74},"geometry":{"type":"Point","coordinates":[-113.28003,37.20408]}},{"type":"Feature","properties":{"i":0.75},"geometry":{"type":"Point","coordinates":[-113.25806,37.20408]}},{"type":"Feature","properties":{"i":0.21},"geometry":{"type":"Point","coordinates":[-113.19214,37.20408]}},{"type":"Feature","properties":{"i":0.53},"geometry":{"type":"Point","coordinates":[-113.17017,37.20408]}},{"type":"Feature","properties":{"i":0.27},"geometry":{"type":"Point","coordinates":[-113.71948,37.18658]}},{"type":"Feature","properties":{"i":0.47},"geometry":{"type":"Point","coordinates":[-113.65356,37.18658]}},{"type":"Feature","properties":{"i":0.36},"geometry":{"type":"Point","coordinates":[-113.63159,37.18658]}},{"type":"Feature","properties":{"i":0.41},"geometry":{"type":"Point","coordinates":[-113.60962,37.18658]}},{"type":"Feature","properties":{"i":0.59},"geometry":{"type":"Point","coordinates":[-113.41187,37.18658]}},{"type":"Feature","properties":{"i":0.56},"geometry":{"type":"Point","coordinates":[-113.38989,37.18658]}},{"type":"Feature","properties":{"i":0.75},"geometry":{"type":"Point","coordinates":[-113.36792,37.18658]}},{"type":"Feature","properties":{"i":0.63},"geometry":{"type":"Point","coordinates":[-113.34595,37.18658]}},{"type":"Feature","properties":{"i":0.95},"geometry":{"type":"Point","coordinates":[-113.32397,37.18658]}},{"type":"Feature","properties":{"i":1},"geometry":{"type":"Point","coordinates":[-113.302,37.18658]}},{"type":"Feature","properties":{"i":0.73},"geometry":{"type":"Point","coordinates":[-113.28003,37.18658]}},{"type":"Feature","properties":{"i":0.48},"geometry":{"type":"Point","coordinates":[-113.25806,37.18658]}},{"type":"Feature","properties":{"i":0.11},"geometry":{"type":"Point","coordinates":[-113.17017,37.18658]}},{"type":"Feature","properties":{"i":0.37},"geometry":{"type":"Point","coordinates":[-113.69751,37.16907]}},{"type":"Feature","properties":{"i":0.65},"geometry":{"type":"Point","coordinates":[-113.67554,37.16907]}},{"type":"Feature","properties":{"i":0.53},"geometry":{"type":"Point","coordinates":[-113.65356,37.16907]}},{"type":"Feature","properties":{"i":0.65},"geometry":{"type":"Point","coordinates":[-113.63159,37.16907]}},{"type":"Feature","properties":{"i":0.31},"geometry":{"type":"Point","coordinates":[-113.52173,37.16907]}},{"type":"Feature","properties":{"i":0.97},"geometry":{"type":"Point","coordinates":[-113.45581,37.16907]}},{"type":"Feature","properties":{"i":1},"geometry":{"type":"Point","coordinates":[-113.43384,37.16907]}},{"type":"Feature","properties":{"i":1},"geometry":{"type":"Point","coordinates":[-113.41187,37.16907]}},{"type":"Feature","properties":{"i":1},"geometry":{"type":"Point","coordinates":[-113.38989,37.16907]}},{"type":"Feature","properties":{"i":0.98},"geometry":{"type":"Point","coordinates":[-113.36792,37.16907]}},{"type":"Feature","properties":{"i":0.76},"geometry":{"type":"Point","coordinates":[-113.34595,37.16907]}},{"type":"Feature","properties":{"i":1},"geometry":{"type":"Point","coordinates":[-113.32397,37.16907]}},{"type":"Feature","properties":{"i":1},"geometry":{"type":"Point","coordinates":[-113.302,37.16907]}},{"type":"Feature","properties":{"i":0.73},"geometry":{"type":"Point","coordinates":[-113.28003,37.16907]}},{"type":"Feature","properties":{"i":0.07},"geometry":{"type":"Point","coordinates":[-113.25806,37.16907]}},{"type":"Feature","properties":{"i":0.07},"geometry":{"type":"Point","coordinates":[-113.74146,37.15156]}},{"type":"Feature","properties":{"i":0.07},"geometry":{"type":"Point","coordinates":[-113.71948,37.15156]}},{"type":"Feature","properties":{"i":0.34},"geometry":{"type":"Point","coordinates":[-113.69751,37.15156]}},{"type":"Feature","properties":{"i":0.76},"geometry":{"type":"Point","coordinates":[-113.67554,37.15156]}},{"type":"Feature","properties":{"i":0.8},"geometry":{"type":"Point","coordinates":[-113.65356,37.15156]}},{"type":"Feature","properties":{"i":0.63},"geometry":{"type":"Point","coordinates":[-113.63159,37.15156]}},{"type":"Feature","properties":{"i":0.28},"geometry":{"type":"Point","coordinates":[-113.60962,37.15156]}},{"type":"Feature","properties":{"i":0.04},"geometry":{"type":"Point","coordinates":[-113.58765,37.15156]}},{"type":"Feature","properties":{"i":0.44},"geometry":{"type":"Point","coordinates":[-113.5437,37.15156]}},{"type":"Feature","properties":{"i":0.85},"geometry":{"type":"Point","coordinates":[-113.52173,37.15156]}},{"type":"Feature","properties":{"i":0.81},"geometry":{"type":"Point","coordinates":[-113.49976,37.15156]}},{"type":"Feature","properties":{"i":1},"geometry":{"type":"Point","coordinates":[-113.47778,37.15156]}},{"type":"Feature","properties":{"i":0.97},"geometry":{"type":"Point","coordinates":[-113.45581,37.15156]}},{"type":"Feature","properties":{"i":0.94},"geometry":{"type":"Point","coordinates":[-113.43384,37.15156]}},{"type":"Feature","properties":{"i":1},"geometry":{"type":"Point","coordinates":[-113.41187,37.15156]}},{"type":"Feature","properties":{"i":1},"geometry":{"type":"Point","coordinates":[-113.38989,37.15156]}},{"type":"Feature","properties":{"i":0.5},"geometry":{"type":"Point","coordinates":[-113.36792,37.15156]}},{"type":"Feature","properties":{"i":0.09},"geometry":{"type":"Point","coordinates":[-113.34595,37.15156]}},{"type":"Feature","properties":{"i":0.42},"geometry":{"type":"Point","coordinates":[-113.302,37.15156]}},{"type":"Feature","properties":{"i":0.25},"geometry":{"type":"Point","coordinates":[-113.28003,37.15156]}},{"type":"Feature","properties":{"i":0.1},"geometry":{"type":"Point","coordinates":[-113.25806,37.15156]}},{"type":"Feature","properties":{"i":0.61},"geometry":{"type":"Point","coordinates":[-113.67554,37.13405]}},{"type":"Feature","properties":{"i":0.92},"geometry":{"type":"Point","coordinates":[-113.65356,37.13405]}},{"type":"Feature","properties":{"i":0.83},"geometry":{"type":"Point","coordinates":[-113.63159,37.13405]}},{"type":"Feature","properties":{"i":0.97},"geometry":{"type":"Point","coordinates":[-113.60962,37.13405]}},{"type":"Feature","properties":{"i":0.73},"geometry":{"type":"Point","coordinates":[-113.58765,37.13405]}},{"type":"Feature","properties":{"i":0.03},"geometry":{"type":"Point","coordinates":[-113.56567,37.13405]}},{"type":"Feature","properties":{"i":0.72},"geometry":{"type":"Point","coordinates":[-113.5437,37.13405]}},{"type":"Feature","properties":{"i":0.93},"geometry":{"type":"Point","coordinates":[-113.52173,37.13405]}},{"type":"Feature","properties":{"i":0.91},"geometry":{"type":"Point","coordinates":[-113.49976,37.13405]}},{"type":"Feature","properties":{"i":1},"geometry":{"type":"Point","coordinates":[-113.47778,37.13405]}},{"type":"Feature","properties":{"i":0.69},"geometry":{"type":"Point","coordinates":[-113.45581,37.13405]}},{"type":"Feature","properties":{"i":0.35},"geometry":{"type":"Point","coordinates":[-113.43384,37.13405]}},{"type":"Feature","properties":{"i":0.44},"geometry":{"type":"Point","coordinates":[-113.41187,37.13405]}},{"type":"Feature","properties":{"i":0.62},"geometry":{"type":"Point","coordinates":[-113.38989,37.13405]}},{"type":"Feature","properties":{"i":0.81},"geometry":{"type":"Point","coordinates":[-113.36792,37.13405]}},{"type":"Feature","properties":{"i":0.28},"geometry":{"type":"Point","coordinates":[-113.34595,37.13405]}},{"type":"Feature","properties":{"i":0.38},"geometry":{"type":"Point","coordinates":[-113.32397,37.13405]}},{"type":"Feature","properties":{"i":0.32},"geometry":{"type":"Point","coordinates":[-113.302,37.13405]}},{"type":"Feature","properties":{"i":0.05},"geometry":{"type":"Point","coordinates":[-113.23608,37.13405]}},{"type":"Feature","properties":{"i":0.37},"geometry":{"type":"Point","coordinates":[-113.65356,37.11653]}},{"type":"Feature","properties":{"i":1},"geometry":{"type":"Point","coordinates":[-113.63159,37.11653]}},{"type":"Feature","properties":{"i":1},"geometry":{"type":"Point","coordinates":[-113.60962,37.11653]}},{"type":"Feature","properties":{"i":0.96},"geometry":{"type":"Point","coordinates":[-113.58765,37.11653]}},{"type":"Feature","properties":{"i":1},"geometry":{"type":"Point","coordinates":[-113.56567,37.11653]}},{"type":"Feature","properties":{"i":1},"geometry":{"type":"Point","coordinates":[-113.5437,37.11653]}},{"type":"Feature","properties":{"i":1},"geometry":{"type":"Point","coordinates":[-113.52173,37.11653]}},{"type":"Feature","properties":{"i":1},"geometry":{"type":"Point","coordinates":[-113.49976,37.11653]}},{"type":"Feature","properties":{"i":1},"geometry":{"type":"Point","coordinates":[-113.47778,37.11653]}},{"type":"Feature","properties":{"i":0.85},"geometry":{"type":"Point","coordinates":[-113.45581,37.11653]}},{"type":"Feature","properties":{"i":0.68},"geometry":{"type":"Point","coordinates":[-113.43384,37.11653]}},{"type":"Feature","properties":{"i":0.53},"geometry":{"type":"Point","coordinates":[-113.41187,37.11653]}},{"type":"Feature","properties":{"i":0.45},"geometry":{"type":"Point","coordinates":[-113.38989,37.11653]}},{"type":"Feature","properties":{"i":0.18},"geometry":{"type":"Point","coordinates":[-113.36792,37.11653]}},{"type":"Feature","properties":{"i":0.1},"geometry":{"type":"Point","coordinates":[-113.34595,37.11653]}},{"type":"Feature","properties":{"i":0.24},"geometry":{"type":"Point","coordinates":[-113.32397,37.11653]}},{"type":"Feature","properties":{"i":0.24},"geometry":{"type":"Point","coordinates":[-113.302,37.11653]}},{"type":"Feature","properties":{"i":0.53},"geometry":{"type":"Point","coordinates":[-113.65356,37.099]}},{"type":"Feature","properties":{"i":0.86},"geometry":{"type":"Point","coordinates":[-113.63159,37.099]}},{"type":"Feature","properties":{"i":0.84},"geometry":{"type":"Point","coordinates":[-113.60962,37.099]}},{"type":"Feature","properties":{"i":1},"geometry":{"type":"Point","coordinates":[-113.58765,37.099]}},{"type":"Feature","properties":{"i":1},"geometry":{"type":"Point","coordinates":[-113.56567,37.099]}},{"type":"Feature","properties":{"i":1},"geometry":{"type":"Point","coordinates":[-113.5437,37.099]}},{"type":"Feature","properties":{"i":1},"geometry":{"type":"Point","coordinates":[-113.52173,37.099]}},{"type":"Feature","properties":{"i":0.91},"geometry":{"type":"Point","coordinates":[-113.49976,37.099]}},{"type":"Feature","properties":{"i":1},"geometry":{"type":"Point","coordinates":[-113.47778,37.099]}},{"type":"Feature","properties":{"i":0.8},"geometry":{"type":"Point","coordinates":[-113.45581,37.099]}},{"type":"Feature","properties":{"i":0.68},"geometry":{"type":"Point","coordinates":[-113.43384,37.099]}},{"type":"Feature","properties":{"i":0.09},"geometry":{"type":"Point","coordinates":[-113.41187,37.099]}},{"type":"Feature","properties":{"i":0.18},"geometry":{"type":"Point","coordinates":[-113.38989,37.099]}},{"type":"Feature","properties":{"i":0.08},"geometry":{"type":"Point","coordinates":[-113.32397,37.099]}},{"type":"Feature","properties":{"i":0.14},"geometry":{"type":"Point","coordinates":[-113.302,37.099]}},{"type":"Feature","properties":{"i":0.04},"geometry":{"type":"Point","coordinates":[-113.69751,37.08148]}},{"type":"Feature","properties":{"i":0.88},"geometry":{"type":"Point","coordinates":[-113.63159,37.08148]}},{"type":"Feature","properties":{"i":1},"geometry":{"type":"Point","coordinates":[-113.60962,37.08148]}},{"type":"Feature","properties":{"i":1},"geometry":{"type":"Point","coordinates":[-113.58765,37.08148]}},{"type":"Feature","properties":{"i":1},"geometry":{"type":"Point","coordinates":[-113.56567,37.08148]}},{"type":"Feature","properties":{"i":1},"geometry":{"type":"Point","coordinates":[-113.5437,37.08148]}},{"type":"Feature","properties":{"i":1},"geometry":{"type":"Point","coordinates":[-113.52173,37.08148]}},{"type":"Feature","properties":{"i":0.95},"geometry":{"type":"Point","coordinates":[-113.49976,37.08148]}},{"type":"Feature","properties":{"i":0.91},"geometry":{"type":"Point","coordinates":[-113.47778,37.08148]}},{"type":"Feature","properties":{"i":0.17},"geometry":{"type":"Point","coordinates":[-113.45581,37.08148]}},{"type":"Feature","properties":{"i":0.05},"geometry":{"type":"Point","coordinates":[-113.43384,37.08148]}},{"type":"Feature","properties":{"i":0.02},"geometry":{"type":"Point","coordinates":[-113.41187,37.08148]}},{"type":"Feature","properties":{"i":0.03},"geometry":{"type":"Point","coordinates":[-113.36792,37.08148]}},{"type":"Feature","properties":{"i":0.03},"geometry":{"type":"Point","coordinates":[-113.34595,37.08148]}},{"type":"Feature","properties":{"i":0.03},"geometry":{"type":"Point","coordinates":[-113.67554,37.06394]}},{"type":"Feature","properties":{"i":0.14},"geometry":{"type":"Point","coordinates":[-113.65356,37.06394]}},{"type":"Feature","properties":{"i":0.37},"geometry":{"type":"Point","coordinates":[-113.63159,37.06394]}},{"type":"Feature","properties":{"i":0.67},"geometry":{"type":"Point","coordinates":[-113.60962,37.06394]}},{"type":"Feature","properties":{"i":1},"geometry":{"type":"Point","coordinates":[-113.58765,37.06394]}},{"type":"Feature","properties":{"i":0.62},"geometry":{"type":"Point","coordinates":[-113.56567,37.06394]}},{"type":"Feature","properties":{"i":0.9},"geometry":{"type":"Point","coordinates":[-113.5437,37.06394]}},{"type":"Feature","properties":{"i":0.95},"geometry":{"type":"Point","coordinates":[-113.52173,37.06394]}},{"type":"Feature","properties":{"i":0.95},"geometry":{"type":"Point","coordinates":[-113.49976,37.06394]}},{"type":"Feature","properties":{"i":0.9},"geometry":{"type":"Point","coordinates":[-113.47778,37.06394]}},{"type":"Feature","properties":{"i":0.19},"geometry":{"type":"Point","coordinates":[-113.45581,37.06394]}},{"type":"Feature","properties":{"i":0.07},"geometry":{"type":"Point","coordinates":[-113.43384,37.06394]}},{"type":"Feature","properties":{"i":0.15},"geometry":{"type":"Point","coordinates":[-113.65356,37.04641]}},{"type":"Feature","properties":{"i":0.67},"geometry":{"type":"Point","coordinates":[-113.63159,37.04641]}},{"type":"Feature","properties":{"i":0.74},"geometry":{"type":"Point","coordinates":[-113.60962,37.04641]}},{"type":"Feature","properties":{"i":0.94},"geometry":{"type":"Point","coordinates":[-113.58765,37.04641]}},{"type":"Feature","properties":{"i":0.98},"geometry":{"type":"Point","coordinates":[-113.56567,37.04641]}},{"type":"Feature","properties":{"i":1},"geometry":{"type":"Point","coordinates":[-113.5437,37.04641]}},{"type":"Feature","properties":{"i":1},"geometry":{"type":"Point","coordinates":[-113.52173,37.04641]}},{"type":"Feature","properties":{"i":1},"geometry":{"type":"Point","coordinates":[-113.49976,37.04641]}},{"type":"Feature","properties":{"i":0.62},"geometry":{"type":"Point","coordinates":[-113.47778,37.04641]}},{"type":"Feature","properties":{"i":0.14},"geometry":{"type":"Point","coordinates":[-113.45581,37.04641]}},{"type":"Feature","properties":{"i":0.04},"geometry":{"type":"Point","coordinates":[-113.43384,37.04641]}},{"type":"Feature","properties":{"i":0.1},"geometry":{"type":"Point","coordinates":[-113.67554,37.02887]}},{"type":"Feature","properties":{"i":0.7},"geometry":{"type":"Point","coordinates":[-113.63159,37.02887]}},{"type":"Feature","properties":{"i":1},"geometry":{"type":"Point","coordinates":[-113.60962,37.02887]}},{"type":"Feature","properties":{"i":1},"geometry":{"type":"Point","coordinates":[-113.58765,37.02887]}},{"type":"Feature","properties":{"i":1},"geometry":{"type":"Point","coordinates":[-113.56567,37.02887]}},{"type":"Feature","properties":{"i":1},"geometry":{"type":"Point","coordinates":[-113.5437,37.02887]}},{"type":"Feature","properties":{"i":0.78},"geometry":{"type":"Point","coordinates":[-113.52173,37.02887]}},{"type":"Feature","properties":{"i":1},"geometry":{"type":"Point","coordinates":[-113.49976,37.02887]}},{"type":"Feature","properties":{"i":0.64},"geometry":{"type":"Point","coordinates":[-113.47778,37.02887]}},{"type":"Feature","properties":{"i":0.03},"geometry":{"type":"Point","coordinates":[-113.45581,37.02887]}},{"type":"Feature","properties":{"i":0.07},"geometry":{"type":"Point","coordinates":[-113.67554,37.01133]}},{"type":"Feature","properties":{"i":0.63},"geometry":{"type":"Point","coordinates":[-113.63159,37.01133]}},{"type":"Feature","properties":{"i":1},"geometry":{"type":"Point","coordinates":[-113.60962,37.01133]}},{"type":"Feature","properties":{"i":1},"geometry":{"type":"Point","coordinates":[-113.58765,37.01133]}},{"type":"Feature","properties":{"i":0.46},"geometry":{"type":"Point","coordinates":[-113.56567,37.01133]}},{"type":"Feature","properties":{"i":0.89},"geometry":{"type":"Point","coordinates":[-113.5437,37.01133]}},{"type":"Feature","properties":{"i":0.75},"geometry":{"type":"Point","coordinates":[-113.52173,37.01133]}},{"type":"Feature","properties":{"i":1},"geometry":{"type":"Point","coordinates":[-113.49976,37.01133]}},{"type":"Feature","properties":{"i":1},"geometry":{"type":"Point","coordinates":[-113.47778,37.01133]}},{"type":"Feature","properties":{"i":0.05},"geometry":{"type":"Point","coordinates":[-113.45581,37.01133]}},{"type":"Feature","properties":{"i":0.8},"geometry":{"type":"Point","coordinates":[-113.65356,36.99378]}},{"type":"Feature","properties":{"i":0.8},"geometry":{"type":"Point","coordinates":[-113.63159,36.99378]}},{"type":"Feature","properties":{"i":0.27},"geometry":{"type":"Point","coordinates":[-113.60962,36.99378]}},{"type":"Feature","properties":{"i":0.73},"geometry":{"type":"Point","coordinates":[-113.58765,36.99378]}},{"type":"Feature","properties":{"i":0.22},"geometry":{"type":"Point","coordinates":[-113.56567,36.99378]}},{"type":"Feature","properties":{"i":0.89},"geometry":{"type":"Point","coordinates":[-113.5437,36.99378]}},{"type":"Feature","properties":{"i":0.76},"geometry":{"type":"Point","coordinates":[-113.52173,36.99378]}},{"type":"Feature","properties":{"i":0.76},"geometry":{"type":"Point","coordinates":[-113.49976,36.99378]}},{"type":"Feature","properties":{"i":0.55},"geometry":{"type":"Point","coordinates":[-113.47778,36.99378]}},{"type":"Feature","properties":{"i":0.02},"geometry":{"type":"Point","coordinates":[-113.45581,36.99378]}},{"type":"Feature","properties":{"i":0.82},"geometry":{"type":"Point","coordinates":[-113.65356,36.97623]}},{"type":"Feature","properties":{"i":0.82},"geometry":{"type":"Point","coordinates":[-113.63159,36.97623]}},{"type":"Feature","properties":{"i":0.46},"geometry":{"type":"Point","coordinates":[-113.63159,36.94111]}},{"type":"Feature","properties":{"i":0.44},"geometry":{"type":"Point","coordinates":[-113.63159,36.92355]}},{"type":"Feature","properties":{"i":0.71},"geometry":{"type":"Point","coordinates":[-113.89526,36.90598]}},{"type":"Feature","properties":{"i":0.72},"geometry":{"type":"Point","coordinates":[-113.89526,36.88841]}},{"type":"Feature","properties":{"i":0.19},"geometry":{"type":"Point","coordinates":[-116.86157,36.46547]}},{"type":"Feature","properties":{"i":0.17},"geometry":{"type":"Point","coordinates":[-116.86157,36.4478]}},{"type":"Feature","properties":{"i":0.67},"geometry":{"type":"Point","coordinates":[-115.69702,36.58907]}},{"type":"Feature","properties":{"i":1},"geometry":{"type":"Point","coordinates":[-115.67505,36.58907]}},{"type":"Feature","properties":{"i":1},"geometry":{"type":"Point","coordinates":[-115.65308,36.58907]}},{"type":"Feature","properties":{"i":0.21},"geometry":{"type":"Point","coordinates":[-116.46606,36.57142]}},{"type":"Feature","properties":{"i":0.52},"geometry":{"type":"Point","coordinates":[-115.69702,36.57142]}},{"type":"Feature","properties":{"i":1},"geometry":{"type":"Point","coordinates":[-115.67505,36.57142]}},{"type":"Feature","properties":{"i":0.92},"geometry":{"type":"Point","coordinates":[-115.65308,36.57142]}},{"type":"Feature","properties":{"i":0.15},"geometry":{"type":"Point","coordinates":[-115.60913,36.53612]}},{"type":"Feature","properties":{"i":0.18},"geometry":{"type":"Point","coordinates":[-115.58716,36.53612]}},{"type":"Feature","properties":{"i":0.53},"geometry":{"type":"Point","coordinates":[-115.56519,36.53612]}},{"type":"Feature","properties":{"i":0.13},"geometry":{"type":"Point","coordinates":[-116.42212,36.51847]}},{"type":"Feature","properties":{"i":0.22},"geometry":{"type":"Point","coordinates":[-116.40015,36.51847]}},{"type":"Feature","properties":{"i":0.18},"geometry":{"type":"Point","coordinates":[-116.18042,36.51847]}},{"type":"Feature","properties":{"i":0.18},"geometry":{"type":"Point","coordinates":[-115.60913,36.51847]}},{"type":"Feature","properties":{"i":1},"geometry":{"type":"Point","coordinates":[-115.58716,36.51847]}},{"type":"Feature","properties":{"i":1},"geometry":{"type":"Point","coordinates":[-115.56519,36.51847]}},{"type":"Feature","properties":{"i":1},"geometry":{"type":"Point","coordinates":[-115.54321,36.51847]}},{"type":"Feature","properties":{"i":0.04},"geometry":{"type":"Point","coordinates":[-115.52124,36.51847]}},{"type":"Feature","properties":{"i":0.07},"geometry":{"type":"Point","coordinates":[-116.46606,36.50081]}},{"type":"Feature","properties":{"i":0.18},"geometry":{"type":"Point","coordinates":[-116.44409,36.50081]}},{"type":"Feature","properties":{"i":0.18},"geometry":{"type":"Point","coordinates":[-115.6311,36.50081]}},{"type":"Feature","properties":{"i":0.18},"geometry":{"type":"Point","coordinates":[-115.60913,36.50081]}},{"type":"Feature","properties":{"i":1},"geometry":{"type":"Point","coordinates":[-115.58716,36.50081]}},{"type":"Feature","properties":{"i":1},"geometry":{"type":"Point","coordinates":[-115.56519,36.50081]}},{"type":"Feature","properties":{"i":0.96},"geometry":{"type":"Point","coordinates":[-115.54321,36.50081]}},{"type":"Feature","properties":{"i":0.05},"geometry":{"type":"Point","coordinates":[-116.51001,36.48314]}},{"type":"Feature","properties":{"i":0.07},"geometry":{"type":"Point","coordinates":[-116.46606,36.48314]}},{"type":"Feature","properties":{"i":0.39},"geometry":{"type":"Point","coordinates":[-116.44409,36.48314]}},{"type":"Feature","properties":{"i":0.28},"geometry":{"type":"Point","coordinates":[-116.42212,36.48314]}},{"type":"Feature","properties":{"i":0.07},"geometry":{"type":"Point","coordinates":[-115.6311,36.48314]}},{"type":"Feature","properties":{"i":0.02},"geometry":{"type":"Point","coordinates":[-115.60913,36.48314]}},{"type":"Feature","properties":{"i":0.02},"geometry":{"type":"Point","coordinates":[-115.58716,36.48314]}},{"type":"Feature","properties":{"i":0.04},"geometry":{"type":"Point","coordinates":[-115.56519,36.48314]}},{"type":"Feature","properties":{"i":0.18},"geometry":{"type":"Point","coordinates":[-115.45532,36.46547]}},{"type":"Feature","properties":{"i":0.03},"geometry":{"type":"Point","coordinates":[-115.43335,36.46547]}},{"type":"Feature","properties":{"i":0.43},"geometry":{"type":"Point","coordinates":[-116.46606,36.4478]}},{"type":"Feature","properties":{"i":0.57},"geometry":{"type":"Point","coordinates":[-116.42212,36.41244]}},{"type":"Feature","properties":{"i":0.05},"geometry":{"type":"Point","coordinates":[-115.36743,36.39476]}},{"type":"Feature","properties":{"i":0.02},"geometry":{"type":"Point","coordinates":[-115.45532,36.35937]}},{"type":"Feature","properties":{"i":0.25},"geometry":{"type":"Point","coordinates":[-115.36743,36.35937]}},{"type":"Feature","properties":{"i":0.31},"geometry":{"type":"Point","coordinates":[-115.34546,36.35937]}},{"type":"Feature","properties":{"i":0.86},"geometry":{"type":"Point","coordinates":[-115.32349,36.35937]}},{"type":"Feature","properties":{"i":0.28},"geometry":{"type":"Point","coordinates":[-115.34546,36.34168]}},{"type":"Feature","properties":{"i":0.38},"geometry":{"type":"Point","coordinates":[-115.32349,36.34168]}},{"type":"Feature","properties":{"i":0.19},"geometry":{"type":"Point","coordinates":[-116.02661,36.32398]}},{"type":"Feature","properties":{"i":0.53},"geometry":{"type":"Point","coordinates":[-115.58716,36.32398]}},{"type":"Feature","properties":{"i":0.49},"geometry":{"type":"Point","coordinates":[-115.56519,36.32398]}},{"type":"Feature","properties":{"i":0.08},"geometry":{"type":"Point","coordinates":[-115.43335,36.32398]}},{"type":"Feature","properties":{"i":0.27},"geometry":{"type":"Point","coordinates":[-115.41138,36.32398]}},{"type":"Feature","properties":{"i":0.25},"geometry":{"type":"Point","coordinates":[-115.36743,36.32398]}},{"type":"Feature","properties":{"i":0.45},"geometry":{"type":"Point","coordinates":[-115.34546,36.32398]}},{"type":"Feature","properties":{"i":1},"geometry":{"type":"Point","coordinates":[-115.32349,36.32398]}},{"type":"Feature","properties":{"i":1},"geometry":{"type":"Point","coordinates":[-116.42212,36.30627]}},{"type":"Feature","properties":{"i":0.19},"geometry":{"type":"Point","coordinates":[-116.02661,36.30627]}},{"type":"Feature","properties":{"i":0.17},"geometry":{"type":"Point","coordinates":[-116.00464,36.30627]}},{"type":"Feature","properties":{"i":0.04},"geometry":{"type":"Point","coordinates":[-115.98267,36.30627]}},{"type":"Feature","properties":{"i":0.16},"geometry":{"type":"Point","coordinates":[-115.67505,36.30627]}},{"type":"Feature","properties":{"i":0.21},"geometry":{"type":"Point","coordinates":[-115.58716,36.30627]}},{"type":"Feature","properties":{"i":0.02},"geometry":{"type":"Point","coordinates":[-115.52124,36.30627]}},{"type":"Feature","properties":{"i":0.11},"geometry":{"type":"Point","coordinates":[-115.41138,36.30627]}},{"type":"Feature","properties":{"i":0.13},"geometry":{"type":"Point","coordinates":[-115.3894,36.30627]}},{"type":"Feature","properties":{"i":0.26},"geometry":{"type":"Point","coordinates":[-115.36743,36.30627]}},{"type":"Feature","properties":{"i":0.28},"geometry":{"type":"Point","coordinates":[-115.34546,36.30627]}},{"type":"Feature","properties":{"i":1},"geometry":{"type":"Point","coordinates":[-115.32349,36.30627]}},{"type":"Feature","properties":{"i":0.45},"geometry":{"type":"Point","coordinates":[-116.02661,36.28856]}},{"type":"Feature","properties":{"i":0.34},"geometry":{"type":"Point","coordinates":[-116.00464,36.28856]}},{"type":"Feature","properties":{"i":0.08},"geometry":{"type":"Point","coordinates":[-115.3894,36.28856]}},{"type":"Feature","properties":{"i":0.12},"geometry":{"type":"Point","coordinates":[-115.36743,36.28856]}},{"type":"Feature","properties":{"i":0.91},"geometry":{"type":"Point","coordinates":[-115.34546,36.28856]}},{"type":"Feature","properties":{"i":1},"geometry":{"type":"Point","coordinates":[-115.32349,36.28856]}},{"type":"Feature","properties":{"i":0.25},"geometry":{"type":"Point","coordinates":[-116.07056,36.27085]}},{"type":"Feature","properties":{"i":0.34},"geometry":{"type":"Point","coordinates":[-116.04858,36.27085]}},{"type":"Feature","properties":{"i":0.3},"geometry":{"type":"Point","coordinates":[-116.02661,36.27085]}},{"type":"Feature","properties":{"i":0.52},"geometry":{"type":"Point","coordinates":[-116.00464,36.27085]}},{"type":"Feature","properties":{"i":0.16},"geometry":{"type":"Point","coordinates":[-115.98267,36.27085]}},{"type":"Feature","properties":{"i":0.09},"geometry":{"type":"Point","coordinates":[-115.58716,36.27085]}},{"type":"Feature","properties":{"i":0.53},"geometry":{"type":"Point","coordinates":[-115.36743,36.27085]}},{"type":"Feature","properties":{"i":0.79},"geometry":{"type":"Point","coordinates":[-115.34546,36.27085]}},{"type":"Feature","properties":{"i":1},"geometry":{"type":"Point","coordinates":[-115.32349,36.27085]}},{"type":"Feature","properties":{"i":0.11},"geometry":{"type":"Point","coordinates":[-116.09253,36.25313]}},{"type":"Feature","properties":{"i":0.25},"geometry":{"type":"Point","coordinates":[-116.07056,36.25313]}},{"type":"Feature","properties":{"i":0.29},"geometry":{"type":"Point","coordinates":[-116.04858,36.25313]}},{"type":"Feature","properties":{"i":0.28},"geometry":{"type":"Point","coordinates":[-116.02661,36.25313]}},{"type":"Feature","properties":{"i":0.33},"geometry":{"type":"Point","coordinates":[-116.00464,36.25313]}},{"type":"Feature","properties":{"i":1},"geometry":{"type":"Point","coordinates":[-115.98267,36.25313]}},{"type":"Feature","properties":{"i":0.84},"geometry":{"type":"Point","coordinates":[-115.96069,36.25313]}},{"type":"Feature","properties":{"i":0.08},"geometry":{"type":"Point","coordinates":[-115.65308,36.25313]}},{"type":"Feature","properties":{"i":0.04},"geometry":{"type":"Point","coordinates":[-115.6311,36.25313]}},{"type":"Feature","properties":{"i":0.41},"geometry":{"type":"Point","coordinates":[-115.36743,36.25313]}},{"type":"Feature","properties":{"i":1},"geometry":{"type":"Point","coordinates":[-115.34546,36.25313]}},{"type":"Feature","properties":{"i":1},"geometry":{"type":"Point","coordinates":[-115.32349,36.25313]}},{"type":"Feature","properties":{"i":0.15},"geometry":{"type":"Point","coordinates":[-116.07056,36.23541]}},{"type":"Feature","properties":{"i":0.36},"geometry":{"type":"Point","coordinates":[-116.04858,36.23541]}},{"type":"Feature","properties":{"i":0.35},"geometry":{"type":"Point","coordinates":[-116.02661,36.23541]}},{"type":"Feature","properties":{"i":0.38},"geometry":{"type":"Point","coordinates":[-116.00464,36.23541]}},{"type":"Feature","properties":{"i":1},"geometry":{"type":"Point","coordinates":[-115.98267,36.23541]}},{"type":"Feature","properties":{"i":0.69},"geometry":{"type":"Point","coordinates":[-115.96069,36.23541]}},{"type":"Feature","properties":{"i":0.47},"geometry":{"type":"Point","coordinates":[-115.3894,36.23541]}},{"type":"Feature","properties":{"i":0.37},"geometry":{"type":"Point","coordinates":[-115.36743,36.23541]}},{"type":"Feature","properties":{"i":1},"geometry":{"type":"Point","coordinates":[-115.34546,36.23541]}},{"type":"Feature","properties":{"i":1},"geometry":{"type":"Point","coordinates":[-115.32349,36.23541]}},{"type":"Feature","properties":{"i":0.09},"geometry":{"type":"Point","coordinates":[-116.09253,36.21769]}},{"type":"Feature","properties":{"i":0.28},"geometry":{"type":"Point","coordinates":[-116.07056,36.21769]}},{"type":"Feature","properties":{"i":0.28},"geometry":{"type":"Point","coordinates":[-116.04858,36.21769]}},{"type":"Feature","properties":{"i":0.67},"geometry":{"type":"Point","coordinates":[-116.02661,36.21769]}},{"type":"Feature","properties":{"i":0.86},"geometry":{"type":"Point","coordinates":[-116.00464,36.21769]}},{"type":"Feature","properties":{"i":1},"geometry":{"type":"Point","coordinates":[-115.98267,36.21769]}},{"type":"Feature","properties":{"i":0.75},"geometry":{"type":"Point","coordinates":[-115.96069,36.21769]}},{"type":"Feature","properties":{"i":0.14},"geometry":{"type":"Point","coordinates":[-115.47729,36.21769]}},{"type":"Feature","properties":{"i":0.18},"geometry":{"type":"Point","coordinates":[-115.45532,36.21769]}},{"type":"Feature","properties":{"i":0.25},"geometry":{"type":"Point","coordinates":[-115.43335,36.21769]}},{"type":"Feature","properties":{"i":0.41},"geometry":{"type":"Point","coordinates":[-115.41138,36.21769]}},{"type":"Feature","properties":{"i":0.41},"geometry":{"type":"Point","coordinates":[-115.3894,36.21769]}},{"type":"Feature","properties":{"i":0.48},"geometry":{"type":"Point","coordinates":[-115.36743,36.21769]}},{"type":"Feature","properties":{"i":0.88},"geometry":{"type":"Point","coordinates":[-115.34546,36.21769]}},{"type":"Feature","properties":{"i":1},"geometry":{"type":"Point","coordinates":[-115.32349,36.21769]}},{"type":"Feature","properties":{"i":0.21},"geometry":{"type":"Point","coordinates":[-116.09253,36.19996]}},{"type":"Feature","properties":{"i":0.3},"geometry":{"type":"Point","coordinates":[-116.07056,36.19996]}},{"type":"Feature","properties":{"i":0.44},"geometry":{"type":"Point","coordinates":[-116.04858,36.19996]}},{"type":"Feature","properties":{"i":0.7},"geometry":{"type":"Point","coordinates":[-116.02661,36.19996]}},{"type":"Feature","properties":{"i":0.95},"geometry":{"type":"Point","coordinates":[-116.00464,36.19996]}},{"type":"Feature","properties":{"i":1},"geometry":{"type":"Point","coordinates":[-115.98267,36.19996]}},{"type":"Feature","properties":{"i":1},"geometry":{"type":"Point","coordinates":[-115.96069,36.19996]}},{"type":"Feature","properties":{"i":0.37},"geometry":{"type":"Point","coordinates":[-115.93872,36.19996]}},{"type":"Feature","properties":{"i":0.02},"geometry":{"type":"Point","coordinates":[-115.54321,36.19996]}},{"type":"Feature","properties":{"i":0.04},"geometry":{"type":"Point","coordinates":[-115.52124,36.19996]}},{"type":"Feature","properties":{"i":0.1},"geometry":{"type":"Point","coordinates":[-115.49927,36.19996]}},{"type":"Feature","properties":{"i":0.19},"geometry":{"type":"Point","coordinates":[-115.47729,36.19996]}},{"type":"Feature","properties":{"i":0.31},"geometry":{"type":"Point","coordinates":[-115.45532,36.19996]}},{"type":"Feature","properties":{"i":0.21},"geometry":{"type":"Point","coordinates":[-115.43335,36.19996]}},{"type":"Feature","properties":{"i":0.4},"geometry":{"type":"Point","coordinates":[-115.41138,36.19996]}},{"type":"Feature","properties":{"i":0.48},"geometry":{"type":"Point","coordinates":[-115.3894,36.19996]}},{"type":"Feature","properties":{"i":1},"geometry":{"type":"Point","coordinates":[-115.36743,36.19996]}},{"type":"Feature","properties":{"i":1},"geometry":{"type":"Point","coordinates":[-115.34546,36.19996]}},{"type":"Feature","properties":{"i":1},"geometry":{"type":"Point","coordinates":[-115.32349,36.19996]}},{"type":"Feature","properties":{"i":0.14},"geometry":{"type":"Point","coordinates":[-116.09253,36.18222]}},{"type":"Feature","properties":{"i":0.45},"geometry":{"type":"Point","coordinates":[-116.07056,36.18222]}},{"type":"Feature","properties":{"i":0.45},"geometry":{"type":"Point","coordinates":[-116.04858,36.18222]}},{"type":"Feature","properties":{"i":0.35},"geometry":{"type":"Point","coordinates":[-116.02661,36.18222]}},{"type":"Feature","properties":{"i":0.7},"geometry":{"type":"Point","coordinates":[-116.00464,36.18222]}},{"type":"Feature","properties":{"i":0.6},"geometry":{"type":"Point","coordinates":[-115.98267,36.18222]}},{"type":"Feature","properties":{"i":0.96},"geometry":{"type":"Point","coordinates":[-115.96069,36.18222]}},{"type":"Feature","properties":{"i":0.95},"geometry":{"type":"Point","coordinates":[-115.93872,36.18222]}},{"type":"Feature","properties":{"i":0.44},"geometry":{"type":"Point","coordinates":[-115.91675,36.18222]}},{"type":"Feature","properties":{"i":0.36},"geometry":{"type":"Point","coordinates":[-115.89478,36.18222]}},{"type":"Feature","properties":{"i":0.03},"geometry":{"type":"Point","coordinates":[-115.56519,36.18222]}},{"type":"Feature","properties":{"i":0.13},"geometry":{"type":"Point","coordinates":[-115.49927,36.18222]}},{"type":"Feature","properties":{"i":0.17},"geometry":{"type":"Point","coordinates":[-115.47729,36.18222]}},{"type":"Feature","properties":{"i":0.19},"geometry":{"type":"Point","coordinates":[-115.45532,36.18222]}},{"type":"Feature","properties":{"i":0.25},"geometry":{"type":"Point","coordinates":[-115.43335,36.18222]}},{"type":"Feature","properties":{"i":0.39},"geometry":{"type":"Point","coordinates":[-115.41138,36.18222]}},{"type":"Feature","properties":{"i":0.55},"geometry":{"type":"Point","coordinates":[-115.3894,36.18222]}},{"type":"Feature","properties":{"i":1},"geometry":{"type":"Point","coordinates":[-115.36743,36.18222]}},{"type":"Feature","properties":{"i":1},"geometry":{"type":"Point","coordinates":[-115.34546,36.18222]}},{"type":"Feature","properties":{"i":1},"geometry":{"type":"Point","coordinates":[-115.32349,36.18222]}},{"type":"Feature","properties":{"i":0.02},"geometry":{"type":"Point","coordinates":[-116.07056,36.16449]}},{"type":"Feature","properties":{"i":0.39},"geometry":{"type":"Point","coordinates":[-116.04858,36.16449]}},{"type":"Feature","properties":{"i":0.37},"geometry":{"type":"Point","coordinates":[-116.02661,36.16449]}},{"type":"Feature","properties":{"i":0.39},"geometry":{"type":"Point","coordinates":[-116.00464,36.16449]}},{"type":"Feature","properties":{"i":0.35},"geometry":{"type":"Point","coordinates":[-115.98267,36.16449]}},{"type":"Feature","properties":{"i":0.52},"geometry":{"type":"Point","coordinates":[-115.96069,36.16449]}},{"type":"Feature","properties":{"i":0.4},"geometry":{"type":"Point","coordinates":[-115.93872,36.16449]}},{"type":"Feature","properties":{"i":0.99},"geometry":{"type":"Point","coordinates":[-115.91675,36.16449]}},{"type":"Feature","properties":{"i":0.86},"geometry":{"type":"Point","coordinates":[-115.89478,36.16449]}},{"type":"Feature","properties":{"i":0.03},"geometry":{"type":"Point","coordinates":[-115.58716,36.16449]}},{"type":"Feature","properties":{"i":0.03},"geometry":{"type":"Point","coordinates":[-115.56519,36.16449]}},{"type":"Feature","properties":{"i":0.05},"geometry":{"type":"Point","coordinates":[-115.52124,36.16449]}},{"type":"Feature","properties":{"i":0.14},"geometry":{"type":"Point","coordinates":[-115.49927,36.16449]}},{"type":"Feature","properties":{"i":0.15},"geometry":{"type":"Point","coordinates":[-115.47729,36.16449]}},{"type":"Feature","properties":{"i":0.18},"geometry":{"type":"Point","coordinates":[-115.45532,36.16449]}},{"type":"Feature","properties":{"i":0.22},"geometry":{"type":"Point","coordinates":[-115.43335,36.16449]}},{"type":"Feature","properties":{"i":0.28},"geometry":{"type":"Point","coordinates":[-115.41138,36.16449]}},{"type":"Feature","properties":{"i":0.47},"geometry":{"type":"Point","coordinates":[-115.3894,36.16449]}},{"type":"Feature","properties":{"i":1},"geometry":{"type":"Point","coordinates":[-115.36743,36.16449]}},{"type":"Feature","properties":{"i":1},"geometry":{"type":"Point","coordinates":[-115.34546,36.16449]}},{"type":"Feature","properties":{"i":1},"geometry":{"type":"Point","coordinates":[-115.32349,36.16449]}},{"type":"Feature","properties":{"i":0.04},"geometry":{"type":"Point","coordinates":[-116.02661,36.14675]}},{"type":"Feature","properties":{"i":0.25},"geometry":{"type":"Point","coordinates":[-116.00464,36.14675]}},{"type":"Feature","properties":{"i":0.45},"geometry":{"type":"Point","coordinates":[-115.98267,36.14675]}},{"type":"Feature","properties":{"i":0.48},"geometry":{"type":"Point","coordinates":[-115.96069,36.14675]}},{"type":"Feature","properties":{"i":0.39},"geometry":{"type":"Point","coordinates":[-115.93872,36.14675]}},{"type":"Feature","properties":{"i":0.86},"geometry":{"type":"Point","coordinates":[-115.91675,36.14675]}},{"type":"Feature","properties":{"i":0.95},"geometry":{"type":"Point","coordinates":[-115.89478,36.14675]}},{"type":"Feature","properties":{"i":0.07},"geometry":{"type":"Point","coordinates":[-115.52124,36.14675]}},{"type":"Feature","properties":{"i":0.04},"geometry":{"type":"Point","coordinates":[-115.49927,36.14675]}},{"type":"Feature","properties":{"i":0.14},"geometry":{"type":"Point","coordinates":[-115.47729,36.14675]}},{"type":"Feature","properties":{"i":0.19},"geometry":{"type":"Point","coordinates":[-115.45532,36.14675]}},{"type":"Feature","properties":{"i":0.23},"geometry":{"type":"Point","coordinates":[-115.43335,36.14675]}},{"type":"Feature","properties":{"i":0.32},"geometry":{"type":"Point","coordinates":[-115.41138,36.14675]}},{"type":"Feature","properties":{"i":0.42},"geometry":{"type":"Point","coordinates":[-115.3894,36.14675]}},{"type":"Feature","properties":{"i":0.79},"geometry":{"type":"Point","coordinates":[-115.36743,36.14675]}},{"type":"Feature","properties":{"i":1},"geometry":{"type":"Point","coordinates":[-115.34546,36.14675]}},{"type":"Feature","properties":{"i":1},"geometry":{"type":"Point","coordinates":[-115.32349,36.14675]}},{"type":"Feature","properties":{"i":0.19},"geometry":{"type":"Point","coordinates":[-115.98267,36.129]}},{"type":"Feature","properties":{"i":0.58},"geometry":{"type":"Point","coordinates":[-115.96069,36.129]}},{"type":"Feature","properties":{"i":0.57},"geometry":{"type":"Point","coordinates":[-115.93872,36.129]}},{"type":"Feature","properties":{"i":0.59},"geometry":{"type":"Point","coordinates":[-115.91675,36.129]}},{"type":"Feature","properties":{"i":0.35},"geometry":{"type":"Point","coordinates":[-115.89478,36.129]}},{"type":"Feature","properties":{"i":0.03},"geometry":{"type":"Point","coordinates":[-115.56519,36.129]}},{"type":"Feature","properties":{"i":0.02},"geometry":{"type":"Point","coordinates":[-115.54321,36.129]}},{"type":"Feature","properties":{"i":0.04},"geometry":{"type":"Point","coordinates":[-115.52124,36.129]}},{"type":"Feature","properties":{"i":0.04},"geometry":{"type":"Point","coordinates":[-115.49927,36.129]}},{"type":"Feature","properties":{"i":0.11},"geometry":{"type":"Point","coordinates":[-115.47729,36.129]}},{"type":"Feature","properties":{"i":0.14},"geometry":{"type":"Point","coordinates":[-115.45532,36.129]}},{"type":"Feature","properties":{"i":0.05},"geometry":{"type":"Point","coordinates":[-115.43335,36.129]}},{"type":"Feature","properties":{"i":0.29},"geometry":{"type":"Point","coordinates":[-115.41138,36.129]}},{"type":"Feature","properties":{"i":0.35},"geometry":{"type":"Point","coordinates":[-115.3894,36.129]}},{"type":"Feature","properties":{"i":0.41},"geometry":{"type":"Point","coordinates":[-115.36743,36.129]}},{"type":"Feature","properties":{"i":1},"geometry":{"type":"Point","coordinates":[-115.34546,36.129]}},{"type":"Feature","properties":{"i":1},"geometry":{"type":"Point","coordinates":[-115.32349,36.129]}},{"type":"Feature","properties":{"i":0.12},"geometry":{"type":"Point","coordinates":[-115.98267,36.11125]}},{"type":"Feature","properties":{"i":0.42},"geometry":{"type":"Point","coordinates":[-115.96069,36.11125]}},{"type":"Feature","properties":{"i":0.42},"geometry":{"type":"Point","coordinates":[-115.93872,36.11125]}},{"type":"Feature","properties":{"i":0.55},"geometry":{"type":"Point","coordinates":[-115.91675,36.11125]}},{"type":"Feature","properties":{"i":0.35},"geometry":{"type":"Point","coordinates":[-115.89478,36.11125]}},{"type":"Feature","properties":{"i":0.04},"geometry":{"type":"Point","coordinates":[-115.56519,36.11125]}},{"type":"Feature","properties":{"i":0.04},"geometry":{"type":"Point","coordinates":[-115.52124,36.11125]}},{"type":"Feature","properties":{"i":0.07},"geometry":{"type":"Point","coordinates":[-115.49927,36.11125]}},{"type":"Feature","properties":{"i":0.12},"geometry":{"type":"Point","coordinates":[-115.47729,36.11125]}},{"type":"Feature","properties":{"i":0.12},"geometry":{"type":"Point","coordinates":[-115.45532,36.11125]}},{"type":"Feature","properties":{"i":0.17},"geometry":{"type":"Point","coordinates":[-115.43335,36.11125]}},{"type":"Feature","properties":{"i":0.24},"geometry":{"type":"Point","coordinates":[-115.41138,36.11125]}},{"type":"Feature","properties":{"i":0.32},"geometry":{"type":"Point","coordinates":[-115.3894,36.11125]}},{"type":"Feature","properties":{"i":0.39},"geometry":{"type":"Point","coordinates":[-115.36743,36.11125]}},{"type":"Feature","properties":{"i":0.98},"geometry":{"type":"Point","coordinates":[-115.34546,36.11125]}},{"type":"Feature","properties":{"i":1},"geometry":{"type":"Point","coordinates":[-115.32349,36.11125]}},{"type":"Feature","properties":{"i":0.25},"geometry":{"type":"Point","coordinates":[-115.93872,36.0935]}},{"type":"Feature","properties":{"i":0.27},"geometry":{"type":"Point","coordinates":[-115.91675,36.0935]}},{"type":"Feature","properties":{"i":0.05},"geometry":{"type":"Point","coordinates":[-115.52124,36.0935]}},{"type":"Feature","properties":{"i":0.05},"geometry":{"type":"Point","coordinates":[-115.49927,36.0935]}},{"type":"Feature","properties":{"i":0.05},"geometry":{"type":"Point","coordinates":[-115.47729,36.0935]}},{"type":"Feature","properties":{"i":0.09},"geometry":{"type":"Point","coordinates":[-115.45532,36.0935]}},{"type":"Feature","properties":{"i":0.14},"geometry":{"type":"Point","coordinates":[-115.43335,36.0935]}},{"type":"Feature","properties":{"i":0.15},"geometry":{"type":"Point","coordinates":[-115.41138,36.0935]}},{"type":"Feature","properties":{"i":0.31},"geometry":{"type":"Point","coordinates":[-115.3894,36.0935]}},{"type":"Feature","properties":{"i":0.36},"geometry":{"type":"Point","coordinates":[-115.36743,36.0935]}},{"type":"Feature","properties":{"i":0.78},"geometry":{"type":"Point","coordinates":[-115.34546,36.0935]}},{"type":"Feature","properties":{"i":1},"geometry":{"type":"Point","coordinates":[-115.32349,36.0935]}},{"type":"Feature","properties":{"i":0.31},"geometry":{"type":"Point","coordinates":[-115.96069,36.07574]}},{"type":"Feature","properties":{"i":0.02},"geometry":{"type":"Point","coordinates":[-115.49927,36.07574]}},{"type":"Feature","properties":{"i":0.07},"geometry":{"type":"Point","coordinates":[-115.47729,36.07574]}},{"type":"Feature","properties":{"i":0.14},"geometry":{"type":"Point","coordinates":[-115.43335,36.07574]}},{"type":"Feature","properties":{"i":0.17},"geometry":{"type":"Point","coordinates":[-115.41138,36.07574]}},{"type":"Feature","properties":{"i":0.28},"geometry":{"type":"Point","coordinates":[-115.3894,36.07574]}},{"type":"Feature","properties":{"i":0.34},"geometry":{"type":"Point","coordinates":[-115.36743,36.07574]}},{"type":"Feature","properties":{"i":0.38},"geometry":{"type":"Point","coordinates":[-115.34546,36.07574]}},{"type":"Feature","properties":{"i":1},"geometry":{"type":"Point","coordinates":[-115.32349,36.07574]}},{"type":"Feature","properties":{"i":0.02},"geometry":{"type":"Point","coordinates":[-115.52124,36.05798]}},{"type":"Feature","properties":{"i":0.07},"geometry":{"type":"Point","coordinates":[-115.49927,36.05798]}},{"type":"Feature","properties":{"i":0.03},"geometry":{"type":"Point","coordinates":[-115.47729,36.05798]}},{"type":"Feature","properties":{"i":0.14},"geometry":{"type":"Point","coordinates":[-115.45532,36.05798]}},{"type":"Feature","properties":{"i":0.11},"geometry":{"type":"Point","coordinates":[-115.43335,36.05798]}},{"type":"Feature","properties":{"i":0.18},"geometry":{"type":"Point","coordinates":[-115.41138,36.05798]}},{"type":"Feature","properties":{"i":1},"geometry":{"type":"Point","coordinates":[-115.3894,36.05798]}},{"type":"Feature","properties":{"i":1},"geometry":{"type":"Point","coordinates":[-115.36743,36.05798]}},{"type":"Feature","properties":{"i":0.34},"geometry":{"type":"Point","coordinates":[-115.34546,36.05798]}},{"type":"Feature","properties":{"i":0.59},"geometry":{"type":"Point","coordinates":[-115.32349,36.05798]}},{"type":"Feature","properties":{"i":0.02},"geometry":{"type":"Point","coordinates":[-115.49927,36.04022]}},{"type":"Feature","properties":{"i":0.08},"geometry":{"type":"Point","coordinates":[-115.47729,36.04022]}},{"type":"Feature","properties":{"i":0.1},"geometry":{"type":"Point","coordinates":[-115.43335,36.04022]}},{"type":"Feature","properties":{"i":0.37},"geometry":{"type":"Point","coordinates":[-115.41138,36.04022]}},{"type":"Feature","properties":{"i":0.53},"geometry":{"type":"Point","coordinates":[-115.3894,36.04022]}},{"type":"Feature","properties":{"i":0.69},"geometry":{"type":"Point","coordinates":[-115.36743,36.04022]}},{"type":"Feature","properties":{"i":0.41},"geometry":{"type":"Point","coordinates":[-115.34546,36.04022]}},{"type":"Feature","properties":{"i":0.38},"geometry":{"type":"Point","coordinates":[-115.32349,36.04022]}},{"type":"Feature","properties":{"i":0.02},"geometry":{"type":"Point","coordinates":[-115.8728,36.02245]}},{"type":"Feature","properties":{"i":0.32},"geometry":{"type":"Point","coordinates":[-115.49927,36.02245]}},{"type":"Feature","properties":{"i":0.04},"geometry":{"type":"Point","coordinates":[-115.47729,36.02245]}},{"type":"Feature","properties":{"i":0.02},"geometry":{"type":"Point","coordinates":[-115.45532,36.02245]}},{"type":"Feature","properties":{"i":0.11},"geometry":{"type":"Point","coordinates":[-115.43335,36.02245]}},{"type":"Feature","properties":{"i":0.09},"geometry":{"type":"Point","coordinates":[-115.41138,36.02245]}},{"type":"Feature","properties":{"i":0.14},"geometry":{"type":"Point","coordinates":[-115.3894,36.02245]}},{"type":"Feature","properties":{"i":0.26},"geometry":{"type":"Point","coordinates":[-115.36743,36.02245]}},{"type":"Feature","properties":{"i":0.41},"geometry":{"type":"Point","coordinates":[-115.34546,36.02245]}},{"type":"Feature","properties":{"i":0.81},"geometry":{"type":"Point","coordinates":[-115.32349,36.02245]}},{"type":"Feature","properties":{"i":0.12},"geometry":{"type":"Point","coordinates":[-115.49927,36.00467]}},{"type":"Feature","properties":{"i":0.02},"geometry":{"type":"Point","coordinates":[-115.47729,36.00467]}},{"type":"Feature","properties":{"i":0.08},"geometry":{"type":"Point","coordinates":[-115.41138,36.00467]}},{"type":"Feature","properties":{"i":0.1},"geometry":{"type":"Point","coordinates":[-115.3894,36.00467]}},{"type":"Feature","properties":{"i":0.17},"geometry":{"type":"Point","coordinates":[-115.36743,36.00467]}},{"type":"Feature","properties":{"i":0.23},"geometry":{"type":"Point","coordinates":[-115.34546,36.00467]}},{"type":"Feature","properties":{"i":0.73},"geometry":{"type":"Point","coordinates":[-115.32349,36.00467]}},{"type":"Feature","properties":{"i":0.3},"geometry":{"type":"Point","coordinates":[-115.49927,35.9869]}},{"type":"Feature","properties":{"i":0.02},"geometry":{"type":"Point","coordinates":[-115.41138,35.9869]}},{"type":"Feature","properties":{"i":0.04},"geometry":{"type":"Point","coordinates":[-115.3894,35.9869]}},{"type":"Feature","properties":{"i":0.1},"geometry":{"type":"Point","coordinates":[-115.36743,35.9869]}},{"type":"Feature","properties":{"i":0.05},"geometry":{"type":"Point","coordinates":[-115.34546,35.9869]}},{"type":"Feature","properties":{"i":0.07},"geometry":{"type":"Point","coordinates":[-115.32349,35.9869]}},{"type":"Feature","properties":{"i":0.39},"geometry":{"type":"Point","coordinates":[-116.26831,35.96912]}},{"type":"Feature","properties":{"i":0.02},"geometry":{"type":"Point","coordinates":[-115.41138,35.96912]}},{"type":"Feature","properties":{"i":0.02},"geometry":{"type":"Point","coordinates":[-115.3894,35.96912]}},{"type":"Feature","properties":{"i":0.07},"geometry":{"type":"Point","coordinates":[-115.36743,35.96912]}},{"type":"Feature","properties":{"i":0.08},"geometry":{"type":"Point","coordinates":[-115.34546,35.96912]}},{"type":"Feature","properties":{"i":0.12},"geometry":{"type":"Point","coordinates":[-115.32349,35.96912]}},{"type":"Feature","properties":{"i":0.02},"geometry":{"type":"Point","coordinates":[-115.36743,35.95133]}},{"type":"Feature","properties":{"i":0.02},"geometry":{"type":"Point","coordinates":[-115.34546,35.95133]}},{"type":"Feature","properties":{"i":0.08},"geometry":{"type":"Point","coordinates":[-115.32349,35.95133]}},{"type":"Feature","properties":{"i":0.02},"geometry":{"type":"Point","coordinates":[-115.32349,35.93354]}},{"type":"Feature","properties":{"i":0.34},"geometry":{"type":"Point","coordinates":[-115.67505,35.84453]}},{"type":"Feature","properties":{"i":0.16},"geometry":{"type":"Point","coordinates":[-115.65308,35.84453]}},{"type":"Feature","properties":{"i":1},"geometry":{"type":"Point","coordinates":[-115.71899,35.82672]}},{"type":"Feature","properties":{"i":1},"geometry":{"type":"Point","coordinates":[-115.69702,35.82672]}},{"type":"Feature","properties":{"i":0.17},"geometry":{"type":"Point","coordinates":[-115.67505,35.82672]}},{"type":"Feature","properties":{"i":0.13},"geometry":{"type":"Point","coordinates":[-115.65308,35.82672]}},{"type":"Feature","properties":{"i":0.05},"geometry":{"type":"Point","coordinates":[-115.6311,35.82672]}},{"type":"Feature","properties":{"i":0.28},"geometry":{"type":"Point","coordinates":[-115.43335,35.82672]}},{"type":"Feature","properties":{"i":0.31},"geometry":{"type":"Point","coordinates":[-115.65308,35.8089]}},{"type":"Feature","properties":{"i":0.3},"geometry":{"type":"Point","coordinates":[-115.6311,35.8089]}},{"type":"Feature","properties":{"i":0.28},"geometry":{"type":"Point","coordinates":[-115.60913,35.8089]}},{"type":"Feature","properties":{"i":0.62},"geometry":{"type":"Point","coordinates":[-115.41138,35.8089]}},{"type":"Feature","properties":{"i":0.03},"geometry":{"type":"Point","coordinates":[-115.6311,35.79108]}},{"type":"Feature","properties":{"i":1},"geometry":{"type":"Point","coordinates":[-115.32349,35.77326]}},{"type":"Feature","properties":{"i":0.16},"geometry":{"type":"Point","coordinates":[-115.32349,35.75543]}},{"type":"Feature","properties":{"i":1},"geometry":{"type":"Point","coordinates":[-115.3894,35.61265]}},{"type":"Feature","properties":{"i":0.78},"geometry":{"type":"Point","coordinates":[-115.36743,35.61265]}},{"type":"Feature","properties":{"i":0.8},"geometry":{"type":"Point","coordinates":[-115.34546,35.61265]}},{"type":"Feature","properties":{"i":1},"geometry":{"type":"Point","coordinates":[-115.3894,35.59479]}},{"type":"Feature","properties":{"i":0.4},"geometry":{"type":"Point","coordinates":[-115.36743,35.59479]}},{"type":"Feature","properties":{"i":0.46},"geometry":{"type":"Point","coordinates":[-115.56519,35.57692]}},{"type":"Feature","properties":{"i":0.47},"geometry":{"type":"Point","coordinates":[-115.54321,35.57692]}},{"type":"Feature","properties":{"i":0.55},"geometry":{"type":"Point","coordinates":[-115.47729,35.57692]}},{"type":"Feature","properties":{"i":0.46},"geometry":{"type":"Point","coordinates":[-115.56519,35.55904]}},{"type":"Feature","properties":{"i":0.47},"geometry":{"type":"Point","coordinates":[-115.54321,35.55904]}},{"type":"Feature","properties":{"i":0.71},"geometry":{"type":"Point","coordinates":[-115.47729,35.55904]}},{"type":"Feature","properties":{"i":0.71},"geometry":{"type":"Point","coordinates":[-115.47729,35.54117]}},{"type":"Feature","properties":{"i":0.6},"geometry":{"type":"Point","coordinates":[-115.45532,35.54117]}},{"type":"Feature","properties":{"i":0.69},"geometry":{"type":"Point","coordinates":[-115.41138,35.54117]}},{"type":"Feature","properties":{"i":0.71},"geometry":{"type":"Point","coordinates":[-115.45532,35.52329]}},{"type":"Feature","properties":{"i":0.79},"geometry":{"type":"Point","coordinates":[-115.43335,35.52329]}},{"type":"Feature","properties":{"i":0.69},"geometry":{"type":"Point","coordinates":[-115.41138,35.52329]}},{"type":"Feature","properties":{"i":0.53},"geometry":{"type":"Point","coordinates":[-115.43335,35.5054]}},{"type":"Feature","properties":{"i":0.48},"geometry":{"type":"Point","coordinates":[-115.54321,35.48751]}},{"type":"Feature","properties":{"i":1},"geometry":{"type":"Point","coordinates":[-115.52124,35.48751]}},{"type":"Feature","properties":{"i":0.48},"geometry":{"type":"Point","coordinates":[-115.54321,35.46962]}},{"type":"Feature","properties":{"i":1},"geometry":{"type":"Point","coordinates":[-115.52124,35.46962]}},{"type":"Feature","properties":{"i":0.13},"geometry":{"type":"Point","coordinates":[-115.49927,35.46962]}},{"type":"Feature","properties":{"i":0.04},"geometry":{"type":"Point","coordinates":[-115.47729,35.46962]}},{"type":"Feature","properties":{"i":0.09},"geometry":{"type":"Point","coordinates":[-115.45532,35.46962]}},{"type":"Feature","properties":{"i":0.09},"geometry":{"type":"Point","coordinates":[-115.43335,35.46962]}},{"type":"Feature","properties":{"i":0.88},"geometry":{"type":"Point","coordinates":[-114.48853,36.58907]}},{"type":"Feature","properties":{"i":0.99},"geometry":{"type":"Point","coordinates":[-114.46655,36.58907]}},{"type":"Feature","properties":{"i":0.99},"geometry":{"type":"Point","coordinates":[-114.44458,36.58907]}},{"type":"Feature","properties":{"i":0.96},"geometry":{"type":"Point","coordinates":[-114.46655,36.57142]}},{"type":"Feature","properties":{"i":0.95},"geometry":{"type":"Point","coordinates":[-114.44458,36.57142]}},{"type":"Feature","properties":{"i":0.56},"geometry":{"type":"Point","coordinates":[-114.46655,36.55378]}},{"type":"Feature","properties":{"i":0.75},"geometry":{"type":"Point","coordinates":[-114.44458,36.55378]}},{"type":"Feature","properties":{"i":0.46},"geometry":{"type":"Point","coordinates":[-114.42261,36.55378]}},{"type":"Feature","properties":{"i":0.9},"geometry":{"type":"Point","coordinates":[-114.44458,36.53612]}},{"type":"Feature","properties":{"i":0.63},"geometry":{"type":"Point","coordinates":[-114.42261,36.53612]}},{"type":"Feature","properties":{"i":0.25},"geometry":{"type":"Point","coordinates":[-114.40063,36.53612]}},{"type":"Feature","properties":{"i":0.73},"geometry":{"type":"Point","coordinates":[-114.42261,36.51847]}},{"type":"Feature","properties":{"i":0.78},"geometry":{"type":"Point","coordinates":[-114.7522,36.50081]}},{"type":"Feature","properties":{"i":0.67},"geometry":{"type":"Point","coordinates":[-114.81812,36.48314]}},{"type":"Feature","properties":{"i":0.28},"geometry":{"type":"Point","coordinates":[-114.46655,36.46547]}},{"type":"Feature","properties":{"i":0.04},"geometry":{"type":"Point","coordinates":[-114.97192,36.43012]}},{"type":"Feature","properties":{"i":0.87},"geometry":{"type":"Point","coordinates":[-114.90601,36.43012]}},{"type":"Feature","properties":{"i":0.19},"geometry":{"type":"Point","coordinates":[-114.88403,36.43012]}},{"type":"Feature","properties":{"i":0.05},"geometry":{"type":"Point","coordinates":[-115.30151,36.41244]}},{"type":"Feature","properties":{"i":0.36},"geometry":{"type":"Point","coordinates":[-114.97192,36.41244]}},{"type":"Feature","properties":{"i":1},"geometry":{"type":"Point","coordinates":[-114.94995,36.41244]}},{"type":"Feature","properties":{"i":0.19},"geometry":{"type":"Point","coordinates":[-114.90601,36.41244]}},{"type":"Feature","properties":{"i":0.48},"geometry":{"type":"Point","coordinates":[-114.88403,36.41244]}},{"type":"Feature","properties":{"i":0.07},"geometry":{"type":"Point","coordinates":[-115.30151,36.39476]}},{"type":"Feature","properties":{"i":0.05},"geometry":{"type":"Point","coordinates":[-115.27954,36.39476]}},{"type":"Feature","properties":{"i":0.02},"geometry":{"type":"Point","coordinates":[-114.9939,36.39476]}},{"type":"Feature","properties":{"i":0.69},"geometry":{"type":"Point","coordinates":[-114.97192,36.39476]}},{"type":"Feature","properties":{"i":0.88},"geometry":{"type":"Point","coordinates":[-114.94995,36.39476]}},{"type":"Feature","properties":{"i":0.74},"geometry":{"type":"Point","coordinates":[-114.92798,36.39476]}},{"type":"Feature","properties":{"i":0.45},"geometry":{"type":"Point","coordinates":[-114.90601,36.39476]}},{"type":"Feature","properties":{"i":0.02},"geometry":{"type":"Point","coordinates":[-114.88403,36.39476]}},{"type":"Feature","properties":{"i":0.38},"geometry":{"type":"Point","coordinates":[-114.86206,36.39476]}},{"type":"Feature","properties":{"i":0.13},"geometry":{"type":"Point","coordinates":[-115.30151,36.37707]}},{"type":"Feature","properties":{"i":0.14},"geometry":{"type":"Point","coordinates":[-115.27954,36.37707]}},{"type":"Feature","properties":{"i":0.03},"geometry":{"type":"Point","coordinates":[-115.21362,36.37707]}},{"type":"Feature","properties":{"i":0.37},"geometry":{"type":"Point","coordinates":[-114.94995,36.37707]}},{"type":"Feature","properties":{"i":1},"geometry":{"type":"Point","coordinates":[-114.92798,36.37707]}},{"type":"Feature","properties":{"i":1},"geometry":{"type":"Point","coordinates":[-114.90601,36.37707]}},{"type":"Feature","properties":{"i":0.98},"geometry":{"type":"Point","coordinates":[-114.88403,36.37707]}},{"type":"Feature","properties":{"i":1},"geometry":{"type":"Point","coordinates":[-114.86206,36.37707]}},{"type":"Feature","properties":{"i":0.05},"geometry":{"type":"Point","coordinates":[-114.84009,36.37707]}},{"type":"Feature","properties":{"i":0.07},"geometry":{"type":"Point","coordinates":[-115.30151,36.35937]}},{"type":"Feature","properties":{"i":0.15},"geometry":{"type":"Point","coordinates":[-115.27954,36.35937]}},{"type":"Feature","properties":{"i":0.02},"geometry":{"type":"Point","coordinates":[-115.25757,36.35937]}},{"type":"Feature","properties":{"i":0.04},"geometry":{"type":"Point","coordinates":[-115.2356,36.35937]}},{"type":"Feature","properties":{"i":0.64},"geometry":{"type":"Point","coordinates":[-115.21362,36.35937]}},{"type":"Feature","properties":{"i":0.03},"geometry":{"type":"Point","coordinates":[-115.19165,36.35937]}},{"type":"Feature","properties":{"i":0.02},"geometry":{"type":"Point","coordinates":[-115.16968,36.35937]}},{"type":"Feature","properties":{"i":0.02},"geometry":{"type":"Point","coordinates":[-115.14771,36.35937]}},{"type":"Feature","properties":{"i":0.04},"geometry":{"type":"Point","coordinates":[-115.05981,36.35937]}},{"type":"Feature","properties":{"i":0.05},"geometry":{"type":"Point","coordinates":[-115.03784,36.35937]}},{"type":"Feature","properties":{"i":0.76},"geometry":{"type":"Point","coordinates":[-114.97192,36.35937]}},{"type":"Feature","properties":{"i":0.76},"geometry":{"type":"Point","coordinates":[-114.94995,36.35937]}},{"type":"Feature","properties":{"i":0.05},"geometry":{"type":"Point","coordinates":[-114.92798,36.35937]}},{"type":"Feature","properties":{"i":1},"geometry":{"type":"Point","coordinates":[-114.90601,36.35937]}},{"type":"Feature","properties":{"i":0.53},"geometry":{"type":"Point","coordinates":[-114.88403,36.35937]}},{"type":"Feature","properties":{"i":0.52},"geometry":{"type":"Point","coordinates":[-114.86206,36.35937]}},{"type":"Feature","properties":{"i":0.11},"geometry":{"type":"Point","coordinates":[-114.84009,36.35937]}},{"type":"Feature","properties":{"i":0.24},"geometry":{"type":"Point","coordinates":[-115.30151,36.34168]}},{"type":"Feature","properties":{"i":0.62},"geometry":{"type":"Point","coordinates":[-115.27954,36.34168]}},{"type":"Feature","properties":{"i":0.37},"geometry":{"type":"Point","coordinates":[-115.25757,36.34168]}},{"type":"Feature","properties":{"i":0.26},"geometry":{"type":"Point","coordinates":[-115.2356,36.34168]}},{"type":"Feature","properties":{"i":0.74},"geometry":{"type":"Point","coordinates":[-115.21362,36.34168]}},{"type":"Feature","properties":{"i":0.49},"geometry":{"type":"Point","coordinates":[-115.19165,36.34168]}},{"type":"Feature","properties":{"i":0.05},"geometry":{"type":"Point","coordinates":[-115.16968,36.34168]}},{"type":"Feature","properties":{"i":0.09},"geometry":{"type":"Point","coordinates":[-115.14771,36.34168]}},{"type":"Feature","properties":{"i":0.08},"geometry":{"type":"Point","coordinates":[-115.12573,36.34168]}},{"type":"Feature","properties":{"i":0.05},"geometry":{"type":"Point","coordinates":[-115.10376,36.34168]}},{"type":"Feature","properties":{"i":0.04},"geometry":{"type":"Point","coordinates":[-115.08179,36.34168]}},{"type":"Feature","properties":{"i":0.03},"geometry":{"type":"Point","coordinates":[-115.03784,36.34168]}},{"type":"Feature","properties":{"i":0.02},"geometry":{"type":"Point","coordinates":[-115.01587,36.34168]}},{"type":"Feature","properties":{"i":0.05},"geometry":{"type":"Point","coordinates":[-114.9939,36.34168]}},{"type":"Feature","properties":{"i":0.76},"geometry":{"type":"Point","coordinates":[-114.97192,36.34168]}},{"type":"Feature","properties":{"i":1},"geometry":{"type":"Point","coordinates":[-114.94995,36.34168]}},{"type":"Feature","properties":{"i":1},"geometry":{"type":"Point","coordinates":[-114.92798,36.34168]}},{"type":"Feature","properties":{"i":1},"geometry":{"type":"Point","coordinates":[-114.90601,36.34168]}},{"type":"Feature","properties":{"i":0.07},"geometry":{"type":"Point","coordinates":[-114.88403,36.34168]}},{"type":"Feature","properties":{"i":1},"geometry":{"type":"Point","coordinates":[-115.30151,36.32398]}},{"type":"Feature","properties":{"i":0.9},"geometry":{"type":"Point","coordinates":[-115.27954,36.32398]}},{"type":"Feature","properties":{"i":0.75},"geometry":{"type":"Point","coordinates":[-115.25757,36.32398]}},{"type":"Feature","properties":{"i":0.76},"geometry":{"type":"Point","coordinates":[-115.2356,36.32398]}},{"type":"Feature","properties":{"i":1},"geometry":{"type":"Point","coordinates":[-115.21362,36.32398]}},{"type":"Feature","properties":{"i":0.28},"geometry":{"type":"Point","coordinates":[-115.19165,36.32398]}},{"type":"Feature","properties":{"i":0.22},"geometry":{"type":"Point","coordinates":[-115.16968,36.32398]}},{"type":"Feature","properties":{"i":0.16},"geometry":{"type":"Point","coordinates":[-115.14771,36.32398]}},{"type":"Feature","properties":{"i":0.11},"geometry":{"type":"Point","coordinates":[-115.12573,36.32398]}},{"type":"Feature","properties":{"i":0.09},"geometry":{"type":"Point","coordinates":[-115.10376,36.32398]}},{"type":"Feature","properties":{"i":0.1},"geometry":{"type":"Point","coordinates":[-115.08179,36.32398]}},{"type":"Feature","properties":{"i":0.11},"geometry":{"type":"Point","coordinates":[-115.05981,36.32398]}},{"type":"Feature","properties":{"i":0.11},"geometry":{"type":"Point","coordinates":[-115.03784,36.32398]}},{"type":"Feature","properties":{"i":0.08},"geometry":{"type":"Point","coordinates":[-115.01587,36.32398]}},{"type":"Feature","properties":{"i":1},"geometry":{"type":"Point","coordinates":[-114.9939,36.32398]}},{"type":"Feature","properties":{"i":1},"geometry":{"type":"Point","coordinates":[-114.97192,36.32398]}},{"type":"Feature","properties":{"i":1},"geometry":{"type":"Point","coordinates":[-114.94995,36.32398]}},{"type":"Feature","properties":{"i":0.88},"geometry":{"type":"Point","coordinates":[-114.92798,36.32398]}},{"type":"Feature","properties":{"i":0.28},"geometry":{"type":"Point","coordinates":[-114.90601,36.32398]}},{"type":"Feature","properties":{"i":0.17},"geometry":{"type":"Point","coordinates":[-114.88403,36.32398]}},{"type":"Feature","properties":{"i":0.03},"geometry":{"type":"Point","coordinates":[-114.86206,36.32398]}},{"type":"Feature","properties":{"i":1},"geometry":{"type":"Point","coordinates":[-115.30151,36.30627]}},{"type":"Feature","properties":{"i":1},"geometry":{"type":"Point","coordinates":[-115.27954,36.30627]}},{"type":"Feature","properties":{"i":1},"geometry":{"type":"Point","coordinates":[-115.25757,36.30627]}},{"type":"Feature","properties":{"i":1},"geometry":{"type":"Point","coordinates":[-115.2356,36.30627]}},{"type":"Feature","properties":{"i":1},"geometry":{"type":"Point","coordinates":[-115.21362,36.30627]}},{"type":"Feature","properties":{"i":1},"geometry":{"type":"Point","coordinates":[-115.19165,36.30627]}},{"type":"Feature","properties":{"i":1},"geometry":{"type":"Point","coordinates":[-115.16968,36.30627]}},{"type":"Feature","properties":{"i":0.92},"geometry":{"type":"Point","coordinates":[-115.14771,36.30627]}},{"type":"Feature","properties":{"i":0.29},"geometry":{"type":"Point","coordinates":[-115.12573,36.30627]}},{"type":"Feature","properties":{"i":0.24},"geometry":{"type":"Point","coordinates":[-115.10376,36.30627]}},{"type":"Feature","properties":{"i":0.22},"geometry":{"type":"Point","coordinates":[-115.08179,36.30627]}},{"type":"Feature","properties":{"i":0.16},"geometry":{"type":"Point","coordinates":[-115.05981,36.30627]}},{"type":"Feature","properties":{"i":0.15},"geometry":{"type":"Point","coordinates":[-115.03784,36.30627]}},{"type":"Feature","properties":{"i":0.13},"geometry":{"type":"Point","coordinates":[-115.01587,36.30627]}},{"type":"Feature","properties":{"i":1},"geometry":{"type":"Point","coordinates":[-114.9939,36.30627]}},{"type":"Feature","properties":{"i":1},"geometry":{"type":"Point","coordinates":[-114.97192,36.30627]}},{"type":"Feature","properties":{"i":1},"geometry":{"type":"Point","coordinates":[-114.94995,36.30627]}},{"type":"Feature","properties":{"i":0.56},"geometry":{"type":"Point","coordinates":[-114.92798,36.30627]}},{"type":"Feature","properties":{"i":0.13},"geometry":{"type":"Point","coordinates":[-114.90601,36.30627]}},{"type":"Feature","properties":{"i":0.27},"geometry":{"type":"Point","coordinates":[-114.88403,36.30627]}},{"type":"Feature","properties":{"i":0.08},"geometry":{"type":"Point","coordinates":[-114.86206,36.30627]}},{"type":"Feature","properties":{"i":0.03},"geometry":{"type":"Point","coordinates":[-114.84009,36.30627]}},{"type":"Feature","properties":{"i":0.03},"geometry":{"type":"Point","coordinates":[-114.81812,36.30627]}},{"type":"Feature","properties":{"i":1},"geometry":{"type":"Point","coordinates":[-115.30151,36.28856]}},{"type":"Feature","properties":{"i":1},"geometry":{"type":"Point","coordinates":[-115.27954,36.28856]}},{"type":"Feature","properties":{"i":1},"geometry":{"type":"Point","coordinates":[-115.25757,36.28856]}},{"type":"Feature","properties":{"i":0.98},"geometry":{"type":"Point","coordinates":[-115.2356,36.28856]}},{"type":"Feature","properties":{"i":1},"geometry":{"type":"Point","coordinates":[-115.21362,36.28856]}},{"type":"Feature","properties":{"i":1},"geometry":{"type":"Point","coordinates":[-115.19165,36.28856]}},{"type":"Feature","properties":{"i":1},"geometry":{"type":"Point","coordinates":[-115.16968,36.28856]}},{"type":"Feature","properties":{"i":1},"geometry":{"type":"Point","coordinates":[-115.14771,36.28856]}},{"type":"Feature","properties":{"i":1},"geometry":{"type":"Point","coordinates":[-115.12573,36.28856]}},{"type":"Feature","properties":{"i":1},"geometry":{"type":"Point","coordinates":[-115.10376,36.28856]}},{"type":"Feature","properties":{"i":1},"geometry":{"type":"Point","coordinates":[-115.08179,36.28856]}},{"type":"Feature","properties":{"i":0.61},"geometry":{"type":"Point","coordinates":[-115.05981,36.28856]}},{"type":"Feature","properties":{"i":0.92},"geometry":{"type":"Point","coordinates":[-115.03784,36.28856]}},{"type":"Feature","properties":{"i":0.99},"geometry":{"type":"Point","coordinates":[-115.01587,36.28856]}},{"type":"Feature","properties":{"i":0.62},"geometry":{"type":"Point","coordinates":[-114.9939,36.28856]}},{"type":"Feature","properties":{"i":0.19},"geometry":{"type":"Point","coordinates":[-114.97192,36.28856]}},{"type":"Feature","properties":{"i":0.13},"geometry":{"type":"Point","coordinates":[-114.94995,36.28856]}},{"type":"Feature","properties":{"i":0.12},"geometry":{"type":"Point","coordinates":[-114.92798,36.28856]}},{"type":"Feature","properties":{"i":0.08},"geometry":{"type":"Point","coordinates":[-114.90601,36.28856]}},{"type":"Feature","properties":{"i":0.05},"geometry":{"type":"Point","coordinates":[-114.88403,36.28856]}},{"type":"Feature","properties":{"i":0.02},"geometry":{"type":"Point","coordinates":[-114.84009,36.28856]}},{"type":"Feature","properties":{"i":1},"geometry":{"type":"Point","coordinates":[-115.30151,36.27085]}},{"type":"Feature","properties":{"i":1},"geometry":{"type":"Point","coordinates":[-115.27954,36.27085]}},{"type":"Feature","properties":{"i":1},"geometry":{"type":"Point","coordinates":[-115.25757,36.27085]}},{"type":"Feature","properties":{"i":1},"geometry":{"type":"Point","coordinates":[-115.2356,36.27085]}},{"type":"Feature","properties":{"i":1},"geometry":{"type":"Point","coordinates":[-115.21362,36.27085]}},{"type":"Feature","properties":{"i":1},"geometry":{"type":"Point","coordinates":[-115.19165,36.27085]}},{"type":"Feature","properties":{"i":1},"geometry":{"type":"Point","coordinates":[-115.16968,36.27085]}},{"type":"Feature","properties":{"i":1},"geometry":{"type":"Point","coordinates":[-115.14771,36.27085]}},{"type":"Feature","properties":{"i":1},"geometry":{"type":"Point","coordinates":[-115.12573,36.27085]}},{"type":"Feature","properties":{"i":1},"geometry":{"type":"Point","coordinates":[-115.10376,36.27085]}},{"type":"Feature","properties":{"i":1},"geometry":{"type":"Point","coordinates":[-115.08179,36.27085]}},{"type":"Feature","properties":{"i":1},"geometry":{"type":"Point","coordinates":[-115.05981,36.27085]}},{"type":"Feature","properties":{"i":1},"geometry":{"type":"Point","coordinates":[-115.03784,36.27085]}},{"type":"Feature","properties":{"i":1},"geometry":{"type":"Point","coordinates":[-115.01587,36.27085]}},{"type":"Feature","properties":{"i":0.72},"geometry":{"type":"Point","coordinates":[-114.9939,36.27085]}},{"type":"Feature","properties":{"i":0.25},"geometry":{"type":"Point","coordinates":[-114.97192,36.27085]}},{"type":"Feature","properties":{"i":0.16},"geometry":{"type":"Point","coordinates":[-114.94995,36.27085]}},{"type":"Feature","properties":{"i":0.1},"geometry":{"type":"Point","coordinates":[-114.92798,36.27085]}},{"type":"Feature","properties":{"i":0.07},"geometry":{"type":"Point","coordinates":[-114.90601,36.27085]}},{"type":"Feature","properties":{"i":0.05},"geometry":{"type":"Point","coordinates":[-114.88403,36.27085]}},{"type":"Feature","properties":{"i":0.04},"geometry":{"type":"Point","coordinates":[-114.86206,36.27085]}},{"type":"Feature","properties":{"i":0.03},"geometry":{"type":"Point","coordinates":[-114.84009,36.27085]}},{"type":"Feature","properties":{"i":1},"geometry":{"type":"Point","coordinates":[-115.30151,36.25313]}},{"type":"Feature","properties":{"i":1},"geometry":{"type":"Point","coordinates":[-115.27954,36.25313]}},{"type":"Feature","properties":{"i":1},"geometry":{"type":"Point","coordinates":[-115.25757,36.25313]}},{"type":"Feature","properties":{"i":1},"geometry":{"type":"Point","coordinates":[-115.2356,36.25313]}},{"type":"Feature","properties":{"i":1},"geometry":{"type":"Point","coordinates":[-115.21362,36.25313]}},{"type":"Feature","properties":{"i":1},"geometry":{"type":"Point","coordinates":[-115.19165,36.25313]}},{"type":"Feature","properties":{"i":1},"geometry":{"type":"Point","coordinates":[-115.16968,36.25313]}},{"type":"Feature","properties":{"i":1},"geometry":{"type":"Point","coordinates":[-115.14771,36.25313]}},{"type":"Feature","properties":{"i":1},"geometry":{"type":"Point","coordinates":[-115.12573,36.25313]}},{"type":"Feature","properties":{"i":1},"geometry":{"type":"Point","coordinates":[-115.10376,36.25313]}},{"type":"Feature","properties":{"i":1},"geometry":{"type":"Point","coordinates":[-115.08179,36.25313]}},{"type":"Feature","properties":{"i":1},"geometry":{"type":"Point","coordinates":[-115.05981,36.25313]}},{"type":"Feature","properties":{"i":1},"geometry":{"type":"Point","coordinates":[-115.03784,36.25313]}},{"type":"Feature","properties":{"i":1},"geometry":{"type":"Point","coordinates":[-115.01587,36.25313]}},{"type":"Feature","properties":{"i":0.51},"geometry":{"type":"Point","coordinates":[-114.9939,36.25313]}},{"type":"Feature","properties":{"i":0.81},"geometry":{"type":"Point","coordinates":[-114.97192,36.25313]}},{"type":"Feature","properties":{"i":0.59},"geometry":{"type":"Point","coordinates":[-114.94995,36.25313]}},{"type":"Feature","properties":{"i":0.33},"geometry":{"type":"Point","coordinates":[-114.92798,36.25313]}},{"type":"Feature","properties":{"i":0.09},"geometry":{"type":"Point","coordinates":[-114.90601,36.25313]}},{"type":"Feature","properties":{"i":0.07},"geometry":{"type":"Point","coordinates":[-114.88403,36.25313]}},{"type":"Feature","properties":{"i":0.02},"geometry":{"type":"Point","coordinates":[-114.86206,36.25313]}},{"type":"Feature","properties":{"i":0.03},"geometry":{"type":"Point","coordinates":[-114.84009,36.25313]}},{"type":"Feature","properties":{"i":1},"geometry":{"type":"Point","coordinates":[-115.30151,36.23541]}},{"type":"Feature","properties":{"i":1},"geometry":{"type":"Point","coordinates":[-115.27954,36.23541]}},{"type":"Feature","properties":{"i":1},"geometry":{"type":"Point","coordinates":[-115.25757,36.23541]}},{"type":"Feature","properties":{"i":1},"geometry":{"type":"Point","coordinates":[-115.2356,36.23541]}},{"type":"Feature","properties":{"i":1},"geometry":{"type":"Point","coordinates":[-115.21362,36.23541]}},{"type":"Feature","properties":{"i":1},"geometry":{"type":"Point","coordinates":[-115.19165,36.23541]}},{"type":"Feature","properties":{"i":1},"geometry":{"type":"Point","coordinates":[-115.16968,36.23541]}},{"type":"Feature","properties":{"i":1},"geometry":{"type":"Point","coordinates":[-115.14771,36.23541]}},{"type":"Feature","properties":{"i":1},"geometry":{"type":"Point","coordinates":[-115.12573,36.23541]}},{"type":"Feature","properties":{"i":1},"geometry":{"type":"Point","coordinates":[-115.10376,36.23541]}},{"type":"Feature","properties":{"i":1},"geometry":{"type":"Point","coordinates":[-115.08179,36.23541]}},{"type":"Feature","properties":{"i":1},"geometry":{"type":"Point","coordinates":[-115.05981,36.23541]}},{"type":"Feature","properties":{"i":1},"geometry":{"type":"Point","coordinates":[-115.03784,36.23541]}},{"type":"Feature","properties":{"i":1},"geometry":{"type":"Point","coordinates":[-115.01587,36.23541]}},{"type":"Feature","properties":{"i":0.59},"geometry":{"type":"Point","coordinates":[-114.9939,36.23541]}},{"type":"Feature","properties":{"i":0.59},"geometry":{"type":"Point","coordinates":[-114.97192,36.23541]}},{"type":"Feature","properties":{"i":0.59},"geometry":{"type":"Point","coordinates":[-114.94995,36.23541]}},{"type":"Feature","properties":{"i":0.48},"geometry":{"type":"Point","coordinates":[-114.92798,36.23541]}},{"type":"Feature","properties":{"i":0.18},"geometry":{"type":"Point","coordinates":[-114.90601,36.23541]}},{"type":"Feature","properties":{"i":0.64},"geometry":{"type":"Point","coordinates":[-114.88403,36.23541]}},{"type":"Feature","properties":{"i":0.14},"geometry":{"type":"Point","coordinates":[-114.86206,36.23541]}},{"type":"Feature","properties":{"i":0.05},"geometry":{"type":"Point","coordinates":[-114.84009,36.23541]}},{"type":"Feature","properties":{"i":0.03},"geometry":{"type":"Point","coordinates":[-114.81812,36.23541]}},{"type":"Feature","properties":{"i":1},"geometry":{"type":"Point","coordinates":[-115.30151,36.21769]}},{"type":"Feature","properties":{"i":1},"geometry":{"type":"Point","coordinates":[-115.27954,36.21769]}},{"type":"Feature","properties":{"i":1},"geometry":{"type":"Point","coordinates":[-115.25757,36.21769]}},{"type":"Feature","properties":{"i":1},"geometry":{"type":"Point","coordinates":[-115.2356,36.21769]}},{"type":"Feature","properties":{"i":1},"geometry":{"type":"Point","coordinates":[-115.21362,36.21769]}},{"type":"Feature","properties":{"i":1},"geometry":{"type":"Point","coordinates":[-115.19165,36.21769]}},{"type":"Feature","properties":{"i":1},"geometry":{"type":"Point","coordinates":[-115.16968,36.21769]}},{"type":"Feature","properties":{"i":1},"geometry":{"type":"Point","coordinates":[-115.14771,36.21769]}},{"type":"Feature","properties":{"i":1},"geometry":{"type":"Point","coordinates":[-115.12573,36.21769]}},{"type":"Feature","properties":{"i":1},"geometry":{"type":"Point","coordinates":[-115.10376,36.21769]}},{"type":"Feature","properties":{"i":1},"geometry":{"type":"Point","coordinates":[-115.08179,36.21769]}},{"type":"Feature","properties":{"i":1},"geometry":{"type":"Point","coordinates":[-115.05981,36.21769]}},{"type":"Feature","properties":{"i":1},"geometry":{"type":"Point","coordinates":[-115.03784,36.21769]}},{"type":"Feature","properties":{"i":1},"geometry":{"type":"Point","coordinates":[-115.01587,36.21769]}},{"type":"Feature","properties":{"i":0.58},"geometry":{"type":"Point","coordinates":[-114.9939,36.21769]}},{"type":"Feature","properties":{"i":0.47},"geometry":{"type":"Point","coordinates":[-114.97192,36.21769]}},{"type":"Feature","properties":{"i":0.23},"geometry":{"type":"Point","coordinates":[-114.94995,36.21769]}},{"type":"Feature","properties":{"i":0.21},"geometry":{"type":"Point","coordinates":[-114.92798,36.21769]}},{"type":"Feature","properties":{"i":0.12},"geometry":{"type":"Point","coordinates":[-114.90601,36.21769]}},{"type":"Feature","properties":{"i":1},"geometry":{"type":"Point","coordinates":[-114.88403,36.21769]}},{"type":"Feature","properties":{"i":1},"geometry":{"type":"Point","coordinates":[-114.86206,36.21769]}},{"type":"Feature","properties":{"i":0.08},"geometry":{"type":"Point","coordinates":[-114.84009,36.21769]}},{"type":"Feature","properties":{"i":0.14},"geometry":{"type":"Point","coordinates":[-114.81812,36.21769]}},{"type":"Feature","properties":{"i":1},"geometry":{"type":"Point","coordinates":[-115.30151,36.19996]}},{"type":"Feature","properties":{"i":1},"geometry":{"type":"Point","coordinates":[-115.27954,36.19996]}},{"type":"Feature","properties":{"i":1},"geometry":{"type":"Point","coordinates":[-115.25757,36.19996]}},{"type":"Feature","properties":{"i":1},"geometry":{"type":"Point","coordinates":[-115.2356,36.19996]}},{"type":"Feature","properties":{"i":1},"geometry":{"type":"Point","coordinates":[-115.21362,36.19996]}},{"type":"Feature","properties":{"i":1},"geometry":{"type":"Point","coordinates":[-115.19165,36.19996]}},{"type":"Feature","properties":{"i":1},"geometry":{"type":"Point","coordinates":[-115.16968,36.19996]}},{"type":"Feature","properties":{"i":1},"geometry":{"type":"Point","coordinates":[-115.14771,36.19996]}},{"type":"Feature","properties":{"i":1},"geometry":{"type":"Point","coordinates":[-115.12573,36.19996]}},{"type":"Feature","properties":{"i":1},"geometry":{"type":"Point","coordinates":[-115.10376,36.19996]}},{"type":"Feature","properties":{"i":1},"geometry":{"type":"Point","coordinates":[-115.08179,36.19996]}},{"type":"Feature","properties":{"i":1},"geometry":{"type":"Point","coordinates":[-115.05981,36.19996]}},{"type":"Feature","properties":{"i":1},"geometry":{"type":"Point","coordinates":[-115.03784,36.19996]}},{"type":"Feature","properties":{"i":1},"geometry":{"type":"Point","coordinates":[-115.01587,36.19996]}},{"type":"Feature","properties":{"i":1},"geometry":{"type":"Point","coordinates":[-114.9939,36.19996]}},{"type":"Feature","properties":{"i":0.42},"geometry":{"type":"Point","coordinates":[-114.97192,36.19996]}},{"type":"Feature","properties":{"i":0.25},"geometry":{"type":"Point","coordinates":[-114.94995,36.19996]}},{"type":"Feature","properties":{"i":0.31},"geometry":{"type":"Point","coordinates":[-114.92798,36.19996]}},{"type":"Feature","properties":{"i":0.3},"geometry":{"type":"Point","coordinates":[-114.90601,36.19996]}},{"type":"Feature","properties":{"i":0.13},"geometry":{"type":"Point","coordinates":[-114.88403,36.19996]}},{"type":"Feature","properties":{"i":0.08},"geometry":{"type":"Point","coordinates":[-114.86206,36.19996]}},{"type":"Feature","properties":{"i":0.08},"geometry":{"type":"Point","coordinates":[-114.84009,36.19996]}},{"type":"Feature","properties":{"i":0.14},"geometry":{"type":"Point","coordinates":[-114.81812,36.19996]}},{"type":"Feature","properties":{"i":1},"geometry":{"type":"Point","coordinates":[-115.30151,36.18222]}},{"type":"Feature","properties":{"i":1},"geometry":{"type":"Point","coordinates":[-115.27954,36.18222]}},{"type":"Feature","properties":{"i":1},"geometry":{"type":"Point","coordinates":[-115.25757,36.18222]}},{"type":"Feature","properties":{"i":1},"geometry":{"type":"Point","coordinates":[-115.2356,36.18222]}},{"type":"Feature","properties":{"i":1},"geometry":{"type":"Point","coordinates":[-115.21362,36.18222]}},{"type":"Feature","properties":{"i":1},"geometry":{"type":"Point","coordinates":[-115.19165,36.18222]}},{"type":"Feature","properties":{"i":1},"geometry":{"type":"Point","coordinates":[-115.16968,36.18222]}},{"type":"Feature","properties":{"i":1},"geometry":{"type":"Point","coordinates":[-115.14771,36.18222]}},{"type":"Feature","properties":{"i":1},"geometry":{"type":"Point","coordinates":[-115.12573,36.18222]}},{"type":"Feature","properties":{"i":1},"geometry":{"type":"Point","coordinates":[-115.10376,36.18222]}},{"type":"Feature","properties":{"i":1},"geometry":{"type":"Point","coordinates":[-115.08179,36.18222]}},{"type":"Feature","properties":{"i":1},"geometry":{"type":"Point","coordinates":[-115.05981,36.18222]}},{"type":"Feature","properties":{"i":1},"geometry":{"type":"Point","coordinates":[-115.03784,36.18222]}},{"type":"Feature","properties":{"i":1},"geometry":{"type":"Point","coordinates":[-115.01587,36.18222]}},{"type":"Feature","properties":{"i":0.49},"geometry":{"type":"Point","coordinates":[-114.9939,36.18222]}},{"type":"Feature","properties":{"i":0.35},"geometry":{"type":"Point","coordinates":[-114.97192,36.18222]}},{"type":"Feature","properties":{"i":0.26},"geometry":{"type":"Point","coordinates":[-114.94995,36.18222]}},{"type":"Feature","properties":{"i":0.3},"geometry":{"type":"Point","coordinates":[-114.92798,36.18222]}},{"type":"Feature","properties":{"i":0.33},"geometry":{"type":"Point","coordinates":[-114.90601,36.18222]}},{"type":"Feature","properties":{"i":0.56},"geometry":{"type":"Point","coordinates":[-114.88403,36.18222]}},{"type":"Feature","properties":{"i":0.56},"geometry":{"type":"Point","coordinates":[-114.86206,36.18222]}},{"type":"Feature","properties":{"i":0.04},"geometry":{"type":"Point","coordinates":[-114.84009,36.18222]}},{"type":"Feature","properties":{"i":0.09},"geometry":{"type":"Point","coordinates":[-114.81812,36.18222]}},{"type":"Feature","properties":{"i":0.02},"geometry":{"type":"Point","coordinates":[-114.73022,36.18222]}},{"type":"Feature","properties":{"i":1},"geometry":{"type":"Point","coordinates":[-115.30151,36.16449]}},{"type":"Feature","properties":{"i":1},"geometry":{"type":"Point","coordinates":[-115.27954,36.16449]}},{"type":"Feature","properties":{"i":1},"geometry":{"type":"Point","coordinates":[-115.25757,36.16449]}},{"type":"Feature","properties":{"i":1},"geometry":{"type":"Point","coordinates":[-115.2356,36.16449]}},{"type":"Feature","properties":{"i":1},"geometry":{"type":"Point","coordinates":[-115.21362,36.16449]}},{"type":"Feature","properties":{"i":1},"geometry":{"type":"Point","coordinates":[-115.19165,36.16449]}},{"type":"Feature","properties":{"i":1},"geometry":{"type":"Point","coordinates":[-115.16968,36.16449]}},{"type":"Feature","properties":{"i":1},"geometry":{"type":"Point","coordinates":[-115.14771,36.16449]}},{"type":"Feature","properties":{"i":1},"geometry":{"type":"Point","coordinates":[-115.12573,36.16449]}},{"type":"Feature","properties":{"i":1},"geometry":{"type":"Point","coordinates":[-115.10376,36.16449]}},{"type":"Feature","properties":{"i":1},"geometry":{"type":"Point","coordinates":[-115.08179,36.16449]}},{"type":"Feature","properties":{"i":1},"geometry":{"type":"Point","coordinates":[-115.05981,36.16449]}},{"type":"Feature","properties":{"i":1},"geometry":{"type":"Point","coordinates":[-115.03784,36.16449]}},{"type":"Feature","properties":{"i":1},"geometry":{"type":"Point","coordinates":[-115.01587,36.16449]}},{"type":"Feature","properties":{"i":0.56},"geometry":{"type":"Point","coordinates":[-114.9939,36.16449]}},{"type":"Feature","properties":{"i":0.45},"geometry":{"type":"Point","coordinates":[-114.97192,36.16449]}},{"type":"Feature","properties":{"i":0.39},"geometry":{"type":"Point","coordinates":[-114.94995,36.16449]}},{"type":"Feature","properties":{"i":0.36},"geometry":{"type":"Point","coordinates":[-114.92798,36.16449]}},{"type":"Feature","properties":{"i":0.33},"geometry":{"type":"Point","coordinates":[-114.90601,36.16449]}},{"type":"Feature","properties":{"i":0.3},"geometry":{"type":"Point","coordinates":[-114.88403,36.16449]}},{"type":"Feature","properties":{"i":0.18},"geometry":{"type":"Point","coordinates":[-114.86206,36.16449]}},{"type":"Feature","properties":{"i":0.07},"geometry":{"type":"Point","coordinates":[-114.84009,36.16449]}},{"type":"Feature","properties":{"i":0.1},"geometry":{"type":"Point","coordinates":[-114.81812,36.16449]}},{"type":"Feature","properties":{"i":1},"geometry":{"type":"Point","coordinates":[-115.30151,36.14675]}},{"type":"Feature","properties":{"i":1},"geometry":{"type":"Point","coordinates":[-115.27954,36.14675]}},{"type":"Feature","properties":{"i":1},"geometry":{"type":"Point","coordinates":[-115.25757,36.14675]}},{"type":"Feature","properties":{"i":1},"geometry":{"type":"Point","coordinates":[-115.2356,36.14675]}},{"type":"Feature","properties":{"i":1},"geometry":{"type":"Point","coordinates":[-115.21362,36.14675]}},{"type":"Feature","properties":{"i":1},"geometry":{"type":"Point","coordinates":[-115.19165,36.14675]}},{"type":"Feature","properties":{"i":1},"geometry":{"type":"Point","coordinates":[-115.16968,36.14675]}},{"type":"Feature","properties":{"i":1},"geometry":{"type":"Point","coordinates":[-115.14771,36.14675]}},{"type":"Feature","properties":{"i":1},"geometry":{"type":"Point","coordinates":[-115.12573,36.14675]}},{"type":"Feature","properties":{"i":1},"geometry":{"type":"Point","coordinates":[-115.10376,36.14675]}},{"type":"Feature","properties":{"i":1},"geometry":{"type":"Point","coordinates":[-115.08179,36.14675]}},{"type":"Feature","properties":{"i":1},"geometry":{"type":"Point","coordinates":[-115.05981,36.14675]}},{"type":"Feature","properties":{"i":1},"geometry":{"type":"Point","coordinates":[-115.03784,36.14675]}},{"type":"Feature","properties":{"i":1},"geometry":{"type":"Point","coordinates":[-115.01587,36.14675]}},{"type":"Feature","properties":{"i":0.47},"geometry":{"type":"Point","coordinates":[-114.9939,36.14675]}},{"type":"Feature","properties":{"i":0.42},"geometry":{"type":"Point","coordinates":[-114.97192,36.14675]}},{"type":"Feature","properties":{"i":0.45},"geometry":{"type":"Point","coordinates":[-114.94995,36.14675]}},{"type":"Feature","properties":{"i":0.39},"geometry":{"type":"Point","coordinates":[-114.92798,36.14675]}},{"type":"Feature","properties":{"i":0.29},"geometry":{"type":"Point","coordinates":[-114.90601,36.14675]}},{"type":"Feature","properties":{"i":0.22},"geometry":{"type":"Point","coordinates":[-114.88403,36.14675]}},{"type":"Feature","properties":{"i":0.16},"geometry":{"type":"Point","coordinates":[-114.86206,36.14675]}},{"type":"Feature","properties":{"i":0.15},"geometry":{"type":"Point","coordinates":[-114.84009,36.14675]}},{"type":"Feature","properties":{"i":0.1},"geometry":{"type":"Point","coordinates":[-114.81812,36.14675]}},{"type":"Feature","properties":{"i":0.08},"geometry":{"type":"Point","coordinates":[-114.7522,36.14675]}},{"type":"Feature","properties":{"i":0.1},"geometry":{"type":"Point","coordinates":[-114.73022,36.14675]}},{"type":"Feature","properties":{"i":1},"geometry":{"type":"Point","coordinates":[-115.30151,36.129]}},{"type":"Feature","properties":{"i":1},"geometry":{"type":"Point","coordinates":[-115.27954,36.129]}},{"type":"Feature","properties":{"i":1},"geometry":{"type":"Point","coordinates":[-115.25757,36.129]}},{"type":"Feature","properties":{"i":1},"geometry":{"type":"Point","coordinates":[-115.2356,36.129]}},{"type":"Feature","properties":{"i":1},"geometry":{"type":"Point","coordinates":[-115.21362,36.129]}},{"type":"Feature","properties":{"i":1},"geometry":{"type":"Point","coordinates":[-115.19165,36.129]}},{"type":"Feature","properties":{"i":1},"geometry":{"type":"Point","coordinates":[-115.16968,36.129]}},{"type":"Feature","properties":{"i":1},"geometry":{"type":"Point","coordinates":[-115.14771,36.129]}},{"type":"Feature","properties":{"i":1},"geometry":{"type":"Point","coordinates":[-115.12573,36.129]}},{"type":"Feature","properties":{"i":1},"geometry":{"type":"Point","coordinates":[-115.10376,36.129]}},{"type":"Feature","properties":{"i":1},"geometry":{"type":"Point","coordinates":[-115.08179,36.129]}},{"type":"Feature","properties":{"i":1},"geometry":{"type":"Point","coordinates":[-115.05981,36.129]}},{"type":"Feature","properties":{"i":1},"geometry":{"type":"Point","coordinates":[-115.03784,36.129]}},{"type":"Feature","properties":{"i":1},"geometry":{"type":"Point","coordinates":[-115.01587,36.129]}},{"type":"Feature","properties":{"i":0.55},"geometry":{"type":"Point","coordinates":[-114.9939,36.129]}},{"type":"Feature","properties":{"i":0.49},"geometry":{"type":"Point","coordinates":[-114.97192,36.129]}},{"type":"Feature","properties":{"i":0.5},"geometry":{"type":"Point","coordinates":[-114.94995,36.129]}},{"type":"Feature","properties":{"i":0.96},"geometry":{"type":"Point","coordinates":[-114.92798,36.129]}},{"type":"Feature","properties":{"i":0.78},"geometry":{"type":"Point","coordinates":[-114.90601,36.129]}},{"type":"Feature","properties":{"i":0.13},"geometry":{"type":"Point","coordinates":[-114.88403,36.129]}},{"type":"Feature","properties":{"i":0.27},"geometry":{"type":"Point","coordinates":[-114.86206,36.129]}},{"type":"Feature","properties":{"i":0.15},"geometry":{"type":"Point","coordinates":[-114.84009,36.129]}},{"type":"Feature","properties":{"i":0.12},"geometry":{"type":"Point","coordinates":[-114.81812,36.129]}},{"type":"Feature","properties":{"i":0.14},"geometry":{"type":"Point","coordinates":[-114.79614,36.129]}},{"type":"Feature","properties":{"i":0.08},"geometry":{"type":"Point","coordinates":[-114.77417,36.129]}},{"type":"Feature","properties":{"i":0.05},"geometry":{"type":"Point","coordinates":[-114.7522,36.129]}},{"type":"Feature","properties":{"i":0.02},"geometry":{"type":"Point","coordinates":[-114.73022,36.129]}},{"type":"Feature","properties":{"i":0.19},"geometry":{"type":"Point","coordinates":[-114.70825,36.129]}},{"type":"Feature","properties":{"i":1},"geometry":{"type":"Point","coordinates":[-115.30151,36.11125]}},{"type":"Feature","properties":{"i":1},"geometry":{"type":"Point","coordinates":[-115.27954,36.11125]}},{"type":"Feature","properties":{"i":1},"geometry":{"type":"Point","coordinates":[-115.25757,36.11125]}},{"type":"Feature","properties":{"i":1},"geometry":{"type":"Point","coordinates":[-115.2356,36.11125]}},{"type":"Feature","properties":{"i":1},"geometry":{"type":"Point","coordinates":[-115.21362,36.11125]}},{"type":"Feature","properties":{"i":1},"geometry":{"type":"Point","coordinates":[-115.19165,36.11125]}},{"type":"Feature","properties":{"i":1},"geometry":{"type":"Point","coordinates":[-115.16968,36.11125]}},{"type":"Feature","properties":{"i":1},"geometry":{"type":"Point","coordinates":[-115.14771,36.11125]}},{"type":"Feature","properties":{"i":1},"geometry":{"type":"Point","coordinates":[-115.12573,36.11125]}},{"type":"Feature","properties":{"i":1},"geometry":{"type":"Point","coordinates":[-115.10376,36.11125]}},{"type":"Feature","properties":{"i":1},"geometry":{"type":"Point","coordinates":[-115.08179,36.11125]}},{"type":"Feature","properties":{"i":1},"geometry":{"type":"Point","coordinates":[-115.05981,36.11125]}},{"type":"Feature","properties":{"i":1},"geometry":{"type":"Point","coordinates":[-115.03784,36.11125]}},{"type":"Feature","properties":{"i":0.86},"geometry":{"type":"Point","coordinates":[-115.01587,36.11125]}},{"type":"Feature","properties":{"i":0.5},"geometry":{"type":"Point","coordinates":[-114.9939,36.11125]}},{"type":"Feature","properties":{"i":0.49},"geometry":{"type":"Point","coordinates":[-114.97192,36.11125]}},{"type":"Feature","properties":{"i":0.4},"geometry":{"type":"Point","coordinates":[-114.94995,36.11125]}},{"type":"Feature","properties":{"i":0.86},"geometry":{"type":"Point","coordinates":[-114.92798,36.11125]}},{"type":"Feature","properties":{"i":0.86},"geometry":{"type":"Point","coordinates":[-114.90601,36.11125]}},{"type":"Feature","properties":{"i":0.14},"geometry":{"type":"Point","coordinates":[-114.88403,36.11125]}},{"type":"Feature","properties":{"i":0.27},"geometry":{"type":"Point","coordinates":[-114.86206,36.11125]}},{"type":"Feature","properties":{"i":0.27},"geometry":{"type":"Point","coordinates":[-114.84009,36.11125]}},{"type":"Feature","properties":{"i":0.13},"geometry":{"type":"Point","coordinates":[-114.81812,36.11125]}},{"type":"Feature","properties":{"i":0.11},"geometry":{"type":"Point","coordinates":[-114.79614,36.11125]}},{"type":"Feature","properties":{"i":0.05},"geometry":{"type":"Point","coordinates":[-114.77417,36.11125]}},{"type":"Feature","properties":{"i":0.02},"geometry":{"type":"Point","coordinates":[-114.7522,36.11125]}},{"type":"Feature","properties":{"i":1},"geometry":{"type":"Point","coordinates":[-115.30151,36.0935]}},{"type":"Feature","properties":{"i":1},"geometry":{"type":"Point","coordinates":[-115.27954,36.0935]}},{"type":"Feature","properties":{"i":1},"geometry":{"type":"Point","coordinates":[-115.25757,36.0935]}},{"type":"Feature","properties":{"i":1},"geometry":{"type":"Point","coordinates":[-115.2356,36.0935]}},{"type":"Feature","properties":{"i":1},"geometry":{"type":"Point","coordinates":[-115.21362,36.0935]}},{"type":"Feature","properties":{"i":1},"geometry":{"type":"Point","coordinates":[-115.19165,36.0935]}},{"type":"Feature","properties":{"i":1},"geometry":{"type":"Point","coordinates":[-115.16968,36.0935]}},{"type":"Feature","properties":{"i":1},"geometry":{"type":"Point","coordinates":[-115.14771,36.0935]}},{"type":"Feature","properties":{"i":1},"geometry":{"type":"Point","coordinates":[-115.12573,36.0935]}},{"type":"Feature","properties":{"i":1},"geometry":{"type":"Point","coordinates":[-115.10376,36.0935]}},{"type":"Feature","properties":{"i":1},"geometry":{"type":"Point","coordinates":[-115.08179,36.0935]}},{"type":"Feature","properties":{"i":1},"geometry":{"type":"Point","coordinates":[-115.05981,36.0935]}},{"type":"Feature","properties":{"i":1},"geometry":{"type":"Point","coordinates":[-115.03784,36.0935]}},{"type":"Feature","properties":{"i":1},"geometry":{"type":"Point","coordinates":[-115.01587,36.0935]}},{"type":"Feature","properties":{"i":0.68},"geometry":{"type":"Point","coordinates":[-114.9939,36.0935]}},{"type":"Feature","properties":{"i":0.45},"geometry":{"type":"Point","coordinates":[-114.97192,36.0935]}},{"type":"Feature","properties":{"i":0.48},"geometry":{"type":"Point","coordinates":[-114.94995,36.0935]}},{"type":"Feature","properties":{"i":0.85},"geometry":{"type":"Point","coordinates":[-114.92798,36.0935]}},{"type":"Feature","properties":{"i":0.73},"geometry":{"type":"Point","coordinates":[-114.90601,36.0935]}},{"type":"Feature","properties":{"i":0.27},"geometry":{"type":"Point","coordinates":[-114.88403,36.0935]}},{"type":"Feature","properties":{"i":0.18},"geometry":{"type":"Point","coordinates":[-114.86206,36.0935]}},{"type":"Feature","properties":{"i":0.21},"geometry":{"type":"Point","coordinates":[-114.84009,36.0935]}},{"type":"Feature","properties":{"i":0.12},"geometry":{"type":"Point","coordinates":[-114.81812,36.0935]}},{"type":"Feature","properties":{"i":0.04},"geometry":{"type":"Point","coordinates":[-114.79614,36.0935]}},{"type":"Feature","properties":{"i":1},"geometry":{"type":"Point","coordinates":[-115.30151,36.07574]}},{"type":"Feature","properties":{"i":1},"geometry":{"type":"Point","coordinates":[-115.27954,36.07574]}},{"type":"Feature","properties":{"i":1},"geometry":{"type":"Point","coordinates":[-115.25757,36.07574]}},{"type":"Feature","properties":{"i":1},"geometry":{"type":"Point","coordinates":[-115.2356,36.07574]}},{"type":"Feature","properties":{"i":1},"geometry":{"type":"Point","coordinates":[-115.21362,36.07574]}},{"type":"Feature","properties":{"i":1},"geometry":{"type":"Point","coordinates":[-115.19165,36.07574]}},{"type":"Feature","properties":{"i":1},"geometry":{"type":"Point","coordinates":[-115.16968,36.07574]}},{"type":"Feature","properties":{"i":1},"geometry":{"type":"Point","coordinates":[-115.14771,36.07574]}},{"type":"Feature","properties":{"i":1},"geometry":{"type":"Point","coordinates":[-115.12573,36.07574]}},{"type":"Feature","properties":{"i":1},"geometry":{"type":"Point","coordinates":[-115.10376,36.07574]}},{"type":"Feature","properties":{"i":1},"geometry":{"type":"Point","coordinates":[-115.08179,36.07574]}},{"type":"Feature","properties":{"i":1},"geometry":{"type":"Point","coordinates":[-115.05981,36.07574]}},{"type":"Feature","properties":{"i":1},"geometry":{"type":"Point","coordinates":[-115.03784,36.07574]}},{"type":"Feature","properties":{"i":1},"geometry":{"type":"Point","coordinates":[-115.01587,36.07574]}},{"type":"Feature","properties":{"i":1},"geometry":{"type":"Point","coordinates":[-114.9939,36.07574]}},{"type":"Feature","properties":{"i":1},"geometry":{"type":"Point","coordinates":[-114.97192,36.07574]}},{"type":"Feature","properties":{"i":1},"geometry":{"type":"Point","coordinates":[-114.94995,36.07574]}},{"type":"Feature","properties":{"i":0.78},"geometry":{"type":"Point","coordinates":[-114.92798,36.07574]}},{"type":"Feature","properties":{"i":0.75},"geometry":{"type":"Point","coordinates":[-114.90601,36.07574]}},{"type":"Feature","properties":{"i":0.37},"geometry":{"type":"Point","coordinates":[-114.88403,36.07574]}},{"type":"Feature","properties":{"i":0.25},"geometry":{"type":"Point","coordinates":[-114.86206,36.07574]}},{"type":"Feature","properties":{"i":0.35},"geometry":{"type":"Point","coordinates":[-114.84009,36.07574]}},{"type":"Feature","properties":{"i":0.75},"geometry":{"type":"Point","coordinates":[-114.81812,36.07574]}},{"type":"Feature","properties":{"i":0.82},"geometry":{"type":"Point","coordinates":[-114.79614,36.07574]}},{"type":"Feature","properties":{"i":0.09},"geometry":{"type":"Point","coordinates":[-114.77417,36.07574]}},{"type":"Feature","properties":{"i":1},"geometry":{"type":"Point","coordinates":[-115.30151,36.05798]}},{"type":"Feature","properties":{"i":1},"geometry":{"type":"Point","coordinates":[-115.27954,36.05798]}},{"type":"Feature","properties":{"i":1},"geometry":{"type":"Point","coordinates":[-115.25757,36.05798]}},{"type":"Feature","properties":{"i":1},"geometry":{"type":"Point","coordinates":[-115.2356,36.05798]}},{"type":"Feature","properties":{"i":1},"geometry":{"type":"Point","coordinates":[-115.21362,36.05798]}},{"type":"Feature","properties":{"i":1},"geometry":{"type":"Point","coordinates":[-115.19165,36.05798]}},{"type":"Feature","properties":{"i":1},"geometry":{"type":"Point","coordinates":[-115.16968,36.05798]}},{"type":"Feature","properties":{"i":1},"geometry":{"type":"Point","coordinates":[-115.14771,36.05798]}},{"type":"Feature","properties":{"i":1},"geometry":{"type":"Point","coordinates":[-115.12573,36.05798]}},{"type":"Feature","properties":{"i":1},"geometry":{"type":"Point","coordinates":[-115.10376,36.05798]}},{"type":"Feature","properties":{"i":1},"geometry":{"type":"Point","coordinates":[-115.08179,36.05798]}},{"type":"Feature","properties":{"i":1},"geometry":{"type":"Point","coordinates":[-115.05981,36.05798]}},{"type":"Feature","properties":{"i":1},"geometry":{"type":"Point","coordinates":[-115.03784,36.05798]}},{"type":"Feature","properties":{"i":1},"geometry":{"type":"Point","coordinates":[-115.01587,36.05798]}},{"type":"Feature","properties":{"i":1},"geometry":{"type":"Point","coordinates":[-114.9939,36.05798]}},{"type":"Feature","properties":{"i":1},"geometry":{"type":"Point","coordinates":[-114.97192,36.05798]}},{"type":"Feature","properties":{"i":0.98},"geometry":{"type":"Point","coordinates":[-114.94995,36.05798]}},{"type":"Feature","properties":{"i":0.58},"geometry":{"type":"Point","coordinates":[-114.92798,36.05798]}},{"type":"Feature","properties":{"i":0.4},"geometry":{"type":"Point","coordinates":[-114.90601,36.05798]}},{"type":"Feature","properties":{"i":0.33},"geometry":{"type":"Point","coordinates":[-114.88403,36.05798]}},{"type":"Feature","properties":{"i":0.15},"geometry":{"type":"Point","coordinates":[-114.86206,36.05798]}},{"type":"Feature","properties":{"i":0.17},"geometry":{"type":"Point","coordinates":[-114.84009,36.05798]}},{"type":"Feature","properties":{"i":0.75},"geometry":{"type":"Point","coordinates":[-114.81812,36.05798]}},{"type":"Feature","properties":{"i":0.71},"geometry":{"type":"Point","coordinates":[-114.79614,36.05798]}},{"type":"Feature","properties":{"i":0.09},"geometry":{"type":"Point","coordinates":[-114.77417,36.05798]}},{"type":"Feature","properties":{"i":1},"geometry":{"type":"Point","coordinates":[-115.30151,36.04022]}},{"type":"Feature","properties":{"i":1},"geometry":{"type":"Point","coordinates":[-115.27954,36.04022]}},{"type":"Feature","properties":{"i":1},"geometry":{"type":"Point","coordinates":[-115.25757,36.04022]}},{"type":"Feature","properties":{"i":1},"geometry":{"type":"Point","coordinates":[-115.2356,36.04022]}},{"type":"Feature","properties":{"i":1},"geometry":{"type":"Point","coordinates":[-115.21362,36.04022]}},{"type":"Feature","properties":{"i":1},"geometry":{"type":"Point","coordinates":[-115.19165,36.04022]}},{"type":"Feature","properties":{"i":1},"geometry":{"type":"Point","coordinates":[-115.16968,36.04022]}},{"type":"Feature","properties":{"i":1},"geometry":{"type":"Point","coordinates":[-115.14771,36.04022]}},{"type":"Feature","properties":{"i":1},"geometry":{"type":"Point","coordinates":[-115.12573,36.04022]}},{"type":"Feature","properties":{"i":1},"geometry":{"type":"Point","coordinates":[-115.10376,36.04022]}},{"type":"Feature","properties":{"i":1},"geometry":{"type":"Point","coordinates":[-115.08179,36.04022]}},{"type":"Feature","properties":{"i":1},"geometry":{"type":"Point","coordinates":[-115.05981,36.04022]}},{"type":"Feature","properties":{"i":1},"geometry":{"type":"Point","coordinates":[-115.03784,36.04022]}},{"type":"Feature","properties":{"i":1},"geometry":{"type":"Point","coordinates":[-115.01587,36.04022]}},{"type":"Feature","properties":{"i":1},"geometry":{"type":"Point","coordinates":[-114.9939,36.04022]}},{"type":"Feature","properties":{"i":1},"geometry":{"type":"Point","coordinates":[-114.97192,36.04022]}},{"type":"Feature","properties":{"i":1},"geometry":{"type":"Point","coordinates":[-114.94995,36.04022]}},{"type":"Feature","properties":{"i":0.57},"geometry":{"type":"Point","coordinates":[-114.92798,36.04022]}},{"type":"Feature","properties":{"i":0.29},"geometry":{"type":"Point","coordinates":[-114.90601,36.04022]}},{"type":"Feature","properties":{"i":0.14},"geometry":{"type":"Point","coordinates":[-114.88403,36.04022]}},{"type":"Feature","properties":{"i":0.12},"geometry":{"type":"Point","coordinates":[-114.86206,36.04022]}},{"type":"Feature","properties":{"i":0.15},"geometry":{"type":"Point","coordinates":[-114.84009,36.04022]}},{"type":"Feature","properties":{"i":0.19},"geometry":{"type":"Point","coordinates":[-114.81812,36.04022]}},{"type":"Feature","properties":{"i":0.47},"geometry":{"type":"Point","coordinates":[-114.79614,36.04022]}},{"type":"Feature","properties":{"i":0.02},"geometry":{"type":"Point","coordinates":[-114.77417,36.04022]}},{"type":"Feature","properties":{"i":1},"geometry":{"type":"Point","coordinates":[-115.30151,36.02245]}},{"type":"Feature","properties":{"i":1},"geometry":{"type":"Point","coordinates":[-115.27954,36.02245]}},{"type":"Feature","properties":{"i":1},"geometry":{"type":"Point","coordinates":[-115.25757,36.02245]}},{"type":"Feature","properties":{"i":1},"geometry":{"type":"Point","coordinates":[-115.2356,36.02245]}},{"type":"Feature","properties":{"i":1},"geometry":{"type":"Point","coordinates":[-115.21362,36.02245]}},{"type":"Feature","properties":{"i":1},"geometry":{"type":"Point","coordinates":[-115.19165,36.02245]}},{"type":"Feature","properties":{"i":1},"geometry":{"type":"Point","coordinates":[-115.16968,36.02245]}},{"type":"Feature","properties":{"i":1},"geometry":{"type":"Point","coordinates":[-115.14771,36.02245]}},{"type":"Feature","properties":{"i":1},"geometry":{"type":"Point","coordinates":[-115.12573,36.02245]}},{"type":"Feature","properties":{"i":1},"geometry":{"type":"Point","coordinates":[-115.10376,36.02245]}},{"type":"Feature","properties":{"i":1},"geometry":{"type":"Point","coordinates":[-115.08179,36.02245]}},{"type":"Feature","properties":{"i":1},"geometry":{"type":"Point","coordinates":[-115.05981,36.02245]}},{"type":"Feature","properties":{"i":1},"geometry":{"type":"Point","coordinates":[-115.03784,36.02245]}},{"type":"Feature","properties":{"i":1},"geometry":{"type":"Point","coordinates":[-115.01587,36.02245]}},{"type":"Feature","properties":{"i":1},"geometry":{"type":"Point","coordinates":[-114.9939,36.02245]}},{"type":"Feature","properties":{"i":1},"geometry":{"type":"Point","coordinates":[-114.97192,36.02245]}},{"type":"Feature","properties":{"i":1},"geometry":{"type":"Point","coordinates":[-114.94995,36.02245]}},{"type":"Feature","properties":{"i":1},"geometry":{"type":"Point","coordinates":[-114.92798,36.02245]}},{"type":"Feature","properties":{"i":1},"geometry":{"type":"Point","coordinates":[-114.90601,36.02245]}},{"type":"Feature","properties":{"i":0.23},"geometry":{"type":"Point","coordinates":[-114.88403,36.02245]}},{"type":"Feature","properties":{"i":0.23},"geometry":{"type":"Point","coordinates":[-114.86206,36.02245]}},{"type":"Feature","properties":{"i":0.04},"geometry":{"type":"Point","coordinates":[-114.84009,36.02245]}},{"type":"Feature","properties":{"i":0.04},"geometry":{"type":"Point","coordinates":[-114.81812,36.02245]}},{"type":"Feature","properties":{"i":0.12},"geometry":{"type":"Point","coordinates":[-114.79614,36.02245]}},{"type":"Feature","properties":{"i":0.37},"geometry":{"type":"Point","coordinates":[-114.77417,36.02245]}},{"type":"Feature","properties":{"i":0.51},"geometry":{"type":"Point","coordinates":[-114.7522,36.02245]}},{"type":"Feature","properties":{"i":1},"geometry":{"type":"Point","coordinates":[-115.30151,36.00467]}},{"type":"Feature","properties":{"i":1},"geometry":{"type":"Point","coordinates":[-115.27954,36.00467]}},{"type":"Feature","properties":{"i":1},"geometry":{"type":"Point","coordinates":[-115.25757,36.00467]}},{"type":"Feature","properties":{"i":1},"geometry":{"type":"Point","coordinates":[-115.2356,36.00467]}},{"type":"Feature","properties":{"i":1},"geometry":{"type":"Point","coordinates":[-115.21362,36.00467]}},{"type":"Feature","properties":{"i":1},"geometry":{"type":"Point","coordinates":[-115.19165,36.00467]}},{"type":"Feature","properties":{"i":1},"geometry":{"type":"Point","coordinates":[-115.16968,36.00467]}},{"type":"Feature","properties":{"i":1},"geometry":{"type":"Point","coordinates":[-115.14771,36.00467]}},{"type":"Feature","properties":{"i":1},"geometry":{"type":"Point","coordinates":[-115.12573,36.00467]}},{"type":"Feature","properties":{"i":1},"geometry":{"type":"Point","coordinates":[-115.10376,36.00467]}},{"type":"Feature","properties":{"i":1},"geometry":{"type":"Point","coordinates":[-115.08179,36.00467]}},{"type":"Feature","properties":{"i":1},"geometry":{"type":"Point","coordinates":[-115.05981,36.00467]}},{"type":"Feature","properties":{"i":1},"geometry":{"type":"Point","coordinates":[-115.03784,36.00467]}},{"type":"Feature","properties":{"i":1},"geometry":{"type":"Point","coordinates":[-115.01587,36.00467]}},{"type":"Feature","properties":{"i":1},"geometry":{"type":"Point","coordinates":[-114.9939,36.00467]}},{"type":"Feature","properties":{"i":1},"geometry":{"type":"Point","coordinates":[-114.97192,36.00467]}},{"type":"Feature","properties":{"i":1},"geometry":{"type":"Point","coordinates":[-114.94995,36.00467]}},{"type":"Feature","properties":{"i":1},"geometry":{"type":"Point","coordinates":[-114.92798,36.00467]}},{"type":"Feature","properties":{"i":0.63},"geometry":{"type":"Point","coordinates":[-114.90601,36.00467]}},{"type":"Feature","properties":{"i":0.14},"geometry":{"type":"Point","coordinates":[-114.88403,36.00467]}},{"type":"Feature","properties":{"i":0.16},"geometry":{"type":"Point","coordinates":[-114.86206,36.00467]}},{"type":"Feature","properties":{"i":0.07},"geometry":{"type":"Point","coordinates":[-114.84009,36.00467]}},{"type":"Feature","properties":{"i":0.61},"geometry":{"type":"Point","coordinates":[-114.81812,36.00467]}},{"type":"Feature","properties":{"i":0.11},"geometry":{"type":"Point","coordinates":[-114.79614,36.00467]}},{"type":"Feature","properties":{"i":0.97},"geometry":{"type":"Point","coordinates":[-114.77417,36.00467]}},{"type":"Feature","properties":{"i":0.51},"geometry":{"type":"Point","coordinates":[-114.7522,36.00467]}},{"type":"Feature","properties":{"i":0.86},"geometry":{"type":"Point","coordinates":[-114.73022,36.00467]}},{"type":"Feature","properties":{"i":0.3},"geometry":{"type":"Point","coordinates":[-114.07104,36.00467]}},{"type":"Feature","properties":{"i":0.72},"geometry":{"type":"Point","coordinates":[-115.30151,35.9869]}},{"type":"Feature","properties":{"i":0.78},"geometry":{"type":"Point","coordinates":[-115.27954,35.9869]}},{"type":"Feature","properties":{"i":1},"geometry":{"type":"Point","coordinates":[-115.25757,35.9869]}},{"type":"Feature","properties":{"i":1},"geometry":{"type":"Point","coordinates":[-115.2356,35.9869]}},{"type":"Feature","properties":{"i":1},"geometry":{"type":"Point","coordinates":[-115.21362,35.9869]}},{"type":"Feature","properties":{"i":1},"geometry":{"type":"Point","coordinates":[-115.19165,35.9869]}},{"type":"Feature","properties":{"i":1},"geometry":{"type":"Point","coordinates":[-115.16968,35.9869]}},{"type":"Feature","properties":{"i":1},"geometry":{"type":"Point","coordinates":[-115.14771,35.9869]}},{"type":"Feature","properties":{"i":1},"geometry":{"type":"Point","coordinates":[-115.12573,35.9869]}},{"type":"Feature","properties":{"i":1},"geometry":{"type":"Point","coordinates":[-115.10376,35.9869]}},{"type":"Feature","properties":{"i":1},"geometry":{"type":"Point","coordinates":[-115.08179,35.9869]}},{"type":"Feature","properties":{"i":0.64},"geometry":{"type":"Point","coordinates":[-115.05981,35.9869]}},{"type":"Feature","properties":{"i":0.4},"geometry":{"type":"Point","coordinates":[-115.03784,35.9869]}},{"type":"Feature","properties":{"i":0.28},"geometry":{"type":"Point","coordinates":[-115.01587,35.9869]}},{"type":"Feature","properties":{"i":1},"geometry":{"type":"Point","coordinates":[-114.9939,35.9869]}},{"type":"Feature","properties":{"i":1},"geometry":{"type":"Point","coordinates":[-114.97192,35.9869]}},{"type":"Feature","properties":{"i":1},"geometry":{"type":"Point","coordinates":[-114.94995,35.9869]}},{"type":"Feature","properties":{"i":1},"geometry":{"type":"Point","coordinates":[-114.92798,35.9869]}},{"type":"Feature","properties":{"i":0.85},"geometry":{"type":"Point","coordinates":[-114.90601,35.9869]}},{"type":"Feature","properties":{"i":0.13},"geometry":{"type":"Point","coordinates":[-114.88403,35.9869]}},{"type":"Feature","properties":{"i":0.3},"geometry":{"type":"Point","coordinates":[-114.86206,35.9869]}},{"type":"Feature","properties":{"i":1},"geometry":{"type":"Point","coordinates":[-114.84009,35.9869]}},{"type":"Feature","properties":{"i":1},"geometry":{"type":"Point","coordinates":[-114.81812,35.9869]}},{"type":"Feature","properties":{"i":0.07},"geometry":{"type":"Point","coordinates":[-114.79614,35.9869]}},{"type":"Feature","properties":{"i":0.02},"geometry":{"type":"Point","coordinates":[-114.7522,35.9869]}},{"type":"Feature","properties":{"i":0.02},"geometry":{"type":"Point","coordinates":[-114.73022,35.9869]}},{"type":"Feature","properties":{"i":0.03},"geometry":{"type":"Point","coordinates":[-114.70825,35.9869]}},{"type":"Feature","properties":{"i":0.02},"geometry":{"type":"Point","coordinates":[-114.68628,35.9869]}},{"type":"Feature","properties":{"i":0.15},"geometry":{"type":"Point","coordinates":[-115.30151,35.96912]}},{"type":"Feature","properties":{"i":0.09},"geometry":{"type":"Point","coordinates":[-115.27954,35.96912]}},{"type":"Feature","properties":{"i":0.3},"geometry":{"type":"Point","coordinates":[-115.25757,35.96912]}},{"type":"Feature","properties":{"i":0.3},"geometry":{"type":"Point","coordinates":[-115.2356,35.96912]}},{"type":"Feature","properties":{"i":0.95},"geometry":{"type":"Point","coordinates":[-115.21362,35.96912]}},{"type":"Feature","properties":{"i":1},"geometry":{"type":"Point","coordinates":[-115.19165,35.96912]}},{"type":"Feature","properties":{"i":1},"geometry":{"type":"Point","coordinates":[-115.16968,35.96912]}},{"type":"Feature","properties":{"i":1},"geometry":{"type":"Point","coordinates":[-115.14771,35.96912]}},{"type":"Feature","properties":{"i":1},"geometry":{"type":"Point","coordinates":[-115.12573,35.96912]}},{"type":"Feature","properties":{"i":1},"geometry":{"type":"Point","coordinates":[-115.10376,35.96912]}},{"type":"Feature","properties":{"i":1},"geometry":{"type":"Point","coordinates":[-115.08179,35.96912]}},{"type":"Feature","properties":{"i":0.38},"geometry":{"type":"Point","coordinates":[-115.05981,35.96912]}},{"type":"Feature","properties":{"i":0.19},"geometry":{"type":"Point","coordinates":[-115.03784,35.96912]}},{"type":"Feature","properties":{"i":0.19},"geometry":{"type":"Point","coordinates":[-115.01587,35.96912]}},{"type":"Feature","properties":{"i":0.13},"geometry":{"type":"Point","coordinates":[-114.9939,35.96912]}},{"type":"Feature","properties":{"i":0.3},"geometry":{"type":"Point","coordinates":[-114.97192,35.96912]}},{"type":"Feature","properties":{"i":0.24},"geometry":{"type":"Point","coordinates":[-114.94995,35.96912]}},{"type":"Feature","properties":{"i":0.86},"geometry":{"type":"Point","coordinates":[-114.92798,35.96912]}},{"type":"Feature","properties":{"i":1},"geometry":{"type":"Point","coordinates":[-114.90601,35.96912]}},{"type":"Feature","properties":{"i":0.42},"geometry":{"type":"Point","coordinates":[-114.88403,35.96912]}},{"type":"Feature","properties":{"i":1},"geometry":{"type":"Point","coordinates":[-114.86206,35.96912]}},{"type":"Feature","properties":{"i":1},"geometry":{"type":"Point","coordinates":[-114.84009,35.96912]}},{"type":"Feature","properties":{"i":1},"geometry":{"type":"Point","coordinates":[-114.81812,35.96912]}},{"type":"Feature","properties":{"i":0.33},"geometry":{"type":"Point","coordinates":[-114.79614,35.96912]}},{"type":"Feature","properties":{"i":0.05},"geometry":{"type":"Point","coordinates":[-114.77417,35.96912]}},{"type":"Feature","properties":{"i":0.09},"geometry":{"type":"Point","coordinates":[-115.30151,35.95133]}},{"type":"Feature","properties":{"i":0.02},"geometry":{"type":"Point","coordinates":[-115.27954,35.95133]}},{"type":"Feature","properties":{"i":0.09},"geometry":{"type":"Point","coordinates":[-115.25757,35.95133]}},{"type":"Feature","properties":{"i":0.18},"geometry":{"type":"Point","coordinates":[-115.2356,35.95133]}},{"type":"Feature","properties":{"i":1},"geometry":{"type":"Point","coordinates":[-115.21362,35.95133]}},{"type":"Feature","properties":{"i":1},"geometry":{"type":"Point","coordinates":[-115.19165,35.95133]}},{"type":"Feature","properties":{"i":1},"geometry":{"type":"Point","coordinates":[-115.16968,35.95133]}},{"type":"Feature","properties":{"i":1},"geometry":{"type":"Point","coordinates":[-115.14771,35.95133]}},{"type":"Feature","properties":{"i":1},"geometry":{"type":"Point","coordinates":[-115.12573,35.95133]}},{"type":"Feature","properties":{"i":0.97},"geometry":{"type":"Point","coordinates":[-115.10376,35.95133]}},{"type":"Feature","properties":{"i":1},"geometry":{"type":"Point","coordinates":[-115.08179,35.95133]}},{"type":"Feature","properties":{"i":0.48},"geometry":{"type":"Point","coordinates":[-115.05981,35.95133]}},{"type":"Feature","properties":{"i":0.18},"geometry":{"type":"Point","coordinates":[-115.03784,35.95133]}},{"type":"Feature","properties":{"i":0.1},"geometry":{"type":"Point","coordinates":[-115.01587,35.95133]}},{"type":"Feature","properties":{"i":0.09},"geometry":{"type":"Point","coordinates":[-114.9939,35.95133]}},{"type":"Feature","properties":{"i":0.05},"geometry":{"type":"Point","coordinates":[-114.97192,35.95133]}},{"type":"Feature","properties":{"i":0.05},"geometry":{"type":"Point","coordinates":[-114.94995,35.95133]}},{"type":"Feature","properties":{"i":1},"geometry":{"type":"Point","coordinates":[-114.92798,35.95133]}},{"type":"Feature","properties":{"i":1},"geometry":{"type":"Point","coordinates":[-114.90601,35.95133]}},{"type":"Feature","properties":{"i":0.19},"geometry":{"type":"Point","coordinates":[-114.88403,35.95133]}},{"type":"Feature","properties":{"i":0.84},"geometry":{"type":"Point","coordinates":[-114.86206,35.95133]}},{"type":"Feature","properties":{"i":0.84},"geometry":{"type":"Point","coordinates":[-114.84009,35.95133]}},{"type":"Feature","properties":{"i":0.56},"geometry":{"type":"Point","coordinates":[-114.81812,35.95133]}},{"type":"Feature","properties":{"i":0.03},"geometry":{"type":"Point","coordinates":[-115.30151,35.93354]}},{"type":"Feature","properties":{"i":0.05},"geometry":{"type":"Point","coordinates":[-115.25757,35.93354]}},{"type":"Feature","properties":{"i":0.09},"geometry":{"type":"Point","coordinates":[-115.2356,35.93354]}},{"type":"Feature","properties":{"i":1},"geometry":{"type":"Point","coordinates":[-115.21362,35.93354]}},{"type":"Feature","properties":{"i":0.83},"geometry":{"type":"Point","coordinates":[-115.19165,35.93354]}},{"type":"Feature","properties":{"i":0.83},"geometry":{"type":"Point","coordinates":[-115.16968,35.93354]}},{"type":"Feature","properties":{"i":1},"geometry":{"type":"Point","coordinates":[-115.14771,35.93354]}},{"type":"Feature","properties":{"i":1},"geometry":{"type":"Point","coordinates":[-115.12573,35.93354]}},{"type":"Feature","properties":{"i":1},"geometry":{"type":"Point","coordinates":[-115.10376,35.93354]}},{"type":"Feature","properties":{"i":0.97},"geometry":{"type":"Point","coordinates":[-115.08179,35.93354]}},{"type":"Feature","properties":{"i":0.51},"geometry":{"type":"Point","coordinates":[-115.05981,35.93354]}},{"type":"Feature","properties":{"i":0.12},"geometry":{"type":"Point","coordinates":[-115.03784,35.93354]}},{"type":"Feature","properties":{"i":0.1},"geometry":{"type":"Point","coordinates":[-115.01587,35.93354]}},{"type":"Feature","properties":{"i":0.05},"geometry":{"type":"Point","coordinates":[-114.9939,35.93354]}},{"type":"Feature","properties":{"i":0.05},"geometry":{"type":"Point","coordinates":[-114.97192,35.93354]}},{"type":"Feature","properties":{"i":0.05},"geometry":{"type":"Point","coordinates":[-114.94995,35.93354]}},{"type":"Feature","properties":{"i":0.16},"geometry":{"type":"Point","coordinates":[-114.92798,35.93354]}},{"type":"Feature","properties":{"i":0.08},"geometry":{"type":"Point","coordinates":[-114.90601,35.93354]}},{"type":"Feature","properties":{"i":0.84},"geometry":{"type":"Point","coordinates":[-114.86206,35.93354]}},{"type":"Feature","properties":{"i":0.99},"geometry":{"type":"Point","coordinates":[-114.84009,35.93354]}},{"type":"Feature","properties":{"i":0.85},"geometry":{"type":"Point","coordinates":[-114.81812,35.93354]}},{"type":"Feature","properties":{"i":0.02},"geometry":{"type":"Point","coordinates":[-115.2356,35.91575]}},{"type":"Feature","properties":{"i":0.96},"geometry":{"type":"Point","coordinates":[-115.21362,35.91575]}},{"type":"Feature","properties":{"i":0.96},"geometry":{"type":"Point","coordinates":[-115.19165,35.91575]}},{"type":"Feature","properties":{"i":0.19},"geometry":{"type":"Point","coordinates":[-115.16968,35.91575]}},{"type":"Feature","properties":{"i":1},"geometry":{"type":"Point","coordinates":[-115.14771,35.91575]}},{"type":"Feature","properties":{"i":1},"geometry":{"type":"Point","coordinates":[-115.12573,35.91575]}},{"type":"Feature","properties":{"i":0.95},"geometry":{"type":"Point","coordinates":[-115.10376,35.91575]}},{"type":"Feature","properties":{"i":0.97},"geometry":{"type":"Point","coordinates":[-115.08179,35.91575]}},{"type":"Feature","properties":{"i":0.3},"geometry":{"type":"Point","coordinates":[-115.05981,35.91575]}},{"type":"Feature","properties":{"i":0.14},"geometry":{"type":"Point","coordinates":[-115.03784,35.91575]}},{"type":"Feature","properties":{"i":0.04},"geometry":{"type":"Point","coordinates":[-115.01587,35.91575]}},{"type":"Feature","properties":{"i":0.05},"geometry":{"type":"Point","coordinates":[-114.9939,35.91575]}},{"type":"Feature","properties":{"i":0.02},"geometry":{"type":"Point","coordinates":[-114.94995,35.91575]}},{"type":"Feature","properties":{"i":0.11},"geometry":{"type":"Point","coordinates":[-114.92798,35.91575]}},{"type":"Feature","properties":{"i":0.07},"geometry":{"type":"Point","coordinates":[-114.90601,35.91575]}},{"type":"Feature","properties":{"i":1},"geometry":{"type":"Point","coordinates":[-114.84009,35.91575]}},{"type":"Feature","properties":{"i":0.85},"geometry":{"type":"Point","coordinates":[-114.81812,35.91575]}},{"type":"Feature","properties":{"i":0.02},"geometry":{"type":"Point","coordinates":[-114.79614,35.91575]}},{"type":"Feature","properties":{"i":0.03},"geometry":{"type":"Point","coordinates":[-114.77417,35.91575]}},{"type":"Feature","properties":{"i":0.04},"geometry":{"type":"Point","coordinates":[-115.21362,35.89795]}},{"type":"Feature","properties":{"i":0.08},"geometry":{"type":"Point","coordinates":[-115.19165,35.89795]}},{"type":"Feature","properties":{"i":0.12},"geometry":{"type":"Point","coordinates":[-115.16968,35.89795]}},{"type":"Feature","properties":{"i":0.12},"geometry":{"type":"Point","coordinates":[-115.14771,35.89795]}},{"type":"Feature","properties":{"i":0.09},"geometry":{"type":"Point","coordinates":[-115.12573,35.89795]}},{"type":"Feature","properties":{"i":0.09},"geometry":{"type":"Point","coordinates":[-115.10376,35.89795]}},{"type":"Feature","properties":{"i":0.02},"geometry":{"type":"Point","coordinates":[-115.08179,35.89795]}},{"type":"Feature","properties":{"i":0.03},"geometry":{"type":"Point","coordinates":[-115.14771,35.88015]}},{"type":"Feature","properties":{"i":0.07},"geometry":{"type":"Point","coordinates":[-115.12573,35.88015]}},{"type":"Feature","properties":{"i":0.09},"geometry":{"type":"Point","coordinates":[-115.10376,35.88015]}},{"type":"Feature","properties":{"i":0.13},"geometry":{"type":"Point","coordinates":[-114.94995,35.88015]}},{"type":"Feature","properties":{"i":0.03},"geometry":{"type":"Point","coordinates":[-115.2356,35.86234]}},{"type":"Feature","properties":{"i":0.13},"geometry":{"type":"Point","coordinates":[-114.94995,35.86234]}},{"type":"Feature","properties":{"i":0.51},"geometry":{"type":"Point","coordinates":[-114.9939,35.84453]}},{"type":"Feature","properties":{"i":0.73},"geometry":{"type":"Point","coordinates":[-115.01587,35.82672]}},{"type":"Feature","properties":{"i":0.81},"geometry":{"type":"Point","coordinates":[-114.9939,35.82672]}},{"type":"Feature","properties":{"i":0.09},"geometry":{"type":"Point","coordinates":[-114.97192,35.82672]}},{"type":"Feature","properties":{"i":0.28},"geometry":{"type":"Point","coordinates":[-114.94995,35.82672]}},{"type":"Feature","properties":{"i":0.11},"geometry":{"type":"Point","coordinates":[-115.30151,35.8089]}},{"type":"Feature","properties":{"i":0.94},"geometry":{"type":"Point","coordinates":[-115.01587,35.8089]}},{"type":"Feature","properties":{"i":0.96},"geometry":{"type":"Point","coordinates":[-114.9939,35.8089]}},{"type":"Feature","properties":{"i":0.02},"geometry":{"type":"Point","coordinates":[-114.42261,35.8089]}},{"type":"Feature","properties":{"i":0.94},"geometry":{"type":"Point","coordinates":[-115.01587,35.79108]}},{"type":"Feature","properties":{"i":0.96},"geometry":{"type":"Point","coordinates":[-114.9939,35.79108]}},{"type":"Feature","properties":{"i":0.45},"geometry":{"type":"Point","coordinates":[-114.97192,35.79108]}},{"type":"Feature","properties":{"i":0.62},"geometry":{"type":"Point","coordinates":[-114.13696,35.79108]}},{"type":"Feature","properties":{"i":0.62},"geometry":{"type":"Point","coordinates":[-114.11499,35.79108]}},{"type":"Feature","properties":{"i":0.46},"geometry":{"type":"Point","coordinates":[-115.30151,35.77326]}},{"type":"Feature","properties":{"i":0.93},"geometry":{"type":"Point","coordinates":[-115.16968,35.77326]}},{"type":"Feature","properties":{"i":0.93},"geometry":{"type":"Point","coordinates":[-115.14771,35.77326]}},{"type":"Feature","properties":{"i":0.13},"geometry":{"type":"Point","coordinates":[-114.97192,35.77326]}},{"type":"Feature","properties":{"i":0.62},"geometry":{"type":"Point","coordinates":[-114.13696,35.77326]}},{"type":"Feature","properties":{"i":0.62},"geometry":{"type":"Point","coordinates":[-114.11499,35.77326]}},{"type":"Feature","properties":{"i":0.25},"geometry":{"type":"Point","coordinates":[-115.25757,35.75543]}},{"type":"Feature","properties":{"i":0.02},"geometry":{"type":"Point","coordinates":[-114.35669,35.75543]}},{"type":"Feature","properties":{"i":0.68},"geometry":{"type":"Point","coordinates":[-115.25757,35.7376]}},{"type":"Feature","properties":{"i":0.02},"geometry":{"type":"Point","coordinates":[-114.35669,35.7376]}},{"type":"Feature","properties":{"i":0.45},"geometry":{"type":"Point","coordinates":[-115.30151,35.71976]}},{"type":"Feature","properties":{"i":0.86},"geometry":{"type":"Point","coordinates":[-114.48853,35.71976]}},{"type":"Feature","properties":{"i":0.08},"geometry":{"type":"Point","coordinates":[-114.46655,35.71976]}},{"type":"Feature","properties":{"i":0.11},"geometry":{"type":"Point","coordinates":[-114.33472,35.71976]}},{"type":"Feature","properties":{"i":0.11},"geometry":{"type":"Point","coordinates":[-114.31274,35.71976]}},{"type":"Feature","properties":{"i":0.45},"geometry":{"type":"Point","coordinates":[-115.30151,35.70192]}},{"type":"Feature","properties":{"i":0.86},"geometry":{"type":"Point","coordinates":[-114.48853,35.70192]}},{"type":"Feature","properties":{"i":0.87},"geometry":{"type":"Point","coordinates":[-114.46655,35.70192]}},{"type":"Feature","properties":{"i":0.99},"geometry":{"type":"Point","coordinates":[-114.46655,35.68407]}},{"type":"Feature","properties":{"i":0.03},"geometry":{"type":"Point","coordinates":[-114.44458,35.68407]}},{"type":"Feature","properties":{"i":0.1},"geometry":{"type":"Point","coordinates":[-114.20288,35.64837]}},{"type":"Feature","properties":{"i":0.02},"geometry":{"type":"Point","coordinates":[-114.24683,35.63051]}},{"type":"Feature","properties":{"i":0.17},"geometry":{"type":"Point","coordinates":[-114.2688,35.61265]}},{"type":"Feature","properties":{"i":0.17},"geometry":{"type":"Point","coordinates":[-114.24683,35.61265]}},{"type":"Feature","properties":{"i":0.38},"geometry":{"type":"Point","coordinates":[-114.2688,35.59479]}},{"type":"Feature","properties":{"i":0.17},"geometry":{"type":"Point","coordinates":[-114.24683,35.59479]}},{"type":"Feature","properties":{"i":0.05},"geometry":{"type":"Point","coordinates":[-114.31274,35.57692]}},{"type":"Feature","properties":{"i":0.05},"geometry":{"type":"Point","coordinates":[-114.29077,35.57692]}},{"type":"Feature","properties":{"i":0.32},"geometry":{"type":"Point","coordinates":[-114.2688,35.57692]}},{"type":"Feature","properties":{"i":0.02},"geometry":{"type":"Point","coordinates":[-114.31274,35.55904]}},{"type":"Feature","properties":{"i":0.08},"geometry":{"type":"Point","coordinates":[-114.29077,35.55904]}},{"type":"Feature","properties":{"i":0.32},"geometry":{"type":"Point","coordinates":[-114.35669,35.54117]}},{"type":"Feature","properties":{"i":0.05},"geometry":{"type":"Point","coordinates":[-114.33472,35.54117]}},{"type":"Feature","properties":{"i":0.09},"geometry":{"type":"Point","coordinates":[-114.29077,35.54117]}},{"type":"Feature","properties":{"i":0.32},"geometry":{"type":"Point","coordinates":[-114.35669,35.52329]}},{"type":"Feature","properties":{"i":1},"geometry":{"type":"Point","coordinates":[-114.04907,35.5054]}},{"type":"Feature","properties":{"i":0.85},"geometry":{"type":"Point","coordinates":[-114.92798,35.46962]}},{"type":"Feature","properties":{"i":0.85},"geometry":{"type":"Point","coordinates":[-114.90601,35.46962]}},{"type":"Feature","properties":{"i":0.02},"geometry":{"type":"Point","coordinates":[-113.82935,36.04022]}},{"type":"Feature","properties":{"i":0.02},"geometry":{"type":"Point","coordinates":[-113.82935,36.02245]}},{"type":"Feature","properties":{"i":0.33},"geometry":{"type":"Point","coordinates":[-113.82935,35.9869]}},{"type":"Feature","properties":{"i":0.33},"geometry":{"type":"Point","coordinates":[-113.80737,35.9869]}},{"type":"Feature","properties":{"i":0.22},"geometry":{"type":"Point","coordinates":[-113.43384,35.54117]}},{"type":"Feature","properties":{"i":0.48},"geometry":{"type":"Point","coordinates":[-113.41187,35.54117]}},{"type":"Feature","properties":{"i":0.14},"geometry":{"type":"Point","coordinates":[-113.47778,35.52329]}},{"type":"Feature","properties":{"i":0.14},"geometry":{"type":"Point","coordinates":[-113.45581,35.52329]}},{"type":"Feature","properties":{"i":0.42},"geometry":{"type":"Point","coordinates":[-113.43384,35.52329]}},{"type":"Feature","properties":{"i":0.73},"geometry":{"type":"Point","coordinates":[-113.41187,35.52329]}},{"type":"Feature","properties":{"i":0.87},"geometry":{"type":"Point","coordinates":[-113.302,35.52329]}},{"type":"Feature","properties":{"i":0.19},"geometry":{"type":"Point","coordinates":[-113.23608,35.52329]}},{"type":"Feature","properties":{"i":0.19},"geometry":{"type":"Point","coordinates":[-113.21411,35.52329]}},{"type":"Feature","properties":{"i":0.79},"geometry":{"type":"Point","coordinates":[-113.52173,35.5054]}},{"type":"Feature","properties":{"i":0.21},"geometry":{"type":"Point","coordinates":[-113.302,35.5054]}},{"type":"Feature","properties":{"i":0.49},"geometry":{"type":"Point","coordinates":[-116.88354,35.43382]}},{"type":"Feature","properties":{"i":0.4},"geometry":{"type":"Point","coordinates":[-116.88354,35.36218]}},{"type":"Feature","properties":{"i":0.12},"geometry":{"type":"Point","coordinates":[-116.88354,35.34426]}},{"type":"Feature","properties":{"i":0.66},"geometry":{"type":"Point","coordinates":[-116.86157,35.34426]}},{"type":"Feature","properties":{"i":0.66},"geometry":{"type":"Point","coordinates":[-116.86157,35.32633]}},{"type":"Feature","properties":{"i":0.09},"geometry":{"type":"Point","coordinates":[-116.81763,35.29047]}},{"type":"Feature","properties":{"i":0.09},"geometry":{"type":"Point","coordinates":[-116.79565,35.29047]}},{"type":"Feature","properties":{"i":0.1},"geometry":{"type":"Point","coordinates":[-116.79565,35.27253]}},{"type":"Feature","properties":{"i":0.09},"geometry":{"type":"Point","coordinates":[-116.77368,35.27253]}},{"type":"Feature","properties":{"i":0.02},"geometry":{"type":"Point","coordinates":[-116.75171,35.27253]}},{"type":"Feature","properties":{"i":0.28},"geometry":{"type":"Point","coordinates":[-116.72974,35.27253]}},{"type":"Feature","properties":{"i":0.05},"geometry":{"type":"Point","coordinates":[-116.79565,35.25459]}},{"type":"Feature","properties":{"i":0.52},"geometry":{"type":"Point","coordinates":[-116.72974,35.25459]}},{"type":"Feature","properties":{"i":0.05},"geometry":{"type":"Point","coordinates":[-116.79565,35.23665]}},{"type":"Feature","properties":{"i":0.73},"geometry":{"type":"Point","coordinates":[-116.72974,35.2187]}},{"type":"Feature","properties":{"i":0.02},"geometry":{"type":"Point","coordinates":[-116.8396,35.09295]}},{"type":"Feature","properties":{"i":0.08},"geometry":{"type":"Point","coordinates":[-117.01538,34.93098]}},{"type":"Feature","properties":{"i":0.14},"geometry":{"type":"Point","coordinates":[-116.88354,34.93098]}},{"type":"Feature","properties":{"i":0.27},"geometry":{"type":"Point","coordinates":[-117.12524,34.91296]}},{"type":"Feature","properties":{"i":0.28},"geometry":{"type":"Point","coordinates":[-117.10327,34.91296]}},{"type":"Feature","properties":{"i":0.19},"geometry":{"type":"Point","coordinates":[-117.0813,34.91296]}},{"type":"Feature","properties":{"i":0.18},"geometry":{"type":"Point","coordinates":[-117.05933,34.91296]}},{"type":"Feature","properties":{"i":0.27},"geometry":{"type":"Point","coordinates":[-117.03735,34.91296]}},{"type":"Feature","properties":{"i":0.47},"geometry":{"type":"Point","coordinates":[-117.01538,34.91296]}},{"type":"Feature","properties":{"i":0.6},"geometry":{"type":"Point","coordinates":[-116.99341,34.91296]}},{"type":"Feature","properties":{"i":0.19},"geometry":{"type":"Point","coordinates":[-116.97144,34.91296]}},{"type":"Feature","properties":{"i":0.04},"geometry":{"type":"Point","coordinates":[-116.88354,34.91296]}},{"type":"Feature","properties":{"i":0.09},"geometry":{"type":"Point","coordinates":[-116.8396,34.91296]}},{"type":"Feature","properties":{"i":0.41},"geometry":{"type":"Point","coordinates":[-116.81763,34.91296]}},{"type":"Feature","properties":{"i":0.21},"geometry":{"type":"Point","coordinates":[-116.79565,34.91296]}},{"type":"Feature","properties":{"i":0.47},"geometry":{"type":"Point","coordinates":[-116.77368,34.91296]}},{"type":"Feature","properties":{"i":0.09},"geometry":{"type":"Point","coordinates":[-116.75171,34.91296]}},{"type":"Feature","properties":{"i":0.09},"geometry":{"type":"Point","coordinates":[-117.12524,34.89494]}},{"type":"Feature","properties":{"i":0.22},"geometry":{"type":"Point","coordinates":[-117.10327,34.89494]}},{"type":"Feature","properties":{"i":1},"geometry":{"type":"Point","coordinates":[-117.0813,34.89494]}},{"type":"Feature","properties":{"i":1},"geometry":{"type":"Point","coordinates":[-117.05933,34.89494]}},{"type":"Feature","properties":{"i":1},"geometry":{"type":"Point","coordinates":[-117.03735,34.89494]}},{"type":"Feature","properties":{"i":1},"geometry":{"type":"Point","coordinates":[-117.01538,34.89494]}},{"type":"Feature","properties":{"i":1},"geometry":{"type":"Point","coordinates":[-116.99341,34.89494]}},{"type":"Feature","properties":{"i":0.74},"geometry":{"type":"Point","coordinates":[-116.97144,34.89494]}},{"type":"Feature","properties":{"i":0.04},"geometry":{"type":"Point","coordinates":[-116.94946,34.89494]}},{"type":"Feature","properties":{"i":0.19},"geometry":{"type":"Point","coordinates":[-116.92749,34.89494]}},{"type":"Feature","properties":{"i":0.51},"geometry":{"type":"Point","coordinates":[-116.90552,34.89494]}},{"type":"Feature","properties":{"i":1},"geometry":{"type":"Point","coordinates":[-116.88354,34.89494]}},{"type":"Feature","properties":{"i":0.71},"geometry":{"type":"Point","coordinates":[-116.86157,34.89494]}},{"type":"Feature","properties":{"i":0.95},"geometry":{"type":"Point","coordinates":[-116.8396,34.89494]}},{"type":"Feature","properties":{"i":0.6},"geometry":{"type":"Point","coordinates":[-116.81763,34.89494]}},{"type":"Feature","properties":{"i":0.18},"geometry":{"type":"Point","coordinates":[-116.79565,34.89494]}},{"type":"Feature","properties":{"i":0.37},"geometry":{"type":"Point","coordinates":[-117.12524,34.87692]}},{"type":"Feature","properties":{"i":0.88},"geometry":{"type":"Point","coordinates":[-117.10327,34.87692]}},{"type":"Feature","properties":{"i":1},"geometry":{"type":"Point","coordinates":[-117.0813,34.87692]}},{"type":"Feature","properties":{"i":1},"geometry":{"type":"Point","coordinates":[-117.05933,34.87692]}},{"type":"Feature","properties":{"i":0.73},"geometry":{"type":"Point","coordinates":[-117.03735,34.87692]}},{"type":"Feature","properties":{"i":1},"geometry":{"type":"Point","coordinates":[-117.01538,34.87692]}},{"type":"Feature","properties":{"i":0.99},"geometry":{"type":"Point","coordinates":[-116.99341,34.87692]}},{"type":"Feature","properties":{"i":0.71},"geometry":{"type":"Point","coordinates":[-116.97144,34.87692]}},{"type":"Feature","properties":{"i":0.81},"geometry":{"type":"Point","coordinates":[-116.94946,34.87692]}},{"type":"Feature","properties":{"i":0.58},"geometry":{"type":"Point","coordinates":[-116.92749,34.87692]}},{"type":"Feature","properties":{"i":0.79},"geometry":{"type":"Point","coordinates":[-116.88354,34.87692]}},{"type":"Feature","properties":{"i":0.71},"geometry":{"type":"Point","coordinates":[-116.86157,34.87692]}},{"type":"Feature","properties":{"i":0.03},"geometry":{"type":"Point","coordinates":[-116.8396,34.87692]}},{"type":"Feature","properties":{"i":0.41},"geometry":{"type":"Point","coordinates":[-116.79565,34.87692]}},{"type":"Feature","properties":{"i":0.72},"geometry":{"type":"Point","coordinates":[-116.77368,34.87692]}},{"type":"Feature","properties":{"i":0.57},"geometry":{"type":"Point","coordinates":[-116.75171,34.87692]}},{"type":"Feature","properties":{"i":0.08},"geometry":{"type":"Point","coordinates":[-117.12524,34.85889]}},{"type":"Feature","properties":{"i":0.71},"geometry":{"type":"Point","coordinates":[-117.10327,34.85889]}},{"type":"Feature","properties":{"i":1},"geometry":{"type":"Point","coordinates":[-117.0813,34.85889]}},{"type":"Feature","properties":{"i":0.43},"geometry":{"type":"Point","coordinates":[-117.05933,34.85889]}},{"type":"Feature","properties":{"i":0.35},"geometry":{"type":"Point","coordinates":[-117.03735,34.85889]}},{"type":"Feature","properties":{"i":0.81},"geometry":{"type":"Point","coordinates":[-117.01538,34.85889]}},{"type":"Feature","properties":{"i":0.24},"geometry":{"type":"Point","coordinates":[-116.99341,34.85889]}},{"type":"Feature","properties":{"i":0.45},"geometry":{"type":"Point","coordinates":[-116.97144,34.85889]}},{"type":"Feature","properties":{"i":0.45},"geometry":{"type":"Point","coordinates":[-116.94946,34.85889]}},{"type":"Feature","properties":{"i":0.15},"geometry":{"type":"Point","coordinates":[-116.92749,34.85889]}},{"type":"Feature","properties":{"i":0.04},"geometry":{"type":"Point","coordinates":[-116.90552,34.85889]}},{"type":"Feature","properties":{"i":0.56},"geometry":{"type":"Point","coordinates":[-116.88354,34.85889]}},{"type":"Feature","properties":{"i":0.22},"geometry":{"type":"Point","coordinates":[-116.86157,34.85889]}},{"type":"Feature","properties":{"i":0.21},"geometry":{"type":"Point","coordinates":[-116.8396,34.85889]}},{"type":"Feature","properties":{"i":0.47},"geometry":{"type":"Point","coordinates":[-116.81763,34.85889]}},{"type":"Feature","properties":{"i":0.41},"geometry":{"type":"Point","coordinates":[-116.79565,34.85889]}},{"type":"Feature","properties":{"i":0.3},"geometry":{"type":"Point","coordinates":[-116.77368,34.85889]}},{"type":"Feature","properties":{"i":0.57},"geometry":{"type":"Point","coordinates":[-116.75171,34.85889]}},{"type":"Feature","properties":{"i":1},"geometry":{"type":"Point","coordinates":[-117.0813,34.84086]}},{"type":"Feature","properties":{"i":0.13},"geometry":{"type":"Point","coordinates":[-117.05933,34.84086]}},{"type":"Feature","properties":{"i":0.03},"geometry":{"type":"Point","coordinates":[-116.88354,34.84086]}},{"type":"Feature","properties":{"i":0.34},"geometry":{"type":"Point","coordinates":[-116.8396,34.84086]}},{"type":"Feature","properties":{"i":0.02},"geometry":{"type":"Point","coordinates":[-116.75171,34.82282]}},{"type":"Feature","properties":{"i":0.02},"geometry":{"type":"Point","coordinates":[-117.01538,34.75064]}},{"type":"Feature","properties":{"i":0.02},"geometry":{"type":"Point","coordinates":[-116.99341,34.75064]}},{"type":"Feature","properties":{"i":1},"geometry":{"type":"Point","coordinates":[-117.10327,34.62417]}},{"type":"Feature","properties":{"i":1},"geometry":{"type":"Point","coordinates":[-117.0813,34.62417]}},{"type":"Feature","properties":{"i":1},"geometry":{"type":"Point","coordinates":[-117.12524,34.60608]}},{"type":"Feature","properties":{"i":0.08},"geometry":{"type":"Point","coordinates":[-117.10327,34.60608]}},{"type":"Feature","properties":{"i":0.04},"geometry":{"type":"Point","coordinates":[-116.97144,34.56991]}},{"type":"Feature","properties":{"i":0.22},"geometry":{"type":"Point","coordinates":[-117.12524,34.55181]}},{"type":"Feature","properties":{"i":0.3},"geometry":{"type":"Point","coordinates":[-117.12524,34.53371]}},{"type":"Feature","properties":{"i":0.22},"geometry":{"type":"Point","coordinates":[-117.10327,34.53371]}},{"type":"Feature","properties":{"i":0.28},"geometry":{"type":"Point","coordinates":[-117.12524,34.51561]}},{"type":"Feature","properties":{"i":0.17},"geometry":{"type":"Point","coordinates":[-117.10327,34.51561]}},{"type":"Feature","properties":{"i":0.23},"geometry":{"type":"Point","coordinates":[-117.12524,34.4975]}},{"type":"Feature","properties":{"i":0.03},"geometry":{"type":"Point","coordinates":[-117.10327,34.4975]}},{"type":"Feature","properties":{"i":0.02},"geometry":{"type":"Point","coordinates":[-116.90552,34.4975]}},{"type":"Feature","properties":{"i":0.28},"geometry":{"type":"Point","coordinates":[-117.12524,34.47939]}},{"type":"Feature","properties":{"i":0.02},"geometry":{"type":"Point","coordinates":[-117.10327,34.47939]}},{"type":"Feature","properties":{"i":0.17},"geometry":{"type":"Point","coordinates":[-117.01538,34.47939]}},{"type":"Feature","properties":{"i":0.17},"geometry":{"type":"Point","coordinates":[-116.99341,34.47939]}},{"type":"Feature","properties":{"i":0.04},"geometry":{"type":"Point","coordinates":[-117.12524,34.46128]}},{"type":"Feature","properties":{"i":0.08},"geometry":{"type":"Point","coordinates":[-117.10327,34.46128]}},{"type":"Feature","properties":{"i":0.03},"geometry":{"type":"Point","coordinates":[-117.0813,34.46128]}},{"type":"Feature","properties":{"i":0.03},"geometry":{"type":"Point","coordinates":[-117.01538,34.46128]}},{"type":"Feature","properties":{"i":0.03},"geometry":{"type":"Point","coordinates":[-116.99341,34.46128]}},{"type":"Feature","properties":{"i":0.19},"geometry":{"type":"Point","coordinates":[-116.97144,34.46128]}},{"type":"Feature","properties":{"i":0.48},"geometry":{"type":"Point","coordinates":[-116.94946,34.46128]}},{"type":"Feature","properties":{"i":0.48},"geometry":{"type":"Point","coordinates":[-116.92749,34.46128]}},{"type":"Feature","properties":{"i":0.02},"geometry":{"type":"Point","coordinates":[-116.88354,34.46128]}},{"type":"Feature","properties":{"i":0.08},"geometry":{"type":"Point","coordinates":[-116.86157,34.46128]}},{"type":"Feature","properties":{"i":0.09},"geometry":{"type":"Point","coordinates":[-117.12524,34.44316]}},{"type":"Feature","properties":{"i":0.15},"geometry":{"type":"Point","coordinates":[-117.10327,34.44316]}},{"type":"Feature","properties":{"i":0.21},"geometry":{"type":"Point","coordinates":[-117.0813,34.44316]}},{"type":"Feature","properties":{"i":0.02},"geometry":{"type":"Point","coordinates":[-117.03735,34.44316]}},{"type":"Feature","properties":{"i":0.02},"geometry":{"type":"Point","coordinates":[-117.01538,34.44316]}},{"type":"Feature","properties":{"i":0.05},"geometry":{"type":"Point","coordinates":[-116.99341,34.44316]}},{"type":"Feature","properties":{"i":0.61},"geometry":{"type":"Point","coordinates":[-116.97144,34.44316]}},{"type":"Feature","properties":{"i":0.62},"geometry":{"type":"Point","coordinates":[-116.94946,34.44316]}},{"type":"Feature","properties":{"i":0.48},"geometry":{"type":"Point","coordinates":[-116.92749,34.44316]}},{"type":"Feature","properties":{"i":0.28},"geometry":{"type":"Point","coordinates":[-116.90552,34.44316]}},{"type":"Feature","properties":{"i":0.21},"geometry":{"type":"Point","coordinates":[-116.88354,34.44316]}},{"type":"Feature","properties":{"i":0.04},"geometry":{"type":"Point","coordinates":[-116.8396,34.44316]}},{"type":"Feature","properties":{"i":0.13},"geometry":{"type":"Point","coordinates":[-117.12524,34.42504]}},{"type":"Feature","properties":{"i":0.09},"geometry":{"type":"Point","coordinates":[-117.10327,34.42504]}},{"type":"Feature","properties":{"i":0.05},"geometry":{"type":"Point","coordinates":[-117.0813,34.42504]}},{"type":"Feature","properties":{"i":0.09},"geometry":{"type":"Point","coordinates":[-117.03735,34.42504]}},{"type":"Feature","properties":{"i":0.08},"geometry":{"type":"Point","coordinates":[-117.01538,34.42504]}},{"type":"Feature","properties":{"i":0.27},"geometry":{"type":"Point","coordinates":[-116.99341,34.42504]}},{"type":"Feature","properties":{"i":0.26},"geometry":{"type":"Point","coordinates":[-116.97144,34.42504]}},{"type":"Feature","properties":{"i":0.18},"geometry":{"type":"Point","coordinates":[-116.94946,34.42504]}},{"type":"Feature","properties":{"i":0.11},"geometry":{"type":"Point","coordinates":[-116.92749,34.42504]}},{"type":"Feature","properties":{"i":0.09},"geometry":{"type":"Point","coordinates":[-116.90552,34.42504]}},{"type":"Feature","properties":{"i":0.21},"geometry":{"type":"Point","coordinates":[-116.88354,34.42504]}},{"type":"Feature","properties":{"i":0.03},"geometry":{"type":"Point","coordinates":[-116.86157,34.42504]}},{"type":"Feature","properties":{"i":0.11},"geometry":{"type":"Point","coordinates":[-116.81763,34.42504]}},{"type":"Feature","properties":{"i":0.02},"geometry":{"type":"Point","coordinates":[-117.12524,34.40691]}},{"type":"Feature","properties":{"i":0.05},"geometry":{"type":"Point","coordinates":[-117.10327,34.40691]}},{"type":"Feature","properties":{"i":0.07},"geometry":{"type":"Point","coordinates":[-117.0813,34.40691]}},{"type":"Feature","properties":{"i":0.02},"geometry":{"type":"Point","coordinates":[-117.03735,34.40691]}},{"type":"Feature","properties":{"i":0.05},"geometry":{"type":"Point","coordinates":[-117.01538,34.40691]}},{"type":"Feature","properties":{"i":0.05},"geometry":{"type":"Point","coordinates":[-116.99341,34.40691]}},{"type":"Feature","properties":{"i":0.05},"geometry":{"type":"Point","coordinates":[-116.97144,34.40691]}},{"type":"Feature","properties":{"i":0.09},"geometry":{"type":"Point","coordinates":[-116.94946,34.40691]}},{"type":"Feature","properties":{"i":0.74},"geometry":{"type":"Point","coordinates":[-116.92749,34.40691]}},{"type":"Feature","properties":{"i":0.13},"geometry":{"type":"Point","coordinates":[-116.88354,34.40691]}},{"type":"Feature","properties":{"i":0.05},"geometry":{"type":"Point","coordinates":[-116.86157,34.40691]}},{"type":"Feature","properties":{"i":0.15},"geometry":{"type":"Point","coordinates":[-116.97144,34.38878]}},{"type":"Feature","properties":{"i":0.63},"geometry":{"type":"Point","coordinates":[-116.94946,34.38878]}},{"type":"Feature","properties":{"i":0.84},"geometry":{"type":"Point","coordinates":[-116.92749,34.38878]}},{"type":"Feature","properties":{"i":0.09},"geometry":{"type":"Point","coordinates":[-116.88354,34.38878]}},{"type":"Feature","properties":{"i":0.13},"geometry":{"type":"Point","coordinates":[-116.86157,34.38878]}},{"type":"Feature","properties":{"i":0.63},"geometry":{"type":"Point","coordinates":[-116.94946,34.37064]}},{"type":"Feature","properties":{"i":0.5},"geometry":{"type":"Point","coordinates":[-116.92749,34.37064]}},{"type":"Feature","properties":{"i":0.75},"geometry":{"type":"Point","coordinates":[-116.90552,34.37064]}},{"type":"Feature","properties":{"i":0.47},"geometry":{"type":"Point","coordinates":[-116.86157,34.37064]}},{"type":"Feature","properties":{"i":0.93},"geometry":{"type":"Point","coordinates":[-116.86157,34.35251]}},{"type":"Feature","properties":{"i":0.93},"geometry":{"type":"Point","coordinates":[-116.8396,34.35251]}},{"type":"Feature","properties":{"i":0.17},"geometry":{"type":"Point","coordinates":[-116.8396,34.33436]}},{"type":"Feature","properties":{"i":0.02},"geometry":{"type":"Point","coordinates":[-115.6311,35.45172]}},{"type":"Feature","properties":{"i":0.04},"geometry":{"type":"Point","coordinates":[-115.47729,35.45172]}},{"type":"Feature","properties":{"i":0.1},"geometry":{"type":"Point","coordinates":[-115.69702,35.43382]}},{"type":"Feature","properties":{"i":0.09},"geometry":{"type":"Point","coordinates":[-115.67505,35.43382]}},{"type":"Feature","properties":{"i":0.22},"geometry":{"type":"Point","coordinates":[-115.78491,35.39801]}},{"type":"Feature","properties":{"i":0.09},"geometry":{"type":"Point","coordinates":[-115.89478,35.36218]}},{"type":"Feature","properties":{"i":0.09},"geometry":{"type":"Point","coordinates":[-115.8728,35.36218]}},{"type":"Feature","properties":{"i":0.63},"geometry":{"type":"Point","coordinates":[-116.70776,35.27253]}},{"type":"Feature","properties":{"i":1},"geometry":{"type":"Point","coordinates":[-116.68579,35.27253]}},{"type":"Feature","properties":{"i":0.95},"geometry":{"type":"Point","coordinates":[-116.66382,35.27253]}},{"type":"Feature","properties":{"i":0.32},"geometry":{"type":"Point","coordinates":[-116.64185,35.27253]}},{"type":"Feature","properties":{"i":0.34},"geometry":{"type":"Point","coordinates":[-116.61987,35.27253]}},{"type":"Feature","properties":{"i":0.98},"geometry":{"type":"Point","coordinates":[-116.07056,35.27253]}},{"type":"Feature","properties":{"i":0.95},"geometry":{"type":"Point","coordinates":[-116.04858,35.27253]}},{"type":"Feature","properties":{"i":0.96},"geometry":{"type":"Point","coordinates":[-116.70776,35.25459]}},{"type":"Feature","properties":{"i":1},"geometry":{"type":"Point","coordinates":[-116.68579,35.25459]}},{"type":"Feature","properties":{"i":1},"geometry":{"type":"Point","coordinates":[-116.66382,35.25459]}},{"type":"Feature","properties":{"i":0.1},"geometry":{"type":"Point","coordinates":[-116.64185,35.25459]}},{"type":"Feature","properties":{"i":0.4},"geometry":{"type":"Point","coordinates":[-116.09253,35.25459]}},{"type":"Feature","properties":{"i":0.87},"geometry":{"type":"Point","coordinates":[-116.07056,35.25459]}},{"type":"Feature","properties":{"i":0.84},"geometry":{"type":"Point","coordinates":[-116.68579,35.23665]}},{"type":"Feature","properties":{"i":0.84},"geometry":{"type":"Point","coordinates":[-116.66382,35.23665]}},{"type":"Feature","properties":{"i":0.04},"geometry":{"type":"Point","coordinates":[-116.64185,35.23665]}},{"type":"Feature","properties":{"i":0.22},"geometry":{"type":"Point","coordinates":[-116.68579,35.2187]}},{"type":"Feature","properties":{"i":0.55},"geometry":{"type":"Point","coordinates":[-116.66382,35.2187]}},{"type":"Feature","properties":{"i":0.45},"geometry":{"type":"Point","coordinates":[-116.20239,35.12889]}},{"type":"Feature","properties":{"i":0.5},"geometry":{"type":"Point","coordinates":[-116.46606,35.03899]}},{"type":"Feature","properties":{"i":0.36},"geometry":{"type":"Point","coordinates":[-116.70776,35.021]}},{"type":"Feature","properties":{"i":0.36},"geometry":{"type":"Point","coordinates":[-116.68579,35.021]}},{"type":"Feature","properties":{"i":0.57},"geometry":{"type":"Point","coordinates":[-116.51001,35.021]}},{"type":"Feature","properties":{"i":0.53},"geometry":{"type":"Point","coordinates":[-116.46606,35.021]}},{"type":"Feature","properties":{"i":0.36},"geometry":{"type":"Point","coordinates":[-116.70776,35.003]}},{"type":"Feature","properties":{"i":0.09},"geometry":{"type":"Point","coordinates":[-116.68579,35.003]}},{"type":"Feature","properties":{"i":0.56},"geometry":{"type":"Point","coordinates":[-116.51001,35.003]}},{"type":"Feature","properties":{"i":0.04},"geometry":{"type":"Point","coordinates":[-116.68579,34.967]}},{"type":"Feature","properties":{"i":0.75},"geometry":{"type":"Point","coordinates":[-116.64185,34.967]}},{"type":"Feature","properties":{"i":0.08},"geometry":{"type":"Point","coordinates":[-116.61987,34.967]}},{"type":"Feature","properties":{"i":0.08},"geometry":{"type":"Point","coordinates":[-116.5979,34.967]}},{"type":"Feature","properties":{"i":0.14},"geometry":{"type":"Point","coordinates":[-116.66382,34.94899]}},{"type":"Feature","properties":{"i":0.09},"geometry":{"type":"Point","coordinates":[-116.64185,34.94899]}},{"type":"Feature","properties":{"i":0.04},"geometry":{"type":"Point","coordinates":[-116.66382,34.89494]}},{"type":"Feature","properties":{"i":0.08},"geometry":{"type":"Point","coordinates":[-116.66382,34.87692]}},{"type":"Feature","properties":{"i":0.13},"geometry":{"type":"Point","coordinates":[-116.5979,34.87692]}},{"type":"Feature","properties":{"i":0.12},"geometry":{"type":"Point","coordinates":[-116.57593,34.87692]}},{"type":"Feature","properties":{"i":0.29},"geometry":{"type":"Point","coordinates":[-116.66382,34.85889]}},{"type":"Feature","properties":{"i":0.05},"geometry":{"type":"Point","coordinates":[-116.68579,34.84086]}},{"type":"Feature","properties":{"i":0.67},"geometry":{"type":"Point","coordinates":[-116.66382,34.84086]}},{"type":"Feature","properties":{"i":0.17},"geometry":{"type":"Point","coordinates":[-116.64185,34.84086]}},{"type":"Feature","properties":{"i":0.57},"geometry":{"type":"Point","coordinates":[-116.68579,34.82282]}},{"type":"Feature","properties":{"i":0.67},"geometry":{"type":"Point","coordinates":[-116.66382,34.82282]}},{"type":"Feature","properties":{"i":0.08},"geometry":{"type":"Point","coordinates":[-116.64185,34.82282]}},{"type":"Feature","properties":{"i":0.44},"geometry":{"type":"Point","coordinates":[-116.61987,34.82282]}},{"type":"Feature","properties":{"i":0.44},"geometry":{"type":"Point","coordinates":[-116.5979,34.82282]}},{"type":"Feature","properties":{"i":0.08},"geometry":{"type":"Point","coordinates":[-116.64185,34.80478]}},{"type":"Feature","properties":{"i":0.44},"geometry":{"type":"Point","coordinates":[-116.61987,34.80478]}},{"type":"Feature","properties":{"i":0.44},"geometry":{"type":"Point","coordinates":[-116.5979,34.80478]}},{"type":"Feature","properties":{"i":0.1},"geometry":{"type":"Point","coordinates":[-116.51001,34.80478]}},{"type":"Feature","properties":{"i":0.35},"geometry":{"type":"Point","coordinates":[-116.5979,34.78674]}},{"type":"Feature","properties":{"i":0.09},"geometry":{"type":"Point","coordinates":[-116.51001,34.78674]}},{"type":"Feature","properties":{"i":0.03},"geometry":{"type":"Point","coordinates":[-116.5979,34.76869]}},{"type":"Feature","properties":{"i":0.44},"geometry":{"type":"Point","coordinates":[-116.42212,34.75064]}},{"type":"Feature","properties":{"i":0.55},"geometry":{"type":"Point","coordinates":[-116.40015,34.75064]}},{"type":"Feature","properties":{"i":0.05},"geometry":{"type":"Point","coordinates":[-116.22437,34.71452]}},{"type":"Feature","properties":{"i":0.05},"geometry":{"type":"Point","coordinates":[-116.20239,34.71452]}},{"type":"Feature","properties":{"i":0.52},"geometry":{"type":"Point","coordinates":[-116.15845,34.71452]}},{"type":"Feature","properties":{"i":0.14},"geometry":{"type":"Point","coordinates":[-116.00464,34.66032]}},{"type":"Feature","properties":{"i":0.18},"geometry":{"type":"Point","coordinates":[-115.96069,34.60608]}},{"type":"Feature","properties":{"i":0.12},"geometry":{"type":"Point","coordinates":[-115.74097,34.55181]}},{"type":"Feature","properties":{"i":0.28},"geometry":{"type":"Point","coordinates":[-115.71899,34.55181]}},{"type":"Feature","properties":{"i":1},"geometry":{"type":"Point","coordinates":[-116.07056,34.53371]}},{"type":"Feature","properties":{"i":0.87},"geometry":{"type":"Point","coordinates":[-116.04858,34.53371]}},{"type":"Feature","properties":{"i":0.4},"geometry":{"type":"Point","coordinates":[-116.02661,34.53371]}},{"type":"Feature","properties":{"i":1},"geometry":{"type":"Point","coordinates":[-116.07056,34.51561]}},{"type":"Feature","properties":{"i":1},"geometry":{"type":"Point","coordinates":[-116.04858,34.51561]}},{"type":"Feature","properties":{"i":0.26},"geometry":{"type":"Point","coordinates":[-116.02661,34.51561]}},{"type":"Feature","properties":{"i":0.04},"geometry":{"type":"Point","coordinates":[-115.52124,34.51561]}},{"type":"Feature","properties":{"i":0.04},"geometry":{"type":"Point","coordinates":[-115.49927,34.51561]}},{"type":"Feature","properties":{"i":0.26},"geometry":{"type":"Point","coordinates":[-115.47729,34.51561]}},{"type":"Feature","properties":{"i":0.02},"geometry":{"type":"Point","coordinates":[-116.04858,34.4975]}},{"type":"Feature","properties":{"i":0.02},"geometry":{"type":"Point","coordinates":[-116.55396,34.35251]}},{"type":"Feature","properties":{"i":0.03},"geometry":{"type":"Point","coordinates":[-116.53198,34.35251]}},{"type":"Feature","properties":{"i":0.02},"geometry":{"type":"Point","coordinates":[-116.55396,34.33436]}},{"type":"Feature","properties":{"i":0.92},"geometry":{"type":"Point","coordinates":[-114.92798,35.45172]}},{"type":"Feature","properties":{"i":0.91},"geometry":{"type":"Point","coordinates":[-114.90601,35.45172]}},{"type":"Feature","properties":{"i":0.59},"geometry":{"type":"Point","coordinates":[-114.2688,35.41591]}},{"type":"Feature","properties":{"i":0.22},"geometry":{"type":"Point","coordinates":[-114.20288,35.41591]}},{"type":"Feature","properties":{"i":0.18},"geometry":{"type":"Point","coordinates":[-114.18091,35.41591]}},{"type":"Feature","properties":{"i":1},"geometry":{"type":"Point","coordinates":[-114.15894,35.36218]}},{"type":"Feature","properties":{"i":1},"geometry":{"type":"Point","coordinates":[-114.13696,35.36218]}},{"type":"Feature","properties":{"i":0.03},"geometry":{"type":"Point","coordinates":[-114.11499,35.36218]}},{"type":"Feature","properties":{"i":0.35},"geometry":{"type":"Point","coordinates":[-114.15894,35.34426]}},{"type":"Feature","properties":{"i":0.35},"geometry":{"type":"Point","coordinates":[-114.13696,35.34426]}},{"type":"Feature","properties":{"i":0.02},"geometry":{"type":"Point","coordinates":[-114.07104,35.34426]}},{"type":"Feature","properties":{"i":0.03},"geometry":{"type":"Point","coordinates":[-114.20288,35.32633]}},{"type":"Feature","properties":{"i":0.02},"geometry":{"type":"Point","coordinates":[-114.0271,35.32633]}},{"type":"Feature","properties":{"i":0.02},"geometry":{"type":"Point","coordinates":[-114.0271,35.3084]}},{"type":"Feature","properties":{"i":0.45},"geometry":{"type":"Point","coordinates":[-114.88403,35.29047]}},{"type":"Feature","properties":{"i":0.07},"geometry":{"type":"Point","coordinates":[-114.84009,35.29047]}},{"type":"Feature","properties":{"i":0.09},"geometry":{"type":"Point","coordinates":[-114.04907,35.29047]}},{"type":"Feature","properties":{"i":0.09},"geometry":{"type":"Point","coordinates":[-114.0271,35.29047]}},{"type":"Feature","properties":{"i":0.5},"geometry":{"type":"Point","coordinates":[-113.96118,35.29047]}},{"type":"Feature","properties":{"i":0.5},"geometry":{"type":"Point","coordinates":[-113.93921,35.29047]}},{"type":"Feature","properties":{"i":0.56},"geometry":{"type":"Point","coordinates":[-115.10376,35.27253]}},{"type":"Feature","properties":{"i":0.56},"geometry":{"type":"Point","coordinates":[-115.08179,35.27253]}},{"type":"Feature","properties":{"i":0.08},"geometry":{"type":"Point","coordinates":[-114.29077,35.27253]}},{"type":"Feature","properties":{"i":0.02},"geometry":{"type":"Point","coordinates":[-114.2688,35.27253]}},{"type":"Feature","properties":{"i":0.27},"geometry":{"type":"Point","coordinates":[-114.04907,35.27253]}},{"type":"Feature","properties":{"i":0.66},"geometry":{"type":"Point","coordinates":[-114.0271,35.27253]}},{"type":"Feature","properties":{"i":0.59},"geometry":{"type":"Point","coordinates":[-114.00513,35.27253]}},{"type":"Feature","properties":{"i":0.53},"geometry":{"type":"Point","coordinates":[-113.98315,35.27253]}},{"type":"Feature","properties":{"i":0.92},"geometry":{"type":"Point","coordinates":[-113.96118,35.27253]}},{"type":"Feature","properties":{"i":0.92},"geometry":{"type":"Point","coordinates":[-113.93921,35.27253]}},{"type":"Feature","properties":{"i":0.1},"geometry":{"type":"Point","coordinates":[-113.91724,35.27253]}},{"type":"Feature","properties":{"i":0.26},"geometry":{"type":"Point","coordinates":[-115.10376,35.25459]}},{"type":"Feature","properties":{"i":0.17},"geometry":{"type":"Point","coordinates":[-114.04907,35.25459]}},{"type":"Feature","properties":{"i":0.73},"geometry":{"type":"Point","coordinates":[-114.0271,35.25459]}},{"type":"Feature","properties":{"i":0.72},"geometry":{"type":"Point","coordinates":[-114.00513,35.25459]}},{"type":"Feature","properties":{"i":0.53},"geometry":{"type":"Point","coordinates":[-113.98315,35.25459]}},{"type":"Feature","properties":{"i":1},"geometry":{"type":"Point","coordinates":[-113.96118,35.25459]}},{"type":"Feature","properties":{"i":1},"geometry":{"type":"Point","coordinates":[-113.93921,35.25459]}},{"type":"Feature","properties":{"i":0.14},"geometry":{"type":"Point","coordinates":[-113.91724,35.25459]}},{"type":"Feature","properties":{"i":0.15},"geometry":{"type":"Point","coordinates":[-114.29077,35.23665]}},{"type":"Feature","properties":{"i":0.11},"geometry":{"type":"Point","coordinates":[-114.2688,35.23665]}},{"type":"Feature","properties":{"i":0.11},"geometry":{"type":"Point","coordinates":[-114.24683,35.23665]}},{"type":"Feature","properties":{"i":0.18},"geometry":{"type":"Point","coordinates":[-114.22485,35.23665]}},{"type":"Feature","properties":{"i":0.08},"geometry":{"type":"Point","coordinates":[-114.20288,35.23665]}},{"type":"Feature","properties":{"i":0.15},"geometry":{"type":"Point","coordinates":[-114.18091,35.23665]}},{"type":"Feature","properties":{"i":0.24},"geometry":{"type":"Point","coordinates":[-114.15894,35.23665]}},{"type":"Feature","properties":{"i":0.28},"geometry":{"type":"Point","coordinates":[-114.13696,35.23665]}},{"type":"Feature","properties":{"i":0.31},"geometry":{"type":"Point","coordinates":[-114.04907,35.23665]}},{"type":"Feature","properties":{"i":0.99},"geometry":{"type":"Point","coordinates":[-114.0271,35.23665]}},{"type":"Feature","properties":{"i":0.77},"geometry":{"type":"Point","coordinates":[-114.00513,35.23665]}},{"type":"Feature","properties":{"i":0.83},"geometry":{"type":"Point","coordinates":[-113.98315,35.23665]}},{"type":"Feature","properties":{"i":0.11},"geometry":{"type":"Point","coordinates":[-113.96118,35.23665]}},{"type":"Feature","properties":{"i":0.47},"geometry":{"type":"Point","coordinates":[-114.86206,35.2187]}},{"type":"Feature","properties":{"i":0.1},"geometry":{"type":"Point","coordinates":[-114.84009,35.2187]}},{"type":"Feature","properties":{"i":0.31},"geometry":{"type":"Point","coordinates":[-114.57642,35.2187]}},{"type":"Feature","properties":{"i":0.37},"geometry":{"type":"Point","coordinates":[-114.55444,35.2187]}},{"type":"Feature","properties":{"i":0.09},"geometry":{"type":"Point","coordinates":[-114.29077,35.2187]}},{"type":"Feature","properties":{"i":0.35},"geometry":{"type":"Point","coordinates":[-114.2688,35.2187]}},{"type":"Feature","properties":{"i":0.22},"geometry":{"type":"Point","coordinates":[-114.24683,35.2187]}},{"type":"Feature","properties":{"i":0.37},"geometry":{"type":"Point","coordinates":[-114.22485,35.2187]}},{"type":"Feature","properties":{"i":0.5},"geometry":{"type":"Point","coordinates":[-114.20288,35.2187]}},{"type":"Feature","properties":{"i":0.51},"geometry":{"type":"Point","coordinates":[-114.18091,35.2187]}},{"type":"Feature","properties":{"i":0.73},"geometry":{"type":"Point","coordinates":[-114.15894,35.2187]}},{"type":"Feature","properties":{"i":0.73},"geometry":{"type":"Point","coordinates":[-114.13696,35.2187]}},{"type":"Feature","properties":{"i":0.58},"geometry":{"type":"Point","coordinates":[-114.11499,35.2187]}},{"type":"Feature","properties":{"i":0.07},"geometry":{"type":"Point","coordinates":[-114.07104,35.2187]}},{"type":"Feature","properties":{"i":1},"geometry":{"type":"Point","coordinates":[-114.04907,35.2187]}},{"type":"Feature","properties":{"i":1},"geometry":{"type":"Point","coordinates":[-114.0271,35.2187]}},{"type":"Feature","properties":{"i":1},"geometry":{"type":"Point","coordinates":[-114.00513,35.2187]}},{"type":"Feature","properties":{"i":0.84},"geometry":{"type":"Point","coordinates":[-113.98315,35.2187]}},{"type":"Feature","properties":{"i":0.56},"geometry":{"type":"Point","coordinates":[-113.96118,35.2187]}},{"type":"Feature","properties":{"i":0.55},"geometry":{"type":"Point","coordinates":[-113.93921,35.2187]}},{"type":"Feature","properties":{"i":0.23},"geometry":{"type":"Point","coordinates":[-114.86206,35.20074]}},{"type":"Feature","properties":{"i":0.23},"geometry":{"type":"Point","coordinates":[-114.84009,35.20074]}},{"type":"Feature","properties":{"i":0.36},"geometry":{"type":"Point","coordinates":[-114.57642,35.20074]}},{"type":"Feature","properties":{"i":0.27},"geometry":{"type":"Point","coordinates":[-114.55444,35.20074]}},{"type":"Feature","properties":{"i":0.6},"geometry":{"type":"Point","coordinates":[-114.53247,35.20074]}},{"type":"Feature","properties":{"i":0.6},"geometry":{"type":"Point","coordinates":[-114.5105,35.20074]}},{"type":"Feature","properties":{"i":0.18},"geometry":{"type":"Point","coordinates":[-114.29077,35.20074]}},{"type":"Feature","properties":{"i":0.24},"geometry":{"type":"Point","coordinates":[-114.2688,35.20074]}},{"type":"Feature","properties":{"i":0.02},"geometry":{"type":"Point","coordinates":[-114.24683,35.20074]}},{"type":"Feature","properties":{"i":0.31},"geometry":{"type":"Point","coordinates":[-114.22485,35.20074]}},{"type":"Feature","properties":{"i":0.05},"geometry":{"type":"Point","coordinates":[-114.20288,35.20074]}},{"type":"Feature","properties":{"i":0.11},"geometry":{"type":"Point","coordinates":[-114.18091,35.20074]}},{"type":"Feature","properties":{"i":0.11},"geometry":{"type":"Point","coordinates":[-114.15894,35.20074]}},{"type":"Feature","properties":{"i":0.02},"geometry":{"type":"Point","coordinates":[-114.09302,35.20074]}},{"type":"Feature","properties":{"i":0.49},"geometry":{"type":"Point","coordinates":[-114.07104,35.20074]}},{"type":"Feature","properties":{"i":0.51},"geometry":{"type":"Point","coordinates":[-114.04907,35.20074]}},{"type":"Feature","properties":{"i":0.95},"geometry":{"type":"Point","coordinates":[-114.0271,35.20074]}},{"type":"Feature","properties":{"i":1},"geometry":{"type":"Point","coordinates":[-114.00513,35.20074]}},{"type":"Feature","properties":{"i":0.47},"geometry":{"type":"Point","coordinates":[-113.98315,35.20074]}},{"type":"Feature","properties":{"i":0.47},"geometry":{"type":"Point","coordinates":[-113.96118,35.20074]}},{"type":"Feature","properties":{"i":0.23},"geometry":{"type":"Point","coordinates":[-113.93921,35.20074]}},{"type":"Feature","properties":{"i":0.05},"geometry":{"type":"Point","coordinates":[-113.91724,35.20074]}},{"type":"Feature","properties":{"i":0.28},"geometry":{"type":"Point","coordinates":[-114.62036,35.18279]}},{"type":"Feature","properties":{"i":0.02},"geometry":{"type":"Point","coordinates":[-114.59839,35.18279]}},{"type":"Feature","properties":{"i":0.14},"geometry":{"type":"Point","coordinates":[-114.57642,35.18279]}},{"type":"Feature","properties":{"i":0.56},"geometry":{"type":"Point","coordinates":[-114.55444,35.18279]}},{"type":"Feature","properties":{"i":0.74},"geometry":{"type":"Point","coordinates":[-114.53247,35.18279]}},{"type":"Feature","properties":{"i":0.74},"geometry":{"type":"Point","coordinates":[-114.5105,35.18279]}},{"type":"Feature","properties":{"i":0.05},"geometry":{"type":"Point","coordinates":[-114.48853,35.18279]}},{"type":"Feature","properties":{"i":0.19},"geometry":{"type":"Point","coordinates":[-114.46655,35.18279]}},{"type":"Feature","properties":{"i":0.19},"geometry":{"type":"Point","coordinates":[-114.44458,35.18279]}},{"type":"Feature","properties":{"i":0.02},"geometry":{"type":"Point","coordinates":[-114.29077,35.18279]}},{"type":"Feature","properties":{"i":0.24},"geometry":{"type":"Point","coordinates":[-114.2688,35.18279]}},{"type":"Feature","properties":{"i":1},"geometry":{"type":"Point","coordinates":[-114.07104,35.18279]}},{"type":"Feature","properties":{"i":1},"geometry":{"type":"Point","coordinates":[-114.04907,35.18279]}},{"type":"Feature","properties":{"i":0.71},"geometry":{"type":"Point","coordinates":[-114.0271,35.18279]}},{"type":"Feature","properties":{"i":0.62},"geometry":{"type":"Point","coordinates":[-114.00513,35.18279]}},{"type":"Feature","properties":{"i":0.37},"geometry":{"type":"Point","coordinates":[-113.98315,35.18279]}},{"type":"Feature","properties":{"i":0.25},"geometry":{"type":"Point","coordinates":[-113.96118,35.18279]}},{"type":"Feature","properties":{"i":0.41},"geometry":{"type":"Point","coordinates":[-113.91724,35.18279]}},{"type":"Feature","properties":{"i":0.45},"geometry":{"type":"Point","coordinates":[-114.62036,35.16483]}},{"type":"Feature","properties":{"i":0.68},"geometry":{"type":"Point","coordinates":[-114.59839,35.16483]}},{"type":"Feature","properties":{"i":1},"geometry":{"type":"Point","coordinates":[-114.57642,35.16483]}},{"type":"Feature","properties":{"i":1},"geometry":{"type":"Point","coordinates":[-114.55444,35.16483]}},{"type":"Feature","properties":{"i":0.53},"geometry":{"type":"Point","coordinates":[-114.53247,35.16483]}},{"type":"Feature","properties":{"i":0.28},"geometry":{"type":"Point","coordinates":[-114.5105,35.16483]}},{"type":"Feature","properties":{"i":0.03},"geometry":{"type":"Point","coordinates":[-114.48853,35.16483]}},{"type":"Feature","properties":{"i":0.08},"geometry":{"type":"Point","coordinates":[-114.22485,35.16483]}},{"type":"Feature","properties":{"i":0.08},"geometry":{"type":"Point","coordinates":[-114.20288,35.16483]}},{"type":"Feature","properties":{"i":0.24},"geometry":{"type":"Point","coordinates":[-114.07104,35.16483]}},{"type":"Feature","properties":{"i":0.24},"geometry":{"type":"Point","coordinates":[-114.04907,35.16483]}},{"type":"Feature","properties":{"i":0.04},"geometry":{"type":"Point","coordinates":[-113.98315,35.16483]}},{"type":"Feature","properties":{"i":0.04},"geometry":{"type":"Point","coordinates":[-113.96118,35.16483]}},{"type":"Feature","properties":{"i":0.4},"geometry":{"type":"Point","coordinates":[-114.64233,35.14686]}},{"type":"Feature","properties":{"i":0.9},"geometry":{"type":"Point","coordinates":[-114.62036,35.14686]}},{"type":"Feature","properties":{"i":0.86},"geometry":{"type":"Point","coordinates":[-114.59839,35.14686]}},{"type":"Feature","properties":{"i":1},"geometry":{"type":"Point","coordinates":[-114.57642,35.14686]}},{"type":"Feature","properties":{"i":1},"geometry":{"type":"Point","coordinates":[-114.55444,35.14686]}},{"type":"Feature","properties":{"i":0.87},"geometry":{"type":"Point","coordinates":[-114.53247,35.14686]}},{"type":"Feature","properties":{"i":0.58},"geometry":{"type":"Point","coordinates":[-114.5105,35.14686]}},{"type":"Feature","properties":{"i":0.05},"geometry":{"type":"Point","coordinates":[-114.11499,35.14686]}},{"type":"Feature","properties":{"i":1},"geometry":{"type":"Point","coordinates":[-114.09302,35.14686]}},{"type":"Feature","properties":{"i":0.71},"geometry":{"type":"Point","coordinates":[-114.07104,35.14686]}},{"type":"Feature","properties":{"i":0.79},"geometry":{"type":"Point","coordinates":[-114.64233,35.12889]}},{"type":"Feature","properties":{"i":1},"geometry":{"type":"Point","coordinates":[-114.62036,35.12889]}},{"type":"Feature","properties":{"i":0.69},"geometry":{"type":"Point","coordinates":[-114.59839,35.12889]}},{"type":"Feature","properties":{"i":1},"geometry":{"type":"Point","coordinates":[-114.57642,35.12889]}},{"type":"Feature","properties":{"i":0.88},"geometry":{"type":"Point","coordinates":[-114.55444,35.12889]}},{"type":"Feature","properties":{"i":0.86},"geometry":{"type":"Point","coordinates":[-114.53247,35.12889]}},{"type":"Feature","properties":{"i":0.37},"geometry":{"type":"Point","coordinates":[-114.5105,35.12889]}},{"type":"Feature","properties":{"i":0.28},"geometry":{"type":"Point","coordinates":[-114.13696,35.12889]}},{"type":"Feature","properties":{"i":0.76},"geometry":{"type":"Point","coordinates":[-114.11499,35.12889]}},{"type":"Feature","properties":{"i":1},"geometry":{"type":"Point","coordinates":[-114.09302,35.12889]}},{"type":"Feature","properties":{"i":0.64},"geometry":{"type":"Point","coordinates":[-114.07104,35.12889]}},{"type":"Feature","properties":{"i":0.78},"geometry":{"type":"Point","coordinates":[-114.64233,35.11092]}},{"type":"Feature","properties":{"i":0.85},"geometry":{"type":"Point","coordinates":[-114.62036,35.11092]}},{"type":"Feature","properties":{"i":1},"geometry":{"type":"Point","coordinates":[-114.59839,35.11092]}},{"type":"Feature","properties":{"i":1},"geometry":{"type":"Point","coordinates":[-114.57642,35.11092]}},{"type":"Feature","properties":{"i":0.72},"geometry":{"type":"Point","coordinates":[-114.55444,35.11092]}},{"type":"Feature","properties":{"i":0.22},"geometry":{"type":"Point","coordinates":[-114.53247,35.11092]}},{"type":"Feature","properties":{"i":0.08},"geometry":{"type":"Point","coordinates":[-114.13696,35.11092]}},{"type":"Feature","properties":{"i":0.02},"geometry":{"type":"Point","coordinates":[-114.11499,35.11092]}},{"type":"Feature","properties":{"i":0.04},"geometry":{"type":"Point","coordinates":[-114.07104,35.11092]}},{"type":"Feature","properties":{"i":0.8},"geometry":{"type":"Point","coordinates":[-114.64233,35.09295]}},{"type":"Feature","properties":{"i":0.98},"geometry":{"type":"Point","coordinates":[-114.62036,35.09295]}},{"type":"Feature","properties":{"i":1},"geometry":{"type":"Point","coordinates":[-114.59839,35.09295]}},{"type":"Feature","properties":{"i":0.39},"geometry":{"type":"Point","coordinates":[-114.57642,35.09295]}},{"type":"Feature","properties":{"i":0.28},"geometry":{"type":"Point","coordinates":[-114.55444,35.09295]}},{"type":"Feature","properties":{"i":0.51},"geometry":{"type":"Point","coordinates":[-114.53247,35.09295]}},{"type":"Feature","properties":{"i":0.18},"geometry":{"type":"Point","coordinates":[-114.46655,35.09295]}},{"type":"Feature","properties":{"i":0.98},"geometry":{"type":"Point","coordinates":[-114.44458,35.09295]}},{"type":"Feature","properties":{"i":0.11},"geometry":{"type":"Point","coordinates":[-114.42261,35.09295]}},{"type":"Feature","properties":{"i":0.47},"geometry":{"type":"Point","coordinates":[-114.62036,35.07496]}},{"type":"Feature","properties":{"i":1},"geometry":{"type":"Point","coordinates":[-114.59839,35.07496]}},{"type":"Feature","properties":{"i":0.31},"geometry":{"type":"Point","coordinates":[-114.57642,35.07496]}},{"type":"Feature","properties":{"i":0.68},"geometry":{"type":"Point","coordinates":[-114.55444,35.07496]}},{"type":"Feature","properties":{"i":0.52},"geometry":{"type":"Point","coordinates":[-114.53247,35.07496]}},{"type":"Feature","properties":{"i":0.04},"geometry":{"type":"Point","coordinates":[-114.11499,35.07496]}},{"type":"Feature","properties":{"i":0.22},"geometry":{"type":"Point","coordinates":[-114.62036,35.05698]}},{"type":"Feature","properties":{"i":0.89},"geometry":{"type":"Point","coordinates":[-114.59839,35.05698]}},{"type":"Feature","properties":{"i":1},"geometry":{"type":"Point","coordinates":[-114.57642,35.05698]}},{"type":"Feature","properties":{"i":0.42},"geometry":{"type":"Point","coordinates":[-114.55444,35.05698]}},{"type":"Feature","properties":{"i":0.92},"geometry":{"type":"Point","coordinates":[-114.13696,35.05698]}},{"type":"Feature","properties":{"i":0.92},"geometry":{"type":"Point","coordinates":[-114.11499,35.05698]}},{"type":"Feature","properties":{"i":0.78},"geometry":{"type":"Point","coordinates":[-114.59839,35.03899]}},{"type":"Feature","properties":{"i":0.66},"geometry":{"type":"Point","coordinates":[-114.57642,35.03899]}},{"type":"Feature","properties":{"i":0.45},"geometry":{"type":"Point","coordinates":[-114.55444,35.03899]}},{"type":"Feature","properties":{"i":0.5},"geometry":{"type":"Point","coordinates":[-114.37866,35.03899]}},{"type":"Feature","properties":{"i":0.5},"geometry":{"type":"Point","coordinates":[-114.35669,35.03899]}},{"type":"Feature","properties":{"i":0.08},"geometry":{"type":"Point","coordinates":[-114.20288,35.03899]}},{"type":"Feature","properties":{"i":0.71},"geometry":{"type":"Point","coordinates":[-114.18091,35.03899]}},{"type":"Feature","properties":{"i":0.29},"geometry":{"type":"Point","coordinates":[-114.15894,35.03899]}},{"type":"Feature","properties":{"i":1},"geometry":{"type":"Point","coordinates":[-114.13696,35.03899]}},{"type":"Feature","properties":{"i":0.51},"geometry":{"type":"Point","coordinates":[-114.11499,35.03899]}},{"type":"Feature","properties":{"i":0.18},"geometry":{"type":"Point","coordinates":[-114.66431,35.021]}},{"type":"Feature","properties":{"i":1},"geometry":{"type":"Point","coordinates":[-114.64233,35.021]}},{"type":"Feature","properties":{"i":0.27},"geometry":{"type":"Point","coordinates":[-114.62036,35.021]}},{"type":"Feature","properties":{"i":1},"geometry":{"type":"Point","coordinates":[-114.59839,35.021]}},{"type":"Feature","properties":{"i":0.53},"geometry":{"type":"Point","coordinates":[-114.57642,35.021]}},{"type":"Feature","properties":{"i":0.45},"geometry":{"type":"Point","coordinates":[-114.55444,35.021]}},{"type":"Feature","properties":{"i":0.19},"geometry":{"type":"Point","coordinates":[-114.37866,35.021]}},{"type":"Feature","properties":{"i":1},"geometry":{"type":"Point","coordinates":[-114.18091,35.021]}},{"type":"Feature","properties":{"i":0.54},"geometry":{"type":"Point","coordinates":[-114.15894,35.021]}},{"type":"Feature","properties":{"i":0.77},"geometry":{"type":"Point","coordinates":[-114.13696,35.021]}},{"type":"Feature","properties":{"i":0.05},"geometry":{"type":"Point","coordinates":[-114.11499,35.021]}},{"type":"Feature","properties":{"i":0.78},"geometry":{"type":"Point","coordinates":[-114.64233,35.003]}},{"type":"Feature","properties":{"i":0.14},"geometry":{"type":"Point","coordinates":[-114.62036,35.003]}},{"type":"Feature","properties":{"i":0.94},"geometry":{"type":"Point","coordinates":[-114.59839,35.003]}},{"type":"Feature","properties":{"i":0.65},"geometry":{"type":"Point","coordinates":[-114.57642,35.003]}},{"type":"Feature","properties":{"i":0.4},"geometry":{"type":"Point","coordinates":[-114.55444,35.003]}},{"type":"Feature","properties":{"i":0.98},"geometry":{"type":"Point","coordinates":[-114.59839,34.985]}},{"type":"Feature","properties":{"i":0.75},"geometry":{"type":"Point","coordinates":[-114.57642,34.985]}},{"type":"Feature","properties":{"i":0.47},"geometry":{"type":"Point","coordinates":[-114.55444,34.985]}},{"type":"Feature","properties":{"i":0.71},"geometry":{"type":"Point","coordinates":[-114.59839,34.967]}},{"type":"Feature","properties":{"i":0.53},"geometry":{"type":"Point","coordinates":[-114.57642,34.967]}},{"type":"Feature","properties":{"i":0.51},"geometry":{"type":"Point","coordinates":[-114.55444,34.967]}},{"type":"Feature","properties":{"i":0.16},"geometry":{"type":"Point","coordinates":[-114.53247,34.967]}},{"type":"Feature","properties":{"i":0.71},"geometry":{"type":"Point","coordinates":[-114.59839,34.94899]}},{"type":"Feature","properties":{"i":0.34},"geometry":{"type":"Point","coordinates":[-114.57642,34.94899]}},{"type":"Feature","properties":{"i":0.23},"geometry":{"type":"Point","coordinates":[-114.81812,34.93098]}},{"type":"Feature","properties":{"i":0.59},"geometry":{"type":"Point","coordinates":[-114.62036,34.93098]}},{"type":"Feature","properties":{"i":0.17},"geometry":{"type":"Point","coordinates":[-114.59839,34.93098]}},{"type":"Feature","properties":{"i":0.3},"geometry":{"type":"Point","coordinates":[-114.57642,34.93098]}},{"type":"Feature","properties":{"i":0.43},"geometry":{"type":"Point","coordinates":[-114.64233,34.91296]}},{"type":"Feature","properties":{"i":0.44},"geometry":{"type":"Point","coordinates":[-114.62036,34.91296]}},{"type":"Feature","properties":{"i":0.78},"geometry":{"type":"Point","coordinates":[-114.59839,34.91296]}},{"type":"Feature","properties":{"i":0.19},"geometry":{"type":"Point","coordinates":[-114.57642,34.91296]}},{"type":"Feature","properties":{"i":0.91},"geometry":{"type":"Point","coordinates":[-114.15894,34.91296]}},{"type":"Feature","properties":{"i":0.05},"geometry":{"type":"Point","coordinates":[-114.13696,34.91296]}},{"type":"Feature","properties":{"i":0.37},"geometry":{"type":"Point","coordinates":[-114.64233,34.89494]}},{"type":"Feature","properties":{"i":0.21},"geometry":{"type":"Point","coordinates":[-114.62036,34.89494]}},{"type":"Feature","properties":{"i":0.84},"geometry":{"type":"Point","coordinates":[-114.59839,34.89494]}},{"type":"Feature","properties":{"i":0.57},"geometry":{"type":"Point","coordinates":[-114.57642,34.89494]}},{"type":"Feature","properties":{"i":0.57},"geometry":{"type":"Point","coordinates":[-114.55444,34.89494]}},{"type":"Feature","properties":{"i":0.19},"geometry":{"type":"Point","coordinates":[-114.7522,34.87692]}},{"type":"Feature","properties":{"i":0.26},"geometry":{"type":"Point","coordinates":[-114.68628,34.87692]}},{"type":"Feature","properties":{"i":0.14},"geometry":{"type":"Point","coordinates":[-114.66431,34.87692]}},{"type":"Feature","properties":{"i":0.56},"geometry":{"type":"Point","coordinates":[-114.64233,34.87692]}},{"type":"Feature","properties":{"i":0.56},"geometry":{"type":"Point","coordinates":[-114.62036,34.87692]}},{"type":"Feature","properties":{"i":0.58},"geometry":{"type":"Point","coordinates":[-114.59839,34.87692]}},{"type":"Feature","properties":{"i":0.62},"geometry":{"type":"Point","coordinates":[-114.57642,34.87692]}},{"type":"Feature","properties":{"i":0.56},"geometry":{"type":"Point","coordinates":[-114.55444,34.87692]}},{"type":"Feature","properties":{"i":0.59},"geometry":{"type":"Point","coordinates":[-114.53247,34.87692]}},{"type":"Feature","properties":{"i":0.16},"geometry":{"type":"Point","coordinates":[-114.5105,34.87692]}},{"type":"Feature","properties":{"i":0.11},"geometry":{"type":"Point","coordinates":[-114.15894,34.87692]}},{"type":"Feature","properties":{"i":0.47},"geometry":{"type":"Point","coordinates":[-114.13696,34.87692]}},{"type":"Feature","properties":{"i":0.05},"geometry":{"type":"Point","coordinates":[-114.11499,34.87692]}},{"type":"Feature","properties":{"i":0.38},"geometry":{"type":"Point","coordinates":[-114.64233,34.85889]}},{"type":"Feature","properties":{"i":0.84},"geometry":{"type":"Point","coordinates":[-114.62036,34.85889]}},{"type":"Feature","properties":{"i":0.91},"geometry":{"type":"Point","coordinates":[-114.59839,34.85889]}},{"type":"Feature","properties":{"i":0.58},"geometry":{"type":"Point","coordinates":[-114.57642,34.85889]}},{"type":"Feature","properties":{"i":0.04},"geometry":{"type":"Point","coordinates":[-114.55444,34.85889]}},{"type":"Feature","properties":{"i":0.59},"geometry":{"type":"Point","coordinates":[-114.53247,34.85889]}},{"type":"Feature","properties":{"i":0.64},"geometry":{"type":"Point","coordinates":[-114.15894,34.85889]}},{"type":"Feature","properties":{"i":0.94},"geometry":{"type":"Point","coordinates":[-114.13696,34.85889]}},{"type":"Feature","properties":{"i":1},"geometry":{"type":"Point","coordinates":[-114.62036,34.84086]}},{"type":"Feature","properties":{"i":1},"geometry":{"type":"Point","coordinates":[-114.59839,34.84086]}},{"type":"Feature","properties":{"i":0.91},"geometry":{"type":"Point","coordinates":[-114.57642,34.84086]}},{"type":"Feature","properties":{"i":0.39},"geometry":{"type":"Point","coordinates":[-115.19165,34.82282]}},{"type":"Feature","properties":{"i":0.41},"geometry":{"type":"Point","coordinates":[-115.16968,34.82282]}},{"type":"Feature","properties":{"i":0.6},"geometry":{"type":"Point","coordinates":[-114.62036,34.82282]}},{"type":"Feature","properties":{"i":0.84},"geometry":{"type":"Point","coordinates":[-114.59839,34.82282]}},{"type":"Feature","properties":{"i":0.72},"geometry":{"type":"Point","coordinates":[-114.57642,34.82282]}},{"type":"Feature","properties":{"i":0.85},"geometry":{"type":"Point","coordinates":[-114.15894,34.82282]}},{"type":"Feature","properties":{"i":0.85},"geometry":{"type":"Point","coordinates":[-114.13696,34.82282]}},{"type":"Feature","properties":{"i":0.4},"geometry":{"type":"Point","coordinates":[-115.19165,34.80478]}},{"type":"Feature","properties":{"i":0.41},"geometry":{"type":"Point","coordinates":[-115.16968,34.80478]}},{"type":"Feature","properties":{"i":0.39},"geometry":{"type":"Point","coordinates":[-114.59839,34.80478]}},{"type":"Feature","properties":{"i":0.37},"geometry":{"type":"Point","coordinates":[-114.48853,34.78674]}},{"type":"Feature","properties":{"i":0.37},"geometry":{"type":"Point","coordinates":[-114.46655,34.78674]}},{"type":"Feature","properties":{"i":0.49},"geometry":{"type":"Point","coordinates":[-114.57642,34.76869]}},{"type":"Feature","properties":{"i":0.09},"geometry":{"type":"Point","coordinates":[-114.5105,34.76869]}},{"type":"Feature","properties":{"i":0.3},"geometry":{"type":"Point","coordinates":[-114.48853,34.76869]}},{"type":"Feature","properties":{"i":0.19},"geometry":{"type":"Point","coordinates":[-114.46655,34.76869]}},{"type":"Feature","properties":{"i":0.48},"geometry":{"type":"Point","coordinates":[-114.57642,34.75064]}},{"type":"Feature","properties":{"i":0.15},"geometry":{"type":"Point","coordinates":[-114.55444,34.75064]}},{"type":"Feature","properties":{"i":0.15},"geometry":{"type":"Point","coordinates":[-114.20288,34.75064]}},{"type":"Feature","properties":{"i":0.08},"geometry":{"type":"Point","coordinates":[-114.46655,34.73258]}},{"type":"Feature","properties":{"i":0.08},"geometry":{"type":"Point","coordinates":[-114.44458,34.73258]}},{"type":"Feature","properties":{"i":0.17},"geometry":{"type":"Point","coordinates":[-114.5105,34.71452]}},{"type":"Feature","properties":{"i":0.43},"geometry":{"type":"Point","coordinates":[-114.48853,34.71452]}},{"type":"Feature","properties":{"i":0.11},"geometry":{"type":"Point","coordinates":[-114.46655,34.71452]}},{"type":"Feature","properties":{"i":0.07},"geometry":{"type":"Point","coordinates":[-114.44458,34.71452]}},{"type":"Feature","properties":{"i":0.25},"geometry":{"type":"Point","coordinates":[-114.42261,34.71452]}},{"type":"Feature","properties":{"i":1},"geometry":{"type":"Point","coordinates":[-114.31274,34.71452]}},{"type":"Feature","properties":{"i":0.76},"geometry":{"type":"Point","coordinates":[-114.62036,34.69646]}},{"type":"Feature","properties":{"i":0.76},"geometry":{"type":"Point","coordinates":[-114.59839,34.69646]}},{"type":"Feature","properties":{"i":0.03},"geometry":{"type":"Point","coordinates":[-114.40063,34.56991]}},{"type":"Feature","properties":{"i":0.03},"geometry":{"type":"Point","coordinates":[-114.37866,34.56991]}},{"type":"Feature","properties":{"i":1},"geometry":{"type":"Point","coordinates":[-114.35669,34.56991]}},{"type":"Feature","properties":{"i":0.02},"geometry":{"type":"Point","coordinates":[-114.33472,34.56991]}},{"type":"Feature","properties":{"i":0.08},"geometry":{"type":"Point","coordinates":[-114.00513,34.56991]}},{"type":"Feature","properties":{"i":0.09},"geometry":{"type":"Point","coordinates":[-113.98315,34.56991]}},{"type":"Feature","properties":{"i":0.66},"geometry":{"type":"Point","coordinates":[-114.37866,34.55181]}},{"type":"Feature","properties":{"i":1},"geometry":{"type":"Point","coordinates":[-114.35669,34.55181]}},{"type":"Feature","properties":{"i":0.46},"geometry":{"type":"Point","coordinates":[-114.33472,34.55181]}},{"type":"Feature","properties":{"i":0.03},"geometry":{"type":"Point","coordinates":[-114.31274,34.55181]}},{"type":"Feature","properties":{"i":0.61},"geometry":{"type":"Point","coordinates":[-114.37866,34.53371]}},{"type":"Feature","properties":{"i":0.87},"geometry":{"type":"Point","coordinates":[-114.35669,34.53371]}},{"type":"Feature","properties":{"i":0.19},"geometry":{"type":"Point","coordinates":[-114.33472,34.53371]}},{"type":"Feature","properties":{"i":0.05},"geometry":{"type":"Point","coordinates":[-114.31274,34.53371]}},{"type":"Feature","properties":{"i":0.04},"geometry":{"type":"Point","coordinates":[-114.40063,34.51561]}},{"type":"Feature","properties":{"i":0.27},"geometry":{"type":"Point","coordinates":[-114.37866,34.51561]}},{"type":"Feature","properties":{"i":0.56},"geometry":{"type":"Point","coordinates":[-114.35669,34.51561]}},{"type":"Feature","properties":{"i":0.92},"geometry":{"type":"Point","coordinates":[-114.33472,34.51561]}},{"type":"Feature","properties":{"i":0.74},"geometry":{"type":"Point","coordinates":[-114.31274,34.51561]}},{"type":"Feature","properties":{"i":0.61},"geometry":{"type":"Point","coordinates":[-114.29077,34.51561]}},{"type":"Feature","properties":{"i":0.56},"geometry":{"type":"Point","coordinates":[-114.2688,34.51561]}},{"type":"Feature","properties":{"i":0.8},"geometry":{"type":"Point","coordinates":[-114.24683,34.51561]}},{"type":"Feature","properties":{"i":0.57},"geometry":{"type":"Point","coordinates":[-114.40063,34.4975]}},{"type":"Feature","properties":{"i":0.03},"geometry":{"type":"Point","coordinates":[-114.37866,34.4975]}},{"type":"Feature","properties":{"i":1},"geometry":{"type":"Point","coordinates":[-114.35669,34.4975]}},{"type":"Feature","properties":{"i":1},"geometry":{"type":"Point","coordinates":[-114.33472,34.4975]}},{"type":"Feature","properties":{"i":0.74},"geometry":{"type":"Point","coordinates":[-114.31274,34.4975]}},{"type":"Feature","properties":{"i":0.64},"geometry":{"type":"Point","coordinates":[-114.29077,34.4975]}},{"type":"Feature","properties":{"i":0.67},"geometry":{"type":"Point","coordinates":[-114.2688,34.4975]}},{"type":"Feature","properties":{"i":0.77},"geometry":{"type":"Point","coordinates":[-114.24683,34.4975]}},{"type":"Feature","properties":{"i":0.22},"geometry":{"type":"Point","coordinates":[-114.42261,34.47939]}},{"type":"Feature","properties":{"i":0.75},"geometry":{"type":"Point","coordinates":[-114.40063,34.47939]}},{"type":"Feature","properties":{"i":1},"geometry":{"type":"Point","coordinates":[-114.35669,34.47939]}},{"type":"Feature","properties":{"i":1},"geometry":{"type":"Point","coordinates":[-114.33472,34.47939]}},{"type":"Feature","properties":{"i":1},"geometry":{"type":"Point","coordinates":[-114.31274,34.47939]}},{"type":"Feature","properties":{"i":0.66},"geometry":{"type":"Point","coordinates":[-114.29077,34.47939]}},{"type":"Feature","properties":{"i":0.56},"geometry":{"type":"Point","coordinates":[-114.2688,34.47939]}},{"type":"Feature","properties":{"i":0.36},"geometry":{"type":"Point","coordinates":[-114.24683,34.47939]}},{"type":"Feature","properties":{"i":0.09},"geometry":{"type":"Point","coordinates":[-114.37866,34.46128]}},{"type":"Feature","properties":{"i":0.74},"geometry":{"type":"Point","coordinates":[-114.35669,34.46128]}},{"type":"Feature","properties":{"i":1},"geometry":{"type":"Point","coordinates":[-114.33472,34.46128]}},{"type":"Feature","properties":{"i":0.65},"geometry":{"type":"Point","coordinates":[-114.31274,34.46128]}},{"type":"Feature","properties":{"i":0.9},"geometry":{"type":"Point","coordinates":[-114.29077,34.46128]}},{"type":"Feature","properties":{"i":0.93},"geometry":{"type":"Point","coordinates":[-114.2688,34.46128]}},{"type":"Feature","properties":{"i":0.53},"geometry":{"type":"Point","coordinates":[-114.24683,34.46128]}},{"type":"Feature","properties":{"i":0.45},"geometry":{"type":"Point","coordinates":[-114.37866,34.44316]}},{"type":"Feature","properties":{"i":0.49},"geometry":{"type":"Point","coordinates":[-114.35669,34.44316]}},{"type":"Feature","properties":{"i":0.39},"geometry":{"type":"Point","coordinates":[-114.33472,34.44316]}},{"type":"Feature","properties":{"i":0.53},"geometry":{"type":"Point","coordinates":[-114.31274,34.44316]}},{"type":"Feature","properties":{"i":0.9},"geometry":{"type":"Point","coordinates":[-114.29077,34.44316]}},{"type":"Feature","properties":{"i":0.69},"geometry":{"type":"Point","coordinates":[-114.2688,34.44316]}},{"type":"Feature","properties":{"i":0.13},"geometry":{"type":"Point","coordinates":[-114.24683,34.44316]}},{"type":"Feature","properties":{"i":0.05},"geometry":{"type":"Point","coordinates":[-114.31274,34.42504]}},{"type":"Feature","properties":{"i":0.03},"geometry":{"type":"Point","coordinates":[-114.29077,34.42504]}},{"type":"Feature","properties":{"i":0.24},"geometry":{"type":"Point","coordinates":[-114.18091,34.40691]}},{"type":"Feature","properties":{"i":0.02},"geometry":{"type":"Point","coordinates":[-114.18091,34.35251]}},{"type":"Feature","properties":{"i":0.02},"geometry":{"type":"Point","coordinates":[-114.15894,34.35251]}},{"type":"Feature","properties":{"i":0.1},"geometry":{"type":"Point","coordinates":[-114.15894,34.31622]}},{"type":"Feature","properties":{"i":0.34},"geometry":{"type":"Point","coordinates":[-113.89526,35.45172]}},{"type":"Feature","properties":{"i":0.34},"geometry":{"type":"Point","coordinates":[-113.89526,35.43382]}},{"type":"Feature","properties":{"i":0.1},"geometry":{"type":"Point","coordinates":[-113.85132,35.41591]}},{"type":"Feature","properties":{"i":0.05},"geometry":{"type":"Point","coordinates":[-113.87329,35.39801]}},{"type":"Feature","properties":{"i":0.15},"geometry":{"type":"Point","coordinates":[-113.85132,35.39801]}},{"type":"Feature","properties":{"i":0.08},"geometry":{"type":"Point","coordinates":[-113.85132,35.38009]}},{"type":"Feature","properties":{"i":0.02},"geometry":{"type":"Point","coordinates":[-113.71948,35.36218]}},{"type":"Feature","properties":{"i":1},"geometry":{"type":"Point","coordinates":[-113.89526,35.20074]}},{"type":"Feature","properties":{"i":0.41},"geometry":{"type":"Point","coordinates":[-113.89526,35.18279]}},{"type":"Feature","properties":{"i":0.03},"geometry":{"type":"Point","coordinates":[-113.80737,35.18279]}},{"type":"Feature","properties":{"i":0.74},"geometry":{"type":"Point","coordinates":[-113.7854,35.18279]}},{"type":"Feature","properties":{"i":0.74},"geometry":{"type":"Point","coordinates":[-113.7854,35.16483]}},{"type":"Feature","properties":{"i":0.11},"geometry":{"type":"Point","coordinates":[-113.87329,35.09295]}},{"type":"Feature","properties":{"i":0.64},"geometry":{"type":"Point","coordinates":[-113.60962,34.71452]}},{"type":"Feature","properties":{"i":0.64},"geometry":{"type":"Point","coordinates":[-113.60962,34.69646]}},{"type":"Feature","properties":{"i":0.07},"geometry":{"type":"Point","coordinates":[-113.23608,34.60608]}},{"type":"Feature","properties":{"i":0.98},"geometry":{"type":"Point","coordinates":[-113.21411,34.60608]}},{"type":"Feature","properties":{"i":0.09},"geometry":{"type":"Point","coordinates":[-113.19214,34.60608]}},{"type":"Feature","properties":{"i":0.07},"geometry":{"type":"Point","coordinates":[-113.17017,34.60608]}},{"type":"Feature","properties":{"i":0.05},"geometry":{"type":"Point","coordinates":[-113.14819,34.60608]}},{"type":"Feature","properties":{"i":0.59},"geometry":{"type":"Point","coordinates":[-113.25806,34.588]}},{"type":"Feature","properties":{"i":1},"geometry":{"type":"Point","coordinates":[-113.23608,34.588]}},{"type":"Feature","properties":{"i":0.52},"geometry":{"type":"Point","coordinates":[-113.21411,34.588]}},{"type":"Feature","properties":{"i":0.69},"geometry":{"type":"Point","coordinates":[-113.19214,34.588]}},{"type":"Feature","properties":{"i":0.69},"geometry":{"type":"Point","coordinates":[-113.17017,34.588]}},{"type":"Feature","properties":{"i":0.59},"geometry":{"type":"Point","coordinates":[-113.14819,34.588]}},{"type":"Feature","properties":{"i":0.6},"geometry":{"type":"Point","coordinates":[-113.25806,34.56991]}},{"type":"Feature","properties":{"i":0.68},"geometry":{"type":"Point","coordinates":[-113.23608,34.56991]}},{"type":"Feature","properties":{"i":0.74},"geometry":{"type":"Point","coordinates":[-113.21411,34.56991]}},{"type":"Feature","properties":{"i":0.82},"geometry":{"type":"Point","coordinates":[-113.19214,34.56991]}},{"type":"Feature","properties":{"i":0.81},"geometry":{"type":"Point","coordinates":[-113.17017,34.56991]}},{"type":"Feature","properties":{"i":0.53},"geometry":{"type":"Point","coordinates":[-113.14819,34.56991]}},{"type":"Feature","properties":{"i":0.51},"geometry":{"type":"Point","coordinates":[-113.25806,34.55181]}},{"type":"Feature","properties":{"i":0.68},"geometry":{"type":"Point","coordinates":[-113.23608,34.55181]}},{"type":"Feature","properties":{"i":0.68},"geometry":{"type":"Point","coordinates":[-113.21411,34.55181]}},{"type":"Feature","properties":{"i":0.21},"geometry":{"type":"Point","coordinates":[-113.17017,34.55181]}},{"type":"Feature","properties":{"i":0.04},"geometry":{"type":"Point","coordinates":[-116.92749,34.26176]}},{"type":"Feature","properties":{"i":0.07},"geometry":{"type":"Point","coordinates":[-116.90552,34.26176]}},{"type":"Feature","properties":{"i":0.4},"geometry":{"type":"Point","coordinates":[-116.88354,34.26176]}},{"type":"Feature","properties":{"i":0.78},"geometry":{"type":"Point","coordinates":[-116.86157,34.26176]}},{"type":"Feature","properties":{"i":0.66},"geometry":{"type":"Point","coordinates":[-116.8396,34.26176]}},{"type":"Feature","properties":{"i":0.67},"geometry":{"type":"Point","coordinates":[-116.81763,34.26176]}},{"type":"Feature","properties":{"i":0.03},"geometry":{"type":"Point","coordinates":[-116.79565,34.26176]}},{"type":"Feature","properties":{"i":0.11},"geometry":{"type":"Point","coordinates":[-117.12524,34.24359]}},{"type":"Feature","properties":{"i":0.11},"geometry":{"type":"Point","coordinates":[-117.0813,34.24359]}},{"type":"Feature","properties":{"i":0.03},"geometry":{"type":"Point","coordinates":[-116.97144,34.24359]}},{"type":"Feature","properties":{"i":0.34},"geometry":{"type":"Point","coordinates":[-116.94946,34.24359]}},{"type":"Feature","properties":{"i":0.47},"geometry":{"type":"Point","coordinates":[-116.92749,34.24359]}},{"type":"Feature","properties":{"i":0.92},"geometry":{"type":"Point","coordinates":[-116.90552,34.24359]}},{"type":"Feature","properties":{"i":1},"geometry":{"type":"Point","coordinates":[-116.88354,34.24359]}},{"type":"Feature","properties":{"i":0.76},"geometry":{"type":"Point","coordinates":[-116.86157,34.24359]}},{"type":"Feature","properties":{"i":0.56},"geometry":{"type":"Point","coordinates":[-116.8396,34.24359]}},{"type":"Feature","properties":{"i":0.75},"geometry":{"type":"Point","coordinates":[-116.81763,34.24359]}},{"type":"Feature","properties":{"i":0.24},"geometry":{"type":"Point","coordinates":[-116.79565,34.24359]}},{"type":"Feature","properties":{"i":0.41},"geometry":{"type":"Point","coordinates":[-117.12524,34.22543]}},{"type":"Feature","properties":{"i":0.19},"geometry":{"type":"Point","coordinates":[-117.0813,34.22543]}},{"type":"Feature","properties":{"i":0.08},"geometry":{"type":"Point","coordinates":[-117.05933,34.22543]}},{"type":"Feature","properties":{"i":0.58},"geometry":{"type":"Point","coordinates":[-117.03735,34.22543]}},{"type":"Feature","properties":{"i":0.02},"geometry":{"type":"Point","coordinates":[-116.94946,34.22543]}},{"type":"Feature","properties":{"i":0.24},"geometry":{"type":"Point","coordinates":[-116.92749,34.22543]}},{"type":"Feature","properties":{"i":0.42},"geometry":{"type":"Point","coordinates":[-116.90552,34.22543]}},{"type":"Feature","properties":{"i":0.49},"geometry":{"type":"Point","coordinates":[-116.88354,34.22543]}},{"type":"Feature","properties":{"i":0.52},"geometry":{"type":"Point","coordinates":[-116.86157,34.22543]}},{"type":"Feature","properties":{"i":0.28},"geometry":{"type":"Point","coordinates":[-116.8396,34.22543]}},{"type":"Feature","properties":{"i":0.16},"geometry":{"type":"Point","coordinates":[-116.81763,34.22543]}},{"type":"Feature","properties":{"i":0.25},"geometry":{"type":"Point","coordinates":[-117.12524,34.20726]}},{"type":"Feature","properties":{"i":0.5},"geometry":{"type":"Point","coordinates":[-117.10327,34.20726]}},{"type":"Feature","properties":{"i":0.48},"geometry":{"type":"Point","coordinates":[-117.0813,34.20726]}},{"type":"Feature","properties":{"i":0.44},"geometry":{"type":"Point","coordinates":[-117.0813,34.18909]}},{"type":"Feature","properties":{"i":0.02},"geometry":{"type":"Point","coordinates":[-116.86157,34.17091]}},{"type":"Feature","properties":{"i":0.05},"geometry":{"type":"Point","coordinates":[-116.20239,34.29807]}},{"type":"Feature","properties":{"i":0.51},"geometry":{"type":"Point","coordinates":[-116.15845,34.29807]}},{"type":"Feature","properties":{"i":0.66},"geometry":{"type":"Point","coordinates":[-116.13647,34.29807]}},{"type":"Feature","properties":{"i":0.18},"geometry":{"type":"Point","coordinates":[-116.44409,34.27991]}},{"type":"Feature","properties":{"i":0.64},"geometry":{"type":"Point","coordinates":[-116.09253,34.27991]}},{"type":"Feature","properties":{"i":0.64},"geometry":{"type":"Point","coordinates":[-116.07056,34.27991]}},{"type":"Feature","properties":{"i":0.25},"geometry":{"type":"Point","coordinates":[-116.44409,34.26176]}},{"type":"Feature","properties":{"i":0.25},"geometry":{"type":"Point","coordinates":[-116.42212,34.26176]}},{"type":"Feature","properties":{"i":0.66},"geometry":{"type":"Point","coordinates":[-116.07056,34.26176]}},{"type":"Feature","properties":{"i":0.28},"geometry":{"type":"Point","coordinates":[-116.04858,34.26176]}},{"type":"Feature","properties":{"i":0.37},"geometry":{"type":"Point","coordinates":[-116.44409,34.24359]}},{"type":"Feature","properties":{"i":0.15},"geometry":{"type":"Point","coordinates":[-116.37817,34.24359]}},{"type":"Feature","properties":{"i":0.8},"geometry":{"type":"Point","coordinates":[-116.09253,34.24359]}},{"type":"Feature","properties":{"i":1},"geometry":{"type":"Point","coordinates":[-116.07056,34.24359]}},{"type":"Feature","properties":{"i":1},"geometry":{"type":"Point","coordinates":[-116.04858,34.24359]}},{"type":"Feature","properties":{"i":0.05},"geometry":{"type":"Point","coordinates":[-116.02661,34.24359]}},{"type":"Feature","properties":{"i":0.18},"geometry":{"type":"Point","coordinates":[-116.44409,34.22543]}},{"type":"Feature","properties":{"i":0.03},"geometry":{"type":"Point","coordinates":[-116.40015,34.22543]}},{"type":"Feature","properties":{"i":0.14},"geometry":{"type":"Point","coordinates":[-116.37817,34.22543]}},{"type":"Feature","properties":{"i":0.11},"geometry":{"type":"Point","coordinates":[-116.13647,34.22543]}},{"type":"Feature","properties":{"i":0.07},"geometry":{"type":"Point","coordinates":[-116.1145,34.22543]}},{"type":"Feature","properties":{"i":0.05},"geometry":{"type":"Point","coordinates":[-116.09253,34.22543]}},{"type":"Feature","properties":{"i":0.86},"geometry":{"type":"Point","coordinates":[-116.07056,34.22543]}},{"type":"Feature","properties":{"i":1},"geometry":{"type":"Point","coordinates":[-116.04858,34.22543]}},{"type":"Feature","properties":{"i":0.71},"geometry":{"type":"Point","coordinates":[-116.02661,34.22543]}},{"type":"Feature","properties":{"i":0.05},"geometry":{"type":"Point","coordinates":[-116.00464,34.22543]}},{"type":"Feature","properties":{"i":0.02},"geometry":{"type":"Point","coordinates":[-116.37817,34.20726]}},{"type":"Feature","properties":{"i":0.07},"geometry":{"type":"Point","coordinates":[-116.29028,34.20726]}},{"type":"Feature","properties":{"i":0.07},"geometry":{"type":"Point","coordinates":[-116.26831,34.20726]}},{"type":"Feature","properties":{"i":0.1},"geometry":{"type":"Point","coordinates":[-116.13647,34.20726]}},{"type":"Feature","properties":{"i":1},"geometry":{"type":"Point","coordinates":[-116.04858,34.20726]}},{"type":"Feature","properties":{"i":0.52},"geometry":{"type":"Point","coordinates":[-116.02661,34.20726]}},{"type":"Feature","properties":{"i":0.03},"geometry":{"type":"Point","coordinates":[-116.00464,34.20726]}},{"type":"Feature","properties":{"i":0.03},"geometry":{"type":"Point","coordinates":[-116.40015,34.18909]}},{"type":"Feature","properties":{"i":0.12},"geometry":{"type":"Point","coordinates":[-116.37817,34.18909]}},{"type":"Feature","properties":{"i":0.03},"geometry":{"type":"Point","coordinates":[-116.33423,34.18909]}},{"type":"Feature","properties":{"i":0.05},"geometry":{"type":"Point","coordinates":[-116.31226,34.18909]}},{"type":"Feature","properties":{"i":0.07},"geometry":{"type":"Point","coordinates":[-116.29028,34.18909]}},{"type":"Feature","properties":{"i":0.07},"geometry":{"type":"Point","coordinates":[-116.26831,34.18909]}},{"type":"Feature","properties":{"i":0.33},"geometry":{"type":"Point","coordinates":[-116.1145,34.18909]}},{"type":"Feature","properties":{"i":0.31},"geometry":{"type":"Point","coordinates":[-116.09253,34.18909]}},{"type":"Feature","properties":{"i":0.62},"geometry":{"type":"Point","coordinates":[-116.04858,34.18909]}},{"type":"Feature","properties":{"i":0.05},"geometry":{"type":"Point","coordinates":[-116.02661,34.18909]}},{"type":"Feature","properties":{"i":0.11},"geometry":{"type":"Point","coordinates":[-116.42212,34.17091]}},{"type":"Feature","properties":{"i":0.02},"geometry":{"type":"Point","coordinates":[-116.40015,34.17091]}},{"type":"Feature","properties":{"i":0.18},"geometry":{"type":"Point","coordinates":[-116.37817,34.17091]}},{"type":"Feature","properties":{"i":0.18},"geometry":{"type":"Point","coordinates":[-116.3562,34.17091]}},{"type":"Feature","properties":{"i":0.12},"geometry":{"type":"Point","coordinates":[-116.31226,34.17091]}},{"type":"Feature","properties":{"i":0.07},"geometry":{"type":"Point","coordinates":[-116.29028,34.17091]}},{"type":"Feature","properties":{"i":0.09},"geometry":{"type":"Point","coordinates":[-116.04858,34.17091]}},{"type":"Feature","properties":{"i":0.07},"geometry":{"type":"Point","coordinates":[-115.91675,34.17091]}},{"type":"Feature","properties":{"i":0.14},"geometry":{"type":"Point","coordinates":[-114.13696,34.29807]}},{"type":"Feature","properties":{"i":0.19},"geometry":{"type":"Point","coordinates":[-114.11499,34.29807]}},{"type":"Feature","properties":{"i":0.29},"geometry":{"type":"Point","coordinates":[-114.09302,34.29807]}},{"type":"Feature","properties":{"i":0.61},"geometry":{"type":"Point","coordinates":[-114.18091,34.27991]}},{"type":"Feature","properties":{"i":0.05},"geometry":{"type":"Point","coordinates":[-114.15894,34.27991]}},{"type":"Feature","properties":{"i":0.45},"geometry":{"type":"Point","coordinates":[-114.13696,34.27991]}},{"type":"Feature","properties":{"i":0.29},"geometry":{"type":"Point","coordinates":[-114.09302,34.27991]}},{"type":"Feature","properties":{"i":0.08},"geometry":{"type":"Point","coordinates":[-114.15894,34.26176]}},{"type":"Feature","properties":{"i":0.33},"geometry":{"type":"Point","coordinates":[-114.13696,34.26176]}},{"type":"Feature","properties":{"i":0.21},"geometry":{"type":"Point","coordinates":[-114.11499,34.26176]}},{"type":"Feature","properties":{"i":0.18},"geometry":{"type":"Point","coordinates":[-115.05981,34.24359]}},{"type":"Feature","properties":{"i":0.24},"geometry":{"type":"Point","coordinates":[-114.18091,34.24359]}},{"type":"Feature","properties":{"i":0.25},"geometry":{"type":"Point","coordinates":[-114.15894,34.24359]}},{"type":"Feature","properties":{"i":0.32},"geometry":{"type":"Point","coordinates":[-114.13696,34.24359]}},{"type":"Feature","properties":{"i":0.18},"geometry":{"type":"Point","coordinates":[-115.05981,34.22543]}},{"type":"Feature","properties":{"i":0.25},"geometry":{"type":"Point","coordinates":[-114.20288,34.22543]}},{"type":"Feature","properties":{"i":0.44},"geometry":{"type":"Point","coordinates":[-114.18091,34.22543]}},{"type":"Feature","properties":{"i":0.5},"geometry":{"type":"Point","coordinates":[-114.22485,34.20726]}},{"type":"Feature","properties":{"i":0.36},"geometry":{"type":"Point","coordinates":[-114.20288,34.20726]}},{"type":"Feature","properties":{"i":0.16},"geometry":{"type":"Point","coordinates":[-114.18091,34.20726]}},{"type":"Feature","properties":{"i":0.21},"geometry":{"type":"Point","coordinates":[-114.57642,34.18909]}},{"type":"Feature","properties":{"i":0.62},"geometry":{"type":"Point","coordinates":[-114.22485,34.18909]}},{"type":"Feature","properties":{"i":0.62},"geometry":{"type":"Point","coordinates":[-114.20288,34.18909]}},{"type":"Feature","properties":{"i":0.1},"geometry":{"type":"Point","coordinates":[-114.29077,34.17091]}},{"type":"Feature","properties":{"i":0.72},"geometry":{"type":"Point","coordinates":[-114.2688,34.17091]}},{"type":"Feature","properties":{"i":0.13},"geometry":{"type":"Point","coordinates":[-114.24683,34.17091]}},{"type":"Feature","properties":{"i":0.43},"geometry":{"type":"Point","coordinates":[-114.22485,34.17091]}},{"type":"Feature","properties":{"i":0.43},"geometry":{"type":"Point","coordinates":[-114.20288,34.17091]}}]}