{"type":"FeatureCollection","features":[{"type":"Feature","properties":{"i":0.53},"geometry":{"type":"Point","coordinates":[71.30127,21.064]}},{"type":"Feature","properties":{"i":0.13},"geometry":{"type":"Point","coordinates":[71.43311,21.064]}},{"type":"Feature","properties":{"i":0.14},"geometry":{"type":"Point","coordinates":[71.47705,21.064]}},{"type":"Feature","properties":{"i":0.37},"geometry":{"type":"Point","coordinates":[71.56494,21.064]}},{"type":"Feature","properties":{"i":0.08},"geometry":{"type":"Point","coordinates":[71.60889,21.064]}},{"type":"Feature","properties":{"i":0.22},"geometry":{"type":"Point","coordinates":[71.69678,21.064]}},{"type":"Feature","properties":{"i":0.72},"geometry":{"type":"Point","coordinates":[71.74072,21.064]}},{"type":"Feature","properties":{"i":0.82},"geometry":{"type":"Point","coordinates":[71.78467,21.064]}},{"type":"Feature","properties":{"i":0.14},"geometry":{"type":"Point","coordinates":[71.82861,21.064]}},{"type":"Feature","properties":{"i":1},"geometry":{"type":"Point","coordinates":[72.61963,21.064]}},{"type":"Feature","properties":{"i":1},"geometry":{"type":"Point","coordinates":[72.66357,21.064]}},{"type":"Feature","properties":{"i":0.67},"geometry":{"type":"Point","coordinates":[72.70752,21.064]}},{"type":"Feature","properties":{"i":0.58},"geometry":{"type":"Point","coordinates":[72.75146,21.064]}},{"type":"Feature","properties":{"i":0.22},"geometry":{"type":"Point","coordinates":[72.79541,21.064]}},{"type":"Feature","properties":{"i":0.98},"geometry":{"type":"Point","coordinates":[72.83936,21.064]}},{"type":"Feature","properties":{"i":0.95},"geometry":{"type":"Point","coordinates":[72.8833,21.064]}},{"type":"Feature","properties":{"i":0.63},"geometry":{"type":"Point","coordinates":[72.92725,21.064]}},{"type":"Feature","properties":{"i":0.92},"geometry":{"type":"Point","coordinates":[72.97119,21.064]}},{"type":"Feature","properties":{"i":0.39},"geometry":{"type":"Point","coordinates":[73.01514,21.064]}},{"type":"Feature","properties":{"i":0.5},"geometry":{"type":"Point","coordinates":[73.05908,21.064]}},{"type":"Feature","properties":{"i":0.17},"geometry":{"type":"Point","coordinates":[73.10303,21.064]}},{"type":"Feature","properties":{"i":0.6},"geometry":{"type":"Point","coordinates":[71.43311,21.02298]}},{"type":"Feature","properties":{"i":0.5},"geometry":{"type":"Point","coordinates":[71.47705,21.02298]}},{"type":"Feature","properties":{"i":0.34},"geometry":{"type":"Point","coordinates":[71.521,21.02298]}},{"type":"Feature","properties":{"i":0.24},"geometry":{"type":"Point","coordinates":[71.56494,21.02298]}},{"type":"Feature","properties":{"i":0.38},"geometry":{"type":"Point","coordinates":[71.60889,21.02298]}},{"type":"Feature","properties":{"i":0.42},"geometry":{"type":"Point","coordinates":[71.65283,21.02298]}},{"type":"Feature","properties":{"i":0.14},"geometry":{"type":"Point","coordinates":[71.69678,21.02298]}},{"type":"Feature","properties":{"i":0.24},"geometry":{"type":"Point","coordinates":[71.74072,21.02298]}},{"type":"Feature","properties":{"i":0.19},"geometry":{"type":"Point","coordinates":[71.78467,21.02298]}},{"type":"Feature","properties":{"i":0.25},"geometry":{"type":"Point","coordinates":[72.75146,21.02298]}},{"type":"Feature","properties":{"i":0.23},"geometry":{"type":"Point","coordinates":[72.79541,21.02298]}},{"type":"Feature","properties":{"i":0.26},"geometry":{"type":"Point","coordinates":[72.83936,21.02298]}},{"type":"Feature","properties":{"i":0.49},"geometry":{"type":"Point","coordinates":[72.8833,21.02298]}},{"type":"Feature","properties":{"i":0.45},"geometry":{"type":"Point","coordinates":[72.92725,21.02298]}},{"type":"Feature","properties":{"i":0.76},"geometry":{"type":"Point","coordinates":[72.97119,21.02298]}},{"type":"Feature","properties":{"i":0.32},"geometry":{"type":"Point","coordinates":[73.01514,21.02298]}},{"type":"Feature","properties":{"i":0.28},"geometry":{"type":"Point","coordinates":[73.05908,21.02298]}},{"type":"Feature","properties":{"i":0.19},"geometry":{"type":"Point","coordinates":[73.10303,21.02298]}},{"type":"Feature","properties":{"i":0.24},"geometry":{"type":"Point","coordinates":[71.16943,20.98196]}},{"type":"Feature","properties":{"i":0.16},"geometry":{"type":"Point","coordinates":[71.30127,20.98196]}},{"type":"Feature","properties":{"i":0.03},"geometry":{"type":"Point","coordinates":[71.34521,20.98196]}},{"type":"Feature","properties":{"i":0.28},"geometry":{"type":"Point","coordinates":[71.38916,20.98196]}},{"type":"Feature","properties":{"i":0.68},"geometry":{"type":"Point","coordinates":[71.43311,20.98196]}},{"type":"Feature","properties":{"i":0.44},"geometry":{"type":"Point","coordinates":[71.47705,20.98196]}},{"type":"Feature","properties":{"i":0.56},"geometry":{"type":"Point","coordinates":[71.521,20.98196]}},{"type":"Feature","properties":{"i":0.44},"geometry":{"type":"Point","coordinates":[71.56494,20.98196]}},{"type":"Feature","properties":{"i":0.08},"geometry":{"type":"Point","coordinates":[71.60889,20.98196]}},{"type":"Feature","properties":{"i":0.39},"geometry":{"type":"Point","coordinates":[72.75146,20.98196]}},{"type":"Feature","properties":{"i":0.19},"geometry":{"type":"Point","coordinates":[72.79541,20.98196]}},{"type":"Feature","properties":{"i":0.59},"geometry":{"type":"Point","coordinates":[72.83936,20.98196]}},{"type":"Feature","properties":{"i":0.1},"geometry":{"type":"Point","coordinates":[72.8833,20.98196]}},{"type":"Feature","properties":{"i":0.3},"geometry":{"type":"Point","coordinates":[72.92725,20.98196]}},{"type":"Feature","properties":{"i":0.37},"geometry":{"type":"Point","coordinates":[72.97119,20.98196]}},{"type":"Feature","properties":{"i":0.11},"geometry":{"type":"Point","coordinates":[73.01514,20.98196]}},{"type":"Feature","properties":{"i":0.29},"geometry":{"type":"Point","coordinates":[73.05908,20.98196]}},{"type":"Feature","properties":{"i":0.1},"geometry":{"type":"Point","coordinates":[70.90576,20.94092]}},{"type":"Feature","properties":{"i":0.27},"geometry":{"type":"Point","coordinates":[70.94971,20.94092]}},{"type":"Feature","properties":{"i":0.11},"geometry":{"type":"Point","coordinates":[70.99365,20.94092]}},{"type":"Feature","properties":{"i":0.1},"geometry":{"type":"Point","coordinates":[71.0376,20.94092]}},{"type":"Feature","properties":{"i":0.11},"geometry":{"type":"Point","coordinates":[71.08154,20.94092]}},{"type":"Feature","properties":{"i":0.09},"geometry":{"type":"Point","coordinates":[71.30127,20.94092]}},{"type":"Feature","properties":{"i":0.3},"geometry":{"type":"Point","coordinates":[71.34521,20.94092]}},{"type":"Feature","properties":{"i":0.74},"geometry":{"type":"Point","coordinates":[71.38916,20.94092]}},{"type":"Feature","properties":{"i":1},"geometry":{"type":"Point","coordinates":[71.43311,20.94092]}},{"type":"Feature","properties":{"i":0.93},"geometry":{"type":"Point","coordinates":[71.47705,20.94092]}},{"type":"Feature","properties":{"i":1},"geometry":{"type":"Point","coordinates":[71.521,20.94092]}},{"type":"Feature","properties":{"i":0.27},"geometry":{"type":"Point","coordinates":[71.56494,20.94092]}},{"type":"Feature","properties":{"i":0.23},"geometry":{"type":"Point","coordinates":[71.60889,20.94092]}},{"type":"Feature","properties":{"i":0.11},"geometry":{"type":"Point","coordinates":[72.75146,20.94092]}},{"type":"Feature","properties":{"i":0.53},"geometry":{"type":"Point","coordinates":[72.79541,20.94092]}},{"type":"Feature","properties":{"i":0.52},"geometry":{"type":"Point","coordinates":[72.83936,20.94092]}},{"type":"Feature","properties":{"i":0.53},"geometry":{"type":"Point","coordinates":[72.8833,20.94092]}},{"type":"Feature","properties":{"i":0.75},"geometry":{"type":"Point","coordinates":[72.92725,20.94092]}},{"type":"Feature","properties":{"i":0.7},"geometry":{"type":"Point","coordinates":[72.97119,20.94092]}},{"type":"Feature","properties":{"i":0.56},"geometry":{"type":"Point","coordinates":[73.01514,20.94092]}},{"type":"Feature","properties":{"i":0.3},"geometry":{"type":"Point","coordinates":[73.05908,20.94092]}},{"type":"Feature","properties":{"i":0.41},"geometry":{"type":"Point","coordinates":[70.90576,20.89987]}},{"type":"Feature","properties":{"i":0.34},"geometry":{"type":"Point","coordinates":[70.94971,20.89987]}},{"type":"Feature","properties":{"i":0.4},"geometry":{"type":"Point","coordinates":[70.99365,20.89987]}},{"type":"Feature","properties":{"i":0.25},"geometry":{"type":"Point","coordinates":[71.0376,20.89987]}},{"type":"Feature","properties":{"i":0.14},"geometry":{"type":"Point","coordinates":[71.12549,20.89987]}},{"type":"Feature","properties":{"i":0.16},"geometry":{"type":"Point","coordinates":[71.16943,20.89987]}},{"type":"Feature","properties":{"i":0.23},"geometry":{"type":"Point","coordinates":[71.21338,20.89987]}},{"type":"Feature","properties":{"i":0.15},"geometry":{"type":"Point","coordinates":[71.25732,20.89987]}},{"type":"Feature","properties":{"i":0.21},"geometry":{"type":"Point","coordinates":[71.30127,20.89987]}},{"type":"Feature","properties":{"i":0.33},"geometry":{"type":"Point","coordinates":[71.34521,20.89987]}},{"type":"Feature","properties":{"i":0.19},"geometry":{"type":"Point","coordinates":[71.38916,20.89987]}},{"type":"Feature","properties":{"i":0.68},"geometry":{"type":"Point","coordinates":[71.43311,20.89987]}},{"type":"Feature","properties":{"i":0.68},"geometry":{"type":"Point","coordinates":[71.47705,20.89987]}},{"type":"Feature","properties":{"i":1},"geometry":{"type":"Point","coordinates":[71.521,20.89987]}},{"type":"Feature","properties":{"i":0.31},"geometry":{"type":"Point","coordinates":[72.79541,20.89987]}},{"type":"Feature","properties":{"i":0.31},"geometry":{"type":"Point","coordinates":[72.83936,20.89987]}},{"type":"Feature","properties":{"i":0.34},"geometry":{"type":"Point","coordinates":[72.8833,20.89987]}},{"type":"Feature","properties":{"i":0.63},"geometry":{"type":"Point","coordinates":[72.92725,20.89987]}},{"type":"Feature","properties":{"i":0.26},"geometry":{"type":"Point","coordinates":[72.97119,20.89987]}},{"type":"Feature","properties":{"i":0.62},"geometry":{"type":"Point","coordinates":[73.01514,20.89987]}},{"type":"Feature","properties":{"i":0.38},"geometry":{"type":"Point","coordinates":[73.05908,20.89987]}},{"type":"Feature","properties":{"i":0.05},"geometry":{"type":"Point","coordinates":[73.10303,20.89987]}},{"type":"Feature","properties":{"i":0.28},"geometry":{"type":"Point","coordinates":[70.90576,20.85881]}},{"type":"Feature","properties":{"i":0.02},"geometry":{"type":"Point","coordinates":[70.94971,20.85881]}},{"type":"Feature","properties":{"i":0.15},"geometry":{"type":"Point","coordinates":[70.99365,20.85881]}},{"type":"Feature","properties":{"i":0.36},"geometry":{"type":"Point","coordinates":[71.0376,20.85881]}},{"type":"Feature","properties":{"i":0.27},"geometry":{"type":"Point","coordinates":[71.08154,20.85881]}},{"type":"Feature","properties":{"i":0.07},"geometry":{"type":"Point","coordinates":[71.16943,20.85881]}},{"type":"Feature","properties":{"i":0.19},"geometry":{"type":"Point","coordinates":[71.30127,20.85881]}},{"type":"Feature","properties":{"i":0.55},"geometry":{"type":"Point","coordinates":[71.34521,20.85881]}},{"type":"Feature","properties":{"i":0.6},"geometry":{"type":"Point","coordinates":[71.38916,20.85881]}},{"type":"Feature","properties":{"i":0.22},"geometry":{"type":"Point","coordinates":[71.43311,20.85881]}},{"type":"Feature","properties":{"i":0.19},"geometry":{"type":"Point","coordinates":[71.47705,20.85881]}},{"type":"Feature","properties":{"i":0.05},"geometry":{"type":"Point","coordinates":[72.8833,20.85881]}},{"type":"Feature","properties":{"i":0.14},"geometry":{"type":"Point","coordinates":[72.92725,20.85881]}},{"type":"Feature","properties":{"i":0.17},"geometry":{"type":"Point","coordinates":[72.97119,20.85881]}},{"type":"Feature","properties":{"i":0.18},"geometry":{"type":"Point","coordinates":[73.01514,20.85881]}},{"type":"Feature","properties":{"i":0.85},"geometry":{"type":"Point","coordinates":[73.05908,20.85881]}},{"type":"Feature","properties":{"i":0.44},"geometry":{"type":"Point","coordinates":[73.10303,20.85881]}},{"type":"Feature","properties":{"i":0.22},"geometry":{"type":"Point","coordinates":[70.94971,20.81774]}},{"type":"Feature","properties":{"i":0.17},"geometry":{"type":"Point","coordinates":[70.99365,20.81774]}},{"type":"Feature","properties":{"i":0.97},"geometry":{"type":"Point","coordinates":[71.0376,20.81774]}},{"type":"Feature","properties":{"i":0.08},"geometry":{"type":"Point","coordinates":[71.08154,20.81774]}},{"type":"Feature","properties":{"i":0.02},"geometry":{"type":"Point","coordinates":[71.12549,20.81774]}},{"type":"Feature","properties":{"i":0.02},"geometry":{"type":"Point","coordinates":[71.16943,20.81774]}},{"type":"Feature","properties":{"i":0.05},"geometry":{"type":"Point","coordinates":[71.25732,20.81774]}},{"type":"Feature","properties":{"i":0.05},"geometry":{"type":"Point","coordinates":[72.83936,20.81774]}},{"type":"Feature","properties":{"i":0.45},"geometry":{"type":"Point","coordinates":[72.8833,20.81774]}},{"type":"Feature","properties":{"i":0.53},"geometry":{"type":"Point","coordinates":[72.97119,20.81774]}},{"type":"Feature","properties":{"i":0.22},"geometry":{"type":"Point","coordinates":[73.01514,20.81774]}},{"type":"Feature","properties":{"i":0.56},"geometry":{"type":"Point","coordinates":[73.05908,20.81774]}},{"type":"Feature","properties":{"i":0.27},"geometry":{"type":"Point","coordinates":[73.10303,20.81774]}},{"type":"Feature","properties":{"i":0.04},"geometry":{"type":"Point","coordinates":[70.94971,20.77666]}},{"type":"Feature","properties":{"i":0.16},"geometry":{"type":"Point","coordinates":[71.0376,20.77666]}},{"type":"Feature","properties":{"i":0.34},"geometry":{"type":"Point","coordinates":[71.16943,20.77666]}},{"type":"Feature","properties":{"i":0.24},"geometry":{"type":"Point","coordinates":[72.8833,20.77666]}},{"type":"Feature","properties":{"i":0.05},"geometry":{"type":"Point","coordinates":[72.92725,20.77666]}},{"type":"Feature","properties":{"i":0.74},"geometry":{"type":"Point","coordinates":[72.97119,20.77666]}},{"type":"Feature","properties":{"i":0.42},"geometry":{"type":"Point","coordinates":[73.01514,20.77666]}},{"type":"Feature","properties":{"i":0.8},"geometry":{"type":"Point","coordinates":[73.05908,20.77666]}},{"type":"Feature","properties":{"i":0.92},"geometry":{"type":"Point","coordinates":[73.10303,20.77666]}},{"type":"Feature","properties":{"i":0.51},"geometry":{"type":"Point","coordinates":[70.90576,20.73557]}},{"type":"Feature","properties":{"i":0.47},"geometry":{"type":"Point","coordinates":[70.94971,20.73557]}},{"type":"Feature","properties":{"i":0.61},"geometry":{"type":"Point","coordinates":[70.99365,20.73557]}},{"type":"Feature","properties":{"i":0.12},"geometry":{"type":"Point","coordinates":[71.0376,20.73557]}},{"type":"Feature","properties":{"i":0.58},"geometry":{"type":"Point","coordinates":[71.08154,20.73557]}},{"type":"Feature","properties":{"i":0.12},"geometry":{"type":"Point","coordinates":[72.61963,20.73557]}},{"type":"Feature","properties":{"i":0.25},"geometry":{"type":"Point","coordinates":[72.8833,20.73557]}},{"type":"Feature","properties":{"i":0.15},"geometry":{"type":"Point","coordinates":[72.92725,20.73557]}},{"type":"Feature","properties":{"i":0.63},"geometry":{"type":"Point","coordinates":[72.97119,20.73557]}},{"type":"Feature","properties":{"i":0.48},"geometry":{"type":"Point","coordinates":[73.01514,20.73557]}},{"type":"Feature","properties":{"i":0.78},"geometry":{"type":"Point","coordinates":[73.05908,20.73557]}},{"type":"Feature","properties":{"i":0.33},"geometry":{"type":"Point","coordinates":[73.10303,20.73557]}},{"type":"Feature","properties":{"i":0.58},"geometry":{"type":"Point","coordinates":[70.90576,20.69446]}},{"type":"Feature","properties":{"i":0.32},"geometry":{"type":"Point","coordinates":[70.94971,20.69446]}},{"type":"Feature","properties":{"i":0.54},"geometry":{"type":"Point","coordinates":[70.99365,20.69446]}},{"type":"Feature","properties":{"i":0.24},"geometry":{"type":"Point","coordinates":[72.8833,20.69446]}},{"type":"Feature","properties":{"i":0.02},"geometry":{"type":"Point","coordinates":[72.92725,20.69446]}},{"type":"Feature","properties":{"i":0.42},"geometry":{"type":"Point","coordinates":[72.97119,20.69446]}},{"type":"Feature","properties":{"i":0.51},"geometry":{"type":"Point","coordinates":[73.01514,20.69446]}},{"type":"Feature","properties":{"i":0.12},"geometry":{"type":"Point","coordinates":[73.05908,20.69446]}},{"type":"Feature","properties":{"i":0.07},"geometry":{"type":"Point","coordinates":[73.10303,20.69446]}},{"type":"Feature","properties":{"i":0.27},"geometry":{"type":"Point","coordinates":[72.8833,20.65335]}},{"type":"Feature","properties":{"i":0.24},"geometry":{"type":"Point","coordinates":[72.92725,20.65335]}},{"type":"Feature","properties":{"i":0.53},"geometry":{"type":"Point","coordinates":[72.97119,20.65335]}},{"type":"Feature","properties":{"i":0.19},"geometry":{"type":"Point","coordinates":[73.01514,20.65335]}},{"type":"Feature","properties":{"i":0.15},"geometry":{"type":"Point","coordinates":[73.10303,20.65335]}},{"type":"Feature","properties":{"i":0.29},"geometry":{"type":"Point","coordinates":[72.8833,20.61222]}},{"type":"Feature","properties":{"i":0.88},"geometry":{"type":"Point","coordinates":[72.92725,20.61222]}},{"type":"Feature","properties":{"i":0.38},"geometry":{"type":"Point","coordinates":[72.97119,20.61222]}},{"type":"Feature","properties":{"i":0.28},"geometry":{"type":"Point","coordinates":[73.01514,20.61222]}},{"type":"Feature","properties":{"i":0.11},"geometry":{"type":"Point","coordinates":[73.05908,20.61222]}},{"type":"Feature","properties":{"i":0.22},"geometry":{"type":"Point","coordinates":[73.10303,20.61222]}},{"type":"Feature","properties":{"i":0.21},"geometry":{"type":"Point","coordinates":[72.8833,20.57108]}},{"type":"Feature","properties":{"i":0.58},"geometry":{"type":"Point","coordinates":[72.92725,20.57108]}},{"type":"Feature","properties":{"i":0.47},"geometry":{"type":"Point","coordinates":[72.97119,20.57108]}},{"type":"Feature","properties":{"i":0.13},"geometry":{"type":"Point","coordinates":[73.01514,20.57108]}},{"type":"Feature","properties":{"i":0.09},"geometry":{"type":"Point","coordinates":[73.05908,20.57108]}},{"type":"Feature","properties":{"i":0.31},"geometry":{"type":"Point","coordinates":[72.8833,20.52993]}},{"type":"Feature","properties":{"i":0.99},"geometry":{"type":"Point","coordinates":[72.92725,20.52993]}},{"type":"Feature","properties":{"i":0.9},"geometry":{"type":"Point","coordinates":[72.97119,20.52993]}},{"type":"Feature","properties":{"i":0.09},"geometry":{"type":"Point","coordinates":[73.01514,20.52993]}},{"type":"Feature","properties":{"i":0.19},"geometry":{"type":"Point","coordinates":[73.05908,20.52993]}},{"type":"Feature","properties":{"i":0.12},"geometry":{"type":"Point","coordinates":[73.10303,20.52993]}},{"type":"Feature","properties":{"i":0.28},"geometry":{"type":"Point","coordinates":[72.8833,20.48877]}},{"type":"Feature","properties":{"i":0.72},"geometry":{"type":"Point","coordinates":[72.92725,20.48877]}},{"type":"Feature","properties":{"i":0.45},"geometry":{"type":"Point","coordinates":[72.97119,20.48877]}},{"type":"Feature","properties":{"i":0.12},"geometry":{"type":"Point","coordinates":[73.01514,20.48877]}},{"type":"Feature","properties":{"i":0.25},"geometry":{"type":"Point","coordinates":[73.05908,20.48877]}},{"type":"Feature","properties":{"i":0.1},"geometry":{"type":"Point","coordinates":[73.10303,20.48877]}},{"type":"Feature","properties":{"i":0.85},"geometry":{"type":"Point","coordinates":[72.83936,20.4476]}},{"type":"Feature","properties":{"i":1},"geometry":{"type":"Point","coordinates":[72.8833,20.4476]}},{"type":"Feature","properties":{"i":0.67},"geometry":{"type":"Point","coordinates":[72.92725,20.4476]}},{"type":"Feature","properties":{"i":0.42},"geometry":{"type":"Point","coordinates":[72.97119,20.4476]}},{"type":"Feature","properties":{"i":0.14},"geometry":{"type":"Point","coordinates":[73.01514,20.4476]}},{"type":"Feature","properties":{"i":0.03},"geometry":{"type":"Point","coordinates":[73.05908,20.4476]}},{"type":"Feature","properties":{"i":0.5},"geometry":{"type":"Point","coordinates":[73.10303,20.4476]}},{"type":"Feature","properties":{"i":0.02},"geometry":{"type":"Point","coordinates":[72.79541,20.40642]}},{"type":"Feature","properties":{"i":1},"geometry":{"type":"Point","coordinates":[72.83936,20.40642]}},{"type":"Feature","properties":{"i":1},"geometry":{"type":"Point","coordinates":[72.8833,20.40642]}},{"type":"Feature","properties":{"i":1},"geometry":{"type":"Point","coordinates":[72.92725,20.40642]}},{"type":"Feature","properties":{"i":0.4},"geometry":{"type":"Point","coordinates":[72.97119,20.40642]}},{"type":"Feature","properties":{"i":0.3},"geometry":{"type":"Point","coordinates":[73.01514,20.40642]}},{"type":"Feature","properties":{"i":0.24},"geometry":{"type":"Point","coordinates":[73.05908,20.40642]}},{"type":"Feature","properties":{"i":0.53},"geometry":{"type":"Point","coordinates":[72.83936,20.36523]}},{"type":"Feature","properties":{"i":0.85},"geometry":{"type":"Point","coordinates":[72.8833,20.36523]}},{"type":"Feature","properties":{"i":1},"geometry":{"type":"Point","coordinates":[72.92725,20.36523]}},{"type":"Feature","properties":{"i":1},"geometry":{"type":"Point","coordinates":[72.97119,20.36523]}},{"type":"Feature","properties":{"i":0.3},"geometry":{"type":"Point","coordinates":[73.01514,20.36523]}},{"type":"Feature","properties":{"i":0.24},"geometry":{"type":"Point","coordinates":[73.05908,20.36523]}},{"type":"Feature","properties":{"i":0.19},"geometry":{"type":"Point","coordinates":[73.10303,20.36523]}},{"type":"Feature","properties":{"i":0.65},"geometry":{"type":"Point","coordinates":[72.79541,20.32402]}},{"type":"Feature","properties":{"i":0.7},"geometry":{"type":"Point","coordinates":[72.83936,20.32402]}},{"type":"Feature","properties":{"i":0.73},"geometry":{"type":"Point","coordinates":[72.8833,20.32402]}},{"type":"Feature","properties":{"i":0.87},"geometry":{"type":"Point","coordinates":[72.92725,20.32402]}},{"type":"Feature","properties":{"i":0.88},"geometry":{"type":"Point","coordinates":[72.97119,20.32402]}},{"type":"Feature","properties":{"i":0.55},"geometry":{"type":"Point","coordinates":[73.01514,20.32402]}},{"type":"Feature","properties":{"i":0.84},"geometry":{"type":"Point","coordinates":[73.05908,20.32402]}},{"type":"Feature","properties":{"i":0.18},"geometry":{"type":"Point","coordinates":[73.10303,20.32402]}},{"type":"Feature","properties":{"i":0.18},"geometry":{"type":"Point","coordinates":[72.75146,20.28281]}},{"type":"Feature","properties":{"i":0.45},"geometry":{"type":"Point","coordinates":[72.79541,20.28281]}},{"type":"Feature","properties":{"i":1},"geometry":{"type":"Point","coordinates":[72.83936,20.28281]}},{"type":"Feature","properties":{"i":1},"geometry":{"type":"Point","coordinates":[72.8833,20.28281]}},{"type":"Feature","properties":{"i":0.76},"geometry":{"type":"Point","coordinates":[72.92725,20.28281]}},{"type":"Feature","properties":{"i":0.86},"geometry":{"type":"Point","coordinates":[72.97119,20.28281]}},{"type":"Feature","properties":{"i":0.99},"geometry":{"type":"Point","coordinates":[73.01514,20.28281]}},{"type":"Feature","properties":{"i":0.5},"geometry":{"type":"Point","coordinates":[73.05908,20.28281]}},{"type":"Feature","properties":{"i":0.28},"geometry":{"type":"Point","coordinates":[73.10303,20.28281]}},{"type":"Feature","properties":{"i":0.3},"geometry":{"type":"Point","coordinates":[72.75146,20.24158]}},{"type":"Feature","properties":{"i":0.78},"geometry":{"type":"Point","coordinates":[72.79541,20.24158]}},{"type":"Feature","properties":{"i":0.69},"geometry":{"type":"Point","coordinates":[72.83936,20.24158]}},{"type":"Feature","properties":{"i":0.83},"geometry":{"type":"Point","coordinates":[72.8833,20.24158]}},{"type":"Feature","properties":{"i":0.94},"geometry":{"type":"Point","coordinates":[72.92725,20.24158]}},{"type":"Feature","properties":{"i":1},"geometry":{"type":"Point","coordinates":[72.97119,20.24158]}},{"type":"Feature","properties":{"i":0.95},"geometry":{"type":"Point","coordinates":[73.01514,20.24158]}},{"type":"Feature","properties":{"i":1},"geometry":{"type":"Point","coordinates":[73.05908,20.24158]}},{"type":"Feature","properties":{"i":0.25},"geometry":{"type":"Point","coordinates":[73.10303,20.24158]}},{"type":"Feature","properties":{"i":0.84},"geometry":{"type":"Point","coordinates":[72.75146,20.20035]}},{"type":"Feature","properties":{"i":0.64},"geometry":{"type":"Point","coordinates":[72.79541,20.20035]}},{"type":"Feature","properties":{"i":1},"geometry":{"type":"Point","coordinates":[72.83936,20.20035]}},{"type":"Feature","properties":{"i":0.75},"geometry":{"type":"Point","coordinates":[72.8833,20.20035]}},{"type":"Feature","properties":{"i":0.88},"geometry":{"type":"Point","coordinates":[72.92725,20.20035]}},{"type":"Feature","properties":{"i":0.22},"geometry":{"type":"Point","coordinates":[72.97119,20.20035]}},{"type":"Feature","properties":{"i":0.98},"geometry":{"type":"Point","coordinates":[73.01514,20.20035]}},{"type":"Feature","properties":{"i":0.86},"geometry":{"type":"Point","coordinates":[73.05908,20.20035]}},{"type":"Feature","properties":{"i":0.21},"geometry":{"type":"Point","coordinates":[73.10303,20.20035]}},{"type":"Feature","properties":{"i":0.85},"geometry":{"type":"Point","coordinates":[72.75146,20.1591]}},{"type":"Feature","properties":{"i":0.89},"geometry":{"type":"Point","coordinates":[72.79541,20.1591]}},{"type":"Feature","properties":{"i":0.35},"geometry":{"type":"Point","coordinates":[72.83936,20.1591]}},{"type":"Feature","properties":{"i":0.36},"geometry":{"type":"Point","coordinates":[72.8833,20.1591]}},{"type":"Feature","properties":{"i":0.27},"geometry":{"type":"Point","coordinates":[72.92725,20.1591]}},{"type":"Feature","properties":{"i":0.22},"geometry":{"type":"Point","coordinates":[72.97119,20.1591]}},{"type":"Feature","properties":{"i":0.68},"geometry":{"type":"Point","coordinates":[73.01514,20.1591]}},{"type":"Feature","properties":{"i":0.57},"geometry":{"type":"Point","coordinates":[73.05908,20.1591]}},{"type":"Feature","properties":{"i":0.13},"geometry":{"type":"Point","coordinates":[73.10303,20.1591]}},{"type":"Feature","properties":{"i":0.11},"geometry":{"type":"Point","coordinates":[72.75146,20.11784]}},{"type":"Feature","properties":{"i":0.19},"geometry":{"type":"Point","coordinates":[72.79541,20.11784]}},{"type":"Feature","properties":{"i":0.11},"geometry":{"type":"Point","coordinates":[72.83936,20.11784]}},{"type":"Feature","properties":{"i":0.42},"geometry":{"type":"Point","coordinates":[72.8833,20.11784]}},{"type":"Feature","properties":{"i":0.59},"geometry":{"type":"Point","coordinates":[72.92725,20.11784]}},{"type":"Feature","properties":{"i":0.46},"geometry":{"type":"Point","coordinates":[72.97119,20.11784]}},{"type":"Feature","properties":{"i":0.64},"geometry":{"type":"Point","coordinates":[73.01514,20.11784]}},{"type":"Feature","properties":{"i":0.53},"geometry":{"type":"Point","coordinates":[73.05908,20.11784]}},{"type":"Feature","properties":{"i":0.47},"geometry":{"type":"Point","coordinates":[73.10303,20.11784]}},{"type":"Feature","properties":{"i":0.19},"geometry":{"type":"Point","coordinates":[72.75146,20.07657]}},{"type":"Feature","properties":{"i":0.13},"geometry":{"type":"Point","coordinates":[72.8833,20.07657]}},{"type":"Feature","properties":{"i":0.21},"geometry":{"type":"Point","coordinates":[72.92725,20.07657]}},{"type":"Feature","properties":{"i":0.6},"geometry":{"type":"Point","coordinates":[73.01514,20.07657]}},{"type":"Feature","properties":{"i":0.39},"geometry":{"type":"Point","coordinates":[73.05908,20.07657]}},{"type":"Feature","properties":{"i":0.11},"geometry":{"type":"Point","coordinates":[72.70752,20.03529]}},{"type":"Feature","properties":{"i":0.09},"geometry":{"type":"Point","coordinates":[72.75146,20.03529]}},{"type":"Feature","properties":{"i":0.19},"geometry":{"type":"Point","coordinates":[72.8833,20.03529]}},{"type":"Feature","properties":{"i":0.28},"geometry":{"type":"Point","coordinates":[72.92725,20.03529]}},{"type":"Feature","properties":{"i":0.02},"geometry":{"type":"Point","coordinates":[72.97119,20.03529]}},{"type":"Feature","properties":{"i":0.25},"geometry":{"type":"Point","coordinates":[72.70752,19.994]}},{"type":"Feature","properties":{"i":0.78},"geometry":{"type":"Point","coordinates":[72.75146,19.994]}},{"type":"Feature","properties":{"i":0.36},"geometry":{"type":"Point","coordinates":[72.79541,19.994]}},{"type":"Feature","properties":{"i":0.84},"geometry":{"type":"Point","coordinates":[72.83936,19.994]}},{"type":"Feature","properties":{"i":0.38},"geometry":{"type":"Point","coordinates":[72.92725,19.994]}},{"type":"Feature","properties":{"i":0.31},"geometry":{"type":"Point","coordinates":[72.70752,19.9527]}},{"type":"Feature","properties":{"i":0.51},"geometry":{"type":"Point","coordinates":[72.75146,19.9527]}},{"type":"Feature","properties":{"i":0.27},"geometry":{"type":"Point","coordinates":[72.79541,19.9527]}},{"type":"Feature","properties":{"i":0.3},"geometry":{"type":"Point","coordinates":[72.83936,19.9527]}},{"type":"Feature","properties":{"i":0.61},"geometry":{"type":"Point","coordinates":[72.8833,19.9527]}},{"type":"Feature","properties":{"i":0.29},"geometry":{"type":"Point","coordinates":[72.92725,19.9527]}},{"type":"Feature","properties":{"i":0.02},"geometry":{"type":"Point","coordinates":[72.70752,19.91138]}},{"type":"Feature","properties":{"i":0.19},"geometry":{"type":"Point","coordinates":[72.75146,19.91138]}},{"type":"Feature","properties":{"i":1},"geometry":{"type":"Point","coordinates":[72.79541,19.91138]}},{"type":"Feature","properties":{"i":0.16},"geometry":{"type":"Point","coordinates":[72.83936,19.91138]}},{"type":"Feature","properties":{"i":0.25},"geometry":{"type":"Point","coordinates":[72.8833,19.91138]}},{"type":"Feature","properties":{"i":0.35},"geometry":{"type":"Point","coordinates":[72.92725,19.91138]}},{"type":"Feature","properties":{"i":0.08},"geometry":{"type":"Point","coordinates":[72.97119,19.91138]}},{"type":"Feature","properties":{"i":0.07},"geometry":{"type":"Point","coordinates":[73.01514,19.91138]}},{"type":"Feature","properties":{"i":0.53},"geometry":{"type":"Point","coordinates":[72.70752,19.87006]}},{"type":"Feature","properties":{"i":0.59},"geometry":{"type":"Point","coordinates":[72.75146,19.87006]}},{"type":"Feature","properties":{"i":0.15},"geometry":{"type":"Point","coordinates":[72.79541,19.87006]}},{"type":"Feature","properties":{"i":0.36},"geometry":{"type":"Point","coordinates":[72.92725,19.87006]}},{"type":"Feature","properties":{"i":0.17},"geometry":{"type":"Point","coordinates":[72.97119,19.87006]}},{"type":"Feature","properties":{"i":1},"geometry":{"type":"Point","coordinates":[72.66357,19.82873]}},{"type":"Feature","properties":{"i":0.6},"geometry":{"type":"Point","coordinates":[72.70752,19.82873]}},{"type":"Feature","properties":{"i":0.72},"geometry":{"type":"Point","coordinates":[72.75146,19.82873]}},{"type":"Feature","properties":{"i":0.25},"geometry":{"type":"Point","coordinates":[72.79541,19.82873]}},{"type":"Feature","properties":{"i":0.08},"geometry":{"type":"Point","coordinates":[72.83936,19.82873]}},{"type":"Feature","properties":{"i":0.36},"geometry":{"type":"Point","coordinates":[72.92725,19.82873]}},{"type":"Feature","properties":{"i":0.27},"geometry":{"type":"Point","coordinates":[72.97119,19.82873]}},{"type":"Feature","properties":{"i":0.1},"geometry":{"type":"Point","coordinates":[72.66357,19.78738]}},{"type":"Feature","properties":{"i":1},"geometry":{"type":"Point","coordinates":[72.70752,19.78738]}},{"type":"Feature","properties":{"i":1},"geometry":{"type":"Point","coordinates":[72.75146,19.78738]}},{"type":"Feature","properties":{"i":1},"geometry":{"type":"Point","coordinates":[72.79541,19.78738]}},{"type":"Feature","properties":{"i":0.62},"geometry":{"type":"Point","coordinates":[72.83936,19.78738]}},{"type":"Feature","properties":{"i":0.13},"geometry":{"type":"Point","coordinates":[72.8833,19.78738]}},{"type":"Feature","properties":{"i":0.25},"geometry":{"type":"Point","coordinates":[72.92725,19.78738]}},{"type":"Feature","properties":{"i":0.26},"geometry":{"type":"Point","coordinates":[72.97119,19.78738]}},{"type":"Feature","properties":{"i":0.19},"geometry":{"type":"Point","coordinates":[73.01514,19.78738]}},{"type":"Feature","properties":{"i":0.24},"geometry":{"type":"Point","coordinates":[73.10303,19.78738]}},{"type":"Feature","properties":{"i":0.18},"geometry":{"type":"Point","coordinates":[72.70752,19.74602]}},{"type":"Feature","properties":{"i":0.6},"geometry":{"type":"Point","coordinates":[72.75146,19.74602]}},{"type":"Feature","properties":{"i":0.5},"geometry":{"type":"Point","coordinates":[72.79541,19.74602]}},{"type":"Feature","properties":{"i":0.34},"geometry":{"type":"Point","coordinates":[72.83936,19.74602]}},{"type":"Feature","properties":{"i":0.28},"geometry":{"type":"Point","coordinates":[72.8833,19.74602]}},{"type":"Feature","properties":{"i":0.45},"geometry":{"type":"Point","coordinates":[72.92725,19.74602]}},{"type":"Feature","properties":{"i":0.25},"geometry":{"type":"Point","coordinates":[72.97119,19.74602]}},{"type":"Feature","properties":{"i":0.23},"geometry":{"type":"Point","coordinates":[73.01514,19.74602]}},{"type":"Feature","properties":{"i":0.1},"geometry":{"type":"Point","coordinates":[73.05908,19.74602]}},{"type":"Feature","properties":{"i":0.08},"geometry":{"type":"Point","coordinates":[73.10303,19.74602]}},{"type":"Feature","properties":{"i":0.57},"geometry":{"type":"Point","coordinates":[72.70752,19.70466]}},{"type":"Feature","properties":{"i":0.83},"geometry":{"type":"Point","coordinates":[72.75146,19.70466]}},{"type":"Feature","properties":{"i":0.86},"geometry":{"type":"Point","coordinates":[72.79541,19.70466]}},{"type":"Feature","properties":{"i":0.22},"geometry":{"type":"Point","coordinates":[72.83936,19.70466]}},{"type":"Feature","properties":{"i":0.48},"geometry":{"type":"Point","coordinates":[72.8833,19.70466]}},{"type":"Feature","properties":{"i":0.48},"geometry":{"type":"Point","coordinates":[72.92725,19.70466]}},{"type":"Feature","properties":{"i":0.58},"geometry":{"type":"Point","coordinates":[72.97119,19.70466]}},{"type":"Feature","properties":{"i":0.28},"geometry":{"type":"Point","coordinates":[73.01514,19.70466]}},{"type":"Feature","properties":{"i":0.26},"geometry":{"type":"Point","coordinates":[72.70752,19.66328]}},{"type":"Feature","properties":{"i":0.71},"geometry":{"type":"Point","coordinates":[72.75146,19.66328]}},{"type":"Feature","properties":{"i":0.99},"geometry":{"type":"Point","coordinates":[72.79541,19.66328]}},{"type":"Feature","properties":{"i":0.09},"geometry":{"type":"Point","coordinates":[72.83936,19.66328]}},{"type":"Feature","properties":{"i":0.1},"geometry":{"type":"Point","coordinates":[72.8833,19.66328]}},{"type":"Feature","properties":{"i":0.39},"geometry":{"type":"Point","coordinates":[72.92725,19.66328]}},{"type":"Feature","properties":{"i":0.08},"geometry":{"type":"Point","coordinates":[72.97119,19.66328]}},{"type":"Feature","properties":{"i":0.05},"geometry":{"type":"Point","coordinates":[73.01514,19.66328]}},{"type":"Feature","properties":{"i":0.25},"geometry":{"type":"Point","coordinates":[73.05908,19.66328]}},{"type":"Feature","properties":{"i":0.3},"geometry":{"type":"Point","coordinates":[73.10303,19.66328]}},{"type":"Feature","properties":{"i":0.08},"geometry":{"type":"Point","coordinates":[72.70752,19.62189]}},{"type":"Feature","properties":{"i":0.05},"geometry":{"type":"Point","coordinates":[72.75146,19.62189]}},{"type":"Feature","properties":{"i":0.48},"geometry":{"type":"Point","coordinates":[72.79541,19.62189]}},{"type":"Feature","properties":{"i":0.07},"geometry":{"type":"Point","coordinates":[72.8833,19.62189]}},{"type":"Feature","properties":{"i":0.22},"geometry":{"type":"Point","coordinates":[72.92725,19.62189]}},{"type":"Feature","properties":{"i":0.09},"geometry":{"type":"Point","coordinates":[73.01514,19.62189]}},{"type":"Feature","properties":{"i":0.27},"geometry":{"type":"Point","coordinates":[73.05908,19.62189]}},{"type":"Feature","properties":{"i":0.63},"geometry":{"type":"Point","coordinates":[73.10303,19.62189]}},{"type":"Feature","properties":{"i":1},"geometry":{"type":"Point","coordinates":[71.34521,19.58049]}},{"type":"Feature","properties":{"i":0.83},"geometry":{"type":"Point","coordinates":[71.38916,19.58049]}},{"type":"Feature","properties":{"i":0.15},"geometry":{"type":"Point","coordinates":[72.75146,19.58049]}},{"type":"Feature","properties":{"i":0.67},"geometry":{"type":"Point","coordinates":[72.79541,19.58049]}},{"type":"Feature","properties":{"i":0.41},"geometry":{"type":"Point","coordinates":[72.83936,19.58049]}},{"type":"Feature","properties":{"i":0.02},"geometry":{"type":"Point","coordinates":[72.8833,19.58049]}},{"type":"Feature","properties":{"i":0.07},"geometry":{"type":"Point","coordinates":[72.92725,19.58049]}},{"type":"Feature","properties":{"i":0.41},"geometry":{"type":"Point","coordinates":[73.01514,19.58049]}},{"type":"Feature","properties":{"i":0.46},"geometry":{"type":"Point","coordinates":[73.05908,19.58049]}},{"type":"Feature","properties":{"i":0.51},"geometry":{"type":"Point","coordinates":[73.10303,19.58049]}},{"type":"Feature","properties":{"i":1},"geometry":{"type":"Point","coordinates":[71.30127,19.53908]}},{"type":"Feature","properties":{"i":0.27},"geometry":{"type":"Point","coordinates":[71.34521,19.53908]}},{"type":"Feature","properties":{"i":0.38},"geometry":{"type":"Point","coordinates":[71.38916,19.53908]}},{"type":"Feature","properties":{"i":0.36},"geometry":{"type":"Point","coordinates":[72.75146,19.53908]}},{"type":"Feature","properties":{"i":0.53},"geometry":{"type":"Point","coordinates":[72.79541,19.53908]}},{"type":"Feature","properties":{"i":0.44},"geometry":{"type":"Point","coordinates":[72.83936,19.53908]}},{"type":"Feature","properties":{"i":0.26},"geometry":{"type":"Point","coordinates":[72.8833,19.53908]}},{"type":"Feature","properties":{"i":0.12},"geometry":{"type":"Point","coordinates":[72.92725,19.53908]}},{"type":"Feature","properties":{"i":0.29},"geometry":{"type":"Point","coordinates":[73.05908,19.53908]}},{"type":"Feature","properties":{"i":0.69},"geometry":{"type":"Point","coordinates":[73.10303,19.53908]}},{"type":"Feature","properties":{"i":0.57},"geometry":{"type":"Point","coordinates":[71.30127,19.49766]}},{"type":"Feature","properties":{"i":0.19},"geometry":{"type":"Point","coordinates":[71.34521,19.49766]}},{"type":"Feature","properties":{"i":0.39},"geometry":{"type":"Point","coordinates":[72.79541,19.49766]}},{"type":"Feature","properties":{"i":0.48},"geometry":{"type":"Point","coordinates":[72.83936,19.49766]}},{"type":"Feature","properties":{"i":0.47},"geometry":{"type":"Point","coordinates":[72.8833,19.49766]}},{"type":"Feature","properties":{"i":0.65},"geometry":{"type":"Point","coordinates":[72.92725,19.49766]}},{"type":"Feature","properties":{"i":0.37},"geometry":{"type":"Point","coordinates":[72.97119,19.49766]}},{"type":"Feature","properties":{"i":0.37},"geometry":{"type":"Point","coordinates":[73.01514,19.49766]}},{"type":"Feature","properties":{"i":0.71},"geometry":{"type":"Point","coordinates":[73.05908,19.49766]}},{"type":"Feature","properties":{"i":0.89},"geometry":{"type":"Point","coordinates":[73.10303,19.49766]}},{"type":"Feature","properties":{"i":0.45},"geometry":{"type":"Point","coordinates":[72.75146,19.45623]}},{"type":"Feature","properties":{"i":1},"geometry":{"type":"Point","coordinates":[72.79541,19.45623]}},{"type":"Feature","properties":{"i":1},"geometry":{"type":"Point","coordinates":[72.83936,19.45623]}},{"type":"Feature","properties":{"i":0.62},"geometry":{"type":"Point","coordinates":[72.8833,19.45623]}},{"type":"Feature","properties":{"i":0.45},"geometry":{"type":"Point","coordinates":[72.92725,19.45623]}},{"type":"Feature","properties":{"i":0.39},"geometry":{"type":"Point","coordinates":[72.97119,19.45623]}},{"type":"Feature","properties":{"i":0.14},"geometry":{"type":"Point","coordinates":[73.01514,19.45623]}},{"type":"Feature","properties":{"i":0.38},"geometry":{"type":"Point","coordinates":[73.05908,19.45623]}},{"type":"Feature","properties":{"i":0.39},"geometry":{"type":"Point","coordinates":[73.10303,19.45623]}},{"type":"Feature","properties":{"i":0.11},"geometry":{"type":"Point","coordinates":[71.34521,19.41479]}},{"type":"Feature","properties":{"i":0.78},"geometry":{"type":"Point","coordinates":[71.38916,19.41479]}},{"type":"Feature","properties":{"i":0.32},"geometry":{"type":"Point","coordinates":[72.75146,19.41479]}},{"type":"Feature","properties":{"i":1},"geometry":{"type":"Point","coordinates":[72.79541,19.41479]}},{"type":"Feature","properties":{"i":1},"geometry":{"type":"Point","coordinates":[72.83936,19.41479]}},{"type":"Feature","properties":{"i":0.95},"geometry":{"type":"Point","coordinates":[72.8833,19.41479]}},{"type":"Feature","properties":{"i":0.28},"geometry":{"type":"Point","coordinates":[72.92725,19.41479]}},{"type":"Feature","properties":{"i":0.11},"geometry":{"type":"Point","coordinates":[72.97119,19.41479]}},{"type":"Feature","properties":{"i":0.02},"geometry":{"type":"Point","coordinates":[73.01514,19.41479]}},{"type":"Feature","properties":{"i":0.25},"geometry":{"type":"Point","coordinates":[73.05908,19.41479]}},{"type":"Feature","properties":{"i":0.35},"geometry":{"type":"Point","coordinates":[73.10303,19.41479]}},{"type":"Feature","properties":{"i":0.14},"geometry":{"type":"Point","coordinates":[71.30127,19.37334]}},{"type":"Feature","properties":{"i":1},"geometry":{"type":"Point","coordinates":[71.34521,19.37334]}},{"type":"Feature","properties":{"i":0.62},"geometry":{"type":"Point","coordinates":[71.38916,19.37334]}},{"type":"Feature","properties":{"i":0.27},"geometry":{"type":"Point","coordinates":[72.75146,19.37334]}},{"type":"Feature","properties":{"i":0.77},"geometry":{"type":"Point","coordinates":[72.79541,19.37334]}},{"type":"Feature","properties":{"i":1},"geometry":{"type":"Point","coordinates":[72.83936,19.37334]}},{"type":"Feature","properties":{"i":0.93},"geometry":{"type":"Point","coordinates":[72.8833,19.37334]}},{"type":"Feature","properties":{"i":0.63},"geometry":{"type":"Point","coordinates":[72.92725,19.37334]}},{"type":"Feature","properties":{"i":0.13},"geometry":{"type":"Point","coordinates":[72.97119,19.37334]}},{"type":"Feature","properties":{"i":0.15},"geometry":{"type":"Point","coordinates":[73.01514,19.37334]}},{"type":"Feature","properties":{"i":0.34},"geometry":{"type":"Point","coordinates":[73.05908,19.37334]}},{"type":"Feature","properties":{"i":0.42},"geometry":{"type":"Point","coordinates":[73.10303,19.37334]}},{"type":"Feature","properties":{"i":1},"geometry":{"type":"Point","coordinates":[71.30127,19.33188]}},{"type":"Feature","properties":{"i":0.47},"geometry":{"type":"Point","coordinates":[71.34521,19.33188]}},{"type":"Feature","properties":{"i":0.37},"geometry":{"type":"Point","coordinates":[71.38916,19.33188]}},{"type":"Feature","properties":{"i":0.24},"geometry":{"type":"Point","coordinates":[72.00439,19.33188]}},{"type":"Feature","properties":{"i":0.36},"geometry":{"type":"Point","coordinates":[72.04834,19.33188]}},{"type":"Feature","properties":{"i":0.79},"geometry":{"type":"Point","coordinates":[72.79541,19.33188]}},{"type":"Feature","properties":{"i":0.81},"geometry":{"type":"Point","coordinates":[72.83936,19.33188]}},{"type":"Feature","properties":{"i":1},"geometry":{"type":"Point","coordinates":[72.8833,19.33188]}},{"type":"Feature","properties":{"i":0.81},"geometry":{"type":"Point","coordinates":[72.92725,19.33188]}},{"type":"Feature","properties":{"i":0.73},"geometry":{"type":"Point","coordinates":[72.97119,19.33188]}},{"type":"Feature","properties":{"i":0.56},"geometry":{"type":"Point","coordinates":[73.01514,19.33188]}},{"type":"Feature","properties":{"i":0.7},"geometry":{"type":"Point","coordinates":[73.05908,19.33188]}},{"type":"Feature","properties":{"i":0.86},"geometry":{"type":"Point","coordinates":[73.10303,19.33188]}},{"type":"Feature","properties":{"i":0.36},"geometry":{"type":"Point","coordinates":[73.14697,21.064]}},{"type":"Feature","properties":{"i":0.14},"geometry":{"type":"Point","coordinates":[73.19092,21.064]}},{"type":"Feature","properties":{"i":0.19},"geometry":{"type":"Point","coordinates":[73.23486,21.064]}},{"type":"Feature","properties":{"i":0.49},"geometry":{"type":"Point","coordinates":[73.27881,21.064]}},{"type":"Feature","properties":{"i":0.28},"geometry":{"type":"Point","coordinates":[73.32275,21.064]}},{"type":"Feature","properties":{"i":0.09},"geometry":{"type":"Point","coordinates":[73.3667,21.064]}},{"type":"Feature","properties":{"i":0.21},"geometry":{"type":"Point","coordinates":[73.41064,21.064]}},{"type":"Feature","properties":{"i":0.15},"geometry":{"type":"Point","coordinates":[73.45459,21.064]}},{"type":"Feature","properties":{"i":0.07},"geometry":{"type":"Point","coordinates":[73.8501,21.064]}},{"type":"Feature","properties":{"i":0.1},"geometry":{"type":"Point","coordinates":[74.02588,21.064]}},{"type":"Feature","properties":{"i":0.12},"geometry":{"type":"Point","coordinates":[74.15771,21.064]}},{"type":"Feature","properties":{"i":0.24},"geometry":{"type":"Point","coordinates":[74.3335,21.064]}},{"type":"Feature","properties":{"i":0.21},"geometry":{"type":"Point","coordinates":[74.37744,21.064]}},{"type":"Feature","properties":{"i":0.22},"geometry":{"type":"Point","coordinates":[74.42139,21.064]}},{"type":"Feature","properties":{"i":0.04},"geometry":{"type":"Point","coordinates":[74.46533,21.064]}},{"type":"Feature","properties":{"i":0.3},"geometry":{"type":"Point","coordinates":[74.55322,21.064]}},{"type":"Feature","properties":{"i":1},"geometry":{"type":"Point","coordinates":[74.59717,21.064]}},{"type":"Feature","properties":{"i":0.24},"geometry":{"type":"Point","coordinates":[74.64111,21.064]}},{"type":"Feature","properties":{"i":0.56},"geometry":{"type":"Point","coordinates":[74.77295,21.064]}},{"type":"Feature","properties":{"i":0.24},"geometry":{"type":"Point","coordinates":[74.81689,21.064]}},{"type":"Feature","properties":{"i":0.28},"geometry":{"type":"Point","coordinates":[74.86084,21.064]}},{"type":"Feature","properties":{"i":0.33},"geometry":{"type":"Point","coordinates":[73.14697,21.02298]}},{"type":"Feature","properties":{"i":0.08},"geometry":{"type":"Point","coordinates":[73.19092,21.02298]}},{"type":"Feature","properties":{"i":0.04},"geometry":{"type":"Point","coordinates":[73.27881,21.02298]}},{"type":"Feature","properties":{"i":0.07},"geometry":{"type":"Point","coordinates":[73.49854,21.02298]}},{"type":"Feature","properties":{"i":0.09},"geometry":{"type":"Point","coordinates":[74.20166,21.02298]}},{"type":"Feature","properties":{"i":0.4},"geometry":{"type":"Point","coordinates":[74.59717,21.02298]}},{"type":"Feature","properties":{"i":0.34},"geometry":{"type":"Point","coordinates":[74.77295,21.02298]}},{"type":"Feature","properties":{"i":0.35},"geometry":{"type":"Point","coordinates":[74.81689,21.02298]}},{"type":"Feature","properties":{"i":0.28},"geometry":{"type":"Point","coordinates":[73.14697,20.98196]}},{"type":"Feature","properties":{"i":0.09},"geometry":{"type":"Point","coordinates":[73.19092,20.98196]}},{"type":"Feature","properties":{"i":0.1},"geometry":{"type":"Point","coordinates":[73.23486,20.98196]}},{"type":"Feature","properties":{"i":0.3},"geometry":{"type":"Point","coordinates":[73.27881,20.98196]}},{"type":"Feature","properties":{"i":0.41},"geometry":{"type":"Point","coordinates":[73.32275,20.98196]}},{"type":"Feature","properties":{"i":0.04},"geometry":{"type":"Point","coordinates":[73.80615,20.98196]}},{"type":"Feature","properties":{"i":0.1},"geometry":{"type":"Point","coordinates":[74.15771,20.98196]}},{"type":"Feature","properties":{"i":0.19},"geometry":{"type":"Point","coordinates":[74.28955,20.98196]}},{"type":"Feature","properties":{"i":0.55},"geometry":{"type":"Point","coordinates":[74.3335,20.98196]}},{"type":"Feature","properties":{"i":0.22},"geometry":{"type":"Point","coordinates":[74.37744,20.98196]}},{"type":"Feature","properties":{"i":0.04},"geometry":{"type":"Point","coordinates":[74.42139,20.98196]}},{"type":"Feature","properties":{"i":0.1},"geometry":{"type":"Point","coordinates":[74.46533,20.98196]}},{"type":"Feature","properties":{"i":0.51},"geometry":{"type":"Point","coordinates":[74.77295,20.98196]}},{"type":"Feature","properties":{"i":0.02},"geometry":{"type":"Point","coordinates":[74.81689,20.98196]}},{"type":"Feature","properties":{"i":0.13},"geometry":{"type":"Point","coordinates":[74.86084,20.98196]}},{"type":"Feature","properties":{"i":0.17},"geometry":{"type":"Point","coordinates":[73.14697,20.94092]}},{"type":"Feature","properties":{"i":0.21},"geometry":{"type":"Point","coordinates":[73.19092,20.94092]}},{"type":"Feature","properties":{"i":0.08},"geometry":{"type":"Point","coordinates":[73.27881,20.94092]}},{"type":"Feature","properties":{"i":0.17},"geometry":{"type":"Point","coordinates":[73.32275,20.94092]}},{"type":"Feature","properties":{"i":0.08},"geometry":{"type":"Point","coordinates":[73.98193,20.94092]}},{"type":"Feature","properties":{"i":0.05},"geometry":{"type":"Point","coordinates":[74.02588,20.94092]}},{"type":"Feature","properties":{"i":0.04},"geometry":{"type":"Point","coordinates":[74.06982,20.94092]}},{"type":"Feature","properties":{"i":0.87},"geometry":{"type":"Point","coordinates":[74.11377,20.94092]}},{"type":"Feature","properties":{"i":0.3},"geometry":{"type":"Point","coordinates":[74.15771,20.94092]}},{"type":"Feature","properties":{"i":0.58},"geometry":{"type":"Point","coordinates":[74.24561,20.94092]}},{"type":"Feature","properties":{"i":0.22},"geometry":{"type":"Point","coordinates":[74.28955,20.94092]}},{"type":"Feature","properties":{"i":0.1},"geometry":{"type":"Point","coordinates":[74.46533,20.94092]}},{"type":"Feature","properties":{"i":0.22},"geometry":{"type":"Point","coordinates":[74.50928,20.94092]}},{"type":"Feature","properties":{"i":0.07},"geometry":{"type":"Point","coordinates":[74.55322,20.94092]}},{"type":"Feature","properties":{"i":0.17},"geometry":{"type":"Point","coordinates":[74.68506,20.94092]}},{"type":"Feature","properties":{"i":0.4},"geometry":{"type":"Point","coordinates":[74.729,20.94092]}},{"type":"Feature","properties":{"i":0.89},"geometry":{"type":"Point","coordinates":[74.77295,20.94092]}},{"type":"Feature","properties":{"i":0.74},"geometry":{"type":"Point","coordinates":[74.81689,20.94092]}},{"type":"Feature","properties":{"i":0.12},"geometry":{"type":"Point","coordinates":[74.86084,20.94092]}},{"type":"Feature","properties":{"i":0.23},"geometry":{"type":"Point","coordinates":[73.14697,20.89987]}},{"type":"Feature","properties":{"i":0.02},"geometry":{"type":"Point","coordinates":[73.23486,20.89987]}},{"type":"Feature","properties":{"i":0.03},"geometry":{"type":"Point","coordinates":[73.32275,20.89987]}},{"type":"Feature","properties":{"i":0.29},"geometry":{"type":"Point","coordinates":[73.98193,20.89987]}},{"type":"Feature","properties":{"i":0.03},"geometry":{"type":"Point","coordinates":[74.24561,20.89987]}},{"type":"Feature","properties":{"i":0.18},"geometry":{"type":"Point","coordinates":[74.42139,20.89987]}},{"type":"Feature","properties":{"i":0.23},"geometry":{"type":"Point","coordinates":[74.59717,20.89987]}},{"type":"Feature","properties":{"i":0.18},"geometry":{"type":"Point","coordinates":[74.64111,20.89987]}},{"type":"Feature","properties":{"i":0.33},"geometry":{"type":"Point","coordinates":[74.68506,20.89987]}},{"type":"Feature","properties":{"i":0.69},"geometry":{"type":"Point","coordinates":[74.729,20.89987]}},{"type":"Feature","properties":{"i":1},"geometry":{"type":"Point","coordinates":[74.77295,20.89987]}},{"type":"Feature","properties":{"i":0.79},"geometry":{"type":"Point","coordinates":[74.81689,20.89987]}},{"type":"Feature","properties":{"i":0.65},"geometry":{"type":"Point","coordinates":[74.86084,20.89987]}},{"type":"Feature","properties":{"i":0.1},"geometry":{"type":"Point","coordinates":[73.19092,20.85881]}},{"type":"Feature","properties":{"i":0.28},"geometry":{"type":"Point","coordinates":[73.32275,20.85881]}},{"type":"Feature","properties":{"i":0.19},"geometry":{"type":"Point","coordinates":[74.24561,20.85881]}},{"type":"Feature","properties":{"i":0.09},"geometry":{"type":"Point","coordinates":[74.37744,20.85881]}},{"type":"Feature","properties":{"i":0.02},"geometry":{"type":"Point","coordinates":[74.42139,20.85881]}},{"type":"Feature","properties":{"i":0.09},"geometry":{"type":"Point","coordinates":[74.59717,20.85881]}},{"type":"Feature","properties":{"i":0.28},"geometry":{"type":"Point","coordinates":[74.729,20.85881]}},{"type":"Feature","properties":{"i":0.94},"geometry":{"type":"Point","coordinates":[74.77295,20.85881]}},{"type":"Feature","properties":{"i":0.88},"geometry":{"type":"Point","coordinates":[74.81689,20.85881]}},{"type":"Feature","properties":{"i":0.25},"geometry":{"type":"Point","coordinates":[74.86084,20.85881]}},{"type":"Feature","properties":{"i":0.47},"geometry":{"type":"Point","coordinates":[73.14697,20.81774]}},{"type":"Feature","properties":{"i":0.04},"geometry":{"type":"Point","coordinates":[73.19092,20.81774]}},{"type":"Feature","properties":{"i":0.24},"geometry":{"type":"Point","coordinates":[73.23486,20.81774]}},{"type":"Feature","properties":{"i":0.38},"geometry":{"type":"Point","coordinates":[73.27881,20.81774]}},{"type":"Feature","properties":{"i":0.16},"geometry":{"type":"Point","coordinates":[74.15771,20.81774]}},{"type":"Feature","properties":{"i":0.09},"geometry":{"type":"Point","coordinates":[74.20166,20.81774]}},{"type":"Feature","properties":{"i":0.07},"geometry":{"type":"Point","coordinates":[74.28955,20.81774]}},{"type":"Feature","properties":{"i":0.04},"geometry":{"type":"Point","coordinates":[74.46533,20.81774]}},{"type":"Feature","properties":{"i":0.48},"geometry":{"type":"Point","coordinates":[74.729,20.81774]}},{"type":"Feature","properties":{"i":0.87},"geometry":{"type":"Point","coordinates":[74.77295,20.81774]}},{"type":"Feature","properties":{"i":0.05},"geometry":{"type":"Point","coordinates":[74.81689,20.81774]}},{"type":"Feature","properties":{"i":0.34},"geometry":{"type":"Point","coordinates":[73.14697,20.77666]}},{"type":"Feature","properties":{"i":0.08},"geometry":{"type":"Point","coordinates":[73.27881,20.77666]}},{"type":"Feature","properties":{"i":0.31},"geometry":{"type":"Point","coordinates":[73.3667,20.77666]}},{"type":"Feature","properties":{"i":0.11},"geometry":{"type":"Point","coordinates":[73.41064,20.77666]}},{"type":"Feature","properties":{"i":0.33},"geometry":{"type":"Point","coordinates":[73.49854,20.77666]}},{"type":"Feature","properties":{"i":0.08},"geometry":{"type":"Point","coordinates":[73.63037,20.77666]}},{"type":"Feature","properties":{"i":0.05},"geometry":{"type":"Point","coordinates":[74.11377,20.77666]}},{"type":"Feature","properties":{"i":0.69},"geometry":{"type":"Point","coordinates":[74.15771,20.77666]}},{"type":"Feature","properties":{"i":0.51},"geometry":{"type":"Point","coordinates":[74.20166,20.77666]}},{"type":"Feature","properties":{"i":0.02},"geometry":{"type":"Point","coordinates":[74.24561,20.77666]}},{"type":"Feature","properties":{"i":0.13},"geometry":{"type":"Point","coordinates":[74.28955,20.77666]}},{"type":"Feature","properties":{"i":0.26},"geometry":{"type":"Point","coordinates":[74.3335,20.77666]}},{"type":"Feature","properties":{"i":0.05},"geometry":{"type":"Point","coordinates":[74.37744,20.77666]}},{"type":"Feature","properties":{"i":0.07},"geometry":{"type":"Point","coordinates":[74.42139,20.77666]}},{"type":"Feature","properties":{"i":0.37},"geometry":{"type":"Point","coordinates":[74.59717,20.77666]}},{"type":"Feature","properties":{"i":0.62},"geometry":{"type":"Point","coordinates":[74.81689,20.77666]}},{"type":"Feature","properties":{"i":0.02},"geometry":{"type":"Point","coordinates":[74.86084,20.77666]}},{"type":"Feature","properties":{"i":0.15},"geometry":{"type":"Point","coordinates":[73.14697,20.73557]}},{"type":"Feature","properties":{"i":0.05},"geometry":{"type":"Point","coordinates":[73.19092,20.73557]}},{"type":"Feature","properties":{"i":0.17},"geometry":{"type":"Point","coordinates":[73.32275,20.73557]}},{"type":"Feature","properties":{"i":0.22},"geometry":{"type":"Point","coordinates":[73.3667,20.73557]}},{"type":"Feature","properties":{"i":0.05},"geometry":{"type":"Point","coordinates":[73.49854,20.73557]}},{"type":"Feature","properties":{"i":0.45},"geometry":{"type":"Point","coordinates":[73.67432,20.73557]}},{"type":"Feature","properties":{"i":0.37},"geometry":{"type":"Point","coordinates":[73.71826,20.73557]}},{"type":"Feature","properties":{"i":0.25},"geometry":{"type":"Point","coordinates":[74.20166,20.73557]}},{"type":"Feature","properties":{"i":0.19},"geometry":{"type":"Point","coordinates":[74.24561,20.73557]}},{"type":"Feature","properties":{"i":0.21},"geometry":{"type":"Point","coordinates":[74.28955,20.73557]}},{"type":"Feature","properties":{"i":0.98},"geometry":{"type":"Point","coordinates":[74.3335,20.73557]}},{"type":"Feature","properties":{"i":0.13},"geometry":{"type":"Point","coordinates":[74.42139,20.73557]}},{"type":"Feature","properties":{"i":0.09},"geometry":{"type":"Point","coordinates":[74.46533,20.73557]}},{"type":"Feature","properties":{"i":0.03},"geometry":{"type":"Point","coordinates":[74.55322,20.73557]}},{"type":"Feature","properties":{"i":0.22},"geometry":{"type":"Point","coordinates":[74.68506,20.73557]}},{"type":"Feature","properties":{"i":0.21},"geometry":{"type":"Point","coordinates":[74.729,20.73557]}},{"type":"Feature","properties":{"i":0.09},"geometry":{"type":"Point","coordinates":[74.77295,20.73557]}},{"type":"Feature","properties":{"i":0.13},"geometry":{"type":"Point","coordinates":[74.81689,20.73557]}},{"type":"Feature","properties":{"i":0.53},"geometry":{"type":"Point","coordinates":[74.86084,20.73557]}},{"type":"Feature","properties":{"i":0.04},"geometry":{"type":"Point","coordinates":[73.19092,20.69446]}},{"type":"Feature","properties":{"i":0.15},"geometry":{"type":"Point","coordinates":[73.41064,20.69446]}},{"type":"Feature","properties":{"i":0.05},"geometry":{"type":"Point","coordinates":[74.06982,20.69446]}},{"type":"Feature","properties":{"i":0.04},"geometry":{"type":"Point","coordinates":[74.15771,20.69446]}},{"type":"Feature","properties":{"i":0.21},"geometry":{"type":"Point","coordinates":[74.28955,20.69446]}},{"type":"Feature","properties":{"i":0.1},"geometry":{"type":"Point","coordinates":[74.3335,20.69446]}},{"type":"Feature","properties":{"i":0.11},"geometry":{"type":"Point","coordinates":[74.37744,20.69446]}},{"type":"Feature","properties":{"i":0.25},"geometry":{"type":"Point","coordinates":[74.42139,20.69446]}},{"type":"Feature","properties":{"i":0.18},"geometry":{"type":"Point","coordinates":[74.55322,20.69446]}},{"type":"Feature","properties":{"i":0.04},"geometry":{"type":"Point","coordinates":[74.59717,20.69446]}},{"type":"Feature","properties":{"i":0.18},"geometry":{"type":"Point","coordinates":[74.64111,20.69446]}},{"type":"Feature","properties":{"i":0.45},"geometry":{"type":"Point","coordinates":[74.68506,20.69446]}},{"type":"Feature","properties":{"i":0.29},"geometry":{"type":"Point","coordinates":[74.81689,20.69446]}},{"type":"Feature","properties":{"i":0.31},"geometry":{"type":"Point","coordinates":[74.86084,20.69446]}},{"type":"Feature","properties":{"i":0.04},"geometry":{"type":"Point","coordinates":[73.19092,20.65335]}},{"type":"Feature","properties":{"i":0.07},"geometry":{"type":"Point","coordinates":[74.02588,20.65335]}},{"type":"Feature","properties":{"i":0.04},"geometry":{"type":"Point","coordinates":[74.06982,20.65335]}},{"type":"Feature","properties":{"i":0.11},"geometry":{"type":"Point","coordinates":[74.11377,20.65335]}},{"type":"Feature","properties":{"i":0.23},"geometry":{"type":"Point","coordinates":[74.15771,20.65335]}},{"type":"Feature","properties":{"i":0.03},"geometry":{"type":"Point","coordinates":[74.28955,20.65335]}},{"type":"Feature","properties":{"i":0.08},"geometry":{"type":"Point","coordinates":[74.3335,20.65335]}},{"type":"Feature","properties":{"i":0.1},"geometry":{"type":"Point","coordinates":[74.42139,20.65335]}},{"type":"Feature","properties":{"i":0.19},"geometry":{"type":"Point","coordinates":[74.46533,20.65335]}},{"type":"Feature","properties":{"i":0.14},"geometry":{"type":"Point","coordinates":[74.55322,20.65335]}},{"type":"Feature","properties":{"i":0.23},"geometry":{"type":"Point","coordinates":[74.59717,20.65335]}},{"type":"Feature","properties":{"i":0.14},"geometry":{"type":"Point","coordinates":[74.64111,20.65335]}},{"type":"Feature","properties":{"i":0.24},"geometry":{"type":"Point","coordinates":[74.68506,20.65335]}},{"type":"Feature","properties":{"i":0.03},"geometry":{"type":"Point","coordinates":[74.86084,20.65335]}},{"type":"Feature","properties":{"i":0.35},"geometry":{"type":"Point","coordinates":[73.76221,20.61222]}},{"type":"Feature","properties":{"i":0.08},"geometry":{"type":"Point","coordinates":[73.93799,20.61222]}},{"type":"Feature","properties":{"i":0.08},"geometry":{"type":"Point","coordinates":[73.98193,20.61222]}},{"type":"Feature","properties":{"i":0.37},"geometry":{"type":"Point","coordinates":[74.02588,20.61222]}},{"type":"Feature","properties":{"i":0.14},"geometry":{"type":"Point","coordinates":[74.15771,20.61222]}},{"type":"Feature","properties":{"i":0.42},"geometry":{"type":"Point","coordinates":[74.20166,20.61222]}},{"type":"Feature","properties":{"i":0.03},"geometry":{"type":"Point","coordinates":[74.24561,20.61222]}},{"type":"Feature","properties":{"i":0.18},"geometry":{"type":"Point","coordinates":[74.28955,20.61222]}},{"type":"Feature","properties":{"i":0.07},"geometry":{"type":"Point","coordinates":[74.42139,20.61222]}},{"type":"Feature","properties":{"i":0.63},"geometry":{"type":"Point","coordinates":[74.46533,20.61222]}},{"type":"Feature","properties":{"i":0.28},"geometry":{"type":"Point","coordinates":[74.50928,20.61222]}},{"type":"Feature","properties":{"i":0.21},"geometry":{"type":"Point","coordinates":[74.55322,20.61222]}},{"type":"Feature","properties":{"i":0.31},"geometry":{"type":"Point","coordinates":[74.59717,20.61222]}},{"type":"Feature","properties":{"i":0.62},"geometry":{"type":"Point","coordinates":[74.64111,20.61222]}},{"type":"Feature","properties":{"i":0.09},"geometry":{"type":"Point","coordinates":[74.86084,20.61222]}},{"type":"Feature","properties":{"i":0.56},"geometry":{"type":"Point","coordinates":[73.14697,20.57108]}},{"type":"Feature","properties":{"i":0.22},"geometry":{"type":"Point","coordinates":[73.19092,20.57108]}},{"type":"Feature","properties":{"i":0.07},"geometry":{"type":"Point","coordinates":[73.23486,20.57108]}},{"type":"Feature","properties":{"i":0.16},"geometry":{"type":"Point","coordinates":[73.63037,20.57108]}},{"type":"Feature","properties":{"i":0.36},"geometry":{"type":"Point","coordinates":[73.76221,20.57108]}},{"type":"Feature","properties":{"i":0.28},"geometry":{"type":"Point","coordinates":[73.98193,20.57108]}},{"type":"Feature","properties":{"i":0.82},"geometry":{"type":"Point","coordinates":[74.20166,20.57108]}},{"type":"Feature","properties":{"i":0.25},"geometry":{"type":"Point","coordinates":[74.24561,20.57108]}},{"type":"Feature","properties":{"i":0.21},"geometry":{"type":"Point","coordinates":[74.28955,20.57108]}},{"type":"Feature","properties":{"i":0.41},"geometry":{"type":"Point","coordinates":[74.3335,20.57108]}},{"type":"Feature","properties":{"i":0.27},"geometry":{"type":"Point","coordinates":[74.37744,20.57108]}},{"type":"Feature","properties":{"i":0.21},"geometry":{"type":"Point","coordinates":[74.42139,20.57108]}},{"type":"Feature","properties":{"i":0.58},"geometry":{"type":"Point","coordinates":[74.46533,20.57108]}},{"type":"Feature","properties":{"i":1},"geometry":{"type":"Point","coordinates":[74.50928,20.57108]}},{"type":"Feature","properties":{"i":1},"geometry":{"type":"Point","coordinates":[74.55322,20.57108]}},{"type":"Feature","properties":{"i":0.45},"geometry":{"type":"Point","coordinates":[74.59717,20.57108]}},{"type":"Feature","properties":{"i":0.28},"geometry":{"type":"Point","coordinates":[74.64111,20.57108]}},{"type":"Feature","properties":{"i":0.17},"geometry":{"type":"Point","coordinates":[74.68506,20.57108]}},{"type":"Feature","properties":{"i":0.12},"geometry":{"type":"Point","coordinates":[74.729,20.57108]}},{"type":"Feature","properties":{"i":0.16},"geometry":{"type":"Point","coordinates":[74.77295,20.57108]}},{"type":"Feature","properties":{"i":0.3},"geometry":{"type":"Point","coordinates":[73.14697,20.52993]}},{"type":"Feature","properties":{"i":0.59},"geometry":{"type":"Point","coordinates":[73.19092,20.52993]}},{"type":"Feature","properties":{"i":0.09},"geometry":{"type":"Point","coordinates":[73.23486,20.52993]}},{"type":"Feature","properties":{"i":0.09},"geometry":{"type":"Point","coordinates":[73.67432,20.52993]}},{"type":"Feature","properties":{"i":0.1},"geometry":{"type":"Point","coordinates":[73.76221,20.52993]}},{"type":"Feature","properties":{"i":0.03},"geometry":{"type":"Point","coordinates":[73.80615,20.52993]}},{"type":"Feature","properties":{"i":0.56},"geometry":{"type":"Point","coordinates":[73.89404,20.52993]}},{"type":"Feature","properties":{"i":0.18},"geometry":{"type":"Point","coordinates":[73.93799,20.52993]}},{"type":"Feature","properties":{"i":0.1},"geometry":{"type":"Point","coordinates":[74.02588,20.52993]}},{"type":"Feature","properties":{"i":0.26},"geometry":{"type":"Point","coordinates":[74.06982,20.52993]}},{"type":"Feature","properties":{"i":0.04},"geometry":{"type":"Point","coordinates":[74.11377,20.52993]}},{"type":"Feature","properties":{"i":0.08},"geometry":{"type":"Point","coordinates":[74.15771,20.52993]}},{"type":"Feature","properties":{"i":0.27},"geometry":{"type":"Point","coordinates":[74.20166,20.52993]}},{"type":"Feature","properties":{"i":0.03},"geometry":{"type":"Point","coordinates":[74.24561,20.52993]}},{"type":"Feature","properties":{"i":0.1},"geometry":{"type":"Point","coordinates":[74.3335,20.52993]}},{"type":"Feature","properties":{"i":0.11},"geometry":{"type":"Point","coordinates":[74.37744,20.52993]}},{"type":"Feature","properties":{"i":0.19},"geometry":{"type":"Point","coordinates":[74.42139,20.52993]}},{"type":"Feature","properties":{"i":0.48},"geometry":{"type":"Point","coordinates":[74.46533,20.52993]}},{"type":"Feature","properties":{"i":1},"geometry":{"type":"Point","coordinates":[74.50928,20.52993]}},{"type":"Feature","properties":{"i":1},"geometry":{"type":"Point","coordinates":[74.55322,20.52993]}},{"type":"Feature","properties":{"i":0.48},"geometry":{"type":"Point","coordinates":[74.59717,20.52993]}},{"type":"Feature","properties":{"i":0.24},"geometry":{"type":"Point","coordinates":[74.64111,20.52993]}},{"type":"Feature","properties":{"i":0.15},"geometry":{"type":"Point","coordinates":[74.729,20.52993]}},{"type":"Feature","properties":{"i":0.26},"geometry":{"type":"Point","coordinates":[74.81689,20.52993]}},{"type":"Feature","properties":{"i":0.23},"geometry":{"type":"Point","coordinates":[73.14697,20.48877]}},{"type":"Feature","properties":{"i":0.37},"geometry":{"type":"Point","coordinates":[73.19092,20.48877]}},{"type":"Feature","properties":{"i":0.05},"geometry":{"type":"Point","coordinates":[73.8501,20.48877]}},{"type":"Feature","properties":{"i":0.23},"geometry":{"type":"Point","coordinates":[73.89404,20.48877]}},{"type":"Feature","properties":{"i":0.37},"geometry":{"type":"Point","coordinates":[73.93799,20.48877]}},{"type":"Feature","properties":{"i":0.35},"geometry":{"type":"Point","coordinates":[73.98193,20.48877]}},{"type":"Feature","properties":{"i":0.61},"geometry":{"type":"Point","coordinates":[74.02588,20.48877]}},{"type":"Feature","properties":{"i":0.19},"geometry":{"type":"Point","coordinates":[74.06982,20.48877]}},{"type":"Feature","properties":{"i":0.37},"geometry":{"type":"Point","coordinates":[74.11377,20.48877]}},{"type":"Feature","properties":{"i":0.09},"geometry":{"type":"Point","coordinates":[74.15771,20.48877]}},{"type":"Feature","properties":{"i":0.04},"geometry":{"type":"Point","coordinates":[74.20166,20.48877]}},{"type":"Feature","properties":{"i":0.09},"geometry":{"type":"Point","coordinates":[74.24561,20.48877]}},{"type":"Feature","properties":{"i":0.07},"geometry":{"type":"Point","coordinates":[74.28955,20.48877]}},{"type":"Feature","properties":{"i":0.03},"geometry":{"type":"Point","coordinates":[74.3335,20.48877]}},{"type":"Feature","properties":{"i":0.35},"geometry":{"type":"Point","coordinates":[74.42139,20.48877]}},{"type":"Feature","properties":{"i":0.47},"geometry":{"type":"Point","coordinates":[74.46533,20.48877]}},{"type":"Feature","properties":{"i":0.42},"geometry":{"type":"Point","coordinates":[74.50928,20.48877]}},{"type":"Feature","properties":{"i":0.04},"geometry":{"type":"Point","coordinates":[74.55322,20.48877]}},{"type":"Feature","properties":{"i":0.28},"geometry":{"type":"Point","coordinates":[74.59717,20.48877]}},{"type":"Feature","properties":{"i":0.1},"geometry":{"type":"Point","coordinates":[74.64111,20.48877]}},{"type":"Feature","properties":{"i":0.02},"geometry":{"type":"Point","coordinates":[74.77295,20.48877]}},{"type":"Feature","properties":{"i":0.3},"geometry":{"type":"Point","coordinates":[74.81689,20.48877]}},{"type":"Feature","properties":{"i":0.08},"geometry":{"type":"Point","coordinates":[74.86084,20.48877]}},{"type":"Feature","properties":{"i":0.11},"geometry":{"type":"Point","coordinates":[73.14697,20.4476]}},{"type":"Feature","properties":{"i":0.05},"geometry":{"type":"Point","coordinates":[73.8501,20.4476]}},{"type":"Feature","properties":{"i":0.08},"geometry":{"type":"Point","coordinates":[73.98193,20.4476]}},{"type":"Feature","properties":{"i":0.27},"geometry":{"type":"Point","coordinates":[74.02588,20.4476]}},{"type":"Feature","properties":{"i":0.28},"geometry":{"type":"Point","coordinates":[74.15771,20.4476]}},{"type":"Feature","properties":{"i":0.68},"geometry":{"type":"Point","coordinates":[74.20166,20.4476]}},{"type":"Feature","properties":{"i":0.22},"geometry":{"type":"Point","coordinates":[74.24561,20.4476]}},{"type":"Feature","properties":{"i":0.16},"geometry":{"type":"Point","coordinates":[74.28955,20.4476]}},{"type":"Feature","properties":{"i":0.08},"geometry":{"type":"Point","coordinates":[74.3335,20.4476]}},{"type":"Feature","properties":{"i":0.08},"geometry":{"type":"Point","coordinates":[74.37744,20.4476]}},{"type":"Feature","properties":{"i":0.08},"geometry":{"type":"Point","coordinates":[74.42139,20.4476]}},{"type":"Feature","properties":{"i":0.16},"geometry":{"type":"Point","coordinates":[74.50928,20.4476]}},{"type":"Feature","properties":{"i":0.04},"geometry":{"type":"Point","coordinates":[74.55322,20.4476]}},{"type":"Feature","properties":{"i":0.15},"geometry":{"type":"Point","coordinates":[73.14697,20.40642]}},{"type":"Feature","properties":{"i":0.25},"geometry":{"type":"Point","coordinates":[73.71826,20.40642]}},{"type":"Feature","properties":{"i":0.12},"geometry":{"type":"Point","coordinates":[73.80615,20.40642]}},{"type":"Feature","properties":{"i":0.08},"geometry":{"type":"Point","coordinates":[73.8501,20.40642]}},{"type":"Feature","properties":{"i":0.25},"geometry":{"type":"Point","coordinates":[73.89404,20.40642]}},{"type":"Feature","properties":{"i":0.14},"geometry":{"type":"Point","coordinates":[73.93799,20.40642]}},{"type":"Feature","properties":{"i":0.21},"geometry":{"type":"Point","coordinates":[74.02588,20.40642]}},{"type":"Feature","properties":{"i":0.08},"geometry":{"type":"Point","coordinates":[74.15771,20.40642]}},{"type":"Feature","properties":{"i":0.17},"geometry":{"type":"Point","coordinates":[74.20166,20.40642]}},{"type":"Feature","properties":{"i":0.63},"geometry":{"type":"Point","coordinates":[74.3335,20.40642]}},{"type":"Feature","properties":{"i":0.65},"geometry":{"type":"Point","coordinates":[74.37744,20.40642]}},{"type":"Feature","properties":{"i":0.23},"geometry":{"type":"Point","coordinates":[74.50928,20.40642]}},{"type":"Feature","properties":{"i":0.08},"geometry":{"type":"Point","coordinates":[73.14697,20.36523]}},{"type":"Feature","properties":{"i":0.25},"geometry":{"type":"Point","coordinates":[73.8501,20.36523]}},{"type":"Feature","properties":{"i":0.12},"geometry":{"type":"Point","coordinates":[73.89404,20.36523]}},{"type":"Feature","properties":{"i":0.25},"geometry":{"type":"Point","coordinates":[73.93799,20.36523]}},{"type":"Feature","properties":{"i":0.05},"geometry":{"type":"Point","coordinates":[74.06982,20.36523]}},{"type":"Feature","properties":{"i":0.15},"geometry":{"type":"Point","coordinates":[74.15771,20.36523]}},{"type":"Feature","properties":{"i":0.04},"geometry":{"type":"Point","coordinates":[74.24561,20.36523]}},{"type":"Feature","properties":{"i":0.07},"geometry":{"type":"Point","coordinates":[74.28955,20.36523]}},{"type":"Feature","properties":{"i":0.29},"geometry":{"type":"Point","coordinates":[74.3335,20.36523]}},{"type":"Feature","properties":{"i":0.16},"geometry":{"type":"Point","coordinates":[74.46533,20.36523]}},{"type":"Feature","properties":{"i":0.22},"geometry":{"type":"Point","coordinates":[74.729,20.36523]}},{"type":"Feature","properties":{"i":0.07},"geometry":{"type":"Point","coordinates":[74.81689,20.36523]}},{"type":"Feature","properties":{"i":0.11},"geometry":{"type":"Point","coordinates":[74.86084,20.36523]}},{"type":"Feature","properties":{"i":0.11},"geometry":{"type":"Point","coordinates":[73.14697,20.32402]}},{"type":"Feature","properties":{"i":0.35},"geometry":{"type":"Point","coordinates":[73.23486,20.32402]}},{"type":"Feature","properties":{"i":0.08},"geometry":{"type":"Point","coordinates":[73.3667,20.32402]}},{"type":"Feature","properties":{"i":0.16},"geometry":{"type":"Point","coordinates":[73.63037,20.32402]}},{"type":"Feature","properties":{"i":0.1},"geometry":{"type":"Point","coordinates":[73.71826,20.32402]}},{"type":"Feature","properties":{"i":0.05},"geometry":{"type":"Point","coordinates":[73.76221,20.32402]}},{"type":"Feature","properties":{"i":0.56},"geometry":{"type":"Point","coordinates":[73.89404,20.32402]}},{"type":"Feature","properties":{"i":0.27},"geometry":{"type":"Point","coordinates":[73.93799,20.32402]}},{"type":"Feature","properties":{"i":0.04},"geometry":{"type":"Point","coordinates":[73.98193,20.32402]}},{"type":"Feature","properties":{"i":0.02},"geometry":{"type":"Point","coordinates":[74.02588,20.32402]}},{"type":"Feature","properties":{"i":0.02},"geometry":{"type":"Point","coordinates":[74.11377,20.32402]}},{"type":"Feature","properties":{"i":0.22},"geometry":{"type":"Point","coordinates":[74.15771,20.32402]}},{"type":"Feature","properties":{"i":0.52},"geometry":{"type":"Point","coordinates":[74.20166,20.32402]}},{"type":"Feature","properties":{"i":0.22},"geometry":{"type":"Point","coordinates":[74.24561,20.32402]}},{"type":"Feature","properties":{"i":0.12},"geometry":{"type":"Point","coordinates":[74.37744,20.32402]}},{"type":"Feature","properties":{"i":0.57},"geometry":{"type":"Point","coordinates":[74.64111,20.32402]}},{"type":"Feature","properties":{"i":0.65},"geometry":{"type":"Point","coordinates":[74.68506,20.32402]}},{"type":"Feature","properties":{"i":0.3},"geometry":{"type":"Point","coordinates":[74.81689,20.32402]}},{"type":"Feature","properties":{"i":0.07},"geometry":{"type":"Point","coordinates":[74.86084,20.32402]}},{"type":"Feature","properties":{"i":0.19},"geometry":{"type":"Point","coordinates":[73.14697,20.28281]}},{"type":"Feature","properties":{"i":0.04},"geometry":{"type":"Point","coordinates":[73.41064,20.28281]}},{"type":"Feature","properties":{"i":0.08},"geometry":{"type":"Point","coordinates":[73.58643,20.28281]}},{"type":"Feature","properties":{"i":0.05},"geometry":{"type":"Point","coordinates":[73.80615,20.28281]}},{"type":"Feature","properties":{"i":0.65},"geometry":{"type":"Point","coordinates":[73.8501,20.28281]}},{"type":"Feature","properties":{"i":0.13},"geometry":{"type":"Point","coordinates":[73.93799,20.28281]}},{"type":"Feature","properties":{"i":0.12},"geometry":{"type":"Point","coordinates":[73.98193,20.28281]}},{"type":"Feature","properties":{"i":0.04},"geometry":{"type":"Point","coordinates":[74.02588,20.28281]}},{"type":"Feature","properties":{"i":0.76},"geometry":{"type":"Point","coordinates":[74.11377,20.28281]}},{"type":"Feature","properties":{"i":0.13},"geometry":{"type":"Point","coordinates":[74.15771,20.28281]}},{"type":"Feature","properties":{"i":0.02},"geometry":{"type":"Point","coordinates":[74.20166,20.28281]}},{"type":"Feature","properties":{"i":0.07},"geometry":{"type":"Point","coordinates":[74.24561,20.28281]}},{"type":"Feature","properties":{"i":0.09},"geometry":{"type":"Point","coordinates":[74.28955,20.28281]}},{"type":"Feature","properties":{"i":0.1},"geometry":{"type":"Point","coordinates":[74.3335,20.28281]}},{"type":"Feature","properties":{"i":0.02},"geometry":{"type":"Point","coordinates":[74.37744,20.28281]}},{"type":"Feature","properties":{"i":0.27},"geometry":{"type":"Point","coordinates":[74.42139,20.28281]}},{"type":"Feature","properties":{"i":0.72},"geometry":{"type":"Point","coordinates":[74.46533,20.28281]}},{"type":"Feature","properties":{"i":0.33},"geometry":{"type":"Point","coordinates":[74.50928,20.28281]}},{"type":"Feature","properties":{"i":0.14},"geometry":{"type":"Point","coordinates":[74.55322,20.28281]}},{"type":"Feature","properties":{"i":0.09},"geometry":{"type":"Point","coordinates":[74.59717,20.28281]}},{"type":"Feature","properties":{"i":0.34},"geometry":{"type":"Point","coordinates":[74.64111,20.28281]}},{"type":"Feature","properties":{"i":0.56},"geometry":{"type":"Point","coordinates":[74.68506,20.28281]}},{"type":"Feature","properties":{"i":0.09},"geometry":{"type":"Point","coordinates":[74.729,20.28281]}},{"type":"Feature","properties":{"i":0.25},"geometry":{"type":"Point","coordinates":[73.49854,20.24158]}},{"type":"Feature","properties":{"i":0.07},"geometry":{"type":"Point","coordinates":[73.54248,20.24158]}},{"type":"Feature","properties":{"i":0.09},"geometry":{"type":"Point","coordinates":[73.58643,20.24158]}},{"type":"Feature","properties":{"i":0.22},"geometry":{"type":"Point","coordinates":[73.63037,20.24158]}},{"type":"Feature","properties":{"i":0.18},"geometry":{"type":"Point","coordinates":[73.67432,20.24158]}},{"type":"Feature","properties":{"i":0.08},"geometry":{"type":"Point","coordinates":[73.76221,20.24158]}},{"type":"Feature","properties":{"i":0.37},"geometry":{"type":"Point","coordinates":[73.80615,20.24158]}},{"type":"Feature","properties":{"i":0.51},"geometry":{"type":"Point","coordinates":[73.8501,20.24158]}},{"type":"Feature","properties":{"i":0.18},"geometry":{"type":"Point","coordinates":[73.89404,20.24158]}},{"type":"Feature","properties":{"i":0.42},"geometry":{"type":"Point","coordinates":[73.93799,20.24158]}},{"type":"Feature","properties":{"i":0.08},"geometry":{"type":"Point","coordinates":[73.98193,20.24158]}},{"type":"Feature","properties":{"i":0.12},"geometry":{"type":"Point","coordinates":[74.02588,20.24158]}},{"type":"Feature","properties":{"i":0.31},"geometry":{"type":"Point","coordinates":[74.06982,20.24158]}},{"type":"Feature","properties":{"i":0.04},"geometry":{"type":"Point","coordinates":[74.11377,20.24158]}},{"type":"Feature","properties":{"i":0.07},"geometry":{"type":"Point","coordinates":[74.15771,20.24158]}},{"type":"Feature","properties":{"i":0.04},"geometry":{"type":"Point","coordinates":[74.20166,20.24158]}},{"type":"Feature","properties":{"i":0.03},"geometry":{"type":"Point","coordinates":[74.24561,20.24158]}},{"type":"Feature","properties":{"i":0.17},"geometry":{"type":"Point","coordinates":[74.28955,20.24158]}},{"type":"Feature","properties":{"i":0.07},"geometry":{"type":"Point","coordinates":[74.3335,20.24158]}},{"type":"Feature","properties":{"i":0.42},"geometry":{"type":"Point","coordinates":[74.37744,20.24158]}},{"type":"Feature","properties":{"i":0.71},"geometry":{"type":"Point","coordinates":[74.42139,20.24158]}},{"type":"Feature","properties":{"i":0.79},"geometry":{"type":"Point","coordinates":[74.46533,20.24158]}},{"type":"Feature","properties":{"i":1},"geometry":{"type":"Point","coordinates":[74.50928,20.24158]}},{"type":"Feature","properties":{"i":0.11},"geometry":{"type":"Point","coordinates":[74.59717,20.24158]}},{"type":"Feature","properties":{"i":0.3},"geometry":{"type":"Point","coordinates":[74.64111,20.24158]}},{"type":"Feature","properties":{"i":0.04},"geometry":{"type":"Point","coordinates":[74.86084,20.24158]}},{"type":"Feature","properties":{"i":0.22},"geometry":{"type":"Point","coordinates":[73.14697,20.20035]}},{"type":"Feature","properties":{"i":0.09},"geometry":{"type":"Point","coordinates":[73.63037,20.20035]}},{"type":"Feature","properties":{"i":0.25},"geometry":{"type":"Point","coordinates":[73.67432,20.20035]}},{"type":"Feature","properties":{"i":0.25},"geometry":{"type":"Point","coordinates":[73.71826,20.20035]}},{"type":"Feature","properties":{"i":0.19},"geometry":{"type":"Point","coordinates":[73.76221,20.20035]}},{"type":"Feature","properties":{"i":0.28},"geometry":{"type":"Point","coordinates":[73.80615,20.20035]}},{"type":"Feature","properties":{"i":0.5},"geometry":{"type":"Point","coordinates":[73.8501,20.20035]}},{"type":"Feature","properties":{"i":0.14},"geometry":{"type":"Point","coordinates":[73.89404,20.20035]}},{"type":"Feature","properties":{"i":0.49},"geometry":{"type":"Point","coordinates":[73.93799,20.20035]}},{"type":"Feature","properties":{"i":0.25},"geometry":{"type":"Point","coordinates":[73.98193,20.20035]}},{"type":"Feature","properties":{"i":0.37},"geometry":{"type":"Point","coordinates":[74.02588,20.20035]}},{"type":"Feature","properties":{"i":0.07},"geometry":{"type":"Point","coordinates":[74.06982,20.20035]}},{"type":"Feature","properties":{"i":0.03},"geometry":{"type":"Point","coordinates":[74.11377,20.20035]}},{"type":"Feature","properties":{"i":0.03},"geometry":{"type":"Point","coordinates":[74.20166,20.20035]}},{"type":"Feature","properties":{"i":0.07},"geometry":{"type":"Point","coordinates":[74.28955,20.20035]}},{"type":"Feature","properties":{"i":0.16},"geometry":{"type":"Point","coordinates":[74.37744,20.20035]}},{"type":"Feature","properties":{"i":0.04},"geometry":{"type":"Point","coordinates":[74.42139,20.20035]}},{"type":"Feature","properties":{"i":0.22},"geometry":{"type":"Point","coordinates":[74.46533,20.20035]}},{"type":"Feature","properties":{"i":0.09},"geometry":{"type":"Point","coordinates":[74.50928,20.20035]}},{"type":"Feature","properties":{"i":0.04},"geometry":{"type":"Point","coordinates":[74.86084,20.20035]}},{"type":"Feature","properties":{"i":0.28},"geometry":{"type":"Point","coordinates":[73.14697,20.1591]}},{"type":"Feature","properties":{"i":0.23},"geometry":{"type":"Point","coordinates":[73.71826,20.1591]}},{"type":"Feature","properties":{"i":0.19},"geometry":{"type":"Point","coordinates":[73.76221,20.1591]}},{"type":"Feature","properties":{"i":0.25},"geometry":{"type":"Point","coordinates":[73.80615,20.1591]}},{"type":"Feature","properties":{"i":0.45},"geometry":{"type":"Point","coordinates":[73.8501,20.1591]}},{"type":"Feature","properties":{"i":0.48},"geometry":{"type":"Point","coordinates":[73.89404,20.1591]}},{"type":"Feature","properties":{"i":0.17},"geometry":{"type":"Point","coordinates":[73.93799,20.1591]}},{"type":"Feature","properties":{"i":0.77},"geometry":{"type":"Point","coordinates":[73.98193,20.1591]}},{"type":"Feature","properties":{"i":0.28},"geometry":{"type":"Point","coordinates":[74.02588,20.1591]}},{"type":"Feature","properties":{"i":0.21},"geometry":{"type":"Point","coordinates":[74.06982,20.1591]}},{"type":"Feature","properties":{"i":0.02},"geometry":{"type":"Point","coordinates":[74.15771,20.1591]}},{"type":"Feature","properties":{"i":0.55},"geometry":{"type":"Point","coordinates":[74.24561,20.1591]}},{"type":"Feature","properties":{"i":0.04},"geometry":{"type":"Point","coordinates":[74.42139,20.1591]}},{"type":"Feature","properties":{"i":0.14},"geometry":{"type":"Point","coordinates":[74.46533,20.1591]}},{"type":"Feature","properties":{"i":0.04},"geometry":{"type":"Point","coordinates":[73.3667,20.11784]}},{"type":"Feature","properties":{"i":0.29},"geometry":{"type":"Point","coordinates":[73.45459,20.11784]}},{"type":"Feature","properties":{"i":0.11},"geometry":{"type":"Point","coordinates":[73.71826,20.11784]}},{"type":"Feature","properties":{"i":0.33},"geometry":{"type":"Point","coordinates":[73.76221,20.11784]}},{"type":"Feature","properties":{"i":0.41},"geometry":{"type":"Point","coordinates":[73.80615,20.11784]}},{"type":"Feature","properties":{"i":0.13},"geometry":{"type":"Point","coordinates":[73.8501,20.11784]}},{"type":"Feature","properties":{"i":0.82},"geometry":{"type":"Point","coordinates":[73.89404,20.11784]}},{"type":"Feature","properties":{"i":0.64},"geometry":{"type":"Point","coordinates":[73.93799,20.11784]}},{"type":"Feature","properties":{"i":0.33},"geometry":{"type":"Point","coordinates":[73.98193,20.11784]}},{"type":"Feature","properties":{"i":0.39},"geometry":{"type":"Point","coordinates":[74.11377,20.11784]}},{"type":"Feature","properties":{"i":0.09},"geometry":{"type":"Point","coordinates":[74.15771,20.11784]}},{"type":"Feature","properties":{"i":0.36},"geometry":{"type":"Point","coordinates":[74.24561,20.11784]}},{"type":"Feature","properties":{"i":0.07},"geometry":{"type":"Point","coordinates":[74.28955,20.11784]}},{"type":"Feature","properties":{"i":0.08},"geometry":{"type":"Point","coordinates":[74.37744,20.11784]}},{"type":"Feature","properties":{"i":0.27},"geometry":{"type":"Point","coordinates":[74.42139,20.11784]}},{"type":"Feature","properties":{"i":0.14},"geometry":{"type":"Point","coordinates":[74.46533,20.11784]}},{"type":"Feature","properties":{"i":0.04},"geometry":{"type":"Point","coordinates":[74.64111,20.11784]}},{"type":"Feature","properties":{"i":0.09},"geometry":{"type":"Point","coordinates":[73.63037,20.07657]}},{"type":"Feature","properties":{"i":0.08},"geometry":{"type":"Point","coordinates":[73.67432,20.07657]}},{"type":"Feature","properties":{"i":0.04},"geometry":{"type":"Point","coordinates":[73.71826,20.07657]}},{"type":"Feature","properties":{"i":0.52},"geometry":{"type":"Point","coordinates":[73.76221,20.07657]}},{"type":"Feature","properties":{"i":0.59},"geometry":{"type":"Point","coordinates":[73.80615,20.07657]}},{"type":"Feature","properties":{"i":0.09},"geometry":{"type":"Point","coordinates":[73.8501,20.07657]}},{"type":"Feature","properties":{"i":0.7},"geometry":{"type":"Point","coordinates":[73.89404,20.07657]}},{"type":"Feature","properties":{"i":0.84},"geometry":{"type":"Point","coordinates":[73.93799,20.07657]}},{"type":"Feature","properties":{"i":0.16},"geometry":{"type":"Point","coordinates":[73.98193,20.07657]}},{"type":"Feature","properties":{"i":0.47},"geometry":{"type":"Point","coordinates":[74.02588,20.07657]}},{"type":"Feature","properties":{"i":0.27},"geometry":{"type":"Point","coordinates":[74.06982,20.07657]}},{"type":"Feature","properties":{"i":0.1},"geometry":{"type":"Point","coordinates":[74.11377,20.07657]}},{"type":"Feature","properties":{"i":0.17},"geometry":{"type":"Point","coordinates":[74.15771,20.07657]}},{"type":"Feature","properties":{"i":0.21},"geometry":{"type":"Point","coordinates":[74.20166,20.07657]}},{"type":"Feature","properties":{"i":0.39},"geometry":{"type":"Point","coordinates":[74.24561,20.07657]}},{"type":"Feature","properties":{"i":0.17},"geometry":{"type":"Point","coordinates":[74.28955,20.07657]}},{"type":"Feature","properties":{"i":0.48},"geometry":{"type":"Point","coordinates":[74.46533,20.07657]}},{"type":"Feature","properties":{"i":0.1},"geometry":{"type":"Point","coordinates":[74.50928,20.07657]}},{"type":"Feature","properties":{"i":0.18},"geometry":{"type":"Point","coordinates":[74.55322,20.07657]}},{"type":"Feature","properties":{"i":0.02},"geometry":{"type":"Point","coordinates":[74.729,20.07657]}},{"type":"Feature","properties":{"i":0.21},"geometry":{"type":"Point","coordinates":[74.86084,20.07657]}},{"type":"Feature","properties":{"i":0.09},"geometry":{"type":"Point","coordinates":[73.63037,20.03529]}},{"type":"Feature","properties":{"i":0.14},"geometry":{"type":"Point","coordinates":[73.67432,20.03529]}},{"type":"Feature","properties":{"i":0.59},"geometry":{"type":"Point","coordinates":[73.71826,20.03529]}},{"type":"Feature","properties":{"i":0.81},"geometry":{"type":"Point","coordinates":[73.76221,20.03529]}},{"type":"Feature","properties":{"i":0.89},"geometry":{"type":"Point","coordinates":[73.80615,20.03529]}},{"type":"Feature","properties":{"i":0.93},"geometry":{"type":"Point","coordinates":[73.8501,20.03529]}},{"type":"Feature","properties":{"i":0.51},"geometry":{"type":"Point","coordinates":[73.89404,20.03529]}},{"type":"Feature","properties":{"i":0.15},"geometry":{"type":"Point","coordinates":[73.93799,20.03529]}},{"type":"Feature","properties":{"i":0.24},"geometry":{"type":"Point","coordinates":[73.98193,20.03529]}},{"type":"Feature","properties":{"i":0.3},"geometry":{"type":"Point","coordinates":[74.02588,20.03529]}},{"type":"Feature","properties":{"i":0.04},"geometry":{"type":"Point","coordinates":[74.11377,20.03529]}},{"type":"Feature","properties":{"i":0.1},"geometry":{"type":"Point","coordinates":[74.15771,20.03529]}},{"type":"Feature","properties":{"i":0.02},"geometry":{"type":"Point","coordinates":[74.20166,20.03529]}},{"type":"Feature","properties":{"i":0.02},"geometry":{"type":"Point","coordinates":[74.24561,20.03529]}},{"type":"Feature","properties":{"i":0.1},"geometry":{"type":"Point","coordinates":[74.28955,20.03529]}},{"type":"Feature","properties":{"i":0.03},"geometry":{"type":"Point","coordinates":[74.3335,20.03529]}},{"type":"Feature","properties":{"i":0.11},"geometry":{"type":"Point","coordinates":[74.37744,20.03529]}},{"type":"Feature","properties":{"i":0.19},"geometry":{"type":"Point","coordinates":[74.42139,20.03529]}},{"type":"Feature","properties":{"i":0.35},"geometry":{"type":"Point","coordinates":[74.46533,20.03529]}},{"type":"Feature","properties":{"i":0.69},"geometry":{"type":"Point","coordinates":[74.50928,20.03529]}},{"type":"Feature","properties":{"i":0.03},"geometry":{"type":"Point","coordinates":[74.59717,20.03529]}},{"type":"Feature","properties":{"i":0.07},"geometry":{"type":"Point","coordinates":[74.68506,20.03529]}},{"type":"Feature","properties":{"i":0.29},"geometry":{"type":"Point","coordinates":[74.81689,20.03529]}},{"type":"Feature","properties":{"i":0.09},"geometry":{"type":"Point","coordinates":[73.58643,19.994]}},{"type":"Feature","properties":{"i":0.61},"geometry":{"type":"Point","coordinates":[73.67432,19.994]}},{"type":"Feature","properties":{"i":1},"geometry":{"type":"Point","coordinates":[73.71826,19.994]}},{"type":"Feature","properties":{"i":1},"geometry":{"type":"Point","coordinates":[73.76221,19.994]}},{"type":"Feature","properties":{"i":1},"geometry":{"type":"Point","coordinates":[73.80615,19.994]}},{"type":"Feature","properties":{"i":0.94},"geometry":{"type":"Point","coordinates":[73.8501,19.994]}},{"type":"Feature","properties":{"i":0.57},"geometry":{"type":"Point","coordinates":[73.89404,19.994]}},{"type":"Feature","properties":{"i":0.35},"geometry":{"type":"Point","coordinates":[73.93799,19.994]}},{"type":"Feature","properties":{"i":0.19},"geometry":{"type":"Point","coordinates":[73.98193,19.994]}},{"type":"Feature","properties":{"i":0.12},"geometry":{"type":"Point","coordinates":[74.02588,19.994]}},{"type":"Feature","properties":{"i":0.21},"geometry":{"type":"Point","coordinates":[74.06982,19.994]}},{"type":"Feature","properties":{"i":0.19},"geometry":{"type":"Point","coordinates":[74.11377,19.994]}},{"type":"Feature","properties":{"i":0.22},"geometry":{"type":"Point","coordinates":[74.15771,19.994]}},{"type":"Feature","properties":{"i":0.03},"geometry":{"type":"Point","coordinates":[74.20166,19.994]}},{"type":"Feature","properties":{"i":0.24},"geometry":{"type":"Point","coordinates":[74.3335,19.994]}},{"type":"Feature","properties":{"i":0.11},"geometry":{"type":"Point","coordinates":[74.46533,19.994]}},{"type":"Feature","properties":{"i":0.13},"geometry":{"type":"Point","coordinates":[74.50928,19.994]}},{"type":"Feature","properties":{"i":0.29},"geometry":{"type":"Point","coordinates":[74.55322,19.994]}},{"type":"Feature","properties":{"i":0.39},"geometry":{"type":"Point","coordinates":[74.59717,19.994]}},{"type":"Feature","properties":{"i":0.12},"geometry":{"type":"Point","coordinates":[74.68506,19.994]}},{"type":"Feature","properties":{"i":0.09},"geometry":{"type":"Point","coordinates":[74.729,19.994]}},{"type":"Feature","properties":{"i":0.14},"geometry":{"type":"Point","coordinates":[74.77295,19.994]}},{"type":"Feature","properties":{"i":0.31},"geometry":{"type":"Point","coordinates":[74.81689,19.994]}},{"type":"Feature","properties":{"i":0.08},"geometry":{"type":"Point","coordinates":[73.32275,19.9527]}},{"type":"Feature","properties":{"i":0.27},"geometry":{"type":"Point","coordinates":[73.49854,19.9527]}},{"type":"Feature","properties":{"i":0.26},"geometry":{"type":"Point","coordinates":[73.54248,19.9527]}},{"type":"Feature","properties":{"i":0.36},"geometry":{"type":"Point","coordinates":[73.58643,19.9527]}},{"type":"Feature","properties":{"i":0.48},"geometry":{"type":"Point","coordinates":[73.63037,19.9527]}},{"type":"Feature","properties":{"i":0.82},"geometry":{"type":"Point","coordinates":[73.67432,19.9527]}},{"type":"Feature","properties":{"i":1},"geometry":{"type":"Point","coordinates":[73.71826,19.9527]}},{"type":"Feature","properties":{"i":1},"geometry":{"type":"Point","coordinates":[73.76221,19.9527]}},{"type":"Feature","properties":{"i":0.87},"geometry":{"type":"Point","coordinates":[73.80615,19.9527]}},{"type":"Feature","properties":{"i":0.9},"geometry":{"type":"Point","coordinates":[73.8501,19.9527]}},{"type":"Feature","properties":{"i":0.49},"geometry":{"type":"Point","coordinates":[73.89404,19.9527]}},{"type":"Feature","properties":{"i":0.22},"geometry":{"type":"Point","coordinates":[73.93799,19.9527]}},{"type":"Feature","properties":{"i":0.19},"geometry":{"type":"Point","coordinates":[73.98193,19.9527]}},{"type":"Feature","properties":{"i":0.19},"geometry":{"type":"Point","coordinates":[74.02588,19.9527]}},{"type":"Feature","properties":{"i":0.1},"geometry":{"type":"Point","coordinates":[74.06982,19.9527]}},{"type":"Feature","properties":{"i":0.17},"geometry":{"type":"Point","coordinates":[74.11377,19.9527]}},{"type":"Feature","properties":{"i":0.04},"geometry":{"type":"Point","coordinates":[74.15771,19.9527]}},{"type":"Feature","properties":{"i":0.48},"geometry":{"type":"Point","coordinates":[74.20166,19.9527]}},{"type":"Feature","properties":{"i":0.48},"geometry":{"type":"Point","coordinates":[74.24561,19.9527]}},{"type":"Feature","properties":{"i":0.04},"geometry":{"type":"Point","coordinates":[74.28955,19.9527]}},{"type":"Feature","properties":{"i":0.19},"geometry":{"type":"Point","coordinates":[74.3335,19.9527]}},{"type":"Feature","properties":{"i":0.14},"geometry":{"type":"Point","coordinates":[74.42139,19.9527]}},{"type":"Feature","properties":{"i":0.07},"geometry":{"type":"Point","coordinates":[74.46533,19.9527]}},{"type":"Feature","properties":{"i":0.28},"geometry":{"type":"Point","coordinates":[74.50928,19.9527]}},{"type":"Feature","properties":{"i":0.14},"geometry":{"type":"Point","coordinates":[74.55322,19.9527]}},{"type":"Feature","properties":{"i":0.03},"geometry":{"type":"Point","coordinates":[74.59717,19.9527]}},{"type":"Feature","properties":{"i":0.21},"geometry":{"type":"Point","coordinates":[74.64111,19.9527]}},{"type":"Feature","properties":{"i":0.28},"geometry":{"type":"Point","coordinates":[74.68506,19.9527]}},{"type":"Feature","properties":{"i":0.19},"geometry":{"type":"Point","coordinates":[74.729,19.9527]}},{"type":"Feature","properties":{"i":0.16},"geometry":{"type":"Point","coordinates":[74.77295,19.9527]}},{"type":"Feature","properties":{"i":0.1},"geometry":{"type":"Point","coordinates":[74.81689,19.9527]}},{"type":"Feature","properties":{"i":0.17},"geometry":{"type":"Point","coordinates":[74.86084,19.9527]}},{"type":"Feature","properties":{"i":0.08},"geometry":{"type":"Point","coordinates":[73.23486,19.91138]}},{"type":"Feature","properties":{"i":0.17},"geometry":{"type":"Point","coordinates":[73.3667,19.91138]}},{"type":"Feature","properties":{"i":0.54},"geometry":{"type":"Point","coordinates":[73.54248,19.91138]}},{"type":"Feature","properties":{"i":0.28},"geometry":{"type":"Point","coordinates":[73.58643,19.91138]}},{"type":"Feature","properties":{"i":0.28},"geometry":{"type":"Point","coordinates":[73.63037,19.91138]}},{"type":"Feature","properties":{"i":0.13},"geometry":{"type":"Point","coordinates":[73.67432,19.91138]}},{"type":"Feature","properties":{"i":1},"geometry":{"type":"Point","coordinates":[73.71826,19.91138]}},{"type":"Feature","properties":{"i":0.61},"geometry":{"type":"Point","coordinates":[73.76221,19.91138]}},{"type":"Feature","properties":{"i":0.64},"geometry":{"type":"Point","coordinates":[73.80615,19.91138]}},{"type":"Feature","properties":{"i":0.85},"geometry":{"type":"Point","coordinates":[73.8501,19.91138]}},{"type":"Feature","properties":{"i":0.43},"geometry":{"type":"Point","coordinates":[73.89404,19.91138]}},{"type":"Feature","properties":{"i":0.37},"geometry":{"type":"Point","coordinates":[73.93799,19.91138]}},{"type":"Feature","properties":{"i":0.25},"geometry":{"type":"Point","coordinates":[73.98193,19.91138]}},{"type":"Feature","properties":{"i":0.29},"geometry":{"type":"Point","coordinates":[74.02588,19.91138]}},{"type":"Feature","properties":{"i":0.04},"geometry":{"type":"Point","coordinates":[74.06982,19.91138]}},{"type":"Feature","properties":{"i":0.25},"geometry":{"type":"Point","coordinates":[74.15771,19.91138]}},{"type":"Feature","properties":{"i":0.1},"geometry":{"type":"Point","coordinates":[74.20166,19.91138]}},{"type":"Feature","properties":{"i":0.09},"geometry":{"type":"Point","coordinates":[74.24561,19.91138]}},{"type":"Feature","properties":{"i":0.09},"geometry":{"type":"Point","coordinates":[74.28955,19.91138]}},{"type":"Feature","properties":{"i":0.24},"geometry":{"type":"Point","coordinates":[74.3335,19.91138]}},{"type":"Feature","properties":{"i":0.71},"geometry":{"type":"Point","coordinates":[74.37744,19.91138]}},{"type":"Feature","properties":{"i":0.04},"geometry":{"type":"Point","coordinates":[74.42139,19.91138]}},{"type":"Feature","properties":{"i":0.63},"geometry":{"type":"Point","coordinates":[74.46533,19.91138]}},{"type":"Feature","properties":{"i":0.62},"geometry":{"type":"Point","coordinates":[74.50928,19.91138]}},{"type":"Feature","properties":{"i":0.27},"geometry":{"type":"Point","coordinates":[74.55322,19.91138]}},{"type":"Feature","properties":{"i":0.13},"geometry":{"type":"Point","coordinates":[74.59717,19.91138]}},{"type":"Feature","properties":{"i":0.07},"geometry":{"type":"Point","coordinates":[74.64111,19.91138]}},{"type":"Feature","properties":{"i":0.74},"geometry":{"type":"Point","coordinates":[74.729,19.91138]}},{"type":"Feature","properties":{"i":0.34},"geometry":{"type":"Point","coordinates":[74.77295,19.91138]}},{"type":"Feature","properties":{"i":0.39},"geometry":{"type":"Point","coordinates":[74.81689,19.91138]}},{"type":"Feature","properties":{"i":0.13},"geometry":{"type":"Point","coordinates":[73.63037,19.87006]}},{"type":"Feature","properties":{"i":0.6},"geometry":{"type":"Point","coordinates":[73.67432,19.87006]}},{"type":"Feature","properties":{"i":0.09},"geometry":{"type":"Point","coordinates":[73.71826,19.87006]}},{"type":"Feature","properties":{"i":0.56},"geometry":{"type":"Point","coordinates":[73.80615,19.87006]}},{"type":"Feature","properties":{"i":0.67},"geometry":{"type":"Point","coordinates":[73.8501,19.87006]}},{"type":"Feature","properties":{"i":0.17},"geometry":{"type":"Point","coordinates":[73.89404,19.87006]}},{"type":"Feature","properties":{"i":0.37},"geometry":{"type":"Point","coordinates":[73.93799,19.87006]}},{"type":"Feature","properties":{"i":1},"geometry":{"type":"Point","coordinates":[73.98193,19.87006]}},{"type":"Feature","properties":{"i":0.26},"geometry":{"type":"Point","coordinates":[74.02588,19.87006]}},{"type":"Feature","properties":{"i":0.19},"geometry":{"type":"Point","coordinates":[74.06982,19.87006]}},{"type":"Feature","properties":{"i":0.12},"geometry":{"type":"Point","coordinates":[74.11377,19.87006]}},{"type":"Feature","properties":{"i":0.22},"geometry":{"type":"Point","coordinates":[74.15771,19.87006]}},{"type":"Feature","properties":{"i":0.04},"geometry":{"type":"Point","coordinates":[74.24561,19.87006]}},{"type":"Feature","properties":{"i":0.16},"geometry":{"type":"Point","coordinates":[74.28955,19.87006]}},{"type":"Feature","properties":{"i":0.3},"geometry":{"type":"Point","coordinates":[74.3335,19.87006]}},{"type":"Feature","properties":{"i":0.47},"geometry":{"type":"Point","coordinates":[74.37744,19.87006]}},{"type":"Feature","properties":{"i":0.14},"geometry":{"type":"Point","coordinates":[74.42139,19.87006]}},{"type":"Feature","properties":{"i":0.61},"geometry":{"type":"Point","coordinates":[74.46533,19.87006]}},{"type":"Feature","properties":{"i":0.56},"geometry":{"type":"Point","coordinates":[74.50928,19.87006]}},{"type":"Feature","properties":{"i":0.1},"geometry":{"type":"Point","coordinates":[74.55322,19.87006]}},{"type":"Feature","properties":{"i":0.02},"geometry":{"type":"Point","coordinates":[74.59717,19.87006]}},{"type":"Feature","properties":{"i":0.03},"geometry":{"type":"Point","coordinates":[74.64111,19.87006]}},{"type":"Feature","properties":{"i":0.18},"geometry":{"type":"Point","coordinates":[74.68506,19.87006]}},{"type":"Feature","properties":{"i":0.02},"geometry":{"type":"Point","coordinates":[74.729,19.87006]}},{"type":"Feature","properties":{"i":0.67},"geometry":{"type":"Point","coordinates":[74.77295,19.87006]}},{"type":"Feature","properties":{"i":0.09},"geometry":{"type":"Point","coordinates":[74.81689,19.87006]}},{"type":"Feature","properties":{"i":0.08},"geometry":{"type":"Point","coordinates":[74.86084,19.87006]}},{"type":"Feature","properties":{"i":0.12},"geometry":{"type":"Point","coordinates":[73.63037,19.82873]}},{"type":"Feature","properties":{"i":0.76},"geometry":{"type":"Point","coordinates":[73.67432,19.82873]}},{"type":"Feature","properties":{"i":0.68},"geometry":{"type":"Point","coordinates":[73.71826,19.82873]}},{"type":"Feature","properties":{"i":0.13},"geometry":{"type":"Point","coordinates":[73.76221,19.82873]}},{"type":"Feature","properties":{"i":0.36},"geometry":{"type":"Point","coordinates":[73.80615,19.82873]}},{"type":"Feature","properties":{"i":0.27},"geometry":{"type":"Point","coordinates":[73.8501,19.82873]}},{"type":"Feature","properties":{"i":0.09},"geometry":{"type":"Point","coordinates":[73.89404,19.82873]}},{"type":"Feature","properties":{"i":0.18},"geometry":{"type":"Point","coordinates":[73.93799,19.82873]}},{"type":"Feature","properties":{"i":0.88},"geometry":{"type":"Point","coordinates":[73.98193,19.82873]}},{"type":"Feature","properties":{"i":0.83},"geometry":{"type":"Point","coordinates":[74.02588,19.82873]}},{"type":"Feature","properties":{"i":0.51},"geometry":{"type":"Point","coordinates":[74.06982,19.82873]}},{"type":"Feature","properties":{"i":0.53},"geometry":{"type":"Point","coordinates":[74.11377,19.82873]}},{"type":"Feature","properties":{"i":0.46},"geometry":{"type":"Point","coordinates":[74.20166,19.82873]}},{"type":"Feature","properties":{"i":0.13},"geometry":{"type":"Point","coordinates":[74.3335,19.82873]}},{"type":"Feature","properties":{"i":0.25},"geometry":{"type":"Point","coordinates":[74.37744,19.82873]}},{"type":"Feature","properties":{"i":0.46},"geometry":{"type":"Point","coordinates":[74.42139,19.82873]}},{"type":"Feature","properties":{"i":0.87},"geometry":{"type":"Point","coordinates":[74.46533,19.82873]}},{"type":"Feature","properties":{"i":0.36},"geometry":{"type":"Point","coordinates":[74.50928,19.82873]}},{"type":"Feature","properties":{"i":0.56},"geometry":{"type":"Point","coordinates":[74.55322,19.82873]}},{"type":"Feature","properties":{"i":0.02},"geometry":{"type":"Point","coordinates":[74.68506,19.82873]}},{"type":"Feature","properties":{"i":0.13},"geometry":{"type":"Point","coordinates":[74.77295,19.82873]}},{"type":"Feature","properties":{"i":0.02},"geometry":{"type":"Point","coordinates":[74.81689,19.82873]}},{"type":"Feature","properties":{"i":0.89},"geometry":{"type":"Point","coordinates":[74.86084,19.82873]}},{"type":"Feature","properties":{"i":0.27},"geometry":{"type":"Point","coordinates":[73.63037,19.78738]}},{"type":"Feature","properties":{"i":0.55},"geometry":{"type":"Point","coordinates":[73.67432,19.78738]}},{"type":"Feature","properties":{"i":0.28},"geometry":{"type":"Point","coordinates":[73.71826,19.78738]}},{"type":"Feature","properties":{"i":0.28},"geometry":{"type":"Point","coordinates":[73.76221,19.78738]}},{"type":"Feature","properties":{"i":0.35},"geometry":{"type":"Point","coordinates":[73.80615,19.78738]}},{"type":"Feature","properties":{"i":0.02},"geometry":{"type":"Point","coordinates":[73.8501,19.78738]}},{"type":"Feature","properties":{"i":0.19},"geometry":{"type":"Point","coordinates":[73.89404,19.78738]}},{"type":"Feature","properties":{"i":0.31},"geometry":{"type":"Point","coordinates":[73.93799,19.78738]}},{"type":"Feature","properties":{"i":0.31},"geometry":{"type":"Point","coordinates":[73.98193,19.78738]}},{"type":"Feature","properties":{"i":0.55},"geometry":{"type":"Point","coordinates":[74.02588,19.78738]}},{"type":"Feature","properties":{"i":0.69},"geometry":{"type":"Point","coordinates":[74.06982,19.78738]}},{"type":"Feature","properties":{"i":0.36},"geometry":{"type":"Point","coordinates":[74.11377,19.78738]}},{"type":"Feature","properties":{"i":0.23},"geometry":{"type":"Point","coordinates":[74.15771,19.78738]}},{"type":"Feature","properties":{"i":0.1},"geometry":{"type":"Point","coordinates":[74.28955,19.78738]}},{"type":"Feature","properties":{"i":0.1},"geometry":{"type":"Point","coordinates":[74.3335,19.78738]}},{"type":"Feature","properties":{"i":0.1},"geometry":{"type":"Point","coordinates":[74.37744,19.78738]}},{"type":"Feature","properties":{"i":0.08},"geometry":{"type":"Point","coordinates":[74.42139,19.78738]}},{"type":"Feature","properties":{"i":0.88},"geometry":{"type":"Point","coordinates":[74.46533,19.78738]}},{"type":"Feature","properties":{"i":0.37},"geometry":{"type":"Point","coordinates":[74.50928,19.78738]}},{"type":"Feature","properties":{"i":0.12},"geometry":{"type":"Point","coordinates":[74.55322,19.78738]}},{"type":"Feature","properties":{"i":0.03},"geometry":{"type":"Point","coordinates":[74.59717,19.78738]}},{"type":"Feature","properties":{"i":0.11},"geometry":{"type":"Point","coordinates":[74.64111,19.78738]}},{"type":"Feature","properties":{"i":0.11},"geometry":{"type":"Point","coordinates":[74.68506,19.78738]}},{"type":"Feature","properties":{"i":0.25},"geometry":{"type":"Point","coordinates":[74.81689,19.78738]}},{"type":"Feature","properties":{"i":0.33},"geometry":{"type":"Point","coordinates":[74.86084,19.78738]}},{"type":"Feature","properties":{"i":0.19},"geometry":{"type":"Point","coordinates":[73.58643,19.74602]}},{"type":"Feature","properties":{"i":0.36},"geometry":{"type":"Point","coordinates":[73.63037,19.74602]}},{"type":"Feature","properties":{"i":0.37},"geometry":{"type":"Point","coordinates":[73.67432,19.74602]}},{"type":"Feature","properties":{"i":0.22},"geometry":{"type":"Point","coordinates":[73.71826,19.74602]}},{"type":"Feature","properties":{"i":0.83},"geometry":{"type":"Point","coordinates":[73.76221,19.74602]}},{"type":"Feature","properties":{"i":0.33},"geometry":{"type":"Point","coordinates":[73.80615,19.74602]}},{"type":"Feature","properties":{"i":0.18},"geometry":{"type":"Point","coordinates":[73.93799,19.74602]}},{"type":"Feature","properties":{"i":0.22},"geometry":{"type":"Point","coordinates":[73.98193,19.74602]}},{"type":"Feature","properties":{"i":0.1},"geometry":{"type":"Point","coordinates":[74.02588,19.74602]}},{"type":"Feature","properties":{"i":0.29},"geometry":{"type":"Point","coordinates":[74.06982,19.74602]}},{"type":"Feature","properties":{"i":0.52},"geometry":{"type":"Point","coordinates":[74.11377,19.74602]}},{"type":"Feature","properties":{"i":0.14},"geometry":{"type":"Point","coordinates":[74.15771,19.74602]}},{"type":"Feature","properties":{"i":0.25},"geometry":{"type":"Point","coordinates":[74.20166,19.74602]}},{"type":"Feature","properties":{"i":0.02},"geometry":{"type":"Point","coordinates":[74.24561,19.74602]}},{"type":"Feature","properties":{"i":0.05},"geometry":{"type":"Point","coordinates":[74.28955,19.74602]}},{"type":"Feature","properties":{"i":0.02},"geometry":{"type":"Point","coordinates":[74.3335,19.74602]}},{"type":"Feature","properties":{"i":0.12},"geometry":{"type":"Point","coordinates":[74.37744,19.74602]}},{"type":"Feature","properties":{"i":0.32},"geometry":{"type":"Point","coordinates":[74.42139,19.74602]}},{"type":"Feature","properties":{"i":1},"geometry":{"type":"Point","coordinates":[74.46533,19.74602]}},{"type":"Feature","properties":{"i":0.76},"geometry":{"type":"Point","coordinates":[74.50928,19.74602]}},{"type":"Feature","properties":{"i":0.27},"geometry":{"type":"Point","coordinates":[74.55322,19.74602]}},{"type":"Feature","properties":{"i":0.46},"geometry":{"type":"Point","coordinates":[74.64111,19.74602]}},{"type":"Feature","properties":{"i":0.07},"geometry":{"type":"Point","coordinates":[74.68506,19.74602]}},{"type":"Feature","properties":{"i":0.19},"geometry":{"type":"Point","coordinates":[74.729,19.74602]}},{"type":"Feature","properties":{"i":0.04},"geometry":{"type":"Point","coordinates":[74.77295,19.74602]}},{"type":"Feature","properties":{"i":0.07},"geometry":{"type":"Point","coordinates":[74.86084,19.74602]}},{"type":"Feature","properties":{"i":0.33},"geometry":{"type":"Point","coordinates":[73.49854,19.70466]}},{"type":"Feature","properties":{"i":0.44},"geometry":{"type":"Point","coordinates":[73.54248,19.70466]}},{"type":"Feature","properties":{"i":0.4},"geometry":{"type":"Point","coordinates":[73.58643,19.70466]}},{"type":"Feature","properties":{"i":0.71},"geometry":{"type":"Point","coordinates":[73.63037,19.70466]}},{"type":"Feature","properties":{"i":0.47},"geometry":{"type":"Point","coordinates":[73.67432,19.70466]}},{"type":"Feature","properties":{"i":0.34},"geometry":{"type":"Point","coordinates":[73.71826,19.70466]}},{"type":"Feature","properties":{"i":0.31},"geometry":{"type":"Point","coordinates":[73.76221,19.70466]}},{"type":"Feature","properties":{"i":0.22},"geometry":{"type":"Point","coordinates":[73.80615,19.70466]}},{"type":"Feature","properties":{"i":0.18},"geometry":{"type":"Point","coordinates":[73.93799,19.70466]}},{"type":"Feature","properties":{"i":0.14},"geometry":{"type":"Point","coordinates":[73.98193,19.70466]}},{"type":"Feature","properties":{"i":0.05},"geometry":{"type":"Point","coordinates":[74.06982,19.70466]}},{"type":"Feature","properties":{"i":0.27},"geometry":{"type":"Point","coordinates":[74.11377,19.70466]}},{"type":"Feature","properties":{"i":0.22},"geometry":{"type":"Point","coordinates":[74.15771,19.70466]}},{"type":"Feature","properties":{"i":0.21},"geometry":{"type":"Point","coordinates":[74.20166,19.70466]}},{"type":"Feature","properties":{"i":0.15},"geometry":{"type":"Point","coordinates":[74.24561,19.70466]}},{"type":"Feature","properties":{"i":0.14},"geometry":{"type":"Point","coordinates":[74.28955,19.70466]}},{"type":"Feature","properties":{"i":0.16},"geometry":{"type":"Point","coordinates":[74.3335,19.70466]}},{"type":"Feature","properties":{"i":0.15},"geometry":{"type":"Point","coordinates":[74.37744,19.70466]}},{"type":"Feature","properties":{"i":0.47},"geometry":{"type":"Point","coordinates":[74.42139,19.70466]}},{"type":"Feature","properties":{"i":0.62},"geometry":{"type":"Point","coordinates":[74.46533,19.70466]}},{"type":"Feature","properties":{"i":0.78},"geometry":{"type":"Point","coordinates":[74.50928,19.70466]}},{"type":"Feature","properties":{"i":0.22},"geometry":{"type":"Point","coordinates":[74.55322,19.70466]}},{"type":"Feature","properties":{"i":0.23},"geometry":{"type":"Point","coordinates":[74.59717,19.70466]}},{"type":"Feature","properties":{"i":0.27},"geometry":{"type":"Point","coordinates":[74.64111,19.70466]}},{"type":"Feature","properties":{"i":0.11},"geometry":{"type":"Point","coordinates":[74.729,19.70466]}},{"type":"Feature","properties":{"i":0.03},"geometry":{"type":"Point","coordinates":[74.77295,19.70466]}},{"type":"Feature","properties":{"i":0.05},"geometry":{"type":"Point","coordinates":[74.86084,19.70466]}},{"type":"Feature","properties":{"i":0.42},"geometry":{"type":"Point","coordinates":[73.14697,19.66328]}},{"type":"Feature","properties":{"i":0.24},"geometry":{"type":"Point","coordinates":[73.19092,19.66328]}},{"type":"Feature","properties":{"i":0.13},"geometry":{"type":"Point","coordinates":[73.41064,19.66328]}},{"type":"Feature","properties":{"i":0.05},"geometry":{"type":"Point","coordinates":[73.45459,19.66328]}},{"type":"Feature","properties":{"i":0.43},"geometry":{"type":"Point","coordinates":[73.49854,19.66328]}},{"type":"Feature","properties":{"i":0.61},"geometry":{"type":"Point","coordinates":[73.54248,19.66328]}},{"type":"Feature","properties":{"i":0.83},"geometry":{"type":"Point","coordinates":[73.58643,19.66328]}},{"type":"Feature","properties":{"i":0.32},"geometry":{"type":"Point","coordinates":[73.63037,19.66328]}},{"type":"Feature","properties":{"i":0.12},"geometry":{"type":"Point","coordinates":[73.67432,19.66328]}},{"type":"Feature","properties":{"i":0.21},"geometry":{"type":"Point","coordinates":[73.71826,19.66328]}},{"type":"Feature","properties":{"i":0.09},"geometry":{"type":"Point","coordinates":[73.76221,19.66328]}},{"type":"Feature","properties":{"i":0.11},"geometry":{"type":"Point","coordinates":[73.80615,19.66328]}},{"type":"Feature","properties":{"i":0.18},"geometry":{"type":"Point","coordinates":[73.8501,19.66328]}},{"type":"Feature","properties":{"i":0.02},"geometry":{"type":"Point","coordinates":[74.02588,19.66328]}},{"type":"Feature","properties":{"i":0.12},"geometry":{"type":"Point","coordinates":[74.06982,19.66328]}},{"type":"Feature","properties":{"i":0.25},"geometry":{"type":"Point","coordinates":[74.11377,19.66328]}},{"type":"Feature","properties":{"i":0.41},"geometry":{"type":"Point","coordinates":[74.15771,19.66328]}},{"type":"Feature","properties":{"i":0.14},"geometry":{"type":"Point","coordinates":[74.24561,19.66328]}},{"type":"Feature","properties":{"i":0.32},"geometry":{"type":"Point","coordinates":[74.28955,19.66328]}},{"type":"Feature","properties":{"i":0.14},"geometry":{"type":"Point","coordinates":[74.3335,19.66328]}},{"type":"Feature","properties":{"i":0.19},"geometry":{"type":"Point","coordinates":[74.37744,19.66328]}},{"type":"Feature","properties":{"i":0.22},"geometry":{"type":"Point","coordinates":[74.42139,19.66328]}},{"type":"Feature","properties":{"i":0.09},"geometry":{"type":"Point","coordinates":[74.46533,19.66328]}},{"type":"Feature","properties":{"i":0.34},"geometry":{"type":"Point","coordinates":[74.50928,19.66328]}},{"type":"Feature","properties":{"i":0.19},"geometry":{"type":"Point","coordinates":[74.55322,19.66328]}},{"type":"Feature","properties":{"i":0.11},"geometry":{"type":"Point","coordinates":[74.59717,19.66328]}},{"type":"Feature","properties":{"i":0.22},"geometry":{"type":"Point","coordinates":[74.64111,19.66328]}},{"type":"Feature","properties":{"i":0.13},"geometry":{"type":"Point","coordinates":[74.68506,19.66328]}},{"type":"Feature","properties":{"i":0.38},"geometry":{"type":"Point","coordinates":[74.729,19.66328]}},{"type":"Feature","properties":{"i":0.04},"geometry":{"type":"Point","coordinates":[74.81689,19.66328]}},{"type":"Feature","properties":{"i":0.19},"geometry":{"type":"Point","coordinates":[73.14697,19.62189]}},{"type":"Feature","properties":{"i":0.27},"geometry":{"type":"Point","coordinates":[73.41064,19.62189]}},{"type":"Feature","properties":{"i":0.59},"geometry":{"type":"Point","coordinates":[73.45459,19.62189]}},{"type":"Feature","properties":{"i":0.38},"geometry":{"type":"Point","coordinates":[73.49854,19.62189]}},{"type":"Feature","properties":{"i":0.14},"geometry":{"type":"Point","coordinates":[73.54248,19.62189]}},{"type":"Feature","properties":{"i":0.21},"geometry":{"type":"Point","coordinates":[73.58643,19.62189]}},{"type":"Feature","properties":{"i":0.11},"geometry":{"type":"Point","coordinates":[73.71826,19.62189]}},{"type":"Feature","properties":{"i":0.09},"geometry":{"type":"Point","coordinates":[73.80615,19.62189]}},{"type":"Feature","properties":{"i":0.1},"geometry":{"type":"Point","coordinates":[73.8501,19.62189]}},{"type":"Feature","properties":{"i":0.14},"geometry":{"type":"Point","coordinates":[73.93799,19.62189]}},{"type":"Feature","properties":{"i":0.64},"geometry":{"type":"Point","coordinates":[73.98193,19.62189]}},{"type":"Feature","properties":{"i":0.05},"geometry":{"type":"Point","coordinates":[74.02588,19.62189]}},{"type":"Feature","properties":{"i":0.05},"geometry":{"type":"Point","coordinates":[74.06982,19.62189]}},{"type":"Feature","properties":{"i":0.33},"geometry":{"type":"Point","coordinates":[74.11377,19.62189]}},{"type":"Feature","properties":{"i":0.56},"geometry":{"type":"Point","coordinates":[74.15771,19.62189]}},{"type":"Feature","properties":{"i":0.76},"geometry":{"type":"Point","coordinates":[74.20166,19.62189]}},{"type":"Feature","properties":{"i":0.32},"geometry":{"type":"Point","coordinates":[74.24561,19.62189]}},{"type":"Feature","properties":{"i":0.1},"geometry":{"type":"Point","coordinates":[74.28955,19.62189]}},{"type":"Feature","properties":{"i":0.17},"geometry":{"type":"Point","coordinates":[74.3335,19.62189]}},{"type":"Feature","properties":{"i":0.14},"geometry":{"type":"Point","coordinates":[74.37744,19.62189]}},{"type":"Feature","properties":{"i":0.15},"geometry":{"type":"Point","coordinates":[74.42139,19.62189]}},{"type":"Feature","properties":{"i":0.08},"geometry":{"type":"Point","coordinates":[74.46533,19.62189]}},{"type":"Feature","properties":{"i":0.19},"geometry":{"type":"Point","coordinates":[74.50928,19.62189]}},{"type":"Feature","properties":{"i":0.17},"geometry":{"type":"Point","coordinates":[74.55322,19.62189]}},{"type":"Feature","properties":{"i":0.39},"geometry":{"type":"Point","coordinates":[74.59717,19.62189]}},{"type":"Feature","properties":{"i":0.97},"geometry":{"type":"Point","coordinates":[74.64111,19.62189]}},{"type":"Feature","properties":{"i":0.92},"geometry":{"type":"Point","coordinates":[74.68506,19.62189]}},{"type":"Feature","properties":{"i":0.15},"geometry":{"type":"Point","coordinates":[74.729,19.62189]}},{"type":"Feature","properties":{"i":0.19},"geometry":{"type":"Point","coordinates":[74.77295,19.62189]}},{"type":"Feature","properties":{"i":0.45},"geometry":{"type":"Point","coordinates":[74.81689,19.62189]}},{"type":"Feature","properties":{"i":0.05},"geometry":{"type":"Point","coordinates":[74.86084,19.62189]}},{"type":"Feature","properties":{"i":0.88},"geometry":{"type":"Point","coordinates":[73.14697,19.58049]}},{"type":"Feature","properties":{"i":0.38},"geometry":{"type":"Point","coordinates":[73.19092,19.58049]}},{"type":"Feature","properties":{"i":0.32},"geometry":{"type":"Point","coordinates":[73.3667,19.58049]}},{"type":"Feature","properties":{"i":0.24},"geometry":{"type":"Point","coordinates":[73.41064,19.58049]}},{"type":"Feature","properties":{"i":0.28},"geometry":{"type":"Point","coordinates":[73.49854,19.58049]}},{"type":"Feature","properties":{"i":0.49},"geometry":{"type":"Point","coordinates":[73.54248,19.58049]}},{"type":"Feature","properties":{"i":0.02},"geometry":{"type":"Point","coordinates":[73.80615,19.58049]}},{"type":"Feature","properties":{"i":0.25},"geometry":{"type":"Point","coordinates":[73.98193,19.58049]}},{"type":"Feature","properties":{"i":0.18},"geometry":{"type":"Point","coordinates":[74.02588,19.58049]}},{"type":"Feature","properties":{"i":0.19},"geometry":{"type":"Point","coordinates":[74.06982,19.58049]}},{"type":"Feature","properties":{"i":0.37},"geometry":{"type":"Point","coordinates":[74.11377,19.58049]}},{"type":"Feature","properties":{"i":0.6},"geometry":{"type":"Point","coordinates":[74.15771,19.58049]}},{"type":"Feature","properties":{"i":0.86},"geometry":{"type":"Point","coordinates":[74.20166,19.58049]}},{"type":"Feature","properties":{"i":0.56},"geometry":{"type":"Point","coordinates":[74.24561,19.58049]}},{"type":"Feature","properties":{"i":0.25},"geometry":{"type":"Point","coordinates":[74.28955,19.58049]}},{"type":"Feature","properties":{"i":0.18},"geometry":{"type":"Point","coordinates":[74.3335,19.58049]}},{"type":"Feature","properties":{"i":0.32},"geometry":{"type":"Point","coordinates":[74.37744,19.58049]}},{"type":"Feature","properties":{"i":0.25},"geometry":{"type":"Point","coordinates":[74.42139,19.58049]}},{"type":"Feature","properties":{"i":0.7},"geometry":{"type":"Point","coordinates":[74.46533,19.58049]}},{"type":"Feature","properties":{"i":0.45},"geometry":{"type":"Point","coordinates":[74.50928,19.58049]}},{"type":"Feature","properties":{"i":0.18},"geometry":{"type":"Point","coordinates":[74.55322,19.58049]}},{"type":"Feature","properties":{"i":0.12},"geometry":{"type":"Point","coordinates":[74.59717,19.58049]}},{"type":"Feature","properties":{"i":0.22},"geometry":{"type":"Point","coordinates":[74.64111,19.58049]}},{"type":"Feature","properties":{"i":0.19},"geometry":{"type":"Point","coordinates":[74.68506,19.58049]}},{"type":"Feature","properties":{"i":0.44},"geometry":{"type":"Point","coordinates":[74.729,19.58049]}},{"type":"Feature","properties":{"i":0.09},"geometry":{"type":"Point","coordinates":[74.77295,19.58049]}},{"type":"Feature","properties":{"i":0.05},"geometry":{"type":"Point","coordinates":[74.81689,19.58049]}},{"type":"Feature","properties":{"i":0.07},"geometry":{"type":"Point","coordinates":[74.86084,19.58049]}},{"type":"Feature","properties":{"i":0.55},"geometry":{"type":"Point","coordinates":[73.14697,19.53908]}},{"type":"Feature","properties":{"i":0.07},"geometry":{"type":"Point","coordinates":[73.19092,19.53908]}},{"type":"Feature","properties":{"i":0.14},"geometry":{"type":"Point","coordinates":[73.23486,19.53908]}},{"type":"Feature","properties":{"i":0.18},"geometry":{"type":"Point","coordinates":[73.32275,19.53908]}},{"type":"Feature","properties":{"i":0.52},"geometry":{"type":"Point","coordinates":[73.3667,19.53908]}},{"type":"Feature","properties":{"i":0.13},"geometry":{"type":"Point","coordinates":[73.71826,19.53908]}},{"type":"Feature","properties":{"i":0.09},"geometry":{"type":"Point","coordinates":[73.76221,19.53908]}},{"type":"Feature","properties":{"i":0.14},"geometry":{"type":"Point","coordinates":[73.8501,19.53908]}},{"type":"Feature","properties":{"i":0.22},"geometry":{"type":"Point","coordinates":[73.89404,19.53908]}},{"type":"Feature","properties":{"i":0.29},"geometry":{"type":"Point","coordinates":[73.93799,19.53908]}},{"type":"Feature","properties":{"i":0.64},"geometry":{"type":"Point","coordinates":[73.98193,19.53908]}},{"type":"Feature","properties":{"i":0.65},"geometry":{"type":"Point","coordinates":[74.02588,19.53908]}},{"type":"Feature","properties":{"i":0.38},"geometry":{"type":"Point","coordinates":[74.06982,19.53908]}},{"type":"Feature","properties":{"i":0.35},"geometry":{"type":"Point","coordinates":[74.11377,19.53908]}},{"type":"Feature","properties":{"i":0.48},"geometry":{"type":"Point","coordinates":[74.15771,19.53908]}},{"type":"Feature","properties":{"i":0.7},"geometry":{"type":"Point","coordinates":[74.20166,19.53908]}},{"type":"Feature","properties":{"i":0.31},"geometry":{"type":"Point","coordinates":[74.24561,19.53908]}},{"type":"Feature","properties":{"i":0.38},"geometry":{"type":"Point","coordinates":[74.28955,19.53908]}},{"type":"Feature","properties":{"i":0.22},"geometry":{"type":"Point","coordinates":[74.3335,19.53908]}},{"type":"Feature","properties":{"i":0.16},"geometry":{"type":"Point","coordinates":[74.37744,19.53908]}},{"type":"Feature","properties":{"i":0.1},"geometry":{"type":"Point","coordinates":[74.42139,19.53908]}},{"type":"Feature","properties":{"i":0.36},"geometry":{"type":"Point","coordinates":[74.46533,19.53908]}},{"type":"Feature","properties":{"i":0.18},"geometry":{"type":"Point","coordinates":[74.50928,19.53908]}},{"type":"Feature","properties":{"i":0.64},"geometry":{"type":"Point","coordinates":[74.55322,19.53908]}},{"type":"Feature","properties":{"i":0.28},"geometry":{"type":"Point","coordinates":[74.59717,19.53908]}},{"type":"Feature","properties":{"i":0.23},"geometry":{"type":"Point","coordinates":[74.64111,19.53908]}},{"type":"Feature","properties":{"i":0.37},"geometry":{"type":"Point","coordinates":[74.68506,19.53908]}},{"type":"Feature","properties":{"i":0.22},"geometry":{"type":"Point","coordinates":[74.77295,19.53908]}},{"type":"Feature","properties":{"i":0.13},"geometry":{"type":"Point","coordinates":[74.86084,19.53908]}},{"type":"Feature","properties":{"i":0.62},"geometry":{"type":"Point","coordinates":[73.14697,19.49766]}},{"type":"Feature","properties":{"i":0.27},"geometry":{"type":"Point","coordinates":[73.19092,19.49766]}},{"type":"Feature","properties":{"i":0.02},"geometry":{"type":"Point","coordinates":[73.23486,19.49766]}},{"type":"Feature","properties":{"i":0.58},"geometry":{"type":"Point","coordinates":[73.32275,19.49766]}},{"type":"Feature","properties":{"i":0.35},"geometry":{"type":"Point","coordinates":[73.3667,19.49766]}},{"type":"Feature","properties":{"i":0.33},"geometry":{"type":"Point","coordinates":[73.41064,19.49766]}},{"type":"Feature","properties":{"i":0.14},"geometry":{"type":"Point","coordinates":[73.45459,19.49766]}},{"type":"Feature","properties":{"i":0.02},"geometry":{"type":"Point","coordinates":[73.58643,19.49766]}},{"type":"Feature","properties":{"i":0.03},"geometry":{"type":"Point","coordinates":[73.76221,19.49766]}},{"type":"Feature","properties":{"i":0.32},"geometry":{"type":"Point","coordinates":[73.8501,19.49766]}},{"type":"Feature","properties":{"i":0.64},"geometry":{"type":"Point","coordinates":[73.89404,19.49766]}},{"type":"Feature","properties":{"i":0.19},"geometry":{"type":"Point","coordinates":[73.93799,19.49766]}},{"type":"Feature","properties":{"i":0.28},"geometry":{"type":"Point","coordinates":[73.98193,19.49766]}},{"type":"Feature","properties":{"i":0.27},"geometry":{"type":"Point","coordinates":[74.02588,19.49766]}},{"type":"Feature","properties":{"i":0.27},"geometry":{"type":"Point","coordinates":[74.06982,19.49766]}},{"type":"Feature","properties":{"i":0.08},"geometry":{"type":"Point","coordinates":[74.11377,19.49766]}},{"type":"Feature","properties":{"i":0.32},"geometry":{"type":"Point","coordinates":[74.15771,19.49766]}},{"type":"Feature","properties":{"i":0.44},"geometry":{"type":"Point","coordinates":[74.20166,19.49766]}},{"type":"Feature","properties":{"i":0.44},"geometry":{"type":"Point","coordinates":[74.24561,19.49766]}},{"type":"Feature","properties":{"i":0.51},"geometry":{"type":"Point","coordinates":[74.28955,19.49766]}},{"type":"Feature","properties":{"i":0.22},"geometry":{"type":"Point","coordinates":[74.3335,19.49766]}},{"type":"Feature","properties":{"i":0.27},"geometry":{"type":"Point","coordinates":[74.37744,19.49766]}},{"type":"Feature","properties":{"i":0.25},"geometry":{"type":"Point","coordinates":[74.42139,19.49766]}},{"type":"Feature","properties":{"i":0.35},"geometry":{"type":"Point","coordinates":[74.46533,19.49766]}},{"type":"Feature","properties":{"i":0.19},"geometry":{"type":"Point","coordinates":[74.50928,19.49766]}},{"type":"Feature","properties":{"i":0.23},"geometry":{"type":"Point","coordinates":[74.55322,19.49766]}},{"type":"Feature","properties":{"i":0.22},"geometry":{"type":"Point","coordinates":[74.59717,19.49766]}},{"type":"Feature","properties":{"i":0.13},"geometry":{"type":"Point","coordinates":[74.64111,19.49766]}},{"type":"Feature","properties":{"i":0.1},"geometry":{"type":"Point","coordinates":[74.68506,19.49766]}},{"type":"Feature","properties":{"i":0.11},"geometry":{"type":"Point","coordinates":[74.729,19.49766]}},{"type":"Feature","properties":{"i":0.32},"geometry":{"type":"Point","coordinates":[74.77295,19.49766]}},{"type":"Feature","properties":{"i":0.29},"geometry":{"type":"Point","coordinates":[74.81689,19.49766]}},{"type":"Feature","properties":{"i":0.22},"geometry":{"type":"Point","coordinates":[73.14697,19.45623]}},{"type":"Feature","properties":{"i":0.14},"geometry":{"type":"Point","coordinates":[73.19092,19.45623]}},{"type":"Feature","properties":{"i":0.1},"geometry":{"type":"Point","coordinates":[73.23486,19.45623]}},{"type":"Feature","properties":{"i":0.64},"geometry":{"type":"Point","coordinates":[73.27881,19.45623]}},{"type":"Feature","properties":{"i":0.84},"geometry":{"type":"Point","coordinates":[73.32275,19.45623]}},{"type":"Feature","properties":{"i":0.44},"geometry":{"type":"Point","coordinates":[73.3667,19.45623]}},{"type":"Feature","properties":{"i":0.27},"geometry":{"type":"Point","coordinates":[73.41064,19.45623]}},{"type":"Feature","properties":{"i":0.28},"geometry":{"type":"Point","coordinates":[73.45459,19.45623]}},{"type":"Feature","properties":{"i":0.25},"geometry":{"type":"Point","coordinates":[73.54248,19.45623]}},{"type":"Feature","properties":{"i":0.1},"geometry":{"type":"Point","coordinates":[73.8501,19.45623]}},{"type":"Feature","properties":{"i":0.1},"geometry":{"type":"Point","coordinates":[73.89404,19.45623]}},{"type":"Feature","properties":{"i":0.19},"geometry":{"type":"Point","coordinates":[73.93799,19.45623]}},{"type":"Feature","properties":{"i":0.15},"geometry":{"type":"Point","coordinates":[73.98193,19.45623]}},{"type":"Feature","properties":{"i":0.16},"geometry":{"type":"Point","coordinates":[74.02588,19.45623]}},{"type":"Feature","properties":{"i":0.17},"geometry":{"type":"Point","coordinates":[74.11377,19.45623]}},{"type":"Feature","properties":{"i":0.12},"geometry":{"type":"Point","coordinates":[74.15771,19.45623]}},{"type":"Feature","properties":{"i":0.56},"geometry":{"type":"Point","coordinates":[74.20166,19.45623]}},{"type":"Feature","properties":{"i":0.25},"geometry":{"type":"Point","coordinates":[74.24561,19.45623]}},{"type":"Feature","properties":{"i":0.03},"geometry":{"type":"Point","coordinates":[74.28955,19.45623]}},{"type":"Feature","properties":{"i":0.21},"geometry":{"type":"Point","coordinates":[74.3335,19.45623]}},{"type":"Feature","properties":{"i":0.13},"geometry":{"type":"Point","coordinates":[74.37744,19.45623]}},{"type":"Feature","properties":{"i":0.08},"geometry":{"type":"Point","coordinates":[74.42139,19.45623]}},{"type":"Feature","properties":{"i":0.05},"geometry":{"type":"Point","coordinates":[74.46533,19.45623]}},{"type":"Feature","properties":{"i":0.12},"geometry":{"type":"Point","coordinates":[74.50928,19.45623]}},{"type":"Feature","properties":{"i":0.22},"geometry":{"type":"Point","coordinates":[74.55322,19.45623]}},{"type":"Feature","properties":{"i":0.39},"geometry":{"type":"Point","coordinates":[74.59717,19.45623]}},{"type":"Feature","properties":{"i":0.36},"geometry":{"type":"Point","coordinates":[74.64111,19.45623]}},{"type":"Feature","properties":{"i":0.26},"geometry":{"type":"Point","coordinates":[74.68506,19.45623]}},{"type":"Feature","properties":{"i":0.15},"geometry":{"type":"Point","coordinates":[74.729,19.45623]}},{"type":"Feature","properties":{"i":0.03},"geometry":{"type":"Point","coordinates":[74.77295,19.45623]}},{"type":"Feature","properties":{"i":0.08},"geometry":{"type":"Point","coordinates":[74.81689,19.45623]}},{"type":"Feature","properties":{"i":0.15},"geometry":{"type":"Point","coordinates":[74.86084,19.45623]}},{"type":"Feature","properties":{"i":0.24},"geometry":{"type":"Point","coordinates":[73.14697,19.41479]}},{"type":"Feature","properties":{"i":0.39},"geometry":{"type":"Point","coordinates":[73.19092,19.41479]}},{"type":"Feature","properties":{"i":0.68},"geometry":{"type":"Point","coordinates":[73.23486,19.41479]}},{"type":"Feature","properties":{"i":0.76},"geometry":{"type":"Point","coordinates":[73.27881,19.41479]}},{"type":"Feature","properties":{"i":0.34},"geometry":{"type":"Point","coordinates":[73.32275,19.41479]}},{"type":"Feature","properties":{"i":0.86},"geometry":{"type":"Point","coordinates":[73.3667,19.41479]}},{"type":"Feature","properties":{"i":0.22},"geometry":{"type":"Point","coordinates":[73.45459,19.41479]}},{"type":"Feature","properties":{"i":0.14},"geometry":{"type":"Point","coordinates":[73.49854,19.41479]}},{"type":"Feature","properties":{"i":0.11},"geometry":{"type":"Point","coordinates":[73.58643,19.41479]}},{"type":"Feature","properties":{"i":0.23},"geometry":{"type":"Point","coordinates":[73.98193,19.41479]}},{"type":"Feature","properties":{"i":0.23},"geometry":{"type":"Point","coordinates":[74.02588,19.41479]}},{"type":"Feature","properties":{"i":0.3},"geometry":{"type":"Point","coordinates":[74.06982,19.41479]}},{"type":"Feature","properties":{"i":0.18},"geometry":{"type":"Point","coordinates":[74.11377,19.41479]}},{"type":"Feature","properties":{"i":0.12},"geometry":{"type":"Point","coordinates":[74.15771,19.41479]}},{"type":"Feature","properties":{"i":0.4},"geometry":{"type":"Point","coordinates":[74.20166,19.41479]}},{"type":"Feature","properties":{"i":0.27},"geometry":{"type":"Point","coordinates":[74.24561,19.41479]}},{"type":"Feature","properties":{"i":0.19},"geometry":{"type":"Point","coordinates":[74.28955,19.41479]}},{"type":"Feature","properties":{"i":0.11},"geometry":{"type":"Point","coordinates":[74.42139,19.41479]}},{"type":"Feature","properties":{"i":0.05},"geometry":{"type":"Point","coordinates":[74.46533,19.41479]}},{"type":"Feature","properties":{"i":0.14},"geometry":{"type":"Point","coordinates":[74.50928,19.41479]}},{"type":"Feature","properties":{"i":0.21},"geometry":{"type":"Point","coordinates":[74.55322,19.41479]}},{"type":"Feature","properties":{"i":0.05},"geometry":{"type":"Point","coordinates":[74.59717,19.41479]}},{"type":"Feature","properties":{"i":0.26},"geometry":{"type":"Point","coordinates":[74.64111,19.41479]}},{"type":"Feature","properties":{"i":0.15},"geometry":{"type":"Point","coordinates":[74.68506,19.41479]}},{"type":"Feature","properties":{"i":0.16},"geometry":{"type":"Point","coordinates":[74.729,19.41479]}},{"type":"Feature","properties":{"i":0.27},"geometry":{"type":"Point","coordinates":[74.81689,19.41479]}},{"type":"Feature","properties":{"i":0.24},"geometry":{"type":"Point","coordinates":[74.86084,19.41479]}},{"type":"Feature","properties":{"i":0.93},"geometry":{"type":"Point","coordinates":[73.14697,19.37334]}},{"type":"Feature","properties":{"i":0.95},"geometry":{"type":"Point","coordinates":[73.19092,19.37334]}},{"type":"Feature","properties":{"i":0.66},"geometry":{"type":"Point","coordinates":[73.23486,19.37334]}},{"type":"Feature","properties":{"i":0.68},"geometry":{"type":"Point","coordinates":[73.27881,19.37334]}},{"type":"Feature","properties":{"i":0.13},"geometry":{"type":"Point","coordinates":[73.32275,19.37334]}},{"type":"Feature","properties":{"i":0.03},"geometry":{"type":"Point","coordinates":[73.49854,19.37334]}},{"type":"Feature","properties":{"i":0.02},"geometry":{"type":"Point","coordinates":[73.80615,19.37334]}},{"type":"Feature","properties":{"i":0.08},"geometry":{"type":"Point","coordinates":[73.98193,19.37334]}},{"type":"Feature","properties":{"i":0.13},"geometry":{"type":"Point","coordinates":[74.02588,19.37334]}},{"type":"Feature","properties":{"i":0.16},"geometry":{"type":"Point","coordinates":[74.06982,19.37334]}},{"type":"Feature","properties":{"i":0.26},"geometry":{"type":"Point","coordinates":[74.11377,19.37334]}},{"type":"Feature","properties":{"i":0.1},"geometry":{"type":"Point","coordinates":[74.15771,19.37334]}},{"type":"Feature","properties":{"i":0.49},"geometry":{"type":"Point","coordinates":[74.20166,19.37334]}},{"type":"Feature","properties":{"i":0.31},"geometry":{"type":"Point","coordinates":[74.28955,19.37334]}},{"type":"Feature","properties":{"i":0.13},"geometry":{"type":"Point","coordinates":[74.3335,19.37334]}},{"type":"Feature","properties":{"i":0.27},"geometry":{"type":"Point","coordinates":[74.46533,19.37334]}},{"type":"Feature","properties":{"i":0.07},"geometry":{"type":"Point","coordinates":[74.50928,19.37334]}},{"type":"Feature","properties":{"i":0.41},"geometry":{"type":"Point","coordinates":[74.59717,19.37334]}},{"type":"Feature","properties":{"i":0.73},"geometry":{"type":"Point","coordinates":[74.64111,19.37334]}},{"type":"Feature","properties":{"i":0.15},"geometry":{"type":"Point","coordinates":[74.68506,19.37334]}},{"type":"Feature","properties":{"i":0.22},"geometry":{"type":"Point","coordinates":[74.729,19.37334]}},{"type":"Feature","properties":{"i":0.08},"geometry":{"type":"Point","coordinates":[74.77295,19.37334]}},{"type":"Feature","properties":{"i":0.42},"geometry":{"type":"Point","coordinates":[74.81689,19.37334]}},{"type":"Feature","properties":{"i":0.66},"geometry":{"type":"Point","coordinates":[74.86084,19.37334]}},{"type":"Feature","properties":{"i":0.87},"geometry":{"type":"Point","coordinates":[73.14697,19.33188]}},{"type":"Feature","properties":{"i":0.92},"geometry":{"type":"Point","coordinates":[73.19092,19.33188]}},{"type":"Feature","properties":{"i":0.41},"geometry":{"type":"Point","coordinates":[73.23486,19.33188]}},{"type":"Feature","properties":{"i":0.35},"geometry":{"type":"Point","coordinates":[73.27881,19.33188]}},{"type":"Feature","properties":{"i":0.11},"geometry":{"type":"Point","coordinates":[73.32275,19.33188]}},{"type":"Feature","properties":{"i":0.07},"geometry":{"type":"Point","coordinates":[73.3667,19.33188]}},{"type":"Feature","properties":{"i":0.21},"geometry":{"type":"Point","coordinates":[73.41064,19.33188]}},{"type":"Feature","properties":{"i":0.08},"geometry":{"type":"Point","coordinates":[73.45459,19.33188]}},{"type":"Feature","properties":{"i":0.26},"geometry":{"type":"Point","coordinates":[73.49854,19.33188]}},{"type":"Feature","properties":{"i":0.04},"geometry":{"type":"Point","coordinates":[73.54248,19.33188]}},{"type":"Feature","properties":{"i":0.11},"geometry":{"type":"Point","coordinates":[73.80615,19.33188]}},{"type":"Feature","properties":{"i":0.09},"geometry":{"type":"Point","coordinates":[73.89404,19.33188]}},{"type":"Feature","properties":{"i":0.09},"geometry":{"type":"Point","coordinates":[73.98193,19.33188]}},{"type":"Feature","properties":{"i":0.35},"geometry":{"type":"Point","coordinates":[74.02588,19.33188]}},{"type":"Feature","properties":{"i":0.25},"geometry":{"type":"Point","coordinates":[74.11377,19.33188]}},{"type":"Feature","properties":{"i":0.46},"geometry":{"type":"Point","coordinates":[74.15771,19.33188]}},{"type":"Feature","properties":{"i":0.73},"geometry":{"type":"Point","coordinates":[74.20166,19.33188]}},{"type":"Feature","properties":{"i":0.19},"geometry":{"type":"Point","coordinates":[74.24561,19.33188]}},{"type":"Feature","properties":{"i":0.45},"geometry":{"type":"Point","coordinates":[74.28955,19.33188]}},{"type":"Feature","properties":{"i":0.28},"geometry":{"type":"Point","coordinates":[74.3335,19.33188]}},{"type":"Feature","properties":{"i":0.02},"geometry":{"type":"Point","coordinates":[74.37744,19.33188]}},{"type":"Feature","properties":{"i":0.42},"geometry":{"type":"Point","coordinates":[74.59717,19.33188]}},{"type":"Feature","properties":{"i":0.56},"geometry":{"type":"Point","coordinates":[74.64111,19.33188]}},{"type":"Feature","properties":{"i":0.34},"geometry":{"type":"Point","coordinates":[74.68506,19.33188]}},{"type":"Feature","properties":{"i":0.08},"geometry":{"type":"Point","coordinates":[74.729,19.33188]}},{"type":"Feature","properties":{"i":0.03},"geometry":{"type":"Point","coordinates":[74.77295,19.33188]}},{"type":"Feature","properties":{"i":0.04},"geometry":{"type":"Point","coordinates":[74.81689,19.33188]}},{"type":"Feature","properties":{"i":0.8},"geometry":{"type":"Point","coordinates":[74.86084,19.33188]}},{"type":"Feature","properties":{"i":1},"geometry":{"type":"Point","coordinates":[71.43311,19.29041]}},{"type":"Feature","properties":{"i":0.72},"geometry":{"type":"Point","coordinates":[72.79541,19.29041]}},{"type":"Feature","properties":{"i":1},"geometry":{"type":"Point","coordinates":[72.83936,19.29041]}},{"type":"Feature","properties":{"i":1},"geometry":{"type":"Point","coordinates":[72.8833,19.29041]}},{"type":"Feature","properties":{"i":1},"geometry":{"type":"Point","coordinates":[72.92725,19.29041]}},{"type":"Feature","properties":{"i":0.96},"geometry":{"type":"Point","coordinates":[72.97119,19.29041]}},{"type":"Feature","properties":{"i":0.67},"geometry":{"type":"Point","coordinates":[73.01514,19.29041]}},{"type":"Feature","properties":{"i":1},"geometry":{"type":"Point","coordinates":[73.05908,19.29041]}},{"type":"Feature","properties":{"i":1},"geometry":{"type":"Point","coordinates":[73.10303,19.29041]}},{"type":"Feature","properties":{"i":0.28},"geometry":{"type":"Point","coordinates":[71.43311,19.24892]}},{"type":"Feature","properties":{"i":0.53},"geometry":{"type":"Point","coordinates":[72.79541,19.24892]}},{"type":"Feature","properties":{"i":1},"geometry":{"type":"Point","coordinates":[72.83936,19.24892]}},{"type":"Feature","properties":{"i":1},"geometry":{"type":"Point","coordinates":[72.8833,19.24892]}},{"type":"Feature","properties":{"i":0.57},"geometry":{"type":"Point","coordinates":[72.92725,19.24892]}},{"type":"Feature","properties":{"i":1},"geometry":{"type":"Point","coordinates":[72.97119,19.24892]}},{"type":"Feature","properties":{"i":1},"geometry":{"type":"Point","coordinates":[73.01514,19.24892]}},{"type":"Feature","properties":{"i":0.95},"geometry":{"type":"Point","coordinates":[73.05908,19.24892]}},{"type":"Feature","properties":{"i":0.96},"geometry":{"type":"Point","coordinates":[73.10303,19.24892]}},{"type":"Feature","properties":{"i":0.48},"geometry":{"type":"Point","coordinates":[72.09229,19.20743]}},{"type":"Feature","properties":{"i":1},"geometry":{"type":"Point","coordinates":[72.13623,19.20743]}},{"type":"Feature","properties":{"i":0.88},"geometry":{"type":"Point","coordinates":[72.79541,19.20743]}},{"type":"Feature","properties":{"i":1},"geometry":{"type":"Point","coordinates":[72.83936,19.20743]}},{"type":"Feature","properties":{"i":1},"geometry":{"type":"Point","coordinates":[72.8833,19.20743]}},{"type":"Feature","properties":{"i":0.86},"geometry":{"type":"Point","coordinates":[72.92725,19.20743]}},{"type":"Feature","properties":{"i":1},"geometry":{"type":"Point","coordinates":[72.97119,19.20743]}},{"type":"Feature","properties":{"i":1},"geometry":{"type":"Point","coordinates":[73.01514,19.20743]}},{"type":"Feature","properties":{"i":0.92},"geometry":{"type":"Point","coordinates":[73.05908,19.20743]}},{"type":"Feature","properties":{"i":1},"geometry":{"type":"Point","coordinates":[73.10303,19.20743]}},{"type":"Feature","properties":{"i":1},"geometry":{"type":"Point","coordinates":[70.94971,19.16592]}},{"type":"Feature","properties":{"i":0.95},"geometry":{"type":"Point","coordinates":[72.79541,19.16592]}},{"type":"Feature","properties":{"i":1},"geometry":{"type":"Point","coordinates":[72.83936,19.16592]}},{"type":"Feature","properties":{"i":1},"geometry":{"type":"Point","coordinates":[72.8833,19.16592]}},{"type":"Feature","properties":{"i":1},"geometry":{"type":"Point","coordinates":[72.92725,19.16592]}},{"type":"Feature","properties":{"i":1},"geometry":{"type":"Point","coordinates":[72.97119,19.16592]}},{"type":"Feature","properties":{"i":1},"geometry":{"type":"Point","coordinates":[73.01514,19.16592]}},{"type":"Feature","properties":{"i":1},"geometry":{"type":"Point","coordinates":[73.05908,19.16592]}},{"type":"Feature","properties":{"i":0.99},"geometry":{"type":"Point","coordinates":[73.10303,19.16592]}},{"type":"Feature","properties":{"i":0.84},"geometry":{"type":"Point","coordinates":[72.13623,19.12441]}},{"type":"Feature","properties":{"i":0.98},"geometry":{"type":"Point","coordinates":[72.79541,19.12441]}},{"type":"Feature","properties":{"i":1},"geometry":{"type":"Point","coordinates":[72.83936,19.12441]}},{"type":"Feature","properties":{"i":1},"geometry":{"type":"Point","coordinates":[72.8833,19.12441]}},{"type":"Feature","properties":{"i":1},"geometry":{"type":"Point","coordinates":[72.92725,19.12441]}},{"type":"Feature","properties":{"i":0.98},"geometry":{"type":"Point","coordinates":[72.97119,19.12441]}},{"type":"Feature","properties":{"i":1},"geometry":{"type":"Point","coordinates":[73.01514,19.12441]}},{"type":"Feature","properties":{"i":1},"geometry":{"type":"Point","coordinates":[73.05908,19.12441]}},{"type":"Feature","properties":{"i":0.84},"geometry":{"type":"Point","coordinates":[73.10303,19.12441]}},{"type":"Feature","properties":{"i":0.03},"geometry":{"type":"Point","coordinates":[72.53174,19.08288]}},{"type":"Feature","properties":{"i":0.51},"geometry":{"type":"Point","coordinates":[72.79541,19.08288]}},{"type":"Feature","properties":{"i":1},"geometry":{"type":"Point","coordinates":[72.83936,19.08288]}},{"type":"Feature","properties":{"i":1},"geometry":{"type":"Point","coordinates":[72.8833,19.08288]}},{"type":"Feature","properties":{"i":1},"geometry":{"type":"Point","coordinates":[72.92725,19.08288]}},{"type":"Feature","properties":{"i":0.85},"geometry":{"type":"Point","coordinates":[72.97119,19.08288]}},{"type":"Feature","properties":{"i":1},"geometry":{"type":"Point","coordinates":[73.01514,19.08288]}},{"type":"Feature","properties":{"i":1},"geometry":{"type":"Point","coordinates":[73.05908,19.08288]}},{"type":"Feature","properties":{"i":1},"geometry":{"type":"Point","coordinates":[73.10303,19.08288]}},{"type":"Feature","properties":{"i":0.02},"geometry":{"type":"Point","coordinates":[72.75146,19.04135]}},{"type":"Feature","properties":{"i":0.7},"geometry":{"type":"Point","coordinates":[72.79541,19.04135]}},{"type":"Feature","properties":{"i":1},"geometry":{"type":"Point","coordinates":[72.83936,19.04135]}},{"type":"Feature","properties":{"i":1},"geometry":{"type":"Point","coordinates":[72.8833,19.04135]}},{"type":"Feature","properties":{"i":1},"geometry":{"type":"Point","coordinates":[72.92725,19.04135]}},{"type":"Feature","properties":{"i":1},"geometry":{"type":"Point","coordinates":[72.97119,19.04135]}},{"type":"Feature","properties":{"i":1},"geometry":{"type":"Point","coordinates":[73.01514,19.04135]}},{"type":"Feature","properties":{"i":1},"geometry":{"type":"Point","coordinates":[73.05908,19.04135]}},{"type":"Feature","properties":{"i":1},"geometry":{"type":"Point","coordinates":[73.10303,19.04135]}},{"type":"Feature","properties":{"i":0.11},"geometry":{"type":"Point","coordinates":[71.78467,18.9998]}},{"type":"Feature","properties":{"i":0.03},"geometry":{"type":"Point","coordinates":[72.75146,18.9998]}},{"type":"Feature","properties":{"i":1},"geometry":{"type":"Point","coordinates":[72.79541,18.9998]}},{"type":"Feature","properties":{"i":1},"geometry":{"type":"Point","coordinates":[72.83936,18.9998]}},{"type":"Feature","properties":{"i":1},"geometry":{"type":"Point","coordinates":[72.8833,18.9998]}},{"type":"Feature","properties":{"i":1},"geometry":{"type":"Point","coordinates":[72.92725,18.9998]}},{"type":"Feature","properties":{"i":0.68},"geometry":{"type":"Point","coordinates":[72.97119,18.9998]}},{"type":"Feature","properties":{"i":1},"geometry":{"type":"Point","coordinates":[73.01514,18.9998]}},{"type":"Feature","properties":{"i":1},"geometry":{"type":"Point","coordinates":[73.05908,18.9998]}},{"type":"Feature","properties":{"i":1},"geometry":{"type":"Point","coordinates":[73.10303,18.9998]}},{"type":"Feature","properties":{"i":0.41},"geometry":{"type":"Point","coordinates":[71.60889,18.95825]}},{"type":"Feature","properties":{"i":0.35},"geometry":{"type":"Point","coordinates":[71.65283,18.95825]}},{"type":"Feature","properties":{"i":0.04},"geometry":{"type":"Point","coordinates":[72.75146,18.95825]}},{"type":"Feature","properties":{"i":1},"geometry":{"type":"Point","coordinates":[72.79541,18.95825]}},{"type":"Feature","properties":{"i":1},"geometry":{"type":"Point","coordinates":[72.83936,18.95825]}},{"type":"Feature","properties":{"i":0.85},"geometry":{"type":"Point","coordinates":[72.8833,18.95825]}},{"type":"Feature","properties":{"i":1},"geometry":{"type":"Point","coordinates":[72.92725,18.95825]}},{"type":"Feature","properties":{"i":1},"geometry":{"type":"Point","coordinates":[72.97119,18.95825]}},{"type":"Feature","properties":{"i":1},"geometry":{"type":"Point","coordinates":[73.01514,18.95825]}},{"type":"Feature","properties":{"i":1},"geometry":{"type":"Point","coordinates":[73.05908,18.95825]}},{"type":"Feature","properties":{"i":1},"geometry":{"type":"Point","coordinates":[73.10303,18.95825]}},{"type":"Feature","properties":{"i":0.45},"geometry":{"type":"Point","coordinates":[72.04834,18.91668]}},{"type":"Feature","properties":{"i":0.13},"geometry":{"type":"Point","coordinates":[72.66357,18.91668]}},{"type":"Feature","properties":{"i":0.97},"geometry":{"type":"Point","coordinates":[72.79541,18.91668]}},{"type":"Feature","properties":{"i":1},"geometry":{"type":"Point","coordinates":[72.83936,18.91668]}},{"type":"Feature","properties":{"i":0.8},"geometry":{"type":"Point","coordinates":[72.8833,18.91668]}},{"type":"Feature","properties":{"i":1},"geometry":{"type":"Point","coordinates":[72.92725,18.91668]}},{"type":"Feature","properties":{"i":1},"geometry":{"type":"Point","coordinates":[72.97119,18.91668]}},{"type":"Feature","properties":{"i":1},"geometry":{"type":"Point","coordinates":[73.01514,18.91668]}},{"type":"Feature","properties":{"i":0.78},"geometry":{"type":"Point","coordinates":[73.05908,18.91668]}},{"type":"Feature","properties":{"i":0.58},"geometry":{"type":"Point","coordinates":[73.10303,18.91668]}},{"type":"Feature","properties":{"i":0.91},"geometry":{"type":"Point","coordinates":[72.79541,18.8751]}},{"type":"Feature","properties":{"i":0.8},"geometry":{"type":"Point","coordinates":[72.83936,18.8751]}},{"type":"Feature","properties":{"i":0.42},"geometry":{"type":"Point","coordinates":[72.8833,18.8751]}},{"type":"Feature","properties":{"i":0.97},"geometry":{"type":"Point","coordinates":[72.92725,18.8751]}},{"type":"Feature","properties":{"i":0.87},"geometry":{"type":"Point","coordinates":[72.97119,18.8751]}},{"type":"Feature","properties":{"i":1},"geometry":{"type":"Point","coordinates":[73.01514,18.8751]}},{"type":"Feature","properties":{"i":0.72},"geometry":{"type":"Point","coordinates":[73.05908,18.8751]}},{"type":"Feature","properties":{"i":0.57},"geometry":{"type":"Point","coordinates":[73.10303,18.8751]}},{"type":"Feature","properties":{"i":0.75},"geometry":{"type":"Point","coordinates":[72.92725,18.83352]}},{"type":"Feature","properties":{"i":0.74},"geometry":{"type":"Point","coordinates":[72.97119,18.83352]}},{"type":"Feature","properties":{"i":0.41},"geometry":{"type":"Point","coordinates":[73.01514,18.83352]}},{"type":"Feature","properties":{"i":0.32},"geometry":{"type":"Point","coordinates":[73.05908,18.83352]}},{"type":"Feature","properties":{"i":0.7},"geometry":{"type":"Point","coordinates":[73.10303,18.83352]}},{"type":"Feature","properties":{"i":0.62},"geometry":{"type":"Point","coordinates":[72.8833,18.79192]}},{"type":"Feature","properties":{"i":0.33},"geometry":{"type":"Point","coordinates":[72.92725,18.79192]}},{"type":"Feature","properties":{"i":0.13},"geometry":{"type":"Point","coordinates":[72.97119,18.79192]}},{"type":"Feature","properties":{"i":0.15},"geometry":{"type":"Point","coordinates":[73.01514,18.79192]}},{"type":"Feature","properties":{"i":0.22},"geometry":{"type":"Point","coordinates":[73.05908,18.79192]}},{"type":"Feature","properties":{"i":0.51},"geometry":{"type":"Point","coordinates":[73.10303,18.79192]}},{"type":"Feature","properties":{"i":0.37},"geometry":{"type":"Point","coordinates":[72.8833,18.75031]}},{"type":"Feature","properties":{"i":0.42},"geometry":{"type":"Point","coordinates":[72.92725,18.75031]}},{"type":"Feature","properties":{"i":0.19},"geometry":{"type":"Point","coordinates":[72.97119,18.75031]}},{"type":"Feature","properties":{"i":0.25},"geometry":{"type":"Point","coordinates":[73.01514,18.75031]}},{"type":"Feature","properties":{"i":0.24},"geometry":{"type":"Point","coordinates":[73.05908,18.75031]}},{"type":"Feature","properties":{"i":0.58},"geometry":{"type":"Point","coordinates":[73.10303,18.75031]}},{"type":"Feature","properties":{"i":0.14},"geometry":{"type":"Point","coordinates":[72.35596,18.70869]}},{"type":"Feature","properties":{"i":0.76},"geometry":{"type":"Point","coordinates":[72.8833,18.70869]}},{"type":"Feature","properties":{"i":0.52},"geometry":{"type":"Point","coordinates":[72.92725,18.70869]}},{"type":"Feature","properties":{"i":0.47},"geometry":{"type":"Point","coordinates":[72.97119,18.70869]}},{"type":"Feature","properties":{"i":0.99},"geometry":{"type":"Point","coordinates":[73.01514,18.70869]}},{"type":"Feature","properties":{"i":1},"geometry":{"type":"Point","coordinates":[73.05908,18.70869]}},{"type":"Feature","properties":{"i":0.53},"geometry":{"type":"Point","coordinates":[73.10303,18.70869]}},{"type":"Feature","properties":{"i":0.64},"geometry":{"type":"Point","coordinates":[72.8833,18.66706]}},{"type":"Feature","properties":{"i":0.4},"geometry":{"type":"Point","coordinates":[72.92725,18.66706]}},{"type":"Feature","properties":{"i":0.42},"geometry":{"type":"Point","coordinates":[72.97119,18.66706]}},{"type":"Feature","properties":{"i":0.86},"geometry":{"type":"Point","coordinates":[73.01514,18.66706]}},{"type":"Feature","properties":{"i":1},"geometry":{"type":"Point","coordinates":[73.05908,18.66706]}},{"type":"Feature","properties":{"i":0.63},"geometry":{"type":"Point","coordinates":[73.10303,18.66706]}},{"type":"Feature","properties":{"i":0.65},"geometry":{"type":"Point","coordinates":[72.8833,18.62542]}},{"type":"Feature","properties":{"i":0.4},"geometry":{"type":"Point","coordinates":[72.92725,18.62542]}},{"type":"Feature","properties":{"i":0.41},"geometry":{"type":"Point","coordinates":[72.97119,18.62542]}},{"type":"Feature","properties":{"i":0.15},"geometry":{"type":"Point","coordinates":[73.01514,18.62542]}},{"type":"Feature","properties":{"i":0.29},"geometry":{"type":"Point","coordinates":[73.05908,18.62542]}},{"type":"Feature","properties":{"i":0.45},"geometry":{"type":"Point","coordinates":[73.10303,18.62542]}},{"type":"Feature","properties":{"i":0.77},"geometry":{"type":"Point","coordinates":[71.0376,18.58378]}},{"type":"Feature","properties":{"i":1},"geometry":{"type":"Point","coordinates":[72.22412,18.58378]}},{"type":"Feature","properties":{"i":1},"geometry":{"type":"Point","coordinates":[72.26807,18.58378]}},{"type":"Feature","properties":{"i":0.23},"geometry":{"type":"Point","coordinates":[72.31201,18.58378]}},{"type":"Feature","properties":{"i":0.07},"geometry":{"type":"Point","coordinates":[72.8833,18.58378]}},{"type":"Feature","properties":{"i":0.35},"geometry":{"type":"Point","coordinates":[72.92725,18.58378]}},{"type":"Feature","properties":{"i":1},"geometry":{"type":"Point","coordinates":[72.97119,18.58378]}},{"type":"Feature","properties":{"i":0.25},"geometry":{"type":"Point","coordinates":[73.01514,18.58378]}},{"type":"Feature","properties":{"i":0.09},"geometry":{"type":"Point","coordinates":[73.05908,18.58378]}},{"type":"Feature","properties":{"i":1},"geometry":{"type":"Point","coordinates":[73.10303,18.58378]}},{"type":"Feature","properties":{"i":0.08},"geometry":{"type":"Point","coordinates":[72.18018,18.54212]}},{"type":"Feature","properties":{"i":0.82},"geometry":{"type":"Point","coordinates":[72.22412,18.54212]}},{"type":"Feature","properties":{"i":0.75},"geometry":{"type":"Point","coordinates":[72.26807,18.54212]}},{"type":"Feature","properties":{"i":0.18},"geometry":{"type":"Point","coordinates":[72.31201,18.54212]}},{"type":"Feature","properties":{"i":0.61},"geometry":{"type":"Point","coordinates":[72.92725,18.54212]}},{"type":"Feature","properties":{"i":0.56},"geometry":{"type":"Point","coordinates":[72.97119,18.54212]}},{"type":"Feature","properties":{"i":0.15},"geometry":{"type":"Point","coordinates":[73.01514,18.54212]}},{"type":"Feature","properties":{"i":0.12},"geometry":{"type":"Point","coordinates":[73.05908,18.54212]}},{"type":"Feature","properties":{"i":1},"geometry":{"type":"Point","coordinates":[73.10303,18.54212]}},{"type":"Feature","properties":{"i":0.02},"geometry":{"type":"Point","coordinates":[72.26807,18.50045]}},{"type":"Feature","properties":{"i":0.09},"geometry":{"type":"Point","coordinates":[72.92725,18.50045]}},{"type":"Feature","properties":{"i":0.31},"geometry":{"type":"Point","coordinates":[73.10303,18.45877]}},{"type":"Feature","properties":{"i":0.17},"geometry":{"type":"Point","coordinates":[73.01514,18.41708]}},{"type":"Feature","properties":{"i":0.14},"geometry":{"type":"Point","coordinates":[73.05908,18.41708]}},{"type":"Feature","properties":{"i":0.68},"geometry":{"type":"Point","coordinates":[73.10303,18.41708]}},{"type":"Feature","properties":{"i":0.19},"geometry":{"type":"Point","coordinates":[72.97119,18.33367]}},{"type":"Feature","properties":{"i":0.4},"geometry":{"type":"Point","coordinates":[72.97119,18.29195]}},{"type":"Feature","properties":{"i":0.23},"geometry":{"type":"Point","coordinates":[73.01514,18.29195]}},{"type":"Feature","properties":{"i":0.19},"geometry":{"type":"Point","coordinates":[73.05908,18.29195]}},{"type":"Feature","properties":{"i":0.52},"geometry":{"type":"Point","coordinates":[72.97119,18.25022]}},{"type":"Feature","properties":{"i":0.45},"geometry":{"type":"Point","coordinates":[73.01514,18.25022]}},{"type":"Feature","properties":{"i":0.25},"geometry":{"type":"Point","coordinates":[73.05908,18.25022]}},{"type":"Feature","properties":{"i":0.07},"geometry":{"type":"Point","coordinates":[73.01514,18.20848]}},{"type":"Feature","properties":{"i":0.04},"geometry":{"type":"Point","coordinates":[72.97119,18.16673]}},{"type":"Feature","properties":{"i":0.23},"geometry":{"type":"Point","coordinates":[73.01514,18.16673]}},{"type":"Feature","properties":{"i":0.24},"geometry":{"type":"Point","coordinates":[73.10303,18.12497]}},{"type":"Feature","properties":{"i":0.02},"geometry":{"type":"Point","coordinates":[73.05908,18.0832]}},{"type":"Feature","properties":{"i":0.34},"geometry":{"type":"Point","coordinates":[73.01514,18.04142]}},{"type":"Feature","properties":{"i":0.07},"geometry":{"type":"Point","coordinates":[73.05908,18.04142]}},{"type":"Feature","properties":{"i":0.03},"geometry":{"type":"Point","coordinates":[73.01514,17.99963]}},{"type":"Feature","properties":{"i":0.76},"geometry":{"type":"Point","coordinates":[73.14697,19.29041]}},{"type":"Feature","properties":{"i":0.73},"geometry":{"type":"Point","coordinates":[73.19092,19.29041]}},{"type":"Feature","properties":{"i":0.84},"geometry":{"type":"Point","coordinates":[73.23486,19.29041]}},{"type":"Feature","properties":{"i":0.33},"geometry":{"type":"Point","coordinates":[73.27881,19.29041]}},{"type":"Feature","properties":{"i":0.19},"geometry":{"type":"Point","coordinates":[73.32275,19.29041]}},{"type":"Feature","properties":{"i":0.09},"geometry":{"type":"Point","coordinates":[73.3667,19.29041]}},{"type":"Feature","properties":{"i":0.23},"geometry":{"type":"Point","coordinates":[73.41064,19.29041]}},{"type":"Feature","properties":{"i":0.09},"geometry":{"type":"Point","coordinates":[73.45459,19.29041]}},{"type":"Feature","properties":{"i":0.15},"geometry":{"type":"Point","coordinates":[73.49854,19.29041]}},{"type":"Feature","properties":{"i":0.11},"geometry":{"type":"Point","coordinates":[73.54248,19.29041]}},{"type":"Feature","properties":{"i":0.22},"geometry":{"type":"Point","coordinates":[73.58643,19.29041]}},{"type":"Feature","properties":{"i":0.08},"geometry":{"type":"Point","coordinates":[73.71826,19.29041]}},{"type":"Feature","properties":{"i":0.22},"geometry":{"type":"Point","coordinates":[73.80615,19.29041]}},{"type":"Feature","properties":{"i":0.22},"geometry":{"type":"Point","coordinates":[73.8501,19.29041]}},{"type":"Feature","properties":{"i":0.28},"geometry":{"type":"Point","coordinates":[73.89404,19.29041]}},{"type":"Feature","properties":{"i":0.4},"geometry":{"type":"Point","coordinates":[73.93799,19.29041]}},{"type":"Feature","properties":{"i":0.16},"geometry":{"type":"Point","coordinates":[73.98193,19.29041]}},{"type":"Feature","properties":{"i":0.19},"geometry":{"type":"Point","coordinates":[74.02588,19.29041]}},{"type":"Feature","properties":{"i":0.31},"geometry":{"type":"Point","coordinates":[74.06982,19.29041]}},{"type":"Feature","properties":{"i":0.19},"geometry":{"type":"Point","coordinates":[74.11377,19.29041]}},{"type":"Feature","properties":{"i":0.53},"geometry":{"type":"Point","coordinates":[74.15771,19.29041]}},{"type":"Feature","properties":{"i":0.29},"geometry":{"type":"Point","coordinates":[74.20166,19.29041]}},{"type":"Feature","properties":{"i":0.21},"geometry":{"type":"Point","coordinates":[74.24561,19.29041]}},{"type":"Feature","properties":{"i":0.33},"geometry":{"type":"Point","coordinates":[74.28955,19.29041]}},{"type":"Feature","properties":{"i":0.1},"geometry":{"type":"Point","coordinates":[74.37744,19.29041]}},{"type":"Feature","properties":{"i":0.08},"geometry":{"type":"Point","coordinates":[74.55322,19.29041]}},{"type":"Feature","properties":{"i":0.19},"geometry":{"type":"Point","coordinates":[74.64111,19.29041]}},{"type":"Feature","properties":{"i":0.39},"geometry":{"type":"Point","coordinates":[74.68506,19.29041]}},{"type":"Feature","properties":{"i":0.4},"geometry":{"type":"Point","coordinates":[74.729,19.29041]}},{"type":"Feature","properties":{"i":0.04},"geometry":{"type":"Point","coordinates":[74.77295,19.29041]}},{"type":"Feature","properties":{"i":0.13},"geometry":{"type":"Point","coordinates":[74.81689,19.29041]}},{"type":"Feature","properties":{"i":0.52},"geometry":{"type":"Point","coordinates":[74.86084,19.29041]}},{"type":"Feature","properties":{"i":1},"geometry":{"type":"Point","coordinates":[73.14697,19.24892]}},{"type":"Feature","properties":{"i":1},"geometry":{"type":"Point","coordinates":[73.19092,19.24892]}},{"type":"Feature","properties":{"i":0.56},"geometry":{"type":"Point","coordinates":[73.23486,19.24892]}},{"type":"Feature","properties":{"i":0.37},"geometry":{"type":"Point","coordinates":[73.27881,19.24892]}},{"type":"Feature","properties":{"i":0.32},"geometry":{"type":"Point","coordinates":[73.32275,19.24892]}},{"type":"Feature","properties":{"i":0.53},"geometry":{"type":"Point","coordinates":[73.3667,19.24892]}},{"type":"Feature","properties":{"i":0.82},"geometry":{"type":"Point","coordinates":[73.41064,19.24892]}},{"type":"Feature","properties":{"i":0.22},"geometry":{"type":"Point","coordinates":[73.45459,19.24892]}},{"type":"Feature","properties":{"i":0.14},"geometry":{"type":"Point","coordinates":[73.49854,19.24892]}},{"type":"Feature","properties":{"i":0.09},"geometry":{"type":"Point","coordinates":[73.58643,19.24892]}},{"type":"Feature","properties":{"i":0.13},"geometry":{"type":"Point","coordinates":[73.80615,19.24892]}},{"type":"Feature","properties":{"i":0.14},"geometry":{"type":"Point","coordinates":[73.8501,19.24892]}},{"type":"Feature","properties":{"i":0.36},"geometry":{"type":"Point","coordinates":[73.89404,19.24892]}},{"type":"Feature","properties":{"i":0.37},"geometry":{"type":"Point","coordinates":[73.93799,19.24892]}},{"type":"Feature","properties":{"i":0.67},"geometry":{"type":"Point","coordinates":[73.98193,19.24892]}},{"type":"Feature","properties":{"i":0.4},"geometry":{"type":"Point","coordinates":[74.02588,19.24892]}},{"type":"Feature","properties":{"i":0.18},"geometry":{"type":"Point","coordinates":[74.06982,19.24892]}},{"type":"Feature","properties":{"i":0.25},"geometry":{"type":"Point","coordinates":[74.11377,19.24892]}},{"type":"Feature","properties":{"i":0.49},"geometry":{"type":"Point","coordinates":[74.15771,19.24892]}},{"type":"Feature","properties":{"i":0.15},"geometry":{"type":"Point","coordinates":[74.20166,19.24892]}},{"type":"Feature","properties":{"i":0.22},"geometry":{"type":"Point","coordinates":[74.24561,19.24892]}},{"type":"Feature","properties":{"i":0.09},"geometry":{"type":"Point","coordinates":[74.28955,19.24892]}},{"type":"Feature","properties":{"i":0.19},"geometry":{"type":"Point","coordinates":[74.68506,19.24892]}},{"type":"Feature","properties":{"i":0.21},"geometry":{"type":"Point","coordinates":[74.729,19.24892]}},{"type":"Feature","properties":{"i":0.25},"geometry":{"type":"Point","coordinates":[74.77295,19.24892]}},{"type":"Feature","properties":{"i":0.58},"geometry":{"type":"Point","coordinates":[74.81689,19.24892]}},{"type":"Feature","properties":{"i":0.23},"geometry":{"type":"Point","coordinates":[74.86084,19.24892]}},{"type":"Feature","properties":{"i":1},"geometry":{"type":"Point","coordinates":[73.14697,19.20743]}},{"type":"Feature","properties":{"i":1},"geometry":{"type":"Point","coordinates":[73.19092,19.20743]}},{"type":"Feature","properties":{"i":0.82},"geometry":{"type":"Point","coordinates":[73.23486,19.20743]}},{"type":"Feature","properties":{"i":0.46},"geometry":{"type":"Point","coordinates":[73.27881,19.20743]}},{"type":"Feature","properties":{"i":0.27},"geometry":{"type":"Point","coordinates":[73.32275,19.20743]}},{"type":"Feature","properties":{"i":0.11},"geometry":{"type":"Point","coordinates":[73.3667,19.20743]}},{"type":"Feature","properties":{"i":0.18},"geometry":{"type":"Point","coordinates":[73.41064,19.20743]}},{"type":"Feature","properties":{"i":0.34},"geometry":{"type":"Point","coordinates":[73.45459,19.20743]}},{"type":"Feature","properties":{"i":0.13},"geometry":{"type":"Point","coordinates":[73.49854,19.20743]}},{"type":"Feature","properties":{"i":0.12},"geometry":{"type":"Point","coordinates":[73.58643,19.20743]}},{"type":"Feature","properties":{"i":0.12},"geometry":{"type":"Point","coordinates":[73.76221,19.20743]}},{"type":"Feature","properties":{"i":0.28},"geometry":{"type":"Point","coordinates":[73.80615,19.20743]}},{"type":"Feature","properties":{"i":0.73},"geometry":{"type":"Point","coordinates":[73.8501,19.20743]}},{"type":"Feature","properties":{"i":0.89},"geometry":{"type":"Point","coordinates":[73.89404,19.20743]}},{"type":"Feature","properties":{"i":0.34},"geometry":{"type":"Point","coordinates":[73.93799,19.20743]}},{"type":"Feature","properties":{"i":0.53},"geometry":{"type":"Point","coordinates":[73.98193,19.20743]}},{"type":"Feature","properties":{"i":0.48},"geometry":{"type":"Point","coordinates":[74.02588,19.20743]}},{"type":"Feature","properties":{"i":0.43},"geometry":{"type":"Point","coordinates":[74.06982,19.20743]}},{"type":"Feature","properties":{"i":0.65},"geometry":{"type":"Point","coordinates":[74.11377,19.20743]}},{"type":"Feature","properties":{"i":0.38},"geometry":{"type":"Point","coordinates":[74.15771,19.20743]}},{"type":"Feature","properties":{"i":0.3},"geometry":{"type":"Point","coordinates":[74.20166,19.20743]}},{"type":"Feature","properties":{"i":0.33},"geometry":{"type":"Point","coordinates":[74.24561,19.20743]}},{"type":"Feature","properties":{"i":0.15},"geometry":{"type":"Point","coordinates":[74.28955,19.20743]}},{"type":"Feature","properties":{"i":0.09},"geometry":{"type":"Point","coordinates":[74.3335,19.20743]}},{"type":"Feature","properties":{"i":0.23},"geometry":{"type":"Point","coordinates":[74.37744,19.20743]}},{"type":"Feature","properties":{"i":0.03},"geometry":{"type":"Point","coordinates":[74.42139,19.20743]}},{"type":"Feature","properties":{"i":0.11},"geometry":{"type":"Point","coordinates":[74.50928,19.20743]}},{"type":"Feature","properties":{"i":0.52},"geometry":{"type":"Point","coordinates":[74.68506,19.20743]}},{"type":"Feature","properties":{"i":0.34},"geometry":{"type":"Point","coordinates":[74.729,19.20743]}},{"type":"Feature","properties":{"i":0.39},"geometry":{"type":"Point","coordinates":[74.77295,19.20743]}},{"type":"Feature","properties":{"i":0.35},"geometry":{"type":"Point","coordinates":[74.81689,19.20743]}},{"type":"Feature","properties":{"i":0.23},"geometry":{"type":"Point","coordinates":[74.86084,19.20743]}},{"type":"Feature","properties":{"i":1},"geometry":{"type":"Point","coordinates":[73.14697,19.16592]}},{"type":"Feature","properties":{"i":1},"geometry":{"type":"Point","coordinates":[73.19092,19.16592]}},{"type":"Feature","properties":{"i":1},"geometry":{"type":"Point","coordinates":[73.23486,19.16592]}},{"type":"Feature","properties":{"i":0.74},"geometry":{"type":"Point","coordinates":[73.27881,19.16592]}},{"type":"Feature","properties":{"i":0.31},"geometry":{"type":"Point","coordinates":[73.32275,19.16592]}},{"type":"Feature","properties":{"i":0.17},"geometry":{"type":"Point","coordinates":[73.3667,19.16592]}},{"type":"Feature","properties":{"i":0.11},"geometry":{"type":"Point","coordinates":[73.41064,19.16592]}},{"type":"Feature","properties":{"i":0.22},"geometry":{"type":"Point","coordinates":[73.45459,19.16592]}},{"type":"Feature","properties":{"i":0.1},"geometry":{"type":"Point","coordinates":[73.49854,19.16592]}},{"type":"Feature","properties":{"i":0.1},"geometry":{"type":"Point","coordinates":[73.76221,19.16592]}},{"type":"Feature","properties":{"i":0.28},"geometry":{"type":"Point","coordinates":[73.80615,19.16592]}},{"type":"Feature","properties":{"i":0.51},"geometry":{"type":"Point","coordinates":[73.8501,19.16592]}},{"type":"Feature","properties":{"i":0.42},"geometry":{"type":"Point","coordinates":[73.89404,19.16592]}},{"type":"Feature","properties":{"i":0.48},"geometry":{"type":"Point","coordinates":[73.93799,19.16592]}},{"type":"Feature","properties":{"i":0.53},"geometry":{"type":"Point","coordinates":[73.98193,19.16592]}},{"type":"Feature","properties":{"i":0.52},"geometry":{"type":"Point","coordinates":[74.02588,19.16592]}},{"type":"Feature","properties":{"i":0.7},"geometry":{"type":"Point","coordinates":[74.06982,19.16592]}},{"type":"Feature","properties":{"i":0.87},"geometry":{"type":"Point","coordinates":[74.11377,19.16592]}},{"type":"Feature","properties":{"i":0.63},"geometry":{"type":"Point","coordinates":[74.15771,19.16592]}},{"type":"Feature","properties":{"i":0.27},"geometry":{"type":"Point","coordinates":[74.24561,19.16592]}},{"type":"Feature","properties":{"i":0.22},"geometry":{"type":"Point","coordinates":[74.28955,19.16592]}},{"type":"Feature","properties":{"i":0.53},"geometry":{"type":"Point","coordinates":[74.3335,19.16592]}},{"type":"Feature","properties":{"i":0.49},"geometry":{"type":"Point","coordinates":[74.37744,19.16592]}},{"type":"Feature","properties":{"i":0.11},"geometry":{"type":"Point","coordinates":[74.42139,19.16592]}},{"type":"Feature","properties":{"i":0.19},"geometry":{"type":"Point","coordinates":[74.46533,19.16592]}},{"type":"Feature","properties":{"i":0.22},"geometry":{"type":"Point","coordinates":[74.50928,19.16592]}},{"type":"Feature","properties":{"i":0.52},"geometry":{"type":"Point","coordinates":[74.55322,19.16592]}},{"type":"Feature","properties":{"i":0.04},"geometry":{"type":"Point","coordinates":[74.64111,19.16592]}},{"type":"Feature","properties":{"i":0.79},"geometry":{"type":"Point","coordinates":[74.68506,19.16592]}},{"type":"Feature","properties":{"i":0.93},"geometry":{"type":"Point","coordinates":[74.729,19.16592]}},{"type":"Feature","properties":{"i":0.25},"geometry":{"type":"Point","coordinates":[74.77295,19.16592]}},{"type":"Feature","properties":{"i":0.28},"geometry":{"type":"Point","coordinates":[74.81689,19.16592]}},{"type":"Feature","properties":{"i":0.19},"geometry":{"type":"Point","coordinates":[74.86084,19.16592]}},{"type":"Feature","properties":{"i":0.8},"geometry":{"type":"Point","coordinates":[73.14697,19.12441]}},{"type":"Feature","properties":{"i":0.49},"geometry":{"type":"Point","coordinates":[73.19092,19.12441]}},{"type":"Feature","properties":{"i":0.98},"geometry":{"type":"Point","coordinates":[73.23486,19.12441]}},{"type":"Feature","properties":{"i":0.3},"geometry":{"type":"Point","coordinates":[73.27881,19.12441]}},{"type":"Feature","properties":{"i":0.36},"geometry":{"type":"Point","coordinates":[73.32275,19.12441]}},{"type":"Feature","properties":{"i":0.19},"geometry":{"type":"Point","coordinates":[73.3667,19.12441]}},{"type":"Feature","properties":{"i":0.04},"geometry":{"type":"Point","coordinates":[73.41064,19.12441]}},{"type":"Feature","properties":{"i":0.11},"geometry":{"type":"Point","coordinates":[73.80615,19.12441]}},{"type":"Feature","properties":{"i":0.44},"geometry":{"type":"Point","coordinates":[73.8501,19.12441]}},{"type":"Feature","properties":{"i":0.54},"geometry":{"type":"Point","coordinates":[73.89404,19.12441]}},{"type":"Feature","properties":{"i":0.37},"geometry":{"type":"Point","coordinates":[73.93799,19.12441]}},{"type":"Feature","properties":{"i":0.85},"geometry":{"type":"Point","coordinates":[73.98193,19.12441]}},{"type":"Feature","properties":{"i":0.57},"geometry":{"type":"Point","coordinates":[74.02588,19.12441]}},{"type":"Feature","properties":{"i":0.32},"geometry":{"type":"Point","coordinates":[74.06982,19.12441]}},{"type":"Feature","properties":{"i":0.36},"geometry":{"type":"Point","coordinates":[74.11377,19.12441]}},{"type":"Feature","properties":{"i":0.55},"geometry":{"type":"Point","coordinates":[74.15771,19.12441]}},{"type":"Feature","properties":{"i":0.65},"geometry":{"type":"Point","coordinates":[74.20166,19.12441]}},{"type":"Feature","properties":{"i":0.47},"geometry":{"type":"Point","coordinates":[74.24561,19.12441]}},{"type":"Feature","properties":{"i":0.3},"geometry":{"type":"Point","coordinates":[74.28955,19.12441]}},{"type":"Feature","properties":{"i":0.22},"geometry":{"type":"Point","coordinates":[74.3335,19.12441]}},{"type":"Feature","properties":{"i":0.05},"geometry":{"type":"Point","coordinates":[74.37744,19.12441]}},{"type":"Feature","properties":{"i":0.07},"geometry":{"type":"Point","coordinates":[74.42139,19.12441]}},{"type":"Feature","properties":{"i":0.04},"geometry":{"type":"Point","coordinates":[74.46533,19.12441]}},{"type":"Feature","properties":{"i":0.22},"geometry":{"type":"Point","coordinates":[74.50928,19.12441]}},{"type":"Feature","properties":{"i":0.42},"geometry":{"type":"Point","coordinates":[74.55322,19.12441]}},{"type":"Feature","properties":{"i":0.5},"geometry":{"type":"Point","coordinates":[74.59717,19.12441]}},{"type":"Feature","properties":{"i":0.92},"geometry":{"type":"Point","coordinates":[74.68506,19.12441]}},{"type":"Feature","properties":{"i":0.97},"geometry":{"type":"Point","coordinates":[74.729,19.12441]}},{"type":"Feature","properties":{"i":0.63},"geometry":{"type":"Point","coordinates":[74.77295,19.12441]}},{"type":"Feature","properties":{"i":0.34},"geometry":{"type":"Point","coordinates":[74.81689,19.12441]}},{"type":"Feature","properties":{"i":0.22},"geometry":{"type":"Point","coordinates":[74.86084,19.12441]}},{"type":"Feature","properties":{"i":1},"geometry":{"type":"Point","coordinates":[73.14697,19.08288]}},{"type":"Feature","properties":{"i":0.47},"geometry":{"type":"Point","coordinates":[73.19092,19.08288]}},{"type":"Feature","properties":{"i":0.3},"geometry":{"type":"Point","coordinates":[73.23486,19.08288]}},{"type":"Feature","properties":{"i":0.17},"geometry":{"type":"Point","coordinates":[73.27881,19.08288]}},{"type":"Feature","properties":{"i":0.35},"geometry":{"type":"Point","coordinates":[73.32275,19.08288]}},{"type":"Feature","properties":{"i":0.21},"geometry":{"type":"Point","coordinates":[73.3667,19.08288]}},{"type":"Feature","properties":{"i":0.09},"geometry":{"type":"Point","coordinates":[73.41064,19.08288]}},{"type":"Feature","properties":{"i":0.02},"geometry":{"type":"Point","coordinates":[73.54248,19.08288]}},{"type":"Feature","properties":{"i":0.05},"geometry":{"type":"Point","coordinates":[73.58643,19.08288]}},{"type":"Feature","properties":{"i":0.14},"geometry":{"type":"Point","coordinates":[73.63037,19.08288]}},{"type":"Feature","properties":{"i":0.09},"geometry":{"type":"Point","coordinates":[73.71826,19.08288]}},{"type":"Feature","properties":{"i":0.34},"geometry":{"type":"Point","coordinates":[73.76221,19.08288]}},{"type":"Feature","properties":{"i":0.48},"geometry":{"type":"Point","coordinates":[73.80615,19.08288]}},{"type":"Feature","properties":{"i":0.19},"geometry":{"type":"Point","coordinates":[73.8501,19.08288]}},{"type":"Feature","properties":{"i":0.3},"geometry":{"type":"Point","coordinates":[73.89404,19.08288]}},{"type":"Feature","properties":{"i":0.19},"geometry":{"type":"Point","coordinates":[73.93799,19.08288]}},{"type":"Feature","properties":{"i":0.47},"geometry":{"type":"Point","coordinates":[73.98193,19.08288]}},{"type":"Feature","properties":{"i":0.46},"geometry":{"type":"Point","coordinates":[74.02588,19.08288]}},{"type":"Feature","properties":{"i":0.36},"geometry":{"type":"Point","coordinates":[74.06982,19.08288]}},{"type":"Feature","properties":{"i":0.53},"geometry":{"type":"Point","coordinates":[74.11377,19.08288]}},{"type":"Feature","properties":{"i":0.59},"geometry":{"type":"Point","coordinates":[74.15771,19.08288]}},{"type":"Feature","properties":{"i":0.37},"geometry":{"type":"Point","coordinates":[74.20166,19.08288]}},{"type":"Feature","properties":{"i":0.04},"geometry":{"type":"Point","coordinates":[74.24561,19.08288]}},{"type":"Feature","properties":{"i":0.25},"geometry":{"type":"Point","coordinates":[74.28955,19.08288]}},{"type":"Feature","properties":{"i":0.03},"geometry":{"type":"Point","coordinates":[74.3335,19.08288]}},{"type":"Feature","properties":{"i":0.42},"geometry":{"type":"Point","coordinates":[74.37744,19.08288]}},{"type":"Feature","properties":{"i":0.12},"geometry":{"type":"Point","coordinates":[74.42139,19.08288]}},{"type":"Feature","properties":{"i":0.46},"geometry":{"type":"Point","coordinates":[74.46533,19.08288]}},{"type":"Feature","properties":{"i":0.04},"geometry":{"type":"Point","coordinates":[74.50928,19.08288]}},{"type":"Feature","properties":{"i":0.13},"geometry":{"type":"Point","coordinates":[74.55322,19.08288]}},{"type":"Feature","properties":{"i":0.19},"geometry":{"type":"Point","coordinates":[74.59717,19.08288]}},{"type":"Feature","properties":{"i":0.55},"geometry":{"type":"Point","coordinates":[74.64111,19.08288]}},{"type":"Feature","properties":{"i":0.83},"geometry":{"type":"Point","coordinates":[74.68506,19.08288]}},{"type":"Feature","properties":{"i":1},"geometry":{"type":"Point","coordinates":[74.729,19.08288]}},{"type":"Feature","properties":{"i":0.81},"geometry":{"type":"Point","coordinates":[74.77295,19.08288]}},{"type":"Feature","properties":{"i":0.5},"geometry":{"type":"Point","coordinates":[74.81689,19.08288]}},{"type":"Feature","properties":{"i":0.32},"geometry":{"type":"Point","coordinates":[74.86084,19.08288]}},{"type":"Feature","properties":{"i":1},"geometry":{"type":"Point","coordinates":[73.14697,19.04135]}},{"type":"Feature","properties":{"i":0.57},"geometry":{"type":"Point","coordinates":[73.19092,19.04135]}},{"type":"Feature","properties":{"i":0.26},"geometry":{"type":"Point","coordinates":[73.23486,19.04135]}},{"type":"Feature","properties":{"i":0.14},"geometry":{"type":"Point","coordinates":[73.27881,19.04135]}},{"type":"Feature","properties":{"i":0.56},"geometry":{"type":"Point","coordinates":[73.32275,19.04135]}},{"type":"Feature","properties":{"i":0.37},"geometry":{"type":"Point","coordinates":[73.3667,19.04135]}},{"type":"Feature","properties":{"i":0.24},"geometry":{"type":"Point","coordinates":[73.41064,19.04135]}},{"type":"Feature","properties":{"i":0.27},"geometry":{"type":"Point","coordinates":[73.45459,19.04135]}},{"type":"Feature","properties":{"i":0.1},"geometry":{"type":"Point","coordinates":[73.49854,19.04135]}},{"type":"Feature","properties":{"i":0.12},"geometry":{"type":"Point","coordinates":[73.63037,19.04135]}},{"type":"Feature","properties":{"i":0.1},"geometry":{"type":"Point","coordinates":[73.71826,19.04135]}},{"type":"Feature","properties":{"i":0.1},"geometry":{"type":"Point","coordinates":[73.76221,19.04135]}},{"type":"Feature","properties":{"i":0.18},"geometry":{"type":"Point","coordinates":[73.80615,19.04135]}},{"type":"Feature","properties":{"i":0.37},"geometry":{"type":"Point","coordinates":[73.8501,19.04135]}},{"type":"Feature","properties":{"i":0.34},"geometry":{"type":"Point","coordinates":[73.89404,19.04135]}},{"type":"Feature","properties":{"i":0.58},"geometry":{"type":"Point","coordinates":[73.93799,19.04135]}},{"type":"Feature","properties":{"i":0.45},"geometry":{"type":"Point","coordinates":[73.98193,19.04135]}},{"type":"Feature","properties":{"i":0.36},"geometry":{"type":"Point","coordinates":[74.02588,19.04135]}},{"type":"Feature","properties":{"i":0.37},"geometry":{"type":"Point","coordinates":[74.06982,19.04135]}},{"type":"Feature","properties":{"i":0.26},"geometry":{"type":"Point","coordinates":[74.11377,19.04135]}},{"type":"Feature","properties":{"i":0.28},"geometry":{"type":"Point","coordinates":[74.15771,19.04135]}},{"type":"Feature","properties":{"i":0.21},"geometry":{"type":"Point","coordinates":[74.20166,19.04135]}},{"type":"Feature","properties":{"i":0.28},"geometry":{"type":"Point","coordinates":[74.24561,19.04135]}},{"type":"Feature","properties":{"i":0.28},"geometry":{"type":"Point","coordinates":[74.28955,19.04135]}},{"type":"Feature","properties":{"i":0.03},"geometry":{"type":"Point","coordinates":[74.3335,19.04135]}},{"type":"Feature","properties":{"i":0.25},"geometry":{"type":"Point","coordinates":[74.42139,19.04135]}},{"type":"Feature","properties":{"i":0.08},"geometry":{"type":"Point","coordinates":[74.50928,19.04135]}},{"type":"Feature","properties":{"i":0.29},"geometry":{"type":"Point","coordinates":[74.59717,19.04135]}},{"type":"Feature","properties":{"i":0.36},"geometry":{"type":"Point","coordinates":[74.64111,19.04135]}},{"type":"Feature","properties":{"i":0.67},"geometry":{"type":"Point","coordinates":[74.68506,19.04135]}},{"type":"Feature","properties":{"i":0.7},"geometry":{"type":"Point","coordinates":[74.729,19.04135]}},{"type":"Feature","properties":{"i":0.74},"geometry":{"type":"Point","coordinates":[74.77295,19.04135]}},{"type":"Feature","properties":{"i":0.33},"geometry":{"type":"Point","coordinates":[74.81689,19.04135]}},{"type":"Feature","properties":{"i":0.13},"geometry":{"type":"Point","coordinates":[74.86084,19.04135]}},{"type":"Feature","properties":{"i":1},"geometry":{"type":"Point","coordinates":[73.14697,18.9998]}},{"type":"Feature","properties":{"i":0.6},"geometry":{"type":"Point","coordinates":[73.19092,18.9998]}},{"type":"Feature","properties":{"i":0.32},"geometry":{"type":"Point","coordinates":[73.23486,18.9998]}},{"type":"Feature","properties":{"i":0.1},"geometry":{"type":"Point","coordinates":[73.27881,18.9998]}},{"type":"Feature","properties":{"i":0.55},"geometry":{"type":"Point","coordinates":[73.32275,18.9998]}},{"type":"Feature","properties":{"i":0.28},"geometry":{"type":"Point","coordinates":[73.3667,18.9998]}},{"type":"Feature","properties":{"i":0.22},"geometry":{"type":"Point","coordinates":[73.41064,18.9998]}},{"type":"Feature","properties":{"i":0.13},"geometry":{"type":"Point","coordinates":[73.45459,18.9998]}},{"type":"Feature","properties":{"i":0.19},"geometry":{"type":"Point","coordinates":[73.49854,18.9998]}},{"type":"Feature","properties":{"i":0.32},"geometry":{"type":"Point","coordinates":[73.76221,18.9998]}},{"type":"Feature","properties":{"i":0.14},"geometry":{"type":"Point","coordinates":[73.80615,18.9998]}},{"type":"Feature","properties":{"i":0.19},"geometry":{"type":"Point","coordinates":[73.8501,18.9998]}},{"type":"Feature","properties":{"i":0.42},"geometry":{"type":"Point","coordinates":[73.89404,18.9998]}},{"type":"Feature","properties":{"i":0.76},"geometry":{"type":"Point","coordinates":[73.93799,18.9998]}},{"type":"Feature","properties":{"i":0.65},"geometry":{"type":"Point","coordinates":[73.98193,18.9998]}},{"type":"Feature","properties":{"i":0.3},"geometry":{"type":"Point","coordinates":[74.02588,18.9998]}},{"type":"Feature","properties":{"i":0.3},"geometry":{"type":"Point","coordinates":[74.06982,18.9998]}},{"type":"Feature","properties":{"i":0.39},"geometry":{"type":"Point","coordinates":[74.11377,18.9998]}},{"type":"Feature","properties":{"i":0.49},"geometry":{"type":"Point","coordinates":[74.15771,18.9998]}},{"type":"Feature","properties":{"i":0.46},"geometry":{"type":"Point","coordinates":[74.20166,18.9998]}},{"type":"Feature","properties":{"i":0.35},"geometry":{"type":"Point","coordinates":[74.24561,18.9998]}},{"type":"Feature","properties":{"i":0.47},"geometry":{"type":"Point","coordinates":[74.28955,18.9998]}},{"type":"Feature","properties":{"i":0.12},"geometry":{"type":"Point","coordinates":[74.3335,18.9998]}},{"type":"Feature","properties":{"i":0.74},"geometry":{"type":"Point","coordinates":[74.42139,18.9998]}},{"type":"Feature","properties":{"i":0.84},"geometry":{"type":"Point","coordinates":[74.46533,18.9998]}},{"type":"Feature","properties":{"i":0.14},"geometry":{"type":"Point","coordinates":[74.50928,18.9998]}},{"type":"Feature","properties":{"i":0.13},"geometry":{"type":"Point","coordinates":[74.55322,18.9998]}},{"type":"Feature","properties":{"i":0.24},"geometry":{"type":"Point","coordinates":[74.59717,18.9998]}},{"type":"Feature","properties":{"i":0.34},"geometry":{"type":"Point","coordinates":[74.64111,18.9998]}},{"type":"Feature","properties":{"i":1},"geometry":{"type":"Point","coordinates":[74.68506,18.9998]}},{"type":"Feature","properties":{"i":0.22},"geometry":{"type":"Point","coordinates":[74.729,18.9998]}},{"type":"Feature","properties":{"i":0.73},"geometry":{"type":"Point","coordinates":[74.77295,18.9998]}},{"type":"Feature","properties":{"i":0.75},"geometry":{"type":"Point","coordinates":[74.81689,18.9998]}},{"type":"Feature","properties":{"i":0.18},"geometry":{"type":"Point","coordinates":[74.86084,18.9998]}},{"type":"Feature","properties":{"i":1},"geometry":{"type":"Point","coordinates":[73.14697,18.95825]}},{"type":"Feature","properties":{"i":0.81},"geometry":{"type":"Point","coordinates":[73.19092,18.95825]}},{"type":"Feature","properties":{"i":0.32},"geometry":{"type":"Point","coordinates":[73.23486,18.95825]}},{"type":"Feature","properties":{"i":0.19},"geometry":{"type":"Point","coordinates":[73.27881,18.95825]}},{"type":"Feature","properties":{"i":0.36},"geometry":{"type":"Point","coordinates":[73.32275,18.95825]}},{"type":"Feature","properties":{"i":0.32},"geometry":{"type":"Point","coordinates":[73.3667,18.95825]}},{"type":"Feature","properties":{"i":0.42},"geometry":{"type":"Point","coordinates":[73.41064,18.95825]}},{"type":"Feature","properties":{"i":0.36},"geometry":{"type":"Point","coordinates":[73.45459,18.95825]}},{"type":"Feature","properties":{"i":0.03},"geometry":{"type":"Point","coordinates":[73.71826,18.95825]}},{"type":"Feature","properties":{"i":0.4},"geometry":{"type":"Point","coordinates":[73.80615,18.95825]}},{"type":"Feature","properties":{"i":0.22},"geometry":{"type":"Point","coordinates":[73.8501,18.95825]}},{"type":"Feature","properties":{"i":0.22},"geometry":{"type":"Point","coordinates":[73.89404,18.95825]}},{"type":"Feature","properties":{"i":1},"geometry":{"type":"Point","coordinates":[73.93799,18.95825]}},{"type":"Feature","properties":{"i":0.49},"geometry":{"type":"Point","coordinates":[73.98193,18.95825]}},{"type":"Feature","properties":{"i":0.47},"geometry":{"type":"Point","coordinates":[74.02588,18.95825]}},{"type":"Feature","properties":{"i":0.52},"geometry":{"type":"Point","coordinates":[74.06982,18.95825]}},{"type":"Feature","properties":{"i":0.92},"geometry":{"type":"Point","coordinates":[74.11377,18.95825]}},{"type":"Feature","properties":{"i":0.32},"geometry":{"type":"Point","coordinates":[74.15771,18.95825]}},{"type":"Feature","properties":{"i":0.26},"geometry":{"type":"Point","coordinates":[74.20166,18.95825]}},{"type":"Feature","properties":{"i":0.36},"geometry":{"type":"Point","coordinates":[74.24561,18.95825]}},{"type":"Feature","properties":{"i":0.39},"geometry":{"type":"Point","coordinates":[74.28955,18.95825]}},{"type":"Feature","properties":{"i":0.14},"geometry":{"type":"Point","coordinates":[74.3335,18.95825]}},{"type":"Feature","properties":{"i":0.09},"geometry":{"type":"Point","coordinates":[74.37744,18.95825]}},{"type":"Feature","properties":{"i":0.04},"geometry":{"type":"Point","coordinates":[74.42139,18.95825]}},{"type":"Feature","properties":{"i":0.31},"geometry":{"type":"Point","coordinates":[74.46533,18.95825]}},{"type":"Feature","properties":{"i":0.7},"geometry":{"type":"Point","coordinates":[74.50928,18.95825]}},{"type":"Feature","properties":{"i":0.74},"geometry":{"type":"Point","coordinates":[74.55322,18.95825]}},{"type":"Feature","properties":{"i":0.14},"geometry":{"type":"Point","coordinates":[74.59717,18.95825]}},{"type":"Feature","properties":{"i":0.33},"geometry":{"type":"Point","coordinates":[74.64111,18.95825]}},{"type":"Feature","properties":{"i":0.22},"geometry":{"type":"Point","coordinates":[74.68506,18.95825]}},{"type":"Feature","properties":{"i":0.34},"geometry":{"type":"Point","coordinates":[74.729,18.95825]}},{"type":"Feature","properties":{"i":0.32},"geometry":{"type":"Point","coordinates":[74.77295,18.95825]}},{"type":"Feature","properties":{"i":0.53},"geometry":{"type":"Point","coordinates":[74.81689,18.95825]}},{"type":"Feature","properties":{"i":0.8},"geometry":{"type":"Point","coordinates":[73.14697,18.91668]}},{"type":"Feature","properties":{"i":0.93},"geometry":{"type":"Point","coordinates":[73.19092,18.91668]}},{"type":"Feature","properties":{"i":0.42},"geometry":{"type":"Point","coordinates":[73.23486,18.91668]}},{"type":"Feature","properties":{"i":0.59},"geometry":{"type":"Point","coordinates":[73.27881,18.91668]}},{"type":"Feature","properties":{"i":0.67},"geometry":{"type":"Point","coordinates":[73.32275,18.91668]}},{"type":"Feature","properties":{"i":0.58},"geometry":{"type":"Point","coordinates":[73.3667,18.91668]}},{"type":"Feature","properties":{"i":0.27},"geometry":{"type":"Point","coordinates":[73.41064,18.91668]}},{"type":"Feature","properties":{"i":0.81},"geometry":{"type":"Point","coordinates":[73.45459,18.91668]}},{"type":"Feature","properties":{"i":0.13},"geometry":{"type":"Point","coordinates":[73.49854,18.91668]}},{"type":"Feature","properties":{"i":0.11},"geometry":{"type":"Point","coordinates":[73.54248,18.91668]}},{"type":"Feature","properties":{"i":0.09},"geometry":{"type":"Point","coordinates":[73.63037,18.91668]}},{"type":"Feature","properties":{"i":0.25},"geometry":{"type":"Point","coordinates":[73.76221,18.91668]}},{"type":"Feature","properties":{"i":0.29},"geometry":{"type":"Point","coordinates":[73.80615,18.91668]}},{"type":"Feature","properties":{"i":0.27},"geometry":{"type":"Point","coordinates":[73.8501,18.91668]}},{"type":"Feature","properties":{"i":0.21},"geometry":{"type":"Point","coordinates":[73.89404,18.91668]}},{"type":"Feature","properties":{"i":0.42},"geometry":{"type":"Point","coordinates":[73.93799,18.91668]}},{"type":"Feature","properties":{"i":0.25},"geometry":{"type":"Point","coordinates":[73.98193,18.91668]}},{"type":"Feature","properties":{"i":0.16},"geometry":{"type":"Point","coordinates":[74.02588,18.91668]}},{"type":"Feature","properties":{"i":0.31},"geometry":{"type":"Point","coordinates":[74.06982,18.91668]}},{"type":"Feature","properties":{"i":0.31},"geometry":{"type":"Point","coordinates":[74.11377,18.91668]}},{"type":"Feature","properties":{"i":0.33},"geometry":{"type":"Point","coordinates":[74.15771,18.91668]}},{"type":"Feature","properties":{"i":0.21},"geometry":{"type":"Point","coordinates":[74.20166,18.91668]}},{"type":"Feature","properties":{"i":0.33},"geometry":{"type":"Point","coordinates":[74.24561,18.91668]}},{"type":"Feature","properties":{"i":0.27},"geometry":{"type":"Point","coordinates":[74.28955,18.91668]}},{"type":"Feature","properties":{"i":0.43},"geometry":{"type":"Point","coordinates":[74.3335,18.91668]}},{"type":"Feature","properties":{"i":0.47},"geometry":{"type":"Point","coordinates":[74.37744,18.91668]}},{"type":"Feature","properties":{"i":0.09},"geometry":{"type":"Point","coordinates":[74.42139,18.91668]}},{"type":"Feature","properties":{"i":0.59},"geometry":{"type":"Point","coordinates":[74.46533,18.91668]}},{"type":"Feature","properties":{"i":0.8},"geometry":{"type":"Point","coordinates":[74.50928,18.91668]}},{"type":"Feature","properties":{"i":0.15},"geometry":{"type":"Point","coordinates":[74.55322,18.91668]}},{"type":"Feature","properties":{"i":0.17},"geometry":{"type":"Point","coordinates":[74.64111,18.91668]}},{"type":"Feature","properties":{"i":0.15},"geometry":{"type":"Point","coordinates":[74.729,18.91668]}},{"type":"Feature","properties":{"i":0.04},"geometry":{"type":"Point","coordinates":[74.77295,18.91668]}},{"type":"Feature","properties":{"i":0.08},"geometry":{"type":"Point","coordinates":[74.81689,18.91668]}},{"type":"Feature","properties":{"i":0.27},"geometry":{"type":"Point","coordinates":[74.86084,18.91668]}},{"type":"Feature","properties":{"i":1},"geometry":{"type":"Point","coordinates":[73.14697,18.8751]}},{"type":"Feature","properties":{"i":0.94},"geometry":{"type":"Point","coordinates":[73.19092,18.8751]}},{"type":"Feature","properties":{"i":0.42},"geometry":{"type":"Point","coordinates":[73.23486,18.8751]}},{"type":"Feature","properties":{"i":0.67},"geometry":{"type":"Point","coordinates":[73.27881,18.8751]}},{"type":"Feature","properties":{"i":0.47},"geometry":{"type":"Point","coordinates":[73.32275,18.8751]}},{"type":"Feature","properties":{"i":0.26},"geometry":{"type":"Point","coordinates":[73.3667,18.8751]}},{"type":"Feature","properties":{"i":0.15},"geometry":{"type":"Point","coordinates":[73.41064,18.8751]}},{"type":"Feature","properties":{"i":0.09},"geometry":{"type":"Point","coordinates":[73.49854,18.8751]}},{"type":"Feature","properties":{"i":0.09},"geometry":{"type":"Point","coordinates":[73.54248,18.8751]}},{"type":"Feature","properties":{"i":0.23},"geometry":{"type":"Point","coordinates":[73.58643,18.8751]}},{"type":"Feature","properties":{"i":0.17},"geometry":{"type":"Point","coordinates":[73.63037,18.8751]}},{"type":"Feature","properties":{"i":0.17},"geometry":{"type":"Point","coordinates":[73.67432,18.8751]}},{"type":"Feature","properties":{"i":0.22},"geometry":{"type":"Point","coordinates":[73.71826,18.8751]}},{"type":"Feature","properties":{"i":0.34},"geometry":{"type":"Point","coordinates":[73.76221,18.8751]}},{"type":"Feature","properties":{"i":0.35},"geometry":{"type":"Point","coordinates":[73.80615,18.8751]}},{"type":"Feature","properties":{"i":0.35},"geometry":{"type":"Point","coordinates":[73.8501,18.8751]}},{"type":"Feature","properties":{"i":0.74},"geometry":{"type":"Point","coordinates":[73.89404,18.8751]}},{"type":"Feature","properties":{"i":0.38},"geometry":{"type":"Point","coordinates":[73.93799,18.8751]}},{"type":"Feature","properties":{"i":0.19},"geometry":{"type":"Point","coordinates":[73.98193,18.8751]}},{"type":"Feature","properties":{"i":0.13},"geometry":{"type":"Point","coordinates":[74.02588,18.8751]}},{"type":"Feature","properties":{"i":0.3},"geometry":{"type":"Point","coordinates":[74.06982,18.8751]}},{"type":"Feature","properties":{"i":0.37},"geometry":{"type":"Point","coordinates":[74.11377,18.8751]}},{"type":"Feature","properties":{"i":0.37},"geometry":{"type":"Point","coordinates":[74.15771,18.8751]}},{"type":"Feature","properties":{"i":0.56},"geometry":{"type":"Point","coordinates":[74.20166,18.8751]}},{"type":"Feature","properties":{"i":0.38},"geometry":{"type":"Point","coordinates":[74.24561,18.8751]}},{"type":"Feature","properties":{"i":0.48},"geometry":{"type":"Point","coordinates":[74.28955,18.8751]}},{"type":"Feature","properties":{"i":0.21},"geometry":{"type":"Point","coordinates":[74.3335,18.8751]}},{"type":"Feature","properties":{"i":0.17},"geometry":{"type":"Point","coordinates":[74.37744,18.8751]}},{"type":"Feature","properties":{"i":0.18},"geometry":{"type":"Point","coordinates":[74.42139,18.8751]}},{"type":"Feature","properties":{"i":0.49},"geometry":{"type":"Point","coordinates":[74.46533,18.8751]}},{"type":"Feature","properties":{"i":0.04},"geometry":{"type":"Point","coordinates":[74.50928,18.8751]}},{"type":"Feature","properties":{"i":0.02},"geometry":{"type":"Point","coordinates":[74.55322,18.8751]}},{"type":"Feature","properties":{"i":0.22},"geometry":{"type":"Point","coordinates":[74.59717,18.8751]}},{"type":"Feature","properties":{"i":0.16},"geometry":{"type":"Point","coordinates":[74.68506,18.8751]}},{"type":"Feature","properties":{"i":0.37},"geometry":{"type":"Point","coordinates":[74.729,18.8751]}},{"type":"Feature","properties":{"i":0.63},"geometry":{"type":"Point","coordinates":[74.86084,18.8751]}},{"type":"Feature","properties":{"i":0.67},"geometry":{"type":"Point","coordinates":[73.14697,18.83352]}},{"type":"Feature","properties":{"i":1},"geometry":{"type":"Point","coordinates":[73.19092,18.83352]}},{"type":"Feature","properties":{"i":0.47},"geometry":{"type":"Point","coordinates":[73.23486,18.83352]}},{"type":"Feature","properties":{"i":0.69},"geometry":{"type":"Point","coordinates":[73.27881,18.83352]}},{"type":"Feature","properties":{"i":0.51},"geometry":{"type":"Point","coordinates":[73.32275,18.83352]}},{"type":"Feature","properties":{"i":0.24},"geometry":{"type":"Point","coordinates":[73.3667,18.83352]}},{"type":"Feature","properties":{"i":0.07},"geometry":{"type":"Point","coordinates":[73.45459,18.83352]}},{"type":"Feature","properties":{"i":0.12},"geometry":{"type":"Point","coordinates":[73.49854,18.83352]}},{"type":"Feature","properties":{"i":0.11},"geometry":{"type":"Point","coordinates":[73.54248,18.83352]}},{"type":"Feature","properties":{"i":0.29},"geometry":{"type":"Point","coordinates":[73.58643,18.83352]}},{"type":"Feature","properties":{"i":0.26},"geometry":{"type":"Point","coordinates":[73.63037,18.83352]}},{"type":"Feature","properties":{"i":0.3},"geometry":{"type":"Point","coordinates":[73.67432,18.83352]}},{"type":"Feature","properties":{"i":0.41},"geometry":{"type":"Point","coordinates":[73.71826,18.83352]}},{"type":"Feature","properties":{"i":0.32},"geometry":{"type":"Point","coordinates":[73.76221,18.83352]}},{"type":"Feature","properties":{"i":0.32},"geometry":{"type":"Point","coordinates":[73.80615,18.83352]}},{"type":"Feature","properties":{"i":0.69},"geometry":{"type":"Point","coordinates":[73.8501,18.83352]}},{"type":"Feature","properties":{"i":0.85},"geometry":{"type":"Point","coordinates":[73.89404,18.83352]}},{"type":"Feature","properties":{"i":0.35},"geometry":{"type":"Point","coordinates":[73.93799,18.83352]}},{"type":"Feature","properties":{"i":0.65},"geometry":{"type":"Point","coordinates":[73.98193,18.83352]}},{"type":"Feature","properties":{"i":0.72},"geometry":{"type":"Point","coordinates":[74.02588,18.83352]}},{"type":"Feature","properties":{"i":0.39},"geometry":{"type":"Point","coordinates":[74.06982,18.83352]}},{"type":"Feature","properties":{"i":0.14},"geometry":{"type":"Point","coordinates":[74.11377,18.83352]}},{"type":"Feature","properties":{"i":0.3},"geometry":{"type":"Point","coordinates":[74.15771,18.83352]}},{"type":"Feature","properties":{"i":0.22},"geometry":{"type":"Point","coordinates":[74.20166,18.83352]}},{"type":"Feature","properties":{"i":0.46},"geometry":{"type":"Point","coordinates":[74.24561,18.83352]}},{"type":"Feature","properties":{"i":0.42},"geometry":{"type":"Point","coordinates":[74.28955,18.83352]}},{"type":"Feature","properties":{"i":0.55},"geometry":{"type":"Point","coordinates":[74.3335,18.83352]}},{"type":"Feature","properties":{"i":0.86},"geometry":{"type":"Point","coordinates":[74.37744,18.83352]}},{"type":"Feature","properties":{"i":0.44},"geometry":{"type":"Point","coordinates":[74.42139,18.83352]}},{"type":"Feature","properties":{"i":0.09},"geometry":{"type":"Point","coordinates":[74.46533,18.83352]}},{"type":"Feature","properties":{"i":0.25},"geometry":{"type":"Point","coordinates":[74.50928,18.83352]}},{"type":"Feature","properties":{"i":0.19},"geometry":{"type":"Point","coordinates":[74.55322,18.83352]}},{"type":"Feature","properties":{"i":0.28},"geometry":{"type":"Point","coordinates":[74.59717,18.83352]}},{"type":"Feature","properties":{"i":0.22},"geometry":{"type":"Point","coordinates":[74.64111,18.83352]}},{"type":"Feature","properties":{"i":0.03},"geometry":{"type":"Point","coordinates":[74.68506,18.83352]}},{"type":"Feature","properties":{"i":0.22},"geometry":{"type":"Point","coordinates":[74.729,18.83352]}},{"type":"Feature","properties":{"i":0.09},"geometry":{"type":"Point","coordinates":[74.77295,18.83352]}},{"type":"Feature","properties":{"i":0.28},"geometry":{"type":"Point","coordinates":[74.81689,18.83352]}},{"type":"Feature","properties":{"i":0.36},"geometry":{"type":"Point","coordinates":[74.86084,18.83352]}},{"type":"Feature","properties":{"i":0.61},"geometry":{"type":"Point","coordinates":[73.14697,18.79192]}},{"type":"Feature","properties":{"i":0.12},"geometry":{"type":"Point","coordinates":[73.19092,18.79192]}},{"type":"Feature","properties":{"i":0.68},"geometry":{"type":"Point","coordinates":[73.23486,18.79192]}},{"type":"Feature","properties":{"i":0.83},"geometry":{"type":"Point","coordinates":[73.27881,18.79192]}},{"type":"Feature","properties":{"i":0.87},"geometry":{"type":"Point","coordinates":[73.32275,18.79192]}},{"type":"Feature","properties":{"i":0.76},"geometry":{"type":"Point","coordinates":[73.3667,18.79192]}},{"type":"Feature","properties":{"i":0.65},"geometry":{"type":"Point","coordinates":[73.41064,18.79192]}},{"type":"Feature","properties":{"i":0.18},"geometry":{"type":"Point","coordinates":[73.45459,18.79192]}},{"type":"Feature","properties":{"i":0.1},"geometry":{"type":"Point","coordinates":[73.49854,18.79192]}},{"type":"Feature","properties":{"i":0.19},"geometry":{"type":"Point","coordinates":[73.54248,18.79192]}},{"type":"Feature","properties":{"i":0.45},"geometry":{"type":"Point","coordinates":[73.58643,18.79192]}},{"type":"Feature","properties":{"i":0.63},"geometry":{"type":"Point","coordinates":[73.63037,18.79192]}},{"type":"Feature","properties":{"i":1},"geometry":{"type":"Point","coordinates":[73.67432,18.79192]}},{"type":"Feature","properties":{"i":1},"geometry":{"type":"Point","coordinates":[73.71826,18.79192]}},{"type":"Feature","properties":{"i":1},"geometry":{"type":"Point","coordinates":[73.76221,18.79192]}},{"type":"Feature","properties":{"i":1},"geometry":{"type":"Point","coordinates":[73.80615,18.79192]}},{"type":"Feature","properties":{"i":0.94},"geometry":{"type":"Point","coordinates":[73.8501,18.79192]}},{"type":"Feature","properties":{"i":0.63},"geometry":{"type":"Point","coordinates":[73.89404,18.79192]}},{"type":"Feature","properties":{"i":0.71},"geometry":{"type":"Point","coordinates":[73.93799,18.79192]}},{"type":"Feature","properties":{"i":0.57},"geometry":{"type":"Point","coordinates":[73.98193,18.79192]}},{"type":"Feature","properties":{"i":0.3},"geometry":{"type":"Point","coordinates":[74.02588,18.79192]}},{"type":"Feature","properties":{"i":0.22},"geometry":{"type":"Point","coordinates":[74.06982,18.79192]}},{"type":"Feature","properties":{"i":0.35},"geometry":{"type":"Point","coordinates":[74.11377,18.79192]}},{"type":"Feature","properties":{"i":0.49},"geometry":{"type":"Point","coordinates":[74.15771,18.79192]}},{"type":"Feature","properties":{"i":0.38},"geometry":{"type":"Point","coordinates":[74.20166,18.79192]}},{"type":"Feature","properties":{"i":1},"geometry":{"type":"Point","coordinates":[74.24561,18.79192]}},{"type":"Feature","properties":{"i":1},"geometry":{"type":"Point","coordinates":[74.28955,18.79192]}},{"type":"Feature","properties":{"i":0.98},"geometry":{"type":"Point","coordinates":[74.3335,18.79192]}},{"type":"Feature","properties":{"i":0.47},"geometry":{"type":"Point","coordinates":[74.37744,18.79192]}},{"type":"Feature","properties":{"i":0.12},"geometry":{"type":"Point","coordinates":[74.42139,18.79192]}},{"type":"Feature","properties":{"i":0.26},"geometry":{"type":"Point","coordinates":[74.46533,18.79192]}},{"type":"Feature","properties":{"i":0.26},"geometry":{"type":"Point","coordinates":[74.50928,18.79192]}},{"type":"Feature","properties":{"i":0.35},"geometry":{"type":"Point","coordinates":[74.55322,18.79192]}},{"type":"Feature","properties":{"i":0.5},"geometry":{"type":"Point","coordinates":[74.59717,18.79192]}},{"type":"Feature","properties":{"i":0.22},"geometry":{"type":"Point","coordinates":[74.64111,18.79192]}},{"type":"Feature","properties":{"i":0.37},"geometry":{"type":"Point","coordinates":[74.68506,18.79192]}},{"type":"Feature","properties":{"i":0.18},"geometry":{"type":"Point","coordinates":[74.77295,18.79192]}},{"type":"Feature","properties":{"i":0.03},"geometry":{"type":"Point","coordinates":[74.81689,18.79192]}},{"type":"Feature","properties":{"i":0.33},"geometry":{"type":"Point","coordinates":[73.14697,18.75031]}},{"type":"Feature","properties":{"i":0.18},"geometry":{"type":"Point","coordinates":[73.19092,18.75031]}},{"type":"Feature","properties":{"i":0.75},"geometry":{"type":"Point","coordinates":[73.23486,18.75031]}},{"type":"Feature","properties":{"i":0.72},"geometry":{"type":"Point","coordinates":[73.27881,18.75031]}},{"type":"Feature","properties":{"i":1},"geometry":{"type":"Point","coordinates":[73.32275,18.75031]}},{"type":"Feature","properties":{"i":0.72},"geometry":{"type":"Point","coordinates":[73.3667,18.75031]}},{"type":"Feature","properties":{"i":0.63},"geometry":{"type":"Point","coordinates":[73.41064,18.75031]}},{"type":"Feature","properties":{"i":0.61},"geometry":{"type":"Point","coordinates":[73.45459,18.75031]}},{"type":"Feature","properties":{"i":0.58},"geometry":{"type":"Point","coordinates":[73.49854,18.75031]}},{"type":"Feature","properties":{"i":0.47},"geometry":{"type":"Point","coordinates":[73.54248,18.75031]}},{"type":"Feature","properties":{"i":0.49},"geometry":{"type":"Point","coordinates":[73.58643,18.75031]}},{"type":"Feature","properties":{"i":0.84},"geometry":{"type":"Point","coordinates":[73.63037,18.75031]}},{"type":"Feature","properties":{"i":0.85},"geometry":{"type":"Point","coordinates":[73.67432,18.75031]}},{"type":"Feature","properties":{"i":1},"geometry":{"type":"Point","coordinates":[73.71826,18.75031]}},{"type":"Feature","properties":{"i":1},"geometry":{"type":"Point","coordinates":[73.76221,18.75031]}},{"type":"Feature","properties":{"i":1},"geometry":{"type":"Point","coordinates":[73.80615,18.75031]}},{"type":"Feature","properties":{"i":1},"geometry":{"type":"Point","coordinates":[73.8501,18.75031]}},{"type":"Feature","properties":{"i":0.92},"geometry":{"type":"Point","coordinates":[73.89404,18.75031]}},{"type":"Feature","properties":{"i":0.71},"geometry":{"type":"Point","coordinates":[73.93799,18.75031]}},{"type":"Feature","properties":{"i":0.5},"geometry":{"type":"Point","coordinates":[73.98193,18.75031]}},{"type":"Feature","properties":{"i":0.34},"geometry":{"type":"Point","coordinates":[74.02588,18.75031]}},{"type":"Feature","properties":{"i":0.37},"geometry":{"type":"Point","coordinates":[74.06982,18.75031]}},{"type":"Feature","properties":{"i":0.36},"geometry":{"type":"Point","coordinates":[74.11377,18.75031]}},{"type":"Feature","properties":{"i":0.61},"geometry":{"type":"Point","coordinates":[74.15771,18.75031]}},{"type":"Feature","properties":{"i":0.66},"geometry":{"type":"Point","coordinates":[74.20166,18.75031]}},{"type":"Feature","properties":{"i":1},"geometry":{"type":"Point","coordinates":[74.24561,18.75031]}},{"type":"Feature","properties":{"i":1},"geometry":{"type":"Point","coordinates":[74.28955,18.75031]}},{"type":"Feature","properties":{"i":0.62},"geometry":{"type":"Point","coordinates":[74.3335,18.75031]}},{"type":"Feature","properties":{"i":0.21},"geometry":{"type":"Point","coordinates":[74.37744,18.75031]}},{"type":"Feature","properties":{"i":0.19},"geometry":{"type":"Point","coordinates":[74.42139,18.75031]}},{"type":"Feature","properties":{"i":0.25},"geometry":{"type":"Point","coordinates":[74.46533,18.75031]}},{"type":"Feature","properties":{"i":0.36},"geometry":{"type":"Point","coordinates":[74.50928,18.75031]}},{"type":"Feature","properties":{"i":0.19},"geometry":{"type":"Point","coordinates":[74.55322,18.75031]}},{"type":"Feature","properties":{"i":0.18},"geometry":{"type":"Point","coordinates":[74.59717,18.75031]}},{"type":"Feature","properties":{"i":0.44},"geometry":{"type":"Point","coordinates":[74.64111,18.75031]}},{"type":"Feature","properties":{"i":0.07},"geometry":{"type":"Point","coordinates":[74.729,18.75031]}},{"type":"Feature","properties":{"i":0.09},"geometry":{"type":"Point","coordinates":[74.77295,18.75031]}},{"type":"Feature","properties":{"i":0.14},"geometry":{"type":"Point","coordinates":[74.81689,18.75031]}},{"type":"Feature","properties":{"i":0.49},"geometry":{"type":"Point","coordinates":[73.14697,18.70869]}},{"type":"Feature","properties":{"i":0.28},"geometry":{"type":"Point","coordinates":[73.19092,18.70869]}},{"type":"Feature","properties":{"i":0.14},"geometry":{"type":"Point","coordinates":[73.27881,18.70869]}},{"type":"Feature","properties":{"i":0.11},"geometry":{"type":"Point","coordinates":[73.32275,18.70869]}},{"type":"Feature","properties":{"i":0.37},"geometry":{"type":"Point","coordinates":[73.3667,18.70869]}},{"type":"Feature","properties":{"i":0.42},"geometry":{"type":"Point","coordinates":[73.41064,18.70869]}},{"type":"Feature","properties":{"i":0.53},"geometry":{"type":"Point","coordinates":[73.45459,18.70869]}},{"type":"Feature","properties":{"i":0.39},"geometry":{"type":"Point","coordinates":[73.49854,18.70869]}},{"type":"Feature","properties":{"i":0.26},"geometry":{"type":"Point","coordinates":[73.54248,18.70869]}},{"type":"Feature","properties":{"i":0.27},"geometry":{"type":"Point","coordinates":[73.58643,18.70869]}},{"type":"Feature","properties":{"i":1},"geometry":{"type":"Point","coordinates":[73.63037,18.70869]}},{"type":"Feature","properties":{"i":1},"geometry":{"type":"Point","coordinates":[73.67432,18.70869]}},{"type":"Feature","properties":{"i":0.8},"geometry":{"type":"Point","coordinates":[73.71826,18.70869]}},{"type":"Feature","properties":{"i":0.94},"geometry":{"type":"Point","coordinates":[73.76221,18.70869]}},{"type":"Feature","properties":{"i":0.95},"geometry":{"type":"Point","coordinates":[73.80615,18.70869]}},{"type":"Feature","properties":{"i":1},"geometry":{"type":"Point","coordinates":[73.8501,18.70869]}},{"type":"Feature","properties":{"i":0.65},"geometry":{"type":"Point","coordinates":[73.89404,18.70869]}},{"type":"Feature","properties":{"i":0.71},"geometry":{"type":"Point","coordinates":[73.93799,18.70869]}},{"type":"Feature","properties":{"i":0.7},"geometry":{"type":"Point","coordinates":[73.98193,18.70869]}},{"type":"Feature","properties":{"i":0.58},"geometry":{"type":"Point","coordinates":[74.02588,18.70869]}},{"type":"Feature","properties":{"i":1},"geometry":{"type":"Point","coordinates":[74.06982,18.70869]}},{"type":"Feature","properties":{"i":0.73},"geometry":{"type":"Point","coordinates":[74.11377,18.70869]}},{"type":"Feature","properties":{"i":0.98},"geometry":{"type":"Point","coordinates":[74.15771,18.70869]}},{"type":"Feature","properties":{"i":1},"geometry":{"type":"Point","coordinates":[74.20166,18.70869]}},{"type":"Feature","properties":{"i":0.61},"geometry":{"type":"Point","coordinates":[74.24561,18.70869]}},{"type":"Feature","properties":{"i":0.35},"geometry":{"type":"Point","coordinates":[74.28955,18.70869]}},{"type":"Feature","properties":{"i":0.46},"geometry":{"type":"Point","coordinates":[74.3335,18.70869]}},{"type":"Feature","properties":{"i":0.28},"geometry":{"type":"Point","coordinates":[74.37744,18.70869]}},{"type":"Feature","properties":{"i":0.25},"geometry":{"type":"Point","coordinates":[74.42139,18.70869]}},{"type":"Feature","properties":{"i":0.15},"geometry":{"type":"Point","coordinates":[74.46533,18.70869]}},{"type":"Feature","properties":{"i":0.25},"geometry":{"type":"Point","coordinates":[74.50928,18.70869]}},{"type":"Feature","properties":{"i":0.23},"geometry":{"type":"Point","coordinates":[74.55322,18.70869]}},{"type":"Feature","properties":{"i":0.61},"geometry":{"type":"Point","coordinates":[74.59717,18.70869]}},{"type":"Feature","properties":{"i":0.35},"geometry":{"type":"Point","coordinates":[74.64111,18.70869]}},{"type":"Feature","properties":{"i":0.21},"geometry":{"type":"Point","coordinates":[74.68506,18.70869]}},{"type":"Feature","properties":{"i":0.24},"geometry":{"type":"Point","coordinates":[74.729,18.70869]}},{"type":"Feature","properties":{"i":0.1},"geometry":{"type":"Point","coordinates":[74.77295,18.70869]}},{"type":"Feature","properties":{"i":0.11},"geometry":{"type":"Point","coordinates":[73.14697,18.66706]}},{"type":"Feature","properties":{"i":0.18},"geometry":{"type":"Point","coordinates":[73.27881,18.66706]}},{"type":"Feature","properties":{"i":0.25},"geometry":{"type":"Point","coordinates":[73.32275,18.66706]}},{"type":"Feature","properties":{"i":0.12},"geometry":{"type":"Point","coordinates":[73.3667,18.66706]}},{"type":"Feature","properties":{"i":0.16},"geometry":{"type":"Point","coordinates":[73.41064,18.66706]}},{"type":"Feature","properties":{"i":0.19},"geometry":{"type":"Point","coordinates":[73.45459,18.66706]}},{"type":"Feature","properties":{"i":0.4},"geometry":{"type":"Point","coordinates":[73.49854,18.66706]}},{"type":"Feature","properties":{"i":0.23},"geometry":{"type":"Point","coordinates":[73.54248,18.66706]}},{"type":"Feature","properties":{"i":0.17},"geometry":{"type":"Point","coordinates":[73.58643,18.66706]}},{"type":"Feature","properties":{"i":0.61},"geometry":{"type":"Point","coordinates":[73.63037,18.66706]}},{"type":"Feature","properties":{"i":0.7},"geometry":{"type":"Point","coordinates":[73.67432,18.66706]}},{"type":"Feature","properties":{"i":1},"geometry":{"type":"Point","coordinates":[73.71826,18.66706]}},{"type":"Feature","properties":{"i":1},"geometry":{"type":"Point","coordinates":[73.76221,18.66706]}},{"type":"Feature","properties":{"i":1},"geometry":{"type":"Point","coordinates":[73.80615,18.66706]}},{"type":"Feature","properties":{"i":0.93},"geometry":{"type":"Point","coordinates":[73.8501,18.66706]}},{"type":"Feature","properties":{"i":1},"geometry":{"type":"Point","coordinates":[73.89404,18.66706]}},{"type":"Feature","properties":{"i":0.74},"geometry":{"type":"Point","coordinates":[73.93799,18.66706]}},{"type":"Feature","properties":{"i":0.72},"geometry":{"type":"Point","coordinates":[73.98193,18.66706]}},{"type":"Feature","properties":{"i":0.53},"geometry":{"type":"Point","coordinates":[74.02588,18.66706]}},{"type":"Feature","properties":{"i":0.85},"geometry":{"type":"Point","coordinates":[74.06982,18.66706]}},{"type":"Feature","properties":{"i":1},"geometry":{"type":"Point","coordinates":[74.11377,18.66706]}},{"type":"Feature","properties":{"i":0.81},"geometry":{"type":"Point","coordinates":[74.15771,18.66706]}},{"type":"Feature","properties":{"i":0.42},"geometry":{"type":"Point","coordinates":[74.20166,18.66706]}},{"type":"Feature","properties":{"i":0.26},"geometry":{"type":"Point","coordinates":[74.24561,18.66706]}},{"type":"Feature","properties":{"i":0.27},"geometry":{"type":"Point","coordinates":[74.28955,18.66706]}},{"type":"Feature","properties":{"i":0.3},"geometry":{"type":"Point","coordinates":[74.3335,18.66706]}},{"type":"Feature","properties":{"i":0.59},"geometry":{"type":"Point","coordinates":[74.37744,18.66706]}},{"type":"Feature","properties":{"i":0.34},"geometry":{"type":"Point","coordinates":[74.42139,18.66706]}},{"type":"Feature","properties":{"i":0.11},"geometry":{"type":"Point","coordinates":[74.46533,18.66706]}},{"type":"Feature","properties":{"i":0.51},"geometry":{"type":"Point","coordinates":[74.50928,18.66706]}},{"type":"Feature","properties":{"i":0.45},"geometry":{"type":"Point","coordinates":[74.55322,18.66706]}},{"type":"Feature","properties":{"i":0.35},"geometry":{"type":"Point","coordinates":[74.59717,18.66706]}},{"type":"Feature","properties":{"i":0.6},"geometry":{"type":"Point","coordinates":[74.64111,18.66706]}},{"type":"Feature","properties":{"i":0.39},"geometry":{"type":"Point","coordinates":[74.68506,18.66706]}},{"type":"Feature","properties":{"i":0.13},"geometry":{"type":"Point","coordinates":[74.729,18.66706]}},{"type":"Feature","properties":{"i":0.07},"geometry":{"type":"Point","coordinates":[74.77295,18.66706]}},{"type":"Feature","properties":{"i":0.14},"geometry":{"type":"Point","coordinates":[73.14697,18.62542]}},{"type":"Feature","properties":{"i":0.08},"geometry":{"type":"Point","coordinates":[73.23486,18.62542]}},{"type":"Feature","properties":{"i":0.63},"geometry":{"type":"Point","coordinates":[73.27881,18.62542]}},{"type":"Feature","properties":{"i":0.11},"geometry":{"type":"Point","coordinates":[73.32275,18.62542]}},{"type":"Feature","properties":{"i":0.12},"geometry":{"type":"Point","coordinates":[73.3667,18.62542]}},{"type":"Feature","properties":{"i":0.25},"geometry":{"type":"Point","coordinates":[73.41064,18.62542]}},{"type":"Feature","properties":{"i":0.19},"geometry":{"type":"Point","coordinates":[73.45459,18.62542]}},{"type":"Feature","properties":{"i":0.36},"geometry":{"type":"Point","coordinates":[73.49854,18.62542]}},{"type":"Feature","properties":{"i":0.15},"geometry":{"type":"Point","coordinates":[73.54248,18.62542]}},{"type":"Feature","properties":{"i":0.21},"geometry":{"type":"Point","coordinates":[73.58643,18.62542]}},{"type":"Feature","properties":{"i":0.44},"geometry":{"type":"Point","coordinates":[73.63037,18.62542]}},{"type":"Feature","properties":{"i":0.73},"geometry":{"type":"Point","coordinates":[73.67432,18.62542]}},{"type":"Feature","properties":{"i":1},"geometry":{"type":"Point","coordinates":[73.71826,18.62542]}},{"type":"Feature","properties":{"i":1},"geometry":{"type":"Point","coordinates":[73.76221,18.62542]}},{"type":"Feature","properties":{"i":1},"geometry":{"type":"Point","coordinates":[73.80615,18.62542]}},{"type":"Feature","properties":{"i":1},"geometry":{"type":"Point","coordinates":[73.8501,18.62542]}},{"type":"Feature","properties":{"i":0.94},"geometry":{"type":"Point","coordinates":[73.89404,18.62542]}},{"type":"Feature","properties":{"i":0.93},"geometry":{"type":"Point","coordinates":[73.93799,18.62542]}},{"type":"Feature","properties":{"i":0.6},"geometry":{"type":"Point","coordinates":[73.98193,18.62542]}},{"type":"Feature","properties":{"i":1},"geometry":{"type":"Point","coordinates":[74.02588,18.62542]}},{"type":"Feature","properties":{"i":0.77},"geometry":{"type":"Point","coordinates":[74.06982,18.62542]}},{"type":"Feature","properties":{"i":0.53},"geometry":{"type":"Point","coordinates":[74.11377,18.62542]}},{"type":"Feature","properties":{"i":0.43},"geometry":{"type":"Point","coordinates":[74.15771,18.62542]}},{"type":"Feature","properties":{"i":0.42},"geometry":{"type":"Point","coordinates":[74.20166,18.62542]}},{"type":"Feature","properties":{"i":0.28},"geometry":{"type":"Point","coordinates":[74.24561,18.62542]}},{"type":"Feature","properties":{"i":0.22},"geometry":{"type":"Point","coordinates":[74.28955,18.62542]}},{"type":"Feature","properties":{"i":0.34},"geometry":{"type":"Point","coordinates":[74.3335,18.62542]}},{"type":"Feature","properties":{"i":0.47},"geometry":{"type":"Point","coordinates":[74.37744,18.62542]}},{"type":"Feature","properties":{"i":0.19},"geometry":{"type":"Point","coordinates":[74.42139,18.62542]}},{"type":"Feature","properties":{"i":0.33},"geometry":{"type":"Point","coordinates":[74.46533,18.62542]}},{"type":"Feature","properties":{"i":0.37},"geometry":{"type":"Point","coordinates":[74.50928,18.62542]}},{"type":"Feature","properties":{"i":0.19},"geometry":{"type":"Point","coordinates":[74.55322,18.62542]}},{"type":"Feature","properties":{"i":0.48},"geometry":{"type":"Point","coordinates":[74.59717,18.62542]}},{"type":"Feature","properties":{"i":0.43},"geometry":{"type":"Point","coordinates":[74.64111,18.62542]}},{"type":"Feature","properties":{"i":0.92},"geometry":{"type":"Point","coordinates":[74.68506,18.62542]}},{"type":"Feature","properties":{"i":0.81},"geometry":{"type":"Point","coordinates":[74.729,18.62542]}},{"type":"Feature","properties":{"i":0.45},"geometry":{"type":"Point","coordinates":[74.77295,18.62542]}},{"type":"Feature","properties":{"i":0.09},"geometry":{"type":"Point","coordinates":[74.81689,18.62542]}},{"type":"Feature","properties":{"i":0.29},"geometry":{"type":"Point","coordinates":[73.14697,18.58378]}},{"type":"Feature","properties":{"i":0.34},"geometry":{"type":"Point","coordinates":[73.23486,18.58378]}},{"type":"Feature","properties":{"i":0.18},"geometry":{"type":"Point","coordinates":[73.27881,18.58378]}},{"type":"Feature","properties":{"i":0.22},"geometry":{"type":"Point","coordinates":[73.3667,18.58378]}},{"type":"Feature","properties":{"i":0.27},"geometry":{"type":"Point","coordinates":[73.41064,18.58378]}},{"type":"Feature","properties":{"i":0.14},"geometry":{"type":"Point","coordinates":[73.49854,18.58378]}},{"type":"Feature","properties":{"i":0.38},"geometry":{"type":"Point","coordinates":[73.54248,18.58378]}},{"type":"Feature","properties":{"i":0.24},"geometry":{"type":"Point","coordinates":[73.58643,18.58378]}},{"type":"Feature","properties":{"i":0.31},"geometry":{"type":"Point","coordinates":[73.63037,18.58378]}},{"type":"Feature","properties":{"i":1},"geometry":{"type":"Point","coordinates":[73.67432,18.58378]}},{"type":"Feature","properties":{"i":1},"geometry":{"type":"Point","coordinates":[73.71826,18.58378]}},{"type":"Feature","properties":{"i":1},"geometry":{"type":"Point","coordinates":[73.76221,18.58378]}},{"type":"Feature","properties":{"i":1},"geometry":{"type":"Point","coordinates":[73.80615,18.58378]}},{"type":"Feature","properties":{"i":1},"geometry":{"type":"Point","coordinates":[73.8501,18.58378]}},{"type":"Feature","properties":{"i":1},"geometry":{"type":"Point","coordinates":[73.89404,18.58378]}},{"type":"Feature","properties":{"i":1},"geometry":{"type":"Point","coordinates":[73.93799,18.58378]}},{"type":"Feature","properties":{"i":1},"geometry":{"type":"Point","coordinates":[73.98193,18.58378]}},{"type":"Feature","properties":{"i":0.91},"geometry":{"type":"Point","coordinates":[74.02588,18.58378]}},{"type":"Feature","properties":{"i":0.62},"geometry":{"type":"Point","coordinates":[74.06982,18.58378]}},{"type":"Feature","properties":{"i":0.35},"geometry":{"type":"Point","coordinates":[74.11377,18.58378]}},{"type":"Feature","properties":{"i":0.4},"geometry":{"type":"Point","coordinates":[74.15771,18.58378]}},{"type":"Feature","properties":{"i":0.33},"geometry":{"type":"Point","coordinates":[74.20166,18.58378]}},{"type":"Feature","properties":{"i":0.36},"geometry":{"type":"Point","coordinates":[74.24561,18.58378]}},{"type":"Feature","properties":{"i":0.47},"geometry":{"type":"Point","coordinates":[74.28955,18.58378]}},{"type":"Feature","properties":{"i":0.47},"geometry":{"type":"Point","coordinates":[74.3335,18.58378]}},{"type":"Feature","properties":{"i":0.3},"geometry":{"type":"Point","coordinates":[74.37744,18.58378]}},{"type":"Feature","properties":{"i":0.57},"geometry":{"type":"Point","coordinates":[74.42139,18.58378]}},{"type":"Feature","properties":{"i":0.36},"geometry":{"type":"Point","coordinates":[74.46533,18.58378]}},{"type":"Feature","properties":{"i":0.46},"geometry":{"type":"Point","coordinates":[74.50928,18.58378]}},{"type":"Feature","properties":{"i":0.35},"geometry":{"type":"Point","coordinates":[74.55322,18.58378]}},{"type":"Feature","properties":{"i":0.28},"geometry":{"type":"Point","coordinates":[74.59717,18.58378]}},{"type":"Feature","properties":{"i":0.43},"geometry":{"type":"Point","coordinates":[74.64111,18.58378]}},{"type":"Feature","properties":{"i":0.7},"geometry":{"type":"Point","coordinates":[74.68506,18.58378]}},{"type":"Feature","properties":{"i":0.6},"geometry":{"type":"Point","coordinates":[74.729,18.58378]}},{"type":"Feature","properties":{"i":0.22},"geometry":{"type":"Point","coordinates":[74.77295,18.58378]}},{"type":"Feature","properties":{"i":0.12},"geometry":{"type":"Point","coordinates":[74.81689,18.58378]}},{"type":"Feature","properties":{"i":0.72},"geometry":{"type":"Point","coordinates":[73.14697,18.54212]}},{"type":"Feature","properties":{"i":0.12},"geometry":{"type":"Point","coordinates":[73.19092,18.54212]}},{"type":"Feature","properties":{"i":0.36},"geometry":{"type":"Point","coordinates":[73.23486,18.54212]}},{"type":"Feature","properties":{"i":0.09},"geometry":{"type":"Point","coordinates":[73.27881,18.54212]}},{"type":"Feature","properties":{"i":0.23},"geometry":{"type":"Point","coordinates":[73.54248,18.54212]}},{"type":"Feature","properties":{"i":0.29},"geometry":{"type":"Point","coordinates":[73.58643,18.54212]}},{"type":"Feature","properties":{"i":0.46},"geometry":{"type":"Point","coordinates":[73.63037,18.54212]}},{"type":"Feature","properties":{"i":0.56},"geometry":{"type":"Point","coordinates":[73.67432,18.54212]}},{"type":"Feature","properties":{"i":0.91},"geometry":{"type":"Point","coordinates":[73.71826,18.54212]}},{"type":"Feature","properties":{"i":1},"geometry":{"type":"Point","coordinates":[73.76221,18.54212]}},{"type":"Feature","properties":{"i":1},"geometry":{"type":"Point","coordinates":[73.80615,18.54212]}},{"type":"Feature","properties":{"i":1},"geometry":{"type":"Point","coordinates":[73.8501,18.54212]}},{"type":"Feature","properties":{"i":1},"geometry":{"type":"Point","coordinates":[73.89404,18.54212]}},{"type":"Feature","properties":{"i":1},"geometry":{"type":"Point","coordinates":[73.93799,18.54212]}},{"type":"Feature","properties":{"i":1},"geometry":{"type":"Point","coordinates":[73.98193,18.54212]}},{"type":"Feature","properties":{"i":0.79},"geometry":{"type":"Point","coordinates":[74.02588,18.54212]}},{"type":"Feature","properties":{"i":0.64},"geometry":{"type":"Point","coordinates":[74.06982,18.54212]}},{"type":"Feature","properties":{"i":0.37},"geometry":{"type":"Point","coordinates":[74.11377,18.54212]}},{"type":"Feature","properties":{"i":0.37},"geometry":{"type":"Point","coordinates":[74.15771,18.54212]}},{"type":"Feature","properties":{"i":0.36},"geometry":{"type":"Point","coordinates":[74.20166,18.54212]}},{"type":"Feature","properties":{"i":0.38},"geometry":{"type":"Point","coordinates":[74.24561,18.54212]}},{"type":"Feature","properties":{"i":0.45},"geometry":{"type":"Point","coordinates":[74.28955,18.54212]}},{"type":"Feature","properties":{"i":0.47},"geometry":{"type":"Point","coordinates":[74.3335,18.54212]}},{"type":"Feature","properties":{"i":0.57},"geometry":{"type":"Point","coordinates":[74.37744,18.54212]}},{"type":"Feature","properties":{"i":0.49},"geometry":{"type":"Point","coordinates":[74.42139,18.54212]}},{"type":"Feature","properties":{"i":0.45},"geometry":{"type":"Point","coordinates":[74.46533,18.54212]}},{"type":"Feature","properties":{"i":0.55},"geometry":{"type":"Point","coordinates":[74.50928,18.54212]}},{"type":"Feature","properties":{"i":0.29},"geometry":{"type":"Point","coordinates":[74.55322,18.54212]}},{"type":"Feature","properties":{"i":0.67},"geometry":{"type":"Point","coordinates":[74.59717,18.54212]}},{"type":"Feature","properties":{"i":0.36},"geometry":{"type":"Point","coordinates":[74.64111,18.54212]}},{"type":"Feature","properties":{"i":0.26},"geometry":{"type":"Point","coordinates":[74.68506,18.54212]}},{"type":"Feature","properties":{"i":0.15},"geometry":{"type":"Point","coordinates":[74.729,18.54212]}},{"type":"Feature","properties":{"i":0.26},"geometry":{"type":"Point","coordinates":[74.77295,18.54212]}},{"type":"Feature","properties":{"i":0.3},"geometry":{"type":"Point","coordinates":[74.86084,18.54212]}},{"type":"Feature","properties":{"i":0.83},"geometry":{"type":"Point","coordinates":[73.14697,18.50045]}},{"type":"Feature","properties":{"i":0.78},"geometry":{"type":"Point","coordinates":[73.19092,18.50045]}},{"type":"Feature","properties":{"i":0.18},"geometry":{"type":"Point","coordinates":[73.27881,18.50045]}},{"type":"Feature","properties":{"i":0.15},"geometry":{"type":"Point","coordinates":[73.49854,18.50045]}},{"type":"Feature","properties":{"i":0.1},"geometry":{"type":"Point","coordinates":[73.54248,18.50045]}},{"type":"Feature","properties":{"i":0.13},"geometry":{"type":"Point","coordinates":[73.58643,18.50045]}},{"type":"Feature","properties":{"i":0.55},"geometry":{"type":"Point","coordinates":[73.63037,18.50045]}},{"type":"Feature","properties":{"i":1},"geometry":{"type":"Point","coordinates":[73.67432,18.50045]}},{"type":"Feature","properties":{"i":0.79},"geometry":{"type":"Point","coordinates":[73.71826,18.50045]}},{"type":"Feature","properties":{"i":1},"geometry":{"type":"Point","coordinates":[73.76221,18.50045]}},{"type":"Feature","properties":{"i":1},"geometry":{"type":"Point","coordinates":[73.80615,18.50045]}},{"type":"Feature","properties":{"i":1},"geometry":{"type":"Point","coordinates":[73.8501,18.50045]}},{"type":"Feature","properties":{"i":1},"geometry":{"type":"Point","coordinates":[73.89404,18.50045]}},{"type":"Feature","properties":{"i":1},"geometry":{"type":"Point","coordinates":[73.93799,18.50045]}},{"type":"Feature","properties":{"i":1},"geometry":{"type":"Point","coordinates":[73.98193,18.50045]}},{"type":"Feature","properties":{"i":0.99},"geometry":{"type":"Point","coordinates":[74.02588,18.50045]}},{"type":"Feature","properties":{"i":0.75},"geometry":{"type":"Point","coordinates":[74.06982,18.50045]}},{"type":"Feature","properties":{"i":0.67},"geometry":{"type":"Point","coordinates":[74.11377,18.50045]}},{"type":"Feature","properties":{"i":0.81},"geometry":{"type":"Point","coordinates":[74.15771,18.50045]}},{"type":"Feature","properties":{"i":0.82},"geometry":{"type":"Point","coordinates":[74.20166,18.50045]}},{"type":"Feature","properties":{"i":0.56},"geometry":{"type":"Point","coordinates":[74.24561,18.50045]}},{"type":"Feature","properties":{"i":0.33},"geometry":{"type":"Point","coordinates":[74.28955,18.50045]}},{"type":"Feature","properties":{"i":0.56},"geometry":{"type":"Point","coordinates":[74.3335,18.50045]}},{"type":"Feature","properties":{"i":0.49},"geometry":{"type":"Point","coordinates":[74.37744,18.50045]}},{"type":"Feature","properties":{"i":0.39},"geometry":{"type":"Point","coordinates":[74.42139,18.50045]}},{"type":"Feature","properties":{"i":0.62},"geometry":{"type":"Point","coordinates":[74.46533,18.50045]}},{"type":"Feature","properties":{"i":0.57},"geometry":{"type":"Point","coordinates":[74.50928,18.50045]}},{"type":"Feature","properties":{"i":0.53},"geometry":{"type":"Point","coordinates":[74.55322,18.50045]}},{"type":"Feature","properties":{"i":0.47},"geometry":{"type":"Point","coordinates":[74.59717,18.50045]}},{"type":"Feature","properties":{"i":0.34},"geometry":{"type":"Point","coordinates":[74.64111,18.50045]}},{"type":"Feature","properties":{"i":0.36},"geometry":{"type":"Point","coordinates":[74.68506,18.50045]}},{"type":"Feature","properties":{"i":0.34},"geometry":{"type":"Point","coordinates":[74.729,18.50045]}},{"type":"Feature","properties":{"i":0.24},"geometry":{"type":"Point","coordinates":[74.77295,18.50045]}},{"type":"Feature","properties":{"i":0.07},"geometry":{"type":"Point","coordinates":[74.86084,18.50045]}},{"type":"Feature","properties":{"i":0.47},"geometry":{"type":"Point","coordinates":[73.14697,18.45877]}},{"type":"Feature","properties":{"i":0.24},"geometry":{"type":"Point","coordinates":[73.19092,18.45877]}},{"type":"Feature","properties":{"i":0.14},"geometry":{"type":"Point","coordinates":[73.41064,18.45877]}},{"type":"Feature","properties":{"i":0.14},"geometry":{"type":"Point","coordinates":[73.54248,18.45877]}},{"type":"Feature","properties":{"i":0.19},"geometry":{"type":"Point","coordinates":[73.58643,18.45877]}},{"type":"Feature","properties":{"i":0.22},"geometry":{"type":"Point","coordinates":[73.63037,18.45877]}},{"type":"Feature","properties":{"i":0.25},"geometry":{"type":"Point","coordinates":[73.67432,18.45877]}},{"type":"Feature","properties":{"i":0.18},"geometry":{"type":"Point","coordinates":[73.71826,18.45877]}},{"type":"Feature","properties":{"i":0.78},"geometry":{"type":"Point","coordinates":[73.76221,18.45877]}},{"type":"Feature","properties":{"i":1},"geometry":{"type":"Point","coordinates":[73.80615,18.45877]}},{"type":"Feature","properties":{"i":1},"geometry":{"type":"Point","coordinates":[73.8501,18.45877]}},{"type":"Feature","properties":{"i":1},"geometry":{"type":"Point","coordinates":[73.89404,18.45877]}},{"type":"Feature","properties":{"i":1},"geometry":{"type":"Point","coordinates":[73.93799,18.45877]}},{"type":"Feature","properties":{"i":1},"geometry":{"type":"Point","coordinates":[73.98193,18.45877]}},{"type":"Feature","properties":{"i":0.55},"geometry":{"type":"Point","coordinates":[74.02588,18.45877]}},{"type":"Feature","properties":{"i":0.48},"geometry":{"type":"Point","coordinates":[74.06982,18.45877]}},{"type":"Feature","properties":{"i":0.7},"geometry":{"type":"Point","coordinates":[74.11377,18.45877]}},{"type":"Feature","properties":{"i":0.44},"geometry":{"type":"Point","coordinates":[74.15771,18.45877]}},{"type":"Feature","properties":{"i":0.5},"geometry":{"type":"Point","coordinates":[74.20166,18.45877]}},{"type":"Feature","properties":{"i":0.73},"geometry":{"type":"Point","coordinates":[74.24561,18.45877]}},{"type":"Feature","properties":{"i":0.97},"geometry":{"type":"Point","coordinates":[74.28955,18.45877]}},{"type":"Feature","properties":{"i":0.93},"geometry":{"type":"Point","coordinates":[74.3335,18.45877]}},{"type":"Feature","properties":{"i":0.91},"geometry":{"type":"Point","coordinates":[74.37744,18.45877]}},{"type":"Feature","properties":{"i":0.78},"geometry":{"type":"Point","coordinates":[74.42139,18.45877]}},{"type":"Feature","properties":{"i":0.67},"geometry":{"type":"Point","coordinates":[74.46533,18.45877]}},{"type":"Feature","properties":{"i":0.55},"geometry":{"type":"Point","coordinates":[74.50928,18.45877]}},{"type":"Feature","properties":{"i":0.76},"geometry":{"type":"Point","coordinates":[74.55322,18.45877]}},{"type":"Feature","properties":{"i":0.83},"geometry":{"type":"Point","coordinates":[74.59717,18.45877]}},{"type":"Feature","properties":{"i":0.44},"geometry":{"type":"Point","coordinates":[74.64111,18.45877]}},{"type":"Feature","properties":{"i":0.56},"geometry":{"type":"Point","coordinates":[74.68506,18.45877]}},{"type":"Feature","properties":{"i":1},"geometry":{"type":"Point","coordinates":[74.729,18.45877]}},{"type":"Feature","properties":{"i":0.4},"geometry":{"type":"Point","coordinates":[74.77295,18.45877]}},{"type":"Feature","properties":{"i":0.28},"geometry":{"type":"Point","coordinates":[74.81689,18.45877]}},{"type":"Feature","properties":{"i":0.08},"geometry":{"type":"Point","coordinates":[74.86084,18.45877]}},{"type":"Feature","properties":{"i":0.86},"geometry":{"type":"Point","coordinates":[73.14697,18.41708]}},{"type":"Feature","properties":{"i":0.42},"geometry":{"type":"Point","coordinates":[73.19092,18.41708]}},{"type":"Feature","properties":{"i":0.29},"geometry":{"type":"Point","coordinates":[73.23486,18.41708]}},{"type":"Feature","properties":{"i":0.09},"geometry":{"type":"Point","coordinates":[73.27881,18.41708]}},{"type":"Feature","properties":{"i":0.45},"geometry":{"type":"Point","coordinates":[73.3667,18.41708]}},{"type":"Feature","properties":{"i":0.1},"geometry":{"type":"Point","coordinates":[73.49854,18.41708]}},{"type":"Feature","properties":{"i":0.48},"geometry":{"type":"Point","coordinates":[73.63037,18.41708]}},{"type":"Feature","properties":{"i":0.23},"geometry":{"type":"Point","coordinates":[73.67432,18.41708]}},{"type":"Feature","properties":{"i":0.38},"geometry":{"type":"Point","coordinates":[73.71826,18.41708]}},{"type":"Feature","properties":{"i":0.74},"geometry":{"type":"Point","coordinates":[73.76221,18.41708]}},{"type":"Feature","properties":{"i":0.78},"geometry":{"type":"Point","coordinates":[73.80615,18.41708]}},{"type":"Feature","properties":{"i":0.91},"geometry":{"type":"Point","coordinates":[73.8501,18.41708]}},{"type":"Feature","properties":{"i":0.95},"geometry":{"type":"Point","coordinates":[73.89404,18.41708]}},{"type":"Feature","properties":{"i":0.85},"geometry":{"type":"Point","coordinates":[73.93799,18.41708]}},{"type":"Feature","properties":{"i":0.85},"geometry":{"type":"Point","coordinates":[73.98193,18.41708]}},{"type":"Feature","properties":{"i":0.4},"geometry":{"type":"Point","coordinates":[74.02588,18.41708]}},{"type":"Feature","properties":{"i":0.35},"geometry":{"type":"Point","coordinates":[74.06982,18.41708]}},{"type":"Feature","properties":{"i":0.39},"geometry":{"type":"Point","coordinates":[74.11377,18.41708]}},{"type":"Feature","properties":{"i":0.3},"geometry":{"type":"Point","coordinates":[74.15771,18.41708]}},{"type":"Feature","properties":{"i":0.21},"geometry":{"type":"Point","coordinates":[74.20166,18.41708]}},{"type":"Feature","properties":{"i":0.35},"geometry":{"type":"Point","coordinates":[74.24561,18.41708]}},{"type":"Feature","properties":{"i":0.1},"geometry":{"type":"Point","coordinates":[74.28955,18.41708]}},{"type":"Feature","properties":{"i":0.58},"geometry":{"type":"Point","coordinates":[74.3335,18.41708]}},{"type":"Feature","properties":{"i":0.61},"geometry":{"type":"Point","coordinates":[74.37744,18.41708]}},{"type":"Feature","properties":{"i":0.86},"geometry":{"type":"Point","coordinates":[74.42139,18.41708]}},{"type":"Feature","properties":{"i":0.82},"geometry":{"type":"Point","coordinates":[74.46533,18.41708]}},{"type":"Feature","properties":{"i":1},"geometry":{"type":"Point","coordinates":[74.50928,18.41708]}},{"type":"Feature","properties":{"i":0.79},"geometry":{"type":"Point","coordinates":[74.55322,18.41708]}},{"type":"Feature","properties":{"i":0.49},"geometry":{"type":"Point","coordinates":[74.59717,18.41708]}},{"type":"Feature","properties":{"i":0.67},"geometry":{"type":"Point","coordinates":[74.64111,18.41708]}},{"type":"Feature","properties":{"i":0.22},"geometry":{"type":"Point","coordinates":[74.68506,18.41708]}},{"type":"Feature","properties":{"i":0.26},"geometry":{"type":"Point","coordinates":[74.729,18.41708]}},{"type":"Feature","properties":{"i":0.32},"geometry":{"type":"Point","coordinates":[74.77295,18.41708]}},{"type":"Feature","properties":{"i":0.47},"geometry":{"type":"Point","coordinates":[74.81689,18.41708]}},{"type":"Feature","properties":{"i":0.44},"geometry":{"type":"Point","coordinates":[74.86084,18.41708]}},{"type":"Feature","properties":{"i":0.27},"geometry":{"type":"Point","coordinates":[73.23486,18.37538]}},{"type":"Feature","properties":{"i":0.04},"geometry":{"type":"Point","coordinates":[73.32275,18.37538]}},{"type":"Feature","properties":{"i":0.53},"geometry":{"type":"Point","coordinates":[73.3667,18.37538]}},{"type":"Feature","properties":{"i":0.19},"geometry":{"type":"Point","coordinates":[73.63037,18.37538]}},{"type":"Feature","properties":{"i":0.33},"geometry":{"type":"Point","coordinates":[73.67432,18.37538]}},{"type":"Feature","properties":{"i":0.63},"geometry":{"type":"Point","coordinates":[73.71826,18.37538]}},{"type":"Feature","properties":{"i":0.27},"geometry":{"type":"Point","coordinates":[73.76221,18.37538]}},{"type":"Feature","properties":{"i":0.15},"geometry":{"type":"Point","coordinates":[73.80615,18.37538]}},{"type":"Feature","properties":{"i":0.8},"geometry":{"type":"Point","coordinates":[73.8501,18.37538]}},{"type":"Feature","properties":{"i":0.24},"geometry":{"type":"Point","coordinates":[73.89404,18.37538]}},{"type":"Feature","properties":{"i":0.52},"geometry":{"type":"Point","coordinates":[73.93799,18.37538]}},{"type":"Feature","properties":{"i":0.27},"geometry":{"type":"Point","coordinates":[73.98193,18.37538]}},{"type":"Feature","properties":{"i":0.84},"geometry":{"type":"Point","coordinates":[74.02588,18.37538]}},{"type":"Feature","properties":{"i":0.07},"geometry":{"type":"Point","coordinates":[74.06982,18.37538]}},{"type":"Feature","properties":{"i":0.15},"geometry":{"type":"Point","coordinates":[74.11377,18.37538]}},{"type":"Feature","properties":{"i":0.37},"geometry":{"type":"Point","coordinates":[74.15771,18.37538]}},{"type":"Feature","properties":{"i":0.15},"geometry":{"type":"Point","coordinates":[74.20166,18.37538]}},{"type":"Feature","properties":{"i":0.11},"geometry":{"type":"Point","coordinates":[74.24561,18.37538]}},{"type":"Feature","properties":{"i":0.21},"geometry":{"type":"Point","coordinates":[74.28955,18.37538]}},{"type":"Feature","properties":{"i":0.17},"geometry":{"type":"Point","coordinates":[74.3335,18.37538]}},{"type":"Feature","properties":{"i":0.27},"geometry":{"type":"Point","coordinates":[74.37744,18.37538]}},{"type":"Feature","properties":{"i":0.48},"geometry":{"type":"Point","coordinates":[74.42139,18.37538]}},{"type":"Feature","properties":{"i":0.18},"geometry":{"type":"Point","coordinates":[74.46533,18.37538]}},{"type":"Feature","properties":{"i":0.63},"geometry":{"type":"Point","coordinates":[74.50928,18.37538]}},{"type":"Feature","properties":{"i":0.98},"geometry":{"type":"Point","coordinates":[74.55322,18.37538]}},{"type":"Feature","properties":{"i":0.63},"geometry":{"type":"Point","coordinates":[74.59717,18.37538]}},{"type":"Feature","properties":{"i":0.31},"geometry":{"type":"Point","coordinates":[74.64111,18.37538]}},{"type":"Feature","properties":{"i":0.27},"geometry":{"type":"Point","coordinates":[74.68506,18.37538]}},{"type":"Feature","properties":{"i":0.28},"geometry":{"type":"Point","coordinates":[74.729,18.37538]}},{"type":"Feature","properties":{"i":0.22},"geometry":{"type":"Point","coordinates":[74.77295,18.37538]}},{"type":"Feature","properties":{"i":0.26},"geometry":{"type":"Point","coordinates":[74.81689,18.37538]}},{"type":"Feature","properties":{"i":0.19},"geometry":{"type":"Point","coordinates":[74.86084,18.37538]}},{"type":"Feature","properties":{"i":0.46},"geometry":{"type":"Point","coordinates":[73.32275,18.33367]}},{"type":"Feature","properties":{"i":0.25},"geometry":{"type":"Point","coordinates":[73.49854,18.33367]}},{"type":"Feature","properties":{"i":0.27},"geometry":{"type":"Point","coordinates":[73.67432,18.33367]}},{"type":"Feature","properties":{"i":0.11},"geometry":{"type":"Point","coordinates":[73.71826,18.33367]}},{"type":"Feature","properties":{"i":0.47},"geometry":{"type":"Point","coordinates":[73.76221,18.33367]}},{"type":"Feature","properties":{"i":0.44},"geometry":{"type":"Point","coordinates":[73.80615,18.33367]}},{"type":"Feature","properties":{"i":0.85},"geometry":{"type":"Point","coordinates":[73.8501,18.33367]}},{"type":"Feature","properties":{"i":0.57},"geometry":{"type":"Point","coordinates":[73.89404,18.33367]}},{"type":"Feature","properties":{"i":0.17},"geometry":{"type":"Point","coordinates":[73.93799,18.33367]}},{"type":"Feature","properties":{"i":0.21},"geometry":{"type":"Point","coordinates":[73.98193,18.33367]}},{"type":"Feature","properties":{"i":0.94},"geometry":{"type":"Point","coordinates":[74.02588,18.33367]}},{"type":"Feature","properties":{"i":0.6},"geometry":{"type":"Point","coordinates":[74.06982,18.33367]}},{"type":"Feature","properties":{"i":0.07},"geometry":{"type":"Point","coordinates":[74.11377,18.33367]}},{"type":"Feature","properties":{"i":0.08},"geometry":{"type":"Point","coordinates":[74.15771,18.33367]}},{"type":"Feature","properties":{"i":0.09},"geometry":{"type":"Point","coordinates":[74.20166,18.33367]}},{"type":"Feature","properties":{"i":0.22},"geometry":{"type":"Point","coordinates":[74.28955,18.33367]}},{"type":"Feature","properties":{"i":0.25},"geometry":{"type":"Point","coordinates":[74.3335,18.33367]}},{"type":"Feature","properties":{"i":0.6},"geometry":{"type":"Point","coordinates":[74.37744,18.33367]}},{"type":"Feature","properties":{"i":0.37},"geometry":{"type":"Point","coordinates":[74.42139,18.33367]}},{"type":"Feature","properties":{"i":0.35},"geometry":{"type":"Point","coordinates":[74.46533,18.33367]}},{"type":"Feature","properties":{"i":0.34},"geometry":{"type":"Point","coordinates":[74.50928,18.33367]}},{"type":"Feature","properties":{"i":0.3},"geometry":{"type":"Point","coordinates":[74.55322,18.33367]}},{"type":"Feature","properties":{"i":0.14},"geometry":{"type":"Point","coordinates":[74.59717,18.33367]}},{"type":"Feature","properties":{"i":0.48},"geometry":{"type":"Point","coordinates":[74.64111,18.33367]}},{"type":"Feature","properties":{"i":0.58},"geometry":{"type":"Point","coordinates":[74.68506,18.33367]}},{"type":"Feature","properties":{"i":0.71},"geometry":{"type":"Point","coordinates":[74.729,18.33367]}},{"type":"Feature","properties":{"i":0.14},"geometry":{"type":"Point","coordinates":[74.77295,18.33367]}},{"type":"Feature","properties":{"i":0.22},"geometry":{"type":"Point","coordinates":[74.81689,18.33367]}},{"type":"Feature","properties":{"i":0.18},"geometry":{"type":"Point","coordinates":[74.86084,18.33367]}},{"type":"Feature","properties":{"i":0.16},"geometry":{"type":"Point","coordinates":[73.14697,18.29195]}},{"type":"Feature","properties":{"i":0.19},"geometry":{"type":"Point","coordinates":[73.23486,18.29195]}},{"type":"Feature","properties":{"i":0.44},"geometry":{"type":"Point","coordinates":[73.27881,18.29195]}},{"type":"Feature","properties":{"i":0.17},"geometry":{"type":"Point","coordinates":[73.76221,18.29195]}},{"type":"Feature","properties":{"i":0.14},"geometry":{"type":"Point","coordinates":[73.80615,18.29195]}},{"type":"Feature","properties":{"i":0.25},"geometry":{"type":"Point","coordinates":[73.8501,18.29195]}},{"type":"Feature","properties":{"i":0.63},"geometry":{"type":"Point","coordinates":[73.89404,18.29195]}},{"type":"Feature","properties":{"i":0.19},"geometry":{"type":"Point","coordinates":[73.93799,18.29195]}},{"type":"Feature","properties":{"i":0.17},"geometry":{"type":"Point","coordinates":[73.98193,18.29195]}},{"type":"Feature","properties":{"i":0.08},"geometry":{"type":"Point","coordinates":[74.02588,18.29195]}},{"type":"Feature","properties":{"i":0.3},"geometry":{"type":"Point","coordinates":[74.06982,18.29195]}},{"type":"Feature","properties":{"i":0.6},"geometry":{"type":"Point","coordinates":[74.11377,18.29195]}},{"type":"Feature","properties":{"i":1},"geometry":{"type":"Point","coordinates":[74.15771,18.29195]}},{"type":"Feature","properties":{"i":0.13},"geometry":{"type":"Point","coordinates":[74.20166,18.29195]}},{"type":"Feature","properties":{"i":0.22},"geometry":{"type":"Point","coordinates":[74.24561,18.29195]}},{"type":"Feature","properties":{"i":0.37},"geometry":{"type":"Point","coordinates":[74.28955,18.29195]}},{"type":"Feature","properties":{"i":0.37},"geometry":{"type":"Point","coordinates":[74.3335,18.29195]}},{"type":"Feature","properties":{"i":0.05},"geometry":{"type":"Point","coordinates":[74.37744,18.29195]}},{"type":"Feature","properties":{"i":0.02},"geometry":{"type":"Point","coordinates":[74.42139,18.29195]}},{"type":"Feature","properties":{"i":0.5},"geometry":{"type":"Point","coordinates":[74.46533,18.29195]}},{"type":"Feature","properties":{"i":0.56},"geometry":{"type":"Point","coordinates":[74.50928,18.29195]}},{"type":"Feature","properties":{"i":0.1},"geometry":{"type":"Point","coordinates":[74.55322,18.29195]}},{"type":"Feature","properties":{"i":0.13},"geometry":{"type":"Point","coordinates":[74.59717,18.29195]}},{"type":"Feature","properties":{"i":0.07},"geometry":{"type":"Point","coordinates":[74.64111,18.29195]}},{"type":"Feature","properties":{"i":0.26},"geometry":{"type":"Point","coordinates":[74.68506,18.29195]}},{"type":"Feature","properties":{"i":0.29},"geometry":{"type":"Point","coordinates":[74.729,18.29195]}},{"type":"Feature","properties":{"i":0.67},"geometry":{"type":"Point","coordinates":[74.77295,18.29195]}},{"type":"Feature","properties":{"i":0.09},"geometry":{"type":"Point","coordinates":[74.81689,18.29195]}},{"type":"Feature","properties":{"i":0.4},"geometry":{"type":"Point","coordinates":[73.27881,18.25022]}},{"type":"Feature","properties":{"i":0.02},"geometry":{"type":"Point","coordinates":[73.32275,18.25022]}},{"type":"Feature","properties":{"i":0.02},"geometry":{"type":"Point","coordinates":[73.76221,18.25022]}},{"type":"Feature","properties":{"i":0.25},"geometry":{"type":"Point","coordinates":[73.8501,18.25022]}},{"type":"Feature","properties":{"i":0.52},"geometry":{"type":"Point","coordinates":[73.89404,18.25022]}},{"type":"Feature","properties":{"i":0.12},"geometry":{"type":"Point","coordinates":[73.93799,18.25022]}},{"type":"Feature","properties":{"i":0.15},"geometry":{"type":"Point","coordinates":[73.98193,18.25022]}},{"type":"Feature","properties":{"i":0.17},"geometry":{"type":"Point","coordinates":[74.06982,18.25022]}},{"type":"Feature","properties":{"i":0.13},"geometry":{"type":"Point","coordinates":[74.11377,18.25022]}},{"type":"Feature","properties":{"i":0.93},"geometry":{"type":"Point","coordinates":[74.15771,18.25022]}},{"type":"Feature","properties":{"i":0.94},"geometry":{"type":"Point","coordinates":[74.20166,18.25022]}},{"type":"Feature","properties":{"i":0.12},"geometry":{"type":"Point","coordinates":[74.24561,18.25022]}},{"type":"Feature","properties":{"i":0.09},"geometry":{"type":"Point","coordinates":[74.28955,18.25022]}},{"type":"Feature","properties":{"i":0.11},"geometry":{"type":"Point","coordinates":[74.46533,18.25022]}},{"type":"Feature","properties":{"i":0.26},"geometry":{"type":"Point","coordinates":[74.50928,18.25022]}},{"type":"Feature","properties":{"i":0.25},"geometry":{"type":"Point","coordinates":[74.55322,18.25022]}},{"type":"Feature","properties":{"i":0.64},"geometry":{"type":"Point","coordinates":[74.59717,18.25022]}},{"type":"Feature","properties":{"i":0.47},"geometry":{"type":"Point","coordinates":[74.64111,18.25022]}},{"type":"Feature","properties":{"i":0.49},"geometry":{"type":"Point","coordinates":[74.68506,18.25022]}},{"type":"Feature","properties":{"i":0.36},"geometry":{"type":"Point","coordinates":[74.729,18.25022]}},{"type":"Feature","properties":{"i":0.61},"geometry":{"type":"Point","coordinates":[74.77295,18.25022]}},{"type":"Feature","properties":{"i":0.3},"geometry":{"type":"Point","coordinates":[74.81689,18.25022]}},{"type":"Feature","properties":{"i":0.25},"geometry":{"type":"Point","coordinates":[73.19092,18.20848]}},{"type":"Feature","properties":{"i":0.41},"geometry":{"type":"Point","coordinates":[73.23486,18.20848]}},{"type":"Feature","properties":{"i":0.37},"geometry":{"type":"Point","coordinates":[73.27881,18.20848]}},{"type":"Feature","properties":{"i":0.02},"geometry":{"type":"Point","coordinates":[73.32275,18.20848]}},{"type":"Feature","properties":{"i":0.18},"geometry":{"type":"Point","coordinates":[73.89404,18.20848]}},{"type":"Feature","properties":{"i":0.63},"geometry":{"type":"Point","coordinates":[73.93799,18.20848]}},{"type":"Feature","properties":{"i":0.24},"geometry":{"type":"Point","coordinates":[73.98193,18.20848]}},{"type":"Feature","properties":{"i":0.02},"geometry":{"type":"Point","coordinates":[74.06982,18.20848]}},{"type":"Feature","properties":{"i":0.36},"geometry":{"type":"Point","coordinates":[74.11377,18.20848]}},{"type":"Feature","properties":{"i":0.04},"geometry":{"type":"Point","coordinates":[74.15771,18.20848]}},{"type":"Feature","properties":{"i":0.09},"geometry":{"type":"Point","coordinates":[74.20166,18.20848]}},{"type":"Feature","properties":{"i":0.16},"geometry":{"type":"Point","coordinates":[74.24561,18.20848]}},{"type":"Feature","properties":{"i":0.35},"geometry":{"type":"Point","coordinates":[74.28955,18.20848]}},{"type":"Feature","properties":{"i":0.09},"geometry":{"type":"Point","coordinates":[74.3335,18.20848]}},{"type":"Feature","properties":{"i":0.14},"geometry":{"type":"Point","coordinates":[74.37744,18.20848]}},{"type":"Feature","properties":{"i":0.04},"geometry":{"type":"Point","coordinates":[74.42139,18.20848]}},{"type":"Feature","properties":{"i":0.14},"geometry":{"type":"Point","coordinates":[74.46533,18.20848]}},{"type":"Feature","properties":{"i":0.28},"geometry":{"type":"Point","coordinates":[74.50928,18.20848]}},{"type":"Feature","properties":{"i":0.12},"geometry":{"type":"Point","coordinates":[74.55322,18.20848]}},{"type":"Feature","properties":{"i":1},"geometry":{"type":"Point","coordinates":[74.59717,18.20848]}},{"type":"Feature","properties":{"i":0.85},"geometry":{"type":"Point","coordinates":[74.64111,18.20848]}},{"type":"Feature","properties":{"i":0.32},"geometry":{"type":"Point","coordinates":[74.68506,18.20848]}},{"type":"Feature","properties":{"i":0.39},"geometry":{"type":"Point","coordinates":[74.729,18.20848]}},{"type":"Feature","properties":{"i":0.52},"geometry":{"type":"Point","coordinates":[74.77295,18.20848]}},{"type":"Feature","properties":{"i":0.49},"geometry":{"type":"Point","coordinates":[74.81689,18.20848]}},{"type":"Feature","properties":{"i":0.62},"geometry":{"type":"Point","coordinates":[74.86084,18.20848]}},{"type":"Feature","properties":{"i":0.22},"geometry":{"type":"Point","coordinates":[73.27881,18.16673]}},{"type":"Feature","properties":{"i":0.39},"geometry":{"type":"Point","coordinates":[73.32275,18.16673]}},{"type":"Feature","properties":{"i":0.11},"geometry":{"type":"Point","coordinates":[73.3667,18.16673]}},{"type":"Feature","properties":{"i":0.26},"geometry":{"type":"Point","coordinates":[73.8501,18.16673]}},{"type":"Feature","properties":{"i":0.25},"geometry":{"type":"Point","coordinates":[73.89404,18.16673]}},{"type":"Feature","properties":{"i":0.57},"geometry":{"type":"Point","coordinates":[73.93799,18.16673]}},{"type":"Feature","properties":{"i":0.72},"geometry":{"type":"Point","coordinates":[73.98193,18.16673]}},{"type":"Feature","properties":{"i":0.17},"geometry":{"type":"Point","coordinates":[74.02588,18.16673]}},{"type":"Feature","properties":{"i":0.14},"geometry":{"type":"Point","coordinates":[74.06982,18.16673]}},{"type":"Feature","properties":{"i":0.29},"geometry":{"type":"Point","coordinates":[74.11377,18.16673]}},{"type":"Feature","properties":{"i":0.42},"geometry":{"type":"Point","coordinates":[74.15771,18.16673]}},{"type":"Feature","properties":{"i":0.05},"geometry":{"type":"Point","coordinates":[74.20166,18.16673]}},{"type":"Feature","properties":{"i":0.11},"geometry":{"type":"Point","coordinates":[74.24561,18.16673]}},{"type":"Feature","properties":{"i":0.44},"geometry":{"type":"Point","coordinates":[74.28955,18.16673]}},{"type":"Feature","properties":{"i":0.1},"geometry":{"type":"Point","coordinates":[74.3335,18.16673]}},{"type":"Feature","properties":{"i":0.13},"geometry":{"type":"Point","coordinates":[74.37744,18.16673]}},{"type":"Feature","properties":{"i":0.12},"geometry":{"type":"Point","coordinates":[74.42139,18.16673]}},{"type":"Feature","properties":{"i":0.27},"geometry":{"type":"Point","coordinates":[74.50928,18.16673]}},{"type":"Feature","properties":{"i":0.76},"geometry":{"type":"Point","coordinates":[74.55322,18.16673]}},{"type":"Feature","properties":{"i":1},"geometry":{"type":"Point","coordinates":[74.59717,18.16673]}},{"type":"Feature","properties":{"i":0.81},"geometry":{"type":"Point","coordinates":[74.64111,18.16673]}},{"type":"Feature","properties":{"i":0.55},"geometry":{"type":"Point","coordinates":[74.68506,18.16673]}},{"type":"Feature","properties":{"i":0.3},"geometry":{"type":"Point","coordinates":[74.729,18.16673]}},{"type":"Feature","properties":{"i":0.33},"geometry":{"type":"Point","coordinates":[74.77295,18.16673]}},{"type":"Feature","properties":{"i":0.34},"geometry":{"type":"Point","coordinates":[74.81689,18.16673]}},{"type":"Feature","properties":{"i":0.16},"geometry":{"type":"Point","coordinates":[74.86084,18.16673]}},{"type":"Feature","properties":{"i":0.25},"geometry":{"type":"Point","coordinates":[73.14697,18.12497]}},{"type":"Feature","properties":{"i":0.23},"geometry":{"type":"Point","coordinates":[73.32275,18.12497]}},{"type":"Feature","properties":{"i":0.28},"geometry":{"type":"Point","coordinates":[73.45459,18.12497]}},{"type":"Feature","properties":{"i":0.81},"geometry":{"type":"Point","coordinates":[73.49854,18.12497]}},{"type":"Feature","properties":{"i":0.8},"geometry":{"type":"Point","coordinates":[73.54248,18.12497]}},{"type":"Feature","properties":{"i":0.11},"geometry":{"type":"Point","coordinates":[73.76221,18.12497]}},{"type":"Feature","properties":{"i":0.08},"geometry":{"type":"Point","coordinates":[73.80615,18.12497]}},{"type":"Feature","properties":{"i":0.18},"geometry":{"type":"Point","coordinates":[73.8501,18.12497]}},{"type":"Feature","properties":{"i":0.32},"geometry":{"type":"Point","coordinates":[73.89404,18.12497]}},{"type":"Feature","properties":{"i":0.5},"geometry":{"type":"Point","coordinates":[73.93799,18.12497]}},{"type":"Feature","properties":{"i":0.84},"geometry":{"type":"Point","coordinates":[73.98193,18.12497]}},{"type":"Feature","properties":{"i":0.41},"geometry":{"type":"Point","coordinates":[74.02588,18.12497]}},{"type":"Feature","properties":{"i":0.13},"geometry":{"type":"Point","coordinates":[74.06982,18.12497]}},{"type":"Feature","properties":{"i":0.29},"geometry":{"type":"Point","coordinates":[74.11377,18.12497]}},{"type":"Feature","properties":{"i":0.46},"geometry":{"type":"Point","coordinates":[74.15771,18.12497]}},{"type":"Feature","properties":{"i":0.41},"geometry":{"type":"Point","coordinates":[74.20166,18.12497]}},{"type":"Feature","properties":{"i":0.38},"geometry":{"type":"Point","coordinates":[74.24561,18.12497]}},{"type":"Feature","properties":{"i":0.53},"geometry":{"type":"Point","coordinates":[74.28955,18.12497]}},{"type":"Feature","properties":{"i":0.3},"geometry":{"type":"Point","coordinates":[74.3335,18.12497]}},{"type":"Feature","properties":{"i":0.34},"geometry":{"type":"Point","coordinates":[74.37744,18.12497]}},{"type":"Feature","properties":{"i":0.32},"geometry":{"type":"Point","coordinates":[74.42139,18.12497]}},{"type":"Feature","properties":{"i":0.19},"geometry":{"type":"Point","coordinates":[74.46533,18.12497]}},{"type":"Feature","properties":{"i":0.64},"geometry":{"type":"Point","coordinates":[74.50928,18.12497]}},{"type":"Feature","properties":{"i":0.74},"geometry":{"type":"Point","coordinates":[74.55322,18.12497]}},{"type":"Feature","properties":{"i":1},"geometry":{"type":"Point","coordinates":[74.59717,18.12497]}},{"type":"Feature","properties":{"i":0.68},"geometry":{"type":"Point","coordinates":[74.64111,18.12497]}},{"type":"Feature","properties":{"i":0.57},"geometry":{"type":"Point","coordinates":[74.68506,18.12497]}},{"type":"Feature","properties":{"i":0.62},"geometry":{"type":"Point","coordinates":[74.729,18.12497]}},{"type":"Feature","properties":{"i":0.42},"geometry":{"type":"Point","coordinates":[74.77295,18.12497]}},{"type":"Feature","properties":{"i":0.58},"geometry":{"type":"Point","coordinates":[74.81689,18.12497]}},{"type":"Feature","properties":{"i":0.12},"geometry":{"type":"Point","coordinates":[74.86084,18.12497]}},{"type":"Feature","properties":{"i":0.28},"geometry":{"type":"Point","coordinates":[73.3667,18.0832]}},{"type":"Feature","properties":{"i":0.61},"geometry":{"type":"Point","coordinates":[73.41064,18.0832]}},{"type":"Feature","properties":{"i":0.69},"geometry":{"type":"Point","coordinates":[73.45459,18.0832]}},{"type":"Feature","properties":{"i":1},"geometry":{"type":"Point","coordinates":[73.49854,18.0832]}},{"type":"Feature","properties":{"i":0.69},"geometry":{"type":"Point","coordinates":[73.54248,18.0832]}},{"type":"Feature","properties":{"i":0.09},"geometry":{"type":"Point","coordinates":[73.80615,18.0832]}},{"type":"Feature","properties":{"i":0.33},"geometry":{"type":"Point","coordinates":[73.93799,18.0832]}},{"type":"Feature","properties":{"i":0.87},"geometry":{"type":"Point","coordinates":[73.98193,18.0832]}},{"type":"Feature","properties":{"i":0.78},"geometry":{"type":"Point","coordinates":[74.02588,18.0832]}},{"type":"Feature","properties":{"i":0.6},"geometry":{"type":"Point","coordinates":[74.06982,18.0832]}},{"type":"Feature","properties":{"i":0.36},"geometry":{"type":"Point","coordinates":[74.11377,18.0832]}},{"type":"Feature","properties":{"i":0.52},"geometry":{"type":"Point","coordinates":[74.15771,18.0832]}},{"type":"Feature","properties":{"i":0.84},"geometry":{"type":"Point","coordinates":[74.20166,18.0832]}},{"type":"Feature","properties":{"i":0.72},"geometry":{"type":"Point","coordinates":[74.24561,18.0832]}},{"type":"Feature","properties":{"i":0.74},"geometry":{"type":"Point","coordinates":[74.28955,18.0832]}},{"type":"Feature","properties":{"i":0.33},"geometry":{"type":"Point","coordinates":[74.3335,18.0832]}},{"type":"Feature","properties":{"i":0.24},"geometry":{"type":"Point","coordinates":[74.37744,18.0832]}},{"type":"Feature","properties":{"i":0.34},"geometry":{"type":"Point","coordinates":[74.42139,18.0832]}},{"type":"Feature","properties":{"i":0.29},"geometry":{"type":"Point","coordinates":[74.46533,18.0832]}},{"type":"Feature","properties":{"i":0.22},"geometry":{"type":"Point","coordinates":[74.50928,18.0832]}},{"type":"Feature","properties":{"i":0.36},"geometry":{"type":"Point","coordinates":[74.55322,18.0832]}},{"type":"Feature","properties":{"i":0.51},"geometry":{"type":"Point","coordinates":[74.59717,18.0832]}},{"type":"Feature","properties":{"i":0.4},"geometry":{"type":"Point","coordinates":[74.64111,18.0832]}},{"type":"Feature","properties":{"i":0.41},"geometry":{"type":"Point","coordinates":[74.68506,18.0832]}},{"type":"Feature","properties":{"i":0.48},"geometry":{"type":"Point","coordinates":[74.729,18.0832]}},{"type":"Feature","properties":{"i":0.61},"geometry":{"type":"Point","coordinates":[74.77295,18.0832]}},{"type":"Feature","properties":{"i":0.38},"geometry":{"type":"Point","coordinates":[74.81689,18.0832]}},{"type":"Feature","properties":{"i":0.38},"geometry":{"type":"Point","coordinates":[74.86084,18.0832]}},{"type":"Feature","properties":{"i":0.14},"geometry":{"type":"Point","coordinates":[73.32275,18.04142]}},{"type":"Feature","properties":{"i":0.1},"geometry":{"type":"Point","coordinates":[73.41064,18.04142]}},{"type":"Feature","properties":{"i":0.55},"geometry":{"type":"Point","coordinates":[73.45459,18.04142]}},{"type":"Feature","properties":{"i":0.3},"geometry":{"type":"Point","coordinates":[73.49854,18.04142]}},{"type":"Feature","properties":{"i":0.07},"geometry":{"type":"Point","coordinates":[73.89404,18.04142]}},{"type":"Feature","properties":{"i":0.37},"geometry":{"type":"Point","coordinates":[73.98193,18.04142]}},{"type":"Feature","properties":{"i":0.55},"geometry":{"type":"Point","coordinates":[74.02588,18.04142]}},{"type":"Feature","properties":{"i":0.73},"geometry":{"type":"Point","coordinates":[74.06982,18.04142]}},{"type":"Feature","properties":{"i":0.33},"geometry":{"type":"Point","coordinates":[74.11377,18.04142]}},{"type":"Feature","properties":{"i":0.99},"geometry":{"type":"Point","coordinates":[74.15771,18.04142]}},{"type":"Feature","properties":{"i":1},"geometry":{"type":"Point","coordinates":[74.20166,18.04142]}},{"type":"Feature","properties":{"i":0.53},"geometry":{"type":"Point","coordinates":[74.24561,18.04142]}},{"type":"Feature","properties":{"i":0.22},"geometry":{"type":"Point","coordinates":[74.28955,18.04142]}},{"type":"Feature","properties":{"i":0.65},"geometry":{"type":"Point","coordinates":[74.3335,18.04142]}},{"type":"Feature","properties":{"i":0.28},"geometry":{"type":"Point","coordinates":[74.37744,18.04142]}},{"type":"Feature","properties":{"i":0.23},"geometry":{"type":"Point","coordinates":[74.42139,18.04142]}},{"type":"Feature","properties":{"i":0.37},"geometry":{"type":"Point","coordinates":[74.46533,18.04142]}},{"type":"Feature","properties":{"i":0.49},"geometry":{"type":"Point","coordinates":[74.50928,18.04142]}},{"type":"Feature","properties":{"i":0.25},"geometry":{"type":"Point","coordinates":[74.55322,18.04142]}},{"type":"Feature","properties":{"i":0.3},"geometry":{"type":"Point","coordinates":[74.59717,18.04142]}},{"type":"Feature","properties":{"i":0.51},"geometry":{"type":"Point","coordinates":[74.64111,18.04142]}},{"type":"Feature","properties":{"i":0.25},"geometry":{"type":"Point","coordinates":[74.68506,18.04142]}},{"type":"Feature","properties":{"i":0.27},"geometry":{"type":"Point","coordinates":[74.729,18.04142]}},{"type":"Feature","properties":{"i":0.59},"geometry":{"type":"Point","coordinates":[74.77295,18.04142]}},{"type":"Feature","properties":{"i":0.54},"geometry":{"type":"Point","coordinates":[74.81689,18.04142]}},{"type":"Feature","properties":{"i":0.27},"geometry":{"type":"Point","coordinates":[74.86084,18.04142]}},{"type":"Feature","properties":{"i":0.03},"geometry":{"type":"Point","coordinates":[73.27881,17.99963]}},{"type":"Feature","properties":{"i":0.3},"geometry":{"type":"Point","coordinates":[73.45459,17.99963]}},{"type":"Feature","properties":{"i":0.08},"geometry":{"type":"Point","coordinates":[73.8501,17.99963]}},{"type":"Feature","properties":{"i":0.04},"geometry":{"type":"Point","coordinates":[73.89404,17.99963]}},{"type":"Feature","properties":{"i":0.22},"geometry":{"type":"Point","coordinates":[73.98193,17.99963]}},{"type":"Feature","properties":{"i":0.32},"geometry":{"type":"Point","coordinates":[74.02588,17.99963]}},{"type":"Feature","properties":{"i":0.13},"geometry":{"type":"Point","coordinates":[74.11377,17.99963]}},{"type":"Feature","properties":{"i":0.22},"geometry":{"type":"Point","coordinates":[74.15771,17.99963]}},{"type":"Feature","properties":{"i":0.25},"geometry":{"type":"Point","coordinates":[74.20166,17.99963]}},{"type":"Feature","properties":{"i":0.09},"geometry":{"type":"Point","coordinates":[74.24561,17.99963]}},{"type":"Feature","properties":{"i":0.64},"geometry":{"type":"Point","coordinates":[74.28955,17.99963]}},{"type":"Feature","properties":{"i":1},"geometry":{"type":"Point","coordinates":[74.3335,17.99963]}},{"type":"Feature","properties":{"i":0.49},"geometry":{"type":"Point","coordinates":[74.37744,17.99963]}},{"type":"Feature","properties":{"i":0.96},"geometry":{"type":"Point","coordinates":[74.42139,17.99963]}},{"type":"Feature","properties":{"i":0.96},"geometry":{"type":"Point","coordinates":[74.46533,17.99963]}},{"type":"Feature","properties":{"i":0.42},"geometry":{"type":"Point","coordinates":[74.50928,17.99963]}},{"type":"Feature","properties":{"i":0.21},"geometry":{"type":"Point","coordinates":[74.55322,17.99963]}},{"type":"Feature","properties":{"i":0.47},"geometry":{"type":"Point","coordinates":[74.59717,17.99963]}},{"type":"Feature","properties":{"i":0.17},"geometry":{"type":"Point","coordinates":[74.64111,17.99963]}},{"type":"Feature","properties":{"i":0.37},"geometry":{"type":"Point","coordinates":[74.68506,17.99963]}},{"type":"Feature","properties":{"i":0.24},"geometry":{"type":"Point","coordinates":[74.729,17.99963]}},{"type":"Feature","properties":{"i":0.37},"geometry":{"type":"Point","coordinates":[74.77295,17.99963]}},{"type":"Feature","properties":{"i":0.52},"geometry":{"type":"Point","coordinates":[74.81689,17.99963]}},{"type":"Feature","properties":{"i":0.35},"geometry":{"type":"Point","coordinates":[74.86084,17.99963]}},{"type":"Feature","properties":{"i":0.14},"geometry":{"type":"Point","coordinates":[73.45459,17.95783]}},{"type":"Feature","properties":{"i":0.03},"geometry":{"type":"Point","coordinates":[73.80615,17.95783]}},{"type":"Feature","properties":{"i":0.14},"geometry":{"type":"Point","coordinates":[73.8501,17.95783]}},{"type":"Feature","properties":{"i":0.82},"geometry":{"type":"Point","coordinates":[73.89404,17.95783]}},{"type":"Feature","properties":{"i":0.15},"geometry":{"type":"Point","coordinates":[73.93799,17.95783]}},{"type":"Feature","properties":{"i":0.22},"geometry":{"type":"Point","coordinates":[73.98193,17.95783]}},{"type":"Feature","properties":{"i":0.02},"geometry":{"type":"Point","coordinates":[74.02588,17.95783]}},{"type":"Feature","properties":{"i":0.19},"geometry":{"type":"Point","coordinates":[74.15771,17.95783]}},{"type":"Feature","properties":{"i":0.33},"geometry":{"type":"Point","coordinates":[74.20166,17.95783]}},{"type":"Feature","properties":{"i":0.36},"geometry":{"type":"Point","coordinates":[74.24561,17.95783]}},{"type":"Feature","properties":{"i":0.03},"geometry":{"type":"Point","coordinates":[74.28955,17.95783]}},{"type":"Feature","properties":{"i":0.63},"geometry":{"type":"Point","coordinates":[74.37744,17.95783]}},{"type":"Feature","properties":{"i":0.42},"geometry":{"type":"Point","coordinates":[74.42139,17.95783]}},{"type":"Feature","properties":{"i":0.55},"geometry":{"type":"Point","coordinates":[74.46533,17.95783]}},{"type":"Feature","properties":{"i":0.28},"geometry":{"type":"Point","coordinates":[74.50928,17.95783]}},{"type":"Feature","properties":{"i":0.19},"geometry":{"type":"Point","coordinates":[74.55322,17.95783]}},{"type":"Feature","properties":{"i":0.19},"geometry":{"type":"Point","coordinates":[74.59717,17.95783]}},{"type":"Feature","properties":{"i":0.73},"geometry":{"type":"Point","coordinates":[74.64111,17.95783]}},{"type":"Feature","properties":{"i":0.09},"geometry":{"type":"Point","coordinates":[74.68506,17.95783]}},{"type":"Feature","properties":{"i":0.28},"geometry":{"type":"Point","coordinates":[74.729,17.95783]}},{"type":"Feature","properties":{"i":0.26},"geometry":{"type":"Point","coordinates":[74.77295,17.95783]}},{"type":"Feature","properties":{"i":0.18},"geometry":{"type":"Point","coordinates":[74.81689,17.95783]}},{"type":"Feature","properties":{"i":0.25},"geometry":{"type":"Point","coordinates":[74.86084,17.95783]}},{"type":"Feature","properties":{"i":0.3},"geometry":{"type":"Point","coordinates":[73.67432,17.91602]}},{"type":"Feature","properties":{"i":0.08},"geometry":{"type":"Point","coordinates":[73.71826,17.91602]}},{"type":"Feature","properties":{"i":0.23},"geometry":{"type":"Point","coordinates":[73.76221,17.91602]}},{"type":"Feature","properties":{"i":0.34},"geometry":{"type":"Point","coordinates":[73.80615,17.91602]}},{"type":"Feature","properties":{"i":0.24},"geometry":{"type":"Point","coordinates":[73.8501,17.91602]}},{"type":"Feature","properties":{"i":0.6},"geometry":{"type":"Point","coordinates":[73.89404,17.91602]}},{"type":"Feature","properties":{"i":0.22},"geometry":{"type":"Point","coordinates":[73.93799,17.91602]}},{"type":"Feature","properties":{"i":0.14},"geometry":{"type":"Point","coordinates":[73.98193,17.91602]}},{"type":"Feature","properties":{"i":0.09},"geometry":{"type":"Point","coordinates":[74.02588,17.91602]}},{"type":"Feature","properties":{"i":0.1},"geometry":{"type":"Point","coordinates":[74.06982,17.91602]}},{"type":"Feature","properties":{"i":0.21},"geometry":{"type":"Point","coordinates":[74.11377,17.91602]}},{"type":"Feature","properties":{"i":0.22},"geometry":{"type":"Point","coordinates":[74.15771,17.91602]}},{"type":"Feature","properties":{"i":0.25},"geometry":{"type":"Point","coordinates":[74.24561,17.91602]}},{"type":"Feature","properties":{"i":0.22},"geometry":{"type":"Point","coordinates":[74.28955,17.91602]}},{"type":"Feature","properties":{"i":0.23},"geometry":{"type":"Point","coordinates":[74.3335,17.91602]}},{"type":"Feature","properties":{"i":0.19},"geometry":{"type":"Point","coordinates":[74.37744,17.91602]}},{"type":"Feature","properties":{"i":0.03},"geometry":{"type":"Point","coordinates":[74.46533,17.91602]}},{"type":"Feature","properties":{"i":0.15},"geometry":{"type":"Point","coordinates":[74.50928,17.91602]}},{"type":"Feature","properties":{"i":0.05},"geometry":{"type":"Point","coordinates":[74.64111,17.91602]}},{"type":"Feature","properties":{"i":0.68},"geometry":{"type":"Point","coordinates":[74.68506,17.91602]}},{"type":"Feature","properties":{"i":0.49},"geometry":{"type":"Point","coordinates":[74.729,17.91602]}},{"type":"Feature","properties":{"i":0.93},"geometry":{"type":"Point","coordinates":[74.77295,17.91602]}},{"type":"Feature","properties":{"i":0.38},"geometry":{"type":"Point","coordinates":[74.81689,17.91602]}},{"type":"Feature","properties":{"i":0.21},"geometry":{"type":"Point","coordinates":[74.86084,17.91602]}},{"type":"Feature","properties":{"i":0.05},"geometry":{"type":"Point","coordinates":[73.45459,17.8742]}},{"type":"Feature","properties":{"i":0.35},"geometry":{"type":"Point","coordinates":[73.93799,17.8742]}},{"type":"Feature","properties":{"i":0.41},"geometry":{"type":"Point","coordinates":[73.98193,17.8742]}},{"type":"Feature","properties":{"i":0.08},"geometry":{"type":"Point","coordinates":[74.02588,17.8742]}},{"type":"Feature","properties":{"i":0.18},"geometry":{"type":"Point","coordinates":[74.15771,17.8742]}},{"type":"Feature","properties":{"i":0.04},"geometry":{"type":"Point","coordinates":[74.24561,17.8742]}},{"type":"Feature","properties":{"i":0.04},"geometry":{"type":"Point","coordinates":[74.28955,17.8742]}},{"type":"Feature","properties":{"i":0.23},"geometry":{"type":"Point","coordinates":[74.3335,17.8742]}},{"type":"Feature","properties":{"i":0.25},"geometry":{"type":"Point","coordinates":[74.37744,17.8742]}},{"type":"Feature","properties":{"i":0.12},"geometry":{"type":"Point","coordinates":[74.46533,17.8742]}},{"type":"Feature","properties":{"i":0.21},"geometry":{"type":"Point","coordinates":[74.50928,17.8742]}},{"type":"Feature","properties":{"i":0.19},"geometry":{"type":"Point","coordinates":[74.59717,17.8742]}},{"type":"Feature","properties":{"i":0.1},"geometry":{"type":"Point","coordinates":[74.64111,17.8742]}},{"type":"Feature","properties":{"i":0.03},"geometry":{"type":"Point","coordinates":[74.68506,17.8742]}},{"type":"Feature","properties":{"i":0.22},"geometry":{"type":"Point","coordinates":[74.729,17.8742]}},{"type":"Feature","properties":{"i":0.63},"geometry":{"type":"Point","coordinates":[74.77295,17.8742]}},{"type":"Feature","properties":{"i":0.56},"geometry":{"type":"Point","coordinates":[74.81689,17.8742]}},{"type":"Feature","properties":{"i":0.4},"geometry":{"type":"Point","coordinates":[74.86084,17.8742]}},{"type":"Feature","properties":{"i":0.38},"geometry":{"type":"Point","coordinates":[73.93799,17.83237]}},{"type":"Feature","properties":{"i":0.25},"geometry":{"type":"Point","coordinates":[73.98193,17.83237]}},{"type":"Feature","properties":{"i":0.11},"geometry":{"type":"Point","coordinates":[74.06982,17.83237]}},{"type":"Feature","properties":{"i":0.03},"geometry":{"type":"Point","coordinates":[74.11377,17.83237]}},{"type":"Feature","properties":{"i":0.11},"geometry":{"type":"Point","coordinates":[74.20166,17.83237]}},{"type":"Feature","properties":{"i":0.03},"geometry":{"type":"Point","coordinates":[74.24561,17.83237]}},{"type":"Feature","properties":{"i":0.28},"geometry":{"type":"Point","coordinates":[74.37744,17.83237]}},{"type":"Feature","properties":{"i":0.31},"geometry":{"type":"Point","coordinates":[74.46533,17.83237]}},{"type":"Feature","properties":{"i":0.41},"geometry":{"type":"Point","coordinates":[74.55322,17.83237]}},{"type":"Feature","properties":{"i":0.39},"geometry":{"type":"Point","coordinates":[74.64111,17.83237]}},{"type":"Feature","properties":{"i":0.74},"geometry":{"type":"Point","coordinates":[74.68506,17.83237]}},{"type":"Feature","properties":{"i":0.19},"geometry":{"type":"Point","coordinates":[74.729,17.83237]}},{"type":"Feature","properties":{"i":0.38},"geometry":{"type":"Point","coordinates":[74.77295,17.83237]}},{"type":"Feature","properties":{"i":0.19},"geometry":{"type":"Point","coordinates":[74.81689,17.83237]}},{"type":"Feature","properties":{"i":0.26},"geometry":{"type":"Point","coordinates":[74.86084,17.83237]}},{"type":"Feature","properties":{"i":0.34},"geometry":{"type":"Point","coordinates":[73.8501,17.79054]}},{"type":"Feature","properties":{"i":0.04},"geometry":{"type":"Point","coordinates":[73.93799,17.79054]}},{"type":"Feature","properties":{"i":0.53},"geometry":{"type":"Point","coordinates":[73.98193,17.79054]}},{"type":"Feature","properties":{"i":0.22},"geometry":{"type":"Point","coordinates":[74.02588,17.79054]}},{"type":"Feature","properties":{"i":0.28},"geometry":{"type":"Point","coordinates":[74.06982,17.79054]}},{"type":"Feature","properties":{"i":0.16},"geometry":{"type":"Point","coordinates":[74.11377,17.79054]}},{"type":"Feature","properties":{"i":0.08},"geometry":{"type":"Point","coordinates":[74.28955,17.79054]}},{"type":"Feature","properties":{"i":0.03},"geometry":{"type":"Point","coordinates":[74.37744,17.79054]}},{"type":"Feature","properties":{"i":0.22},"geometry":{"type":"Point","coordinates":[74.42139,17.79054]}},{"type":"Feature","properties":{"i":0.08},"geometry":{"type":"Point","coordinates":[74.46533,17.79054]}},{"type":"Feature","properties":{"i":0.25},"geometry":{"type":"Point","coordinates":[74.59717,17.79054]}},{"type":"Feature","properties":{"i":0.11},"geometry":{"type":"Point","coordinates":[74.64111,17.79054]}},{"type":"Feature","properties":{"i":0.48},"geometry":{"type":"Point","coordinates":[74.68506,17.79054]}},{"type":"Feature","properties":{"i":0.18},"geometry":{"type":"Point","coordinates":[74.729,17.79054]}},{"type":"Feature","properties":{"i":0.1},"geometry":{"type":"Point","coordinates":[74.81689,17.79054]}},{"type":"Feature","properties":{"i":0.42},"geometry":{"type":"Point","coordinates":[74.86084,17.79054]}},{"type":"Feature","properties":{"i":0.16},"geometry":{"type":"Point","coordinates":[73.14697,17.74869]}},{"type":"Feature","properties":{"i":0.14},"geometry":{"type":"Point","coordinates":[73.19092,17.74869]}},{"type":"Feature","properties":{"i":0.05},"geometry":{"type":"Point","coordinates":[73.32275,17.74869]}},{"type":"Feature","properties":{"i":0.15},"geometry":{"type":"Point","coordinates":[73.3667,17.74869]}},{"type":"Feature","properties":{"i":0.12},"geometry":{"type":"Point","coordinates":[73.41064,17.74869]}},{"type":"Feature","properties":{"i":0.08},"geometry":{"type":"Point","coordinates":[73.76221,17.74869]}},{"type":"Feature","properties":{"i":0.57},"geometry":{"type":"Point","coordinates":[73.98193,17.74869]}},{"type":"Feature","properties":{"i":0.19},"geometry":{"type":"Point","coordinates":[74.02588,17.74869]}},{"type":"Feature","properties":{"i":0.02},"geometry":{"type":"Point","coordinates":[74.06982,17.74869]}},{"type":"Feature","properties":{"i":0.39},"geometry":{"type":"Point","coordinates":[74.11377,17.74869]}},{"type":"Feature","properties":{"i":0.3},"geometry":{"type":"Point","coordinates":[74.46533,17.74869]}},{"type":"Feature","properties":{"i":0.53},"geometry":{"type":"Point","coordinates":[74.50928,17.74869]}},{"type":"Feature","properties":{"i":0.12},"geometry":{"type":"Point","coordinates":[74.55322,17.74869]}},{"type":"Feature","properties":{"i":0.33},"geometry":{"type":"Point","coordinates":[74.68506,17.74869]}},{"type":"Feature","properties":{"i":0.42},"geometry":{"type":"Point","coordinates":[74.729,17.74869]}},{"type":"Feature","properties":{"i":0.49},"geometry":{"type":"Point","coordinates":[73.41064,17.70683]}},{"type":"Feature","properties":{"i":0.27},"geometry":{"type":"Point","coordinates":[73.45459,17.70683]}},{"type":"Feature","properties":{"i":0.14},"geometry":{"type":"Point","coordinates":[73.93799,17.70683]}},{"type":"Feature","properties":{"i":0.83},"geometry":{"type":"Point","coordinates":[73.98193,17.70683]}},{"type":"Feature","properties":{"i":0.92},"geometry":{"type":"Point","coordinates":[74.02588,17.70683]}},{"type":"Feature","properties":{"i":0.26},"geometry":{"type":"Point","coordinates":[74.06982,17.70683]}},{"type":"Feature","properties":{"i":0.11},"geometry":{"type":"Point","coordinates":[74.11377,17.70683]}},{"type":"Feature","properties":{"i":0.58},"geometry":{"type":"Point","coordinates":[74.15771,17.70683]}},{"type":"Feature","properties":{"i":0.3},"geometry":{"type":"Point","coordinates":[74.20166,17.70683]}},{"type":"Feature","properties":{"i":0.08},"geometry":{"type":"Point","coordinates":[74.24561,17.70683]}},{"type":"Feature","properties":{"i":0.03},"geometry":{"type":"Point","coordinates":[74.28955,17.70683]}},{"type":"Feature","properties":{"i":0.27},"geometry":{"type":"Point","coordinates":[74.3335,17.70683]}},{"type":"Feature","properties":{"i":0.07},"geometry":{"type":"Point","coordinates":[74.42139,17.70683]}},{"type":"Feature","properties":{"i":0.22},"geometry":{"type":"Point","coordinates":[74.50928,17.70683]}},{"type":"Feature","properties":{"i":0.33},"geometry":{"type":"Point","coordinates":[74.55322,17.70683]}},{"type":"Feature","properties":{"i":0.27},"geometry":{"type":"Point","coordinates":[74.59717,17.70683]}},{"type":"Feature","properties":{"i":0.24},"geometry":{"type":"Point","coordinates":[74.64111,17.70683]}},{"type":"Feature","properties":{"i":0.27},"geometry":{"type":"Point","coordinates":[74.68506,17.70683]}},{"type":"Feature","properties":{"i":0.08},"geometry":{"type":"Point","coordinates":[74.81689,17.70683]}},{"type":"Feature","properties":{"i":0.03},"geometry":{"type":"Point","coordinates":[74.86084,17.70683]}},{"type":"Feature","properties":{"i":0.08},"geometry":{"type":"Point","coordinates":[73.41064,17.66496]}},{"type":"Feature","properties":{"i":0.23},"geometry":{"type":"Point","coordinates":[73.45459,17.66496]}},{"type":"Feature","properties":{"i":0.08},"geometry":{"type":"Point","coordinates":[73.93799,17.66496]}},{"type":"Feature","properties":{"i":0.95},"geometry":{"type":"Point","coordinates":[73.98193,17.66496]}},{"type":"Feature","properties":{"i":0.94},"geometry":{"type":"Point","coordinates":[74.02588,17.66496]}},{"type":"Feature","properties":{"i":0.83},"geometry":{"type":"Point","coordinates":[74.06982,17.66496]}},{"type":"Feature","properties":{"i":0.32},"geometry":{"type":"Point","coordinates":[74.11377,17.66496]}},{"type":"Feature","properties":{"i":0.09},"geometry":{"type":"Point","coordinates":[74.37744,17.66496]}},{"type":"Feature","properties":{"i":0.28},"geometry":{"type":"Point","coordinates":[74.50928,17.66496]}},{"type":"Feature","properties":{"i":0.28},"geometry":{"type":"Point","coordinates":[74.55322,17.66496]}},{"type":"Feature","properties":{"i":0.64},"geometry":{"type":"Point","coordinates":[74.59717,17.66496]}},{"type":"Feature","properties":{"i":0.03},"geometry":{"type":"Point","coordinates":[74.64111,17.66496]}},{"type":"Feature","properties":{"i":0.48},"geometry":{"type":"Point","coordinates":[74.68506,17.66496]}},{"type":"Feature","properties":{"i":0.23},"geometry":{"type":"Point","coordinates":[74.729,17.66496]}},{"type":"Feature","properties":{"i":0.25},"geometry":{"type":"Point","coordinates":[74.77295,17.66496]}},{"type":"Feature","properties":{"i":0.15},"geometry":{"type":"Point","coordinates":[74.81689,17.66496]}},{"type":"Feature","properties":{"i":0.08},"geometry":{"type":"Point","coordinates":[74.86084,17.66496]}},{"type":"Feature","properties":{"i":0.55},"geometry":{"type":"Point","coordinates":[73.45459,17.62308]}},{"type":"Feature","properties":{"i":0.71},"geometry":{"type":"Point","coordinates":[73.49854,17.62308]}},{"type":"Feature","properties":{"i":0.22},"geometry":{"type":"Point","coordinates":[74.02588,17.62308]}},{"type":"Feature","properties":{"i":0.19},"geometry":{"type":"Point","coordinates":[74.06982,17.62308]}},{"type":"Feature","properties":{"i":0.08},"geometry":{"type":"Point","coordinates":[74.11377,17.62308]}},{"type":"Feature","properties":{"i":0.07},"geometry":{"type":"Point","coordinates":[74.37744,17.62308]}},{"type":"Feature","properties":{"i":0.27},"geometry":{"type":"Point","coordinates":[74.46533,17.62308]}},{"type":"Feature","properties":{"i":0.28},"geometry":{"type":"Point","coordinates":[74.50928,17.62308]}},{"type":"Feature","properties":{"i":0.17},"geometry":{"type":"Point","coordinates":[74.55322,17.62308]}},{"type":"Feature","properties":{"i":0.1},"geometry":{"type":"Point","coordinates":[74.68506,17.62308]}},{"type":"Feature","properties":{"i":0.32},"geometry":{"type":"Point","coordinates":[74.729,17.62308]}},{"type":"Feature","properties":{"i":0.79},"geometry":{"type":"Point","coordinates":[74.77295,17.62308]}},{"type":"Feature","properties":{"i":0.66},"geometry":{"type":"Point","coordinates":[74.81689,17.62308]}},{"type":"Feature","properties":{"i":0.13},"geometry":{"type":"Point","coordinates":[74.86084,17.62308]}},{"type":"Feature","properties":{"i":0.09},"geometry":{"type":"Point","coordinates":[73.19092,17.58119]}},{"type":"Feature","properties":{"i":0.19},"geometry":{"type":"Point","coordinates":[73.45459,17.58119]}},{"type":"Feature","properties":{"i":0.63},"geometry":{"type":"Point","coordinates":[73.49854,17.58119]}},{"type":"Feature","properties":{"i":0.07},"geometry":{"type":"Point","coordinates":[73.54248,17.58119]}},{"type":"Feature","properties":{"i":0.28},"geometry":{"type":"Point","coordinates":[74.02588,17.58119]}},{"type":"Feature","properties":{"i":0.3},"geometry":{"type":"Point","coordinates":[74.06982,17.58119]}},{"type":"Feature","properties":{"i":0.33},"geometry":{"type":"Point","coordinates":[74.15771,17.58119]}},{"type":"Feature","properties":{"i":0.5},"geometry":{"type":"Point","coordinates":[74.20166,17.58119]}},{"type":"Feature","properties":{"i":0.03},"geometry":{"type":"Point","coordinates":[74.24561,17.58119]}},{"type":"Feature","properties":{"i":0.03},"geometry":{"type":"Point","coordinates":[74.3335,17.58119]}},{"type":"Feature","properties":{"i":0.26},"geometry":{"type":"Point","coordinates":[74.42139,17.58119]}},{"type":"Feature","properties":{"i":0.57},"geometry":{"type":"Point","coordinates":[74.46533,17.58119]}},{"type":"Feature","properties":{"i":0.51},"geometry":{"type":"Point","coordinates":[74.50928,17.58119]}},{"type":"Feature","properties":{"i":0.11},"geometry":{"type":"Point","coordinates":[74.55322,17.58119]}},{"type":"Feature","properties":{"i":0.17},"geometry":{"type":"Point","coordinates":[74.64111,17.58119]}},{"type":"Feature","properties":{"i":0.19},"geometry":{"type":"Point","coordinates":[74.68506,17.58119]}},{"type":"Feature","properties":{"i":0.09},"geometry":{"type":"Point","coordinates":[74.729,17.58119]}},{"type":"Feature","properties":{"i":0.35},"geometry":{"type":"Point","coordinates":[74.77295,17.58119]}},{"type":"Feature","properties":{"i":0.25},"geometry":{"type":"Point","coordinates":[74.81689,17.58119]}},{"type":"Feature","properties":{"i":0.09},"geometry":{"type":"Point","coordinates":[74.86084,17.58119]}},{"type":"Feature","properties":{"i":0.68},"geometry":{"type":"Point","coordinates":[73.14697,17.5393]}},{"type":"Feature","properties":{"i":0.61},"geometry":{"type":"Point","coordinates":[73.19092,17.5393]}},{"type":"Feature","properties":{"i":0.48},"geometry":{"type":"Point","coordinates":[73.49854,17.5393]}},{"type":"Feature","properties":{"i":0.57},"geometry":{"type":"Point","coordinates":[73.54248,17.5393]}},{"type":"Feature","properties":{"i":0.26},"geometry":{"type":"Point","coordinates":[73.89404,17.5393]}},{"type":"Feature","properties":{"i":0.56},"geometry":{"type":"Point","coordinates":[74.06982,17.5393]}},{"type":"Feature","properties":{"i":0.16},"geometry":{"type":"Point","coordinates":[74.15771,17.5393]}},{"type":"Feature","properties":{"i":0.12},"geometry":{"type":"Point","coordinates":[74.20166,17.5393]}},{"type":"Feature","properties":{"i":0.35},"geometry":{"type":"Point","coordinates":[74.24561,17.5393]}},{"type":"Feature","properties":{"i":0.15},"geometry":{"type":"Point","coordinates":[74.3335,17.5393]}},{"type":"Feature","properties":{"i":0.33},"geometry":{"type":"Point","coordinates":[74.42139,17.5393]}},{"type":"Feature","properties":{"i":0.23},"geometry":{"type":"Point","coordinates":[74.46533,17.5393]}},{"type":"Feature","properties":{"i":0.21},"geometry":{"type":"Point","coordinates":[74.50928,17.5393]}},{"type":"Feature","properties":{"i":0.19},"geometry":{"type":"Point","coordinates":[74.59717,17.5393]}},{"type":"Feature","properties":{"i":0.08},"geometry":{"type":"Point","coordinates":[74.77295,17.5393]}},{"type":"Feature","properties":{"i":0.42},"geometry":{"type":"Point","coordinates":[73.49854,17.49739]}},{"type":"Feature","properties":{"i":0.31},"geometry":{"type":"Point","coordinates":[73.54248,17.49739]}},{"type":"Feature","properties":{"i":0.31},"geometry":{"type":"Point","coordinates":[73.58643,17.49739]}},{"type":"Feature","properties":{"i":0.27},"geometry":{"type":"Point","coordinates":[73.63037,17.49739]}},{"type":"Feature","properties":{"i":0.4},"geometry":{"type":"Point","coordinates":[74.02588,17.49739]}},{"type":"Feature","properties":{"i":0.3},"geometry":{"type":"Point","coordinates":[74.06982,17.49739]}},{"type":"Feature","properties":{"i":0.11},"geometry":{"type":"Point","coordinates":[74.15771,17.49739]}},{"type":"Feature","properties":{"i":0.11},"geometry":{"type":"Point","coordinates":[74.46533,17.49739]}},{"type":"Feature","properties":{"i":0.35},"geometry":{"type":"Point","coordinates":[74.50928,17.49739]}},{"type":"Feature","properties":{"i":0.35},"geometry":{"type":"Point","coordinates":[74.55322,17.49739]}},{"type":"Feature","properties":{"i":0.36},"geometry":{"type":"Point","coordinates":[74.59717,17.49739]}},{"type":"Feature","properties":{"i":0.35},"geometry":{"type":"Point","coordinates":[74.77295,17.49739]}},{"type":"Feature","properties":{"i":0.53},"geometry":{"type":"Point","coordinates":[74.81689,17.49739]}},{"type":"Feature","properties":{"i":0.13},"geometry":{"type":"Point","coordinates":[73.54248,17.45547]}},{"type":"Feature","properties":{"i":0.08},"geometry":{"type":"Point","coordinates":[73.63037,17.45547]}},{"type":"Feature","properties":{"i":0.4},"geometry":{"type":"Point","coordinates":[74.02588,17.45547]}},{"type":"Feature","properties":{"i":0.37},"geometry":{"type":"Point","coordinates":[74.11377,17.45547]}},{"type":"Feature","properties":{"i":0.44},"geometry":{"type":"Point","coordinates":[74.3335,17.45547]}},{"type":"Feature","properties":{"i":0.11},"geometry":{"type":"Point","coordinates":[74.46533,17.45547]}},{"type":"Feature","properties":{"i":0.15},"geometry":{"type":"Point","coordinates":[74.55322,17.45547]}},{"type":"Feature","properties":{"i":0.1},"geometry":{"type":"Point","coordinates":[74.59717,17.45547]}},{"type":"Feature","properties":{"i":0.13},"geometry":{"type":"Point","coordinates":[74.64111,17.45547]}},{"type":"Feature","properties":{"i":0.22},"geometry":{"type":"Point","coordinates":[74.77295,17.45547]}},{"type":"Feature","properties":{"i":0.25},"geometry":{"type":"Point","coordinates":[74.86084,17.45547]}},{"type":"Feature","properties":{"i":0.56},"geometry":{"type":"Point","coordinates":[73.54248,17.41355]}},{"type":"Feature","properties":{"i":0.3},"geometry":{"type":"Point","coordinates":[74.11377,17.41355]}},{"type":"Feature","properties":{"i":0.22},"geometry":{"type":"Point","coordinates":[74.15771,17.41355]}},{"type":"Feature","properties":{"i":0.55},"geometry":{"type":"Point","coordinates":[74.28955,17.41355]}},{"type":"Feature","properties":{"i":0.07},"geometry":{"type":"Point","coordinates":[74.3335,17.41355]}},{"type":"Feature","properties":{"i":0.13},"geometry":{"type":"Point","coordinates":[74.37744,17.41355]}},{"type":"Feature","properties":{"i":0.22},"geometry":{"type":"Point","coordinates":[74.42139,17.41355]}},{"type":"Feature","properties":{"i":0.24},"geometry":{"type":"Point","coordinates":[74.46533,17.41355]}},{"type":"Feature","properties":{"i":0.38},"geometry":{"type":"Point","coordinates":[74.55322,17.41355]}},{"type":"Feature","properties":{"i":0.1},"geometry":{"type":"Point","coordinates":[74.59717,17.41355]}},{"type":"Feature","properties":{"i":0.29},"geometry":{"type":"Point","coordinates":[74.64111,17.41355]}},{"type":"Feature","properties":{"i":0.22},"geometry":{"type":"Point","coordinates":[74.729,17.41355]}},{"type":"Feature","properties":{"i":0.11},"geometry":{"type":"Point","coordinates":[74.77295,17.41355]}},{"type":"Feature","properties":{"i":0.21},"geometry":{"type":"Point","coordinates":[74.81689,17.41355]}},{"type":"Feature","properties":{"i":0.17},"geometry":{"type":"Point","coordinates":[74.86084,17.41355]}},{"type":"Feature","properties":{"i":0.25},"geometry":{"type":"Point","coordinates":[73.54248,17.37161]}},{"type":"Feature","properties":{"i":0.18},"geometry":{"type":"Point","coordinates":[73.89404,17.37161]}},{"type":"Feature","properties":{"i":0.13},"geometry":{"type":"Point","coordinates":[74.06982,17.37161]}},{"type":"Feature","properties":{"i":0.69},"geometry":{"type":"Point","coordinates":[74.11377,17.37161]}},{"type":"Feature","properties":{"i":0.25},"geometry":{"type":"Point","coordinates":[74.15771,17.37161]}},{"type":"Feature","properties":{"i":0.19},"geometry":{"type":"Point","coordinates":[74.20166,17.37161]}},{"type":"Feature","properties":{"i":0.21},"geometry":{"type":"Point","coordinates":[74.28955,17.37161]}},{"type":"Feature","properties":{"i":0.27},"geometry":{"type":"Point","coordinates":[74.50928,17.37161]}},{"type":"Feature","properties":{"i":0.45},"geometry":{"type":"Point","coordinates":[74.55322,17.37161]}},{"type":"Feature","properties":{"i":0.08},"geometry":{"type":"Point","coordinates":[74.59717,17.37161]}},{"type":"Feature","properties":{"i":0.28},"geometry":{"type":"Point","coordinates":[74.729,17.37161]}},{"type":"Feature","properties":{"i":0.37},"geometry":{"type":"Point","coordinates":[74.77295,17.37161]}},{"type":"Feature","properties":{"i":0.03},"geometry":{"type":"Point","coordinates":[74.81689,17.37161]}},{"type":"Feature","properties":{"i":0.02},"geometry":{"type":"Point","coordinates":[73.23486,17.32966]}},{"type":"Feature","properties":{"i":0.4},"geometry":{"type":"Point","coordinates":[73.54248,17.32966]}},{"type":"Feature","properties":{"i":0.16},"geometry":{"type":"Point","coordinates":[73.8501,17.32966]}},{"type":"Feature","properties":{"i":0.15},"geometry":{"type":"Point","coordinates":[73.89404,17.32966]}},{"type":"Feature","properties":{"i":0.03},"geometry":{"type":"Point","coordinates":[73.98193,17.32966]}},{"type":"Feature","properties":{"i":0.14},"geometry":{"type":"Point","coordinates":[74.02588,17.32966]}},{"type":"Feature","properties":{"i":0.15},"geometry":{"type":"Point","coordinates":[74.11377,17.32966]}},{"type":"Feature","properties":{"i":0.22},"geometry":{"type":"Point","coordinates":[74.15771,17.32966]}},{"type":"Feature","properties":{"i":0.74},"geometry":{"type":"Point","coordinates":[74.20166,17.32966]}},{"type":"Feature","properties":{"i":0.4},"geometry":{"type":"Point","coordinates":[74.24561,17.32966]}},{"type":"Feature","properties":{"i":0.03},"geometry":{"type":"Point","coordinates":[74.37744,17.32966]}},{"type":"Feature","properties":{"i":0.35},"geometry":{"type":"Point","coordinates":[74.46533,17.32966]}},{"type":"Feature","properties":{"i":0.16},"geometry":{"type":"Point","coordinates":[74.50928,17.32966]}},{"type":"Feature","properties":{"i":0.17},"geometry":{"type":"Point","coordinates":[74.55322,17.32966]}},{"type":"Feature","properties":{"i":0.05},"geometry":{"type":"Point","coordinates":[74.59717,17.32966]}},{"type":"Feature","properties":{"i":0.38},"geometry":{"type":"Point","coordinates":[74.64111,17.32966]}},{"type":"Feature","properties":{"i":0.12},"geometry":{"type":"Point","coordinates":[74.68506,17.32966]}},{"type":"Feature","properties":{"i":0.14},"geometry":{"type":"Point","coordinates":[74.729,17.32966]}},{"type":"Feature","properties":{"i":0.47},"geometry":{"type":"Point","coordinates":[74.77295,17.32966]}},{"type":"Feature","properties":{"i":0.12},"geometry":{"type":"Point","coordinates":[74.81689,17.32966]}},{"type":"Feature","properties":{"i":0.45},"geometry":{"type":"Point","coordinates":[74.86084,17.32966]}},{"type":"Feature","properties":{"i":0.87},"geometry":{"type":"Point","coordinates":[73.19092,17.28771]}},{"type":"Feature","properties":{"i":0.84},"geometry":{"type":"Point","coordinates":[73.23486,17.28771]}},{"type":"Feature","properties":{"i":0.21},"geometry":{"type":"Point","coordinates":[73.27881,17.28771]}},{"type":"Feature","properties":{"i":0.16},"geometry":{"type":"Point","coordinates":[74.11377,17.28771]}},{"type":"Feature","properties":{"i":0.48},"geometry":{"type":"Point","coordinates":[74.15771,17.28771]}},{"type":"Feature","properties":{"i":0.72},"geometry":{"type":"Point","coordinates":[74.20166,17.28771]}},{"type":"Feature","properties":{"i":0.38},"geometry":{"type":"Point","coordinates":[74.24561,17.28771]}},{"type":"Feature","properties":{"i":0.26},"geometry":{"type":"Point","coordinates":[74.28955,17.28771]}},{"type":"Feature","properties":{"i":0.51},"geometry":{"type":"Point","coordinates":[74.3335,17.28771]}},{"type":"Feature","properties":{"i":0.04},"geometry":{"type":"Point","coordinates":[74.42139,17.28771]}},{"type":"Feature","properties":{"i":0.09},"geometry":{"type":"Point","coordinates":[74.46533,17.28771]}},{"type":"Feature","properties":{"i":0.35},"geometry":{"type":"Point","coordinates":[74.50928,17.28771]}},{"type":"Feature","properties":{"i":0.33},"geometry":{"type":"Point","coordinates":[74.55322,17.28771]}},{"type":"Feature","properties":{"i":0.08},"geometry":{"type":"Point","coordinates":[74.68506,17.28771]}},{"type":"Feature","properties":{"i":0.05},"geometry":{"type":"Point","coordinates":[74.729,17.28771]}},{"type":"Feature","properties":{"i":0.25},"geometry":{"type":"Point","coordinates":[74.77295,17.28771]}},{"type":"Feature","properties":{"i":0.09},"geometry":{"type":"Point","coordinates":[74.86084,17.28771]}},{"type":"Feature","properties":{"i":0.27},"geometry":{"type":"Point","coordinates":[73.23486,17.24574]}},{"type":"Feature","properties":{"i":0.04},"geometry":{"type":"Point","coordinates":[73.27881,17.24574]}},{"type":"Feature","properties":{"i":0.02},"geometry":{"type":"Point","coordinates":[73.98193,17.24574]}},{"type":"Feature","properties":{"i":0.09},"geometry":{"type":"Point","coordinates":[74.11377,17.24574]}},{"type":"Feature","properties":{"i":0.59},"geometry":{"type":"Point","coordinates":[74.15771,17.24574]}},{"type":"Feature","properties":{"i":0.42},"geometry":{"type":"Point","coordinates":[74.20166,17.24574]}},{"type":"Feature","properties":{"i":0.17},"geometry":{"type":"Point","coordinates":[74.37744,17.24574]}},{"type":"Feature","properties":{"i":0.21},"geometry":{"type":"Point","coordinates":[74.42139,17.24574]}},{"type":"Feature","properties":{"i":0.28},"geometry":{"type":"Point","coordinates":[74.50928,17.24574]}},{"type":"Feature","properties":{"i":0.33},"geometry":{"type":"Point","coordinates":[74.55322,17.24574]}},{"type":"Feature","properties":{"i":0.08},"geometry":{"type":"Point","coordinates":[74.64111,17.24574]}},{"type":"Feature","properties":{"i":0.09},"geometry":{"type":"Point","coordinates":[74.68506,17.24574]}},{"type":"Feature","properties":{"i":0.16},"geometry":{"type":"Point","coordinates":[74.729,17.24574]}},{"type":"Feature","properties":{"i":0.25},"geometry":{"type":"Point","coordinates":[74.77295,17.24574]}},{"type":"Feature","properties":{"i":0.11},"geometry":{"type":"Point","coordinates":[74.15771,17.20377]}},{"type":"Feature","properties":{"i":0.19},"geometry":{"type":"Point","coordinates":[74.20166,17.20377]}},{"type":"Feature","properties":{"i":0.25},"geometry":{"type":"Point","coordinates":[74.24561,17.20377]}},{"type":"Feature","properties":{"i":0.18},"geometry":{"type":"Point","coordinates":[74.28955,17.20377]}},{"type":"Feature","properties":{"i":0.26},"geometry":{"type":"Point","coordinates":[74.3335,17.20377]}},{"type":"Feature","properties":{"i":0.23},"geometry":{"type":"Point","coordinates":[74.37744,17.20377]}},{"type":"Feature","properties":{"i":0.39},"geometry":{"type":"Point","coordinates":[74.42139,17.20377]}},{"type":"Feature","properties":{"i":0.28},"geometry":{"type":"Point","coordinates":[74.46533,17.20377]}},{"type":"Feature","properties":{"i":0.37},"geometry":{"type":"Point","coordinates":[74.50928,17.20377]}},{"type":"Feature","properties":{"i":0.43},"geometry":{"type":"Point","coordinates":[74.59717,17.20377]}},{"type":"Feature","properties":{"i":0.07},"geometry":{"type":"Point","coordinates":[74.64111,17.20377]}},{"type":"Feature","properties":{"i":0.1},"geometry":{"type":"Point","coordinates":[73.27881,17.16179]}},{"type":"Feature","properties":{"i":0.09},"geometry":{"type":"Point","coordinates":[73.54248,17.16179]}},{"type":"Feature","properties":{"i":0.04},"geometry":{"type":"Point","coordinates":[74.11377,17.16179]}},{"type":"Feature","properties":{"i":0.32},"geometry":{"type":"Point","coordinates":[74.20166,17.16179]}},{"type":"Feature","properties":{"i":0.36},"geometry":{"type":"Point","coordinates":[74.24561,17.16179]}},{"type":"Feature","properties":{"i":0.02},"geometry":{"type":"Point","coordinates":[74.28955,17.16179]}},{"type":"Feature","properties":{"i":0.23},"geometry":{"type":"Point","coordinates":[74.37744,17.16179]}},{"type":"Feature","properties":{"i":0.12},"geometry":{"type":"Point","coordinates":[74.42139,17.16179]}},{"type":"Feature","properties":{"i":0.21},"geometry":{"type":"Point","coordinates":[74.46533,17.16179]}},{"type":"Feature","properties":{"i":0.1},"geometry":{"type":"Point","coordinates":[74.55322,17.16179]}},{"type":"Feature","properties":{"i":0.02},"geometry":{"type":"Point","coordinates":[74.64111,17.16179]}},{"type":"Feature","properties":{"i":0.12},"geometry":{"type":"Point","coordinates":[74.68506,17.16179]}},{"type":"Feature","properties":{"i":0.02},"geometry":{"type":"Point","coordinates":[74.77295,17.16179]}},{"type":"Feature","properties":{"i":0.15},"geometry":{"type":"Point","coordinates":[74.86084,17.16179]}},{"type":"Feature","properties":{"i":0.12},"geometry":{"type":"Point","coordinates":[73.27881,17.11979]}},{"type":"Feature","properties":{"i":0.02},"geometry":{"type":"Point","coordinates":[74.06982,17.11979]}},{"type":"Feature","properties":{"i":0.04},"geometry":{"type":"Point","coordinates":[74.20166,17.11979]}},{"type":"Feature","properties":{"i":0.03},"geometry":{"type":"Point","coordinates":[74.24561,17.11979]}},{"type":"Feature","properties":{"i":0.05},"geometry":{"type":"Point","coordinates":[74.28955,17.11979]}},{"type":"Feature","properties":{"i":0.11},"geometry":{"type":"Point","coordinates":[74.37744,17.11979]}},{"type":"Feature","properties":{"i":0.5},"geometry":{"type":"Point","coordinates":[74.42139,17.11979]}},{"type":"Feature","properties":{"i":0.1},"geometry":{"type":"Point","coordinates":[74.46533,17.11979]}},{"type":"Feature","properties":{"i":0.22},"geometry":{"type":"Point","coordinates":[74.50928,17.11979]}},{"type":"Feature","properties":{"i":0.16},"geometry":{"type":"Point","coordinates":[74.55322,17.11979]}},{"type":"Feature","properties":{"i":0.33},"geometry":{"type":"Point","coordinates":[74.68506,17.11979]}},{"type":"Feature","properties":{"i":0.13},"geometry":{"type":"Point","coordinates":[74.729,17.11979]}},{"type":"Feature","properties":{"i":0.22},"geometry":{"type":"Point","coordinates":[74.77295,17.11979]}},{"type":"Feature","properties":{"i":0.05},"geometry":{"type":"Point","coordinates":[73.93799,17.07779]}},{"type":"Feature","properties":{"i":0.02},"geometry":{"type":"Point","coordinates":[74.15771,17.07779]}},{"type":"Feature","properties":{"i":0.05},"geometry":{"type":"Point","coordinates":[74.20166,17.07779]}},{"type":"Feature","properties":{"i":0.25},"geometry":{"type":"Point","coordinates":[74.24561,17.07779]}},{"type":"Feature","properties":{"i":0.51},"geometry":{"type":"Point","coordinates":[74.28955,17.07779]}},{"type":"Feature","properties":{"i":0.17},"geometry":{"type":"Point","coordinates":[74.3335,17.07779]}},{"type":"Feature","properties":{"i":0.61},"geometry":{"type":"Point","coordinates":[74.42139,17.07779]}},{"type":"Feature","properties":{"i":0.38},"geometry":{"type":"Point","coordinates":[74.46533,17.07779]}},{"type":"Feature","properties":{"i":0.22},"geometry":{"type":"Point","coordinates":[74.55322,17.07779]}},{"type":"Feature","properties":{"i":0.18},"geometry":{"type":"Point","coordinates":[74.64111,17.07779]}},{"type":"Feature","properties":{"i":0.22},"geometry":{"type":"Point","coordinates":[74.77295,17.07779]}},{"type":"Feature","properties":{"i":0.04},"geometry":{"type":"Point","coordinates":[74.86084,17.07779]}}]}